Name;Short name;Units;ID;Format;Access method
Stream function;strf;m2 s-1;1;"GRIB2 GRIB1";Dissemination
Velocity potential;vp;m2 s-1;2;"GRIB2 GRIB1";Dissemination
Potential temperature;pt;K;3;"GRIB2 GRIB1";Dissemination
Equivalent potential temperature;eqpt;K;4;"GRIB2 GRIB1";
Saturated equivalent potential temperature;sept;K;5;"GRIB2 GRIB1";
Soil sand fraction;ssfr;(0 - 1);6;"GRIB2 GRIB1";
Soil clay fraction;scfr;(0 - 1);7;"GRIB2 GRIB1";
Surface runoff;sro;m;8;"GRIB2 GRIB1";Dissemination
Sub-surface runoff;ssro;m;9;"GRIB2 GRIB1";Dissemination
Wind speed;ws;m s-1;10;"GRIB2 GRIB1";Dissemination
U component of divergent wind;udvw;m s-1;11;"GRIB2 GRIB1";
V component of divergent wind;vdvw;m s-1;12;"GRIB2 GRIB1";
U component of rotational wind;urtw;m s-1;13;"GRIB2 GRIB1";
V component of rotational wind;vrtw;m s-1;14;"GRIB2 GRIB1";
UV visible albedo for direct radiation (climatological);aluvp;(0 - 1);15;"GRIB2 GRIB1";Dissemination
UV visible albedo for diffuse radiation (climatological);aluvd;(0 - 1);16;"GRIB2 GRIB1";Dissemination
Near IR albedo for direct radiation (climatological);alnip;(0 - 1);17;"GRIB2 GRIB1";Dissemination
Near IR albedo for diffuse radiation (climatological);alnid;(0 - 1);18;"GRIB2 GRIB1";Dissemination
Clear sky surface UV;uvcs;J m-2;19;"GRIB2 GRIB1";
Surface photosynthetically active radiation, clear sky;parcs;J m-2;20;"GRIB2 GRIB1";Dissemination
Unbalanced component of temperature;uctp;K;21;"GRIB2 GRIB1";
Unbalanced component of logarithm of surface pressure;ucln;~;22;"GRIB2 GRIB1";
Unbalanced component of divergence;ucdv;s-1;23;"GRIB2 GRIB1";
Reserved for future unbalanced components;~;~;24;"GRIB2 GRIB1";
Reserved for future unbalanced components;~;~;25;"GRIB2 GRIB1";
Lake cover;cl;(0 - 1);26;"GRIB2 GRIB1";Dissemination
Low vegetation cover;cvl;(0 - 1);27;"GRIB2 GRIB1";Dissemination
High vegetation cover;cvh;(0 - 1);28;"GRIB2 GRIB1";Dissemination
Type of low vegetation;tvl;(Code table 4.234);29;"GRIB2 GRIB1";Dissemination
Type of high vegetation;tvh;(Code table 4.234);30;"GRIB2 GRIB1";Dissemination
Sea ice area fraction;ci;(0 - 1);31;"GRIB2 GRIB1 NetCDF";Dissemination
Snow albedo;asn;(0 - 1);32;"GRIB2 GRIB1";Dissemination
Snow density;rsn;kg m-3;33;"GRIB2 GRIB1";Dissemination
Sea surface temperature;sst;K;34;"GRIB2 GRIB1";Dissemination
Ice temperature layer 1;istl1;K;35;"GRIB2 GRIB1";Dissemination
Ice temperature layer 2;istl2;K;36;"GRIB2 GRIB1";Dissemination
Ice temperature layer 3;istl3;K;37;"GRIB2 GRIB1";Dissemination
Ice temperature layer 4;istl4;K;38;"GRIB2 GRIB1";Dissemination
Volumetric soil water layer 1;swvl1;m3 m-3;39;"GRIB2 GRIB1";Dissemination
Volumetric soil water layer 2;swvl2;m3 m-3;40;"GRIB2 GRIB1";Dissemination
Volumetric soil water layer 3;swvl3;m3 m-3;41;"GRIB2 GRIB1";Dissemination
Volumetric soil water layer 4;swvl4;m3 m-3;42;"GRIB2 GRIB1";Dissemination
Soil type;slt;(Code table 4.213);43;"GRIB2 GRIB1";Dissemination
Snow evaporation;es;m of water equivalent;44;"GRIB2 GRIB1";Dissemination
Snowmelt;smlt;m of water equivalent;45;"GRIB2 GRIB1";Dissemination
Solar duration;sdur;s;46;"GRIB2 GRIB1";
Surface direct normal short-wave (solar) radiation;dsrp;J m-2;47;"GRIB2 GRIB1";Dissemination
Time-integrated magnitude of turbulent surface stress;magss;N m-2 s;48;"GRIB2 GRIB1";
Maximum 10 metre wind gust since previous post-processing;10fg;m s-1;49;"GRIB2 GRIB1";Dissemination
Large-scale precipitation fraction;lspf;s;50;"GRIB2 GRIB1";Dissemination
Maximum temperature at 2 metres in the last 24 hours;mx2t24;K;51;"GRIB2 GRIB1";Dissemination
Minimum temperature at 2 metres in the last 24 hours;mn2t24;K;52;"GRIB2 GRIB1";Dissemination
Montgomery potential;mont;m2 s-2;53;"GRIB2 GRIB1";
Pressure;pres;Pa;54;"GRIB2 GRIB1";Dissemination
Mean temperature at 2 metres in the last 24 hours;mean2t24;K;55;"GRIB2 GRIB1";Dissemination
Mean 2 metre dewpoint temperature in the last 24 hours;mn2d24;K;56;"GRIB2 GRIB1";
Surface downward UV radiation;uvb;J m-2;57;"GRIB2 GRIB1";Dissemination
Photosynthetically active radiation at the surface;par;J m-2;58;"GRIB2 GRIB1";Dissemination
Convective available potential energy;cape;J kg-1;59;"GRIB2 GRIB1";Dissemination
Potential vorticity;pv;K m2 kg-1 s-1;60;"GRIB2 GRIB1";Dissemination
Observation count;obct;~;62;"GRIB2 GRIB1";
Start time for skin temperature difference;stsktd;s;63;"GRIB2 GRIB1";
Finish time for skin temperature difference;ftsktd;s;64;"GRIB2 GRIB1";
Skin temperature difference;sktd;K;65;"GRIB2 GRIB1";
Leaf area index, low vegetation;lai_lv;m2 m-2;66;"GRIB2 GRIB1";Dissemination
Leaf area index, high vegetation;lai_hv;m2 m-2;67;"GRIB2 GRIB1";Dissemination
Biome cover, low vegetation;bc_lv;(0 - 1);70;"GRIB2 GRIB1";
Biome cover, high vegetation;bc_hv;(0 - 1);71;"GRIB2 GRIB1";
Standard deviation of filtered subgrid orography (climatological);sdfor;m;74;"GRIB2 GRIB1";Dissemination
Specific rain water content;crwc;kg kg-1;75;"GRIB2 GRIB1";Dissemination
Specific snow water content;cswc;kg kg-1;76;"GRIB2 GRIB1";Dissemination
Eta-coordinate vertical velocity;etadot;s-1;77;"GRIB2 GRIB1";Dissemination
Total column cloud liquid water;tclw;kg m-2;78;"GRIB2 GRIB1";Dissemination
Total column cloud ice water;tciw;kg m-2;79;"GRIB2 GRIB1";Dissemination
Experimental product;~;~;80;"GRIB2 GRIB1";
Experimental product;~;~;81;"GRIB2 GRIB1";
Experimental product;~;~;82;"GRIB2 GRIB1";
Experimental product;~;~;83;"GRIB2 GRIB1";
Experimental product;~;~;84;"GRIB2 GRIB1";
Experimental product;~;~;85;"GRIB2 GRIB1";
Experimental product;~;~;86;"GRIB2 GRIB1";
Experimental product;~;~;87;"GRIB2 GRIB1";
Experimental product;~;~;88;"GRIB2 GRIB1";
Experimental product;~;~;89;"GRIB2 GRIB1";
Experimental product;~;~;90;"GRIB2 GRIB1";
Experimental product;~;~;91;"GRIB2 GRIB1";
Experimental product;~;~;92;"GRIB2 GRIB1";
Experimental product;~;~;93;"GRIB2 GRIB1";
Experimental product;~;~;94;"GRIB2 GRIB1";
Experimental product;~;~;95;"GRIB2 GRIB1";
Experimental product;~;~;96;"GRIB2 GRIB1";
Experimental product;~;~;97;"GRIB2 GRIB1";
Experimental product;~;~;98;"GRIB2 GRIB1";
Experimental product;~;~;99;"GRIB2 GRIB1";
Experimental product;~;~;100;"GRIB2 GRIB1";
Experimental product;~;~;101;"GRIB2 GRIB1";
Experimental product;~;~;102;"GRIB2 GRIB1";
Experimental product;~;~;103;"GRIB2 GRIB1";
Experimental product;~;~;104;"GRIB2 GRIB1";
Experimental product;~;~;105;"GRIB2 GRIB1";
Experimental product;~;~;106;"GRIB2 GRIB1";
Experimental product;~;~;107;"GRIB2 GRIB1";
Experimental product;~;~;108;"GRIB2 GRIB1";
Experimental product;~;~;109;"GRIB2 GRIB1";
Experimental product;~;~;110;"GRIB2 GRIB1";
Experimental product;~;~;111;"GRIB2 GRIB1";
Experimental product;~;~;112;"GRIB2 GRIB1";
Experimental product;~;~;113;"GRIB2 GRIB1";
Experimental product;~;~;114;"GRIB2 GRIB1";
Experimental product;~;~;115;"GRIB2 GRIB1";
Experimental product;~;~;116;"GRIB2 GRIB1";
Experimental product;~;~;117;"GRIB2 GRIB1";
Experimental product;~;~;118;"GRIB2 GRIB1";
Experimental product;~;~;119;"GRIB2 GRIB1";
Experimental product;~;~;120;"GRIB2 GRIB1";
Maximum temperature at 2 metres in the last 6 hours;mx2t6;K;121;"GRIB2 GRIB1";Dissemination
Minimum temperature at 2 metres in the last 6 hours;mn2t6;K;122;"GRIB2 GRIB1";Dissemination
Maximum 10 metre wind gust in the last 6 hours;10fg6;m s-1;123;"GRIB2 GRIB1";Dissemination
Surface emissivity;emis;Proportion;124;"GRIB2 GRIB1";
Vertically integrated total energy;vite;J m-2;125;"GRIB2 GRIB1";
Generic parameter for sensitive area prediction;~;Various;126;"GRIB2 GRIB1";
Atmospheric tide;at;~;127;"GRIB2 GRIB1";
Budget values;bv;~;128;"GRIB2 GRIB1";
Geopotential;z;m2 s-2;129;"GRIB2 GRIB1 NetCDF";Dissemination
Temperature;t;K;130;"GRIB2 GRIB1 NetCDF";Dissemination
U component of wind;u;m s-1;131;"GRIB2 GRIB1 NetCDF";Dissemination
V component of wind;v;m s-1;132;"GRIB2 GRIB1 NetCDF";Dissemination
Specific humidity;q;kg kg-1;133;"GRIB2 GRIB1 NetCDF";Dissemination
Surface pressure;sp;Pa;134;"GRIB2 GRIB1 NetCDF";Dissemination
Vertical velocity;w;Pa s-1;135;"GRIB2 GRIB1 NetCDF";Dissemination
Total column water;tcw;kg m-2;136;"GRIB2 GRIB1";Dissemination
Total column vertically-integrated water vapour;tcwv;kg m-2;137;"GRIB2 GRIB1 NetCDF";Dissemination
Vorticity (relative);vo;s-1;138;"GRIB2 GRIB1 NetCDF";Dissemination
Soil temperature level 1;stl1;K;139;"GRIB2 GRIB1 NetCDF";Dissemination
Soil wetness level 1;swl1;m of water equivalent;140;"GRIB2 GRIB1 NetCDF";
Snow depth;sd;m of water equivalent;141;"GRIB2 GRIB1 NetCDF";Dissemination
Large-scale precipitation;lsp;m;142;"GRIB2 GRIB1 NetCDF";Dissemination
Convective precipitation;cp;m;143;"GRIB2 GRIB1 NetCDF";Dissemination
Snowfall;sf;m of water equivalent;144;"GRIB2 GRIB1 NetCDF";Dissemination
Time-integrated boundary layer dissipation;bld;J m-2;145;"GRIB2 GRIB1 NetCDF";Dissemination
Time-integrated surface sensible heat net flux;sshf;J m-2;146;"GRIB2 GRIB1 NetCDF";Dissemination
Time-integrated surface latent heat net flux;slhf;J m-2;147;"GRIB2 GRIB1 NetCDF";Dissemination
Charnock;chnk;Numeric;148;"GRIB2 GRIB1";Dissemination
Surface net radiation (SW and LW);snr;J m-2;149;"GRIB2 GRIB1";
Top net radiation (SW and LW);tnr;J m-2;150;"GRIB2 GRIB1";
Mean sea level pressure;msl;Pa;151;"GRIB2 GRIB1 NetCDF";Dissemination
Logarithm of surface pressure;lnsp;Numeric;152;"GRIB2 GRIB1";Dissemination
Short-wave heating rate;swhr;K;153;"GRIB2 GRIB1";
Long-wave heating rate;lwhr;K;154;"GRIB2 GRIB1";
Divergence;d;s-1;155;"GRIB2 GRIB1 NetCDF";Dissemination
Geopotential height;gh;gpm;156;"GRIB2 GRIB1 NetCDF";Dissemination
Relative humidity;r;%;157;"GRIB2 GRIB1 NetCDF";Dissemination
Tendency of surface pressure;tsp;Pa s-1;158;"GRIB2 GRIB1 NetCDF";
Boundary layer height;blh;m;159;"GRIB2 GRIB1";Dissemination
Standard deviation of sub-gridscale orography;sdor;m;160;"GRIB2 GRIB1";Dissemination
Anisotropy of sub-gridscale orography;isor;Numeric;161;"GRIB2 GRIB1";Dissemination
Angle of sub-gridscale orography;anor;radians;162;"GRIB2 GRIB1";Dissemination
Slope of sub-gridscale orography;slor;Numeric;163;"GRIB2 GRIB1";Dissemination
Total cloud cover;tcc;(0 - 1);164;"GRIB2 GRIB1 NetCDF";Dissemination
10 metre U wind component;10u;m s-1;165;"GRIB2 GRIB1";Dissemination
10 metre V wind component;10v;m s-1;166;"GRIB2 GRIB1";Dissemination
2 metre temperature;2t;K;167;"GRIB2 GRIB1";Dissemination
2 metre dewpoint temperature;2d;K;168;"GRIB2 GRIB1";Dissemination
Surface short-wave (solar) radiation downwards;ssrd;J m-2;169;"GRIB2 GRIB1 NetCDF";Dissemination
Soil temperature level 2;stl2;K;170;"GRIB2 GRIB1";Dissemination
Soil wetness level 2;swl2;m of water equivalent;171;"GRIB2 GRIB1";
Land-sea mask;lsm;(0 - 1);172;"GRIB2 GRIB1 NetCDF";Dissemination
Surface roughness (climatological);sr;m;173;"GRIB2 GRIB1 NetCDF";Dissemination
Albedo (climatological);al;(0 - 1);174;"GRIB2 GRIB1 NetCDF";Dissemination
Surface long-wave (thermal) radiation downwards;strd;J m-2;175;"GRIB2 GRIB1";Dissemination
Surface net short-wave (solar) radiation;ssr;J m-2;176;"GRIB2 GRIB1 NetCDF";Dissemination
Surface net long-wave (thermal) radiation;str;J m-2;177;"GRIB2 GRIB1 NetCDF";Dissemination
Top net short-wave (solar) radiation;tsr;J m-2;178;"GRIB2 GRIB1 NetCDF";Dissemination
Top net long-wave (thermal) radiation;ttr;J m-2;179;"GRIB2 GRIB1 NetCDF";Dissemination
Time-integrated eastward turbulent surface stress;ewss;N m-2 s;180;"GRIB2 GRIB1 NetCDF";Dissemination
Time-integrated northward turbulent surface stress;nsss;N m-2 s;181;"GRIB2 GRIB1 NetCDF";Dissemination
Evaporation;e;m of water equivalent;182;"GRIB2 GRIB1 NetCDF";Dissemination
Soil temperature level 3;stl3;K;183;"GRIB2 GRIB1";Dissemination
Soil wetness level 3;swl3;m of water equivalent;184;"GRIB2 GRIB1";
Convective cloud cover;ccc;(0 - 1);185;"GRIB2 GRIB1 NetCDF";
Low cloud cover;lcc;(0 - 1);186;"GRIB2 GRIB1";Dissemination
Medium cloud cover;mcc;(0 - 1);187;"GRIB2 GRIB1";Dissemination
High cloud cover;hcc;(0 - 1);188;"GRIB2 GRIB1";Dissemination
Sunshine duration;sund;s;189;"GRIB2 GRIB1";Dissemination
East-West component of sub-gridscale orographic variance;ewov;m2;190;"GRIB2 GRIB1";
North-South component of sub-gridscale orographic variance;nsov;m2;191;"GRIB2 GRIB1";
North-West/South-East component of sub-gridscale orographic variance;nwov;m2;192;"GRIB2 GRIB1";
North-East/South-West component of sub-gridscale orographic variance;neov;m2;193;"GRIB2 GRIB1";
Brightness temperature;btmp;K;194;"GRIB2 GRIB1";
Eastward gravity wave surface stress;lgws;N m-2 s;195;"GRIB2 GRIB1";Dissemination
Northward gravity wave surface stress;mgws;N m-2 s;196;"GRIB2 GRIB1";Dissemination
Gravity wave dissipation;gwd;J m-2;197;"GRIB2 GRIB1";Dissemination
Skin reservoir content;src;m of water equivalent;198;"GRIB2 GRIB1";Dissemination
Vegetation fraction;veg;(0 - 1);199;"GRIB2 GRIB1";
Variance of sub-gridscale orography;vso;m2;200;"GRIB2 GRIB1";
Maximum temperature at 2 metres since previous post-processing;mx2t;K;201;"GRIB2 GRIB1";Dissemination
Minimum temperature at 2 metres since previous post-processing;mn2t;K;202;"GRIB2 GRIB1";Dissemination
Ozone mass mixing ratio;o3;kg kg-1;203;"GRIB2 GRIB1 NetCDF";Dissemination
Precipitation analysis weights;paw;~;204;"GRIB2 GRIB1";
Runoff;ro;m;205;"GRIB2 GRIB1";Dissemination
Total column ozone;tco3;kg m-2;206;"GRIB2 GRIB1 NetCDF";Dissemination
10 metre wind speed;10si;m s-1;207;"GRIB2 GRIB1";Dissemination
Top net short-wave (solar) radiation, clear sky;tsrc;J m-2;208;"GRIB2 GRIB1";Dissemination
Top net long-wave (thermal) radiation, clear sky;ttrc;J m-2;209;"GRIB2 GRIB1";Dissemination
Surface net short-wave (solar) radiation, clear sky;ssrc;J m-2;210;"GRIB2 GRIB1 NetCDF";Dissemination
Surface net long-wave (thermal) radiation, clear sky;strc;J m-2;211;"GRIB2 GRIB1 NetCDF";Dissemination
TOA incident short-wave (solar) radiation;tisr;J m-2;212;"GRIB2 GRIB1";Dissemination
Vertically integrated moisture divergence;vimd;kg m-2;213;"GRIB2 GRIB1";Dissemination
Diabatic heating by radiation;dhr;K;214;"GRIB2 GRIB1";
Diabatic heating by vertical diffusion;dhvd;K;215;"GRIB2 GRIB1";
Diabatic heating by cumulus convection;dhcc;K;216;"GRIB2 GRIB1";
Diabatic heating large-scale condensation;dhlc;K;217;"GRIB2 GRIB1";
Vertical diffusion of zonal wind;vdzw;m s-1;218;"GRIB2 GRIB1";
Vertical diffusion of meridional wind;vdmw;m s-1;219;"GRIB2 GRIB1";
East-West gravity wave drag tendency;ewgd;m s-1;220;"GRIB2 GRIB1";
North-South gravity wave drag tendency;nsgd;m s-1;221;"GRIB2 GRIB1";
Convective tendency of zonal wind;ctzw;m s-1;222;"GRIB2 GRIB1";
Convective tendency of meridional wind;ctmw;m s-1;223;"GRIB2 GRIB1";
Vertical diffusion of humidity;vdh;kg kg-1;224;"GRIB2 GRIB1";
Humidity tendency by cumulus convection;htcc;kg kg-1;225;"GRIB2 GRIB1";
Humidity tendency by large-scale condensation;htlc;kg kg-1;226;"GRIB2 GRIB1";
Tendency due to removal of negative humidity;crnh;kg kg-1;227;"GRIB2 GRIB1";
Total precipitation;tp;m;228;"GRIB2 GRIB1";Dissemination
Instantaneous eastward turbulent surface stress;iews;N m-2;229;"GRIB2 GRIB1";Dissemination
Instantaneous northward turbulent surface stress;inss;N m-2;230;"GRIB2 GRIB1";Dissemination
Instantaneous surface sensible heat net flux;ishf;W m-2;231;"GRIB2 GRIB1";Dissemination
Instantaneous moisture flux;ie;kg m-2 s-1;232;"GRIB2 GRIB1";Dissemination
Apparent surface humidity;asq;kg kg-1;233;"GRIB2 GRIB1";
Logarithm of surface roughness length for heat (climatological);lsrh;Numeric;234;"GRIB2 GRIB1";Dissemination
Skin temperature;skt;K;235;"GRIB2 GRIB1";Dissemination
Soil temperature level 4;stl4;K;236;"GRIB2 GRIB1";Dissemination
Soil wetness level 4;swl4;m;237;"GRIB2 GRIB1";
Temperature of snow layer;tsn;K;238;"GRIB2 GRIB1 NetCDF";Dissemination
Convective snowfall;csf;m of water equivalent;239;"GRIB2 GRIB1";
Large-scale snowfall;lsf;m of water equivalent;240;"GRIB2 GRIB1";
Accumulated cloud fraction tendency;acf;(-1 to 1);241;"GRIB2 GRIB1";
Accumulated liquid water tendency;alw;(-1 to 1);242;"GRIB2 GRIB1";
Forecast albedo;fal;(0 - 1);243;"GRIB2 GRIB1";Dissemination
Forecast surface roughness;fsr;m;244;"GRIB2 GRIB1";Dissemination
Forecast logarithm of surface roughness for heat;flsr;Numeric;245;"GRIB2 GRIB1";Dissemination
Specific cloud liquid water content;clwc;kg kg-1;246;"GRIB2 GRIB1";Dissemination
Specific cloud ice water content;ciwc;kg kg-1;247;"GRIB2 GRIB1";Dissemination
Fraction of cloud cover;cc;(0 - 1);248;"GRIB2 GRIB1";Dissemination
Accumulated ice water tendency;aiw;(-1 to 1);249;"GRIB2 GRIB1";
Ice age;ice;(0 - 1);250;"GRIB2 GRIB1";
Adiabatic tendency of temperature;atte;K;251;"GRIB2 GRIB1";
Adiabatic tendency of humidity;athe;kg kg-1;252;"GRIB2 GRIB1";
Adiabatic tendency of zonal wind;atze;m s-1;253;"GRIB2 GRIB1";
Adiabatic tendency of meridional wind;atmw;m s-1;254;"GRIB2 GRIB1";
Pressure tendency;ptend;Pa s-1;3003;"GRIB2 GRIB1";
ICAO Standard Atmosphere reference height;icaht;m;3005;"GRIB2 GRIB1";
Geometrical height above ground;h;m;3008;"GRIB2 GRIB1";
Standard deviation of height;hstdv;m;3009;"GRIB2 GRIB1";
Virtual potential temperature;vptmp;K;3012;GRIB2;
Pseudo-adiabatic potential temperature;papt;K;3014;"GRIB2 GRIB1";
Maximum temperature;tmax;K;3015;"GRIB2 GRIB1";
Minimum temperature;tmin;K;3016;"GRIB2 GRIB1";
Dew point temperature;dpt;K;3017;"GRIB2 GRIB1";
Lapse rate;lapr;K m-1;3019;"GRIB2 GRIB1";
Visibility;vis;m;3020;"GRIB2 GRIB1";Dissemination
Radar spectra (1);rdsp1;~;3021;"GRIB2 GRIB1";
Radar spectra (2);rdsp2;~;3022;"GRIB2 GRIB1";
Radar spectra (3);rdsp3;~;3023;"GRIB2 GRIB1";
Parcel lifted index (to 500 hPa);pli;K;3024;"GRIB2 GRIB1";
Temperature anomaly;ta;K;3025;"GRIB2 GRIB1";
Pressure anomaly;presa;Pa;3026;"GRIB2 GRIB1";
Geopotential height anomaly;gpa;gpm;3027;"GRIB2 GRIB1";
Wave spectra (1);wvsp1;~;3028;"GRIB2 GRIB1";
Wave spectra (2);wvsp2;~;3029;"GRIB2 GRIB1";
Wave spectra (3);wvsp3;~;3030;"GRIB2 GRIB1";
Wind direction;wdir;Degree true;3031;"GRIB2 GRIB1";
Sigma coordinate vertical velocity;sgcvv;s-1;3038;"GRIB2 GRIB1";
Absolute vorticity;absv;s-1;3041;"GRIB2 GRIB1";
Absolute divergence;absd;s-1;3042;"GRIB2 GRIB1";
Vertical u-component shear;vucsh;s-1;3045;"GRIB2 GRIB1";
Vertical v-component shear;vvcsh;s-1;3046;"GRIB2 GRIB1";
Precipitable water;pwat;kg m-2;3054;"GRIB2 GRIB1";
Saturation deficit;satd;Pa;3056;"GRIB2 GRIB1";
Precipitation rate;prate;kg m-2 s-1;3059;"GRIB2 GRIB1";
Thunderstorm probability;tstm;%;3060;"GRIB2 GRIB1";
Large-scale precipitation;lsp;kg m-2;3062;"GRIB2 GRIB1";
Convective precipitation (water);acpcp;kg m-2;3063;"GRIB2 GRIB1 NetCDF";
Snow depth;sde;m;3066;"GRIB2 GRIB1 NetCDF";
Mixed layer depth;mld;m;3067;"GRIB2 GRIB1";
Transient thermocline depth;tthdp;m;3068;"GRIB2 GRIB1";
Main thermocline anomaly;mtha;m;3070;"GRIB2 GRIB1";
Low cloud cover;lcc;%;3073;"GRIB2 GRIB1";
Medium cloud cover;mcc;%;3074;"GRIB2 GRIB1";
High cloud cover;hcc;%;3075;"GRIB2 GRIB1";
Best lifted index (to 500 hPa);bli;K;3077;"GRIB2 GRIB1";
Soil moisture content;ssw;kg m-2;3086;"GRIB2 GRIB1";
Salinity;s;kg kg-1;3088;"GRIB2 GRIB1";
Density;den;kg m-3;3089;"GRIB2 GRIB1";
Direction of ice drift;diced;Degree true;3093;"GRIB2 GRIB1";
Speed of ice drift;siced;m s-1;3094;"GRIB2 GRIB1";
Ice divergence;iced;s-1;3098;"GRIB2 GRIB1";
Snowmelt;snom;kg m-2;3099;"GRIB2 GRIB1";
Direction of swell waves;swdir;Degree true;3104;"GRIB2 GRIB1";
Secondary wave direction;dirsw;Degree true;3109;"GRIB2 GRIB1";
Net short-wave radiation flux (surface);nswrs;W m-2;3111;"GRIB2 GRIB1";
Global radiation flux;grad;W m-2;3117;"GRIB2 GRIB1";
Radiance (with respect to wave number);lwrad;W m-1 sr-1;3119;"GRIB2 GRIB1";
Radiance (with respect to wave length);swrad;W m-3 sr-1;3120;"GRIB2 GRIB1";
Wind mixing energy;wmixe;J;3126;"GRIB2 GRIB1";
Stream function gradient;strfgrd;m2 s-1;129001;"GRIB2 GRIB1";
Velocity potential gradient;vpotgrd;m2 s-1;129002;"GRIB2 GRIB1";
Potential temperature gradient;ptgrd;K;129003;"GRIB2 GRIB1";
Equivalent potential temperature gradient;eqptgrd;K;129004;"GRIB2 GRIB1";
Saturated equivalent potential temperature gradient;septgrd;K;129005;"GRIB2 GRIB1";
U component of divergent wind gradient;udvwgrd;m s-1;129011;"GRIB2 GRIB1";
V component of divergent wind gradient;vdvwgrd;m s-1;129012;"GRIB2 GRIB1";
U component of rotational wind gradient;urtwgrd;m s-1;129013;"GRIB2 GRIB1";
V component of rotational wind gradient;vrtwgrd;m s-1;129014;"GRIB2 GRIB1";
Unbalanced component of temperature gradient;uctpgrd;K;129021;"GRIB2 GRIB1";
Unbalanced component of logarithm of surface pressure gradient;uclngrd;~;129022;"GRIB2 GRIB1";
Unbalanced component of divergence gradient;ucdvgrd;s-1;129023;"GRIB2 GRIB1";
Reserved for future unbalanced components;~;~;129024;"GRIB2 GRIB1";
Reserved for future unbalanced components;~;~;129025;"GRIB2 GRIB1";
Lake cover gradient;clgrd;(0 - 1);129026;"GRIB2 GRIB1";
Low vegetation cover gradient;cvlgrd;(0 - 1);129027;"GRIB2 GRIB1";
High vegetation cover gradient;cvhgrd;(0 - 1);129028;"GRIB2 GRIB1";
Type of low vegetation gradient;tvlgrd;~;129029;"GRIB2 GRIB1";
Type of high vegetation gradient;tvhgrd;~;129030;"GRIB2 GRIB1";
Sea-ice cover gradient;sicgrd;(0 - 1);129031;"GRIB2 GRIB1";
Snow albedo gradient;asngrd;(0 - 1);129032;"GRIB2 GRIB1";
Snow density gradient;rsngrd;kg m-3;129033;"GRIB2 GRIB1";
Sea surface temperature gradient;sstkgrd;K;129034;"GRIB2 GRIB1";
Ice surface temperature layer 1 gradient;istl1grd;K;129035;"GRIB2 GRIB1";
Ice surface temperature layer 2 gradient;istl2grd;K;129036;"GRIB2 GRIB1";
Ice surface temperature layer 3 gradient;istl3grd;K;129037;"GRIB2 GRIB1";
Ice surface temperature layer 4 gradient;istl4grd;K;129038;"GRIB2 GRIB1";
Volumetric soil water layer 1 gradient;swvl1grd;m3 m-3;129039;"GRIB2 GRIB1";
Volumetric soil water layer 2 gradient;swvl2grd;m3 m-3;129040;"GRIB2 GRIB1";
Volumetric soil water layer 3 gradient;swvl3grd;m3 m-3;129041;"GRIB2 GRIB1";
Volumetric soil water layer 4 gradient;swvl4grd;m3 m-3;129042;"GRIB2 GRIB1";
Soil type gradient;sltgrd;~;129043;"GRIB2 GRIB1";
Snow evaporation gradient;esgrd;kg m-2;129044;"GRIB2 GRIB1";
Snowmelt gradient;smltgrd;kg m-2;129045;"GRIB2 GRIB1";
Solar duration gradient;sdurgrd;s;129046;"GRIB2 GRIB1";
Direct solar radiation gradient;dsrpgrd;J m-2;129047;"GRIB2 GRIB1";
Magnitude of turbulent surface stress gradient;magssgrd;N m-2 s;129048;"GRIB2 GRIB1";
10 metre wind gust gradient;10fggrd;m s-1;129049;"GRIB2 GRIB1";
Large-scale precipitation fraction gradient;lspfgrd;s;129050;"GRIB2 GRIB1";
Maximum 2 metre temperature gradient;mx2t24grd;K;129051;"GRIB2 GRIB1";
Minimum 2 metre temperature gradient;mn2t24grd;K;129052;"GRIB2 GRIB1";
Montgomery potential gradient;montgrd;m2 s-2;129053;"GRIB2 GRIB1";
Pressure gradient;presgrd;Pa;129054;"GRIB2 GRIB1";
Mean 2 metre temperature in the last 24 hours gradient;mean2t24grd;K;129055;"GRIB2 GRIB1";
Mean 2 metre dewpoint temperature in the last 24 hours gradient;mn2d24grd;K;129056;"GRIB2 GRIB1";
Downward UV radiation at the surface gradient;uvbgrd;J m-2;129057;"GRIB2 GRIB1";
Photosynthetically active radiation at the surface gradient;pargrd;J m-2;129058;"GRIB2 GRIB1";
Convective available potential energy gradient;capegrd;J kg-1;129059;"GRIB2 GRIB1";
Potential vorticity gradient;pvgrd;K m2 kg-1 s-1;129060;"GRIB2 GRIB1";
Total precipitation from observations gradient;tpogrd;Millimetres*100 + number of stations;129061;"GRIB2 GRIB1";
Observation count gradient;obctgrd;~;129062;"GRIB2 GRIB1";
Start time for skin temperature difference;~;s;129063;"GRIB2 GRIB1";
Finish time for skin temperature difference;~;s;129064;"GRIB2 GRIB1";
Skin temperature difference;~;K;129065;"GRIB2 GRIB1";
Leaf area index, low vegetation;~;m2 m-2;129066;"GRIB2 GRIB1";
Leaf area index, high vegetation;~;m2 m-2;129067;"GRIB2 GRIB1";
Biome cover, low vegetation;~;(0 - 1);129070;"GRIB2 GRIB1";
Biome cover, high vegetation;~;(0 - 1);129071;"GRIB2 GRIB1";
Total column liquid water;~;kg m-2;129078;"GRIB2 GRIB1";
Total column ice water;~;kg m-2;129079;"GRIB2 GRIB1";
Experimental product;~;~;129080;"GRIB2 GRIB1";
Experimental product;~;~;129081;"GRIB2 GRIB1";
Experimental product;~;~;129082;"GRIB2 GRIB1";
Experimental product;~;~;129083;"GRIB2 GRIB1";
Experimental product;~;~;129084;"GRIB2 GRIB1";
Experimental product;~;~;129085;"GRIB2 GRIB1";
Experimental product;~;~;129086;"GRIB2 GRIB1";
Experimental product;~;~;129087;"GRIB2 GRIB1";
Experimental product;~;~;129088;"GRIB2 GRIB1";
Experimental product;~;~;129089;"GRIB2 GRIB1";
Experimental product;~;~;129090;"GRIB2 GRIB1";
Experimental product;~;~;129091;"GRIB2 GRIB1";
Experimental product;~;~;129092;"GRIB2 GRIB1";
Experimental product;~;~;129093;"GRIB2 GRIB1";
Experimental product;~;~;129094;"GRIB2 GRIB1";
Experimental product;~;~;129095;"GRIB2 GRIB1";
Experimental product;~;~;129096;"GRIB2 GRIB1";
Experimental product;~;~;129097;"GRIB2 GRIB1";
Experimental product;~;~;129098;"GRIB2 GRIB1";
Experimental product;~;~;129099;"GRIB2 GRIB1";
Experimental product;~;~;129100;"GRIB2 GRIB1";
Experimental product;~;~;129101;"GRIB2 GRIB1";
Experimental product;~;~;129102;"GRIB2 GRIB1";
Experimental product;~;~;129103;"GRIB2 GRIB1";
Experimental product;~;~;129104;"GRIB2 GRIB1";
Experimental product;~;~;129105;"GRIB2 GRIB1";
Experimental product;~;~;129106;"GRIB2 GRIB1";
Experimental product;~;~;129107;"GRIB2 GRIB1";
Experimental product;~;~;129108;"GRIB2 GRIB1";
Experimental product;~;~;129109;"GRIB2 GRIB1";
Experimental product;~;~;129110;"GRIB2 GRIB1";
Experimental product;~;~;129111;"GRIB2 GRIB1";
Experimental product;~;~;129112;"GRIB2 GRIB1";
Experimental product;~;~;129113;"GRIB2 GRIB1";
Experimental product;~;~;129114;"GRIB2 GRIB1";
Experimental product;~;~;129115;"GRIB2 GRIB1";
Experimental product;~;~;129116;"GRIB2 GRIB1";
Experimental product;~;~;129117;"GRIB2 GRIB1";
Experimental product;~;~;129118;"GRIB2 GRIB1";
Experimental product;~;~;129119;"GRIB2 GRIB1";
Experimental product;~;~;129120;"GRIB2 GRIB1";
Maximum temperature at 2 metres gradient;mx2t6grd;K;129121;"GRIB2 GRIB1";
Minimum temperature at 2 metres gradient;mn2t6grd;K;129122;"GRIB2 GRIB1";
10 metre wind gust in the last 6 hours gradient;10fg6grd;m s-1;129123;"GRIB2 GRIB1";
Vertically integrated total energy;~;J m-2;129125;"GRIB2 GRIB1";
Generic parameter for sensitive area prediction;~;Various;129126;"GRIB2 GRIB1";
Atmospheric tide gradient;atgrd;~;129127;"GRIB2 GRIB1";
Budget values gradient;bvgrd;~;129128;"GRIB2 GRIB1";
Geopotential gradient;zgrd;m2 s-2;129129;"GRIB2 GRIB1";
Temperature gradient;tgrd;K;129130;"GRIB2 GRIB1";
U component of wind gradient;ugrd;m s-1;129131;"GRIB2 GRIB1";
V component of wind gradient;vgrd;m s-1;129132;"GRIB2 GRIB1";
Specific humidity gradient;qgrd;kg kg-1;129133;"GRIB2 GRIB1";
Surface pressure gradient;spgrd;Pa;129134;"GRIB2 GRIB1";
vertical velocity (pressure) gradient;wgrd;Pa s-1;129135;"GRIB2 GRIB1";
Total column water gradient;tcwgrd;kg m-2;129136;"GRIB2 GRIB1";
Total column water vapour gradient;tcwvgrd;kg m-2;129137;"GRIB2 GRIB1";
Vorticity (relative) gradient;vogrd;s-1;129138;"GRIB2 GRIB1";
Soil temperature level 1 gradient;stl1grd;K;129139;"GRIB2 GRIB1";
Soil wetness level 1 gradient;swl1grd;kg m-2;129140;"GRIB2 GRIB1";
Snow depth gradient;sdgrd;m of water equivalent;129141;"GRIB2 GRIB1";
Stratiform precipitation (Large-scale precipitation) gradient;lspgrd;m;129142;"GRIB2 GRIB1";
Convective precipitation gradient;cpgrd;m;129143;"GRIB2 GRIB1";
Snowfall (convective + stratiform) gradient;sfgrd;m of water equivalent;129144;"GRIB2 GRIB1";
Boundary layer dissipation gradient;bldgrd;J m-2;129145;"GRIB2 GRIB1";
Surface sensible heat flux gradient;sshfgrd;J m-2;129146;"GRIB2 GRIB1";
Surface latent heat flux gradient;slhfgrd;J m-2;129147;"GRIB2 GRIB1";
Charnock gradient;chnkgrd;~;129148;"GRIB2 GRIB1";
Surface net radiation gradient;snrgrd;J m-2;129149;"GRIB2 GRIB1";
Top net radiation gradient;tnrgrd;~;129150;"GRIB2 GRIB1";
Mean sea level pressure gradient;mslgrd;Pa;129151;"GRIB2 GRIB1";
Logarithm of surface pressure gradient;lnspgrd;~;129152;"GRIB2 GRIB1";
Short-wave heating rate gradient;swhrgrd;K;129153;"GRIB2 GRIB1";
Long-wave heating rate gradient;lwhrgrd;K;129154;"GRIB2 GRIB1";
Divergence gradient;dgrd;s-1;129155;"GRIB2 GRIB1";
Height gradient;ghgrd;m;129156;"GRIB2 GRIB1";
Relative humidity gradient;rgrd;%;129157;"GRIB2 GRIB1";
Tendency of surface pressure gradient;tspgrd;Pa s-1;129158;"GRIB2 GRIB1";
Boundary layer height gradient;blhgrd;m;129159;"GRIB2 GRIB1";
Standard deviation of orography gradient;sdorgrd;~;129160;"GRIB2 GRIB1";
Anisotropy of sub-gridscale orography gradient;isorgrd;~;129161;"GRIB2 GRIB1";
Angle of sub-gridscale orography gradient;anorgrd;radians;129162;"GRIB2 GRIB1";
Slope of sub-gridscale orography gradient;slorgrd;~;129163;"GRIB2 GRIB1";
Total cloud cover gradient;tccgrd;(0 - 1);129164;"GRIB2 GRIB1";
10 metre U wind component gradient;10ugrd;m s-1;129165;"GRIB2 GRIB1";
10 metre V wind component gradient;10vgrd;m s-1;129166;"GRIB2 GRIB1";
2 metre temperature gradient;2tgrd;K;129167;"GRIB2 GRIB1";
2 metre dewpoint temperature gradient;2dgrd;K;129168;"GRIB2 GRIB1";
Surface solar radiation downwards gradient;ssrdgrd;J m-2;129169;"GRIB2 GRIB1";
Soil temperature level 2 gradient;stl2grd;K;129170;"GRIB2 GRIB1";
Soil wetness level 2 gradient;swl2grd;kg m-2;129171;"GRIB2 GRIB1";
Land-sea mask gradient;lsmgrd;(0 - 1);129172;"GRIB2 GRIB1";
Surface roughness gradient;srgrd;m;129173;"GRIB2 GRIB1";
Albedo gradient;algrd;(0 - 1);129174;"GRIB2 GRIB1";
Surface thermal radiation downwards gradient;strdgrd;J m-2;129175;"GRIB2 GRIB1";
Surface net solar radiation gradient;ssrgrd;J m-2;129176;"GRIB2 GRIB1";
Surface net thermal radiation gradient;strgrd;J m-2;129177;"GRIB2 GRIB1";
Top net solar radiation gradient;tsrgrd;J m-2;129178;"GRIB2 GRIB1";
Top net thermal radiation gradient;ttrgrd;J m-2;129179;"GRIB2 GRIB1";
East-West surface stress gradient;ewssgrd;N m-2 s;129180;"GRIB2 GRIB1";
North-South surface stress gradient;nsssgrd;N m-2 s;129181;"GRIB2 GRIB1";
Evaporation gradient;egrd;kg m-2;129182;"GRIB2 GRIB1";
Soil temperature level 3 gradient;stl3grd;K;129183;"GRIB2 GRIB1";
Soil wetness level 3 gradient;swl3grd;kg m-2;129184;"GRIB2 GRIB1";
Convective cloud cover gradient;cccgrd;(0 - 1);129185;"GRIB2 GRIB1";
Low cloud cover gradient;lccgrd;(0 - 1);129186;"GRIB2 GRIB1";
Medium cloud cover gradient;mccgrd;(0 - 1);129187;"GRIB2 GRIB1";
High cloud cover gradient;hccgrd;(0 - 1);129188;"GRIB2 GRIB1";
Sunshine duration gradient;sundgrd;s;129189;"GRIB2 GRIB1";
East-West component of sub-gridscale orographic variance gradient;ewovgrd;m2;129190;"GRIB2 GRIB1";
North-South component of sub-gridscale orographic variance gradient;nsovgrd;m2;129191;"GRIB2 GRIB1";
North-West/South-East component of sub-gridscale orographic variance gradient;nwovgrd;m2;129192;"GRIB2 GRIB1";
North-East/South-West component of sub-gridscale orographic variance gradient;neovgrd;m2;129193;"GRIB2 GRIB1";
Brightness temperature gradient;btmpgrd;K;129194;"GRIB2 GRIB1";
Longitudinal component of gravity wave stress gradient;lgwsgrd;N m-2 s;129195;"GRIB2 GRIB1";
Meridional component of gravity wave stress gradient;mgwsgrd;N m-2 s;129196;"GRIB2 GRIB1";
Gravity wave dissipation gradient;gwdgrd;J m-2;129197;"GRIB2 GRIB1";
Skin reservoir content gradient;srcgrd;kg m-2;129198;"GRIB2 GRIB1";
Vegetation fraction gradient;veggrd;(0 - 1);129199;"GRIB2 GRIB1";
Variance of sub-gridscale orography gradient;vsogrd;m2;129200;"GRIB2 GRIB1";
Maximum temperature at 2 metres since previous post-processing gradient;mx2tgrd;K;129201;"GRIB2 GRIB1";
Minimum temperature at 2 metres since previous post-processing gradient;mn2tgrd;K;129202;"GRIB2 GRIB1";
Ozone mass mixing ratio gradient;o3grd;kg kg-1;129203;"GRIB2 GRIB1";
Precipitation analysis weights gradient;pawgrd;~;129204;"GRIB2 GRIB1";
Runoff gradient;rogrd;m;129205;"GRIB2 GRIB1";
Total column ozone gradient;tco3grd;kg m-2;129206;"GRIB2 GRIB1";
10 metre wind speed gradient;10sigrd;m s-1;129207;"GRIB2 GRIB1";
Top net solar radiation, clear sky gradient;tsrcgrd;J m-2;129208;"GRIB2 GRIB1";
Top net thermal radiation, clear sky gradient;ttrcgrd;J m-2;129209;"GRIB2 GRIB1";
Surface net solar radiation, clear sky gradient;ssrcgrd;J m-2;129210;"GRIB2 GRIB1";
Surface net thermal radiation, clear sky gradient;strcgrd;J m-2;129211;"GRIB2 GRIB1";
TOA incident solar radiation gradient;tisrgrd;J m-2;129212;"GRIB2 GRIB1";
Diabatic heating by radiation gradient;dhrgrd;K;129214;"GRIB2 GRIB1";
Diabatic heating by vertical diffusion gradient;dhvdgrd;K;129215;"GRIB2 GRIB1";
Diabatic heating by cumulus convection gradient;dhccgrd;K;129216;"GRIB2 GRIB1";
Diabatic heating large-scale condensation gradient;dhlcgrd;K;129217;"GRIB2 GRIB1";
Vertical diffusion of zonal wind gradient;vdzwgrd;m s-1;129218;"GRIB2 GRIB1";
Vertical diffusion of meridional wind gradient;vdmwgrd;m s-1;129219;"GRIB2 GRIB1";
East-West gravity wave drag tendency gradient;ewgdgrd;m s-1;129220;"GRIB2 GRIB1";
North-South gravity wave drag tendency gradient;nsgdgrd;m s-1;129221;"GRIB2 GRIB1";
Convective tendency of zonal wind gradient;ctzwgrd;m s-1;129222;"GRIB2 GRIB1";
Convective tendency of meridional wind gradient;ctmwgrd;m s-1;129223;"GRIB2 GRIB1";
Vertical diffusion of humidity gradient;vdhgrd;kg kg-1;129224;"GRIB2 GRIB1";
Humidity tendency by cumulus convection gradient;htccgrd;kg kg-1;129225;"GRIB2 GRIB1";
Humidity tendency by large-scale condensation gradient;htlcgrd;kg kg-1;129226;"GRIB2 GRIB1";
Change from removal of negative humidity gradient;crnhgrd;kg kg-1;129227;"GRIB2 GRIB1";
Total precipitation gradient;tpgrd;m;129228;"GRIB2 GRIB1";
Instantaneous X surface stress gradient;iewsgrd;N m-2;129229;"GRIB2 GRIB1";
Instantaneous Y surface stress gradient;inssgrd;N m-2;129230;"GRIB2 GRIB1";
Instantaneous surface heat flux gradient;ishfgrd;J m-2;129231;"GRIB2 GRIB1";
Instantaneous moisture flux gradient;iegrd;kg m-2 s;129232;"GRIB2 GRIB1";
Apparent surface humidity gradient;asqgrd;kg kg-1;129233;"GRIB2 GRIB1";
Logarithm of surface roughness length for heat gradient;lsrhgrd;~;129234;"GRIB2 GRIB1";
Skin temperature gradient;sktgrd;K;129235;"GRIB2 GRIB1";
Soil temperature level 4 gradient;stl4grd;K;129236;"GRIB2 GRIB1";
Soil wetness level 4 gradient;swl4grd;m;129237;"GRIB2 GRIB1";
Temperature of snow layer gradient;tsngrd;K;129238;"GRIB2 GRIB1";
Convective snowfall gradient;csfgrd;m of water equivalent;129239;"GRIB2 GRIB1";
Large scale snowfall gradient;lsfgrd;m of water equivalent;129240;"GRIB2 GRIB1";
Accumulated cloud fraction tendency gradient;acfgrd;(-1 to 1);129241;"GRIB2 GRIB1";
Accumulated liquid water tendency gradient;alwgrd;(-1 to 1);129242;"GRIB2 GRIB1";
Forecast albedo gradient;falgrd;(0 - 1);129243;"GRIB2 GRIB1";
Forecast surface roughness gradient;fsrgrd;m;129244;"GRIB2 GRIB1";
Forecast logarithm of surface roughness for heat gradient;flsrgrd;~;129245;"GRIB2 GRIB1";
Specific cloud liquid water content gradient;clwcgrd;kg kg-1;129246;"GRIB2 GRIB1";
Specific cloud ice water content gradient;ciwcgrd;kg kg-1;129247;"GRIB2 GRIB1";
Cloud cover gradient;ccgrd;(0 - 1);129248;"GRIB2 GRIB1";
Accumulated ice water tendency gradient;aiwgrd;(-1 to 1);129249;"GRIB2 GRIB1";
Ice age gradient;icegrd;(0 - 1);129250;"GRIB2 GRIB1";
Adiabatic tendency of temperature gradient;attegrd;K;129251;"GRIB2 GRIB1";
Adiabatic tendency of humidity gradient;athegrd;kg kg-1;129252;"GRIB2 GRIB1";
Adiabatic tendency of zonal wind gradient;atzegrd;m s-1;129253;"GRIB2 GRIB1";
Adiabatic tendency of meridional wind gradient;atmwgrd;m s-1;129254;"GRIB2 GRIB1";
Indicates a missing value;~;~;129255;"GRIB2 GRIB1";
Top solar radiation upward;tsru;J m-2;130208;"GRIB2 GRIB1";
Top thermal radiation upward;ttru;J m-2;130209;"GRIB2 GRIB1";
Top solar radiation upward, clear sky;tsuc;J m-2;130210;"GRIB2 GRIB1";
Top thermal radiation upward, clear sky;ttuc;J m-2;130211;"GRIB2 GRIB1";
Cloud liquid water;clw;kg kg-1;130212;"GRIB2 GRIB1";
Cloud fraction;cf;(0 - 1);130213;"GRIB2 GRIB1";
Diabatic heating by radiation;dhr;K s-1;130214;"GRIB2 GRIB1";
Diabatic heating by vertical diffusion;dhvd;K s-1;130215;"GRIB2 GRIB1";
Diabatic heating by cumulus convection;dhcc;K s-1;130216;"GRIB2 GRIB1";
Diabatic heating by large-scale condensation;dhlc;K s-1;130217;"GRIB2 GRIB1";
Vertical diffusion of zonal wind;vdzw;m2 s-3;130218;"GRIB2 GRIB1";
Vertical diffusion of meridional wind;vdmw;m2 s-3;130219;"GRIB2 GRIB1";
East-West gravity wave drag;ewgd;m2 s-3;130220;"GRIB2 GRIB1";
North-South gravity wave drag;nsgd;m2 s-3;130221;"GRIB2 GRIB1";
Vertical diffusion of humidity;vdh;kg kg-1 s-1;130224;"GRIB2 GRIB1";
Humidity tendency by cumulus convection;htcc;kg kg-1 s-1;130225;"GRIB2 GRIB1";
Humidity tendency by large-scale condensation;htlc;kg kg-1 s-1;130226;"GRIB2 GRIB1";
Adiabatic tendency of temperature;att;K s-1;130228;"GRIB2 GRIB1";
Adiabatic tendency of humidity;ath;kg kg-1 s-1;130229;"GRIB2 GRIB1";
Adiabatic tendency of zonal wind;atzw;m2 s-3;130230;"GRIB2 GRIB1";
Adiabatic tendency of meridional wind;atmwax;m2 s-3;130231;"GRIB2 GRIB1";
Mean vertical velocity;mvv;Pa s-1;130232;"GRIB2 GRIB1";
2m temperature anomaly of at least +2K;2tag2;%;131001;"GRIB2 GRIB1";Dissemination
2m temperature anomaly of at least +1K;2tag1;%;131002;"GRIB2 GRIB1";Dissemination
2m temperature anomaly of at least 0K;2tag0;%;131003;"GRIB2 GRIB1";Dissemination
2m temperature anomaly of at most -1K;2talm1;%;131004;"GRIB2 GRIB1";Dissemination
2m temperature anomaly of at most -2K;2talm2;%;131005;"GRIB2 GRIB1";Dissemination
Total precipitation anomaly of at least 20 mm;tpag20;%;131006;"GRIB2 GRIB1";Dissemination
Total precipitation anomaly of at least 10 mm;tpag10;%;131007;"GRIB2 GRIB1";Dissemination
Total precipitation anomaly of at least 0 mm;tpag0;%;131008;"GRIB2 GRIB1";Dissemination
Surface temperature anomaly of at least 0K;stag0;%;131009;"GRIB2 GRIB1";Dissemination
Mean sea level pressure anomaly of at least 0 Pa;mslag0;%;131010;"GRIB2 GRIB1";Dissemination
Height of 0 degree isotherm probability;h0dip;%;131015;"GRIB2 GRIB1";
Height of snowfall limit probability;hslp;%;131016;"GRIB2 GRIB1";
Showalter index probability;saip;%;131017;"GRIB2 GRIB1";
Whiting index probability;whip;%;131018;"GRIB2 GRIB1";
Temperature anomaly less than -2 K;talm2;%;131020;"GRIB2 GRIB1";Dissemination
Temperature anomaly of at least +2 K;tag2;%;131021;"GRIB2 GRIB1";Dissemination
Temperature anomaly less than -8 K;talm8;%;131022;"GRIB2 GRIB1";Dissemination
Temperature anomaly less than -4 K;talm4;%;131023;"GRIB2 GRIB1";Dissemination
Temperature anomaly greater than +4 K;tag4;%;131024;"GRIB2 GRIB1";Dissemination
Temperature anomaly greater than +8 K;tag8;%;131025;"GRIB2 GRIB1";Dissemination
10 metre wind gust probability;10gp;%;131049;"GRIB2 GRIB1";
Convective available potential energy probability;capep;%;131059;"GRIB2 GRIB1";
Total precipitation of at least 1 mm;tpg1;%;131060;"GRIB2 GRIB1";Dissemination
Total precipitation of at least 5 mm;tpg5;%;131061;"GRIB2 GRIB1";Dissemination
Total precipitation of at least 10 mm;tpg10;%;131062;"GRIB2 GRIB1";Dissemination
Total precipitation of at least 20 mm;tpg20;%;131063;"GRIB2 GRIB1";Dissemination
Total precipitation less than 0.1 mm;tpl01;%;131064;"GRIB2 GRIB1";Dissemination
Total precipitation rate less than 1 mm/day;tprl1;%;131065;"GRIB2 GRIB1";Dissemination
Total precipitation rate of at least 3 mm/day;tprg3;%;131066;"GRIB2 GRIB1";Dissemination
Total precipitation rate of at least 5 mm/day;tprg5;%;131067;"GRIB2 GRIB1";Dissemination
10 metre Wind speed of at least 10 m/s;10spg10;%;131068;"GRIB2 GRIB1";Dissemination
10 metre Wind speed of at least 15 m/s;10spg15;%;131069;"GRIB2 GRIB1";Dissemination
10 metre wind gust of at least 15 m/s;10fgg15;%;131070;"GRIB2 GRIB1";Dissemination
10 metre wind gust of at least 20 m/s;10fgg20;%;131071;"GRIB2 GRIB1";Dissemination
10 metre wind gust of at least 25 m/s;10fgg25;%;131072;"GRIB2 GRIB1";Dissemination
2 metre temperature less than 273.15 K;2tl273;%;131073;"GRIB2 GRIB1";Dissemination
Significant wave height of at least 2 m;swhg2;%;131074;"GRIB2 GRIB1";Dissemination
Significant wave height of at least 4 m;swhg4;%;131075;"GRIB2 GRIB1";Dissemination
Significant wave height of at least 6 m;swhg6;%;131076;"GRIB2 GRIB1";Dissemination
Significant wave height of at least 8 m;swhg8;%;131077;"GRIB2 GRIB1";Dissemination
Mean wave period of at least 8 s;mwpg8;%;131078;"GRIB2 GRIB1";Dissemination
Mean wave period of at least 10 s;mwpg10;%;131079;"GRIB2 GRIB1";Dissemination
Mean wave period of at least 12 s;mwpg12;%;131080;"GRIB2 GRIB1";Dissemination
Mean wave period of at least 15 s;mwpg15;%;131081;"GRIB2 GRIB1";Dissemination
Total precipitation of at least 40 mm;tpg40;%;131082;"GRIB2 GRIB1";
Total precipitation of at least 60 mm;tpg60;%;131083;"GRIB2 GRIB1";
Total precipitation of at least 80 mm;tpg80;%;131084;"GRIB2 GRIB1";
Total precipitation of at least 100 mm;tpg100;%;131085;"GRIB2 GRIB1";Dissemination
Total precipitation of at least 150 mm;tpg150;%;131086;"GRIB2 GRIB1";
Total precipitation of at least 200 mm;tpg200;%;131087;"GRIB2 GRIB1";
Total precipitation of at least 300 mm;tpg300;%;131088;"GRIB2 GRIB1";
Total precipitation of at least 25 mm;tpg25;%;131098;"GRIB2 GRIB1";Dissemination
Total precipitation of at least 50 mm;tpg50;%;131099;"GRIB2 GRIB1";Dissemination
10 metre wind gust of at least 10 m/s;10fgg10;%;131100;"GRIB2 GRIB1";Dissemination
Geopotential probability;zp;%;131129;"GRIB2 GRIB1";
Temperature anomaly probability;tap;%;131130;"GRIB2 GRIB1";
Soil temperature level 1 probability;stl1p;%;131139;"GRIB2 GRIB1";
Snowfall (convective + stratiform) probability;sfp;%;131144;"GRIB2 GRIB1";
Mean sea level pressure probability;mslpp;%;131151;"GRIB2 GRIB1";
Total cloud cover probability;tccp;%;131164;"GRIB2 GRIB1";
10 metre speed probability;10sp;%;131165;"GRIB2 GRIB1";
2 metre temperature probability;2tp;%;131167;"GRIB2 GRIB1";Dissemination
Maximum 2 metre temperature probability;mx2tp;%;131201;"GRIB2 GRIB1";
Minimum 2 metre temperature probability;mn2tp;%;131202;"GRIB2 GRIB1";
Total precipitation probability;tpp;%;131228;"GRIB2 GRIB1";Dissemination
Significant wave height probability;swhp;%;131229;"GRIB2 GRIB1";
Mean wave period probability;mwpp;%;131232;"GRIB2 GRIB1";
Indicates a missing value;~;~;131255;"GRIB2 GRIB1";
10 metre convective gust of at least 25 m/s;10cogug25;m s-1;131256;GRIB2;
Convective available potential energy shear index;capesi;Numeric;132044;"GRIB2 GRIB1";Dissemination
Water vapour flux index;wvfi;Numeric;132045;"GRIB2 GRIB1";Dissemination
10 metre wind gust index;10fgi;Numeric;132049;"GRIB2 GRIB1";Dissemination
Convective available potential energy index;capei;Numeric;132059;"GRIB2 GRIB1";Dissemination
Snowfall index;sfi;Numeric;132144;"GRIB2 GRIB1";Dissemination
10 metre speed index;10wsi;Numeric;132165;"GRIB2 GRIB1";Dissemination
2 metre temperature index;2ti;Numeric;132167;"GRIB2 GRIB1";Dissemination
Maximum temperature at 2 metres index;mx2ti;Numeric;132201;"GRIB2 GRIB1";Dissemination
Minimum temperature at 2 metres index;mn2ti;Numeric;132202;"GRIB2 GRIB1";Dissemination
Maximum of significant wave height index;maxswhi;Numeric;132216;"GRIB2 GRIB1";Dissemination
Total precipitation index;tpi;Numeric;132228;"GRIB2 GRIB1";Dissemination
2m temperature probability less than -10 C;2tplm10;%;133001;"GRIB2 GRIB1";
2m temperature probability less than -5 C;2tplm5;%;133002;"GRIB2 GRIB1";
2m temperature probability less than 0 C;2tpl0;%;133003;"GRIB2 GRIB1";
2m temperature probability less than 5 C;2tpl5;%;133004;"GRIB2 GRIB1";
2m temperature probability less than 10 C;2tpl10;%;133005;"GRIB2 GRIB1";
2m temperature probability greater than 25 C;2tpg25;%;133006;"GRIB2 GRIB1";
2m temperature probability greater than 30 C;2tpg30;%;133007;"GRIB2 GRIB1";
2m temperature probability greater than 35 C;2tpg35;%;133008;"GRIB2 GRIB1";
2m temperature probability greater than 40 C;2tpg40;%;133009;"GRIB2 GRIB1";
2m temperature probability greater than 45 C;2tpg45;%;133010;"GRIB2 GRIB1";
Minimum 2 metre temperature probability less than -10 C;mn2tplm10;%;133011;"GRIB2 GRIB1";
Minimum 2 metre temperature probability less than -5 C;mn2tplm5;%;133012;"GRIB2 GRIB1";
Minimum 2 metre temperature probability less than 0 C;mn2tpl0;%;133013;"GRIB2 GRIB1";
Minimum 2 metre temperature probability less than 5 C;mn2tpl5;%;133014;"GRIB2 GRIB1";
Minimum 2 metre temperature probability less than 10 C;mn2tpl10;%;133015;"GRIB2 GRIB1";
Maximum 2 metre temperature probability greater than 25 C;mx2tpg25;%;133016;"GRIB2 GRIB1";
Maximum 2 metre temperature probability greater than 30 C;mx2tpg30;%;133017;"GRIB2 GRIB1";
Maximum 2 metre temperature probability greater than 35 C;mx2tpg35;%;133018;"GRIB2 GRIB1";
Maximum 2 metre temperature probability greater than 40 C;mx2tpg40;%;133019;"GRIB2 GRIB1";
Maximum 2 metre temperature probability greater than 45 C;mx2tpg45;%;133020;"GRIB2 GRIB1";
10 metre wind speed probability of at least 10 m/s;10spg10;%;133021;"GRIB2 GRIB1";
10 metre wind speed probability of at least 15 m/s;10spg15;%;133022;"GRIB2 GRIB1";
10 metre wind speed probability of at least 20 m/s;10spg20;%;133023;"GRIB2 GRIB1";
10 metre wind speed probability of at least 35 m/s;10spg35;%;133024;"GRIB2 GRIB1";
10 metre wind speed probability of at least 50 m/s;10spg50;%;133025;"GRIB2 GRIB1";
10 metre wind gust probability of at least 20 m/s;10gpg20;%;133026;"GRIB2 GRIB1";
10 metre wind gust probability of at least 35 m/s;10gpg35;%;133027;"GRIB2 GRIB1";
10 metre wind gust probability of at least 50 m/s;10gpg50;%;133028;"GRIB2 GRIB1";
10 metre wind gust probability of at least 75 m/s;10gpg75;%;133029;"GRIB2 GRIB1";
10 metre wind gust probability of at least 100 m/s;10gpg100;%;133030;"GRIB2 GRIB1";
Total precipitation probability of at least 1 mm;tppg1;%;133031;"GRIB2 GRIB1";
Total precipitation probability of at least 5 mm;tppg5;%;133032;"GRIB2 GRIB1";
Total precipitation probability of at least 10 mm;tppg10;%;133033;"GRIB2 GRIB1";
Total precipitation probability of at least 20 mm;tppg20;%;133034;"GRIB2 GRIB1";
Total precipitation probability of at least 40 mm;tppg40;%;133035;"GRIB2 GRIB1";
Total precipitation probability of at least 60 mm;tppg60;%;133036;"GRIB2 GRIB1";
Total precipitation probability of at least 80 mm;tppg80;%;133037;"GRIB2 GRIB1";
Total precipitation probability of at least 100 mm;tppg100;%;133038;"GRIB2 GRIB1";
Total precipitation probability of at least 150 mm;tppg150;%;133039;"GRIB2 GRIB1";
Total precipitation probability of at least 200 mm;tppg200;%;133040;"GRIB2 GRIB1";
Total precipitation probability of at least 300 mm;tppg300;%;133041;"GRIB2 GRIB1";
Snowfall probability of at least 1 mm;sfpg1;%;133042;"GRIB2 GRIB1";
Snowfall probability of at least 5 mm;sfpg5;%;133043;"GRIB2 GRIB1";
Snowfall probability of at least 10 mm;sfpg10;%;133044;"GRIB2 GRIB1";
Snowfall probability of at least 20 mm;sfpg20;%;133045;"GRIB2 GRIB1";
Snowfall probability of at least 40 mm;sfpg40;%;133046;"GRIB2 GRIB1";
Snowfall probability of at least 60 mm;sfpg60;%;133047;"GRIB2 GRIB1";
Snowfall probability of at least 80 mm;sfpg80;%;133048;"GRIB2 GRIB1";
Snowfall probability of at least 100 mm;sfpg100;%;133049;"GRIB2 GRIB1";
Snowfall probability of at least 150 mm;sfpg150;%;133050;"GRIB2 GRIB1";
Snowfall probability of at least 200 mm;sfpg200;%;133051;"GRIB2 GRIB1";
Snowfall probability of at least 300 mm;sfpg300;%;133052;"GRIB2 GRIB1";
Total Cloud Cover probability greater than 10%;tccpg10;%;133053;"GRIB2 GRIB1";
Total Cloud Cover probability greater than 20%;tccpg20;%;133054;"GRIB2 GRIB1";
Total Cloud Cover probability greater than 30%;tccpg30;%;133055;"GRIB2 GRIB1";
Total Cloud Cover probability greater than 40%;tccpg40;%;133056;"GRIB2 GRIB1";
Total Cloud Cover probability greater than 50%;tccpg50;%;133057;"GRIB2 GRIB1";
Total Cloud Cover probability greater than 60%;tccpg60;%;133058;"GRIB2 GRIB1";
Total Cloud Cover probability greater than 70%;tccpg70;%;133059;"GRIB2 GRIB1";
Total Cloud Cover probability greater than 80%;tccpg80;%;133060;"GRIB2 GRIB1";
Total Cloud Cover probability greater than 90%;tccpg90;%;133061;"GRIB2 GRIB1";
Total Cloud Cover probability greater than 99%;tccpg99;%;133062;"GRIB2 GRIB1";
High Cloud Cover probability greater than 10%;hccpg10;%;133063;"GRIB2 GRIB1";
High Cloud Cover probability greater than 20%;hccpg20;%;133064;"GRIB2 GRIB1";
High Cloud Cover probability greater than 30%;hccpg30;%;133065;"GRIB2 GRIB1";
High Cloud Cover probability greater than 40%;hccpg40;%;133066;"GRIB2 GRIB1";
High Cloud Cover probability greater than 50%;hccpg50;%;133067;"GRIB2 GRIB1";
High Cloud Cover probability greater than 60%;hccpg60;%;133068;"GRIB2 GRIB1";
High Cloud Cover probability greater than 70%;hccpg70;%;133069;"GRIB2 GRIB1";
High Cloud Cover probability greater than 80%;hccpg80;%;133070;"GRIB2 GRIB1";
High Cloud Cover probability greater than 90%;hccpg90;%;133071;"GRIB2 GRIB1";
High Cloud Cover probability greater than 99%;hccpg99;%;133072;"GRIB2 GRIB1";
Medium Cloud Cover probability greater than 10%;mccpg10;%;133073;"GRIB2 GRIB1";
Medium Cloud Cover probability greater than 20%;mccpg20;%;133074;"GRIB2 GRIB1";
Medium Cloud Cover probability greater than 30%;mccpg30;%;133075;"GRIB2 GRIB1";
Medium Cloud Cover probability greater than 40%;mccpg40;%;133076;"GRIB2 GRIB1";
Medium Cloud Cover probability greater than 50%;mccpg50;%;133077;"GRIB2 GRIB1";
Medium Cloud Cover probability greater than 60%;mccpg60;%;133078;"GRIB2 GRIB1";
Medium Cloud Cover probability greater than 70%;mccpg70;%;133079;"GRIB2 GRIB1";
Medium Cloud Cover probability greater than 80%;mccpg80;%;133080;"GRIB2 GRIB1";
Medium Cloud Cover probability greater than 90%;mccpg90;%;133081;"GRIB2 GRIB1";
Medium Cloud Cover probability greater than 99%;mccpg99;%;133082;"GRIB2 GRIB1";
Low Cloud Cover probability greater than 10%;lccpg10;%;133083;"GRIB2 GRIB1";
Low Cloud Cover probability greater than 20%;lccpg20;%;133084;"GRIB2 GRIB1";
Low Cloud Cover probability greater than 30%;lccpg30;%;133085;"GRIB2 GRIB1";
Low Cloud Cover probability greater than 40%;lccpg40;%;133086;"GRIB2 GRIB1";
Low Cloud Cover probability greater than 50%;lccpg50;%;133087;"GRIB2 GRIB1";
Low Cloud Cover probability greater than 60%;lccpg60;%;133088;"GRIB2 GRIB1";
Low Cloud Cover probability greater than 70%;lccpg70;%;133089;"GRIB2 GRIB1";
Low Cloud Cover probability greater than 80%;lccpg80;%;133090;"GRIB2 GRIB1";
Low Cloud Cover probability greater than 90%;lccpg90;%;133091;"GRIB2 GRIB1";
Low Cloud Cover probability greater than 99%;lccpg99;%;133092;"GRIB2 GRIB1";
Probability of temperature standardized anomaly greater than 1 standard deviation;ptsa_gt_1stdev;%;133093;GRIB2;Dissemination
Probability of temperature standardized anomaly greater than 1.5 standard deviation;ptsa_gt_1p5stdev;%;133094;GRIB2;Dissemination
Probability of temperature standardized anomaly greater than 2 standard deviation;ptsa_gt_2stdev;%;133095;GRIB2;Dissemination
Probability of temperature standardized anomaly less than -1 standard deviation;ptsa_lt_1stdev;%;133096;GRIB2;Dissemination
Probability of temperature standardized anomaly less than -1.5 standard deviation;ptsa_lt_1p5stdev;%;133097;GRIB2;Dissemination
Probability of temperature standardized anomaly less than -2 standard deviation;ptsa_lt_2stdev;%;133098;GRIB2;Dissemination
Wave induced mean sea level correction;weta;m;140098;"GRIB2 GRIB1";Dissemination
Ratio of wave angular and frequency width;wraf;Numeric;140099;"GRIB2 GRIB1";Dissemination
Number of events in freak waves statistics;wnslc;Numeric;140100;"GRIB2 GRIB1";Dissemination
U-component of atmospheric surface momentum flux;utaua;N m-2;140101;"GRIB2 GRIB1";Dissemination
V-component of atmospheric surface momentum flux;vtaua;N m-2;140102;"GRIB2 GRIB1";Dissemination
U-component of surface momentum flux into ocean;utauo;N m-2;140103;"GRIB2 GRIB1";Dissemination
V-component of surface momentum flux into ocean;vtauo;N m-2;140104;"GRIB2 GRIB1";Dissemination
Wave turbulent energy flux into ocean;wphio;W m-2;140105;"GRIB2 GRIB1";Dissemination
Wave directional width of first swell partition;wdw1;radians;140106;"GRIB2 GRIB1";
Wave frequency width of first swell partition;wfw1;dimensionless;140107;"GRIB2 GRIB1";
Wave directional width of second swell partition;wdw2;radians;140108;"GRIB2 GRIB1";
Wave frequency width of second swell partition;wfw2;dimensionless;140109;"GRIB2 GRIB1";
Wave directional width of third swell partition;wdw3;radians;140110;"GRIB2 GRIB1";
Wave frequency width of third swell partition;wfw3;dimensionless;140111;"GRIB2 GRIB1";
Wave energy flux magnitude;wefxm;W m-1;140112;"GRIB2 GRIB1";Dissemination
Wave energy flux mean direction;wefxd;Degree true;140113;"GRIB2 GRIB1";Dissemination
Significant wave height of all waves with periods within the inclusive range from 10 to 12 seconds;h1012;m;140114;"GRIB2 GRIB1";Dissemination
Significant wave height of all waves with periods within the inclusive range from 12 to 14 seconds;h1214;m;140115;"GRIB2 GRIB1";Dissemination
Significant wave height of all waves with periods within the inclusive range from 14 to 17 seconds;h1417;m;140116;"GRIB2 GRIB1";Dissemination
Significant wave height of all waves with periods within the inclusive range from 17 to 21 seconds;h1721;m;140117;"GRIB2 GRIB1";Dissemination
Significant wave height of all waves with periods within the inclusive range from 21 to 25 seconds;h2125;m;140118;"GRIB2 GRIB1";Dissemination
Significant wave height of all waves with periods within the inclusive range from 25 to 30 seconds;h2530;m;140119;"GRIB2 GRIB1";Dissemination
Significant wave height of all waves with period larger than 10s;sh10;m;140120;"GRIB2 GRIB1";Dissemination
Significant wave height of first swell partition;swh1;m;140121;"GRIB2 GRIB1";Dissemination
Mean wave direction of first swell partition;mwd1;degrees;140122;"GRIB2 GRIB1";Dissemination
Mean wave period of first swell partition;mwp1;s;140123;"GRIB2 GRIB1";Dissemination
Significant wave height of second swell partition;swh2;m;140124;"GRIB2 GRIB1";Dissemination
Mean wave direction of second swell partition;mwd2;degrees;140125;"GRIB2 GRIB1";Dissemination
Mean wave period of second swell partition;mwp2;s;140126;"GRIB2 GRIB1";Dissemination
Significant wave height of third swell partition;swh3;m;140127;"GRIB2 GRIB1";Dissemination
Mean wave direction of third swell partition;mwd3;degrees;140128;"GRIB2 GRIB1";Dissemination
Mean wave period of third swell partition;mwp3;s;140129;"GRIB2 GRIB1";Dissemination
Time domain maximum individual crest height;tdcmax;m;140131;GRIB2;
Time domain maximum individual wave height;tdhmax;m;140132;GRIB2;
Space time maximum individual crest height;stcmax;m;140133;GRIB2;
Space time maximum individual wave height;sthmax;m;140134;GRIB2;
Peak wave period of wind waves;pp1dw;s;140135;GRIB2;
Peak wave period of total swell;pp1ds;s;140136;GRIB2;
Peak wave period of first swell partition;pp1d1;s;140137;GRIB2;
Peak wave period of second swell partition;pp1d2;s;140138;GRIB2;
Peak wave period of third swell partition;pp1d3;s;140139;GRIB2;
Peak wave direction (total);pwd;Degree true;140140;GRIB2;
Peak wave direction of wind waves;pwdw;Degree true;140141;GRIB2;
Peak wave direction of total swell;pwds;Degree true;140142;GRIB2;
Peak wave direction of first swell partition;pwd1;Degree true;140143;GRIB2;
Peak wave direction of second swell partition;pwd2;Degree true;140144;GRIB2;
Peak wave direction of third swell partition;pwd3;Degree true;140145;GRIB2;
Whitecap fraction;wcfr;Fraction;140146;GRIB2;
Benjamin-Feir index 2D;bfi2d;Numeric;140147;GRIB2;
Crest-trough correlation;ctc;Numeric;140148;GRIB2;
X component of the wave radiative stress to sea ice;xwrs;N m-2;140149;GRIB2;
Y component of the wave radiative stress to sea ice;ywrs;N m-2;140150;GRIB2;
Maximum of significant wave height;maxswh;m;140200;"GRIB2 GRIB1";
Wave Spectral Skewness;wss;Numeric;140207;"GRIB2 GRIB1";Dissemination
Free convective velocity over the oceans;wstar;m s-1;140208;"GRIB2 GRIB1";Dissemination
Air density over the oceans;rhoao;kg m-3;140209;"GRIB2 GRIB1";Dissemination
Normalized energy flux into waves;phiaw;Numeric;140211;"GRIB2 GRIB1";Dissemination
Normalized energy flux into ocean;phioc;Numeric;140212;"GRIB2 GRIB1";Dissemination
Normalized stress into ocean;tauoc;Numeric;140214;"GRIB2 GRIB1";Dissemination
U-component surface stokes drift;ust;m s-1;140215;"GRIB2 GRIB1";Dissemination
V-component surface stokes drift;vst;m s-1;140216;"GRIB2 GRIB1";Dissemination
Period corresponding to maximum individual wave height;tmax;s;140217;"GRIB2 GRIB1";Dissemination
Envelop-maximum individual wave height;hmax;m;140218;"GRIB2 GRIB1";Dissemination
Model bathymetry;wmb;m;140219;"GRIB2 GRIB1";Dissemination
Mean wave period based on first moment;mp1;s;140220;"GRIB2 GRIB1";Dissemination
Mean zero-crossing wave period;mp2;s;140221;"GRIB2 GRIB1";Dissemination
Wave spectral directional width;wdw;radians;140222;"GRIB2 GRIB1";Dissemination
Mean wave period based on first moment for wind waves;p1ww;s;140223;"GRIB2 GRIB1";Dissemination
Mean wave period based on second moment for wind waves;p2ww;s;140224;"GRIB2 GRIB1";Dissemination
Wave spectral directional width for wind waves;dwww;radians;140225;"GRIB2 GRIB1";Dissemination
Mean wave period based on first moment for swell;p1ps;s;140226;"GRIB2 GRIB1";Dissemination
Mean wave period based on second moment for swell;p2ps;s;140227;"GRIB2 GRIB1";Dissemination
Wave spectral directional width for swell;dwps;radians;140228;"GRIB2 GRIB1";Dissemination
Significant height of combined wind waves and swell;swh;m;140229;"GRIB2 GRIB1";Dissemination
Mean wave direction;mwd;Degree true;140230;"GRIB2 GRIB1";Dissemination
Peak wave period;pp1d;s;140231;"GRIB2 GRIB1";Dissemination
Mean wave period;mwp;s;140232;"GRIB2 GRIB1";Dissemination
Coefficient of drag with waves;cdww;dimensionless;140233;"GRIB2 GRIB1";Dissemination
Significant height of wind waves;shww;m;140234;"GRIB2 GRIB1";Dissemination
Mean direction of wind waves;mdww;degrees;140235;"GRIB2 GRIB1";Dissemination
Mean period of wind waves;mpww;s;140236;"GRIB2 GRIB1";Dissemination
Significant height of total swell;shts;m;140237;"GRIB2 GRIB1";Dissemination
Mean direction of total swell;mdts;degrees;140238;"GRIB2 GRIB1";Dissemination
Mean period of total swell;mpts;s;140239;"GRIB2 GRIB1";Dissemination
Standard deviation wave height;sdhs;m;140240;"GRIB2 GRIB1";
Mean of 10 metre wind speed;mu10;m s-1;140241;"GRIB2 GRIB1";
Mean wind direction;mdwi;degrees;140242;"GRIB2 GRIB1";
Standard deviation of 10 metre wind speed;sdu;m s-1;140243;"GRIB2 GRIB1";
Mean square slope of waves;msqs;dimensionless;140244;"GRIB2 GRIB1";Dissemination
10 metre wind speed;wind;m s-1;140245;"GRIB2 GRIB1";Dissemination
Altimeter wave height;awh;m;140246;"GRIB2 GRIB1";Dissemination
Altimeter corrected wave height;acwh;m;140247;"GRIB2 GRIB1";Dissemination
Altimeter range relative correction;arrc;~;140248;"GRIB2 GRIB1";Dissemination
10 metre wind direction;dwi;degrees;140249;"GRIB2 GRIB1";Dissemination
2D wave spectra (multiple);2dsp;m2 s radian-1;140250;"GRIB2 GRIB1";
2D wave spectra (single);2dfd;m2 s radian-1;140251;"GRIB2 GRIB1";Dissemination
Wave spectral kurtosis;wsk;dimensionless;140252;"GRIB2 GRIB1";Dissemination
Benjamin-Feir index;bfi;dimensionless;140253;"GRIB2 GRIB1";Dissemination
Wave spectral peakedness;wsp;dimensionless;140254;"GRIB2 GRIB1";Dissemination
Indicates a missing value;~;~;140255;"GRIB2 GRIB1";
Time-mean wave induced mean sea level correction;avg_weta;m;141098;GRIB2;
Time-mean ratio of wave angular and frequency width;avg_wraf;Numeric;141099;GRIB2;
Time-mean number of events in freak waves statistics;avg_wnslc;Numeric;141100;GRIB2;
Time-mean U-component of atmospheric surface momentum flux;avg_utaua;N m-2;141101;GRIB2;
Time-mean V-component of atmospheric surface momentum flux;avg_vtaua;N m-2;141102;GRIB2;
Time-mean U-component of surface momentum flux into ocean;avg_utauo;N m-2;141103;GRIB2;
Time-mean V-component of surface momentum flux into ocean;avg_vtauo;N m-2;141104;GRIB2;
Time-mean wave turbulent energy flux into ocean;avg_wphio;W m-2;141105;GRIB2;
Time-mean wave directional width of first swell partition;avg_wdw1;radians;141106;GRIB2;
Time-mean wave frequency width of first swell partition;avg_wfw1;dimensionless;141107;GRIB2;
Time-mean wave directional width of second swell partition;avg_wdw2;radians;141108;GRIB2;
Time-mean wave frequency width of second swell partition;avg_wfw2;dimensionless;141109;GRIB2;
Time-mean wave directional width of third swell partition;avg_wdw3;radians;141110;GRIB2;
Time-mean wave frequency width of third swell partition;avg_wfw3;dimensionless;141111;GRIB2;
Time-mean wave energy flux magnitude;avg_wefxm;W m-1;141112;GRIB2;
Time-mean wave energy flux mean direction;avg_wefxd;Degree true;141113;GRIB2;
Time-mean significant wave height of all waves with periods within the inclusive range from 10 to 12 seconds;avg_h1012;m;141114;GRIB2;
Time-mean significant wave height of all waves with periods within the inclusive range from 12 to 14 seconds;avg_h1214;m;141115;GRIB2;
Time-mean significant wave height of all waves with periods within the inclusive range from 14 to 17 seconds;avg_h1417;m;141116;GRIB2;
Time-mean significant wave height of all waves with periods within the inclusive range from 17 to 21 seconds;avg_h1721;m;141117;GRIB2;
Time-mean significant wave height of all waves with periods within the inclusive range from 21 to 25 seconds;avg_h2125;m;141118;GRIB2;
Time-mean significant wave height of all waves with periods within the inclusive range from 25 to 30 seconds;avg_h2530;m;141119;GRIB2;
Time-mean significant wave height of all waves with period larger than 10s;avg_sh10;m;141120;GRIB2;
Time-mean significant wave height of first swell partition;avg_swh1;m;141121;GRIB2;
Time-mean mean wave direction of first swell partition;avg_mwd1;degrees;141122;GRIB2;
Time-mean mean wave period of first swell partition;avg_mwp1;s;141123;GRIB2;
Time-mean significant wave height of second swell partition;avg_swh2;m;141124;GRIB2;
Time-mean mean wave direction of second swell partition;avg_mwd2;degrees;141125;GRIB2;
Time-mean mean wave period of second swell partition;avg_mwp2;s;141126;GRIB2;
Time-mean significant wave height of third swell partition;avg_swh3;m;141127;GRIB2;
Time-mean mean wave direction of third swell partition;avg_mwd3;degrees;141128;GRIB2;
Time-mean mean wave period of third swell partition;avg_mwp3;s;141129;GRIB2;
Time-mean time domain maximum individual crest height;avg_tdcmax;m;141131;GRIB2;
Time-mean time domain maximum individual wave height;avg_tdhmax;m;141132;GRIB2;
Time-mean space time maximum individual crest height;avg_stcmax;m;141133;GRIB2;
Time-mean space time maximum individual wave height;avg_sthmax;m;141134;GRIB2;
Time-mean peak wave period of wind waves;avg_pp1dw;s;141135;GRIB2;
Time-mean peak wave period of total swell;avg_pp1ds;s;141136;GRIB2;
Time-mean peak wave period of first swell partition;avg_pp1d1;s;141137;GRIB2;
Time-mean peak wave period of second swell partition;avg_pp1d2;s;141138;GRIB2;
Time-mean peak wave period of third swell partition;avg_pp1d3;s;141139;GRIB2;
Time-mean peak wave direction (total);avg_pwd;Degree true;141140;GRIB2;
Time-mean peak wave direction of wind waves;avg_pwdw;Degree true;141141;GRIB2;
Time-mean peak wave direction of total swell;avg_pwds;Degree true;141142;GRIB2;
Time-mean peak wave direction of first swell partition;avg_pwd1;Degree true;141143;GRIB2;
Time-mean peak wave direction of second swell partition;avg_pwd2;Degree true;141144;GRIB2;
Time-mean peak wave direction of third swell partition;avg_pwd3;Degree true;141145;GRIB2;
Time-mean whitecap fraction;avg_wcfr;Fraction;141146;GRIB2;
Time-mean Benjamin-Feir index 2D;avg_bfi2d;Numeric;141147;GRIB2;
Time-mean crest-trough correlation;avg_ctc;Numeric;141148;GRIB2;
Time-mean X component of the wave radiative stress to sea ice;avg_xwrs;N m-2;141149;GRIB2;
Time-mean Y component of the wave radiative stress to sea ice;avg_ywrs;N m-2;141150;GRIB2;
Time-mean wave Spectral Skewness;avg_wss;Numeric;141207;GRIB2;
Time-mean free convective velocity over the oceans;avg_wstar;m s-1;141208;GRIB2;
Time-mean air density over the oceans;avg_rhoao;kg m-3;141209;GRIB2;
Time-mean normalized energy flux into waves;avg_phiaw;Numeric;141211;GRIB2;
Time-mean normalized energy flux into ocean;avg_phioc;Numeric;141212;GRIB2;
Time-mean normalized stress into ocean;avg_tauoc;Numeric;141214;GRIB2;
Time-mean U-component surface stokes drift;avg_ust;m s-1;141215;GRIB2;
Time-mean V-component surface stokes drift;avg_vst;m s-1;141216;GRIB2;
Time-mean period corresponding to maximum individual wave height;avg_tmax;s;141217;GRIB2;
Time-mean envelop-maximum individual wave height;avg_hmax;m;141218;GRIB2;
Time-mean mean wave period based on first moment;avg_mp1;s;141220;GRIB2;
Time-mean mean zero-crossing wave period;avg_mp2;s;141221;GRIB2;
Time-mean wave spectral directional width;avg_wdw;radians;141222;GRIB2;
Time-mean mean wave period based on first moment for wind waves;avg_p1ww;s;141223;GRIB2;
Time-mean mean wave period based on second moment for wind waves;avg_p2ww;s;141224;GRIB2;
Time-mean wave spectral directional width for wind waves;avg_dwww;radians;141225;GRIB2;
Time-mean mean wave period based on first moment for swell;avg_p1ps;s;141226;GRIB2;
Time-mean mean wave period based on second moment for swell;avg_p2ps;s;141227;GRIB2;
Time-mean wave spectral directional width for swell;avg_dwps;radians;141228;GRIB2;
Time-mean significant height of combined wind waves and swell;avg_swh;m;141229;GRIB2;
Time-mean mean wave direction;avg_mwd;Degree true;141230;GRIB2;
Time-mean peak wave period;avg_pp1d;s;141231;GRIB2;
Time-mean mean wave period;avg_mwp;s;141232;GRIB2;
Time-mean coefficient of drag with waves;avg_cdww;dimensionless;141233;GRIB2;
Time-mean significant height of wind waves;avg_shww;m;141234;GRIB2;
Time-mean mean direction of wind waves;avg_mdww;degrees;141235;GRIB2;
Time-mean mean period of wind waves;avg_mpww;s;141236;GRIB2;
Time-mean significant height of total swell;avg_shts;m;141237;GRIB2;
Time-mean mean direction of total swell;avg_mdts;degrees;141238;GRIB2;
Time-mean mean period of total swell;avg_mpts;s;141239;GRIB2;
Time-mean mean square slope of waves;avg_msqs;dimensionless;141244;GRIB2;
Time-mean 10 metre wind speed;avg_wind;m s-1;141245;GRIB2;
Time-mean 10 metre wind direction;avg_dwi;degrees;141249;GRIB2;
Time-mean wave spectral kurtosis;avg_wsk;dimensionless;141252;GRIB2;
Time-mean benjamin-Feir index;avg_bfi;dimensionless;141253;GRIB2;
Time-mean wave spectral peakedness;avg_wsp;dimensionless;141254;GRIB2;
Time-maximum wave induced mean sea level correction;max_weta;m;143098;GRIB2;
Time-maximum ratio of wave angular and frequency width;max_wraf;Numeric;143099;GRIB2;
Time-maximum number of events in freak waves statistics;max_wnslc;Numeric;143100;GRIB2;
Time-maximum U-component of atmospheric surface momentum flux;max_utaua;N m-2;143101;GRIB2;
Time-maximum V-component of atmospheric surface momentum flux;max_vtaua;N m-2;143102;GRIB2;
Time-maximum U-component of surface momentum flux into ocean;max_utauo;N m-2;143103;GRIB2;
Time-maximum V-component of surface momentum flux into ocean;max_vtauo;N m-2;143104;GRIB2;
Time-maximum wave turbulent energy flux into ocean;max_wphio;W m-2;143105;GRIB2;
Time-maximum wave directional width of first swell partition;max_wdw1;radians;143106;GRIB2;
Time-maximum wave frequency width of first swell partition;max_wfw1;dimensionless;143107;GRIB2;
Time-maximum wave directional width of second swell partition;max_wdw2;radians;143108;GRIB2;
Time-maximum wave frequency width of second swell partition;max_wfw2;dimensionless;143109;GRIB2;
Time-maximum wave directional width of third swell partition;max_wdw3;radians;143110;GRIB2;
Time-maximum wave frequency width of third swell partition;max_wfw3;dimensionless;143111;GRIB2;
Time-maximum wave energy flux magnitude;max_wefxm;W m-1;143112;GRIB2;
Time-maximum wave energy flux mean direction;max_wefxd;Degree true;143113;GRIB2;
Time-maximum significant wave height of all waves with periods within the inclusive range from 10 to 12 seconds;max_h1012;m;143114;GRIB2;
Time-maximum significant wave height of all waves with periods within the inclusive range from 12 to 14 seconds;max_h1214;m;143115;GRIB2;
Time-maximum significant wave height of all waves with periods within the inclusive range from 14 to 17 seconds;max_h1417;m;143116;GRIB2;
Time-maximum significant wave height of all waves with periods within the inclusive range from 17 to 21 seconds;max_h1721;m;143117;GRIB2;
Time-maximum significant wave height of all waves with periods within the inclusive range from 21 to 25 seconds;max_h2125;m;143118;GRIB2;
Time-maximum significant wave height of all waves with periods within the inclusive range from 25 to 30 seconds;max_h2530;m;143119;GRIB2;
Time-maximum significant wave height of all waves with period larger than 10s;max_sh10;m;143120;GRIB2;
Time-maximum significant wave height of first swell partition;max_swh1;m;143121;GRIB2;
Time-maximum mean wave direction of first swell partition;max_mwd1;degrees;143122;GRIB2;
Time-maximum mean wave period of first swell partition;max_mwp1;s;143123;GRIB2;
Time-maximum significant wave height of second swell partition;max_swh2;m;143124;GRIB2;
Time-maximum mean wave direction of second swell partition;max_mwd2;degrees;143125;GRIB2;
Time-maximum mean wave period of second swell partition;max_mwp2;s;143126;GRIB2;
Time-maximum significant wave height of third swell partition;max_swh3;m;143127;GRIB2;
Time-maximum mean wave direction of third swell partition;max_mwd3;degrees;143128;GRIB2;
Time-maximum mean wave period of third swell partition;max_mwp3;s;143129;GRIB2;
Time-maximum time domain maximum individual crest height;max_tdcmax;m;143131;GRIB2;
Time-maximum time domain maximum individual wave height;max_tdhmax;m;143132;GRIB2;
Time-maximum space time maximum individual crest height;max_stcmax;m;143133;GRIB2;
Time-maximum space time maximum individual wave height;max_sthmax;m;143134;GRIB2;
Time-maximum peak wave period of wind waves;max_pp1dw;s;143135;GRIB2;
Time-maximum peak wave period of total swell;max_pp1ds;s;143136;GRIB2;
Time-maximum peak wave period of first swell partition;max_pp1d1;s;143137;GRIB2;
Time-maximum peak wave period of second swell partition;max_pp1d2;s;143138;GRIB2;
Time-maximum peak wave period of third swell partition;max_pp1d3;s;143139;GRIB2;
Time-maximum peak wave direction (total);max_pwd;Degree true;143140;GRIB2;
Time-maximum peak wave direction of wind waves;max_pwdw;Degree true;143141;GRIB2;
Time-maximum peak wave direction of total swell;max_pwds;Degree true;143142;GRIB2;
Time-maximum peak wave direction of first swell partition;max_pwd1;Degree true;143143;GRIB2;
Time-maximum peak wave direction of second swell partition;max_pwd2;Degree true;143144;GRIB2;
Time-maximum peak wave direction of third swell partition;max_pwd3;Degree true;143145;GRIB2;
Time-maximum whitecap fraction;max_wcfr;Fraction;143146;GRIB2;
Time-maximum Benjamin-Feir index 2D;max_bfi2d;Numeric;143147;GRIB2;
Time-maximum crest-trough correlation;max_ctc;Numeric;143148;GRIB2;
Time-maximum X component of the wave radiative stress to sea ice;max_xwrs;N m-2;143149;GRIB2;
Time-maximum Y component of the wave radiative stress to sea ice;max_ywrs;N m-2;143150;GRIB2;
Time-maximum wave Spectral Skewness;max_wss;Numeric;143207;GRIB2;
Time-maximum free convective velocity over the oceans;max_wstar;m s-1;143208;GRIB2;
Time-maximum air density over the oceans;max_rhoao;kg m-3;143209;GRIB2;
Time-maximum normalized energy flux into waves;max_phiaw;Numeric;143211;GRIB2;
Time-maximum normalized energy flux into ocean;max_phioc;Numeric;143212;GRIB2;
Time-maximum normalized stress into ocean;max_tauoc;Numeric;143214;GRIB2;
Time-maximum U-component surface stokes drift;max_ust;m s-1;143215;GRIB2;
Time-maximum V-component surface stokes drift;max_vst;m s-1;143216;GRIB2;
Time-maximum period corresponding to maximum individual wave height;max_tmax;s;143217;GRIB2;
Time-maximum envelop-maximum individual wave height;max_hmax;m;143218;GRIB2;
Time-maximum mean wave period based on first moment;max_mp1;s;143220;GRIB2;
Time-maximum mean zero-crossing wave period;max_mp2;s;143221;GRIB2;
Time-maximum wave spectral directional width;max_wdw;radians;143222;GRIB2;
Time-maximum mean wave period based on first moment for wind waves;max_p1ww;s;143223;GRIB2;
Time-maximum mean wave period based on second moment for wind waves;max_p2ww;s;143224;GRIB2;
Time-maximum wave spectral directional width for wind waves;max_dwww;radians;143225;GRIB2;
Time-maximum mean wave period based on first moment for swell;max_p1ps;s;143226;GRIB2;
Time-maximum mean wave period based on second moment for swell;max_p2ps;s;143227;GRIB2;
Time-maximum wave spectral directional width for swell;max_dwps;radians;143228;GRIB2;
Time-maximum significant height of combined wind waves and swell;max_swh;m;143229;GRIB2;
Time-maximum mean wave direction;max_mwd;Degree true;143230;GRIB2;
Time-maximum peak wave period;max_pp1d;s;143231;GRIB2;
Time-maximum mean wave period;max_mwp;s;143232;GRIB2;
Time-maximum coefficient of drag with waves;max_cdww;dimensionless;143233;GRIB2;
Time-maximum significant height of wind waves;max_shww;m;143234;GRIB2;
Time-maximum mean direction of wind waves;max_mdww;degrees;143235;GRIB2;
Time-maximum mean period of wind waves;max_mpww;s;143236;GRIB2;
Time-maximum significant height of total swell;max_shts;m;143237;GRIB2;
Time-maximum mean direction of total swell;max_mdts;degrees;143238;GRIB2;
Time-maximum mean period of total swell;max_mpts;s;143239;GRIB2;
Time-maximum mean square slope of waves;max_msqs;dimensionless;143244;GRIB2;
Time-maximum 10 metre wind speed;max_wind;m s-1;143245;GRIB2;
Time-maximum 10 metre wind direction;max_dwi;degrees;143249;GRIB2;
Time-maximum wave spectral kurtosis;max_wsk;dimensionless;143252;GRIB2;
Time-maximum benjamin-Feir index;max_bfi;dimensionless;143253;GRIB2;
Time-maximum wave spectral peakedness;max_wsp;dimensionless;143254;GRIB2;
Time-minimum wave induced mean sea level correction;min_weta;m;144098;GRIB2;
Time-minimum ratio of wave angular and frequency width;min_wraf;Numeric;144099;GRIB2;
Time-minimum number of events in freak waves statistics;min_wnslc;Numeric;144100;GRIB2;
Time-minimum U-component of atmospheric surface momentum flux;min_utaua;N m-2;144101;GRIB2;
Time-minimum V-component of atmospheric surface momentum flux;min_vtaua;N m-2;144102;GRIB2;
Time-minimum U-component of surface momentum flux into ocean;min_utauo;N m-2;144103;GRIB2;
Time-minimum V-component of surface momentum flux into ocean;min_vtauo;N m-2;144104;GRIB2;
Time-minimum wave turbulent energy flux into ocean;min_wphio;W m-2;144105;GRIB2;
Time-minimum wave directional width of first swell partition;min_wdw1;radians;144106;GRIB2;
Time-minimum wave frequency width of first swell partition;min_wfw1;dimensionless;144107;GRIB2;
Time-minimum wave directional width of second swell partition;min_wdw2;radians;144108;GRIB2;
Time-minimum wave frequency width of second swell partition;min_wfw2;dimensionless;144109;GRIB2;
Time-minimum wave directional width of third swell partition;min_wdw3;radians;144110;GRIB2;
Time-minimum wave frequency width of third swell partition;min_wfw3;dimensionless;144111;GRIB2;
Time-minimum wave energy flux magnitude;min_wefxm;W m-1;144112;GRIB2;
Time-minimum wave energy flux mean direction;min_wefxd;Degree true;144113;GRIB2;
Time-minimum significant wave height of all waves with periods within the inclusive range from 10 to 12 seconds;min_h1012;m;144114;GRIB2;
Time-minimum significant wave height of all waves with periods within the inclusive range from 12 to 14 seconds;min_h1214;m;144115;GRIB2;
Time-minimum significant wave height of all waves with periods within the inclusive range from 14 to 17 seconds;min_h1417;m;144116;GRIB2;
Time-minimum significant wave height of all waves with periods within the inclusive range from 17 to 21 seconds;min_h1721;m;144117;GRIB2;
Time-minimum significant wave height of all waves with periods within the inclusive range from 21 to 25 seconds;min_h2125;m;144118;GRIB2;
Time-minimum significant wave height of all waves with periods within the inclusive range from 25 to 30 seconds;min_h2530;m;144119;GRIB2;
Time-minimum significant wave height of all waves with period larger than 10s;min_sh10;m;144120;GRIB2;
Time-minimum significant wave height of first swell partition;min_swh1;m;144121;GRIB2;
Time-minimum mean wave direction of first swell partition;min_mwd1;degrees;144122;GRIB2;
Time-minimum mean wave period of first swell partition;min_mwp1;s;144123;GRIB2;
Time-minimum significant wave height of second swell partition;min_swh2;m;144124;GRIB2;
Time-minimum mean wave direction of second swell partition;min_mwd2;degrees;144125;GRIB2;
Time-minimum mean wave period of second swell partition;min_mwp2;s;144126;GRIB2;
Time-minimum significant wave height of third swell partition;min_swh3;m;144127;GRIB2;
Time-minimum mean wave direction of third swell partition;min_mwd3;degrees;144128;GRIB2;
Time-minimum mean wave period of third swell partition;min_mwp3;s;144129;GRIB2;
Time-minimum time domain maximum individual crest height;min_tdcmax;m;144131;GRIB2;
Time-minimum time domain maximum individual wave height;min_tdhmax;m;144132;GRIB2;
Time-minimum space time maximum individual crest height;min_stcmax;m;144133;GRIB2;
Time-minimum space time maximum individual wave height;min_sthmax;m;144134;GRIB2;
Time-minimum peak wave period of wind waves;min_pp1dw;s;144135;GRIB2;
Time-minimum peak wave period of total swell;min_pp1ds;s;144136;GRIB2;
Time-minimum peak wave period of first swell partition;min_pp1d1;s;144137;GRIB2;
Time-minimum peak wave period of second swell partition;min_pp1d2;s;144138;GRIB2;
Time-minimum peak wave period of third swell partition;min_pp1d3;s;144139;GRIB2;
Time-minimum peak wave direction (total);min_pwd;Degree true;144140;GRIB2;
Time-minimum peak wave direction of wind waves;min_pwdw;Degree true;144141;GRIB2;
Time-minimum peak wave direction of total swell;min_pwds;Degree true;144142;GRIB2;
Time-minimum peak wave direction of first swell partition;min_pwd1;Degree true;144143;GRIB2;
Time-minimum peak wave direction of second swell partition;min_pwd2;Degree true;144144;GRIB2;
Time-minimum peak wave direction of third swell partition;min_pwd3;Degree true;144145;GRIB2;
Time-minimum whitecap fraction;min_wcfr;Fraction;144146;GRIB2;
Time-minimum Benjamin-Feir index 2D;min_bfi2d;Numeric;144147;GRIB2;
Time-minimum crest-trough correlation;min_ctc;Numeric;144148;GRIB2;
Time-minimum X component of the wave radiative stress to sea ice;min_xwrs;N m-2;144149;GRIB2;
Time-minimum Y component of the wave radiative stress to sea ice;min_ywrs;N m-2;144150;GRIB2;
Time-minimum wave Spectral Skewness;min_wss;Numeric;144207;GRIB2;
Time-minimum free convective velocity over the oceans;min_wstar;m s-1;144208;GRIB2;
Time-minimum air density over the oceans;min_rhoao;kg m-3;144209;GRIB2;
Time-minimum normalized energy flux into waves;min_phiaw;Numeric;144211;GRIB2;
Time-minimum normalized energy flux into ocean;min_phioc;Numeric;144212;GRIB2;
Time-minimum normalized stress into ocean;min_tauoc;Numeric;144214;GRIB2;
Time-minimum U-component surface stokes drift;min_ust;m s-1;144215;GRIB2;
Time-minimum V-component surface stokes drift;min_vst;m s-1;144216;GRIB2;
Time-minimum period corresponding to maximum individual wave height;min_tmax;s;144217;GRIB2;
Time-minimum envelop-maximum individual wave height;min_hmax;m;144218;GRIB2;
Time-minimum mean wave period based on first moment;min_mp1;s;144220;GRIB2;
Time-minimum mean zero-crossing wave period;min_mp2;s;144221;GRIB2;
Time-minimum wave spectral directional width;min_wdw;radians;144222;GRIB2;
Time-minimum mean wave period based on first moment for wind waves;min_p1ww;s;144223;GRIB2;
Time-minimum mean wave period based on second moment for wind waves;min_p2ww;s;144224;GRIB2;
Time-minimum wave spectral directional width for wind waves;min_dwww;radians;144225;GRIB2;
Time-minimum mean wave period based on first moment for swell;min_p1ps;s;144226;GRIB2;
Time-minimum mean wave period based on second moment for swell;min_p2ps;s;144227;GRIB2;
Time-minimum wave spectral directional width for swell;min_dwps;radians;144228;GRIB2;
Time-minimum significant height of combined wind waves and swell;min_swh;m;144229;GRIB2;
Time-minimum mean wave direction;min_mwd;Degree true;144230;GRIB2;
Time-minimum peak wave period;min_pp1d;s;144231;GRIB2;
Time-minimum mean wave period;min_mwp;s;144232;GRIB2;
Time-minimum coefficient of drag with waves;min_cdww;dimensionless;144233;GRIB2;
Time-minimum significant height of wind waves;min_shww;m;144234;GRIB2;
Time-minimum mean direction of wind waves;min_mdww;degrees;144235;GRIB2;
Time-minimum mean period of wind waves;min_mpww;s;144236;GRIB2;
Time-minimum significant height of total swell;min_shts;m;144237;GRIB2;
Time-minimum mean direction of total swell;min_mdts;degrees;144238;GRIB2;
Time-minimum mean period of total swell;min_mpts;s;144239;GRIB2;
Time-minimum mean square slope of waves;min_msqs;dimensionless;144244;GRIB2;
Time-minimum 10 metre wind speed;min_wind;m s-1;144245;GRIB2;
Time-minimum 10 metre wind direction;min_dwi;degrees;144249;GRIB2;
Time-minimum wave spectral kurtosis;min_wsk;dimensionless;144252;GRIB2;
Time-minimum benjamin-Feir index;min_bfi;dimensionless;144253;GRIB2;
Time-minimum wave spectral peakedness;min_wsp;dimensionless;144254;GRIB2;
Time-standard-deviation wave induced mean sea level correction;std_weta;m;145098;GRIB2;
Time-standard-deviation ratio of wave angular and frequency width;std_wraf;Numeric;145099;GRIB2;
Time-standard-deviation number of events in freak waves statistics;std_wnslc;Numeric;145100;GRIB2;
Time-standard-deviation U-component of atmospheric surface momentum flux;std_utaua;N m-2;145101;GRIB2;
Time-standard-deviation V-component of atmospheric surface momentum flux;std_vtaua;N m-2;145102;GRIB2;
Time-standard-deviation U-component of surface momentum flux into ocean;std_utauo;N m-2;145103;GRIB2;
Time-standard-deviation V-component of surface momentum flux into ocean;std_vtauo;N m-2;145104;GRIB2;
Time-standard-deviation wave turbulent energy flux into ocean;std_wphio;W m-2;145105;GRIB2;
Time-standard-deviation wave directional width of first swell partition;std_wdw1;radians;145106;GRIB2;
Time-standard-deviation wave frequency width of first swell partition;std_wfw1;dimensionless;145107;GRIB2;
Time-standard-deviation wave directional width of second swell partition;std_wdw2;radians;145108;GRIB2;
Time-standard-deviation wave frequency width of second swell partition;std_wfw2;dimensionless;145109;GRIB2;
Time-standard-deviation wave directional width of third swell partition;std_wdw3;radians;145110;GRIB2;
Time-standard-deviation wave frequency width of third swell partition;std_wfw3;dimensionless;145111;GRIB2;
Time-standard-deviation wave energy flux magnitude;std_wefxm;W m-1;145112;GRIB2;
Time-standard-deviation wave energy flux mean direction;std_wefxd;Degree true;145113;GRIB2;
Time-standard-deviation significant wave height of all waves with periods within the inclusive range from 10 to 12 seconds;std_h1012;m;145114;GRIB2;
Time-standard-deviation significant wave height of all waves with periods within the inclusive range from 12 to 14 seconds;std_h1214;m;145115;GRIB2;
Time-standard-deviation significant wave height of all waves with periods within the inclusive range from 14 to 17 seconds;std_h1417;m;145116;GRIB2;
Time-standard-deviation significant wave height of all waves with periods within the inclusive range from 17 to 21 seconds;std_h1721;m;145117;GRIB2;
Time-standard-deviation significant wave height of all waves with periods within the inclusive range from 21 to 25 seconds;std_h2125;m;145118;GRIB2;
Time-standard-deviation significant wave height of all waves with periods within the inclusive range from 25 to 30 seconds;std_h2530;m;145119;GRIB2;
Time-standard-deviation significant wave height of all waves with period larger than 10s;std_sh10;m;145120;GRIB2;
Time-standard-deviation significant wave height of first swell partition;std_swh1;m;145121;GRIB2;
Time-standard-deviation mean wave direction of first swell partition;std_mwd1;degrees;145122;GRIB2;
Time-standard-deviation mean wave period of first swell partition;std_mwp1;s;145123;GRIB2;
Time-standard-deviation significant wave height of second swell partition;std_swh2;m;145124;GRIB2;
Time-standard-deviation mean wave direction of second swell partition;std_mwd2;degrees;145125;GRIB2;
Time-standard-deviation mean wave period of second swell partition;std_mwp2;s;145126;GRIB2;
Time-standard-deviation significant wave height of third swell partition;std_swh3;m;145127;GRIB2;
Time-standard-deviation mean wave direction of third swell partition;std_mwd3;degrees;145128;GRIB2;
Time-standard-deviation mean wave period of third swell partition;std_mwp3;s;145129;GRIB2;
Time-standard-deviation time domain maximum individual crest height;std_tdcmax;m;145131;GRIB2;
Time-standard-deviation time domain maximum individual wave height;std_tdhmax;m;145132;GRIB2;
Time-standard-deviation space time maximum individual crest height;std_stcmax;m;145133;GRIB2;
Time-standard-deviation space time maximum individual wave height;std_sthmax;m;145134;GRIB2;
Time-standard-deviation peak wave period of wind waves;std_pp1dw;s;145135;GRIB2;
Time-standard-deviation peak wave period of total swell;std_pp1ds;s;145136;GRIB2;
Time-standard-deviation peak wave period of first swell partition;std_pp1d1;s;145137;GRIB2;
Time-standard-deviation peak wave period of second swell partition;std_pp1d2;s;145138;GRIB2;
Time-standard-deviation peak wave period of third swell partition;std_pp1d3;s;145139;GRIB2;
Time-standard-deviation peak wave direction (total);std_pwd;Degree true;145140;GRIB2;
Time-standard-deviation peak wave direction of wind waves;std_pwdw;Degree true;145141;GRIB2;
Time-standard-deviation peak wave direction of total swell;std_pwds;Degree true;145142;GRIB2;
Time-standard-deviation peak wave direction of first swell partition;std_pwd1;Degree true;145143;GRIB2;
Time-standard-deviation peak wave direction of second swell partition;std_pwd2;Degree true;145144;GRIB2;
Time-standard-deviation peak wave direction of third swell partition;std_pwd3;Degree true;145145;GRIB2;
Time-standard-deviation whitecap fraction;std_wcfr;Fraction;145146;GRIB2;
Time-standard-deviation Benjamin-Feir index 2D;std_bfi2d;Numeric;145147;GRIB2;
Time-standard-deviation crest-trough correlation;std_ctc;Numeric;145148;GRIB2;
Time-standard-deviation X component of the wave radiative stress to sea ice;std_xwrs;N m-2;145149;GRIB2;
Time-standard-deviation Y component of the wave radiative stress to sea ice;std_ywrs;N m-2;145150;GRIB2;
Time-standard-deviation wave Spectral Skewness;std_wss;Numeric;145207;GRIB2;
Time-standard-deviation free convective velocity over the oceans;std_wstar;m s-1;145208;GRIB2;
Time-standard-deviation air density over the oceans;std_rhoao;kg m-3;145209;GRIB2;
Time-standard-deviation normalized energy flux into waves;std_phiaw;Numeric;145211;GRIB2;
Time-standard-deviation normalized energy flux into ocean;std_phioc;Numeric;145212;GRIB2;
Time-standard-deviation normalized stress into ocean;std_tauoc;Numeric;145214;GRIB2;
Time-standard-deviation U-component surface stokes drift;std_ust;m s-1;145215;GRIB2;
Time-standard-deviation V-component surface stokes drift;std_vst;m s-1;145216;GRIB2;
Time-standard-deviation period corresponding to maximum individual wave height;std_tmax;s;145217;GRIB2;
Time-standard-deviation envelop-maximum individual wave height;std_hmax;m;145218;GRIB2;
Time-standard-deviation mean wave period based on first moment;std_mp1;s;145220;GRIB2;
Time-standard-deviation mean zero-crossing wave period;std_mp2;s;145221;GRIB2;
Time-standard-deviation wave spectral directional width;std_wdw;radians;145222;GRIB2;
Time-standard-deviation mean wave period based on first moment for wind waves;std_p1ww;s;145223;GRIB2;
Time-standard-deviation mean wave period based on second moment for wind waves;std_p2ww;s;145224;GRIB2;
Time-standard-deviation wave spectral directional width for wind waves;std_dwww;radians;145225;GRIB2;
Time-standard-deviation mean wave period based on first moment for swell;std_p1ps;s;145226;GRIB2;
Time-standard-deviation mean wave period based on second moment for swell;std_p2ps;s;145227;GRIB2;
Time-standard-deviation wave spectral directional width for swell;std_dwps;radians;145228;GRIB2;
Time-standard-deviation significant height of combined wind waves and swell;std_swh;m;145229;GRIB2;
Time-standard-deviation mean wave direction;std_mwd;Degree true;145230;GRIB2;
Time-standard-deviation peak wave period;std_pp1d;s;145231;GRIB2;
Time-standard-deviation mean wave period;std_mwp;s;145232;GRIB2;
Time-standard-deviation coefficient of drag with waves;std_cdww;dimensionless;145233;GRIB2;
Time-standard-deviation significant height of wind waves;std_shww;m;145234;GRIB2;
Time-standard-deviation mean direction of wind waves;std_mdww;degrees;145235;GRIB2;
Time-standard-deviation mean period of wind waves;std_mpww;s;145236;GRIB2;
Time-standard-deviation significant height of total swell;std_shts;m;145237;GRIB2;
Time-standard-deviation mean direction of total swell;std_mdts;degrees;145238;GRIB2;
Time-standard-deviation mean period of total swell;std_mpts;s;145239;GRIB2;
Time-standard-deviation mean square slope of waves;std_msqs;dimensionless;145244;GRIB2;
Time-standard-deviation 10 metre wind speed;std_wind;m s-1;145245;GRIB2;
Time-standard-deviation 10 metre wind direction;std_dwi;degrees;145249;GRIB2;
Time-standard-deviation wave spectral kurtosis;std_wsk;dimensionless;145252;GRIB2;
Time-standard-deviation benjamin-Feir index;std_bfi;dimensionless;145253;GRIB2;
Time-standard-deviation wave spectral peakedness;std_wsp;dimensionless;145254;GRIB2;
Ocean potential temperature;ocpt;deg C;150129;"GRIB2 GRIB1";
Ocean salinity;ocs;psu;150130;"GRIB2 GRIB1";
Ocean potential density;ocpd;kg m-3 -1000;150131;"GRIB2 GRIB1";
Ocean U wind component;~;m s-1;150133;"GRIB2 GRIB1";
Ocean V wind component;~;m s-1;150134;"GRIB2 GRIB1";
Ocean W wind component;ocw;m s-1;150135;"GRIB2 GRIB1";
Richardson number;rn;~;150137;"GRIB2 GRIB1";
U*V product;uv;m s-2;150139;"GRIB2 GRIB1";
U*T product;ut;m s-1 deg C;150140;"GRIB2 GRIB1";
V*T product;vt;m s-1 deg C;150141;"GRIB2 GRIB1";
U*U product;uu;m s-2;150142;"GRIB2 GRIB1";
V*V product;vv;m s-2;150143;"GRIB2 GRIB1";
UV - U~V~;~;m s-2;150144;"GRIB2 GRIB1";
UT - U~T~;~;m s-1 deg C;150145;"GRIB2 GRIB1";
VT - V~T~;~;m s-1 deg C;150146;"GRIB2 GRIB1";
UU - U~U~;~;m s-2;150147;"GRIB2 GRIB1";
VV - V~V~;~;m s-2;150148;"GRIB2 GRIB1";
Sea level;sl;m;150152;"GRIB2 GRIB1";
Barotropic stream function;~;~;150153;"GRIB2 GRIB1";
Mixed layer depth;mld;m;150154;"GRIB2 GRIB1";
Depth;~;m;150155;"GRIB2 GRIB1";
U stress;~;Pa;150168;"GRIB2 GRIB1";
V stress;~;Pa;150169;"GRIB2 GRIB1";
Turbulent kinetic energy input;~;~;150170;"GRIB2 GRIB1";
Net surface heat flux;nsf;~;150171;"GRIB2 GRIB1";
Surface solar radiation;~;~;150172;"GRIB2 GRIB1";
P-E;~;~;150173;"GRIB2 GRIB1";
Diagnosed sea surface temperature error;~;deg C;150180;"GRIB2 GRIB1";
Heat flux correction;~;J m-2;150181;"GRIB2 GRIB1";
Observed sea surface temperature;~;deg C;150182;"GRIB2 GRIB1";
Observed heat flux;~;J m-2;150183;"GRIB2 GRIB1";
Indicates a missing value;~;~;150255;"GRIB2 GRIB1";
Mean sea water potential temperature in the upper 300 m;mswpt300m;K;151126;GRIB2;
Mean sea water temperature in the upper 300 m;mswt300m;K;151127;GRIB2;
In situ Temperature;~;deg C;151128;"GRIB2 GRIB1";
Sea water potential temperature;thetao;deg C;151129;"GRIB2 GRIB1 NetCDF";
Sea water practical salinity;so;psu;151130;"GRIB2 GRIB1 NetCDF";Dissemination
Eastward surface sea water velocity;ocu;m s-1;151131;"GRIB2 GRIB1 NetCDF";Dissemination
Northward surface sea water velocity;ocv;m s-1;151132;"GRIB2 GRIB1 NetCDF";Dissemination
Upward sea water velocity;wo;m s-1;151133;"GRIB2 GRIB1 NetCDF";
Modulus of strain rate tensor;mst;s-1;151134;"GRIB2 GRIB1";
Vertical viscosity;vvs;m2 s-1;151135;"GRIB2 GRIB1";
Vertical diffusivity;vdf;m2 s-1;151136;"GRIB2 GRIB1";
Bottom level Depth;dep;m;151137;"GRIB2 GRIB1";
Sea water sigma theta;sigmat;kg m-3;151138;"GRIB2 GRIB1 NetCDF";
Richardson number;rn;~;151139;"GRIB2 GRIB1";
UV product;uv;m2 s-2;151140;"GRIB2 GRIB1";
UT product;ut;m s-1 degC;151141;"GRIB2 GRIB1";
VT product;vt;m s-1 deg C;151142;"GRIB2 GRIB1";
UU product;uu;m2 s-2;151143;"GRIB2 GRIB1";
VV product;vv;m2 s-2;151144;"GRIB2 GRIB1";
Sea surface height;zos;m;151145;"GRIB2 GRIB1 NetCDF";Dissemination
Sea level previous timestep;sl_1;m;151146;"GRIB2 GRIB1";
Ocean barotropic stream function;stfbarot;m3 s-1;151147;"GRIB2 GRIB1 NetCDF";
Mixed layer depth;mld;m;151148;"GRIB2 GRIB1";Dissemination
Steric height;sh;m;151150;"GRIB2 GRIB1";
Curl of Wind Stress;crl;N m-3;151151;"GRIB2 GRIB1";
Divergence of wind stress;~;Nm-3;151152;"GRIB2 GRIB1";
Surface downward eastward stress;taueo;N m-2;151153;"GRIB2 GRIB1 NetCDF";
Surface downward northward stress;tauno;N m-2;151154;"GRIB2 GRIB1 NetCDF";
Turbulent kinetic energy input;tki;J m-2;151155;"GRIB2 GRIB1";
Net surface heat flux;nsf;J m-2;151156;"GRIB2 GRIB1";
Absorbed solar radiation;asr;J m-2;151157;"GRIB2 GRIB1";
Precipitation - evaporation;pme;m s-1;151158;"GRIB2 GRIB1";
Specified sea surface temperature;sst;deg C;151159;"GRIB2 GRIB1";
Specified surface heat flux;shf;J m-2;151160;"GRIB2 GRIB1";
Diagnosed sea surface temperature error;dte;deg C;151161;"GRIB2 GRIB1";
Heat flux correction;hfc;J m-2;151162;"GRIB2 GRIB1";
Depth of 20C isotherm;t20d;m;151163;"GRIB2 GRIB1 NetCDF";Dissemination
Average potential temperature in the upper 300m;tav300;degrees C;151164;"GRIB2 GRIB1";Dissemination
Vertically integrated zonal velocity (previous time step);uba1;m2 s-1;151165;"GRIB2 GRIB1";
Vertically Integrated meridional velocity (previous time step);vba1;m2 s-1;151166;"GRIB2 GRIB1";
Vertically integrated zonal volume transport;ztr;m2 s-1;151167;"GRIB2 GRIB1";
Vertically integrated meridional volume transport;mtr;m2 s-1;151168;"GRIB2 GRIB1";
Vertically integrated zonal heat transport;zht;J m-1 s-1;151169;"GRIB2 GRIB1";
Vertically integrated meridional heat transport;mht;J m-1 s-1;151170;"GRIB2 GRIB1";
Average sea water practical salinity in the upper 300m;sav300;psu;151175;"GRIB2 GRIB1";Dissemination
Layer Thickness at scalar points;ldp;m;151176;"GRIB2 GRIB1";
Layer Thickness at vector points;ldu;m;151177;"GRIB2 GRIB1";
Potential temperature increment;pti;deg C;151178;"GRIB2 GRIB1";
Potential temperature analysis error;ptae;deg C;151179;"GRIB2 GRIB1";
Background potential temperature;bpt;deg C;151180;"GRIB2 GRIB1";
Analysed potential temperature;apt;deg C;151181;"GRIB2 GRIB1";
Potential temperature background error;ptbe;deg C;151182;"GRIB2 GRIB1";
Analysed salinity;as;psu;151183;"GRIB2 GRIB1";
Salinity increment;sali;psu;151184;"GRIB2 GRIB1";
Estimated Bias in Temperature;ebt;deg C;151185;"GRIB2 GRIB1";
Estimated Bias in Salinity;ebs;psu;151186;"GRIB2 GRIB1";
Zonal Velocity increment (from balance operator);uvi;m s-1 per time step;151187;"GRIB2 GRIB1";
Meridional Velocity increment (from balance operator);vvi;~;151188;"GRIB2 GRIB1";
Salinity increment (from salinity data);subi;psu per time step;151190;"GRIB2 GRIB1";
Salinity analysis error;sale;psu;151191;"GRIB2 GRIB1";
Background Salinity;bsal;psu;151192;"GRIB2 GRIB1";
Reserved;~;~;151193;"GRIB2 GRIB1";
Salinity background error;salbe;psu;151194;"GRIB2 GRIB1";
Estimated temperature bias from assimilation;ebta;deg C;151199;"GRIB2 GRIB1";
Estimated salinity bias from assimilation;ebsa;psu;151200;"GRIB2 GRIB1";
Temperature increment from relaxation term;lti;deg C per time step;151201;"GRIB2 GRIB1";
Salinity increment from relaxation term;lsi;~;151202;"GRIB2 GRIB1";
Bias in the zonal pressure gradient (applied);bzpga;Pa m-1;151203;"GRIB2 GRIB1";
Bias in the meridional pressure gradient (applied);bmpga;Pa m-1;151204;"GRIB2 GRIB1";
Estimated temperature bias from relaxation;ebtl;deg C;151205;"GRIB2 GRIB1";
Estimated salinity bias from relaxation;ebsl;psu;151206;"GRIB2 GRIB1";
First guess bias in temperature;fgbt;deg C;151207;"GRIB2 GRIB1";
First guess bias in salinity;fgbs;psu;151208;"GRIB2 GRIB1";
Applied bias in pressure;bpa;Pa;151209;"GRIB2 GRIB1";
FG bias in pressure;fgbp;Pa;151210;"GRIB2 GRIB1";
Bias in temperature(applied);pta;deg C;151211;"GRIB2 GRIB1";
Bias in salinity (applied);psa;psu;151212;"GRIB2 GRIB1";
Sea surface practical salinity;sos;psu;151219;"GRIB2 NetCDF";
Ocean mixed layer thickness defined by sigma theta 0.01 kg/m3;mlotst010;m;151225;"GRIB2 NetCDF";
Indicates a missing value;~;~;151255;"GRIB2 GRIB1";
10 metre wind gust during averaging time;10fgrea;m s-1;160049;"GRIB2 GRIB1";
vertical velocity (pressure);wrea;Pa s-1;160135;"GRIB2 GRIB1";
Precipitable water content;pwcrea;kg m-2;160137;"GRIB2 GRIB1";
Soil wetness level 1;swl1rea;m;160140;"GRIB2 GRIB1";
Large-scale precipitation;lsprea;kg m-2 s-1;160142;"GRIB2 GRIB1";
Convective precipitation;cprea;kg m-2 s-1;160143;"GRIB2 GRIB1";
Snowfall;sfrea;kg m-2 s-1;160144;"GRIB2 GRIB1";
Height;ghrea;m;160156;"GRIB2 GRIB1";
Relative humidity;rrea;(0 - 1);160157;"GRIB2 GRIB1";
Soil wetness level 2;swl2rea;m;160171;"GRIB2 GRIB1";
East-West surface stress;ewssrea;N m-2 s-1;160180;"GRIB2 GRIB1";
North-South surface stress;nsssrea;N m-2 s-1;160181;"GRIB2 GRIB1";
Evaporation;erea;kg m-2 s-1;160182;"GRIB2 GRIB1";
Soil wetness level 3;swl3rea;m;160184;"GRIB2 GRIB1";
Skin reservoir content;srcon;kg m-2;160198;"GRIB2 GRIB1";
Percentage of vegetation;vegrea;%;160199;"GRIB2 GRIB1";
Runoff;rorea;kg m-2 s-1;160205;"GRIB2 GRIB1";
Covariance of temperature and geopotential;tzrea;K m2 s-2;160207;"GRIB2 GRIB1";
Covariance of specific humidity and geopotential;qzrea;m2 s-2;160209;"GRIB2 GRIB1";
Covariance of specific humidity and temperature;qtrea;K;160210;"GRIB2 GRIB1";
Covariance of U component and geopotential;uzrea;m3 s-3;160212;"GRIB2 GRIB1";
Covariance of U component and temperature;utrea;K m s-1;160213;"GRIB2 GRIB1";
Covariance of U component and specific humidity;uqrea;m s-1;160214;"GRIB2 GRIB1";
Covariance of V component and geopotential;vzrea;m3 s-3;160216;"GRIB2 GRIB1";
Covariance of V component and temperature;vtrea;K m s-1;160217;"GRIB2 GRIB1";
Covariance of V component and specific humidity;vqrea;m s-1;160218;"GRIB2 GRIB1";
Covariance of V component and U component;vurea;m2 s-2;160219;"GRIB2 GRIB1";
Covariance of W component and geopotential;wzrea;Pa m2 s-3;160221;"GRIB2 GRIB1";
Covariance of W component and temperature;wtrea;K Pa s-1;160222;"GRIB2 GRIB1";
Covariance of W component and specific humidity;wqrea;Pa s-1;160223;"GRIB2 GRIB1";
Covariance of W component and U component;wurea;Pa m s-2;160224;"GRIB2 GRIB1";
Covariance of W component and V component;wvrea;Pa m s-2;160225;"GRIB2 GRIB1";
Instantaneous surface heat flux;ishfrea;J m-2;160231;"GRIB2 GRIB1";
Convective snowfall;csfrea;kg m-2 s-1;160239;"GRIB2 GRIB1";
Large scale snowfall;lsfrea;kg m-2 s-1;160240;"GRIB2 GRIB1";
Cloud liquid water content;clwcerrea;kg kg-1;160241;"GRIB2 GRIB1";
Cloud cover;ccrea;(0 - 1);160242;"GRIB2 GRIB1";
Forecast albedo;falrea;~;160243;"GRIB2 GRIB1";
10 metre wind speed;10wsrea;m s-1;160246;"GRIB2 GRIB1";
Momentum flux;moflrea;N m-2;160247;"GRIB2 GRIB1";
Gravity wave dissipation flux;~;J m-2;160249;"GRIB2 GRIB1";
Heaviside beta function;hsdrea;(0 - 1);160254;"GRIB2 GRIB1";
Total column vertically-integrated divergence of water geopotential flux;viwgd;W m-2;162031;GRIB2;
Total column vertically-integrated eastward enthalpy flux;viee;W m-1;162032;GRIB2;
Total column vertically-integrated northward enthalpy flux;vien;W m-1;162033;GRIB2;
Total column vertically-integrated divergence of enthalpy flux;vied;W m-2;162034;GRIB2;
Total column vertically-integrated divergence of water enthalpy flux;viwed;W m-2;162035;GRIB2;
Total column vertically-integrated divergence of water vapour flux;viwvd;kg m-2 s-1;162036;GRIB2;
Total column vertically-integrated divergence of cloud liquid water flux;viclwd;kg m-2 s-1;162037;GRIB2;
Total column vertically-integrated divergence of cloud ice water flux;viciwd;kg m-2 s-1;162038;GRIB2;
Total column vertically-integrated divergence of rain flux;vird;kg m-2 s-1;162039;GRIB2;
Total column vertically-integrated divergence of snow flux;visd;kg m-2 s-1;162040;GRIB2;
Total column vertically-integrated eastward cloud liquid water flux;viclwe;kg m-1 s-1;162041;GRIB2;
Total column vertically-integrated northward cloud liquid water flux;viclwn;kg m-1 s-1;162042;GRIB2;
Total column vertically-integrated eastward cloud ice water flux;viciwe;kg m-1 s-1;162043;GRIB2;
Total column vertically-integrated northward cloud ice water flux;viciwn;kg m-1 s-1;162044;GRIB2;
Total column vertically-integrated eastward rain flux;vire;kg m-1 s-1;162046;GRIB2;
Total column vertically-integrated northward rain flux;virn;kg m-1 s-1;162047;GRIB2;
Total column vertically-integrated eastward snow flux;vise;kg m-1 s-1;162048;GRIB2;
Total column vertically-integrated northward snow flux;visn;kg m-1 s-1;162049;GRIB2;
Total column vertically-integrated net source of ozone;vions;kg m-2 s-1;162050;GRIB2;
Surface geopotential;~;m2 s-2;162051;"GRIB2 GRIB1";
Total column vertically-integrated mass of atmosphere;vima;kg m-2;162053;"GRIB2 GRIB1";
Total column vertically-integrated temperature;vit;K kg m-2;162054;"GRIB2 GRIB1";
Total column vertically-integrated water vapour;viwv;kg m-2;162055;"GRIB2 GRIB1";
Total column vertically-integrated cloud liquid water;vilw;kg m-2;162056;"GRIB2 GRIB1";
Total column vertically-integrated cloud frozen water;viiw;kg m-2;162057;"GRIB2 GRIB1";
Total column vertically-integrated ozone;vioz;kg m-2;162058;"GRIB2 GRIB1";
Total column vertically-integrated kinetic energy;vike;J m-2;162059;"GRIB2 GRIB1";
Total column vertically-integrated enthalpy;vithe;J m-2;162060;"GRIB2 GRIB1";
Total column vertically-integrated potential + internal energy;vipie;J m-2;162061;"GRIB2 GRIB1";
Total column vertically-integrated potential+internal+latent energy;vipile;J m-2;162062;"GRIB2 GRIB1";
Total column vertically-integrated total energy;vitoe;J m-2;162063;"GRIB2 GRIB1";
Total column vertically-integrated energy conversion;viec;W m-2;162064;"GRIB2 GRIB1";
Total column vertically-integrated eastward mass flux;vimae;kg m-1 s-1;162065;"GRIB2 GRIB1";
Total column vertically-integrated northward mass flux;viman;kg m-1 s-1;162066;"GRIB2 GRIB1";
Total column vertically-integrated eastward kinetic energy flux;vikee;W m-1;162067;"GRIB2 GRIB1";
Total column vertically-integrated northward kinetic energy flux;viken;W m-1;162068;"GRIB2 GRIB1";
Total column vertically-integrated eastward heat flux;vithee;W m-1;162069;"GRIB2 GRIB1";
Total column vertically-integrated northward heat flux;vithen;W m-1;162070;"GRIB2 GRIB1";
Total column vertically-integrated eastward water vapour flux;viwve;kg m-1 s-1;162071;"GRIB2 GRIB1";Dissemination
Total column vertically-integrated northward water vapour flux;viwvn;kg m-1 s-1;162072;"GRIB2 GRIB1";Dissemination
Total column vertically-integrated eastward geopotential flux;vige;W m-1;162073;"GRIB2 GRIB1";
Total column vertically-integrated northward geopotential flux;vign;W m-1;162074;"GRIB2 GRIB1";
Total column vertically-integrated eastward total energy flux;vitee;W m-1;162075;"GRIB2 GRIB1";
Total column vertically-integrated northward total energy flux;viten;W m-1;162076;"GRIB2 GRIB1";
Total column vertically-integrated eastward ozone flux;vioze;kg m-1 s-1;162077;"GRIB2 GRIB1";
Total column vertically-integrated northward ozone flux;viozn;kg m-1 s-1;162078;"GRIB2 GRIB1";
Total column vertically-integrated divergence of mass flux;vimad;kg m-2 s-1;162081;"GRIB2 GRIB1";
Total column vertically-integrated divergence of kinetic energy flux;viked;W m-2;162082;"GRIB2 GRIB1";
Total column vertically-integrated divergence of thermal energy flux;vithed;W m-2;162083;"GRIB2 GRIB1";
Total column vertically-integrated moisture divergence flux;vimdf;kg m-2 s-1;162084;"GRIB2 GRIB1";
Total column vertically-integrated divergence of geopotential flux;vigd;W m-2;162085;"GRIB2 GRIB1";
Total column vertically-integrated divergence of total energy flux;vited;W m-2;162086;"GRIB2 GRIB1";
Total column vertically-integrated divergence of ozone flux;viozd;kg m-2 s-1;162087;"GRIB2 GRIB1";
Total column vertically-integrated water enthalpy;viwe;J m-2;162093;GRIB2;
Time-integrated temperature tendency due to short-wave radiation;srta;K;162100;"GRIB2 GRIB1";
Time-integrated temperature tendency due to long-wave radiation;trta;K;162101;"GRIB2 GRIB1";
Time-integrated temperature tendency due to short wave radiation, clear sky;srtca;K;162102;"GRIB2 GRIB1";
Time-integrated temperature tendency due to long-wave radiation, clear sky;trtca;K;162103;"GRIB2 GRIB1";
Time-integrated updraught mass flux;umfa;kg m-2;162104;"GRIB2 GRIB1";
Time-integrated downdraught mass flux;dmfa;kg m-2;162105;"GRIB2 GRIB1";
Time-integrated updraught detrainment rate;udra;kg m-3;162106;"GRIB2 GRIB1";
Time-integrated downdraught detrainment rate;ddra;kg m-3;162107;"GRIB2 GRIB1";
Time-integrated total precipitation flux;tpfa;kg m-2;162108;"GRIB2 GRIB1";
Time-integrated turbulent diffusion coefficient for heat;tdcha;m2;162109;"GRIB2 GRIB1";
Time-integrated temperature tendency due to parametrisations;ttpha;K;162110;"GRIB2 GRIB1";
Time-integrated specific humidity tendency due to parametrisations;qtpha;kg kg-1;162111;"GRIB2 GRIB1";
Time-integrated eastward wind tendency due to parametrisations;utpha;m s-1;162112;"GRIB2 GRIB1";
Time-integrated northward wind tendency due to parametrisations;vtpha;m s-1;162113;"GRIB2 GRIB1";
U-tendency from dynamics;utendd;m s-1;162114;"GRIB2 GRIB1";
V-tendency from dynamics;vtendd;m s-1;162115;"GRIB2 GRIB1";
T-tendency from dynamics;ttendd;K;162116;"GRIB2 GRIB1";
q-tendency from dynamics;qtendd;kg kg-1;162117;"GRIB2 GRIB1";
T-tendency from radiation;ttendr;K;162118;"GRIB2 GRIB1";
U-tendency from turbulent diffusion + subgrid orography;utendts;m s-1;162119;"GRIB2 GRIB1";
V-tendency from turbulent diffusion + subgrid orography;vtendts;m s-1;162120;"GRIB2 GRIB1";
T-tendency from turbulent diffusion + subgrid orography;ttendts;K;162121;"GRIB2 GRIB1";
q-tendency from turbulent diffusion;qtendt;kg kg-1;162122;"GRIB2 GRIB1";
U-tendency from subgrid orography;utends;m s-1;162123;"GRIB2 GRIB1";
V-tendency from subgrid orography;vtends;m s-1;162124;"GRIB2 GRIB1";
T-tendency from subgrid orography;ttends;K;162125;"GRIB2 GRIB1";
U-tendency from convection (deep+shallow);utendcds;m s-1;162126;"GRIB2 GRIB1";
V-tendency from convection (deep+shallow);vtendcds;m s-1;162127;"GRIB2 GRIB1";
T-tendency from convection (deep+shallow);ttendcds;K;162128;"GRIB2 GRIB1";
q-tendency from convection (deep+shallow);qtendcds;kg kg-1;162129;"GRIB2 GRIB1";
Liquid Precipitation flux from convection;lpc;kg m-2;162130;"GRIB2 GRIB1";
Ice Precipitation flux from convection;ipc;kg m-2;162131;"GRIB2 GRIB1";
T-tendency from cloud scheme;ttendcs;K;162132;"GRIB2 GRIB1";
q-tendency from cloud scheme;qtendcs;kg kg-1;162133;"GRIB2 GRIB1";
ql-tendency from cloud scheme;qltendcs;kg kg-1;162134;"GRIB2 GRIB1";
qi-tendency from cloud scheme;qitendcs;kg kg-1;162135;"GRIB2 GRIB1";
Liquid Precip flux from cloud scheme (stratiform);lpcs;kg m-2;162136;"GRIB2 GRIB1";
Ice Precip flux from cloud scheme (stratiform);ipcs;kg m-2;162137;"GRIB2 GRIB1";
U-tendency from shallow convection;utendcs;m s-1;162138;"GRIB2 GRIB1";
V-tendency from shallow convection;vtendcs;m s-1;162139;"GRIB2 GRIB1";
T-tendency from shallow convection;ttendsc;K;162140;"GRIB2 GRIB1";
q-tendency from shallow convection;qtendsc;kg kg-1;162141;"GRIB2 GRIB1";
Temperature tendency due to short-wave radiation;ttswr;K s-1;162150;GRIB2;
Temperature tendency due to long-wave radiation;ttlwr;K s-1;162151;GRIB2;
Temperature tendency due to short-wave radiation, clear sky;ttswrcs;K s-1;162152;GRIB2;
Temperature tendency due to long-wave radiation, clear sky;ttlwrcs;K s-1;162153;GRIB2;
Updraught mass flux;umf;kg m-2 s-1;162154;GRIB2;
Downdraught mass flux;dmf;kg m-2 s-1;162155;GRIB2;
Updraught detrainment rate;udr;kg m-3 s-1;162156;GRIB2;
Downdraught detrainment rate;ddr;kg m-3 s-1;162157;GRIB2;
Total precipitation flux;tpf;kg m-2 s-1;162158;GRIB2;
Turbulent diffusion coefficient for heat;tdch;m2 s-1;162159;GRIB2;
Temperature tendency due to parametrisations;ttpm;K s-1;162160;GRIB2;
Specific humidity tendency due to parametrisations;qtpm;kg kg-1 s-1;162161;GRIB2;
Eastward wind tendency due to parametrisations;utpm;m s-2;162162;GRIB2;
Northward wind tendency due to parametrisations;vtpm;m s-2;162163;GRIB2;
Variance of geopotential;~;m4 s-4;162206;"GRIB2 GRIB1";
Covariance of geopotential/temperature;~;m2 K s-2;162207;"GRIB2 GRIB1";
Variance of temperature;~;K2;162208;"GRIB2 GRIB1";
Covariance of geopotential/specific humidity;~;m2 s-2;162209;"GRIB2 GRIB1";
Covariance of temperature/specific humidity;~;K;162210;"GRIB2 GRIB1";
Variance of specific humidity;~;~;162211;"GRIB2 GRIB1";
Covariance of u component/geopotential;~;m3 s-3;162212;"GRIB2 GRIB1";
Covariance of u component/temperature;~;m s-1 K;162213;"GRIB2 GRIB1";
Covariance of u component/specific humidity;~;m s-1;162214;"GRIB2 GRIB1";
Variance of u component;~;m2 s-2;162215;"GRIB2 GRIB1";
Covariance of v component/geopotential;~;m3 s-3;162216;"GRIB2 GRIB1";
Covariance of v component/temperature;~;m s-1 K;162217;"GRIB2 GRIB1";
Covariance of v component/specific humidity;~;m s-1;162218;"GRIB2 GRIB1";
Covariance of v component/u component;~;m2 s-2;162219;"GRIB2 GRIB1";
Variance of v component;~;m2 s-2;162220;"GRIB2 GRIB1";
Covariance of omega/geopotential;~;m2 Pa s-3;162221;"GRIB2 GRIB1";
Covariance of omega/temperature;~;Pa s-1 K;162222;"GRIB2 GRIB1";
Covariance of omega/specific humidity;~;Pa s-1;162223;"GRIB2 GRIB1";
Covariance of omega/u component;~;m Pa s-2;162224;"GRIB2 GRIB1";
Covariance of omega/v component;~;m Pa s-2;162225;"GRIB2 GRIB1";
Variance of omega;~;Pa2 s-2;162226;"GRIB2 GRIB1";
Variance of surface pressure;~;Pa2;162227;"GRIB2 GRIB1";
Variance of relative humidity;~;dimensionless;162229;"GRIB2 GRIB1";
Covariance of u component/ozone;~;m s-1;162230;"GRIB2 GRIB1";
Covariance of v component/ozone;~;m s-1;162231;"GRIB2 GRIB1";
Covariance of omega/ozone;~;Pa s-1;162232;"GRIB2 GRIB1";
Variance of ozone;~;dimensionless;162233;"GRIB2 GRIB1";
Indicates a missing value;~;~;162255;"GRIB2 GRIB1";
Total soil moisture;tsw;m;170149;"GRIB2 GRIB1";
Soil wetness level 2;swl2;m;170171;"GRIB2 GRIB1";
Top net thermal radiation;ttr;J m-2;170179;"GRIB2 GRIB1";
Stream function anomaly;strfa;m2 s-1;171001;"GRIB2 GRIB1";Dissemination
Velocity potential anomaly;vpota;m2 s-1;171002;"GRIB2 GRIB1";Dissemination
Potential temperature anomaly;pta;K;171003;"GRIB2 GRIB1";
Equivalent potential temperature anomaly;epta;K;171004;"GRIB2 GRIB1";
Saturated equivalent potential temperature anomaly;septa;K;171005;"GRIB2 GRIB1";
100 metre U wind component anomaly;100ua;m s-1;171006;"GRIB2 GRIB1";Dissemination
100 metre V wind component anomaly;100va;m s-1;171007;"GRIB2 GRIB1";Dissemination
U component of divergent wind anomaly;udwa;m s-1;171011;"GRIB2 GRIB1";
V component of divergent wind anomaly;vdwa;m s-1;171012;"GRIB2 GRIB1";
U component of rotational wind anomaly;urwa;m s-1;171013;"GRIB2 GRIB1";
V component of rotational wind anomaly;vrwa;m s-1;171014;"GRIB2 GRIB1";
Unbalanced component of temperature anomaly;uctpa;K;171021;"GRIB2 GRIB1";
Unbalanced component of logarithm of surface pressure anomaly;uclna;~;171022;"GRIB2 GRIB1";
Unbalanced component of divergence anomaly;ucdva;s-1;171023;"GRIB2 GRIB1";
Lake cover anomaly;cla;(0 - 1);171026;"GRIB2 GRIB1";
Low vegetation cover anomaly;cvla;(0 - 1);171027;"GRIB2 GRIB1";
High vegetation cover anomaly;cvha;(0 - 1);171028;"GRIB2 GRIB1";
Type of low vegetation anomaly;tvla;~;171029;"GRIB2 GRIB1";
Type of high vegetation anomaly;tvha;~;171030;"GRIB2 GRIB1";
Sea-ice cover anomaly;sica;(0 - 1);171031;"GRIB2 GRIB1";Dissemination
Snow albedo anomaly;asna;(0 - 1);171032;"GRIB2 GRIB1";
Snow density anomaly;rsna;kg m-3;171033;"GRIB2 GRIB1";Dissemination
Sea surface temperature anomaly;ssta;K;171034;"GRIB2 GRIB1";Dissemination
Ice surface temperature anomaly layer 1;istal1;K;171035;"GRIB2 GRIB1";
Ice surface temperature anomaly layer 2;istal2;K;171036;"GRIB2 GRIB1";
Ice surface temperature anomaly layer 3;istal3;K;171037;"GRIB2 GRIB1";
Ice surface temperature anomaly layer 4;istal4;K;171038;"GRIB2 GRIB1";
Volumetric soil water anomaly layer 1;swval1;m3 m-3;171039;"GRIB2 GRIB1";Dissemination
Volumetric soil water anomaly layer 2;swval2;m3 m-3;171040;"GRIB2 GRIB1";Dissemination
Volumetric soil water anomaly layer 3;swval3;m3 m-3;171041;"GRIB2 GRIB1";Dissemination
Volumetric soil water anomaly layer 4;swval4;m3 m-3;171042;"GRIB2 GRIB1";Dissemination
Soil type anomaly;slta;~;171043;"GRIB2 GRIB1";
Snow evaporation anomaly;esa;kg m-2;171044;"GRIB2 GRIB1";
Snowmelt anomaly;smlta;kg m-2;171045;"GRIB2 GRIB1";
Solar duration anomaly;sdura;s;171046;"GRIB2 GRIB1";
Direct solar radiation anomaly;dsrpa;J m-2;171047;"GRIB2 GRIB1";
Magnitude of turbulent surface stress anomaly;magssa;N m-2 s;171048;"GRIB2 GRIB1";
10 metre wind gust anomaly;10fga;m s-1;171049;"GRIB2 GRIB1";Dissemination
Large-scale precipitation fraction anomaly;lspfa;s;171050;"GRIB2 GRIB1";
Maximum 2 metre temperature in the last 24 hours anomaly;mx2t24a;K;171051;"GRIB2 GRIB1";Dissemination
Minimum 2 metre temperature in the last 24 hours anomaly;mn2t24a;K;171052;"GRIB2 GRIB1";Dissemination
Montgomery potential anomaly;monta;m2 s-2;171053;"GRIB2 GRIB1";
Pressure anomaly;pa;Pa;171054;"GRIB2 GRIB1";
Mean 2 metre temperature in the last 24 hours anomaly;mean2t24a;K;171055;"GRIB2 GRIB1";
Mean 2 metre dewpoint temperature in the last 24 hours anomaly;mn2d24a;K;171056;"GRIB2 GRIB1";
Downward UV radiation at the surface anomaly;uvba;J m-2;171057;"GRIB2 GRIB1";
Photosynthetically active radiation at the surface anomaly;para;J m-2;171058;"GRIB2 GRIB1";
Convective available potential energy anomaly;capea;J kg-1;171059;"GRIB2 GRIB1";Dissemination
Potential vorticity anomaly;pva;K m2 kg-1 s-1;171060;"GRIB2 GRIB1";Dissemination
Total precipitation from observations anomaly;tpoa;Millimetres*100 + number of stations;171061;"GRIB2 GRIB1";
Observation count anomaly;obcta;~;171062;"GRIB2 GRIB1";
Start time for skin temperature difference anomaly;stsktda;s;171063;"GRIB2 GRIB1";
Finish time for skin temperature difference anomaly;ftsktda;s;171064;"GRIB2 GRIB1";
Skin temperature difference anomaly;sktda;K;171065;"GRIB2 GRIB1";
Total column liquid water anomaly;tclwa;kg m-2;171078;"GRIB2 GRIB1";Dissemination
Total column ice water anomaly;tciwa;kg m-2;171079;"GRIB2 GRIB1";Dissemination
Maximum temperature at 2 metres in the last 6 hours anomaly;mx2t6a;K;171121;"GRIB2 GRIB1";Dissemination
Minimum temperature at 2 metres in the last 6 hours anomaly;mn2t6a;K;171122;"GRIB2 GRIB1";Dissemination
Vertically integrated total energy anomaly;vitea;J m-2;171125;"GRIB2 GRIB1";
Generic parameter for sensitive area prediction;~;Various;171126;"GRIB2 GRIB1";
Atmospheric tide anomaly;ata;~;171127;"GRIB2 GRIB1";
Budget values anomaly;bva;~;171128;"GRIB2 GRIB1";
Geopotential anomaly;za;m2 s-2;171129;"GRIB2 GRIB1";Dissemination
Temperature anomaly;ta;K;171130;"GRIB2 GRIB1";Dissemination
U component of wind anomaly;ua;m s-1;171131;"GRIB2 GRIB1";Dissemination
V component of wind anomaly;va;m s-1;171132;"GRIB2 GRIB1";Dissemination
Specific humidity anomaly;qa;kg kg-1;171133;"GRIB2 GRIB1";Dissemination
Surface pressure anomaly;spa;Pa;171134;"GRIB2 GRIB1";
Vertical velocity (pressure) anomaly;wa;Pa s-1;171135;"GRIB2 GRIB1";
Total column water anomaly;tcwa;kg m-2;171136;"GRIB2 GRIB1";Dissemination
Total column water vapour anomaly;tcwva;kg m-2;171137;"GRIB2 GRIB1";Dissemination
Relative vorticity anomaly;voa;s-1;171138;"GRIB2 GRIB1";Dissemination
Soil temperature anomaly level 1;stal1;K;171139;"GRIB2 GRIB1";Dissemination
Soil wetness anomaly level 1;swal1;kg m-2;171140;"GRIB2 GRIB1";
Snow depth anomaly;sda;m of water equivalent;171141;"GRIB2 GRIB1";Dissemination
Stratiform precipitation (Large-scale precipitation) anomaly;lspa;m;171142;"GRIB2 GRIB1";
Convective precipitation anomaly;cpa;m;171143;"GRIB2 GRIB1";
Snowfall (convective + stratiform) anomaly;sfa;m of water equivalent;171144;"GRIB2 GRIB1";
Boundary layer dissipation anomaly;blda;J m-2;171145;"GRIB2 GRIB1";
Surface sensible heat flux anomaly;sshfa;J m-2;171146;"GRIB2 GRIB1";
Surface latent heat flux anomaly;slhfa;J m-2;171147;"GRIB2 GRIB1";
Charnock anomaly;chnka;~;171148;"GRIB2 GRIB1";
Surface net radiation anomaly;snra;J m-2;171149;"GRIB2 GRIB1";
Top net radiation anomaly;tnra;~;171150;"GRIB2 GRIB1";
Mean sea level pressure anomaly;msla;Pa;171151;"GRIB2 GRIB1";Dissemination
Logarithm of surface pressure anomaly;lspa;~;171152;"GRIB2 GRIB1";
Short-wave heating rate anomaly;swhra;K;171153;"GRIB2 GRIB1";
Long-wave heating rate anomaly;lwhra;K;171154;"GRIB2 GRIB1";
Relative divergence anomaly;da;s-1;171155;"GRIB2 GRIB1";Dissemination
Height anomaly;gha;m;171156;"GRIB2 GRIB1";Dissemination
Relative humidity anomaly;ra;%;171157;"GRIB2 GRIB1";
Tendency of surface pressure anomaly;tspa;Pa s-1;171158;"GRIB2 GRIB1";
Boundary layer height anomaly;blha;m;171159;"GRIB2 GRIB1";
Standard deviation of orography anomaly;sdora;m;171160;"GRIB2 GRIB1";
Anisotropy of sub-gridscale orography anomaly;isora;~;171161;"GRIB2 GRIB1";
Angle of sub-gridscale orography anomaly;anora;radians;171162;"GRIB2 GRIB1";
Slope of sub-gridscale orography anomaly;slora;~;171163;"GRIB2 GRIB1";
Total cloud cover anomaly;tcca;(0 - 1);171164;"GRIB2 GRIB1";Dissemination
10 metre U wind component anomaly;10ua;m s-1;171165;"GRIB2 GRIB1";Dissemination
10 metre V wind component anomaly;10va;m s-1;171166;"GRIB2 GRIB1";Dissemination
2 metre temperature anomaly;2ta;K;171167;"GRIB2 GRIB1";Dissemination
2 metre dewpoint temperature anomaly;2da;K;171168;"GRIB2 GRIB1";Dissemination
Surface solar radiation downwards anomaly;ssrda;J m-2;171169;"GRIB2 GRIB1";
Soil temperature anomaly level 2;stal2;K;171170;"GRIB2 GRIB1";Dissemination
Soil wetness anomaly level 2;swal2;kg m-2;171171;"GRIB2 GRIB1";
Surface roughness anomaly;sra;m;171173;"GRIB2 GRIB1";
Albedo anomaly;ala;(0 - 1);171174;"GRIB2 GRIB1";
Surface thermal radiation downwards anomaly;strda;J m-2;171175;"GRIB2 GRIB1";
Surface net solar radiation anomaly;ssra;J m-2;171176;"GRIB2 GRIB1";
Surface net thermal radiation anomaly;stra;J m-2;171177;"GRIB2 GRIB1";
Top net solar radiation anomaly;tsra;J m-2;171178;"GRIB2 GRIB1";
Top net thermal radiation anomaly;ttra;J m-2;171179;"GRIB2 GRIB1";
East-West surface stress anomaly;eqssa;N m-2 s;171180;"GRIB2 GRIB1";
North-South surface stress anomaly;nsssa;N m-2 s;171181;"GRIB2 GRIB1";
Evaporation anomaly;ea;kg m-2;171182;"GRIB2 GRIB1";
Soil temperature anomaly level 3;stal3;K;171183;"GRIB2 GRIB1";Dissemination
Soil wetness anomaly level 3;swal3;kg m-2;171184;"GRIB2 GRIB1";
Convective cloud cover anomaly;ccca;(0 - 1);171185;"GRIB2 GRIB1";
Low cloud cover anomaly;lcca;(0 - 1);171186;"GRIB2 GRIB1";Dissemination
Medium cloud cover anomaly;mcca;(0 - 1);171187;"GRIB2 GRIB1";
High cloud cover anomaly;hcca;(0 - 1);171188;"GRIB2 GRIB1";
Sunshine duration anomaly;sunda;s;171189;"GRIB2 GRIB1";
East-West component of sub-gridscale orographic variance anomaly;ewova;m2;171190;"GRIB2 GRIB1";
North-South component of sub-gridscale orographic variance anomaly;nsova;m2;171191;"GRIB2 GRIB1";
North-West/South-East component of sub-gridscale orographic variance anomaly;nwova;m2;171192;"GRIB2 GRIB1";
North-East/South-West component of sub-gridscale orographic variance anomaly;neova;m2;171193;"GRIB2 GRIB1";
Brightness temperature anomaly;btmpa;K;171194;"GRIB2 GRIB1";
Longitudinal component of gravity wave stress anomaly;lgwsa;N m-2 s;171195;"GRIB2 GRIB1";
Meridional component of gravity wave stress anomaly;mgwsa;N m-2 s;171196;"GRIB2 GRIB1";
Gravity wave dissipation anomaly;gwda;J m-2;171197;"GRIB2 GRIB1";
Skin reservoir content anomaly;srca;kg m-2;171198;"GRIB2 GRIB1";
Vegetation fraction anomaly;vfa;(0 - 1);171199;"GRIB2 GRIB1";
Variance of sub-gridscale orography anomaly;vsoa;m2;171200;"GRIB2 GRIB1";
Maximum temperature at 2 metres anomaly;mx2ta;K;171201;"GRIB2 GRIB1";Dissemination
Minimum temperature at 2 metres anomaly;mn2ta;K;171202;"GRIB2 GRIB1";Dissemination
Ozone mass mixing ratio anomaly;o3a;kg kg-1;171203;"GRIB2 GRIB1";Dissemination
Precipitation analysis weights anomaly;pawa;~;171204;"GRIB2 GRIB1";
Runoff anomaly;roa;m;171205;"GRIB2 GRIB1";
Total column ozone anomaly;tco3a;kg m-2;171206;"GRIB2 GRIB1";Dissemination
10 metre wind speed anomaly;10sia;m s-1;171207;"GRIB2 GRIB1";Dissemination
Top net solar radiation clear sky anomaly;tsrca;J m-2;171208;"GRIB2 GRIB1";
Top net thermal radiation clear sky anomaly;ttrca;J m-2;171209;"GRIB2 GRIB1";
Surface net solar radiation clear sky anomaly;ssrca;J m-2;171210;"GRIB2 GRIB1";
Surface net thermal radiation, clear sky anomaly;strca;J m-2;171211;"GRIB2 GRIB1";
Solar insolation anomaly;sia;J m-2;171212;"GRIB2 GRIB1";
Diabatic heating by radiation anomaly;dhra;K;171214;"GRIB2 GRIB1";
Diabatic heating by vertical diffusion anomaly;dhvda;K;171215;"GRIB2 GRIB1";
Diabatic heating by cumulus convection anomaly;dhcca;K;171216;"GRIB2 GRIB1";
Diabatic heating by large-scale condensation anomaly;dhlca;K;171217;"GRIB2 GRIB1";
Vertical diffusion of zonal wind anomaly;vdzwa;m s-1;171218;"GRIB2 GRIB1";
Vertical diffusion of meridional wind anomaly;vdmwa;m s-1;171219;"GRIB2 GRIB1";
East-West gravity wave drag tendency anomaly;ewgda;m s-1;171220;"GRIB2 GRIB1";
North-South gravity wave drag tendency anomaly;nsgda;m s-1;171221;"GRIB2 GRIB1";
Convective tendency of zonal wind anomaly;ctzwa;m s-1;171222;"GRIB2 GRIB1";
Convective tendency of meridional wind anomaly;ctmwa;m s-1;171223;"GRIB2 GRIB1";
Vertical diffusion of humidity anomaly;vdha;kg kg-1;171224;"GRIB2 GRIB1";
Humidity tendency by cumulus convection anomaly;htcca;kg kg-1;171225;"GRIB2 GRIB1";
Humidity tendency by large-scale condensation anomaly;htlca;kg kg-1;171226;"GRIB2 GRIB1";
Change from removal of negative humidity anomaly;crnha;kg kg-1;171227;"GRIB2 GRIB1";
Total precipitation anomaly;tpa;m;171228;"GRIB2 GRIB1";
Instantaneous X surface stress anomaly;iewsa;N m-2;171229;"GRIB2 GRIB1";Dissemination
Instantaneous Y surface stress anomaly;inssa;N m-2;171230;"GRIB2 GRIB1";Dissemination
Instantaneous surface heat flux anomaly;ishfa;J m-2;171231;"GRIB2 GRIB1";
Instantaneous moisture flux anomaly;iea;kg m-2 s;171232;"GRIB2 GRIB1";
Apparent surface humidity anomaly;asqa;kg kg-1;171233;"GRIB2 GRIB1";
Logarithm of surface roughness length for heat anomaly;lsrha;~;171234;"GRIB2 GRIB1";
Skin temperature anomaly;skta;K;171235;"GRIB2 GRIB1";
Soil temperature level 4 anomaly;stal4;K;171236;"GRIB2 GRIB1";Dissemination
Soil wetness level 4 anomaly;swal4;m;171237;"GRIB2 GRIB1";
Temperature of snow layer anomaly;tsna;K;171238;"GRIB2 GRIB1";
Convective snowfall anomaly;csfa;m of water equivalent;171239;"GRIB2 GRIB1";
Large scale snowfall anomaly;lsfa;m of water equivalent;171240;"GRIB2 GRIB1";
Accumulated cloud fraction tendency anomaly;acfa;(-1 to 1);171241;"GRIB2 GRIB1";
Accumulated liquid water tendency anomaly;alwa;(-1 to 1);171242;"GRIB2 GRIB1";
Forecast albedo anomaly;fala;(0 - 1);171243;"GRIB2 GRIB1";Dissemination
Forecast surface roughness anomaly;fsra;m;171244;"GRIB2 GRIB1";
Forecast logarithm of surface roughness for heat anomaly;flsra;~;171245;"GRIB2 GRIB1";
Cloud liquid water content anomaly;clwca;kg kg-1;171246;"GRIB2 GRIB1";
Cloud ice water content anomaly;ciwca;kg kg-1;171247;"GRIB2 GRIB1";
Cloud cover anomaly;cca;(0 - 1);171248;"GRIB2 GRIB1";
Accumulated ice water tendency anomaly;aiwa;(-1 to 1);171249;"GRIB2 GRIB1";
Ice age anomaly;iaa;(0 - 1);171250;"GRIB2 GRIB1";
Adiabatic tendency of temperature anomaly;attea;K;171251;"GRIB2 GRIB1";
Adiabatic tendency of humidity anomaly;athea;kg kg-1;171252;"GRIB2 GRIB1";
Adiabatic tendency of zonal wind anomaly;atzea;m s-1;171253;"GRIB2 GRIB1";
Adiabatic tendency of meridional wind anomaly;atmwa;m s-1;171254;"GRIB2 GRIB1";
Indicates a missing value;~;~;171255;"GRIB2 GRIB1";
Time-mean surface runoff rate;msror;m s-1;172008;"GRIB2 GRIB1";Dissemination
Time-mean sub-surface runoff rate;mssror;m s-1;172009;"GRIB2 GRIB1";Dissemination
Time-mean snow evaporation rate;esrate;m of water equivalent s-1;172044;"GRIB2 GRIB1";
Time-mean snowmelt rate;~;m of water equivalent s-1;172045;"GRIB2 GRIB1";
Time-mean large-scale precipitation rate;mlsprt;m s-1;172142;"GRIB2 GRIB1";Dissemination
Time-mean convective precipitation rate;cprate;m s-1;172143;"GRIB2 GRIB1";Dissemination
Time-mean total snowfall rate;mtsfr;m of water equivalent s-1;172144;"GRIB2 GRIB1";Dissemination
Time-mean surface sensible heat flux;msshfl;W m-2;172146;"GRIB2 GRIB1";Dissemination
Time-mean surface latent heat flux;mslhfl;W m-2;172147;"GRIB2 GRIB1";Dissemination
Time-mean short-wave (solar) heating rate;mswhr;K s-1;172153;"GRIB2 GRIB1";
Time-mean long-wave (thermal) heating rate;mlwhr;K s-1;172154;"GRIB2 GRIB1";
Time-mean surface downward short-wave (solar) radiation flux;msdsrf;W m-2;172169;"GRIB2 GRIB1";Dissemination
Time-mean surface downward long-wave (thermal) radiation flux;msdtrf;W m-2;172175;"GRIB2 GRIB1";Dissemination
Time-mean surface net short-wave (solar) radiation flux;msnsrf;W m-2;172176;"GRIB2 GRIB1";Dissemination
Time-mean surface net long-wave (thermal) radiation flux;msntrf;W m-2;172177;"GRIB2 GRIB1";Dissemination
Time-mean top net short-wave (solar) radiation flux;mtnsrf;W m-2;172178;"GRIB2 GRIB1";Dissemination
Time-mean top net long-wave (thermal) radiation flux;mtntrf;W m-2;172179;"GRIB2 GRIB1";Dissemination
Time-mean eastward turbulent surface stress;ewssra;N m-2;172180;"GRIB2 GRIB1";Dissemination
Time-mean northward turbulent surface stress;nsssra;N m-2;172181;"GRIB2 GRIB1";Dissemination
Time-mean evaporation rate;erate;m of water equivalent s-1;172182;"GRIB2 GRIB1";Dissemination
Time-mean runoff rate;mrort;m s-1;172205;"GRIB2 GRIB1";Dissemination
Time-mean top net short-wave (solar) radiation flux, clear sky;~;W m-2;172208;"GRIB2 GRIB1";
Time-mean top net long-wave (thermal) radiation flux, clear sky;~;W m-2;172209;"GRIB2 GRIB1";
Time-mean surface net short-wave (solar) radiation flux, clear sky;~;W m-2;172210;"GRIB2 GRIB1";
Time-mean surface net long-wave (thermal) radiation flux, clear sky;~;W m-2;172211;"GRIB2 GRIB1";
Time-mean short-wave (solar) insolation rate;soira;W m-2;172212;"GRIB2 GRIB1";Dissemination
Time-mean total precipitation rate;tprate;m s-1;172228;"GRIB2 GRIB1";Dissemination
Time-mean convective snowfall rate;~;m of water equivalent s-1;172239;"GRIB2 GRIB1";
Time-mean large-scale snowfall rate;~;m of water equivalent s-1;172240;"GRIB2 GRIB1";
Indicates a missing value;~;~;172255;"GRIB2 GRIB1";
Time-mean snow evaporation anomalous rate of accumulation;~;m of water equivalent s-1;173044;"GRIB2 GRIB1";
Time-mean snowmelt anomalous rate of accumulation;~;m of water equivalent s-1;173045;"GRIB2 GRIB1";
Magnitude of turbulent surface stress anomaly;~;N m-2;173048;"GRIB2 GRIB1";
Large-scale precipitation fraction anomaly;~;~;173050;"GRIB2 GRIB1";
Stratiform precipitation (Large-scale precipitation) anomalous rate of accumulation;lspara;m s-1;173142;"GRIB2 GRIB1";Dissemination
Mean convective precipitation rate anomaly;mcpra;m s-1;173143;"GRIB2 GRIB1";Dissemination
Snowfall (convective + stratiform) anomalous rate of accumulation;sfara;m of water equivalent s-1;173144;"GRIB2 GRIB1";Dissemination
Boundary layer dissipation anomaly;~;J m-2;173145;"GRIB2 GRIB1";
Surface sensible heat flux anomalous rate of accumulation;sshfara;J m-2;173146;"GRIB2 GRIB1";Dissemination
Surface latent heat flux anomalous rate of accumulation;slhfara;J m-2;173147;"GRIB2 GRIB1";Dissemination
Surface net radiation anomaly;~;J m-2;173149;"GRIB2 GRIB1";
Short-wave heating rate anomaly;~;K s-1;173153;"GRIB2 GRIB1";
Long-wave heating rate anomaly;~;K s-1;173154;"GRIB2 GRIB1";
Surface solar radiation downwards anomalous rate of accumulation;ssrdara;J m-2;173169;"GRIB2 GRIB1";Dissemination
Surface thermal radiation downwards anomalous rate of accumulation;strdara;J m-2;173175;"GRIB2 GRIB1";Dissemination
Surface solar radiation anomalous rate of accumulation;ssrara;J m-2;173176;"GRIB2 GRIB1";Dissemination
Surface thermal radiation anomalous rate of accumulation;strara;J m-2;173177;"GRIB2 GRIB1";Dissemination
Top solar radiation anomalous rate of accumulation;tsrara;J m-2;173178;"GRIB2 GRIB1";Dissemination
Top thermal radiation anomalous rate of accumulation;ttrara;J m-2;173179;"GRIB2 GRIB1";Dissemination
East-West surface stress anomalous rate of accumulation;ewssara;N m-2;173180;"GRIB2 GRIB1";Dissemination
North-South surface stress anomalous rate of accumulation;nsssara;N m-2;173181;"GRIB2 GRIB1";Dissemination
Time-mean evaporation anomalous rate of accumulation;evara;m of water equivalent s-1;173182;"GRIB2 GRIB1";Dissemination
Sunshine duration anomalous rate of accumulation;sundara;dimensionless;173189;"GRIB2 GRIB1";Dissemination
Longitudinal component of gravity wave stress anomaly;~;N m-2;173195;"GRIB2 GRIB1";
Meridional component of gravity wave stress anomaly;~;N m-2;173196;"GRIB2 GRIB1";
Gravity wave dissipation anomaly;~;J m-2;173197;"GRIB2 GRIB1";
Runoff anomalous rate of accumulation;roara;m s-1;173205;"GRIB2 GRIB1";Dissemination
Top net solar radiation, clear sky anomaly;~;J m-2;173208;"GRIB2 GRIB1";
Top net thermal radiation, clear sky anomaly;~;J m-2;173209;"GRIB2 GRIB1";
Surface net solar radiation, clear sky anomaly;~;J m-2;173210;"GRIB2 GRIB1";
Surface net thermal radiation, clear sky anomaly;~;J m-2;173211;"GRIB2 GRIB1";
Solar insolation anomalous rate of accumulation;soiara;W m-2 s-1;173212;"GRIB2 GRIB1";Dissemination
Total precipitation anomalous rate of accumulation;tpara;m s-1;173228;"GRIB2 GRIB1";Dissemination
Convective snowfall anomaly;~;m of water equivalent s-1;173239;"GRIB2 GRIB1";
Large scale snowfall anomaly;~;m of water equivalent s-1;173240;"GRIB2 GRIB1";
Indicates a missing value;~;~;173255;"GRIB2 GRIB1";
Total soil moisture;~;m;174006;"GRIB2 GRIB1";
Surface runoff;sro;kg m-2;174008;"GRIB2 GRIB1";
Fraction of sea-ice in sea;~;(0 - 1);174031;"GRIB2 GRIB1";
Open-sea surface temperature;~;K;174034;"GRIB2 GRIB1";
Volumetric soil water layer 1;~;m3 m-3;174039;"GRIB2 GRIB1";
Volumetric soil water layer 2;~;m3 m-3;174040;"GRIB2 GRIB1";
Volumetric soil water layer 3;~;m3 m-3;174041;"GRIB2 GRIB1";
Volumetric soil water layer 4;~;m3 m-3;174042;"GRIB2 GRIB1";
10 metre wind gust in the last 24 hours;~;m s-1;174049;"GRIB2 GRIB1";
1.5m temperature - mean in the last 24 hours;~;K;174055;"GRIB2 GRIB1";
Net primary productivity;~;kg C m-2 s-1;174083;"GRIB2 GRIB1";
10m U wind over land;~;m s-1;174085;"GRIB2 GRIB1";
10m V wind over land;~;m s-1;174086;"GRIB2 GRIB1";
1.5m temperature over land;~;K;174087;"GRIB2 GRIB1";
1.5m dewpoint temperature over land;~;K;174088;"GRIB2 GRIB1";
Top incoming solar radiation;~;J m-2;174089;"GRIB2 GRIB1";
Top outgoing solar radiation;~;J m-2;174090;"GRIB2 GRIB1";
Mean sea surface temperature;~;K;174094;"GRIB2 GRIB1";
1.5m specific humidity;~;kg kg-1;174095;"GRIB2 GRIB1";
2 metre specific humidity;2sh;kg kg-1;174096;"GRIB2 GRIB1";Dissemination
Sea-ice thickness;sithick;m;174098;"GRIB2 GRIB1 NetCDF";Dissemination
Liquid water potential temperature;~;K;174099;"GRIB2 GRIB1";
Ocean ice concentration;~;(0 - 1);174110;"GRIB2 GRIB1";
Ocean mean ice depth;~;m;174111;"GRIB2 GRIB1";
Soil temperature layer 1;~;K;174139;"GRIB2 GRIB1";
Average potential temperature in upper 293.4m;~;degrees C;174164;"GRIB2 GRIB1";
1.5m temperature;~;K;174167;"GRIB2 GRIB1";
1.5m dewpoint temperature;~;K;174168;"GRIB2 GRIB1";
Soil temperature layer 2;~;K;174170;"GRIB2 GRIB1";
Average salinity in upper 293.4m;~;psu;174175;"GRIB2 GRIB1";
Soil temperature layer 3;~;K;174183;"GRIB2 GRIB1";
Soil temperature layer 4;~;K;174236;"GRIB2 GRIB1";
Indicates a missing value;~;~;174255;"GRIB2 GRIB1";
Total soil moisture;~;m;175006;"GRIB2 GRIB1";
Fraction of sea-ice in sea;~;(0 - 1);175031;"GRIB2 GRIB1";
Open-sea surface temperature;~;K;175034;"GRIB2 GRIB1";
Volumetric soil water layer 1;~;m3 m-3;175039;"GRIB2 GRIB1";
Volumetric soil water layer 2;~;m3 m-3;175040;"GRIB2 GRIB1";
Volumetric soil water layer 3;~;m3 m-3;175041;"GRIB2 GRIB1";
Volumetric soil water layer 4;~;m3 m-3;175042;"GRIB2 GRIB1";
10m wind gust in the last 24 hours;~;m s-1;175049;"GRIB2 GRIB1";
1.5m temperature - mean in the last 24 hours;~;K;175055;"GRIB2 GRIB1";
Net primary productivity;~;kg C m-2 s-1;175083;"GRIB2 GRIB1";
10m U wind over land;~;m s-1;175085;"GRIB2 GRIB1";
10m V wind over land;~;m s-1;175086;"GRIB2 GRIB1";
1.5m temperature over land;~;K;175087;"GRIB2 GRIB1";
1.5m dewpoint temperature over land;~;K;175088;"GRIB2 GRIB1";
Top incoming solar radiation;~;J m-2;175089;"GRIB2 GRIB1";
Top outgoing solar radiation;~;J m-2;175090;"GRIB2 GRIB1";
Ocean ice concentration;~;(0 - 1);175110;"GRIB2 GRIB1";
Ocean mean ice depth;~;m;175111;"GRIB2 GRIB1";
Soil temperature layer 1;~;K;175139;"GRIB2 GRIB1";
Average potential temperature in upper 293.4m;~;degrees C;175164;"GRIB2 GRIB1";
1.5m temperature;~;K;175167;"GRIB2 GRIB1";
1.5m dewpoint temperature;~;K;175168;"GRIB2 GRIB1";
Soil temperature layer 2;~;K;175170;"GRIB2 GRIB1";
Average salinity in upper 293.4m;~;psu;175175;"GRIB2 GRIB1";
Soil temperature layer 3;~;K;175183;"GRIB2 GRIB1";
Soil temperature layer 4;~;K;175236;"GRIB2 GRIB1";
Indicates a missing value;~;~;175255;"GRIB2 GRIB1";
Total soil wetness;tsw;m;180149;"GRIB2 GRIB1";
Surface net solar radiation;ssr;J m-2;180176;"GRIB2 GRIB1";
Surface net thermal radiation;str;J m-2;180177;"GRIB2 GRIB1";
Top net solar radiation;tsr;J m-2;180178;"GRIB2 GRIB1";
Top net thermal radiation;ttr;J m-2;180179;"GRIB2 GRIB1";
Snow depth;sdsien;kg m-2;190141;"GRIB2 GRIB1";
Field capacity;cap;(0 - 1);190170;"GRIB2 GRIB1";
Wilting point;wiltsien;(0 - 1);190171;"GRIB2 GRIB1";
Roughness length;sr;(0 - 1);190173;"GRIB2 GRIB1";
Total soil moisture;tsm;m3 m-3;190229;"GRIB2 GRIB1";
Stream function difference;strfdiff;m2 s-1;200001;"GRIB2 GRIB1";
Velocity potential difference;vpotdiff;m2 s-1;200002;"GRIB2 GRIB1";
Potential temperature difference;ptdiff;K;200003;"GRIB2 GRIB1";
Equivalent potential temperature difference;eqptdiff;K;200004;"GRIB2 GRIB1";
Saturated equivalent potential temperature difference;septdiff;K;200005;"GRIB2 GRIB1";
U component of divergent wind difference;udvwdiff;m s-1;200011;"GRIB2 GRIB1";
V component of divergent wind difference;vdvwdiff;m s-1;200012;"GRIB2 GRIB1";
U component of rotational wind difference;urtwdiff;m s-1;200013;"GRIB2 GRIB1";
V component of rotational wind difference;vrtwdiff;m s-1;200014;"GRIB2 GRIB1";
Unbalanced component of temperature difference;uctpdiff;K;200021;"GRIB2 GRIB1";
Unbalanced component of logarithm of surface pressure difference;uclndiff;~;200022;"GRIB2 GRIB1";
Unbalanced component of divergence difference;ucdvdiff;s-1;200023;"GRIB2 GRIB1";
Reserved for future unbalanced components;~;~;200024;"GRIB2 GRIB1";
Reserved for future unbalanced components;~;~;200025;"GRIB2 GRIB1";
Lake cover difference;cldiff;(0 - 1);200026;"GRIB2 GRIB1";
Low vegetation cover difference;cvldiff;(0 - 1);200027;"GRIB2 GRIB1";
High vegetation cover difference;cvhdiff;(0 - 1);200028;"GRIB2 GRIB1";
Type of low vegetation difference;tvldiff;~;200029;"GRIB2 GRIB1";
Type of high vegetation difference;tvhdiff;~;200030;"GRIB2 GRIB1";
Sea-ice cover difference;sicdiff;(0 - 1);200031;"GRIB2 GRIB1";
Snow albedo difference;asndiff;(0 - 1);200032;"GRIB2 GRIB1";
Snow density difference;rsndiff;kg m-3;200033;"GRIB2 GRIB1";
Sea surface temperature difference;sstdiff;K;200034;"GRIB2 GRIB1";
Ice surface temperature layer 1 difference;istl1diff;K;200035;"GRIB2 GRIB1";
Ice surface temperature layer 2 difference;istl2diff;K;200036;"GRIB2 GRIB1";
Ice surface temperature layer 3 difference;istl3diff;K;200037;"GRIB2 GRIB1";
Ice surface temperature layer 4 difference;istl4diff;K;200038;"GRIB2 GRIB1";
Volumetric soil water layer 1 difference;swvl1diff;m3 m-3;200039;"GRIB2 GRIB1";
Volumetric soil water layer 2 difference;swvl2diff;m3 m-3;200040;"GRIB2 GRIB1";
Volumetric soil water layer 3 difference;swvl3diff;m3 m-3;200041;"GRIB2 GRIB1";
Volumetric soil water layer 4 difference;swvl4diff;m3 m-3;200042;"GRIB2 GRIB1";
Soil type difference;sltdiff;~;200043;"GRIB2 GRIB1";
Snow evaporation difference;esdiff;kg m-2;200044;"GRIB2 GRIB1";
Snowmelt difference;smltdiff;kg m-2;200045;"GRIB2 GRIB1";
Solar duration difference;sdurdiff;s;200046;"GRIB2 GRIB1";
Direct solar radiation difference;dsrpdiff;J m-2;200047;"GRIB2 GRIB1";
Magnitude of turbulent surface stress difference;magssdiff;N m-2 s;200048;"GRIB2 GRIB1";
10 metre wind gust difference;10fgdiff;m s-1;200049;"GRIB2 GRIB1";
Large-scale precipitation fraction difference;lspfdiff;s;200050;"GRIB2 GRIB1";
Maximum 2 metre temperature difference;mx2t24diff;K;200051;"GRIB2 GRIB1";
Minimum 2 metre temperature difference;mn2t24diff;K;200052;"GRIB2 GRIB1";
Montgomery potential difference;montdiff;m2 s-2;200053;"GRIB2 GRIB1";
Pressure difference;presdiff;Pa;200054;"GRIB2 GRIB1";
Mean 2 metre temperature in the last 24 hours difference;mean2t24diff;K;200055;"GRIB2 GRIB1";
Mean 2 metre dewpoint temperature in the last 24 hours difference;mn2d24diff;K;200056;"GRIB2 GRIB1";
Downward UV radiation at the surface difference;uvbdiff;J m-2;200057;"GRIB2 GRIB1";
Photosynthetically active radiation at the surface difference;pardiff;J m-2;200058;"GRIB2 GRIB1";
Convective available potential energy difference;capediff;J kg-1;200059;"GRIB2 GRIB1";
Potential vorticity difference;pvdiff;K m2 kg-1 s-1;200060;"GRIB2 GRIB1";
Total precipitation from observations difference;tpodiff;Millimetres*100 + number of stations;200061;"GRIB2 GRIB1";
Observation count difference;obctdiff;~;200062;"GRIB2 GRIB1";
Start time for skin temperature difference;~;s;200063;"GRIB2 GRIB1";
Finish time for skin temperature difference;~;s;200064;"GRIB2 GRIB1";
Skin temperature difference;~;K;200065;"GRIB2 GRIB1";
Leaf area index, low vegetation;~;m2 m-2;200066;"GRIB2 GRIB1";
Leaf area index, high vegetation;~;m2 m-2;200067;"GRIB2 GRIB1";
Biome cover, low vegetation;~;(0 - 1);200070;"GRIB2 GRIB1";
Biome cover, high vegetation;~;(0 - 1);200071;"GRIB2 GRIB1";
Total column liquid water;~;kg m-2;200078;"GRIB2 GRIB1";
Total column ice water;~;kg m-2;200079;"GRIB2 GRIB1";
Experimental product;~;~;200080;"GRIB2 GRIB1";
Experimental product;~;~;200081;"GRIB2 GRIB1";
Experimental product;~;~;200082;"GRIB2 GRIB1";
Experimental product;~;~;200083;"GRIB2 GRIB1";
Experimental product;~;~;200084;"GRIB2 GRIB1";
Experimental product;~;~;200085;"GRIB2 GRIB1";
Experimental product;~;~;200086;"GRIB2 GRIB1";
Experimental product;~;~;200087;"GRIB2 GRIB1";
Experimental product;~;~;200088;"GRIB2 GRIB1";
Experimental product;~;~;200089;"GRIB2 GRIB1";
Experimental product;~;~;200090;"GRIB2 GRIB1";
Experimental product;~;~;200091;"GRIB2 GRIB1";
Experimental product;~;~;200092;"GRIB2 GRIB1";
Experimental product;~;~;200093;"GRIB2 GRIB1";
Experimental product;~;~;200094;"GRIB2 GRIB1";
Experimental product;~;~;200095;"GRIB2 GRIB1";
Experimental product;~;~;200096;"GRIB2 GRIB1";
Experimental product;~;~;200097;"GRIB2 GRIB1";
Experimental product;~;~;200098;"GRIB2 GRIB1";
Experimental product;~;~;200099;"GRIB2 GRIB1";
Experimental product;~;~;200100;"GRIB2 GRIB1";
Experimental product;~;~;200101;"GRIB2 GRIB1";
Experimental product;~;~;200102;"GRIB2 GRIB1";
Experimental product;~;~;200103;"GRIB2 GRIB1";
Experimental product;~;~;200104;"GRIB2 GRIB1";
Experimental product;~;~;200105;"GRIB2 GRIB1";
Experimental product;~;~;200106;"GRIB2 GRIB1";
Experimental product;~;~;200107;"GRIB2 GRIB1";
Experimental product;~;~;200108;"GRIB2 GRIB1";
Experimental product;~;~;200109;"GRIB2 GRIB1";
Experimental product;~;~;200110;"GRIB2 GRIB1";
Experimental product;~;~;200111;"GRIB2 GRIB1";
Experimental product;~;~;200112;"GRIB2 GRIB1";
Experimental product;~;~;200113;"GRIB2 GRIB1";
Experimental product;~;~;200114;"GRIB2 GRIB1";
Experimental product;~;~;200115;"GRIB2 GRIB1";
Experimental product;~;~;200116;"GRIB2 GRIB1";
Experimental product;~;~;200117;"GRIB2 GRIB1";
Experimental product;~;~;200118;"GRIB2 GRIB1";
Experimental product;~;~;200119;"GRIB2 GRIB1";
Experimental product;~;~;200120;"GRIB2 GRIB1";
Maximum temperature at 2 metres difference;mx2t6diff;K;200121;"GRIB2 GRIB1";
Minimum temperature at 2 metres difference;mn2t6diff;K;200122;"GRIB2 GRIB1";
10 metre wind gust in the last 6 hours difference;10fg6diff;m s-1;200123;"GRIB2 GRIB1";
Vertically integrated total energy;~;J m-2;200125;"GRIB2 GRIB1";
Generic parameter for sensitive area prediction;~;Various;200126;"GRIB2 GRIB1";
Atmospheric tide difference;atdiff;~;200127;"GRIB2 GRIB1";
Budget values difference;bvdiff;~;200128;"GRIB2 GRIB1";
Geopotential difference;zdiff;m2 s-2;200129;"GRIB2 GRIB1";
Temperature difference;tdiff;K;200130;"GRIB2 GRIB1";
U component of wind difference;udiff;m s-1;200131;"GRIB2 GRIB1";
V component of wind difference;vdiff;m s-1;200132;"GRIB2 GRIB1";
Specific humidity difference;qdiff;kg kg-1;200133;"GRIB2 GRIB1";
Surface pressure difference;spdiff;Pa;200134;"GRIB2 GRIB1";
Vertical velocity (pressure) difference;wdiff;Pa s-1;200135;"GRIB2 GRIB1";
Total column water difference;tcwdiff;kg m-2;200136;"GRIB2 GRIB1";
Total column water vapour difference;tcwvdiff;kg m-2;200137;"GRIB2 GRIB1";
Vorticity (relative) difference;vodiff;s-1;200138;"GRIB2 GRIB1";
Soil temperature level 1 difference;stl1diff;K;200139;"GRIB2 GRIB1";
Soil wetness level 1 difference;swl1diff;kg m-2;200140;"GRIB2 GRIB1";
Snow depth difference;sddiff;m of water equivalent;200141;"GRIB2 GRIB1";
Stratiform precipitation (Large-scale precipitation) difference;lspdiff;m;200142;"GRIB2 GRIB1";
Convective precipitation difference;cpdiff;m;200143;"GRIB2 GRIB1";
Snowfall (convective + stratiform) difference;sfdiff;m of water equivalent;200144;"GRIB2 GRIB1";
Boundary layer dissipation difference;blddiff;J m-2;200145;"GRIB2 GRIB1";
Surface sensible heat flux difference;sshfdiff;J m-2;200146;"GRIB2 GRIB1";
Surface latent heat flux difference;slhfdiff;J m-2;200147;"GRIB2 GRIB1";
Charnock difference;chnkdiff;~;200148;"GRIB2 GRIB1";
Surface net radiation difference;snrdiff;J m-2;200149;"GRIB2 GRIB1";
Top net radiation difference;tnrdiff;~;200150;"GRIB2 GRIB1";
Mean sea level pressure difference;msldiff;Pa;200151;"GRIB2 GRIB1";
Logarithm of surface pressure difference;lnspdiff;kg m-2;200152;"GRIB2 GRIB1";
Short-wave heating rate difference;swhrdiff;K;200153;"GRIB2 GRIB1";
Long-wave heating rate difference;lwhrdiff;K;200154;"GRIB2 GRIB1";
Divergence difference;ddiff;s-1;200155;"GRIB2 GRIB1";
Height difference;ghdiff;m;200156;"GRIB2 GRIB1";
Relative humidity difference;rdiff;%;200157;"GRIB2 GRIB1";
Tendency of surface pressure difference;tspdiff;Pa s-1;200158;"GRIB2 GRIB1";
Boundary layer height difference;blhdiff;m;200159;"GRIB2 GRIB1";
Standard deviation of orography difference;sdordiff;m;200160;"GRIB2 GRIB1";
Anisotropy of sub-gridscale orography difference;isordiff;~;200161;"GRIB2 GRIB1";
Angle of sub-gridscale orography difference;anordiff;radians;200162;"GRIB2 GRIB1";
Slope of sub-gridscale orography difference;slordiff;~;200163;"GRIB2 GRIB1";
Total cloud cover difference;tccdiff;(0 - 1);200164;"GRIB2 GRIB1";
10 metre U wind component difference;10udiff;m s-1;200165;"GRIB2 GRIB1";
10 metre V wind component difference;10vdiff;m s-1;200166;"GRIB2 GRIB1";
2 metre temperature difference;2tdiff;K;200167;"GRIB2 GRIB1";
2 metre dewpoint temperature difference;2ddiff;K;200168;"GRIB2 GRIB1";
Surface solar radiation downwards difference;ssrddiff;J m-2;200169;"GRIB2 GRIB1";
Soil temperature level 2 difference;stl2diff;K;200170;"GRIB2 GRIB1";
Soil wetness level 2 difference;swl2diff;kg m-2;200171;"GRIB2 GRIB1";
Land-sea mask difference;lsmdiff;(0 - 1);200172;"GRIB2 GRIB1";
Surface roughness difference;srdiff;m;200173;"GRIB2 GRIB1";
Albedo difference;aldiff;(0 - 1);200174;"GRIB2 GRIB1";
Surface thermal radiation downwards difference;strddiff;J m-2;200175;"GRIB2 GRIB1";
Surface net solar radiation difference;ssrdiff;J m-2;200176;"GRIB2 GRIB1";
Surface net thermal radiation difference;strdiff;J m-2;200177;"GRIB2 GRIB1";
Top net solar radiation difference;tsrdiff;J m-2;200178;"GRIB2 GRIB1";
Top net thermal radiation difference;ttrdiff;J m-2;200179;"GRIB2 GRIB1";
East-West surface stress difference;ewssdiff;N m-2 s;200180;"GRIB2 GRIB1";
North-South surface stress difference;nsssdiff;N m-2 s;200181;"GRIB2 GRIB1";
Evaporation difference;ediff;kg m-2;200182;"GRIB2 GRIB1";
Soil temperature level 3 difference;stl3diff;K;200183;"GRIB2 GRIB1";
Soil wetness level 3 difference;swl3diff;kg m-2;200184;"GRIB2 GRIB1";
Convective cloud cover difference;cccdiff;(0 - 1);200185;"GRIB2 GRIB1";
Low cloud cover difference;lccdiff;(0 - 1);200186;"GRIB2 GRIB1";
Medium cloud cover difference;mccdiff;(0 - 1);200187;"GRIB2 GRIB1";
High cloud cover difference;hccdiff;(0 - 1);200188;"GRIB2 GRIB1";
Sunshine duration difference;sunddiff;s;200189;"GRIB2 GRIB1";
East-West component of sub-gridscale orographic variance difference;ewovdiff;m2;200190;"GRIB2 GRIB1";
North-South component of sub-gridscale orographic variance difference;nsovdiff;m2;200191;"GRIB2 GRIB1";
North-West/South-East component of sub-gridscale orographic variance difference;nwovdiff;m2;200192;"GRIB2 GRIB1";
North-East/South-West component of sub-gridscale orographic variance difference;neovdiff;m2;200193;"GRIB2 GRIB1";
Brightness temperature difference;btmpdiff;K;200194;"GRIB2 GRIB1";
Longitudinal component of gravity wave stress difference;lgwsdiff;N m-2 s;200195;"GRIB2 GRIB1";
Meridional component of gravity wave stress difference;mgwsdiff;N m-2 s;200196;"GRIB2 GRIB1";
Gravity wave dissipation difference;gwddiff;J m-2;200197;"GRIB2 GRIB1";
Skin reservoir content difference;srcdiff;kg m-2;200198;"GRIB2 GRIB1";
Vegetation fraction difference;vegdiff;(0 - 1);200199;"GRIB2 GRIB1";
Variance of sub-gridscale orography difference;vsodiff;m2;200200;"GRIB2 GRIB1";
Maximum temperature at 2 metres since previous post-processing difference;mx2tdiff;K;200201;"GRIB2 GRIB1";
Minimum temperature at 2 metres since previous post-processing difference;mn2tdiff;K;200202;"GRIB2 GRIB1";
Ozone mass mixing ratio difference;o3diff;kg kg-1;200203;"GRIB2 GRIB1";
Precipitation analysis weights difference;pawdiff;~;200204;"GRIB2 GRIB1";
Runoff difference;rodiff;m;200205;"GRIB2 GRIB1";
Total column ozone difference;tco3diff;kg m-2;200206;"GRIB2 GRIB1";
10 metre wind speed difference;10sidiff;m s-1;200207;"GRIB2 GRIB1";
Top net solar radiation, clear sky difference;tsrcdiff;J m-2;200208;"GRIB2 GRIB1";
Top net thermal radiation, clear sky difference;ttrcdiff;J m-2;200209;"GRIB2 GRIB1";
Surface net solar radiation, clear sky difference;ssrcdiff;J m-2;200210;"GRIB2 GRIB1";
Surface net thermal radiation, clear sky difference;strcdiff;J m-2;200211;"GRIB2 GRIB1";
TOA incident solar radiation difference;tisrdiff;J m-2;200212;"GRIB2 GRIB1";
Diabatic heating by radiation difference;dhrdiff;K;200214;"GRIB2 GRIB1";
Diabatic heating by vertical diffusion difference;dhvddiff;K;200215;"GRIB2 GRIB1";
Diabatic heating by cumulus convection difference;dhccdiff;K;200216;"GRIB2 GRIB1";
Diabatic heating large-scale condensation difference;dhlcdiff;K;200217;"GRIB2 GRIB1";
Vertical diffusion of zonal wind difference;vdzwdiff;m s-1;200218;"GRIB2 GRIB1";
Vertical diffusion of meridional wind difference;vdmwdiff;m s-1;200219;"GRIB2 GRIB1";
East-West gravity wave drag tendency difference;ewgddiff;m s-1;200220;"GRIB2 GRIB1";
North-South gravity wave drag tendency difference;nsgddiff;m s-1;200221;"GRIB2 GRIB1";
Convective tendency of zonal wind difference;ctzwdiff;m s-1;200222;"GRIB2 GRIB1";
Convective tendency of meridional wind difference;ctmwdiff;m s-1;200223;"GRIB2 GRIB1";
Vertical diffusion of humidity difference;vdhdiff;kg kg-1;200224;"GRIB2 GRIB1";
Humidity tendency by cumulus convection difference;htccdiff;kg kg-1;200225;"GRIB2 GRIB1";
Humidity tendency by large-scale condensation difference;htlcdiff;kg kg-1;200226;"GRIB2 GRIB1";
Change from removal of negative humidity difference;crnhdiff;kg kg-1;200227;"GRIB2 GRIB1";
Total precipitation difference;tpdiff;m;200228;"GRIB2 GRIB1";
Instantaneous X surface stress difference;iewsdiff;N m-2;200229;"GRIB2 GRIB1";
Instantaneous Y surface stress difference;inssdiff;N m-2;200230;"GRIB2 GRIB1";
Instantaneous surface heat flux difference;ishfdiff;J m-2;200231;"GRIB2 GRIB1";
Instantaneous moisture flux difference;iediff;kg m-2 s;200232;"GRIB2 GRIB1";
Apparent surface humidity difference;asqdiff;kg kg-1;200233;"GRIB2 GRIB1";
Logarithm of surface roughness length for heat difference;lsrhdiff;~;200234;"GRIB2 GRIB1";
Skin temperature difference;sktdiff;K;200235;"GRIB2 GRIB1";
Soil temperature level 4 difference;stl4diff;K;200236;"GRIB2 GRIB1";
Soil wetness level 4 difference;swl4diff;m;200237;"GRIB2 GRIB1";
Temperature of snow layer difference;tsndiff;K;200238;"GRIB2 GRIB1";
Convective snowfall difference;csfdiff;m of water equivalent;200239;"GRIB2 GRIB1";
Large scale snowfall difference;lsfdiff;m of water equivalent;200240;"GRIB2 GRIB1";
Accumulated cloud fraction tendency difference;acfdiff;(-1 to 1);200241;"GRIB2 GRIB1";
Accumulated liquid water tendency difference;alwdiff;(-1 to 1);200242;"GRIB2 GRIB1";
Forecast albedo difference;faldiff;(0 - 1);200243;"GRIB2 GRIB1";
Forecast surface roughness difference;fsrdiff;m;200244;"GRIB2 GRIB1";
Forecast logarithm of surface roughness for heat difference;flsrdiff;~;200245;"GRIB2 GRIB1";
Specific cloud liquid water content difference;clwcdiff;kg kg-1;200246;"GRIB2 GRIB1";
Specific cloud ice water content difference;ciwcdiff;kg kg-1;200247;"GRIB2 GRIB1";
Cloud cover difference;ccdiff;(0 - 1);200248;"GRIB2 GRIB1";
Accumulated ice water tendency difference;aiwdiff;(-1 to 1);200249;"GRIB2 GRIB1";
Ice age difference;icediff;(0 - 1);200250;"GRIB2 GRIB1";
Adiabatic tendency of temperature difference;attediff;K;200251;"GRIB2 GRIB1";
Adiabatic tendency of humidity difference;athediff;kg kg-1;200252;"GRIB2 GRIB1";
Adiabatic tendency of zonal wind difference;atzediff;m s-1;200253;"GRIB2 GRIB1";
Adiabatic tendency of meridional wind difference;atmwdiff;m s-1;200254;"GRIB2 GRIB1";
Indicates a missing value;~;~;200255;"GRIB2 GRIB1";
downward shortwave radiant flux density;~;J m-2;201001;"GRIB2 GRIB1";
upward shortwave radiant flux density;~;J m-2;201002;"GRIB2 GRIB1";
downward longwave radiant flux density;~;J m-2;201003;"GRIB2 GRIB1";
upward longwave radiant flux density;~;J m-2;201004;"GRIB2 GRIB1";
downwd photosynthetic active radiant flux density;apab_s;J m-2;201005;"GRIB2 GRIB1";
Net shortwave flux;~;J m-2;201006;"GRIB2 GRIB1";
Net longwave flux;~;J m-2;201007;"GRIB2 GRIB1";
total net radiative flux density;~;J m-2;201008;"GRIB2 GRIB1";
downw shortw radiant flux density, cloudfree part;~;J m-2;201009;"GRIB2 GRIB1";
upw shortw radiant flux density, cloudy part;~;J m-2;201010;"GRIB2 GRIB1";
downw longw radiant flux density, cloudfree part;~;J m-2;201011;"GRIB2 GRIB1";
upw longw radiant flux density, cloudy part;~;J m-2;201012;"GRIB2 GRIB1";
shortwave radiative heating rate;sohr_rad;K s-1;201013;"GRIB2 GRIB1";
longwave radiative heating rate;thhr_rad;K s-1;201014;"GRIB2 GRIB1";
total radiative heating rate;~;J m-2;201015;"GRIB2 GRIB1";
soil heat flux, surface;~;J m-2;201016;"GRIB2 GRIB1";
soil heat flux, bottom of layer;~;J m-2;201017;"GRIB2 GRIB1";
fractional cloud cover;clc;(0 - 1);201029;"GRIB2 GRIB1";
cloud cover, grid scale;~;(0 - 1);201030;"GRIB2 GRIB1";
specific cloud water content;qc;kg kg-1;201031;"GRIB2 GRIB1";
cloud water content, grid scale, vert integrated;~;kg m-2;201032;"GRIB2 GRIB1";
specific cloud ice content, grid scale;qi;kg kg-1;201033;"GRIB2 GRIB1";
cloud ice content, grid scale, vert integrated;~;kg m-2;201034;"GRIB2 GRIB1";
specific rainwater content, grid scale;~;kg kg-1;201035;"GRIB2 GRIB1";
specific snow content, grid scale;~;kg kg-1;201036;"GRIB2 GRIB1";
specific rainwater content, gs, vert. integrated;~;kg m-2;201037;"GRIB2 GRIB1";
specific snow content, gs, vert. integrated;~;kg m-2;201038;"GRIB2 GRIB1";
total column water;twater;kg m-2;201041;"GRIB2 GRIB1";
vert. integral of divergence of tot. water content;~;kg m-2;201042;"GRIB2 GRIB1";
cloud covers CH_CM_CL (000...888);ch_cm_cl;(0 - 1);201050;"GRIB2 GRIB1";
cloud cover CH (0..8);~;(0 - 1);201051;"GRIB2 GRIB1";
cloud cover CM (0..8);~;(0 - 1);201052;"GRIB2 GRIB1";
cloud cover CL (0..8);~;(0 - 1);201053;"GRIB2 GRIB1";
total cloud cover (0..8);~;(0 - 1);201054;"GRIB2 GRIB1";
fog (0..8);~;(0 - 1);201055;"GRIB2 GRIB1";
fog;~;(0 - 1);201056;"GRIB2 GRIB1";
cloud cover, convective cirrus;~;(0 - 1);201060;"GRIB2 GRIB1";
specific cloud water content, convective clouds;~;kg kg-1;201061;"GRIB2 GRIB1";
cloud water content, conv clouds, vert integrated;~;kg m-2;201062;"GRIB2 GRIB1";
specific cloud ice content, convective clouds;~;kg kg-1;201063;"GRIB2 GRIB1";
cloud ice content, conv clouds, vert integrated;~;kg m-2;201064;"GRIB2 GRIB1";
convective mass flux;~;kg s-1 m-2;201065;"GRIB2 GRIB1";
Updraft velocity, convection;~;m s-1;201066;"GRIB2 GRIB1";
entrainment parameter, convection;~;m-1;201067;"GRIB2 GRIB1";
cloud base, convective clouds (above msl);hbas_con;m;201068;"GRIB2 GRIB1";
cloud top, convective clouds (above msl);htop_con;m;201069;"GRIB2 GRIB1";
convective layers (00...77) (BKE);~;(0 - 1);201070;"GRIB2 GRIB1";
KO-index;~;dimensionless;201071;"GRIB2 GRIB1";
convection base index;bas_con;dimensionless;201072;"GRIB2 GRIB1";
convection top index;top_con;dimensionless;201073;"GRIB2 GRIB1";
convective temperature tendency;dt_con;K s-1;201074;"GRIB2 GRIB1";
convective tendency of specific humidity;dqv_con;s-1;201075;"GRIB2 GRIB1";
convective tendency of total heat;~;J kg-1 s-1;201076;"GRIB2 GRIB1";
convective tendency of total water;~;s-1;201077;"GRIB2 GRIB1";
convective momentum tendency (X-component);du_con;m s-2;201078;"GRIB2 GRIB1";
convective momentum tendency (Y-component);dv_con;m s-2;201079;"GRIB2 GRIB1";
convective vorticity tendency;~;s-2;201080;"GRIB2 GRIB1";
convective divergence tendency;~;s-2;201081;"GRIB2 GRIB1";
top of dry convection (above msl);htop_dc;m;201082;"GRIB2 GRIB1";
dry convection top index;~;dimensionless;201083;"GRIB2 GRIB1";
height of 0 degree Celsius isotherm above msl;hzerocl;m;201084;"GRIB2 GRIB1";
height of snow-fall limit;snowlmt;m;201085;"GRIB2 GRIB1";
spec. content of precip. particles;qrs_gsp;kg kg-1;201099;"GRIB2 GRIB1";
surface precipitation rate, rain, grid scale;prr_gsp;kg s-1 m-2;201100;"GRIB2 GRIB1";
surface precipitation rate, snow, grid scale;prs_gsp;kg s-1 m-2;201101;"GRIB2 GRIB1";
surface precipitation amount, rain, grid scale;rain_gsp;kg m-2;201102;"GRIB2 GRIB1";
surface precipitation rate, rain, convective;prr_con;kg s-1 m-2;201111;"GRIB2 GRIB1";
surface precipitation rate, snow, convective;prs_con;kg s-1 m-2;201112;"GRIB2 GRIB1";
surface precipitation amount, rain, convective;rain_con;kg m-2;201113;"GRIB2 GRIB1";
coefficient of horizontal diffusion;~;m2 s-1;201150;"GRIB2 GRIB1";
water content of interception store;w_i;kg m-2;201200;"GRIB2 GRIB1";
snow temperature;t_snow;K;201203;"GRIB2 GRIB1";
ice surface temperature;t_ice;K;201215;"GRIB2 GRIB1";
convective available potential energy;cape_con;J kg-1;201241;"GRIB2 GRIB1";
Indicates a missing value;~;~;201255;"GRIB2 GRIB1";
Sea Salt Aerosol (0.03 - 0.5 um) Mixing Ratio;aermr01;kg kg-1;210001;"GRIB2 GRIB1";
Sea Salt Aerosol (0.5 - 5 um) Mixing Ratio;aermr02;kg kg-1;210002;"GRIB2 GRIB1";
Sea Salt Aerosol (5 - 20 um) Mixing Ratio;aermr03;kg kg-1;210003;"GRIB2 GRIB1";
Dust Aerosol (0.03 - 0.55 um) Mixing Ratio;aermr04;kg kg-1;210004;"GRIB2 GRIB1";
Dust Aerosol (0.55 - 0.9 um) Mixing Ratio;aermr05;kg kg-1;210005;"GRIB2 GRIB1";
Dust Aerosol (0.9 - 20 um) Mixing Ratio;aermr06;kg kg-1;210006;"GRIB2 GRIB1";
Hydrophilic Organic Matter Aerosol Mixing Ratio;aermr07;kg kg-1;210007;"GRIB2 GRIB1";
Hydrophobic Organic Matter Aerosol Mixing Ratio;aermr08;kg kg-1;210008;"GRIB2 GRIB1";
Hydrophilic Black Carbon Aerosol Mixing Ratio;aermr09;kg kg-1;210009;"GRIB2 GRIB1";
Hydrophobic Black Carbon Aerosol Mixing Ratio;aermr10;kg kg-1;210010;"GRIB2 GRIB1";
Sulphate Aerosol Mixing Ratio;aermr11;kg kg-1;210011;"GRIB2 GRIB1";
SO2 precursor mixing ratio;aermr12;kg kg-1;210012;"GRIB2 GRIB1";
Volcanic ash aerosol mixing ratio;aermr13;kg kg-1;210013;"GRIB2 GRIB1";
Volcanic sulphate aerosol mixing ratio;aermr14;kg kg-1;210014;"GRIB2 GRIB1";
Volcanic SO2 precursor mixing ratio;aermr15;kg kg-1;210015;"GRIB2 GRIB1";
Aerosol type 1 source/gain accumulated;aergn01;kg m-2;210016;"GRIB2 GRIB1";
Aerosol type 2 source/gain accumulated;aergn02;kg m-2;210017;"GRIB2 GRIB1";
Aerosol type 3 source/gain accumulated;aergn03;kg m-2;210018;"GRIB2 GRIB1";
Aerosol type 4 source/gain accumulated;aergn04;kg m-2;210019;"GRIB2 GRIB1";
Aerosol type 5 source/gain accumulated;aergn05;kg m-2;210020;"GRIB2 GRIB1";
Aerosol type 6 source/gain accumulated;aergn06;kg m-2;210021;"GRIB2 GRIB1";
Aerosol type 7 source/gain accumulated;aergn07;kg m-2;210022;"GRIB2 GRIB1";
Aerosol type 8 source/gain accumulated;aergn08;kg m-2;210023;"GRIB2 GRIB1";
Aerosol type 9 source/gain accumulated;aergn09;kg m-2;210024;"GRIB2 GRIB1";
Aerosol type 10 source/gain accumulated;aergn10;kg m-2;210025;"GRIB2 GRIB1";
Aerosol type 11 source/gain accumulated;aergn11;kg m-2;210026;"GRIB2 GRIB1";
Aerosol type 12 source/gain accumulated;aergn12;kg m-2;210027;"GRIB2 GRIB1";
SO4 aerosol precursor mass mixing ratio;aerpr03;kg kg-1;210028;"GRIB2 GRIB1";
Water vapour mixing ratio for hydrophilic aerosols in mode 1;aerwv01;kg kg-1;210029;"GRIB2 GRIB1";
Water vapour mixing ratio for hydrophilic aerosols in mode 2;aerwv02;kg kg-1;210030;"GRIB2 GRIB1";
Aerosol type 1 sink/loss accumulated;aerls01;kg m-2;210031;"GRIB2 GRIB1";
Aerosol type 2 sink/loss accumulated;aerls02;kg m-2;210032;"GRIB2 GRIB1";
Aerosol type 3 sink/loss accumulated;aerls03;kg m-2;210033;"GRIB2 GRIB1";
Aerosol type 4 sink/loss accumulated;aerls04;kg m-2;210034;"GRIB2 GRIB1";
Aerosol type 5 sink/loss accumulated;aerls05;kg m-2;210035;"GRIB2 GRIB1";
Aerosol type 6 sink/loss accumulated;aerls06;kg m-2;210036;"GRIB2 GRIB1";
Aerosol type 7 sink/loss accumulated;aerls07;kg m-2;210037;"GRIB2 GRIB1";
Aerosol type 8 sink/loss accumulated;aerls08;kg m-2;210038;"GRIB2 GRIB1";
Aerosol type 9 sink/loss accumulated;aerls09;kg m-2;210039;"GRIB2 GRIB1";
Aerosol type 10 sink/loss accumulated;aerls10;kg m-2;210040;"GRIB2 GRIB1";
Aerosol type 11 sink/loss accumulated;aerls11;kg m-2;210041;"GRIB2 GRIB1";
Aerosol type 12 sink/loss accumulated;aerls12;kg m-2;210042;"GRIB2 GRIB1";
DMS surface emission;emdms;kg m-2 s-1;210043;"GRIB2 GRIB1";
Water vapour mixing ratio for hydrophilic aerosols in mode 3;aerwv03;kg kg-1;210044;"GRIB2 GRIB1";
Water vapour mixing ratio for hydrophilic aerosols in mode 4;aerwv04;kg kg-1;210045;"GRIB2 GRIB1";
Aerosol precursor mixing ratio;aerpr;kg kg-1;210046;"GRIB2 GRIB1";
Aerosol small mode mixing ratio;aersm;kg kg-1;210047;"GRIB2 GRIB1";
Aerosol large mode mixing ratio;aerlg;kg kg-1;210048;"GRIB2 GRIB1";
Aerosol precursor optical depth;aodpr;dimensionless;210049;"GRIB2 GRIB1";
Aerosol small mode optical depth;aodsm;dimensionless;210050;"GRIB2 GRIB1";
Aerosol large mode optical depth;aodlg;dimensionless;210051;"GRIB2 GRIB1";
Dust emission potential;aerdep;kg s2 m-5;210052;"GRIB2 GRIB1";
Lifting threshold speed;aerlts;m s-1;210053;"GRIB2 GRIB1";
Soil clay content;aerscc;%;210054;"GRIB2 GRIB1";
Experimental product;~;~;210055;"GRIB2 GRIB1";
Experimental product;~;~;210056;"GRIB2 GRIB1";
Mixing ration of organic carbon aerosol, nucleation mode;ocnuc;kg kg-1;210057;"GRIB2 GRIB1";
Monoterpene precursor mixing ratio;monot;kg kg-1;210058;"GRIB2 GRIB1";
Secondary organic precursor mixing ratio;soapr;kg kg-1;210059;"GRIB2 GRIB1";
Injection height (from IS4FIRES);injh;m;210060;"GRIB2 GRIB1";
Carbon dioxide mass mixing ratio;co2;kg kg-1;210061;"GRIB2 GRIB1 NetCDF";
Methane;ch4;kg kg-1;210062;"GRIB2 GRIB1 NetCDF";
Nitrous oxide;n2o;kg kg-1;210063;"GRIB2 GRIB1 NetCDF";
CO2 column-mean molar fraction;tcco2;ppm;210064;"GRIB2 GRIB1";
CH4 column-mean molar fraction;tcch4;ppb;210065;"GRIB2 GRIB1";
Total column Nitrous oxide;tcn2o;kg m-2;210066;"GRIB2 GRIB1 NetCDF";
Ocean flux of Carbon Dioxide;co2of;kg m-2 s-1;210067;"GRIB2 GRIB1";
Natural biosphere flux of Carbon Dioxide;co2nbf;kg m-2 s-1;210068;"GRIB2 GRIB1";
Anthropogenic emissions of Carbon Dioxide;co2apf;kg m-2 s-1;210069;"GRIB2 GRIB1";
Methane Surface Fluxes;ch4f;kg m-2 s-1;210070;"GRIB2 GRIB1";
Methane loss rate due to radical hydroxyl (OH);kch4;s-1;210071;"GRIB2 GRIB1";
Particulate matter d <= 1 um;pm1;kg m-3;210072;"GRIB2 GRIB1 NetCDF";
Particulate matter d <= 2.5 um;pm2p5;kg m-3;210073;"GRIB2 GRIB1 NetCDF";
Particulate matter d <= 10 um;pm10;kg m-3;210074;"GRIB2 GRIB1 NetCDF";
Wildfire viewing angle of observation;vafire;deg;210079;"GRIB2 GRIB1";
Wildfire flux of Carbon Dioxide;co2fire;kg m-2 s-1;210080;"GRIB2 GRIB1";
Wildfire flux of Carbon Monoxide;cofire;kg m-2 s-1;210081;"GRIB2 GRIB1";
Wildfire flux of Methane;ch4fire;kg m-2 s-1;210082;"GRIB2 GRIB1";
Wildfire flux of Non-Methane Hydro-Carbons;nmhcfire;kg m-2 s-1;210083;"GRIB2 GRIB1";
Wildfire flux of Hydrogen;h2fire;kg m-2 s-1;210084;"GRIB2 GRIB1";
Wildfire flux of Nitrogen Oxides NOx;noxfire;kg m-2 s-1;210085;"GRIB2 GRIB1";
Wildfire flux of Nitrous Oxide;n2ofire;kg m-2 s-1;210086;"GRIB2 GRIB1";
Wildfire flux of Particulate Matter PM2.5;pm2p5fire;kg m-2 s-1;210087;"GRIB2 GRIB1";
Wildfire flux of Total Particulate Matter;tpmfire;kg m-2 s-1;210088;"GRIB2 GRIB1";
Wildfire flux of Total Carbon in Aerosols;tcfire;kg m-2 s-1;210089;"GRIB2 GRIB1";
Wildfire flux of Organic Carbon;ocfire;kg m-2 s-1;210090;"GRIB2 GRIB1";
Wildfire flux of Black Carbon;bcfire;kg m-2 s-1;210091;"GRIB2 GRIB1";
Wildfire overall flux of burnt Carbon;cfire;kg m-2 s-1;210092;"GRIB2 GRIB1";
Wildfire fraction of C4 plants;c4ffire;dimensionless;210093;"GRIB2 GRIB1";
Wildfire vegetation map index;vegfire;dimensionless;210094;"GRIB2 GRIB1";
Wildfire Combustion Completeness;ccfire;dimensionless;210095;"GRIB2 GRIB1";
Wildfire Fuel Load: Carbon per unit area;flfire;kg m-2;210096;"GRIB2 GRIB1";
Wildfire fraction of area observed;offire;dimensionless;210097;"GRIB2 GRIB1";
Number of positive FRP pixels per grid cell;nofrp;~;210098;"GRIB2 GRIB1";
Wildfire radiative power;frpfire;W m-2;210099;"GRIB2 GRIB1";
Wildfire combustion rate;crfire;kg m-2 s-1;210100;"GRIB2 GRIB1";
Wildfire radiative power maximum;maxfrpfire;W;210101;"GRIB2 GRIB1";
Wildfire flux of Sulfur Dioxide;so2fire;kg m-2 s-1;210102;"GRIB2 GRIB1";
Wildfire Flux of Methanol (CH3OH);ch3ohfire;kg m-2 s-1;210103;"GRIB2 GRIB1";
Wildfire Flux of Ethanol (C2H5OH);c2h5ohfire;kg m-2 s-1;210104;"GRIB2 GRIB1";
Wildfire Flux of Propane (C3H8);c3h8fire;kg m-2 s-1;210105;"GRIB2 GRIB1";
Wildfire Flux of Ethene (C2H4);c2h4fire;kg m-2 s-1;210106;"GRIB2 GRIB1";
Wildfire Flux of Propene (C3H6);c3h6fire;kg m-2 s-1;210107;"GRIB2 GRIB1";
Wildfire Flux of Isoprene (C5H8);c5h8fire;kg m-2 s-1;210108;"GRIB2 GRIB1";
Wildfire Flux of Terpenes (C5H8)n;terpenesfire;kg m-2 s-1;210109;"GRIB2 GRIB1";
Wildfire Flux of Toluene_lump (C7H8+ C6H6 + C8H10);toluenefire;kg m-2 s-1;210110;"GRIB2 GRIB1";
Wildfire Flux of Higher Alkenes (CnH2n, C>=4);hialkenesfire;kg m-2 s-1;210111;"GRIB2 GRIB1";
Wildfire Flux of Higher Alkanes (CnH2n+2, C>=4);hialkanesfire;kg m-2 s-1;210112;"GRIB2 GRIB1";
Wildfire Flux of Formaldehyde (CH2O);ch2ofire;kg m-2 s-1;210113;"GRIB2 GRIB1";
Wildfire Flux of Acetaldehyde (C2H4O);c2h4ofire;kg m-2 s-1;210114;"GRIB2 GRIB1";
Wildfire Flux of Acetone (C3H6O);c3h6ofire;kg m-2 s-1;210115;"GRIB2 GRIB1";
Wildfire Flux of Ammonia (NH3);nh3fire;kg m-2 s-1;210116;"GRIB2 GRIB1";
Wildfire Flux of Dimethyl Sulfide (DMS) (C2H6S);c2h6sfire;kg m-2 s-1;210117;"GRIB2 GRIB1";
Wildfire Flux of Ethane (C2H6);c2h6fire;kg m-2 s-1;210118;"GRIB2 GRIB1";
Mean height of maximum injection;mami;m;210119;"GRIB2 GRIB1";
Plume top height above surface;apt;m;210120;"GRIB2 GRIB1";
Nitrogen dioxide mass mixing ratio;no2;kg kg-1;210121;"GRIB2 GRIB1 NetCDF";
Sulphur dioxide mass mixing ratio;so2;kg kg-1;210122;"GRIB2 GRIB1 NetCDF";
Carbon monoxide mass mixing ratio;co;kg kg-1;210123;"GRIB2 GRIB1 NetCDF";
Formaldehyde;hcho;kg kg-1;210124;"GRIB2 GRIB1 NetCDF";
Total column Nitrogen dioxide;tcno2;kg m-2;210125;"GRIB2 GRIB1 NetCDF";
Total column Sulphur dioxide;tcso2;kg m-2;210126;"GRIB2 GRIB1 NetCDF";
Total column Carbon monoxide;tcco;kg m-2;210127;"GRIB2 GRIB1 NetCDF";
Total column Formaldehyde;tchcho;kg m-2;210128;"GRIB2 GRIB1 NetCDF";
Nitrogen Oxides;nox;kg kg-1;210129;"GRIB2 GRIB1";
Total Column Nitrogen Oxides;tcnox;kg m-2;210130;"GRIB2 GRIB1";
Reactive tracer 1 mass mixing ratio;grg1;kg kg-1;210131;"GRIB2 GRIB1";
Total column GRG tracer 1;tcgrg1;kg m-2;210132;"GRIB2 GRIB1";
Reactive tracer 2 mass mixing ratio;grg2;kg kg-1;210133;"GRIB2 GRIB1";
Total column GRG tracer 2;tcgrg2;kg m-2;210134;"GRIB2 GRIB1";
Reactive tracer 3 mass mixing ratio;grg3;kg kg-1;210135;"GRIB2 GRIB1";
Total column GRG tracer 3;tcgrg3;kg m-2;210136;"GRIB2 GRIB1";
Reactive tracer 4 mass mixing ratio;grg4;kg kg-1;210137;"GRIB2 GRIB1";
Total column GRG tracer 4;tcgrg4;kg m-2;210138;"GRIB2 GRIB1";
Reactive tracer 5 mass mixing ratio;grg5;kg kg-1;210139;"GRIB2 GRIB1";
Total column GRG tracer 5;tcgrg5;kg m-2;210140;"GRIB2 GRIB1";
Reactive tracer 6 mass mixing ratio;grg6;kg kg-1;210141;"GRIB2 GRIB1";
Total column GRG tracer 6;tcgrg6;kg m-2;210142;"GRIB2 GRIB1";
Reactive tracer 7 mass mixing ratio;grg7;kg kg-1;210143;"GRIB2 GRIB1";
Total column GRG tracer 7;tcgrg7;kg m-2;210144;"GRIB2 GRIB1";
Reactive tracer 8 mass mixing ratio;grg8;kg kg-1;210145;"GRIB2 GRIB1";
Total column GRG tracer 8;tcgrg8;kg m-2;210146;"GRIB2 GRIB1";
Reactive tracer 9 mass mixing ratio;grg9;kg kg-1;210147;"GRIB2 GRIB1";
Total column GRG tracer 9;tcgrg9;kg m-2;210148;"GRIB2 GRIB1";
Reactive tracer 10 mass mixing ratio;grg10;kg kg-1;210149;"GRIB2 GRIB1";
Total column GRG tracer 10;tcgrg10;kg m-2;210150;"GRIB2 GRIB1";
Surface flux Nitrogen oxides;sfnox;kg m-2 s-1;210151;"GRIB2 GRIB1";
Surface flux Nitrogen dioxide;sfno2;kg m-2 s-1;210152;"GRIB2 GRIB1";
Surface flux Sulphur dioxide;sfso2;kg m-2 s-1;210153;"GRIB2 GRIB1";
Surface flux Carbon monoxide;sfco2;kg m-2 s-1;210154;"GRIB2 GRIB1";
Surface flux Formaldehyde;sfhcho;kg m-2 s-1;210155;"GRIB2 GRIB1";
Surface flux GEMS Ozone;sfgo3;kg m-2 s-1;210156;"GRIB2 GRIB1";
Surface flux reactive tracer 1;sfgr1;kg m-2 s-1;210157;"GRIB2 GRIB1";
Surface flux reactive tracer 2;sfgr2;kg m-2 s-1;210158;"GRIB2 GRIB1";
Surface flux reactive tracer 3;sfgr3;kg m-2 s-1;210159;"GRIB2 GRIB1";
Surface flux reactive tracer 4;sfgr4;kg m-2 s-1;210160;"GRIB2 GRIB1";
Surface flux reactive tracer 5;sfgr5;kg m-2 s-1;210161;"GRIB2 GRIB1";
Surface flux reactive tracer 6;sfgr6;kg m-2 s-1;210162;"GRIB2 GRIB1";
Surface flux reactive tracer 7;sfgr7;kg m-2 s-1;210163;"GRIB2 GRIB1";
Surface flux reactive tracer 8;sfgr8;kg m-2 s-1;210164;"GRIB2 GRIB1";
Surface flux reactive tracer 9;sfgr9;kg m-2 s-1;210165;"GRIB2 GRIB1";
Surface flux reactive tracer 10;sfgr10;kg m-2 s-1;210166;"GRIB2 GRIB1";
Wildfire day-time radiative power;frpdayfire;W m-2;210167;GRIB2;
Wildfire night-time radiative power;frpngtfire;W m-2;210169;GRIB2;
Volcanic sulfur dioxide mass mixing ratio;VSO2;kg kg-1;210170;GRIB2;
Wildfire day-time inverse variance of radiative power;frpdayivar;W-2 m4;210177;GRIB2;
Wildfire night-time inverse variance of radiative power;frpngtivar;W-2 m4;210179;GRIB2;
Radon;ra;kg kg-1;210181;"GRIB2 GRIB1 NetCDF";
Sulphur Hexafluoride;sf6;kg kg-1;210182;"GRIB2 GRIB1";
Total column Radon;tcra;kg m-2;210183;"GRIB2 GRIB1 NetCDF";
Total column Sulphur Hexafluoride;tcsf6;kg m-2;210184;"GRIB2 GRIB1";
Anthropogenic Emissions of Sulphur Hexafluoride;sf6apf;kg m-2 s-1;210185;"GRIB2 GRIB1";
UV visible albedo for direct radiation, isotropic component (climatological);aluvpi;(0 - 1);210186;"GRIB2 GRIB1";Dissemination
UV visible albedo for direct radiation, volumetric component (climatological);aluvpv;(0 - 1);210187;"GRIB2 GRIB1";Dissemination
UV visible albedo for direct radiation, geometric component (climatological);aluvpg;(0 - 1);210188;"GRIB2 GRIB1";Dissemination
Near IR albedo for direct radiation, isotropic component (climatological);alnipi;(0 - 1);210189;"GRIB2 GRIB1";Dissemination
Near IR albedo for direct radiation, volumetric component (climatological);alnipv;(0 - 1);210190;"GRIB2 GRIB1";Dissemination
Near IR albedo for direct radiation, geometric component (climatological);alnipg;(0 - 1);210191;"GRIB2 GRIB1";Dissemination
UV visible albedo for diffuse radiation, isotropic component (climatological);aluvdi;(0 - 1);210192;"GRIB2 GRIB1";
UV visible albedo for diffuse radiation, volumetric component (climatological);aluvdv;(0 - 1);210193;"GRIB2 GRIB1";
UV visible albedo for diffuse radiation, geometric component (climatological);aluvdg;(0 - 1);210194;"GRIB2 GRIB1";
Near IR albedo for diffuse radiation, isotropic component (climatological);alnidi;(0 - 1);210195;"GRIB2 GRIB1";
Near IR albedo for diffuse radiation, volumetric component (climatological);alnidv;(0 - 1);210196;"GRIB2 GRIB1";
Near IR albedo for diffuse radiation, geometric component (climatological);alnidg;(0 - 1);210197;"GRIB2 GRIB1";
UV visible albedo for diffuse radiation (climatological);aluvd_p;%;210198;GRIB2;
UV visible albedo for direct radiation (climatological);aluvp_p;%;210199;GRIB2;
UV visible albedo for direct radiation, geometric component (climatological);aluvpg_p;%;210200;GRIB2;
UV visible albedo for direct radiation, isotropic component (climatological);aluvpi_p;%;210201;GRIB2;
UV visible albedo for direct radiation, volumetric component (climatological);aluvpv_p;%;210202;GRIB2;
Ozone mass mixing ratio (full chemistry scheme);go3;kg kg-1;210203;"GRIB2 GRIB1 NetCDF";
GEMS Total column ozone;gtco3;kg m-2;210206;"GRIB2 GRIB1 NetCDF";
Total Aerosol Optical Depth at 550nm;aod550;~;210207;"GRIB2 GRIB1";
Sea Salt Aerosol Optical Depth at 550nm;ssaod550;~;210208;"GRIB2 GRIB1";
Dust Aerosol Optical Depth at 550nm;duaod550;~;210209;"GRIB2 GRIB1";
Organic Matter Aerosol Optical Depth at 550nm;omaod550;~;210210;"GRIB2 GRIB1";
Black Carbon Aerosol Optical Depth at 550nm;bcaod550;~;210211;"GRIB2 GRIB1";
Sulphate Aerosol Optical Depth at 550nm;suaod550;~;210212;"GRIB2 GRIB1";
Total Aerosol Optical Depth at 469nm;aod469;~;210213;"GRIB2 GRIB1";
Total Aerosol Optical Depth at 670nm;aod670;~;210214;"GRIB2 GRIB1";
Total Aerosol Optical Depth at 865nm;aod865;~;210215;"GRIB2 GRIB1";
Total Aerosol Optical Depth at 1240nm;aod1240;~;210216;"GRIB2 GRIB1";
Total aerosol optical depth at 340 nm;aod340;~;210217;"GRIB2 GRIB1";
Total aerosol optical depth at 355 nm;aod355;~;210218;"GRIB2 GRIB1";
Total aerosol optical depth at 380 nm;aod380;~;210219;"GRIB2 GRIB1";
Total aerosol optical depth at 400 nm;aod400;~;210220;"GRIB2 GRIB1";
Total aerosol optical depth at 440 nm;aod440;~;210221;"GRIB2 GRIB1";
Total aerosol optical depth at 500 nm;aod500;~;210222;"GRIB2 GRIB1";
Total aerosol optical depth at 532 nm;aod532;~;210223;"GRIB2 GRIB1";
Total aerosol optical depth at 645 nm;aod645;~;210224;"GRIB2 GRIB1";
Total aerosol optical depth at 800 nm;aod800;~;210225;"GRIB2 GRIB1";
Total aerosol optical depth at 858 nm;aod858;~;210226;"GRIB2 GRIB1";
Total aerosol optical depth at 1020 nm;aod1020;~;210227;"GRIB2 GRIB1";
Total aerosol optical depth at 1064 nm;aod1064;~;210228;"GRIB2 GRIB1";
Total aerosol optical depth at 1640 nm;aod1640;~;210229;"GRIB2 GRIB1";
Total aerosol optical depth at 2130 nm;aod2130;~;210230;"GRIB2 GRIB1";
Wildfire Flux of Toluene (C7H8);c7h8fire;kg m-2 s-1;210231;"GRIB2 GRIB1";
Wildfire Flux of Benzene (C6H6);c6h6fire;kg m-2 s-1;210232;"GRIB2 GRIB1";
Wildfire Flux of Xylene (C8H10);c8h10fire;kg m-2 s-1;210233;"GRIB2 GRIB1";
Wildfire Flux of Butenes (C4H8);c4h8fire;kg m-2 s-1;210234;"GRIB2 GRIB1";
Wildfire Flux of Pentenes (C5H10);c5h10fire;kg m-2 s-1;210235;"GRIB2 GRIB1";
Wildfire Flux of Hexene (C6H12);c6h12fire;kg m-2 s-1;210236;"GRIB2 GRIB1";
Wildfire Flux of Octene (C8H16);c8h16fire;kg m-2 s-1;210237;"GRIB2 GRIB1";
Wildfire Flux of Butanes (C4H10);c4h10fire;kg m-2 s-1;210238;"GRIB2 GRIB1";
Wildfire Flux of Pentanes (C5H12);c5h12fire;kg m-2 s-1;210239;"GRIB2 GRIB1";
Wildfire Flux of Hexanes (C6H14);c6h14fire;kg m-2 s-1;210240;"GRIB2 GRIB1";
Wildfire Flux of Heptane (C7H16);c7h16fire;kg m-2 s-1;210241;"GRIB2 GRIB1";
Plume bottom height above surface;apb;m;210242;"GRIB2 GRIB1";
Volcanic sulphate aerosol optical depth at 550 nm;vsuaod550;~;210243;"GRIB2 GRIB1";
Volcanic ash optical depth at 550 nm;vashaod550;~;210244;"GRIB2 GRIB1";
Profile of total aerosol dry extinction coefficient;taedec550;m-1;210245;"GRIB2 GRIB1";
Profile of total aerosol dry absorption coefficient;taedab550;m-1;210246;"GRIB2 GRIB1";
Nitrate fine mode aerosol mass mixing ratio;aermr16;kg kg-1;210247;"GRIB2 GRIB1";
Nitrate coarse mode aerosol mass mixing ratio;aermr17;kg kg-1;210248;"GRIB2 GRIB1";
Ammonium aerosol mass mixing ratio;aermr18;kg kg-1;210249;"GRIB2 GRIB1";
Nitrate aerosol optical depth at 550 nm;niaod550;dimensionless;210250;"GRIB2 GRIB1";
Ammonium aerosol optical depth at 550 nm;amaod550;dimensionless;210251;"GRIB2 GRIB1";
Biogenic secondary organic aerosol mass mixing ratio;aermr19;kg kg-1;210252;GRIB2;
Anthropogenic secondary organic aerosol mass mixing ratio;aermr20;kg kg-1;210253;GRIB2;
Near IR albedo for diffuse radiation (climatological);alnid_p;%;210260;GRIB2;
Near IR albedo for direct radiation (climatological);alnip_p;%;210261;GRIB2;
Near IR albedo for direct radiation, geometric component (climatological);alnipg_p;%;210262;GRIB2;
Near IR albedo for direct radiation, isotropic component (climatological);alnipi_p;%;210263;GRIB2;
Near IR albedo for direct radiation, volumetric component (climatological);alnipv_p;%;210264;GRIB2;
Sea Salt Aerosol (0.03 - 0.5 um) Mixing Ratio;aermr01diff;kg kg-1;211001;"GRIB2 GRIB1";
Sea Salt Aerosol (0.5 - 5 um) Mixing Ratio;aermr02diff;kg kg-1;211002;"GRIB2 GRIB1";
Sea Salt Aerosol (5 - 20 um) Mixing Ratio;aermr03diff;kg kg-1;211003;"GRIB2 GRIB1";
Dust Aerosol (0.03 - 0.55 um) Mixing Ratio;aermr04diff;kg kg-1;211004;"GRIB2 GRIB1";
Dust Aerosol (0.55 - 0.9 um) Mixing Ratio;aermr05diff;kg kg-1;211005;"GRIB2 GRIB1";
Dust Aerosol (0.9 - 20 um) Mixing Ratio;aermr06diff;kg kg-1;211006;"GRIB2 GRIB1";
Hydrophilic Organic Matter Aerosol Mixing Ratio;aermr07diff;kg kg-1;211007;"GRIB2 GRIB1";
Hydrophobic Organic Matter Aerosol Mixing Ratio;aermr08diff;kg kg-1;211008;"GRIB2 GRIB1";
Hydrophilic Black Carbon Aerosol Mixing Ratio;aermr09diff;kg kg-1;211009;"GRIB2 GRIB1";
Hydrophobic Black Carbon Aerosol Mixing Ratio;aermr10diff;kg kg-1;211010;"GRIB2 GRIB1";
Sulphate Aerosol Mixing Ratio;aermr11diff;kg kg-1;211011;"GRIB2 GRIB1";
Aerosol type 12 mixing ratio;aermr12diff;kg kg-1;211012;"GRIB2 GRIB1";
Aerosol type 13 mass mixing ratio;aermr13diff;kg kg-1;211013;"GRIB2 GRIB1";
Aerosol type 14 mass mixing ratio;aermr14diff;kg kg-1;211014;"GRIB2 GRIB1";
Aerosol type 15 mass mixing ratio;aermr15diff;kg kg-1;211015;"GRIB2 GRIB1";
Aerosol type 1 source/gain accumulated;aergn01diff;kg m-2;211016;"GRIB2 GRIB1";
Aerosol type 2 source/gain accumulated;aergn02diff;kg m-2;211017;"GRIB2 GRIB1";
Aerosol type 3 source/gain accumulated;aergn03diff;kg m-2;211018;"GRIB2 GRIB1";
Aerosol type 4 source/gain accumulated;aergn04diff;kg m-2;211019;"GRIB2 GRIB1";
Aerosol type 5 source/gain accumulated;aergn05diff;kg m-2;211020;"GRIB2 GRIB1";
Aerosol type 6 source/gain accumulated;aergn06diff;kg m-2;211021;"GRIB2 GRIB1";
Aerosol type 7 source/gain accumulated;aergn07diff;kg m-2;211022;"GRIB2 GRIB1";
Aerosol type 8 source/gain accumulated;aergn08diff;kg m-2;211023;"GRIB2 GRIB1";
Aerosol type 9 source/gain accumulated;aergn09diff;kg m-2;211024;"GRIB2 GRIB1";
Aerosol type 10 source/gain accumulated;aergn10diff;kg m-2;211025;"GRIB2 GRIB1";
Aerosol type 11 source/gain accumulated;aergn11diff;kg m-2;211026;"GRIB2 GRIB1";
Aerosol type 12 source/gain accumulated;aergn12diff;kg m-2;211027;"GRIB2 GRIB1";
SO4 aerosol precursor mass mixing ratio;aerpr03diff;kg kg-1;211028;"GRIB2 GRIB1";
Water vapour mixing ratio for hydrophilic aerosols in mode 1;aerwv01diff;kg kg-1;211029;"GRIB2 GRIB1";
Water vapour mixing ratio for hydrophilic aerosols in mode 2;aerwv02diff;kg kg-1;211030;"GRIB2 GRIB1";
Aerosol type 1 sink/loss accumulated;aerls01diff;kg m-2;211031;"GRIB2 GRIB1";
Aerosol type 2 sink/loss accumulated;aerls02diff;kg m-2;211032;"GRIB2 GRIB1";
Aerosol type 3 sink/loss accumulated;aerls03diff;kg m-2;211033;"GRIB2 GRIB1";
Aerosol type 4 sink/loss accumulated;aerls04diff;kg m-2;211034;"GRIB2 GRIB1";
Aerosol type 5 sink/loss accumulated;aerls05diff;kg m-2;211035;"GRIB2 GRIB1";
Aerosol type 6 sink/loss accumulated;aerls06diff;kg m-2;211036;"GRIB2 GRIB1";
Aerosol type 7 sink/loss accumulated;aerls07diff;kg m-2;211037;"GRIB2 GRIB1";
Aerosol type 8 sink/loss accumulated;aerls08diff;kg m-2;211038;"GRIB2 GRIB1";
Aerosol type 9 sink/loss accumulated;aerls09diff;kg m-2;211039;"GRIB2 GRIB1";
Aerosol type 10 sink/loss accumulated;aerls10diff;kg m-2;211040;"GRIB2 GRIB1";
Aerosol type 11 sink/loss accumulated;aerls11diff;kg m-2;211041;"GRIB2 GRIB1";
Aerosol type 12 sink/loss accumulated;aerls12diff;kg m-2;211042;"GRIB2 GRIB1";
DMS surface emission;emdmsdiff;kg m-2 s-1;211043;"GRIB2 GRIB1";
Water vapour mixing ratio for hydrophilic aerosols in mode 3;aerwv03diff;kg kg-1;211044;"GRIB2 GRIB1";
Water vapour mixing ratio for hydrophilic aerosols in mode 4;aerwv04diff;kg kg-1;211045;"GRIB2 GRIB1";
Aerosol precursor mixing ratio;aerprdiff;kg kg-1;211046;"GRIB2 GRIB1";
Aerosol small mode mixing ratio;aersmdiff;kg kg-1;211047;"GRIB2 GRIB1";
Aerosol large mode mixing ratio;aerlgdiff;kg kg-1;211048;"GRIB2 GRIB1";
Aerosol precursor optical depth;aodprdiff;dimensionless;211049;"GRIB2 GRIB1";
Aerosol small mode optical depth;aodsmdiff;dimensionless;211050;"GRIB2 GRIB1";
Aerosol large mode optical depth;aodlgdiff;dimensionless;211051;"GRIB2 GRIB1";
Dust emission potential;aerdepdiff;kg s2 m-5;211052;"GRIB2 GRIB1";
Lifting threshold speed;aerltsdiff;m s-1;211053;"GRIB2 GRIB1";
Soil clay content;aersccdiff;%;211054;"GRIB2 GRIB1";
Experimental product;~;~;211055;"GRIB2 GRIB1";
Experimental product;~;~;211056;"GRIB2 GRIB1";
Water vapour (chemistry) difference;h2odiff;kg kg-1;211059;GRIB2;
Carbon Dioxide;co2diff;kg kg-1;211061;"GRIB2 GRIB1";
Methane;ch4diff;kg kg-1;211062;"GRIB2 GRIB1";
Nitrous oxide;n2odiff;kg kg-1;211063;"GRIB2 GRIB1";
Total column Carbon Dioxide;tcco2diff;kg m-2;211064;"GRIB2 GRIB1";
Total column Methane;tcch4diff;kg m-2;211065;"GRIB2 GRIB1";
Total column Nitrous oxide;tcn2odiff;kg m-2;211066;"GRIB2 GRIB1";
Ocean flux of Carbon Dioxide;co2ofdiff;kg m-2 s-1;211067;"GRIB2 GRIB1";
Natural biosphere flux of Carbon Dioxide;co2nbfdiff;kg m-2 s-1;211068;"GRIB2 GRIB1";
Anthropogenic emissions of Carbon Dioxide;co2apfdiff;kg m-2 s-1;211069;"GRIB2 GRIB1";
Methane Surface Fluxes;ch4fdiff;kg m-2 s-1;211070;"GRIB2 GRIB1";
Methane loss rate due to radical hydroxyl (OH);kch4diff;s-1;211071;"GRIB2 GRIB1";
Wildfire overall flux of burnt Carbon;cfirediff;kg m-2 s-1;211092;"GRIB2 GRIB1";
Wildfire fraction of C4 plants;c4ffirediff;dimensionless;211093;"GRIB2 GRIB1";
Wildfire vegetation map index;vegfirediff;dimensionless;211094;"GRIB2 GRIB1";
Wildfire Combustion Completeness;ccfirediff;dimensionless;211095;"GRIB2 GRIB1";
Wildfire Fuel Load: Carbon per unit area;flfirediff;kg m-2;211096;"GRIB2 GRIB1";
Wildfire fraction of area observed;offirediff;dimensionless;211097;"GRIB2 GRIB1";
Wildfire observed area;oafirediff;m2;211098;"GRIB2 GRIB1";
Wildfire radiative power;frpfirediff;W m-2;211099;"GRIB2 GRIB1";
Wildfire combustion rate;crfirediff;kg m-2 s-1;211100;"GRIB2 GRIB1";
Wildfire radiative power maximum;maxfrpfirediff;W;211101;"GRIB2 GRIB1";
Altitude of emitter;alediff;m;211119;"GRIB2 GRIB1";
Altitude of plume top;aptdiff;m;211120;"GRIB2 GRIB1";
Nitrogen dioxide mass mixing ratio difference;no2diff;kg kg-1;211121;"GRIB2 GRIB1";
Sulphur dioxide mass mixing ratio difference;so2diff;kg kg-1;211122;"GRIB2 GRIB1";
Carbon monoxide mass mixing ratio difference;codiff;kg kg-1;211123;"GRIB2 GRIB1";
Formaldehyde;hchodiff;kg kg-1;211124;"GRIB2 GRIB1";
Total column Nitrogen dioxide;tcno2diff;kg m-2;211125;"GRIB2 GRIB1";
Total column Sulphur dioxide;tcso2diff;kg m-2;211126;"GRIB2 GRIB1";
Total column Carbon monoxide;tccodiff;kg m-2;211127;"GRIB2 GRIB1";
Total column Formaldehyde;tchchodiff;kg m-2;211128;"GRIB2 GRIB1";
Nitrogen Oxides;noxdiff;kg kg-1;211129;"GRIB2 GRIB1";
Total Column Nitrogen Oxides;tcnoxdiff;kg m-2;211130;"GRIB2 GRIB1";
Reactive tracer 1 mass mixing ratio;grg1diff;kg kg-1;211131;"GRIB2 GRIB1";
Total column GRG tracer 1;tcgrg1diff;kg m-2;211132;"GRIB2 GRIB1";
Reactive tracer 2 mass mixing ratio;grg2diff;kg kg-1;211133;"GRIB2 GRIB1";
Total column GRG tracer 2;tcgrg2diff;kg m-2;211134;"GRIB2 GRIB1";
Reactive tracer 3 mass mixing ratio;grg3diff;kg kg-1;211135;"GRIB2 GRIB1";
Total column GRG tracer 3;tcgrg3diff;kg m-2;211136;"GRIB2 GRIB1";
Reactive tracer 4 mass mixing ratio;grg4diff;kg kg-1;211137;"GRIB2 GRIB1";
Total column GRG tracer 4;tcgrg4diff;kg m-2;211138;"GRIB2 GRIB1";
Reactive tracer 5 mass mixing ratio;grg5diff;kg kg-1;211139;"GRIB2 GRIB1";
Total column GRG tracer 5;tcgrg5diff;kg m-2;211140;"GRIB2 GRIB1";
Reactive tracer 6 mass mixing ratio;grg6diff;kg kg-1;211141;"GRIB2 GRIB1";
Total column GRG tracer 6;tcgrg6diff;kg m-2;211142;"GRIB2 GRIB1";
Reactive tracer 7 mass mixing ratio;grg7diff;kg kg-1;211143;"GRIB2 GRIB1";
Total column GRG tracer 7;tcgrg7diff;kg m-2;211144;"GRIB2 GRIB1";
Reactive tracer 8 mass mixing ratio;grg8diff;kg kg-1;211145;"GRIB2 GRIB1";
Total column GRG tracer 8;tcgrg8diff;kg m-2;211146;"GRIB2 GRIB1";
Reactive tracer 9 mass mixing ratio;grg9diff;kg kg-1;211147;"GRIB2 GRIB1";
Total column GRG tracer 9;tcgrg9diff;kg m-2;211148;"GRIB2 GRIB1";
Reactive tracer 10 mass mixing ratio;grg10diff;kg kg-1;211149;"GRIB2 GRIB1";
Total column GRG tracer 10;tcgrg10diff;kg m-2;211150;"GRIB2 GRIB1";
Surface flux Nitrogen oxides;sfnoxdiff;kg m-2 s-1;211151;"GRIB2 GRIB1";
Surface flux Nitrogen dioxide;sfno2diff;kg m-2 s-1;211152;"GRIB2 GRIB1";
Surface flux Sulphur dioxide;sfso2diff;kg m-2 s-1;211153;"GRIB2 GRIB1";
Surface flux Carbon monoxide;sfco2diff;kg m-2 s-1;211154;"GRIB2 GRIB1";
Surface flux Formaldehyde;sfhchodiff;kg m-2 s-1;211155;"GRIB2 GRIB1";
Surface flux GEMS Ozone;sfgo3diff;kg m-2 s-1;211156;"GRIB2 GRIB1";
Surface flux reactive tracer 1;sfgr1diff;kg m-2 s-1;211157;"GRIB2 GRIB1";
Surface flux reactive tracer 2;sfgr2diff;kg m-2 s-1;211158;"GRIB2 GRIB1";
Surface flux reactive tracer 3;sfgr3diff;kg m-2 s-1;211159;"GRIB2 GRIB1";
Surface flux reactive tracer 4;sfgr4diff;kg m-2 s-1;211160;"GRIB2 GRIB1";
Surface flux reactive tracer 5;sfgr5diff;kg m-2 s-1;211161;"GRIB2 GRIB1";
Surface flux reactive tracer 6;sfgr6diff;kg m-2 s-1;211162;"GRIB2 GRIB1";
Surface flux reactive tracer 7;sfgr7diff;kg m-2 s-1;211163;"GRIB2 GRIB1";
Surface flux reactive tracer 8;sfgr8diff;kg m-2 s-1;211164;"GRIB2 GRIB1";
Surface flux reactive tracer 9;sfgr9diff;kg m-2 s-1;211165;"GRIB2 GRIB1";
Surface flux reactive tracer 10;sfgr10diff;kg m-2 s-1;211166;"GRIB2 GRIB1";
Volcanic sulfur dioxide mass mixing ratio increment;VSO2diff;kg kg-1;211170;GRIB2;
Radon;radiff;kg kg-1;211181;"GRIB2 GRIB1";
Sulphur Hexafluoride;sf6diff;kg kg-1;211182;"GRIB2 GRIB1";
Total column Radon;tcradiff;kg m-2;211183;"GRIB2 GRIB1";
Total column Sulphur Hexafluoride;tcsf6diff;kg m-2;211184;"GRIB2 GRIB1";
Anthropogenic Emissions of Sulphur Hexafluoride;sf6apfdiff;kg m-2 s-1;211185;"GRIB2 GRIB1";
Ozone mass mixing ratio difference (full chemistry scheme);go3diff;kg kg-1;211203;"GRIB2 GRIB1";
GEMS Total column ozone;gtco3diff;kg m-2;211206;"GRIB2 GRIB1";
Total Aerosol Optical Depth at 550nm;aod550diff;~;211207;"GRIB2 GRIB1";
Sea Salt Aerosol Optical Depth at 550nm;ssaod550diff;~;211208;"GRIB2 GRIB1";
Dust Aerosol Optical Depth at 550nm;duaod550diff;~;211209;"GRIB2 GRIB1";
Organic Matter Aerosol Optical Depth at 550nm;omaod550diff;~;211210;"GRIB2 GRIB1";
Black Carbon Aerosol Optical Depth at 550nm;bcaod550diff;~;211211;"GRIB2 GRIB1";
Sulphate Aerosol Optical Depth at 550nm;suaod550diff;~;211212;"GRIB2 GRIB1";
Total Aerosol Optical Depth at 469nm;aod469diff;~;211213;"GRIB2 GRIB1";
Total Aerosol Optical Depth at 670nm;aod670diff;~;211214;"GRIB2 GRIB1";
Total Aerosol Optical Depth at 865nm;aod865diff;~;211215;"GRIB2 GRIB1";
Total Aerosol Optical Depth at 1240nm;aod1240diff;~;211216;"GRIB2 GRIB1";
Nitrate fine mode aerosol mass mixing ratio;aermr16diff;kg kg-1;211247;GRIB2;
Nitrate coarse mode aerosol mass mixing ratio;aermr17diff;kg kg-1;211248;GRIB2;
Ammonium aerosol mass mixing ratio;aermr18diff;kg kg-1;211249;GRIB2;
Biogenic secondary organic aerosol mass mixing ratio increment;aermr19diff;kg kg-1;211252;GRIB2;
Anthropogenic secondary organic aerosol mass mixing ratio increment;aermr20diff;kg kg-1;211253;GRIB2;
Experimental product;~;~;212001;"GRIB2 GRIB1";
Experimental product;~;~;212002;"GRIB2 GRIB1";
Experimental product;~;~;212003;"GRIB2 GRIB1";
Experimental product;~;~;212004;"GRIB2 GRIB1";
Experimental product;~;~;212005;"GRIB2 GRIB1";
Experimental product;~;~;212006;"GRIB2 GRIB1";
Experimental product;~;~;212007;"GRIB2 GRIB1";
Experimental product;~;~;212008;"GRIB2 GRIB1";
Experimental product;~;~;212009;"GRIB2 GRIB1";
Experimental product;~;~;212010;"GRIB2 GRIB1";
Experimental product;~;~;212011;"GRIB2 GRIB1";
Experimental product;~;~;212012;"GRIB2 GRIB1";
Experimental product;~;~;212013;"GRIB2 GRIB1";
Experimental product;~;~;212014;"GRIB2 GRIB1";
Experimental product;~;~;212015;"GRIB2 GRIB1";
Experimental product;~;~;212016;"GRIB2 GRIB1";
Experimental product;~;~;212017;"GRIB2 GRIB1";
Experimental product;~;~;212018;"GRIB2 GRIB1";
Experimental product;~;~;212019;"GRIB2 GRIB1";
Experimental product;~;~;212020;"GRIB2 GRIB1";
Experimental product;~;~;212021;"GRIB2 GRIB1";
Experimental product;~;~;212022;"GRIB2 GRIB1";
Experimental product;~;~;212023;"GRIB2 GRIB1";
Experimental product;~;~;212024;"GRIB2 GRIB1";
Experimental product;~;~;212025;"GRIB2 GRIB1";
Experimental product;~;~;212026;"GRIB2 GRIB1";
Experimental product;~;~;212027;"GRIB2 GRIB1";
Experimental product;~;~;212028;"GRIB2 GRIB1";
Experimental product;~;~;212029;"GRIB2 GRIB1";
Experimental product;~;~;212030;"GRIB2 GRIB1";
Experimental product;~;~;212031;"GRIB2 GRIB1";
Experimental product;~;~;212032;"GRIB2 GRIB1";
Experimental product;~;~;212033;"GRIB2 GRIB1";
Experimental product;~;~;212034;"GRIB2 GRIB1";
Experimental product;~;~;212035;"GRIB2 GRIB1";
Experimental product;~;~;212036;"GRIB2 GRIB1";
Experimental product;~;~;212037;"GRIB2 GRIB1";
Experimental product;~;~;212038;"GRIB2 GRIB1";
Experimental product;~;~;212039;"GRIB2 GRIB1";
Experimental product;~;~;212040;"GRIB2 GRIB1";
Experimental product;~;~;212041;"GRIB2 GRIB1";
Experimental product;~;~;212042;"GRIB2 GRIB1";
Experimental product;~;~;212043;"GRIB2 GRIB1";
Experimental product;~;~;212044;"GRIB2 GRIB1";
Experimental product;~;~;212045;"GRIB2 GRIB1";
Experimental product;~;~;212046;"GRIB2 GRIB1";
Experimental product;~;~;212047;"GRIB2 GRIB1";
Experimental product;~;~;212048;"GRIB2 GRIB1";
Experimental product;~;~;212049;"GRIB2 GRIB1";
Experimental product;~;~;212050;"GRIB2 GRIB1";
Experimental product;~;~;212051;"GRIB2 GRIB1";
Experimental product;~;~;212052;"GRIB2 GRIB1";
Experimental product;~;~;212053;"GRIB2 GRIB1";
Experimental product;~;~;212054;"GRIB2 GRIB1";
Experimental product;~;~;212055;"GRIB2 GRIB1";
Experimental product;~;~;212056;"GRIB2 GRIB1";
Experimental product;~;~;212057;"GRIB2 GRIB1";
Experimental product;~;~;212058;"GRIB2 GRIB1";
Experimental product;~;~;212059;"GRIB2 GRIB1";
Experimental product;~;~;212060;"GRIB2 GRIB1";
Experimental product;~;~;212061;"GRIB2 GRIB1";
Experimental product;~;~;212062;"GRIB2 GRIB1";
Experimental product;~;~;212063;"GRIB2 GRIB1";
Experimental product;~;~;212064;"GRIB2 GRIB1";
Experimental product;~;~;212065;"GRIB2 GRIB1";
Experimental product;~;~;212066;"GRIB2 GRIB1";
Experimental product;~;~;212067;"GRIB2 GRIB1";
Experimental product;~;~;212068;"GRIB2 GRIB1";
Experimental product;~;~;212069;"GRIB2 GRIB1";
Experimental product;~;~;212070;"GRIB2 GRIB1";
Experimental product;~;~;212071;"GRIB2 GRIB1";
Experimental product;~;~;212072;"GRIB2 GRIB1";
Experimental product;~;~;212073;"GRIB2 GRIB1";
Experimental product;~;~;212074;"GRIB2 GRIB1";
Experimental product;~;~;212075;"GRIB2 GRIB1";
Experimental product;~;~;212076;"GRIB2 GRIB1";
Experimental product;~;~;212077;"GRIB2 GRIB1";
Experimental product;~;~;212078;"GRIB2 GRIB1";
Experimental product;~;~;212079;"GRIB2 GRIB1";
Experimental product;~;~;212080;"GRIB2 GRIB1";
Experimental product;~;~;212081;"GRIB2 GRIB1";
Experimental product;~;~;212082;"GRIB2 GRIB1";
Experimental product;~;~;212083;"GRIB2 GRIB1";
Experimental product;~;~;212084;"GRIB2 GRIB1";
Experimental product;~;~;212085;"GRIB2 GRIB1";
Experimental product;~;~;212086;"GRIB2 GRIB1";
Experimental product;~;~;212087;"GRIB2 GRIB1";
Experimental product;~;~;212088;"GRIB2 GRIB1";
Experimental product;~;~;212089;"GRIB2 GRIB1";
Experimental product;~;~;212090;"GRIB2 GRIB1";
Experimental product;~;~;212091;"GRIB2 GRIB1";
Experimental product;~;~;212092;"GRIB2 GRIB1";
Experimental product;~;~;212093;"GRIB2 GRIB1";
Experimental product;~;~;212094;"GRIB2 GRIB1";
Experimental product;~;~;212095;"GRIB2 GRIB1";
Experimental product;~;~;212096;"GRIB2 GRIB1";
Experimental product;~;~;212097;"GRIB2 GRIB1";
Experimental product;~;~;212098;"GRIB2 GRIB1";
Experimental product;~;~;212099;"GRIB2 GRIB1";
Experimental product;~;~;212100;"GRIB2 GRIB1";
Experimental product;~;~;212101;"GRIB2 GRIB1";
Experimental product;~;~;212102;"GRIB2 GRIB1";
Experimental product;~;~;212103;"GRIB2 GRIB1";
Experimental product;~;~;212104;"GRIB2 GRIB1";
Experimental product;~;~;212105;"GRIB2 GRIB1";
Experimental product;~;~;212106;"GRIB2 GRIB1";
Experimental product;~;~;212107;"GRIB2 GRIB1";
Experimental product;~;~;212108;"GRIB2 GRIB1";
Experimental product;~;~;212109;"GRIB2 GRIB1";
Experimental product;~;~;212110;"GRIB2 GRIB1";
Experimental product;~;~;212111;"GRIB2 GRIB1";
Experimental product;~;~;212112;"GRIB2 GRIB1";
Experimental product;~;~;212113;"GRIB2 GRIB1";
Experimental product;~;~;212114;"GRIB2 GRIB1";
Experimental product;~;~;212115;"GRIB2 GRIB1";
Experimental product;~;~;212116;"GRIB2 GRIB1";
Experimental product;~;~;212117;"GRIB2 GRIB1";
Experimental product;~;~;212118;"GRIB2 GRIB1";
Experimental product;~;~;212119;"GRIB2 GRIB1";
Experimental product;~;~;212120;"GRIB2 GRIB1";
Experimental product;~;~;212121;"GRIB2 GRIB1";
Experimental product;~;~;212122;"GRIB2 GRIB1";
Experimental product;~;~;212123;"GRIB2 GRIB1";
Experimental product;~;~;212124;"GRIB2 GRIB1";
Experimental product;~;~;212125;"GRIB2 GRIB1";
Experimental product;~;~;212126;"GRIB2 GRIB1";
Experimental product;~;~;212127;"GRIB2 GRIB1";
Experimental product;~;~;212128;"GRIB2 GRIB1";
Experimental product;~;~;212129;"GRIB2 GRIB1";
Experimental product;~;~;212130;"GRIB2 GRIB1";
Experimental product;~;~;212131;"GRIB2 GRIB1";
Experimental product;~;~;212132;"GRIB2 GRIB1";
Experimental product;~;~;212133;"GRIB2 GRIB1";
Experimental product;~;~;212134;"GRIB2 GRIB1";
Experimental product;~;~;212135;"GRIB2 GRIB1";
Experimental product;~;~;212136;"GRIB2 GRIB1";
Experimental product;~;~;212137;"GRIB2 GRIB1";
Experimental product;~;~;212138;"GRIB2 GRIB1";
Experimental product;~;~;212139;"GRIB2 GRIB1";
Experimental product;~;~;212140;"GRIB2 GRIB1";
Experimental product;~;~;212141;"GRIB2 GRIB1";
Experimental product;~;~;212142;"GRIB2 GRIB1";
Experimental product;~;~;212143;"GRIB2 GRIB1";
Experimental product;~;~;212144;"GRIB2 GRIB1";
Experimental product;~;~;212145;"GRIB2 GRIB1";
Experimental product;~;~;212146;"GRIB2 GRIB1";
Experimental product;~;~;212147;"GRIB2 GRIB1";
Experimental product;~;~;212148;"GRIB2 GRIB1";
Experimental product;~;~;212149;"GRIB2 GRIB1";
Experimental product;~;~;212150;"GRIB2 GRIB1";
Experimental product;~;~;212151;"GRIB2 GRIB1";
Experimental product;~;~;212152;"GRIB2 GRIB1";
Experimental product;~;~;212153;"GRIB2 GRIB1";
Experimental product;~;~;212154;"GRIB2 GRIB1";
Experimental product;~;~;212155;"GRIB2 GRIB1";
Experimental product;~;~;212156;"GRIB2 GRIB1";
Experimental product;~;~;212157;"GRIB2 GRIB1";
Experimental product;~;~;212158;"GRIB2 GRIB1";
Experimental product;~;~;212159;"GRIB2 GRIB1";
Experimental product;~;~;212160;"GRIB2 GRIB1";
Experimental product;~;~;212161;"GRIB2 GRIB1";
Experimental product;~;~;212162;"GRIB2 GRIB1";
Experimental product;~;~;212163;"GRIB2 GRIB1";
Experimental product;~;~;212164;"GRIB2 GRIB1";
Experimental product;~;~;212165;"GRIB2 GRIB1";
Experimental product;~;~;212166;"GRIB2 GRIB1";
Experimental product;~;~;212167;"GRIB2 GRIB1";
Experimental product;~;~;212168;"GRIB2 GRIB1";
Experimental product;~;~;212169;"GRIB2 GRIB1";
Experimental product;~;~;212170;"GRIB2 GRIB1";
Experimental product;~;~;212171;"GRIB2 GRIB1";
Experimental product;~;~;212172;"GRIB2 GRIB1";
Experimental product;~;~;212173;"GRIB2 GRIB1";
Experimental product;~;~;212174;"GRIB2 GRIB1";
Experimental product;~;~;212175;"GRIB2 GRIB1";
Experimental product;~;~;212176;"GRIB2 GRIB1";
Experimental product;~;~;212177;"GRIB2 GRIB1";
Experimental product;~;~;212178;"GRIB2 GRIB1";
Experimental product;~;~;212179;"GRIB2 GRIB1";
Experimental product;~;~;212180;"GRIB2 GRIB1";
Experimental product;~;~;212181;"GRIB2 GRIB1";
Experimental product;~;~;212182;"GRIB2 GRIB1";
Experimental product;~;~;212183;"GRIB2 GRIB1";
Experimental product;~;~;212184;"GRIB2 GRIB1";
Experimental product;~;~;212185;"GRIB2 GRIB1";
Experimental product;~;~;212186;"GRIB2 GRIB1";
Experimental product;~;~;212187;"GRIB2 GRIB1";
Experimental product;~;~;212188;"GRIB2 GRIB1";
Experimental product;~;~;212189;"GRIB2 GRIB1";
Experimental product;~;~;212190;"GRIB2 GRIB1";
Experimental product;~;~;212191;"GRIB2 GRIB1";
Experimental product;~;~;212192;"GRIB2 GRIB1";
Experimental product;~;~;212193;"GRIB2 GRIB1";
Experimental product;~;~;212194;"GRIB2 GRIB1";
Experimental product;~;~;212195;"GRIB2 GRIB1";
Experimental product;~;~;212196;"GRIB2 GRIB1";
Experimental product;~;~;212197;"GRIB2 GRIB1";
Experimental product;~;~;212198;"GRIB2 GRIB1";
Experimental product;~;~;212199;"GRIB2 GRIB1";
Experimental product;~;~;212200;"GRIB2 GRIB1";
Experimental product;~;~;212201;"GRIB2 GRIB1";
Experimental product;~;~;212202;"GRIB2 GRIB1";
Experimental product;~;~;212203;"GRIB2 GRIB1";
Experimental product;~;~;212204;"GRIB2 GRIB1";
Experimental product;~;~;212205;"GRIB2 GRIB1";
Experimental product;~;~;212206;"GRIB2 GRIB1";
Experimental product;~;~;212207;"GRIB2 GRIB1";
Experimental product;~;~;212208;"GRIB2 GRIB1";
Experimental product;~;~;212209;"GRIB2 GRIB1";
Experimental product;~;~;212210;"GRIB2 GRIB1";
Experimental product;~;~;212211;"GRIB2 GRIB1";
Experimental product;~;~;212212;"GRIB2 GRIB1";
Experimental product;~;~;212213;"GRIB2 GRIB1";
Experimental product;~;~;212214;"GRIB2 GRIB1";
Experimental product;~;~;212215;"GRIB2 GRIB1";
Experimental product;~;~;212216;"GRIB2 GRIB1";
Experimental product;~;~;212217;"GRIB2 GRIB1";
Experimental product;~;~;212218;"GRIB2 GRIB1";
Experimental product;~;~;212219;"GRIB2 GRIB1";
Experimental product;~;~;212220;"GRIB2 GRIB1";
Experimental product;~;~;212221;"GRIB2 GRIB1";
Experimental product;~;~;212222;"GRIB2 GRIB1";
Experimental product;~;~;212223;"GRIB2 GRIB1";
Experimental product;~;~;212224;"GRIB2 GRIB1";
Experimental product;~;~;212225;"GRIB2 GRIB1";
Experimental product;~;~;212226;"GRIB2 GRIB1";
Experimental product;~;~;212227;"GRIB2 GRIB1";
Experimental product;~;~;212228;"GRIB2 GRIB1";
Experimental product;~;~;212229;"GRIB2 GRIB1";
Experimental product;~;~;212230;"GRIB2 GRIB1";
Experimental product;~;~;212231;"GRIB2 GRIB1";
Experimental product;~;~;212232;"GRIB2 GRIB1";
Experimental product;~;~;212233;"GRIB2 GRIB1";
Experimental product;~;~;212234;"GRIB2 GRIB1";
Experimental product;~;~;212235;"GRIB2 GRIB1";
Experimental product;~;~;212236;"GRIB2 GRIB1";
Experimental product;~;~;212237;"GRIB2 GRIB1";
Experimental product;~;~;212238;"GRIB2 GRIB1";
Experimental product;~;~;212239;"GRIB2 GRIB1";
Experimental product;~;~;212240;"GRIB2 GRIB1";
Experimental product;~;~;212241;"GRIB2 GRIB1";
Experimental product;~;~;212242;"GRIB2 GRIB1";
Experimental product;~;~;212243;"GRIB2 GRIB1";
Experimental product;~;~;212244;"GRIB2 GRIB1";
Experimental product;~;~;212245;"GRIB2 GRIB1";
Experimental product;~;~;212246;"GRIB2 GRIB1";
Experimental product;~;~;212247;"GRIB2 GRIB1";
Experimental product;~;~;212248;"GRIB2 GRIB1";
Experimental product;~;~;212249;"GRIB2 GRIB1";
Experimental product;~;~;212250;"GRIB2 GRIB1";
Experimental product;~;~;212251;"GRIB2 GRIB1";
Experimental product;~;~;212252;"GRIB2 GRIB1";
Experimental product;~;~;212253;"GRIB2 GRIB1";
Experimental product;~;~;212254;"GRIB2 GRIB1";
Experimental product;~;~;212255;"GRIB2 GRIB1";
Random pattern 1 for sppt;sppt1;dimensionless;213001;"GRIB2 GRIB1";
Random pattern 2 for sppt;sppt2;dimensionless;213002;"GRIB2 GRIB1";
Random pattern 3 for sppt;sppt3;dimensionless;213003;"GRIB2 GRIB1";
Random pattern 4 for sppt;sppt4;dimensionless;213004;"GRIB2 GRIB1";
Random pattern 5 for sppt;sppt5;dimensionless;213005;"GRIB2 GRIB1";
Random pattern 1 for SPP scheme;spp1;dimensionless;213101;"GRIB2 GRIB1";
Random pattern 2 for SPP scheme;spp2;dimensionless;213102;"GRIB2 GRIB1";
Random pattern 3 for SPP scheme;spp3;dimensionless;213103;"GRIB2 GRIB1";
Random pattern 4 for SPP scheme;spp4;dimensionless;213104;"GRIB2 GRIB1";
Random pattern 5 for SPP scheme;spp5;dimensionless;213105;"GRIB2 GRIB1";
Random pattern 6 for SPP scheme;spp6;dimensionless;213106;"GRIB2 GRIB1";
Random pattern 7 for SPP scheme;spp7;dimensionless;213107;"GRIB2 GRIB1";
Random pattern 8 for SPP scheme;spp8;dimensionless;213108;"GRIB2 GRIB1";
Random pattern 9 for SPP scheme;spp9;dimensionless;213109;"GRIB2 GRIB1";
Random pattern 10 for SPP scheme;spp10;dimensionless;213110;"GRIB2 GRIB1";
Random pattern 11 for SPP scheme;spp11;dimensionless;213111;"GRIB2 GRIB1";
Random pattern 12 for SPP scheme;spp12;dimensionless;213112;"GRIB2 GRIB1";
Random pattern 13 for SPP scheme;spp13;dimensionless;213113;"GRIB2 GRIB1";
Random pattern 14 for SPP scheme;spp14;dimensionless;213114;"GRIB2 GRIB1";
Random pattern 15 for SPP scheme;spp15;dimensionless;213115;"GRIB2 GRIB1";
Random pattern 16 for SPP scheme;spp16;dimensionless;213116;"GRIB2 GRIB1";
Random pattern 17 for SPP scheme;spp17;dimensionless;213117;"GRIB2 GRIB1";
Random pattern 18 for SPP scheme;spp18;dimensionless;213118;"GRIB2 GRIB1";
Random pattern 19 for SPP scheme;spp19;dimensionless;213119;"GRIB2 GRIB1";
Random pattern 20 for SPP scheme;spp20;dimensionless;213120;"GRIB2 GRIB1";
Random pattern 21 for SPP scheme;spp21;dimensionless;213121;"GRIB2 GRIB1";
Random pattern 22 for SPP scheme;spp22;dimensionless;213122;"GRIB2 GRIB1";
Random pattern 23 for SPP scheme;spp23;dimensionless;213123;"GRIB2 GRIB1";
Random pattern 24 for SPP scheme;spp24;dimensionless;213124;"GRIB2 GRIB1";
Random pattern 25 for SPP scheme;spp25;dimensionless;213125;"GRIB2 GRIB1";
Random pattern 26 for SPP scheme;spp26;dimensionless;213126;"GRIB2 GRIB1";
Random pattern 27 for SPP scheme;spp27;dimensionless;213127;"GRIB2 GRIB1";
Random pattern 28 for SPP scheme;spp28;dimensionless;213128;"GRIB2 GRIB1";
Random pattern 29 for SPP scheme;spp29;dimensionless;213129;"GRIB2 GRIB1";
Random pattern 30 for SPP scheme;spp30;dimensionless;213130;"GRIB2 GRIB1";
Random pattern 31 for SPP scheme;spp31;dimensionless;213131;"GRIB2 GRIB1";
Random pattern 32 for SPP scheme;spp32;dimensionless;213132;"GRIB2 GRIB1";
Random pattern 33 for SPP scheme;spp33;dimensionless;213133;"GRIB2 GRIB1";
Random pattern 34 for SPP scheme;spp34;dimensionless;213134;"GRIB2 GRIB1";
Random pattern 35 for SPP scheme;spp35;dimensionless;213135;"GRIB2 GRIB1";
Random pattern 36 for SPP scheme;spp36;dimensionless;213136;"GRIB2 GRIB1";
Random pattern 37 for SPP scheme;spp37;dimensionless;213137;"GRIB2 GRIB1";
Random pattern 38 for SPP scheme;spp38;dimensionless;213138;"GRIB2 GRIB1";
Random pattern 39 for SPP scheme;spp39;dimensionless;213139;"GRIB2 GRIB1";
Random pattern 40 for SPP scheme;spp40;dimensionless;213140;"GRIB2 GRIB1";
Random pattern 41 for SPP scheme;spp41;dimensionless;213141;"GRIB2 GRIB1";
Random pattern 42 for SPP scheme;spp42;dimensionless;213142;"GRIB2 GRIB1";
Random pattern 43 for SPP scheme;spp43;dimensionless;213143;"GRIB2 GRIB1";
Random pattern 44 for SPP scheme;spp44;dimensionless;213144;"GRIB2 GRIB1";
Random pattern 45 for SPP scheme;spp45;dimensionless;213145;"GRIB2 GRIB1";
Random pattern 46 for SPP scheme;spp46;dimensionless;213146;"GRIB2 GRIB1";
Random pattern 47 for SPP scheme;spp47;dimensionless;213147;"GRIB2 GRIB1";
Random pattern 48 for SPP scheme;spp48;dimensionless;213148;"GRIB2 GRIB1";
Random pattern 49 for SPP scheme;spp49;dimensionless;213149;"GRIB2 GRIB1";
Random pattern 50 for SPP scheme;spp50;dimensionless;213150;"GRIB2 GRIB1";
Random pattern 51 for SPP scheme;spp51;dimensionless;213151;"GRIB2 GRIB1";
Random pattern 52 for SPP scheme;spp52;dimensionless;213152;"GRIB2 GRIB1";
Random pattern 53 for SPP scheme;spp53;dimensionless;213153;"GRIB2 GRIB1";
Random pattern 54 for SPP scheme;spp54;dimensionless;213154;"GRIB2 GRIB1";
Random pattern 55 for SPP scheme;spp55;dimensionless;213155;"GRIB2 GRIB1";
Random pattern 56 for SPP scheme;spp56;dimensionless;213156;"GRIB2 GRIB1";
Random pattern 57 for SPP scheme;spp57;dimensionless;213157;"GRIB2 GRIB1";
Random pattern 58 for SPP scheme;spp58;dimensionless;213158;"GRIB2 GRIB1";
Random pattern 59 for SPP scheme;spp59;dimensionless;213159;"GRIB2 GRIB1";
Random pattern 60 for SPP scheme;spp60;dimensionless;213160;"GRIB2 GRIB1";
Random pattern 61 for SPP scheme;spp61;dimensionless;213161;"GRIB2 GRIB1";
Random pattern 62 for SPP scheme;spp62;dimensionless;213162;"GRIB2 GRIB1";
Random pattern 63 for SPP scheme;spp63;dimensionless;213163;"GRIB2 GRIB1";
Random pattern 64 for SPP scheme;spp64;dimensionless;213164;"GRIB2 GRIB1";
Random pattern 65 for SPP scheme;spp65;dimensionless;213165;"GRIB2 GRIB1";
Random pattern 66 for SPP scheme;spp66;dimensionless;213166;"GRIB2 GRIB1";
Random pattern 67 for SPP scheme;spp67;dimensionless;213167;"GRIB2 GRIB1";
Random pattern 68 for SPP scheme;spp68;dimensionless;213168;"GRIB2 GRIB1";
Random pattern 69 for SPP scheme;spp69;dimensionless;213169;"GRIB2 GRIB1";
Random pattern 70 for SPP scheme;spp70;dimensionless;213170;"GRIB2 GRIB1";
Random pattern 71 for SPP scheme;spp71;dimensionless;213171;"GRIB2 GRIB1";
Random pattern 72 for SPP scheme;spp72;dimensionless;213172;"GRIB2 GRIB1";
Random pattern 73 for SPP scheme;spp73;dimensionless;213173;"GRIB2 GRIB1";
Random pattern 74 for SPP scheme;spp74;dimensionless;213174;"GRIB2 GRIB1";
Random pattern 75 for SPP scheme;spp75;dimensionless;213175;"GRIB2 GRIB1";
Random pattern 76 for SPP scheme;spp76;dimensionless;213176;"GRIB2 GRIB1";
Random pattern 77 for SPP scheme;spp77;dimensionless;213177;"GRIB2 GRIB1";
Random pattern 78 for SPP scheme;spp78;dimensionless;213178;"GRIB2 GRIB1";
Random pattern 79 for SPP scheme;spp79;dimensionless;213179;"GRIB2 GRIB1";
Random pattern 80 for SPP scheme;spp80;dimensionless;213180;"GRIB2 GRIB1";
Random pattern 81 for SPP scheme;spp81;dimensionless;213181;"GRIB2 GRIB1";
Random pattern 82 for SPP scheme;spp82;dimensionless;213182;"GRIB2 GRIB1";
Random pattern 83 for SPP scheme;spp83;dimensionless;213183;"GRIB2 GRIB1";
Random pattern 84 for SPP scheme;spp84;dimensionless;213184;"GRIB2 GRIB1";
Random pattern 85 for SPP scheme;spp85;dimensionless;213185;"GRIB2 GRIB1";
Random pattern 86 for SPP scheme;spp86;dimensionless;213186;"GRIB2 GRIB1";
Random pattern 87 for SPP scheme;spp87;dimensionless;213187;"GRIB2 GRIB1";
Random pattern 88 for SPP scheme;spp88;dimensionless;213188;"GRIB2 GRIB1";
Random pattern 89 for SPP scheme;spp89;dimensionless;213189;"GRIB2 GRIB1";
Random pattern 90 for SPP scheme;spp90;dimensionless;213190;"GRIB2 GRIB1";
Random pattern 91 for SPP scheme;spp91;dimensionless;213191;"GRIB2 GRIB1";
Random pattern 92 for SPP scheme;spp92;dimensionless;213192;"GRIB2 GRIB1";
Random pattern 93 for SPP scheme;spp93;dimensionless;213193;"GRIB2 GRIB1";
Random pattern 94 for SPP scheme;spp94;dimensionless;213194;"GRIB2 GRIB1";
Random pattern 95 for SPP scheme;spp95;dimensionless;213195;"GRIB2 GRIB1";
Random pattern 96 for SPP scheme;spp96;dimensionless;213196;"GRIB2 GRIB1";
Random pattern 97 for SPP scheme;spp97;dimensionless;213197;"GRIB2 GRIB1";
Random pattern 98 for SPP scheme;spp98;dimensionless;213198;"GRIB2 GRIB1";
Random pattern 99 for SPP scheme;spp99;dimensionless;213199;"GRIB2 GRIB1";
Random pattern 100 for SPP scheme;spp100;dimensionless;213200;"GRIB2 GRIB1";
Random pattern 101 for SPP scheme;spp101;dimensionless;213201;"GRIB2 GRIB1";
Random pattern 102 for SPP scheme;spp102;dimensionless;213202;"GRIB2 GRIB1";
Random pattern 103 for SPP scheme;spp103;dimensionless;213203;"GRIB2 GRIB1";
Random pattern 104 for SPP scheme;spp104;dimensionless;213204;"GRIB2 GRIB1";
Random pattern 105 for SPP scheme;spp105;dimensionless;213205;"GRIB2 GRIB1";
Random pattern 106 for SPP scheme;spp106;dimensionless;213206;"GRIB2 GRIB1";
Random pattern 107 for SPP scheme;spp107;dimensionless;213207;"GRIB2 GRIB1";
Random pattern 108 for SPP scheme;spp108;dimensionless;213208;"GRIB2 GRIB1";
Random pattern 109 for SPP scheme;spp109;dimensionless;213209;"GRIB2 GRIB1";
Random pattern 110 for SPP scheme;spp110;dimensionless;213210;"GRIB2 GRIB1";
Random pattern 111 for SPP scheme;spp111;dimensionless;213211;"GRIB2 GRIB1";
Random pattern 112 for SPP scheme;spp112;dimensionless;213212;"GRIB2 GRIB1";
Random pattern 113 for SPP scheme;spp113;dimensionless;213213;"GRIB2 GRIB1";
Random pattern 114 for SPP scheme;spp114;dimensionless;213214;"GRIB2 GRIB1";
Random pattern 115 for SPP scheme;spp115;dimensionless;213215;"GRIB2 GRIB1";
Random pattern 116 for SPP scheme;spp116;dimensionless;213216;"GRIB2 GRIB1";
Random pattern 117 for SPP scheme;spp117;dimensionless;213217;"GRIB2 GRIB1";
Random pattern 118 for SPP scheme;spp118;dimensionless;213218;"GRIB2 GRIB1";
Random pattern 119 for SPP scheme;spp119;dimensionless;213219;"GRIB2 GRIB1";
Random pattern 120 for SPP scheme;spp120;dimensionless;213220;"GRIB2 GRIB1";
Random pattern 121 for SPP scheme;spp121;dimensionless;213221;"GRIB2 GRIB1";
Cosine of solar zenith angle;cossza;Numeric;214001;"GRIB2 GRIB1";
UV biologically effective dose;uvbed;~;214002;"GRIB2 GRIB1";
UV biologically effective dose clear-sky;uvbedcs;~;214003;"GRIB2 GRIB1";
Total surface UV spectral flux (280-285 nm);uvsflxt280285;W m-2;214004;"GRIB2 GRIB1";
Total surface UV spectral flux (285-290 nm);uvsflxt285290;W m-2;214005;"GRIB2 GRIB1";
Total surface UV spectral flux (290-295 nm);uvsflxt290295;W m-2;214006;"GRIB2 GRIB1";
Total surface UV spectral flux (295-300 nm);uvsflxt295300;W m-2;214007;"GRIB2 GRIB1";
Total surface UV spectral flux (300-305 nm);uvsflxt300305;W m-2;214008;"GRIB2 GRIB1";
Total surface UV spectral flux (305-310 nm);uvsflxt305310;W m-2;214009;"GRIB2 GRIB1";
Total surface UV spectral flux (310-315 nm);uvsflxt310315;W m-2;214010;"GRIB2 GRIB1";
Total surface UV spectral flux (315-320 nm);uvsflxt315320;W m-2;214011;"GRIB2 GRIB1";
Total surface UV spectral flux (320-325 nm);uvsflxt320325;W m-2;214012;"GRIB2 GRIB1";
Total surface UV spectral flux (325-330 nm);uvsflxt325330;W m-2;214013;"GRIB2 GRIB1";
Total surface UV spectral flux (330-335 nm);uvsflxt330335;W m-2;214014;"GRIB2 GRIB1";
Total surface UV spectral flux (335-340 nm);uvsflxt335340;W m-2;214015;"GRIB2 GRIB1";
Total surface UV spectral flux (340-345 nm);uvsflxt340345;W m-2;214016;"GRIB2 GRIB1";
Total surface UV spectral flux (345-350 nm);uvsflxt345350;W m-2;214017;"GRIB2 GRIB1";
Total surface UV spectral flux (350-355 nm);uvsflxt350355;W m-2;214018;"GRIB2 GRIB1";
Total surface UV spectral flux (355-360 nm);uvsflxt355360;W m-2;214019;"GRIB2 GRIB1";
Total surface UV spectral flux (360-365 nm);uvsflxt360365;W m-2;214020;"GRIB2 GRIB1";
Total surface UV spectral flux (365-370 nm);uvsflxt365370;W m-2;214021;"GRIB2 GRIB1";
Total surface UV spectral flux (370-375 nm);uvsflxt370375;W m-2;214022;"GRIB2 GRIB1";
Total surface UV spectral flux (375-380 nm);uvsflxt375380;W m-2;214023;"GRIB2 GRIB1";
Total surface UV spectral flux (380-385 nm);uvsflxt380385;W m-2;214024;"GRIB2 GRIB1";
Total surface UV spectral flux (385-390 nm);uvsflxt385390;W m-2;214025;"GRIB2 GRIB1";
Total surface UV spectral flux (390-395 nm);uvsflxt390395;W m-2;214026;"GRIB2 GRIB1";
Total surface UV spectral flux (395-400 nm);uvsflxt395400;W m-2;214027;"GRIB2 GRIB1";
Clear-sky surface UV spectral flux (280-285 nm);uvsflxcs280285;W m-2;214028;"GRIB2 GRIB1";
Clear-sky surface UV spectral flux (285-290 nm);uvsflxcs285290;W m-2;214029;"GRIB2 GRIB1";
Clear-sky surface UV spectral flux (290-295 nm);uvsflxcs290295;W m-2;214030;"GRIB2 GRIB1";
Clear-sky surface UV spectral flux (295-300 nm);uvsflxcs295300;W m-2;214031;"GRIB2 GRIB1";
Clear-sky surface UV spectral flux (300-305 nm);uvsflxcs300305;W m-2;214032;"GRIB2 GRIB1";
Clear-sky surface UV spectral flux (305-310 nm);uvsflxcs305310;W m-2;214033;"GRIB2 GRIB1";
Clear-sky surface UV spectral flux (310-315 nm);uvsflxcs310315;W m-2;214034;"GRIB2 GRIB1";
Clear-sky surface UV spectral flux (315-320 nm);uvsflxcs315320;W m-2;214035;"GRIB2 GRIB1";
Clear-sky surface UV spectral flux (320-325 nm);uvsflxcs320325;W m-2;214036;"GRIB2 GRIB1";
Clear-sky surface UV spectral flux (325-330 nm);uvsflxcs325330;W m-2;214037;"GRIB2 GRIB1";
Clear-sky surface UV spectral flux (330-335 nm);uvsflxcs330335;W m-2;214038;"GRIB2 GRIB1";
Clear-sky surface UV spectral flux (335-340 nm);uvsflxcs335340;W m-2;214039;"GRIB2 GRIB1";
Clear-sky surface UV spectral flux (340-345 nm);uvsflxcs340345;W m-2;214040;"GRIB2 GRIB1";
Clear-sky surface UV spectral flux (345-350 nm);uvsflxcs345350;W m-2;214041;"GRIB2 GRIB1";
Clear-sky surface UV spectral flux (350-355 nm);uvsflxcs350355;W m-2;214042;"GRIB2 GRIB1";
Clear-sky surface UV spectral flux (355-360 nm);uvsflxcs355360;W m-2;214043;"GRIB2 GRIB1";
Clear-sky surface UV spectral flux (360-365 nm);uvsflxcs360365;W m-2;214044;"GRIB2 GRIB1";
Clear-sky surface UV spectral flux (365-370 nm);uvsflxcs365370;W m-2;214045;"GRIB2 GRIB1";
Clear-sky surface UV spectral flux (370-375 nm);uvsflxcs370375;W m-2;214046;"GRIB2 GRIB1";
Clear-sky surface UV spectral flux (375-380 nm);uvsflxcs375380;W m-2;214047;"GRIB2 GRIB1";
Clear-sky surface UV spectral flux (380-385 nm);uvsflxcs380385;W m-2;214048;"GRIB2 GRIB1";
Clear-sky surface UV spectral flux (385-390 nm);uvsflxcs385390;W m-2;214049;"GRIB2 GRIB1";
Clear-sky surface UV spectral flux (390-395 nm);uvsflxcs390395;W m-2;214050;"GRIB2 GRIB1";
Clear-sky surface UV spectral flux (395-400 nm);uvsflxcs395400;W m-2;214051;"GRIB2 GRIB1";
Profile of optical thickness at 340 nm;aot340;~;214052;"GRIB2 GRIB1";
Source/gain of sea salt aerosol (0.03 - 0.5 um);aersrcsss;kg m-2 s-1;215001;"GRIB2 GRIB1";
Source/gain of sea salt aerosol (0.5 - 5 um);aersrcssm;kg m-2 s-1;215002;"GRIB2 GRIB1";
Source/gain of sea salt aerosol (5 - 20 um);aersrcssl;kg m-2 s-1;215003;"GRIB2 GRIB1";
Dry deposition of sea salt aerosol (0.03 - 0.5 um);aerddpsss;kg m-2 s-1;215004;"GRIB2 GRIB1";
Dry deposition of sea salt aerosol (0.5 - 5 um);aerddpssm;kg m-2 s-1;215005;"GRIB2 GRIB1";
Dry deposition of sea salt aerosol (5 - 20 um);aerddpssl;kg m-2 s-1;215006;"GRIB2 GRIB1";
Sedimentation of sea salt aerosol (0.03 - 0.5 um);aersdmsss;kg m-2 s-1;215007;"GRIB2 GRIB1";
Sedimentation of sea salt aerosol (0.5 - 5 um);aersdmssm;kg m-2 s-1;215008;"GRIB2 GRIB1";
Sedimentation of sea salt aerosol (5 - 20 um);aersdmssl;kg m-2 s-1;215009;"GRIB2 GRIB1";
Wet deposition of sea salt aerosol (0.03 - 0.5 um) by large-scale precipitation;aerwdlssss;kg m-2 s-1;215010;"GRIB2 GRIB1";
Wet deposition of sea salt aerosol (0.5 - 5 um) by large-scale precipitation;aerwdlsssm;kg m-2 s-1;215011;"GRIB2 GRIB1";
Wet deposition of sea salt aerosol (5 - 20 um) by large-scale precipitation;aerwdlsssl;kg m-2 s-1;215012;"GRIB2 GRIB1";
Wet deposition of sea salt aerosol (0.03 - 0.5 um) by convective precipitation;aerwdccsss;kg m-2 s-1;215013;"GRIB2 GRIB1";
Wet deposition of sea salt aerosol (0.5 - 5 um) by convective precipitation;aerwdccssm;kg m-2 s-1;215014;"GRIB2 GRIB1";
Wet deposition of sea salt aerosol (5 - 20 um) by convective precipitation;aerwdccssl;kg m-2 s-1;215015;"GRIB2 GRIB1";
Negative fixer of sea salt aerosol (0.03 - 0.5 um);aerngtsss;kg m-2 s-1;215016;"GRIB2 GRIB1";
Negative fixer of sea salt aerosol (0.5 - 5 um);aerngtssm;kg m-2 s-1;215017;"GRIB2 GRIB1";
Negative fixer of sea salt aerosol (5 - 20 um);aerngtssl;kg m-2 s-1;215018;"GRIB2 GRIB1";
Vertically integrated mass of sea salt aerosol (0.03 - 0.5 um);aermsssss;kg m-2;215019;"GRIB2 GRIB1";
Vertically integrated mass of sea salt aerosol (0.5 - 5 um);aermssssm;kg m-2;215020;"GRIB2 GRIB1";
Vertically integrated mass of sea salt aerosol (5 - 20 um);aermssssl;kg m-2;215021;"GRIB2 GRIB1";
Sea salt aerosol (0.03 - 0.5 um) optical depth;aerodsss;~;215022;"GRIB2 GRIB1";
Sea salt aerosol (0.5 - 5 um) optical depth;aerodssm;~;215023;"GRIB2 GRIB1";
Sea salt aerosol (5 - 20 um) optical depth;aerodssl;~;215024;"GRIB2 GRIB1";
Source/gain of dust aerosol (0.03 - 0.55 um);aersrcdus;kg m-2 s-1;215025;"GRIB2 GRIB1";
Source/gain of dust aerosol (0.55 - 0.9 um);aersrcdum;kg m-2 s-1;215026;"GRIB2 GRIB1";
Source/gain of dust aerosol (0.9 - 20 um);aersrcdul;kg m-2 s-1;215027;"GRIB2 GRIB1";
Dry deposition of dust aerosol (0.03 - 0.55 um);aerddpdus;kg m-2 s-1;215028;"GRIB2 GRIB1";
Dry deposition of dust aerosol (0.55 - 0.9 um);aerddpdum;kg m-2 s-1;215029;"GRIB2 GRIB1";
Dry deposition of dust aerosol (0.9 - 20 um);aerddpdul;kg m-2 s-1;215030;"GRIB2 GRIB1";
Sedimentation of dust aerosol (0.03 - 0.55 um);aersdmdus;kg m-2 s-1;215031;"GRIB2 GRIB1";
Sedimentation of dust aerosol (0.55 - 0.9 um);aersdmdum;kg m-2 s-1;215032;"GRIB2 GRIB1";
Sedimentation of dust aerosol (0.9 - 20 um);aersdmdul;kg m-2 s-1;215033;"GRIB2 GRIB1";
Wet deposition of dust aerosol (0.03 - 0.55 um) by large-scale precipitation;aerwdlsdus;kg m-2 s-1;215034;"GRIB2 GRIB1";
Wet deposition of dust aerosol (0.55 - 0.9 um) by large-scale precipitation;aerwdlsdum;kg m-2 s-1;215035;"GRIB2 GRIB1";
Wet deposition of dust aerosol (0.9 - 20 um) by large-scale precipitation;aerwdlsdul;kg m-2 s-1;215036;"GRIB2 GRIB1";
Wet deposition of dust aerosol (0.03 - 0.55 um) by convective precipitation;aerwdccdus;kg m-2 s-1;215037;"GRIB2 GRIB1";
Wet deposition of dust aerosol (0.55 - 0.9 um) by convective precipitation;aerwdccdum;kg m-2 s-1;215038;"GRIB2 GRIB1";
Wet deposition of dust aerosol (0.9 - 20 um) by convective precipitation;aerwdccdul;kg m-2 s-1;215039;"GRIB2 GRIB1";
Negative fixer of dust aerosol (0.03 - 0.55 um);aerngtdus;kg m-2 s-1;215040;"GRIB2 GRIB1";
Negative fixer of dust aerosol (0.55 - 0.9 um);aerngtdum;kg m-2 s-1;215041;"GRIB2 GRIB1";
Negative fixer of dust aerosol (0.9 - 20 um);aerngtdul;kg m-2 s-1;215042;"GRIB2 GRIB1";
Vertically integrated mass of dust aerosol (0.03 - 0.55 um);aermssdus;kg m-2;215043;"GRIB2 GRIB1";
Vertically integrated mass of dust aerosol (0.55 - 0.9 um);aermssdum;kg m-2;215044;"GRIB2 GRIB1";
Vertically integrated mass of dust aerosol (0.9 - 20 um);aermssdul;kg m-2;215045;"GRIB2 GRIB1";
Dust aerosol (0.03 - 0.55 um) optical depth;aeroddus;~;215046;"GRIB2 GRIB1";
Dust aerosol (0.55 - 0.9 um) optical depth;aeroddum;~;215047;"GRIB2 GRIB1";
Dust aerosol (0.9 - 20 um) optical depth;aeroddul;~;215048;"GRIB2 GRIB1";
Source/gain of hydrophobic organic matter aerosol;aersrcomhphob;kg m-2 s-1;215049;"GRIB2 GRIB1";
Source/gain of hydrophilic organic matter aerosol;aersrcomhphil;kg m-2 s-1;215050;"GRIB2 GRIB1";
Dry deposition of hydrophobic organic matter aerosol;aerddpomhphob;kg m-2 s-1;215051;"GRIB2 GRIB1";
Dry deposition of hydrophilic organic matter aerosol;aerddpomhphil;kg m-2 s-1;215052;"GRIB2 GRIB1";
Sedimentation of hydrophobic organic matter aerosol;aersdmomhphob;kg m-2 s-1;215053;"GRIB2 GRIB1";
Sedimentation of hydrophilic organic matter aerosol;aersdmomhphil;kg m-2 s-1;215054;"GRIB2 GRIB1";
Wet deposition of hydrophobic organic matter aerosol by large-scale precipitation;aerwdlsomhphob;kg m-2 s-1;215055;"GRIB2 GRIB1";
Wet deposition of hydrophilic organic matter aerosol by large-scale precipitation;aerwdlsomhphil;kg m-2 s-1;215056;"GRIB2 GRIB1";
Wet deposition of hydrophobic organic matter aerosol by convective precipitation;aerwdccomhphob;kg m-2 s-1;215057;"GRIB2 GRIB1";
Wet deposition of hydrophilic organic matter aerosol by convective precipitation;aerwdccomhphil;kg m-2 s-1;215058;"GRIB2 GRIB1";
Negative fixer of hydrophobic organic matter aerosol;aerngtomhphob;kg m-2 s-1;215059;"GRIB2 GRIB1";
Negative fixer of hydrophilic organic matter aerosol;aerngtomhphil;kg m-2 s-1;215060;"GRIB2 GRIB1";
Vertically integrated mass of hydrophobic organic matter aerosol;aermssomhphob;kg m-2;215061;"GRIB2 GRIB1";
Vertically integrated mass of hydrophilic organic matter aerosol;aermssomhphil;kg m-2;215062;"GRIB2 GRIB1";
Hydrophobic organic matter aerosol optical depth;aerodomhphob;~;215063;"GRIB2 GRIB1";
Hydrophilic organic matter aerosol optical depth;aerodomhphil;~;215064;"GRIB2 GRIB1";
Source/gain of hydrophobic black carbon aerosol;aersrcbchphob;kg m-2 s-1;215065;"GRIB2 GRIB1";
Source/gain of hydrophilic black carbon aerosol;aersrcbchphil;kg m-2 s-1;215066;"GRIB2 GRIB1";
Dry deposition of hydrophobic black carbon aerosol;aerddpbchphob;kg m-2 s-1;215067;"GRIB2 GRIB1";
Dry deposition of hydrophilic black carbon aerosol;aerddpbchphil;kg m-2 s-1;215068;"GRIB2 GRIB1";
Sedimentation of hydrophobic black carbon aerosol;aersdmbchphob;kg m-2 s-1;215069;"GRIB2 GRIB1";
Sedimentation of hydrophilic black carbon aerosol;aersdmbchphil;kg m-2 s-1;215070;"GRIB2 GRIB1";
Wet deposition of hydrophobic black carbon aerosol by large-scale precipitation;aerwdlsbchphob;kg m-2 s-1;215071;"GRIB2 GRIB1";
Wet deposition of hydrophilic black carbon aerosol by large-scale precipitation;aerwdlsbchphil;kg m-2 s-1;215072;"GRIB2 GRIB1";
Wet deposition of hydrophobic black carbon aerosol by convective precipitation;aerwdccbchphob;kg m-2 s-1;215073;"GRIB2 GRIB1";
Wet deposition of hydrophilic black carbon aerosol by convective precipitation;aerwdccbchphil;kg m-2 s-1;215074;"GRIB2 GRIB1";
Negative fixer of hydrophobic black carbon aerosol;aerngtbchphob;kg m-2 s-1;215075;"GRIB2 GRIB1";
Negative fixer of hydrophilic black carbon aerosol;aerngtbchphil;kg m-2 s-1;215076;"GRIB2 GRIB1";
Vertically integrated mass of hydrophobic black carbon aerosol;aermssbchphob;kg m-2;215077;"GRIB2 GRIB1";
Vertically integrated mass of hydrophilic black carbon aerosol;aermssbchphil;kg m-2;215078;"GRIB2 GRIB1";
Hydrophobic black carbon aerosol optical depth;aerodbchphob;~;215079;"GRIB2 GRIB1";
Hydrophilic black carbon aerosol optical depth;aerodbchphil;~;215080;"GRIB2 GRIB1";
Source/gain of sulphate aerosol;aersrcsu;kg m-2 s-1;215081;"GRIB2 GRIB1";
Dry deposition of sulphate aerosol;aerddpsu;kg m-2 s-1;215082;"GRIB2 GRIB1";
Sedimentation of sulphate aerosol;aersdmsu;kg m-2 s-1;215083;"GRIB2 GRIB1";
Wet deposition of sulphate aerosol by large-scale precipitation;aerwdlssu;kg m-2 s-1;215084;"GRIB2 GRIB1";
Wet deposition of sulphate aerosol by convective precipitation;aerwdccsu;kg m-2 s-1;215085;"GRIB2 GRIB1";
Negative fixer of sulphate aerosol;aerngtsu;kg m-2 s-1;215086;"GRIB2 GRIB1";
Vertically integrated mass of sulphate aerosol;aermsssu;kg m-2;215087;"GRIB2 GRIB1";
Sulphate aerosol optical depth;aerodsu;~;215088;"GRIB2 GRIB1";
Accumulated total aerosol optical depth at 550 nm;accaod550;s;215089;"GRIB2 GRIB1";
Effective (snow effect included) UV visible albedo for direct radiation;aluvpsn;(0 - 1);215090;"GRIB2 GRIB1";
10 metre wind speed dust emission potential;aerdep10si;kg s2 m-5;215091;"GRIB2 GRIB1";
10 metre wind gustiness dust emission potential;aerdep10fg;kg s2 m-5;215092;"GRIB2 GRIB1";
Total aerosol optical thickness at 532 nm;aot532;dimensionless;215093;"GRIB2 GRIB1";
Natural (sea-salt and dust) aerosol optical thickness at 532 nm;naot532;dimensionless;215094;"GRIB2 GRIB1";
Anthropogenic (black carbon, organic matter, sulphate) aerosol optical thickness at 532 nm;aaot532;dimensionless;215095;"GRIB2 GRIB1";
Total absorption aerosol optical depth at 340 nm;aodabs340;~;215096;"GRIB2 GRIB1";
Total absorption aerosol optical depth at 355 nm;aodabs355;~;215097;"GRIB2 GRIB1";
Total absorption aerosol optical depth at 380 nm;aodabs380;~;215098;"GRIB2 GRIB1";
Total absorption aerosol optical depth at 400 nm;aodabs400;~;215099;"GRIB2 GRIB1";
Total absorption aerosol optical depth at 440 nm;aodabs440;~;215100;"GRIB2 GRIB1";
Total absorption aerosol optical depth at 469 nm;aodabs469;~;215101;"GRIB2 GRIB1";
Total absorption aerosol optical depth at 500 nm;aodabs500;~;215102;"GRIB2 GRIB1";
Total absorption aerosol optical depth at 532 nm;aodabs532;~;215103;"GRIB2 GRIB1";
Total absorption aerosol optical depth at 550 nm;aodabs550;~;215104;"GRIB2 GRIB1";
Total absorption aerosol optical depth at 645 nm;aodabs645;~;215105;"GRIB2 GRIB1";
Total absorption aerosol optical depth at 670 nm;aodabs670;~;215106;"GRIB2 GRIB1";
Total absorption aerosol optical depth at 800 nm;aodabs800;~;215107;"GRIB2 GRIB1";
Total absorption aerosol optical depth at 858 nm;aodabs858;~;215108;"GRIB2 GRIB1";
Total absorption aerosol optical depth at 865 nm;aodabs865;~;215109;"GRIB2 GRIB1";
Total absorption aerosol optical depth at 1020 nm;aodabs1020;~;215110;"GRIB2 GRIB1";
Total absorption aerosol optical depth at 1064 nm;aodabs1064;~;215111;"GRIB2 GRIB1";
Total absorption aerosol optical depth at 1240 nm;aodabs1240;~;215112;"GRIB2 GRIB1";
Total absorption aerosol optical depth at 1640 nm;aodabs1640;~;215113;"GRIB2 GRIB1";
Total fine mode (r < 0.5 um) aerosol optical depth at 340 nm;aodfm340;~;215114;"GRIB2 GRIB1";
Total fine mode (r < 0.5 um) aerosol optical depth at 355 nm;aodfm355;~;215115;"GRIB2 GRIB1";
Total fine mode (r < 0.5 um) aerosol optical depth at 380 nm;aodfm380;~;215116;"GRIB2 GRIB1";
Total fine mode (r < 0.5 um) aerosol optical depth at 400 nm;aodfm400;~;215117;"GRIB2 GRIB1";
Total fine mode (r < 0.5 um) aerosol optical depth at 440 nm;aodfm440;~;215118;"GRIB2 GRIB1";
Total fine mode (r < 0.5 um) aerosol optical depth at 469 nm;aodfm469;~;215119;"GRIB2 GRIB1";
Total fine mode (r < 0.5 um) aerosol optical depth at 500 nm;aodfm500;~;215120;"GRIB2 GRIB1";
Total fine mode (r < 0.5 um) aerosol optical depth at 532 nm;aodfm532;~;215121;"GRIB2 GRIB1";
Total fine mode (r < 0.5 um) aerosol optical depth at 550 nm;aodfm550;~;215122;"GRIB2 GRIB1";
Total fine mode (r < 0.5 um) aerosol optical depth at 645 nm;aodfm645;~;215123;"GRIB2 GRIB1";
Total fine mode (r < 0.5 um) aerosol optical depth at 670 nm;aodfm670;~;215124;"GRIB2 GRIB1";
Total fine mode (r < 0.5 um) aerosol optical depth at 800 nm;aodfm800;~;215125;"GRIB2 GRIB1";
Total fine mode (r < 0.5 um) aerosol optical depth at 858 nm;aodfm858;~;215126;"GRIB2 GRIB1";
Total fine mode (r < 0.5 um) aerosol optical depth at 865 nm;aodfm865;~;215127;"GRIB2 GRIB1";
Total fine mode (r < 0.5 um) aerosol optical depth at 1020 nm;aodfm1020;~;215128;"GRIB2 GRIB1";
Total fine mode (r < 0.5 um) aerosol optical depth at 1064 nm;aodfm1064;~;215129;"GRIB2 GRIB1";
Total fine mode (r < 0.5 um) aerosol optical depth at 1240 nm;aodfm1240;~;215130;"GRIB2 GRIB1";
Total fine mode (r < 0.5 um) aerosol optical depth at 1640 nm;aodfm1640;~;215131;"GRIB2 GRIB1";
Single scattering albedo at 340 nm;ssa340;(0 - 1);215132;"GRIB2 GRIB1";
Single scattering albedo at 355 nm;ssa355;(0 - 1);215133;"GRIB2 GRIB1";
Single scattering albedo at 380 nm;ssa380;(0 - 1);215134;"GRIB2 GRIB1";
Single scattering albedo at 400 nm;ssa400;(0 - 1);215135;"GRIB2 GRIB1";
Single scattering albedo at 440 nm;ssa440;(0 - 1);215136;"GRIB2 GRIB1";
Single scattering albedo at 469 nm;ssa469;(0 - 1);215137;"GRIB2 GRIB1";
Single scattering albedo at 500 nm;ssa500;(0 - 1);215138;"GRIB2 GRIB1";
Single scattering albedo at 532 nm;ssa532;(0 - 1);215139;"GRIB2 GRIB1";
Single scattering albedo at 550 nm;ssa550;(0 - 1);215140;"GRIB2 GRIB1";
Single scattering albedo at 645 nm;ssa645;(0 - 1);215141;"GRIB2 GRIB1";
Single scattering albedo at 670 nm;ssa670;(0 - 1);215142;"GRIB2 GRIB1";
Single scattering albedo at 800 nm;ssa800;(0 - 1);215143;"GRIB2 GRIB1";
Single scattering albedo at 858 nm;ssa858;(0 - 1);215144;"GRIB2 GRIB1";
Single scattering albedo at 865 nm;ssa865;(0 - 1);215145;"GRIB2 GRIB1";
Single scattering albedo at 1020 nm;ssa1020;(0 - 1);215146;"GRIB2 GRIB1";
Single scattering albedo at 1064 nm;ssa1064;(0 - 1);215147;"GRIB2 GRIB1";
Single scattering albedo at 1240 nm;ssa1240;(0 - 1);215148;"GRIB2 GRIB1";
Single scattering albedo at 1640 nm;ssa1640;(0 - 1);215149;"GRIB2 GRIB1";
Asymmetry factor at 340 nm;asymmetry340;~;215150;"GRIB2 GRIB1";
Asymmetry factor at 355 nm;asymmetry355;~;215151;"GRIB2 GRIB1";
Asymmetry factor at 380 nm;asymmetry380;~;215152;"GRIB2 GRIB1";
Asymmetry factor at 400 nm;asymmetry400;~;215153;"GRIB2 GRIB1";
Asymmetry factor at 440 nm;asymmetry440;~;215154;"GRIB2 GRIB1";
Asymmetry factor at 469 nm;asymmetry469;~;215155;"GRIB2 GRIB1";
Asymmetry factor at 500 nm;asymmetry500;~;215156;"GRIB2 GRIB1";
Asymmetry factor at 532 nm;asymmetry532;~;215157;"GRIB2 GRIB1";
Asymmetry factor at 550 nm;asymmetry550;~;215158;"GRIB2 GRIB1";
Asymmetry factor at 645 nm;asymmetry645;~;215159;"GRIB2 GRIB1";
Asymmetry factor at 670 nm;asymmetry670;~;215160;"GRIB2 GRIB1";
Asymmetry factor at 800 nm;asymmetry800;~;215161;"GRIB2 GRIB1";
Asymmetry factor at 858 nm;asymmetry858;~;215162;"GRIB2 GRIB1";
Asymmetry factor at 865 nm;asymmetry865;~;215163;"GRIB2 GRIB1";
Asymmetry factor at 1020 nm;asymmetry1020;~;215164;"GRIB2 GRIB1";
Asymmetry factor at 1064 nm;asymmetry1064;~;215165;"GRIB2 GRIB1";
Asymmetry factor at 1240 nm;asymmetry1240;~;215166;"GRIB2 GRIB1";
Asymmetry factor at 1640 nm;asymmetry1640;~;215167;"GRIB2 GRIB1";
Source/gain of sulphur dioxide;aersrcso2;kg m-2 s-1;215168;"GRIB2 GRIB1";
Dry deposition of sulphur dioxide;aerddpso2;kg m-2 s-1;215169;"GRIB2 GRIB1";
Sedimentation of sulphur dioxide;aersdmso2;kg m-2 s-1;215170;"GRIB2 GRIB1";
Wet deposition of sulphur dioxide by large-scale precipitation;aerwdlsso2;kg m-2 s-1;215171;"GRIB2 GRIB1";
Wet deposition of sulphur dioxide by convective precipitation;aerwdccso2;kg m-2 s-1;215172;"GRIB2 GRIB1";
Negative fixer of sulphur dioxide;aerngtso2;kg m-2 s-1;215173;"GRIB2 GRIB1";
Vertically integrated mass of sulphur dioxide;aermssso2;kg m-2;215174;"GRIB2 GRIB1";
Sulphur dioxide optical depth;aerodso2;~;215175;"GRIB2 GRIB1";
Total absorption aerosol optical depth at 2130 nm;aodabs2130;~;215176;"GRIB2 GRIB1";
Total fine mode (r < 0.5 um) aerosol optical depth at 2130 nm;aodfm2130;~;215177;"GRIB2 GRIB1";
Single scattering albedo at 2130 nm;ssa2130;(0 - 1);215178;"GRIB2 GRIB1";
Asymmetry factor at 2130 nm;asymmetry2130;~;215179;"GRIB2 GRIB1";
Aerosol extinction coefficient at 355 nm;aerext355;m-1;215180;"GRIB2 GRIB1";
Aerosol extinction coefficient at 532 nm;aerext532;m-1;215181;"GRIB2 GRIB1";
Aerosol extinction coefficient at 1064 nm;aerext1064;m-1;215182;"GRIB2 GRIB1";
Aerosol backscatter coefficient at 355 nm (from top of atmosphere);aerbackscattoa355;m-1 sr-1;215183;"GRIB2 GRIB1";
Aerosol backscatter coefficient at 532 nm (from top of atmosphere);aerbackscattoa532;m-1 sr-1;215184;"GRIB2 GRIB1";
Aerosol backscatter coefficient at 1064 nm (from top of atmosphere);aerbackscattoa1064;m-1 sr-1;215185;"GRIB2 GRIB1";
Aerosol backscatter coefficient at 355 nm (from ground);aerbackscatgnd355;m-1 sr-1;215186;"GRIB2 GRIB1";
Aerosol backscatter coefficient at 532 nm (from ground);aerbackscatgnd532;m-1 sr-1;215187;"GRIB2 GRIB1";
Aerosol backscatter coefficient at 1064 nm (from ground);aerbackscatgnd1064;m-1 sr-1;215188;"GRIB2 GRIB1";
Source/gain of fine-mode nitrate aerosol;aersrcnif;kg m-2 s-1;215189;"GRIB2 GRIB1";
Source/gain of coarse-mode nitrate aerosol;aersrcnic;kg m-2 s-1;215190;"GRIB2 GRIB1";
Dry deposition of fine-mode nitrate aerosol;aerddpnif;kg m-2 s-1;215191;"GRIB2 GRIB1";
Dry deposition of coarse-mode nitrate aerosol;aerddpnic;kg m-2 s-1;215192;"GRIB2 GRIB1";
Sedimentation of fine-mode nitrate aerosol;aersdmnif;kg m-2 s-1;215193;"GRIB2 GRIB1";
Sedimentation of coarse-mode nitrate aerosol;aersdmnic;kg m-2 s-1;215194;"GRIB2 GRIB1";
Wet deposition of fine-mode nitrate aerosol by large-scale precipitation;aerwdlnif;kg m-2 s-1;215195;"GRIB2 GRIB1";
Wet deposition of coarse-mode nitrate aerosol by large-scale precipitation;aerwdlnic;kg m-2 s-1;215196;"GRIB2 GRIB1";
Wet deposition of fine-mode nitrate aerosol by convective precipitation;aerwdcnif;kg m-2 s-1;215197;"GRIB2 GRIB1";
Wet deposition of coarse-mode nitrate aerosol by convective precipitation;aerwdcnic;kg m-2 s-1;215198;"GRIB2 GRIB1";
Negative fixer of fine-mode nitrate aerosol;aerngtnif;kg m-2 s-1;215199;"GRIB2 GRIB1";
Negative fixer of coarse-mode nitrate aerosol;aerngtnic;kg m-2 s-1;215200;"GRIB2 GRIB1";
Vertically integrated mass of fine-mode nitrate aerosol;aermssnif;kg m-2;215201;"GRIB2 GRIB1";
Vertically integrated mass of coarse-mode nitrate aerosol;aermssnic;kg m-2;215202;"GRIB2 GRIB1";
Fine-mode nitrate aerosol optical depth at 550 nm;aerodnif;dimensionless;215203;"GRIB2 GRIB1";
Coarse-mode nitrate aerosol optical depth at 550 nm;aerodnic;dimensionless;215204;"GRIB2 GRIB1";
Source/gain of ammonium aerosol;aersrcam;kg m-2 s-1;215205;"GRIB2 GRIB1";
Dry deposition of ammonium aerosol;aerddpam;kg m-2 s-1;215206;"GRIB2 GRIB1";
Sedimentation of ammonium aerosol;aersdmam;kg m-2 s-1;215207;"GRIB2 GRIB1";
Wet deposition of ammonium aerosol by large-scale precipitation;aerwdlam;kg m-2 s-1;215208;"GRIB2 GRIB1";
Wet deposition of ammonium aerosol by convective precipitation;aerwdcam;kg m-2 s-1;215209;"GRIB2 GRIB1";
Negative fixer of ammonium aerosol;aerngtam;kg m-2 s-1;215210;"GRIB2 GRIB1";
Vertically integrated mass of ammonium aerosol;aermssam;kg m-2;215211;"GRIB2 GRIB1";
Source/gain of biogenic secondary organic aerosol;aersrcsoab;kg m-2 s-1;215212;GRIB2;
Dry deposition of biogenic secondary organic aerosol;aerddpsoab;kg m-2 s-1;215213;GRIB2;
Sedimentation of biogenic secondary organic aerosol;aersdmsoab;kg m-2 s-1;215214;GRIB2;
Wet deposition of biogenic secondary organic aerosol by large-scale precipitation;aerwdlsoab;kg m-2 s-1;215215;GRIB2;
Wet deposition of biogenic secondary organic aerosol by convective precipitation;aerwdcsoab;kg m-2 s-1;215216;GRIB2;
Negative fixer of biogenic secondary organic aerosol;aerngtsoab;kg m-2 s-1;215217;GRIB2;
Vertically integrated mass of biogenic secondary organic aerosol;aermsssoab;kg m-2;215218;GRIB2;
Source/gain of anthropogenic secondary organic aerosol;aersrcsoaa;kg m-2 s-1;215219;GRIB2;
Dry deposition of anthropogenic secondary organic aerosol;aerddpsoaa;kg m-2 s-1;215220;GRIB2;
Sedimentation of anthropogenic secondary organic aerosol;aersdmsoaa;kg m-2 s-1;215221;GRIB2;
Wet deposition of anthropogenic secondary organic aerosol by large-scale precipitation;aerwdlsoaa;kg m-2 s-1;215222;GRIB2;
Wet deposition of anthropogenic secondary organic aerosol by convective precipitation;aerwdcsoaa;kg m-2 s-1;215223;GRIB2;
Negative fixer of anthropogenic secondary organic aerosol;aerngtsoaa;kg m-2 s-1;215224;GRIB2;
Vertically integrated mass of anthropogenic secondary organic aerosol;aermsssoaa;kg m-2;215225;GRIB2;
Secondary organic aerosol optical depth at 550 nm;soaod550;dimensionless;215226;GRIB2;
Experimental product;~;~;216001;"GRIB2 GRIB1";
Experimental product;~;~;216002;"GRIB2 GRIB1";
Experimental product;~;~;216003;"GRIB2 GRIB1";
Experimental product;~;~;216004;"GRIB2 GRIB1";
Experimental product;~;~;216005;"GRIB2 GRIB1";
Experimental product;~;~;216006;"GRIB2 GRIB1";
Experimental product;~;~;216007;"GRIB2 GRIB1";
Experimental product;~;~;216008;"GRIB2 GRIB1";
Experimental product;~;~;216009;"GRIB2 GRIB1";
Experimental product;~;~;216010;"GRIB2 GRIB1";
Experimental product;~;~;216011;"GRIB2 GRIB1";
Experimental product;~;~;216012;"GRIB2 GRIB1";
Experimental product;~;~;216013;"GRIB2 GRIB1";
Experimental product;~;~;216014;"GRIB2 GRIB1";
Experimental product;~;~;216015;"GRIB2 GRIB1";
Experimental product;~;~;216016;"GRIB2 GRIB1";
Experimental product;~;~;216017;"GRIB2 GRIB1";
Experimental product;~;~;216018;"GRIB2 GRIB1";
Experimental product;~;~;216019;"GRIB2 GRIB1";
Experimental product;~;~;216020;"GRIB2 GRIB1";
Experimental product;~;~;216021;"GRIB2 GRIB1";
Experimental product;~;~;216022;"GRIB2 GRIB1";
Experimental product;~;~;216023;"GRIB2 GRIB1";
Experimental product;~;~;216024;"GRIB2 GRIB1";
Experimental product;~;~;216025;"GRIB2 GRIB1";
Experimental product;~;~;216026;"GRIB2 GRIB1";
Experimental product;~;~;216027;"GRIB2 GRIB1";
Experimental product;~;~;216028;"GRIB2 GRIB1";
Experimental product;~;~;216029;"GRIB2 GRIB1";
Experimental product;~;~;216030;"GRIB2 GRIB1";
Experimental product;~;~;216031;"GRIB2 GRIB1";
Experimental product;~;~;216032;"GRIB2 GRIB1";
Experimental product;~;~;216033;"GRIB2 GRIB1";
Experimental product;~;~;216034;"GRIB2 GRIB1";
Experimental product;~;~;216035;"GRIB2 GRIB1";
Experimental product;~;~;216036;"GRIB2 GRIB1";
Experimental product;~;~;216037;"GRIB2 GRIB1";
Experimental product;~;~;216038;"GRIB2 GRIB1";
Experimental product;~;~;216039;"GRIB2 GRIB1";
Experimental product;~;~;216040;"GRIB2 GRIB1";
Experimental product;~;~;216041;"GRIB2 GRIB1";
Experimental product;~;~;216042;"GRIB2 GRIB1";
Experimental product;~;~;216043;"GRIB2 GRIB1";
Experimental product;~;~;216044;"GRIB2 GRIB1";
Experimental product;~;~;216045;"GRIB2 GRIB1";
Experimental product;~;~;216046;"GRIB2 GRIB1";
Experimental product;~;~;216047;"GRIB2 GRIB1";
Experimental product;~;~;216048;"GRIB2 GRIB1";
Experimental product;~;~;216049;"GRIB2 GRIB1";
Experimental product;~;~;216050;"GRIB2 GRIB1";
Experimental product;~;~;216051;"GRIB2 GRIB1";
Experimental product;~;~;216052;"GRIB2 GRIB1";
Experimental product;~;~;216053;"GRIB2 GRIB1";
Experimental product;~;~;216054;"GRIB2 GRIB1";
Experimental product;~;~;216055;"GRIB2 GRIB1";
Experimental product;~;~;216056;"GRIB2 GRIB1";
Experimental product;~;~;216057;"GRIB2 GRIB1";
Experimental product;~;~;216058;"GRIB2 GRIB1";
Experimental product;~;~;216059;"GRIB2 GRIB1";
Experimental product;~;~;216060;"GRIB2 GRIB1";
Experimental product;~;~;216061;"GRIB2 GRIB1";
Experimental product;~;~;216062;"GRIB2 GRIB1";
Experimental product;~;~;216063;"GRIB2 GRIB1";
Experimental product;~;~;216064;"GRIB2 GRIB1";
Experimental product;~;~;216065;"GRIB2 GRIB1";
Experimental product;~;~;216066;"GRIB2 GRIB1";
Experimental product;~;~;216067;"GRIB2 GRIB1";
Experimental product;~;~;216068;"GRIB2 GRIB1";
Experimental product;~;~;216069;"GRIB2 GRIB1";
Experimental product;~;~;216070;"GRIB2 GRIB1";
Experimental product;~;~;216071;"GRIB2 GRIB1";
Experimental product;~;~;216072;"GRIB2 GRIB1";
Experimental product;~;~;216073;"GRIB2 GRIB1";
Experimental product;~;~;216074;"GRIB2 GRIB1";
Experimental product;~;~;216075;"GRIB2 GRIB1";
Experimental product;~;~;216076;"GRIB2 GRIB1";
Experimental product;~;~;216077;"GRIB2 GRIB1";
Experimental product;~;~;216078;"GRIB2 GRIB1";
Experimental product;~;~;216079;"GRIB2 GRIB1";
Experimental product;~;~;216080;"GRIB2 GRIB1";
Experimental product;~;~;216081;"GRIB2 GRIB1";
Experimental product;~;~;216082;"GRIB2 GRIB1";
Experimental product;~;~;216083;"GRIB2 GRIB1";
Experimental product;~;~;216084;"GRIB2 GRIB1";
Experimental product;~;~;216085;"GRIB2 GRIB1";
Experimental product;~;~;216086;"GRIB2 GRIB1";
Experimental product;~;~;216087;"GRIB2 GRIB1";
Experimental product;~;~;216088;"GRIB2 GRIB1";
Experimental product;~;~;216089;"GRIB2 GRIB1";
Experimental product;~;~;216090;"GRIB2 GRIB1";
Experimental product;~;~;216091;"GRIB2 GRIB1";
Experimental product;~;~;216092;"GRIB2 GRIB1";
Experimental product;~;~;216093;"GRIB2 GRIB1";
Experimental product;~;~;216094;"GRIB2 GRIB1";
Experimental product;~;~;216095;"GRIB2 GRIB1";
Experimental product;~;~;216096;"GRIB2 GRIB1";
Experimental product;~;~;216097;"GRIB2 GRIB1";
Experimental product;~;~;216098;"GRIB2 GRIB1";
Experimental product;~;~;216099;"GRIB2 GRIB1";
Experimental product;~;~;216100;"GRIB2 GRIB1";
Experimental product;~;~;216101;"GRIB2 GRIB1";
Experimental product;~;~;216102;"GRIB2 GRIB1";
Experimental product;~;~;216103;"GRIB2 GRIB1";
Experimental product;~;~;216104;"GRIB2 GRIB1";
Experimental product;~;~;216105;"GRIB2 GRIB1";
Experimental product;~;~;216106;"GRIB2 GRIB1";
Experimental product;~;~;216107;"GRIB2 GRIB1";
Experimental product;~;~;216108;"GRIB2 GRIB1";
Experimental product;~;~;216109;"GRIB2 GRIB1";
Experimental product;~;~;216110;"GRIB2 GRIB1";
Experimental product;~;~;216111;"GRIB2 GRIB1";
Experimental product;~;~;216112;"GRIB2 GRIB1";
Experimental product;~;~;216113;"GRIB2 GRIB1";
Experimental product;~;~;216114;"GRIB2 GRIB1";
Experimental product;~;~;216115;"GRIB2 GRIB1";
Experimental product;~;~;216116;"GRIB2 GRIB1";
Experimental product;~;~;216117;"GRIB2 GRIB1";
Experimental product;~;~;216118;"GRIB2 GRIB1";
Experimental product;~;~;216119;"GRIB2 GRIB1";
Experimental product;~;~;216120;"GRIB2 GRIB1";
Experimental product;~;~;216121;"GRIB2 GRIB1";
Experimental product;~;~;216122;"GRIB2 GRIB1";
Experimental product;~;~;216123;"GRIB2 GRIB1";
Experimental product;~;~;216124;"GRIB2 GRIB1";
Experimental product;~;~;216125;"GRIB2 GRIB1";
Experimental product;~;~;216126;"GRIB2 GRIB1";
Experimental product;~;~;216127;"GRIB2 GRIB1";
Experimental product;~;~;216128;"GRIB2 GRIB1";
Experimental product;~;~;216129;"GRIB2 GRIB1";
Experimental product;~;~;216130;"GRIB2 GRIB1";
Experimental product;~;~;216131;"GRIB2 GRIB1";
Experimental product;~;~;216132;"GRIB2 GRIB1";
Experimental product;~;~;216133;"GRIB2 GRIB1";
Experimental product;~;~;216134;"GRIB2 GRIB1";
Experimental product;~;~;216135;"GRIB2 GRIB1";
Experimental product;~;~;216136;"GRIB2 GRIB1";
Experimental product;~;~;216137;"GRIB2 GRIB1";
Experimental product;~;~;216138;"GRIB2 GRIB1";
Experimental product;~;~;216139;"GRIB2 GRIB1";
Experimental product;~;~;216140;"GRIB2 GRIB1";
Experimental product;~;~;216141;"GRIB2 GRIB1";
Experimental product;~;~;216142;"GRIB2 GRIB1";
Experimental product;~;~;216143;"GRIB2 GRIB1";
Experimental product;~;~;216144;"GRIB2 GRIB1";
Experimental product;~;~;216145;"GRIB2 GRIB1";
Experimental product;~;~;216146;"GRIB2 GRIB1";
Experimental product;~;~;216147;"GRIB2 GRIB1";
Experimental product;~;~;216148;"GRIB2 GRIB1";
Experimental product;~;~;216149;"GRIB2 GRIB1";
Experimental product;~;~;216150;"GRIB2 GRIB1";
Experimental product;~;~;216151;"GRIB2 GRIB1";
Experimental product;~;~;216152;"GRIB2 GRIB1";
Experimental product;~;~;216153;"GRIB2 GRIB1";
Experimental product;~;~;216154;"GRIB2 GRIB1";
Experimental product;~;~;216155;"GRIB2 GRIB1";
Experimental product;~;~;216156;"GRIB2 GRIB1";
Experimental product;~;~;216157;"GRIB2 GRIB1";
Experimental product;~;~;216158;"GRIB2 GRIB1";
Experimental product;~;~;216159;"GRIB2 GRIB1";
Experimental product;~;~;216160;"GRIB2 GRIB1";
Experimental product;~;~;216161;"GRIB2 GRIB1";
Experimental product;~;~;216162;"GRIB2 GRIB1";
Experimental product;~;~;216163;"GRIB2 GRIB1";
Experimental product;~;~;216164;"GRIB2 GRIB1";
Experimental product;~;~;216165;"GRIB2 GRIB1";
Experimental product;~;~;216166;"GRIB2 GRIB1";
Experimental product;~;~;216167;"GRIB2 GRIB1";
Experimental product;~;~;216168;"GRIB2 GRIB1";
Experimental product;~;~;216169;"GRIB2 GRIB1";
Experimental product;~;~;216170;"GRIB2 GRIB1";
Experimental product;~;~;216171;"GRIB2 GRIB1";
Experimental product;~;~;216172;"GRIB2 GRIB1";
Experimental product;~;~;216173;"GRIB2 GRIB1";
Experimental product;~;~;216174;"GRIB2 GRIB1";
Experimental product;~;~;216175;"GRIB2 GRIB1";
Experimental product;~;~;216176;"GRIB2 GRIB1";
Experimental product;~;~;216177;"GRIB2 GRIB1";
Experimental product;~;~;216178;"GRIB2 GRIB1";
Experimental product;~;~;216179;"GRIB2 GRIB1";
Experimental product;~;~;216180;"GRIB2 GRIB1";
Experimental product;~;~;216181;"GRIB2 GRIB1";
Experimental product;~;~;216182;"GRIB2 GRIB1";
Experimental product;~;~;216183;"GRIB2 GRIB1";
Experimental product;~;~;216184;"GRIB2 GRIB1";
Experimental product;~;~;216185;"GRIB2 GRIB1";
Experimental product;~;~;216186;"GRIB2 GRIB1";
Experimental product;~;~;216187;"GRIB2 GRIB1";
Experimental product;~;~;216188;"GRIB2 GRIB1";
Experimental product;~;~;216189;"GRIB2 GRIB1";
Experimental product;~;~;216190;"GRIB2 GRIB1";
Experimental product;~;~;216191;"GRIB2 GRIB1";
Experimental product;~;~;216192;"GRIB2 GRIB1";
Experimental product;~;~;216193;"GRIB2 GRIB1";
Experimental product;~;~;216194;"GRIB2 GRIB1";
Experimental product;~;~;216195;"GRIB2 GRIB1";
Experimental product;~;~;216196;"GRIB2 GRIB1";
Experimental product;~;~;216197;"GRIB2 GRIB1";
Experimental product;~;~;216198;"GRIB2 GRIB1";
Experimental product;~;~;216199;"GRIB2 GRIB1";
Experimental product;~;~;216200;"GRIB2 GRIB1";
Experimental product;~;~;216201;"GRIB2 GRIB1";
Experimental product;~;~;216202;"GRIB2 GRIB1";
Experimental product;~;~;216203;"GRIB2 GRIB1";
Experimental product;~;~;216204;"GRIB2 GRIB1";
Experimental product;~;~;216205;"GRIB2 GRIB1";
Experimental product;~;~;216206;"GRIB2 GRIB1";
Experimental product;~;~;216207;"GRIB2 GRIB1";
Experimental product;~;~;216208;"GRIB2 GRIB1";
Experimental product;~;~;216209;"GRIB2 GRIB1";
Experimental product;~;~;216210;"GRIB2 GRIB1";
Experimental product;~;~;216211;"GRIB2 GRIB1";
Experimental product;~;~;216212;"GRIB2 GRIB1";
Experimental product;~;~;216213;"GRIB2 GRIB1";
Experimental product;~;~;216214;"GRIB2 GRIB1";
Experimental product;~;~;216215;"GRIB2 GRIB1";
Experimental product;~;~;216216;"GRIB2 GRIB1";
Experimental product;~;~;216217;"GRIB2 GRIB1";
Experimental product;~;~;216218;"GRIB2 GRIB1";
Experimental product;~;~;216219;"GRIB2 GRIB1";
Experimental product;~;~;216220;"GRIB2 GRIB1";
Experimental product;~;~;216221;"GRIB2 GRIB1";
Experimental product;~;~;216222;"GRIB2 GRIB1";
Experimental product;~;~;216223;"GRIB2 GRIB1";
Experimental product;~;~;216224;"GRIB2 GRIB1";
Experimental product;~;~;216225;"GRIB2 GRIB1";
Experimental product;~;~;216226;"GRIB2 GRIB1";
Experimental product;~;~;216227;"GRIB2 GRIB1";
Experimental product;~;~;216228;"GRIB2 GRIB1";
Experimental product;~;~;216229;"GRIB2 GRIB1";
Experimental product;~;~;216230;"GRIB2 GRIB1";
Experimental product;~;~;216231;"GRIB2 GRIB1";
Experimental product;~;~;216232;"GRIB2 GRIB1";
Experimental product;~;~;216233;"GRIB2 GRIB1";
Experimental product;~;~;216234;"GRIB2 GRIB1";
Experimental product;~;~;216235;"GRIB2 GRIB1";
Experimental product;~;~;216236;"GRIB2 GRIB1";
Experimental product;~;~;216237;"GRIB2 GRIB1";
Experimental product;~;~;216238;"GRIB2 GRIB1";
Experimental product;~;~;216239;"GRIB2 GRIB1";
Experimental product;~;~;216240;"GRIB2 GRIB1";
Experimental product;~;~;216241;"GRIB2 GRIB1";
Experimental product;~;~;216242;"GRIB2 GRIB1";
Experimental product;~;~;216243;"GRIB2 GRIB1";
Experimental product;~;~;216244;"GRIB2 GRIB1";
Experimental product;~;~;216245;"GRIB2 GRIB1";
Experimental product;~;~;216246;"GRIB2 GRIB1";
Experimental product;~;~;216247;"GRIB2 GRIB1";
Experimental product;~;~;216248;"GRIB2 GRIB1";
Experimental product;~;~;216249;"GRIB2 GRIB1";
Experimental product;~;~;216250;"GRIB2 GRIB1";
Experimental product;~;~;216251;"GRIB2 GRIB1";
Experimental product;~;~;216252;"GRIB2 GRIB1";
Experimental product;~;~;216253;"GRIB2 GRIB1";
Experimental product;~;~;216254;"GRIB2 GRIB1";
Experimental product;~;~;216255;"GRIB2 GRIB1";
Hydrogen peroxide;h2o2;kg kg-1;217003;"GRIB2 GRIB1 NetCDF";
Methane (chemistry);ch4_c;kg kg-1;217004;"GRIB2 GRIB1 NetCDF";
Nitric acid;hno3;kg kg-1;217006;"GRIB2 GRIB1 NetCDF";
Methyl peroxide;ch3ooh;kg kg-1;217007;"GRIB2 GRIB1";
Paraffins;par;kg kg-1;217009;"GRIB2 GRIB1";
Ethene;c2h4;kg kg-1;217010;"GRIB2 GRIB1 NetCDF";
Olefins;ole;kg kg-1;217011;"GRIB2 GRIB1";
Aldehydes;ald2;kg kg-1;217012;"GRIB2 GRIB1";
Peroxyacetyl nitrate;pan;kg kg-1;217013;"GRIB2 GRIB1 NetCDF";
Peroxides;rooh;kg kg-1;217014;"GRIB2 GRIB1";
Organic nitrates;onit;kg kg-1;217015;"GRIB2 GRIB1";
Isoprene;c5h8;kg kg-1;217016;"GRIB2 GRIB1 NetCDF";
Dimethyl sulfide;dms;kg kg-1;217018;"GRIB2 GRIB1 NetCDF";
Ammonia mass mixing ratio;nh3;kg kg-1;217019;"GRIB2 GRIB1 NetCDF";
Sulfate;so4;kg kg-1;217020;"GRIB2 GRIB1";
Ammonium;nh4;kg kg-1;217021;"GRIB2 GRIB1";
Methane sulfonic acid;msa;kg kg-1;217022;"GRIB2 GRIB1";
Methyl glyoxal;ch3cocho;kg kg-1;217023;"GRIB2 GRIB1";
Stratospheric ozone;o3s;kg kg-1;217024;"GRIB2 GRIB1";
Lead;pb;kg kg-1;217026;"GRIB2 GRIB1";
Nitrogen monoxide mass mixing ratio;no;kg kg-1;217027;"GRIB2 GRIB1 NetCDF";
Hydroperoxy radical;ho2;kg kg-1;217028;"GRIB2 GRIB1";
Methylperoxy radical;ch3o2;kg kg-1;217029;"GRIB2 GRIB1";
Hydroxyl radical;oh;kg kg-1;217030;"GRIB2 GRIB1 NetCDF";
Nitrate radical;no3;kg kg-1;217032;"GRIB2 GRIB1 NetCDF";
Dinitrogen pentoxide;n2o5;kg kg-1;217033;"GRIB2 GRIB1 NetCDF";
Pernitric acid;ho2no2;kg kg-1;217034;"GRIB2 GRIB1";
Peroxy acetyl radical;c2o3;kg kg-1;217035;"GRIB2 GRIB1";
Organic ethers;ror;kg kg-1;217036;"GRIB2 GRIB1";
PAR budget corrector;rxpar;kg kg-1;217037;"GRIB2 GRIB1";
NO to NO2 operator;xo2;kg kg-1;217038;"GRIB2 GRIB1";
NO to alkyl nitrate operator;xo2n;kg kg-1;217039;"GRIB2 GRIB1";
Amine;nh2;kg kg-1;217040;"GRIB2 GRIB1";
Polar stratospheric cloud;psc;kg kg-1;217041;"GRIB2 GRIB1";
Methanol;ch3oh;kg kg-1;217042;"GRIB2 GRIB1 NetCDF";
Formic acid;hcooh;kg kg-1;217043;"GRIB2 GRIB1 NetCDF";
Methacrylic acid;mcooh;kg kg-1;217044;"GRIB2 GRIB1";
Ethane;c2h6;kg kg-1;217045;"GRIB2 GRIB1 NetCDF";
Ethanol;c2h5oh;kg kg-1;217046;"GRIB2 GRIB1 NetCDF";
Propane;c3h8;kg kg-1;217047;"GRIB2 GRIB1 NetCDF";
Propene;c3h6;kg kg-1;217048;"GRIB2 GRIB1 NetCDF";
Terpenes;c10h16;kg kg-1;217049;"GRIB2 GRIB1 NetCDF";
Methacrolein MVK;ispd;kg kg-1;217050;"GRIB2 GRIB1";
Nitrate;no3_a;kg kg-1;217051;"GRIB2 GRIB1";
Acetone;ch3coch3;kg kg-1;217052;"GRIB2 GRIB1";
Acetone product;aco2;kg kg-1;217053;"GRIB2 GRIB1";
IC3H7O2;ic3h7o2;kg kg-1;217054;"GRIB2 GRIB1";
HYPROPO2;hypropo2;kg kg-1;217055;"GRIB2 GRIB1";
Nitrogen oxides Transp;noxa;kg kg-1;217056;"GRIB2 GRIB1";
Carbon dioxide (chemistry);co2_c;kg kg-1;217057;GRIB2;
Nitrous oxide (chemistry);n2o_c;kg kg-1;217058;GRIB2;
Water vapour (chemistry);h2o;kg kg-1;217059;GRIB2;
Oxygen;o2;kg kg-1;217060;GRIB2;
Singlet oxygen;o2_1s;kg kg-1;217061;GRIB2;
Singlet delta oxygen;o2_1d;kg kg-1;217062;GRIB2;
Chlorine dioxide;oclo;kg kg-1;217063;"GRIB2 NetCDF";
Chlorine nitrate;clono2;kg kg-1;217064;"GRIB2 NetCDF";
Hypochlorous acid;hocl;kg kg-1;217065;"GRIB2 NetCDF";
Chlorine;cl2;kg kg-1;217066;GRIB2;
Nitryl chloride;clno2;kg kg-1;217067;GRIB2;
Hydrogen bromide;hbr;kg kg-1;217068;"GRIB2 NetCDF";
Dichlorine dioxide;cl2o2;kg kg-1;217069;GRIB2;
Hypobromous acid;hobr;kg kg-1;217070;"GRIB2 NetCDF";
Trichlorofluoromethane;cfc11;kg kg-1;217071;GRIB2;
Dichlorodifluoromethane;cfc12;kg kg-1;217072;GRIB2;
Trichlorotrifluoroethane;cfc113;kg kg-1;217073;GRIB2;
Dichlorotetrafluoroethane;cfc114;kg kg-1;217074;GRIB2;
Chloropentafluoroethane;cfc115;kg kg-1;217075;GRIB2;
Tetrachloromethane;ccl4;kg kg-1;217076;GRIB2;
Methyl chloroform;ch3ccl3;kg kg-1;217077;GRIB2;
Methyl chloride;ch3cl;kg kg-1;217078;"GRIB2 NetCDF";
Chlorodifluoromethane;hcfc22;kg kg-1;217079;GRIB2;
Methyl bromide;ch3br;kg kg-1;217080;"GRIB2 NetCDF";
Dibromodifluoromethane;ha1202;kg kg-1;217081;GRIB2;
Bromochlorodifluoromethane;ha1211;kg kg-1;217082;GRIB2;
Trifluorobromomethane;ha1301;kg kg-1;217083;GRIB2;
Cbrf2cbrf2;ha2402;kg kg-1;217084;GRIB2;
Sulfuric acid;h2so4;kg kg-1;217085;"GRIB2 NetCDF";
Nitrous acid;hono;kg kg-1;217086;"GRIB2 NetCDF";
Alkanes low oh rate;hc3;kg kg-1;217087;GRIB2;
Alkanes med oh rate;hc5;kg kg-1;217088;GRIB2;
Alkanes high oh rate;hc8;kg kg-1;217089;GRIB2;
Terminal alkenes;olt;kg kg-1;217090;GRIB2;
Internal alkenes;oli;kg kg-1;217091;GRIB2;
Ethylperoxy radical;c2h5o2;kg kg-1;217092;GRIB2;
Butadiene;dien;kg kg-1;217093;GRIB2;
Ethyl hydroperoxide;c2h5ooh;kg kg-1;217094;GRIB2;
A-pinene cyclic terpenes;api;kg kg-1;217095;GRIB2;
Acetic acid;ch3cooh;kg kg-1;217096;"GRIB2 NetCDF";
D-limonene cyclic diene;lim;kg kg-1;217097;GRIB2;
Acetaldehyde;ch3cho;kg kg-1;217098;GRIB2;
Toluene and less reactive aromatics;tol;kg kg-1;217099;GRIB2;
Xylene and more reactive aromatics;xyl;kg kg-1;217100;GRIB2;
Glycolaldehyde;glyald;kg kg-1;217101;GRIB2;
Cresol;cresol;kg kg-1;217102;GRIB2;
Acetaldehyde and higher;ald;kg kg-1;217103;GRIB2;
Peracetic acid;ch3coooh;kg kg-1;217104;GRIB2;
Ketones;ket;kg kg-1;217105;GRIB2;
Hoch2ch2o2;eo2;kg kg-1;217106;GRIB2;
Glyoxal;glyoxal;kg kg-1;217107;GRIB2;
Hoch2ch2o;eo;kg kg-1;217108;GRIB2;
Unsaturated dicarbonyls;dcb;kg kg-1;217109;GRIB2;
Methacrolein;macr;kg kg-1;217110;GRIB2;
Unsaturated hydroxy dicarbonyl;udd;kg kg-1;217111;GRIB2;
Isopropyldioxidanyl;c3h7o2;kg kg-1;217112;GRIB2;
Hydroxy ketone;hket;kg kg-1;217113;GRIB2;
Isopropyl hydroperoxide;c3h7ooh;kg kg-1;217114;GRIB2;
C3h6oho2;po2;kg kg-1;217115;GRIB2;
C3h6ohooh;pooh;kg kg-1;217116;GRIB2;
Higher organic peroxides;op2;kg kg-1;217117;GRIB2;
Hydroxyacetone;hyac;kg kg-1;217118;GRIB2;
Peroxyacetic acid;paa;kg kg-1;217119;GRIB2;
Ch3coch2o2;ro2;kg kg-1;217120;GRIB2;
Peroxy radical from c2h6;ethp;kg kg-1;217121;GRIB2;
Peroxy radical from hc3;hc3p;kg kg-1;217122;GRIB2;
Peroxy radical from hc5;hc5p;kg kg-1;217123;GRIB2;
Lumped alkenes;bigene;kg kg-1;217124;GRIB2;
Peroxy radical from hc8;hc8p;kg kg-1;217125;GRIB2;
Lumped alkanes;bigalk;kg kg-1;217126;GRIB2;
Peroxy radical from c2h4;etep;kg kg-1;217127;GRIB2;
C4h8o;mek;kg kg-1;217128;GRIB2;
Peroxy radical from terminal alkenes;oltp;kg kg-1;217129;GRIB2;
C4h9o3;eneo2;kg kg-1;217130;GRIB2;
Peroxy radical from internal alkenes;olip;kg kg-1;217131;GRIB2;
Ch3coch(oo)ch3;meko2;kg kg-1;217132;GRIB2;
Peroxy radical from c5h8;isopo2;kg kg-1;217133;GRIB2;
Ch3coch(ooh)ch3;mekooh;kg kg-1;217134;GRIB2;
Peroxy radical from a-pinene cyclic terpenes;apip;kg kg-1;217135;GRIB2;
Ch2=c(ch3)co3;mco3;kg kg-1;217136;GRIB2;
Peroxy radical from d-limonene cyclic diene;limp;kg kg-1;217137;GRIB2;
Methylvinylketone;mvk;kg kg-1;217138;GRIB2;
Phenoxy radical;pho;kg kg-1;217139;GRIB2;
Peroxy radical from toluene and less reactive aromatics;tolp;kg kg-1;217140;GRIB2;
Ch3c(o)ch(oo)ch2oh;macro2;kg kg-1;217141;GRIB2;
Peroxy radical from xylene and more reactive aromatics;xylp;kg kg-1;217142;GRIB2;
H3c(o)ch(ooh)ch2oh;macrooh;kg kg-1;217143;GRIB2;
Peroxy radical from cresol;cslp;kg kg-1;217144;GRIB2;
Unsaturated pans;mpan;kg kg-1;217145;GRIB2;
Unsaturated acyl peroxy radical;tco3_c;kg kg-1;217146;GRIB2;
Peroxy radical from ketones;ketp;kg kg-1;217147;GRIB2;
C5h11o2;alko2;kg kg-1;217148;GRIB2;
No3-alkenes adduct reacting to form carbonitrates;olnn;kg kg-1;217149;GRIB2;
C5h11ooh;alkooh;kg kg-1;217150;GRIB2;
No3-alkenes adduct reacting via decomposition;olnd;kg kg-1;217151;GRIB2;
Hoch2c(ch3)=chcho;bigald;kg kg-1;217152;GRIB2;
C5h6o2;hydrald;kg kg-1;217153;GRIB2;
Trop sulfuric acid;sulf;kg kg-1;217154;GRIB2;
Oxides;ox;kg kg-1;217155;GRIB2;
Ch2chc(ch3)(oo)ch2ono2;isopno3;kg kg-1;217156;GRIB2;
C3 organic nitrate;onitr;kg kg-1;217157;GRIB2;
Chlorine oxides;clox;kg kg-1;217158;GRIB2;
Bromine oxides;brox;kg kg-1;217159;GRIB2;
Hoch2c(ooh)(ch3)chchoh;xooh;kg kg-1;217160;GRIB2;
Hoch2c(ooh)(ch3)ch=ch2;isopooh;kg kg-1;217161;GRIB2;
Lumped aromatics;toluene;kg kg-1;217162;GRIB2;
Dimethyl sulfoxyde;dmso;kg kg-1;217163;GRIB2;
C7h9o5;tolo2;kg kg-1;217164;GRIB2;
C7h10o5;tolooh;kg kg-1;217165;GRIB2;
Hydrogensulfide;h2s;kg kg-1;217166;GRIB2;
C7h10o6;xoh;kg kg-1;217167;GRIB2;
All nitrogen oxides;noy;kg kg-1;217168;GRIB2;
Chlorine family;cly;kg kg-1;217169;GRIB2;
C10h16(oh)(oo);terpo2;kg kg-1;217170;GRIB2;
Bromine family;bry;kg kg-1;217171;GRIB2;
C10h18o3;terpooh;kg kg-1;217172;GRIB2;
Nitrogen atom;n;kg kg-1;217173;GRIB2;
Chlorine monoxide;clo;kg kg-1;217174;"GRIB2 NetCDF";
Chlorine atom;cl_c;kg kg-1;217175;GRIB2;
Bromine monoxide;bro;kg kg-1;217176;"GRIB2 NetCDF";
Hydrogen atom;h_c;kg kg-1;217177;GRIB2;
Methyl group;ch3;kg kg-1;217178;GRIB2;
Aromatic-ho from toluene and less reactive aromatics;addt;kg kg-1;217179;GRIB2;
Aromatic-ho from xylene and more reactive aromatics;addx;kg kg-1;217180;GRIB2;
Ammonium nitrate;nh4no3;kg kg-1;217181;GRIB2;
Aromatic-ho from csl;addc;kg kg-1;217182;GRIB2;
Secondary organic aerosol type 1;soa1;kg kg-1;217183;GRIB2;
Secondary organic aerosol type 2a;soa2a;kg kg-1;217184;GRIB2;
Secondary organic aerosol type 2b;soa2b;kg kg-1;217185;GRIB2;
Condensable gas type 1;sog1;kg kg-1;217186;GRIB2;
Condensable gas type 2a;sog2a;kg kg-1;217187;GRIB2;
Condensable gas type 2b;sog2b;kg kg-1;217188;GRIB2;
Sulfur trioxide;so3;kg kg-1;217189;GRIB2;
Carbonyl sulfide;ocs_c;kg kg-1;217190;GRIB2;
Bromine atom;br;kg kg-1;217191;GRIB2;
Bromine;br2;kg kg-1;217192;GRIB2;
Bromine monochloride;brcl;kg kg-1;217193;GRIB2;
Bromine nitrate;brono2;kg kg-1;217194;"GRIB2 NetCDF";
Dibromomethane;ch2br2;kg kg-1;217195;GRIB2;
Methoxy radical;ch3o;kg kg-1;217196;GRIB2;
Tribromomethane;chbr3;kg kg-1;217197;GRIB2;
Asymmetric chlorine dioxide radical;cloo;kg kg-1;217198;GRIB2;
Hydrogen;h2;kg kg-1;217199;GRIB2;
Hydrogen chloride;hcl;kg kg-1;217200;"GRIB2 NetCDF";
Formyl radical;hco;kg kg-1;217201;GRIB2;
Hydrogen fluoride;hf;kg kg-1;217202;GRIB2;
Oxygen atom;o;kg kg-1;217203;GRIB2;
Excited oxygen atom;o1d;kg kg-1;217204;GRIB2;
Ground state oxygen atom;o3p;kg kg-1;217205;GRIB2;
Stratospheric aerosol;strataer;kg kg-1;217206;GRIB2;
Aromatic peroxy radical mass mixing ratio;AROO2;kg kg-1;217222;GRIB2;
Ethyne mass mixing ratio;C2H2;kg kg-1;217223;GRIB2;
Acetonitrile mass mixing ratio;CH3CN;kg kg-1;217224;GRIB2;
Methyl peroxy nitrate mass mixing ratio;CH3O2NO2;kg kg-1;217225;GRIB2;
Hydrogen cyanide mass mixing ratio;HCN;kg kg-1;217226;GRIB2;
Hydroperoxy aldehydes type 1 mass mixing ratio;HPALD1;kg kg-1;217227;GRIB2;
Hydroperoxy aldehydes type 2 mass mixing ratio;HPALD;kg kg-1;217228;GRIB2;
Isoprene peroxy type B mass mixing ratio;ISOPBO2;kg kg-1;217229;GRIB2;
Isoprene peroxy type D mass mixing ratio;ISOPDO2;kg kg-1;217230;GRIB2;
Anthropogenic volatile organic compounds mass mixing ratio;VOCA;kg kg-1;217231;GRIB2;
Biomass burning volatile organic compounds mass mixing ratio;VOCBB;kg kg-1;217232;GRIB2;
Total column hydrogen peroxide;tc_h2o2;kg m-2;218003;"GRIB2 GRIB1 NetCDF";
Total column methane;tc_ch4;kg m-2;218004;"GRIB2 GRIB1 NetCDF";
Total column nitric acid;tc_hno3;kg m-2;218006;"GRIB2 GRIB1 NetCDF";
Total column methyl peroxide;tc_ch3ooh;kg m-2;218007;"GRIB2 GRIB1";
Total column paraffins;tc_par;kg m-2;218009;"GRIB2 GRIB1";
Total column ethene;tc_c2h4;kg m-2;218010;"GRIB2 GRIB1 NetCDF";
Total column olefins;tc_ole;kg m-2;218011;"GRIB2 GRIB1";
Total column aldehydes;tc_ald2;kg m-2;218012;"GRIB2 GRIB1";
Total column peroxyacetyl nitrate;tc_pan;kg m-2;218013;"GRIB2 GRIB1 NetCDF";
Total column peroxides;tc_rooh;kg m-2;218014;"GRIB2 GRIB1";
Total column organic nitrates;tc_onit;kg m-2;218015;"GRIB2 GRIB1";
Total column isoprene;tc_c5h8;kg m-2;218016;"GRIB2 GRIB1 NetCDF";
Total column dimethyl sulfide;tc_dms;kg m-2;218018;"GRIB2 GRIB1 NetCDF";
Total column ammonia;tc_nh3;kg m-2;218019;"GRIB2 GRIB1 NetCDF";
Total column sulfate;tc_so4;kg m-2;218020;"GRIB2 GRIB1 NetCDF";
Total column ammonium;tc_nh4;kg m-2;218021;"GRIB2 GRIB1";
Total column methane sulfonic acid;tc_msa;kg m-2;218022;"GRIB2 GRIB1";
Total column methyl glyoxal;tc_ch3cocho;kg m-2;218023;"GRIB2 GRIB1";
Total column stratospheric ozone;tc_o3s;kg m-2;218024;"GRIB2 GRIB1";
Total column lead;tc_pb;kg m-2;218026;"GRIB2 GRIB1";
Total column nitrogen monoxide;tc_no;kg m-2;218027;"GRIB2 GRIB1 NetCDF";
Total column hydroperoxy radical;tc_ho2;kg m-2;218028;"GRIB2 GRIB1";
Total column methylperoxy radical;tc_ch3o2;kg m-2;218029;"GRIB2 GRIB1";
Total column hydroxyl radical;tc_oh;kg m-2;218030;"GRIB2 GRIB1 NetCDF";
Total column nitrate radical;tc_no3;kg m-2;218032;"GRIB2 GRIB1 NetCDF";
Total column dinitrogen pentoxide;tc_n2o5;kg m-2;218033;"GRIB2 GRIB1 NetCDF";
Total column pernitric acid;tc_ho2no2;kg m-2;218034;"GRIB2 GRIB1";
Total column peroxy acetyl radical;tc_c2o3;kg m-2;218035;"GRIB2 GRIB1";
Total column organic ethers;tc_ror;kg m-2;218036;"GRIB2 GRIB1";
Total column PAR budget corrector;tc_rxpar;kg m-2;218037;"GRIB2 GRIB1";
Total column NO to NO2 operator;tc_xo2;kg m-2;218038;"GRIB2 GRIB1";
Total column NO to alkyl nitrate operator;tc_xo2n;kg m-2;218039;"GRIB2 GRIB1";
Total column amine;tc_nh2;kg m-2;218040;"GRIB2 GRIB1";
Total column polar stratospheric cloud;tc_psc;kg m-2;218041;"GRIB2 GRIB1";
Total column methanol;tc_ch3oh;kg m-2;218042;"GRIB2 GRIB1 NetCDF";
Total column formic acid;tc_hcooh;kg m-2;218043;"GRIB2 GRIB1 NetCDF";
Total column methacrylic acid;tc_mcooh;kg m-2;218044;"GRIB2 GRIB1";
Total column ethane;tc_c2h6;kg m-2;218045;"GRIB2 GRIB1 NetCDF";
Total column ethanol;tc_c2h5oh;kg m-2;218046;"GRIB2 GRIB1 NetCDF";
Total column propane;tc_c3h8;kg m-2;218047;"GRIB2 GRIB1 NetCDF";
Total column propene;tc_c3h6;kg m-2;218048;"GRIB2 GRIB1 NetCDF";
Total column terpenes;tc_c10h16;kg m-2;218049;"GRIB2 GRIB1 NetCDF";
Total column methacrolein MVK;tc_ispd;kg m-2;218050;"GRIB2 GRIB1";
Total column nitrate;tc_no3_a;kg m-2;218051;"GRIB2 GRIB1";
Total column acetone;tc_ch3coch3;kg m-2;218052;"GRIB2 GRIB1";
Total column acetone product;tc_aco2;kg m-2;218053;"GRIB2 GRIB1";
Total column IC3H7O2;tc_ic3h7o2;kg m-2;218054;"GRIB2 GRIB1";
Total column HYPROPO2;tc_hypropo2;kg m-2;218055;"GRIB2 GRIB1";
Total column nitrogen oxides Transp;tc_noxa;kg m-2;218056;"GRIB2 GRIB1";
Total column of carbon dioxide (chemistry);tc_co2_c;kg m-2;218057;GRIB2;
Total column of nitrous oxide (chemistry);tc_n2o_c;kg m-2;218058;GRIB2;
Total column of water vapour (chemistry);tc_h2o;kg m-2;218059;GRIB2;
Total column of oxygen;tc_o2;kg m-2;218060;GRIB2;
Total column of singlet oxygen;tc_o2_1s;kg m-2;218061;GRIB2;
Total column of singlet delta oxygen;tc_o2_1d;kg m-2;218062;GRIB2;
Total column of chlorine dioxide;tc_oclo;kg m-2;218063;"GRIB2 NetCDF";
Total column of chlorine nitrate;tc_clono2;kg m-2;218064;"GRIB2 NetCDF";
Total column of hypochlorous acid;tc_hocl;kg m-2;218065;"GRIB2 NetCDF";
Total column of chlorine;tc_cl2;kg m-2;218066;GRIB2;
Total column of nitryl chloride;tc_clno2;kg m-2;218067;GRIB2;
Total column of hydrogen bromide;tc_hbr;kg m-2;218068;"GRIB2 NetCDF";
Total column of dichlorine dioxide;tc_cl2o2;kg m-2;218069;GRIB2;
Total column of hypobromous acid;tc_hobr;kg m-2;218070;"GRIB2 NetCDF";
Total column of trichlorofluoromethane;tc_cfc11;kg m-2;218071;GRIB2;
Total column of dichlorodifluoromethane;tc_cfc12;kg m-2;218072;GRIB2;
Total column of trichlorotrifluoroethane;tc_cfc113;kg m-2;218073;GRIB2;
Total column of dichlorotetrafluoroethane;tc_cfc114;kg m-2;218074;GRIB2;
Total column of chloropentafluoroethane;tc_cfc115;kg m-2;218075;GRIB2;
Total column of tetrachloromethane;tc_ccl4;kg m-2;218076;GRIB2;
Total column of methyl chloroform;tc_ch3ccl3;kg m-2;218077;GRIB2;
Total column of methyl chloride;tc_ch3cl;kg m-2;218078;"GRIB2 NetCDF";
Total column of chlorodifluoromethane;tc_hcfc22;kg m-2;218079;GRIB2;
Total column of methyl bromide;tc_ch3br;kg m-2;218080;"GRIB2 NetCDF";
Total column of dibromodifluoromethane;tc_ha1202;kg m-2;218081;GRIB2;
Total column of bromochlorodifluoromethane;tc_ha1211;kg m-2;218082;GRIB2;
Total column of trifluorobromomethane;tc_ha1301;kg m-2;218083;GRIB2;
Total column of cbrf2cbrf2;tc_ha2402;kg m-2;218084;GRIB2;
Total column of sulfuric acid;tc_h2so4;kg m-2;218085;GRIB2;
Total column of nitrous acid;tc_hono;kg m-2;218086;"GRIB2 NetCDF";
Total column of alkanes low oh rate;tc_hc3;kg m-2;218087;GRIB2;
Total column of alkanes med oh rate;tc_hc5;kg m-2;218088;GRIB2;
Total column of alkanes high oh rate;tc_hc8;kg m-2;218089;GRIB2;
Total column of terminal alkenes;tc_olt;kg m-2;218090;GRIB2;
Total column of internal alkenes;tc_oli;kg m-2;218091;GRIB2;
Total column of ethylperoxy radical;tc_c2h5o2;kg m-2;218092;GRIB2;
Total column of butadiene;tc_dien;kg m-2;218093;GRIB2;
Total column of ethyl hydroperoxide;tc_c2h5ooh;kg m-2;218094;GRIB2;
Total column of a-pinene cyclic terpenes;tc_api;kg m-2;218095;GRIB2;
Total column of acetic acid;tc_ch3cooh;kg m-2;218096;"GRIB2 NetCDF";
Total column of d-limonene cyclic diene;tc_lim;kg m-2;218097;GRIB2;
Total column of acetaldehyde;tc_ch3cho;kg m-2;218098;GRIB2;
Total column of toluene and less reactive aromatics;tc_tol;kg m-2;218099;GRIB2;
Total column of xylene and more reactive aromatics;tc_xyl;kg m-2;218100;GRIB2;
Total column of glycolaldehyde;tc_glyald;kg m-2;218101;GRIB2;
Total column of cresol;tc_cresol;kg m-2;218102;GRIB2;
Total column of acetaldehyde and higher;tc_ald;kg m-2;218103;GRIB2;
Total column of peracetic acid;tc_ch3coooh;kg m-2;218104;GRIB2;
Total column of ketones;tc_ket;kg m-2;218105;GRIB2;
Total column of hoch2ch2o2;tc_eo2;kg m-2;218106;GRIB2;
Total column of glyoxal;tc_glyoxal;kg m-2;218107;GRIB2;
Total column of hoch2ch2o;tc_eo;kg m-2;218108;GRIB2;
Total column of unsaturated dicarbonyls;tc_dcb;kg m-2;218109;GRIB2;
Total column of methacrolein;tc_macr;kg m-2;218110;GRIB2;
Total column of unsaturated hydroxy dicarbonyl;tc_udd;kg m-2;218111;GRIB2;
Total column of isopropyldioxidanyl;tc_c3h7o2;kg m-2;218112;GRIB2;
Total column of hydroxy ketone;tc_hket;kg m-2;218113;GRIB2;
Total column of isopropyl hydroperoxide;tc_c3h7ooh;kg m-2;218114;GRIB2;
Total column of c3h6oho2;tc_po2;kg m-2;218115;GRIB2;
Total column of c3h6ohooh;tc_pooh;kg m-2;218116;GRIB2;
Total column of higher organic peroxides;tc_op2;kg m-2;218117;GRIB2;
Total column of hydroxyacetone;tc_hyac;kg m-2;218118;GRIB2;
Total column of peroxyacetic acid;tc_paa;kg m-2;218119;GRIB2;
Total column of ch3coch2o2;tc_ro2;kg m-2;218120;GRIB2;
Total column of peroxy radical from c2h6;tc_ethp;kg m-2;218121;GRIB2;
Total column of peroxy radical from hc3;tc_hc3p;kg m-2;218122;GRIB2;
Total column of peroxy radical from hc5;tc_hc5p;kg m-2;218123;GRIB2;
Total column of lumped alkenes;tc_bigene;kg m-2;218124;GRIB2;
Total column of peroxy radical from hc8;tc_hc8p;kg m-2;218125;GRIB2;
Total column of lumped alkanes;tc_bigalk;kg m-2;218126;GRIB2;
Total column of peroxy radical from c2h4;tc_etep;kg m-2;218127;GRIB2;
Total column of c4h8o;tc_mek;kg m-2;218128;GRIB2;
Total column of peroxy radical from terminal alkenes;tc_oltp;kg m-2;218129;GRIB2;
Total column of c4h9o3;tc_eneo2;kg m-2;218130;GRIB2;
Total column of peroxy radical from internal alkenes;tc_olip;kg m-2;218131;GRIB2;
Total column of ch3coch(oo)ch3;tc_meko2;kg m-2;218132;GRIB2;
Total column of peroxy radical from c5h8;tc_isopo2;kg m-2;218133;GRIB2;
Total column of ch3coch(ooh)ch3;tc_mekooh;kg m-2;218134;GRIB2;
Total column of peroxy radical from a-pinene cyclic terpenes;tc_apip;kg m-2;218135;GRIB2;
Total column of ch2=c(ch3)co3;tc_mco3;kg m-2;218136;GRIB2;
Total column of peroxy radical from d-limonene cyclic diene;tc_limp;kg m-2;218137;GRIB2;
Total column of methylvinylketone;tc_mvk;kg m-2;218138;GRIB2;
Total column of phenoxy radical;tc_pho;kg m-2;218139;GRIB2;
Total column of peroxy radical from toluene and less reactive aromatics;tc_tolp;kg m-2;218140;GRIB2;
Total column of ch3c(o)ch(oo)ch2oh;tc_macro2;kg m-2;218141;GRIB2;
Total column of peroxy radical from xylene and more reactive aromatics;tc_xylp;kg m-2;218142;GRIB2;
Total column of h3c(o)ch(ooh)ch2oh;tc_macrooh;kg m-2;218143;GRIB2;
Total column of peroxy radical from cresol;tc_cslp;kg m-2;218144;GRIB2;
Total column of unsaturated pans;tc_mpan;kg m-2;218145;GRIB2;
Total column of unsaturated acyl peroxy radical;tc_tco3_c;kg m-2;218146;GRIB2;
Total column of peroxy radical from ketones;tc_ketp;kg m-2;218147;GRIB2;
Total column of c5h11o2;tc_alko2;kg m-2;218148;GRIB2;
Total column of no3-alkenes adduct reacting to form carbonitrates;tc_olnn;kg m-2;218149;GRIB2;
Total column of c5h11ooh;tc_alkooh;kg m-2;218150;GRIB2;
Total column of no3-alkenes adduct reacting via decomposition;tc_olnd;kg m-2;218151;GRIB2;
Total column of hoch2c(ch3)=chcho;tc_bigald;kg m-2;218152;GRIB2;
Total column of c5h6o2;tc_hydrald;kg m-2;218153;GRIB2;
Total column of trop sulfuric acid;tc_sulf;kg m-2;218154;GRIB2;
Total column of oxides;tc_ox;kg m-2;218155;GRIB2;
Total column of ch2chc(ch3)(oo)ch2ono2;tc_isopno3;kg m-2;218156;GRIB2;
Total column of c3 organic nitrate;tc_onitr;kg m-2;218157;GRIB2;
Total column of chlorine oxides;tc_clox;kg m-2;218158;GRIB2;
Total column of bromine oxides;tc_brox;kg m-2;218159;GRIB2;
Total column of hoch2c(ooh)(ch3)chchoh;tc_xooh;kg m-2;218160;GRIB2;
Total column of hoch2c(ooh)(ch3)ch=ch2;tc_isopooh;kg m-2;218161;GRIB2;
Total column of lumped aromatics;tc_toluene;kg m-2;218162;GRIB2;
Total column of dimethyl sulfoxyde;tc_dmso;kg m-2;218163;GRIB2;
Total column of c7h9o5;tc_tolo2;kg m-2;218164;GRIB2;
Total column of c7h10o5;tc_tolooh;kg m-2;218165;GRIB2;
Total column of hydrogensulfide;tc_h2s;kg m-2;218166;GRIB2;
Total column of c7h10o6;tc_xoh;kg m-2;218167;GRIB2;
Total column of all nitrogen oxides;tc_noy;kg m-2;218168;GRIB2;
Total column of chlorine family;tc_cly;kg m-2;218169;GRIB2;
Total column of c10h16(oh)(oo);tc_terpo2;kg m-2;218170;GRIB2;
Total column of bromine family;tc_bry;kg m-2;218171;GRIB2;
Total column of c10h18o3;tc_terpooh;kg m-2;218172;GRIB2;
Total column of nitrogen atom;tc_n;kg m-2;218173;GRIB2;
Total column of chlorine monoxide;tc_clo;kg m-2;218174;"GRIB2 NetCDF";
Total column of chlorine atom;tc_cl_c;kg m-2;218175;GRIB2;
Total column of bromine monoxide;tc_bro;kg m-2;218176;"GRIB2 NetCDF";
Total column of hydrogen atom;tc_h_c;kg m-2;218177;GRIB2;
Total column of methyl group;tc_ch3;kg m-2;218178;GRIB2;
Total column of aromatic-ho from toluene and less reactive aromatics;tc_addt;kg m-2;218179;GRIB2;
Total column of aromatic-ho from xylene and more reactive aromatics;tc_addx;kg m-2;218180;GRIB2;
Total column of ammonium nitrate;tc_nh4no3;kg m-2;218181;GRIB2;
Total column of aromatic-ho from csl;tc_addc;kg m-2;218182;GRIB2;
Total column of secondary organic aerosol type 1;tc_soa1;kg m-2;218183;GRIB2;
Total column of secondary organic aerosol type 2a;tc_soa2a;kg m-2;218184;GRIB2;
Total column of secondary organic aerosol type 2b;tc_soa2b;kg m-2;218185;GRIB2;
Total column of condensable gas type 1;tc_sog1;kg m-2;218186;GRIB2;
Total column of condensable gas type 2a;tc_sog2a;kg m-2;218187;GRIB2;
Total column of condensable gas type 2b;tc_sog2b;kg m-2;218188;GRIB2;
Total column of sulfur trioxide;tc_so3;kg m-2;218189;GRIB2;
Total column of carbonyl sulfide;tc_ocs_c;kg m-2;218190;GRIB2;
Total column of bromine atom;tc_br;kg m-2;218191;GRIB2;
Total column of bromine;tc_br2;kg m-2;218192;GRIB2;
Total column of bromine monochloride;tc_brcl;kg m-2;218193;GRIB2;
Total column of bromine nitrate;tc_brono2;kg m-2;218194;"GRIB2 NetCDF";
Total column of dibromomethane;tc_ch2br2;kg m-2;218195;GRIB2;
Total column of methoxy radical;tc_ch3o;kg m-2;218196;GRIB2;
Total column of tribromomethane;tc_chbr3;kg m-2;218197;GRIB2;
Total column of asymmetric chlorine dioxide radical;tc_cloo;kg m-2;218198;GRIB2;
Total column of hydrogen;tc_h2;kg m-2;218199;GRIB2;
Total column of hydrogen chloride;tc_hcl;kg m-2;218200;"GRIB2 NetCDF";
Total column of formyl radical;tc_hco;kg m-2;218201;GRIB2;
Total column of hydrogen fluoride;tc_hf;kg m-2;218202;GRIB2;
Total column of oxygen atom;tc_o;kg m-2;218203;GRIB2;
Total column of excited oxygen atom;tc_o1d;kg m-2;218204;GRIB2;
Total column of ground state oxygen atom;tc_o3p;kg m-2;218205;GRIB2;
Total column of stratospheric aerosol;tc_strataer;kg m-2;218206;GRIB2;
Column integrated mass density of Volcanic sulfur dioxide;tc_VSO2;kg m-2;218221;GRIB2;
Column integrated mass density of Aromatic peroxy radical;tc_AROO2;kg m-2;218222;GRIB2;
Column integrated mass density of Ethyne;tc_C2H2;kg m-2;218223;GRIB2;
Column integrated mass density of Acetonitrile;tc_CH3CN;kg m-2;218224;GRIB2;
Column integrated mass density of Methyl peroxy nitrate;tc_CH3O2NO2;kg m-2;218225;GRIB2;
Column integrated mass density of Hydrogen cyanide;tc_HCN;kg m-2;218226;GRIB2;
Column integrated mass density of Hydroperoxy aldehydes type 1;tc_HPALD1;kg m-2;218227;GRIB2;
Column integrated mass density of Hydroperoxy aldehydes type 2;tc_HPALD2;kg m-2;218228;GRIB2;
Column integrated mass density of Isoprene peroxy type B;tc_ISOPBO2;kg m-2;218229;GRIB2;
Column integrated mass density of Isoprene peroxy type D;tc_ISOPDO2;kg m-2;218230;GRIB2;
Column integrated mass density of Anthropogenic volatile organic compounds;tc_VOCA;kg m-2;218231;GRIB2;
Column integrated mass density of Biomass burning volatile organic compounds;tc_VOCBB;kg m-2;218232;GRIB2;
Ozone emissions;e_go3;kg m-2 s-1;219001;"GRIB2 GRIB1";
Nitrogen oxides emissions;e_nox;kg m-2 s-1;219002;"GRIB2 GRIB1";
Hydrogen peroxide emissions;e_h2o2;kg m-2 s-1;219003;"GRIB2 GRIB1";
Methane emissions;e_ch4;kg m-2 s-1;219004;"GRIB2 GRIB1";
Carbon monoxide emissions;e_co;kg m-2 s-1;219005;"GRIB2 GRIB1";
Nitric acid emissions;e_hno3;kg m-2 s-1;219006;"GRIB2 GRIB1";
Methyl peroxide emissions;e_ch3ooh;kg m-2 s-1;219007;"GRIB2 GRIB1";
Formaldehyde emissions;e_hcho;kg m-2 s-1;219008;"GRIB2 GRIB1";
Paraffins emissions;e_par;kg m-2 s-1;219009;"GRIB2 GRIB1";
Ethene emissions;e_c2h4;kg m-2 s-1;219010;"GRIB2 GRIB1";
Olefins emissions;e_ole;kg m-2 s-1;219011;"GRIB2 GRIB1";
Aldehydes emissions;e_ald2;kg m-2 s-1;219012;"GRIB2 GRIB1";
Peroxyacetyl nitrate emissions;e_pan;kg m-2 s-1;219013;"GRIB2 GRIB1";
Peroxides emissions;e_rooh;kg m-2 s-1;219014;"GRIB2 GRIB1";
Organic nitrates emissions;e_onit;kg m-2 s-1;219015;"GRIB2 GRIB1";
Isoprene emissions;e_c5h8;kg m-2 s-1;219016;"GRIB2 GRIB1";
Sulfur dioxide emissions;e_so2;kg m-2 s-1;219017;"GRIB2 GRIB1";
Dimethyl sulfide emissions;e_dms;kg m-2 s-1;219018;"GRIB2 GRIB1";
Ammonia emissions;e_nh3;kg m-2 s-1;219019;"GRIB2 GRIB1";
Sulfate emissions;e_so4;kg m-2 s-1;219020;"GRIB2 GRIB1";
Ammonium emissions;e_nh4;kg m-2 s-1;219021;"GRIB2 GRIB1";
Methane sulfonic acid emissions;e_msa;kg m-2 s-1;219022;"GRIB2 GRIB1";
Methyl glyoxal emissions;e_ch3cocho;kg m-2 s-1;219023;"GRIB2 GRIB1";
Stratospheric ozone emissions;e_o3s;kg m-2 s-1;219024;"GRIB2 GRIB1";
Radon emissions;e_ra;kg m-2 s-1;219025;"GRIB2 GRIB1";
Lead emissions;e_pb;kg m-2 s-1;219026;"GRIB2 GRIB1";
Nitrogen monoxide emissions;e_no;kg m-2 s-1;219027;"GRIB2 GRIB1";
Hydroperoxy radical emissions;e_ho2;kg m-2 s-1;219028;"GRIB2 GRIB1";
Methylperoxy radical emissions;e_ch3o2;kg m-2 s-1;219029;"GRIB2 GRIB1";
Hydroxyl radical emissions;e_oh;kg m-2 s-1;219030;"GRIB2 GRIB1";
Nitrogen dioxide emissions;e_no2;kg m-2 s-1;219031;"GRIB2 GRIB1";
Nitrate radical emissions;e_no3;kg m-2 s-1;219032;"GRIB2 GRIB1";
Dinitrogen pentoxide emissions;e_n2o5;kg m-2 s-1;219033;"GRIB2 GRIB1";
Pernitric acid emissions;e_ho2no2;kg m-2 s-1;219034;"GRIB2 GRIB1";
Peroxy acetyl radical emissions;e_c2o3;kg m-2 s-1;219035;"GRIB2 GRIB1";
Organic ethers emissions;e_ror;kg m-2 s-1;219036;"GRIB2 GRIB1";
PAR budget corrector emissions;e_rxpar;kg m-2 s-1;219037;"GRIB2 GRIB1";
NO to NO2 operator emissions;e_xo2;kg m-2 s-1;219038;"GRIB2 GRIB1";
NO to alkyl nitrate operator emissions;e_xo2n;kg m-2 s-1;219039;"GRIB2 GRIB1";
Amine emissions;e_nh2;kg m-2 s-1;219040;"GRIB2 GRIB1";
Polar stratospheric cloud emissions;e_psc;kg m-2 s-1;219041;"GRIB2 GRIB1";
Methanol emissions;e_ch3oh;kg m-2 s-1;219042;"GRIB2 GRIB1";
Formic acid emissions;e_hcooh;kg m-2 s-1;219043;"GRIB2 GRIB1";
Methacrylic acid emissions;e_mcooh;kg m-2 s-1;219044;"GRIB2 GRIB1";
Ethane emissions;e_c2h6;kg m-2 s-1;219045;"GRIB2 GRIB1";
Ethanol emissions;e_c2h5oh;kg m-2 s-1;219046;"GRIB2 GRIB1";
Propane emissions;e_c3h8;kg m-2 s-1;219047;"GRIB2 GRIB1";
Propene emissions;e_c3h6;kg m-2 s-1;219048;"GRIB2 GRIB1";
Terpenes emissions;e_c10h16;kg m-2 s-1;219049;"GRIB2 GRIB1";
Methacrolein MVK emissions;e_ispd;kg m-2 s-1;219050;"GRIB2 GRIB1";
Nitrate emissions;e_no3_a;kg m-2 s-1;219051;"GRIB2 GRIB1";
Acetone emissions;e_ch3coch3;kg m-2 s-1;219052;"GRIB2 GRIB1";
Acetone product emissions;e_aco2;kg m-2 s-1;219053;"GRIB2 GRIB1";
IC3H7O2 emissions;e_ic3h7o2;kg m-2 s-1;219054;"GRIB2 GRIB1";
HYPROPO2 emissions;e_hypropo2;kg m-2 s-1;219055;"GRIB2 GRIB1";
Nitrogen oxides Transp emissions;e_noxa;kg m-2 s-1;219056;"GRIB2 GRIB1";
Emissions of carbon dioxide (chemistry);e_co2_c;kg m-2 s-1;219057;GRIB2;
Emissions of nitrous oxide (chemistry);e_n2o_c;kg m-2 s-1;219058;GRIB2;
Emissions of water vapour (chemistry);e_h2o;kg m-2 s-1;219059;GRIB2;
Emissions of oxygen;e_o2;kg m-2 s-1;219060;GRIB2;
Emissions of singlet oxygen;e_o2_1s;kg m-2 s-1;219061;GRIB2;
Emissions of singlet delta oxygen;e_o2_1d;kg m-2 s-1;219062;GRIB2;
Emissions of chlorine dioxide;e_oclo;kg m-2 s-1;219063;GRIB2;
Emissions of chlorine nitrate;e_clono2;kg m-2 s-1;219064;GRIB2;
Emissions of hypochlorous acid;e_hocl;kg m-2 s-1;219065;GRIB2;
Emissions of chlorine;e_cl2;kg m-2 s-1;219066;GRIB2;
Emissions of nitryl chloride;e_clno2;kg m-2 s-1;219067;GRIB2;
Emissions of hydrogen bromide;e_hbr;kg m-2 s-1;219068;GRIB2;
Emissions of dichlorine dioxide;e_cl2o2;kg m-2 s-1;219069;GRIB2;
Emissions of hypobromous acid;e_hobr;kg m-2 s-1;219070;GRIB2;
Emissions of trichlorofluoromethane;e_cfc11;kg m-2 s-1;219071;GRIB2;
Emissions of dichlorodifluoromethane;e_cfc12;kg m-2 s-1;219072;GRIB2;
Emissions of trichlorotrifluoroethane;e_cfc113;kg m-2 s-1;219073;GRIB2;
Emissions of dichlorotetrafluoroethane;e_cfc114;kg m-2 s-1;219074;GRIB2;
Emissions of chloropentafluoroethane;e_cfc115;kg m-2 s-1;219075;GRIB2;
Emissions of tetrachloromethane;e_ccl4;kg m-2 s-1;219076;GRIB2;
Emissions of methyl chloroform;e_ch3ccl3;kg m-2 s-1;219077;GRIB2;
Emissions of methyl chloride;e_ch3cl;kg m-2 s-1;219078;GRIB2;
Emissions of chlorodifluoromethane;e_hcfc22;kg m-2 s-1;219079;GRIB2;
Emissions of methyl bromide;e_ch3br;kg m-2 s-1;219080;GRIB2;
Emissions of dibromodifluoromethane;e_ha1202;kg m-2 s-1;219081;GRIB2;
Emissions of bromochlorodifluoromethane;e_ha1211;kg m-2 s-1;219082;GRIB2;
Emissions of trifluorobromomethane;e_ha1301;kg m-2 s-1;219083;GRIB2;
Emissions of cbrf2cbrf2;e_ha2402;kg m-2 s-1;219084;GRIB2;
Emissions of sulfuric acid;e_h2so4;kg m-2 s-1;219085;GRIB2;
Emissions of nitrous acid;e_hono;kg m-2 s-1;219086;GRIB2;
Emissions of alkanes low oh rate;e_hc3;kg m-2 s-1;219087;GRIB2;
Emissions of alkanes med oh rate;e_hc5;kg m-2 s-1;219088;GRIB2;
Emissions of alkanes high oh rate;e_hc8;kg m-2 s-1;219089;GRIB2;
Emissions of terminal alkenes;e_olt;kg m-2 s-1;219090;GRIB2;
Emissions of internal alkenes;e_oli;kg m-2 s-1;219091;GRIB2;
Emissions of ethylperoxy radical;e_c2h5o2;kg m-2 s-1;219092;GRIB2;
Emissions of butadiene;e_dien;kg m-2 s-1;219093;GRIB2;
Emissions of ethyl hydroperoxide;e_c2h5ooh;kg m-2 s-1;219094;GRIB2;
Emissions of a-pinene cyclic terpenes;e_api;kg m-2 s-1;219095;GRIB2;
Emissions of acetic acid;e_ch3cooh;kg m-2 s-1;219096;GRIB2;
Emissions of d-limonene cyclic diene;e_lim;kg m-2 s-1;219097;GRIB2;
Emissions of acetaldehyde;e_ch3cho;kg m-2 s-1;219098;GRIB2;
Emissions of toluene and less reactive aromatics;e_tol;kg m-2 s-1;219099;GRIB2;
Emissions of xylene and more reactive aromatics;e_xyl;kg m-2 s-1;219100;GRIB2;
Emissions of glycolaldehyde;e_glyald;kg m-2 s-1;219101;GRIB2;
Emissions of cresol;e_cresol;kg m-2 s-1;219102;GRIB2;
Emissions of acetaldehyde and higher;e_ald;kg m-2 s-1;219103;GRIB2;
Emissions of peracetic acid;e_ch3coooh;kg m-2 s-1;219104;GRIB2;
Emissions of ketones;e_ket;kg m-2 s-1;219105;GRIB2;
Emissions of hoch2ch2o2;e_eo2;kg m-2 s-1;219106;GRIB2;
Emissions of glyoxal;e_glyoxal;kg m-2 s-1;219107;GRIB2;
Emissions of hoch2ch2o;e_eo;kg m-2 s-1;219108;GRIB2;
Emissions of unsaturated dicarbonyls;e_dcb;kg m-2 s-1;219109;GRIB2;
Emissions of methacrolein;e_macr;kg m-2 s-1;219110;GRIB2;
Emissions of unsaturated hydroxy dicarbonyl;e_udd;kg m-2 s-1;219111;GRIB2;
Emissions of isopropyldioxidanyl;e_c3h7o2;kg m-2 s-1;219112;GRIB2;
Emissions of hydroxy ketone;e_hket;kg m-2 s-1;219113;GRIB2;
Emissions of isopropyl hydroperoxide;e_c3h7ooh;kg m-2 s-1;219114;GRIB2;
Emissions of c3h6oho2;e_po2;kg m-2 s-1;219115;GRIB2;
Emissions of c3h6ohooh;e_pooh;kg m-2 s-1;219116;GRIB2;
Emissions of higher organic peroxides;e_op2;kg m-2 s-1;219117;GRIB2;
Emissions of hydroxyacetone;e_hyac;kg m-2 s-1;219118;GRIB2;
Emissions of peroxyacetic acid;e_paa;kg m-2 s-1;219119;GRIB2;
Emissions of ch3coch2o2;e_ro2;kg m-2 s-1;219120;GRIB2;
Emissions of peroxy radical from c2h6;e_ethp;kg m-2 s-1;219121;GRIB2;
Emissions of peroxy radical from hc3;e_hc3p;kg m-2 s-1;219122;GRIB2;
Emissions of peroxy radical from hc5;e_hc5p;kg m-2 s-1;219123;GRIB2;
Emissions of lumped alkenes;e_bigene;kg m-2 s-1;219124;GRIB2;
Emissions of peroxy radical from hc8;e_hc8p;kg m-2 s-1;219125;GRIB2;
Emissions of lumped alkanes;e_bigalk;kg m-2 s-1;219126;GRIB2;
Emissions of peroxy radical from c2h4;e_etep;kg m-2 s-1;219127;GRIB2;
Emissions of c4h8o;e_mek;kg m-2 s-1;219128;GRIB2;
Emissions of peroxy radical from terminal alkenes;e_oltp;kg m-2 s-1;219129;GRIB2;
Emissions of c4h9o3;e_eneo2;kg m-2 s-1;219130;GRIB2;
Emissions of peroxy radical from internal alkenes;e_olip;kg m-2 s-1;219131;GRIB2;
Emissions of ch3coch(oo)ch3;e_meko2;kg m-2 s-1;219132;GRIB2;
Emissions of peroxy radical from c5h8;e_isopo2;kg m-2 s-1;219133;GRIB2;
Emissions of ch3coch(ooh)ch3;e_mekooh;kg m-2 s-1;219134;GRIB2;
Emissions of peroxy radical from a-pinene cyclic terpenes;e_apip;kg m-2 s-1;219135;GRIB2;
Emissions of ch2=c(ch3)co3;e_mco3;kg m-2 s-1;219136;GRIB2;
Emissions of peroxy radical from d-limonene cyclic diene;e_limp;kg m-2 s-1;219137;GRIB2;
Emissions of methylvinylketone;e_mvk;kg m-2 s-1;219138;GRIB2;
Emissions of phenoxy radical;e_pho;kg m-2 s-1;219139;GRIB2;
Emissions of peroxy radical from toluene and less reactive aromatics;e_tolp;kg m-2 s-1;219140;GRIB2;
Emissions of ch3c(o)ch(oo)ch2oh;e_macro2;kg m-2 s-1;219141;GRIB2;
Emissions of peroxy radical from xylene and more reactive aromatics;e_xylp;kg m-2 s-1;219142;GRIB2;
Emissions of h3c(o)ch(ooh)ch2oh;e_macrooh;kg m-2 s-1;219143;GRIB2;
Emissions of peroxy radical from cresol;e_cslp;kg m-2 s-1;219144;GRIB2;
Emissions of unsaturated pans;e_mpan;kg m-2 s-1;219145;GRIB2;
Emissions of unsaturated acyl peroxy radical;e_tco3_c;kg m-2 s-1;219146;GRIB2;
Emissions of peroxy radical from ketones;e_ketp;kg m-2 s-1;219147;GRIB2;
Emissions of c5h11o2;e_alko2;kg m-2 s-1;219148;GRIB2;
Emissions of no3-alkenes adduct reacting to form carbonitrates;e_olnn;kg m-2 s-1;219149;GRIB2;
Emissions of c5h11ooh;e_alkooh;kg m-2 s-1;219150;GRIB2;
Emissions of no3-alkenes adduct reacting via decomposition;e_olnd;kg m-2 s-1;219151;GRIB2;
Emissions of hoch2c(ch3)=chcho;e_bigald;kg m-2 s-1;219152;GRIB2;
Emissions of c5h6o2;e_hydrald;kg m-2 s-1;219153;GRIB2;
Emissions of trop sulfuric acid;e_sulf;kg m-2 s-1;219154;GRIB2;
Emissions of oxides;e_ox;kg m-2 s-1;219155;GRIB2;
Emissions of ch2chc(ch3)(oo)ch2ono2;e_isopno3;kg m-2 s-1;219156;GRIB2;
Emissions of c3 organic nitrate;e_onitr;kg m-2 s-1;219157;GRIB2;
Emissions of chlorine oxides;e_clox;kg m-2 s-1;219158;GRIB2;
Emissions of bromine oxides;e_brox;kg m-2 s-1;219159;GRIB2;
Emissions of hoch2c(ooh)(ch3)chchoh;e_xooh;kg m-2 s-1;219160;GRIB2;
Emissions of hoch2c(ooh)(ch3)ch=ch2;e_isopooh;kg m-2 s-1;219161;GRIB2;
Emissions of lumped aromatics;e_toluene;kg m-2 s-1;219162;GRIB2;
Emissions of dimethyl sulfoxyde;e_dmso;kg m-2 s-1;219163;GRIB2;
Emissions of c7h9o5;e_tolo2;kg m-2 s-1;219164;GRIB2;
Emissions of c7h10o5;e_tolooh;kg m-2 s-1;219165;GRIB2;
Emissions of hydrogensulfide;e_h2s;kg m-2 s-1;219166;GRIB2;
Emissions of c7h10o6;e_xoh;kg m-2 s-1;219167;GRIB2;
Emissions of all nitrogen oxides;e_noy;kg m-2 s-1;219168;GRIB2;
Emissions of chlorine family;e_cly;kg m-2 s-1;219169;GRIB2;
Emissions of c10h16(oh)(oo);e_terpo2;kg m-2 s-1;219170;GRIB2;
Emissions of bromine family;e_bry;kg m-2 s-1;219171;GRIB2;
Emissions of c10h18o3;e_terpooh;kg m-2 s-1;219172;GRIB2;
Emissions of nitrogen atom;e_n;kg m-2 s-1;219173;GRIB2;
Emissions of chlorine monoxide;e_clo;kg m-2 s-1;219174;GRIB2;
Emissions of chlorine atom;e_cl_c;kg m-2 s-1;219175;GRIB2;
Emissions of bromine monoxide;e_bro;kg m-2 s-1;219176;GRIB2;
Emissions of hydrogen atom;e_h_c;kg m-2 s-1;219177;GRIB2;
Emissions of methyl group;e_ch3;kg m-2 s-1;219178;GRIB2;
Emissions of aromatic-ho from toluene and less reactive aromatics;e_addt;kg m-2 s-1;219179;GRIB2;
Emissions of aromatic-ho from xylene and more reactive aromatics;e_addx;kg m-2 s-1;219180;GRIB2;
Emissions of ammonium nitrate;e_nh4no3;kg m-2 s-1;219181;GRIB2;
Emissions of aromatic-ho from csl;e_addc;kg m-2 s-1;219182;GRIB2;
Emissions of secondary organic aerosol type 1;e_soa1;kg m-2 s-1;219183;GRIB2;
Emissions of secondary organic aerosol type 2a;e_soa2a;kg m-2 s-1;219184;GRIB2;
Emissions of secondary organic aerosol type 2b;e_soa2b;kg m-2 s-1;219185;GRIB2;
Emissions of condensable gas type 1;e_sog1;kg m-2 s-1;219186;GRIB2;
Emissions of condensable gas type 2a;e_sog2a;kg m-2 s-1;219187;GRIB2;
Emissions of condensable gas type 2b;e_sog2b;kg m-2 s-1;219188;GRIB2;
Emissions of sulfur trioxide;e_so3;kg m-2 s-1;219189;GRIB2;
Emissions of carbonyl sulfide;e_ocs_c;kg m-2 s-1;219190;GRIB2;
Emissions of bromine atom;e_br;kg m-2 s-1;219191;GRIB2;
Emissions of bromine;e_br2;kg m-2 s-1;219192;GRIB2;
Emissions of bromine monochloride;e_brcl;kg m-2 s-1;219193;GRIB2;
Emissions of bromine nitrate;e_brono2;kg m-2 s-1;219194;GRIB2;
Emissions of dibromomethane;e_ch2br2;kg m-2 s-1;219195;GRIB2;
Emissions of methoxy radical;e_ch3o;kg m-2 s-1;219196;GRIB2;
Emissions of tribromomethane;e_chbr3;kg m-2 s-1;219197;GRIB2;
Emissions of asymmetric chlorine dioxide radical;e_cloo;kg m-2 s-1;219198;GRIB2;
Emissions of hydrogen;e_h2;kg m-2 s-1;219199;GRIB2;
Emissions of hydrogen chloride;e_hcl;kg m-2 s-1;219200;GRIB2;
Emissions of formyl radical;e_hco;kg m-2 s-1;219201;GRIB2;
Emissions of hydrogen fluoride;e_hf;kg m-2 s-1;219202;GRIB2;
Emissions of oxygen atom;e_o;kg m-2 s-1;219203;GRIB2;
Emissions of excited oxygen atom;e_o1d;kg m-2 s-1;219204;GRIB2;
Emissions of ground state oxygen atom;e_o3p;kg m-2 s-1;219205;GRIB2;
Emissions of stratospheric aerosol;e_strataer;kg m-2 s-1;219206;GRIB2;
Wildfire flux of paraffins;parfire;kg m-2 s-1;219207;GRIB2;
Wildfire flux of olefines;olefire;kg m-2 s-1;219208;GRIB2;
Wildfire flux of aldehydes;ald2fire;kg m-2 s-1;219209;GRIB2;
Wildfire flux of ketones;ketfire;kg m-2 s-1;219210;GRIB2;
Wildfire flux of f a-pinene cyclic terpenes;apifire;kg m-2 s-1;219211;GRIB2;
Wildfire flux of toluene less reactive aromatics;tolfire;kg m-2 s-1;219212;GRIB2;
Wildfire flux of xylene more reactive aromatics;xylfire;kg m-2 s-1;219213;GRIB2;
Wildfire flux of d-limonene cyclic diene;limfire;kg m-2 s-1;219214;GRIB2;
Wildfire flux of terminal alkenes;oltfire;kg m-2 s-1;219215;GRIB2;
Wildfire flux of alkanes low oh rate;hc3fire;kg m-2 s-1;219216;GRIB2;
Wildfire flux of alkanes med oh rate;hc5fire;kg m-2 s-1;219217;GRIB2;
Wildfire flux of alkanes high oh rate;hc8fire;kg m-2 s-1;219218;GRIB2;
Wildfire flux of hydrogen cyanide;hcnfire;kg m-2 s-1;219219;GRIB2;
Wildfire flux of acetonitrile;ch3cnfire;kg m-2 s-1;219220;GRIB2;
Atmosphere emission mass flux of Volcanic sulfur dioxide;e_VSO2;kg m-2 s-1;219221;GRIB2;
Atmosphere emission mass flux of Aromatic peroxy radical;e_AROO2;kg m-2 s-1;219222;GRIB2;
Atmosphere emission mass flux of Ethyne;e_C2H2;kg m-2 s-1;219223;GRIB2;
Atmosphere emission mass flux of Acetonitrile;e_CH3CN;kg m-2 s-1;219224;GRIB2;
Atmosphere emission mass flux of Methyl peroxy nitrate;e_CH3O2NO2;kg m-2 s-1;219225;GRIB2;
Atmosphere emission mass flux of Hydrogen cyanide;e_HCN;kg m-2 s-1;219226;GRIB2;
Atmosphere emission mass flux of Hydroperoxy aldehydes type 1;e_HPALD1;kg m-2 s-1;219227;GRIB2;
Atmosphere emission mass flux of Hydroperoxy aldehydes type 2;e_HPALD2;kg m-2 s-1;219228;GRIB2;
Atmosphere emission mass flux of Isoprene peroxy type B;e_ISOPBO2;kg m-2 s-1;219229;GRIB2;
Atmosphere emission mass flux of Isoprene peroxy type D;e_ISOPDO2;kg m-2 s-1;219230;GRIB2;
Atmosphere emission mass flux of Anthropogenic volatile organic compounds;e_VOCA;kg m-2 s-1;219231;GRIB2;
Atmosphere emission mass flux of Biomass burning volatile organic compounds;e_VOCBB;kg m-2 s-1;219232;GRIB2;
Total precipitation observation count;tpoc;dimensionless;220228;"GRIB2 GRIB1";
Ozone deposition velocity;dv_go3;m s-1;221001;"GRIB2 GRIB1";
Nitrogen oxides deposition velocity;dv_nox;m s-1;221002;"GRIB2 GRIB1";
Hydrogen peroxide deposition velocity;dv_h2o2;m s-1;221003;"GRIB2 GRIB1";
Methane deposition velocity;dv_ch4;m s-1;221004;"GRIB2 GRIB1";
Carbon monoxide deposition velocity;dv_co;m s-1;221005;"GRIB2 GRIB1";
Nitric acid deposition velocity;dv_hno3;m s-1;221006;"GRIB2 GRIB1";
Methyl peroxide deposition velocity;dv_ch3ooh;m s-1;221007;"GRIB2 GRIB1";
Formaldehyde deposition velocity;dv_hcho;m s-1;221008;"GRIB2 GRIB1";
Paraffins deposition velocity;dv_par;m s-1;221009;"GRIB2 GRIB1";
Ethene deposition velocity;dv_c2h4;m s-1;221010;"GRIB2 GRIB1";
Olefins deposition velocity;dv_ole;m s-1;221011;"GRIB2 GRIB1";
Aldehydes deposition velocity;dv_ald2;m s-1;221012;"GRIB2 GRIB1";
Peroxyacetyl nitrate deposition velocity;dv_pan;m s-1;221013;"GRIB2 GRIB1";
Peroxides deposition velocity;dv_rooh;m s-1;221014;"GRIB2 GRIB1";
Organic nitrates deposition velocity;dv_onit;m s-1;221015;"GRIB2 GRIB1";
Isoprene deposition velocity;dv_c5h8;m s-1;221016;"GRIB2 GRIB1";
Sulfur dioxide deposition velocity;dv_so2;m s-1;221017;"GRIB2 GRIB1";
Dimethyl sulfide deposition velocity;dv_dms;m s-1;221018;"GRIB2 GRIB1";
Ammonia deposition velocity;dv_nh3;m s-1;221019;"GRIB2 GRIB1";
Sulfate deposition velocity;dv_so4;m s-1;221020;"GRIB2 GRIB1";
Ammonium deposition velocity;dv_nh4;m s-1;221021;"GRIB2 GRIB1";
Methane sulfonic acid deposition velocity;dv_msa;m s-1;221022;"GRIB2 GRIB1";
Methyl glyoxal deposition velocity;dv_ch3cocho;m s-1;221023;"GRIB2 GRIB1";
Stratospheric ozone deposition velocity;dv_o3s;m s-1;221024;"GRIB2 GRIB1";
Radon deposition velocity;dv_ra;m s-1;221025;"GRIB2 GRIB1";
Lead deposition velocity;dv_pb;m s-1;221026;"GRIB2 GRIB1";
Nitrogen monoxide deposition velocity;dv_no;m s-1;221027;"GRIB2 GRIB1";
Hydroperoxy radical deposition velocity;dv_ho2;m s-1;221028;"GRIB2 GRIB1";
Methylperoxy radical deposition velocity;dv_ch3o2;m s-1;221029;"GRIB2 GRIB1";
Hydroxyl radical deposition velocity;dv_oh;m s-1;221030;"GRIB2 GRIB1";
Nitrogen dioxide deposition velocity;dv_no2;m s-1;221031;"GRIB2 GRIB1";
Nitrate radical deposition velocity;dv_no3;m s-1;221032;"GRIB2 GRIB1";
Dinitrogen pentoxide deposition velocity;dv_n2o5;m s-1;221033;"GRIB2 GRIB1";
Pernitric acid deposition velocity;dv_ho2no2;m s-1;221034;"GRIB2 GRIB1";
Peroxy acetyl radical deposition velocity;dv_c2o3;m s-1;221035;"GRIB2 GRIB1";
Organic ethers deposition velocity;dv_ror;m s-1;221036;"GRIB2 GRIB1";
PAR budget corrector deposition velocity;dv_rxpar;m s-1;221037;"GRIB2 GRIB1";
NO to NO2 operator deposition velocity;dv_xo2;m s-1;221038;"GRIB2 GRIB1";
NO to alkyl nitrate operator deposition velocity;dv_xo2n;m s-1;221039;"GRIB2 GRIB1";
Amine deposition velocity;dv_nh2;m s-1;221040;"GRIB2 GRIB1";
Polar stratospheric cloud deposition velocity;dv_psc;m s-1;221041;"GRIB2 GRIB1";
Methanol deposition velocity;dv_ch3oh;m s-1;221042;"GRIB2 GRIB1";
Formic acid deposition velocity;dv_hcooh;m s-1;221043;"GRIB2 GRIB1";
Methacrylic acid deposition velocity;dv_mcooh;m s-1;221044;"GRIB2 GRIB1";
Ethane deposition velocity;dv_c2h6;m s-1;221045;"GRIB2 GRIB1";
Ethanol deposition velocity;dv_c2h5oh;m s-1;221046;"GRIB2 GRIB1";
Propane deposition velocity;dv_c3h8;m s-1;221047;"GRIB2 GRIB1";
Propene deposition velocity;dv_c3h6;m s-1;221048;"GRIB2 GRIB1";
Terpenes deposition velocity;dv_c10h16;m s-1;221049;"GRIB2 GRIB1";
Methacrolein MVK deposition velocity;dv_ispd;m s-1;221050;"GRIB2 GRIB1";
Nitrate deposition velocity;dv_no3_a;m s-1;221051;"GRIB2 GRIB1";
Acetone deposition velocity;dv_ch3coch3;m s-1;221052;"GRIB2 GRIB1";
Acetone product deposition velocity;dv_aco2;m s-1;221053;"GRIB2 GRIB1";
IC3H7O2 deposition velocity;dv_ic3h7o2;m s-1;221054;"GRIB2 GRIB1";
HYPROPO2 deposition velocity;dv_hypropo2;m s-1;221055;"GRIB2 GRIB1";
Nitrogen oxides Transp deposition velocity;dv_noxa;m s-1;221056;"GRIB2 GRIB1";
Dry deposition velocity of carbon dioxide (chemistry);dv_co2_c;m s-1;221057;GRIB2;
Dry deposition velocity of nitrous oxide (chemistry);dv_n2o_c;m s-1;221058;GRIB2;
Dry deposition velocity of water vapour (chemistry);dv_h2o;m s-1;221059;GRIB2;
Dry deposition velocity of oxygen;dv_o2;m s-1;221060;GRIB2;
Dry deposition velocity of singlet oxygen;dv_o2_1s;m s-1;221061;GRIB2;
Dry deposition velocity of singlet delta oxygen;dv_o2_1d;m s-1;221062;GRIB2;
Dry deposition velocity of chlorine dioxide;dv_oclo;m s-1;221063;GRIB2;
Dry deposition velocity of chlorine nitrate;dv_clono2;m s-1;221064;GRIB2;
Dry deposition velocity of hypochlorous acid;dv_hocl;m s-1;221065;GRIB2;
Dry deposition velocity of chlorine;dv_cl2;m s-1;221066;GRIB2;
Dry deposition velocity of nitryl chloride;dv_clno2;m s-1;221067;GRIB2;
Dry deposition velocity of hydrogen bromide;dv_hbr;m s-1;221068;GRIB2;
Dry deposition velocity of dichlorine dioxide;dv_cl2o2;m s-1;221069;GRIB2;
Dry deposition velocity of hypobromous acid;dv_hobr;m s-1;221070;GRIB2;
Dry deposition velocity of trichlorofluoromethane;dv_cfc11;m s-1;221071;GRIB2;
Dry deposition velocity of dichlorodifluoromethane;dv_cfc12;m s-1;221072;GRIB2;
Dry deposition velocity of trichlorotrifluoroethane;dv_cfc113;m s-1;221073;GRIB2;
Dry deposition velocity of dichlorotetrafluoroethane;dv_cfc114;m s-1;221074;GRIB2;
Dry deposition velocity of chloropentafluoroethane;dv_cfc115;m s-1;221075;GRIB2;
Dry deposition velocity of tetrachloromethane;dv_ccl4;m s-1;221076;GRIB2;
Dry deposition velocity of methyl chloroform;dv_ch3ccl3;m s-1;221077;GRIB2;
Dry deposition velocity of methyl chloride;dv_ch3cl;m s-1;221078;GRIB2;
Dry deposition velocity of chlorodifluoromethane;dv_hcfc22;m s-1;221079;GRIB2;
Dry deposition velocity of methyl bromide;dv_ch3br;m s-1;221080;GRIB2;
Dry deposition velocity of dibromodifluoromethane;dv_ha1202;m s-1;221081;GRIB2;
Dry deposition velocity of bromochlorodifluoromethane;dv_ha1211;m s-1;221082;GRIB2;
Dry deposition velocity of trifluorobromomethane;dv_ha1301;m s-1;221083;GRIB2;
Dry deposition velocity of cbrf2cbrf2;dv_ha2402;m s-1;221084;GRIB2;
Dry deposition velocity of sulfuric acid;dv_h2so4;m s-1;221085;GRIB2;
Dry deposition velocity of nitrous acid;dv_hono;m s-1;221086;GRIB2;
Dry deposition velocity of alkanes low oh rate;dv_hc3;m s-1;221087;GRIB2;
Dry deposition velocity of alkanes med oh rate;dv_hc5;m s-1;221088;GRIB2;
Dry deposition velocity of alkanes high oh rate;dv_hc8;m s-1;221089;GRIB2;
Dry deposition velocity of terminal alkenes;dv_olt;m s-1;221090;GRIB2;
Dry deposition velocity of internal alkenes;dv_oli;m s-1;221091;GRIB2;
Dry deposition velocity of ethylperoxy radical;dv_c2h5o2;m s-1;221092;GRIB2;
Dry deposition velocity of butadiene;dv_dien;m s-1;221093;GRIB2;
Dry deposition velocity of ethyl hydroperoxide;dv_c2h5ooh;m s-1;221094;GRIB2;
Dry deposition velocity of a-pinene cyclic terpenes;dv_api;m s-1;221095;GRIB2;
Dry deposition velocity of acetic acid;dv_ch3cooh;m s-1;221096;GRIB2;
Dry deposition velocity of d-limonene cyclic diene;dv_lim;m s-1;221097;GRIB2;
Dry deposition velocity of acetaldehyde;dv_ch3cho;m s-1;221098;GRIB2;
Dry deposition velocity of toluene and less reactive aromatics;dv_tol;m s-1;221099;GRIB2;
Dry deposition velocity of xylene and more reactive aromatics;dv_xyl;m s-1;221100;GRIB2;
Dry deposition velocity of glycolaldehyde;dv_glyald;m s-1;221101;GRIB2;
Dry deposition velocity of cresol;dv_cresol;m s-1;221102;GRIB2;
Dry deposition velocity of acetaldehyde and higher;dv_ald;m s-1;221103;GRIB2;
Dry deposition velocity of peracetic acid;dv_ch3coooh;m s-1;221104;GRIB2;
Dry deposition velocity of ketones;dv_ket;m s-1;221105;GRIB2;
Dry deposition velocity of hoch2ch2o2;dv_eo2;m s-1;221106;GRIB2;
Dry deposition velocity of glyoxal;dv_glyoxal;m s-1;221107;GRIB2;
Dry deposition velocity of hoch2ch2o;dv_eo;m s-1;221108;GRIB2;
Dry deposition velocity of unsaturated dicarbonyls;dv_dcb;m s-1;221109;GRIB2;
Dry deposition velocity of methacrolein;dv_macr;m s-1;221110;GRIB2;
Dry deposition velocity of unsaturated hydroxy dicarbonyl;dv_udd;m s-1;221111;GRIB2;
Dry deposition velocity of isopropyldioxidanyl;dv_c3h7o2;m s-1;221112;GRIB2;
Dry deposition velocity of hydroxy ketone;dv_hket;m s-1;221113;GRIB2;
Dry deposition velocity of isopropyl hydroperoxide;dv_c3h7ooh;m s-1;221114;GRIB2;
Dry deposition velocity of c3h6oho2;dv_po2;m s-1;221115;GRIB2;
Dry deposition velocity of c3h6ohooh;dv_pooh;m s-1;221116;GRIB2;
Dry deposition velocity of higher organic peroxides;dv_op2;m s-1;221117;GRIB2;
Dry deposition velocity of hydroxyacetone;dv_hyac;m s-1;221118;GRIB2;
Dry deposition velocity of peroxyacetic acid;dv_paa;m s-1;221119;GRIB2;
Dry deposition velocity of ch3coch2o2;dv_ro2;m s-1;221120;GRIB2;
Dry deposition velocity of peroxy radical from c2h6;dv_ethp;m s-1;221121;GRIB2;
Dry deposition velocity of peroxy radical from hc3;dv_hc3p;m s-1;221122;GRIB2;
Dry deposition velocity of peroxy radical from hc5;dv_hc5p;m s-1;221123;GRIB2;
Dry deposition velocity of lumped alkenes;dv_bigene;m s-1;221124;GRIB2;
Dry deposition velocity of peroxy radical from hc8;dv_hc8p;m s-1;221125;GRIB2;
Dry deposition velocity of lumped alkanes;dv_bigalk;m s-1;221126;GRIB2;
Dry deposition velocity of peroxy radical from c2h4;dv_etep;m s-1;221127;GRIB2;
Dry deposition velocity of c4h8o;dv_mek;m s-1;221128;GRIB2;
Dry deposition velocity of peroxy radical from terminal alkenes;dv_oltp;m s-1;221129;GRIB2;
Dry deposition velocity of c4h9o3;dv_eneo2;m s-1;221130;GRIB2;
Dry deposition velocity of peroxy radical from internal alkenes;dv_olip;m s-1;221131;GRIB2;
Dry deposition velocity of ch3coch(oo)ch3;dv_meko2;m s-1;221132;GRIB2;
Dry deposition velocity of peroxy radical from c5h8;dv_isopo2;m s-1;221133;GRIB2;
Dry deposition velocity of ch3coch(ooh)ch3;dv_mekooh;m s-1;221134;GRIB2;
Dry deposition velocity of peroxy radical from a-pinene cyclic terpenes;dv_apip;m s-1;221135;GRIB2;
Dry deposition velocity of ch2=c(ch3)co3;dv_mco3;m s-1;221136;GRIB2;
Dry deposition velocity of peroxy radical from d-limonene cyclic diene;dv_limp;m s-1;221137;GRIB2;
Dry deposition velocity of methylvinylketone;dv_mvk;m s-1;221138;GRIB2;
Dry deposition velocity of phenoxy radical;dv_pho;m s-1;221139;GRIB2;
Dry deposition velocity of peroxy radical from toluene and less reactive aromatics;dv_tolp;m s-1;221140;GRIB2;
Dry deposition velocity of ch3c(o)ch(oo)ch2oh;dv_macro2;m s-1;221141;GRIB2;
Dry deposition velocity of peroxy radical from xylene and more reactive aromatics;dv_xylp;m s-1;221142;GRIB2;
Dry deposition velocity of h3c(o)ch(ooh)ch2oh;dv_macrooh;m s-1;221143;GRIB2;
Dry deposition velocity of peroxy radical from cresol;dv_cslp;m s-1;221144;GRIB2;
Dry deposition velocity of unsaturated pans;dv_mpan;m s-1;221145;GRIB2;
Dry deposition velocity of unsaturated acyl peroxy radical;dv_tco3_c;m s-1;221146;GRIB2;
Dry deposition velocity of peroxy radical from ketones;dv_ketp;m s-1;221147;GRIB2;
Dry deposition velocity of c5h11o2;dv_alko2;m s-1;221148;GRIB2;
Dry deposition velocity of no3-alkenes adduct reacting to form carbonitrates;dv_olnn;m s-1;221149;GRIB2;
Dry deposition velocity of c5h11ooh;dv_alkooh;m s-1;221150;GRIB2;
Dry deposition velocity of no3-alkenes adduct reacting via decomposition;dv_olnd;m s-1;221151;GRIB2;
Dry deposition velocity of hoch2c(ch3)=chcho;dv_bigald;m s-1;221152;GRIB2;
Dry deposition velocity of c5h6o2;dv_hydrald;m s-1;221153;GRIB2;
Dry deposition velocity of trop sulfuric acid;dv_sulf;m s-1;221154;GRIB2;
Dry deposition velocity of oxides;dv_ox;m s-1;221155;GRIB2;
Dry deposition velocity of ch2chc(ch3)(oo)ch2ono2;dv_isopno3;m s-1;221156;GRIB2;
Dry deposition velocity of c3 organic nitrate;dv_onitr;m s-1;221157;GRIB2;
Dry deposition velocity of chlorine oxides;dv_clox;m s-1;221158;GRIB2;
Dry deposition velocity of bromine oxides;dv_brox;m s-1;221159;GRIB2;
Dry deposition velocity of hoch2c(ooh)(ch3)chchoh;dv_xooh;m s-1;221160;GRIB2;
Dry deposition velocity of hoch2c(ooh)(ch3)ch=ch2;dv_isopooh;m s-1;221161;GRIB2;
Dry deposition velocity of lumped aromatics;dv_toluene;m s-1;221162;GRIB2;
Dry deposition velocity of dimethyl sulfoxyde;dv_dmso;m s-1;221163;GRIB2;
Dry deposition velocity of c7h9o5;dv_tolo2;m s-1;221164;GRIB2;
Dry deposition velocity of c7h10o5;dv_tolooh;m s-1;221165;GRIB2;
Dry deposition velocity of hydrogensulfide;dv_h2s;m s-1;221166;GRIB2;
Dry deposition velocity of c7h10o6;dv_xoh;m s-1;221167;GRIB2;
Dry deposition velocity of all nitrogen oxides;dv_noy;m s-1;221168;GRIB2;
Dry deposition velocity of chlorine family;dv_cly;m s-1;221169;GRIB2;
Dry deposition velocity of c10h16(oh)(oo);dv_terpo2;m s-1;221170;GRIB2;
Dry deposition velocity of bromine family;dv_bry;m s-1;221171;GRIB2;
Dry deposition velocity of c10h18o3;dv_terpooh;m s-1;221172;GRIB2;
Dry deposition velocity of nitrogen atom;dv_n;m s-1;221173;GRIB2;
Dry deposition velocity of chlorine monoxide;dv_clo;m s-1;221174;GRIB2;
Dry deposition velocity of chlorine atom;dv_cl_c;m s-1;221175;GRIB2;
Dry deposition velocity of bromine monoxide;dv_bro;m s-1;221176;GRIB2;
Dry deposition velocity of hydrogen atom;dv_h_c;m s-1;221177;GRIB2;
Dry deposition velocity of methyl group;dv_ch3;m s-1;221178;GRIB2;
Dry deposition velocity of aromatic-ho from toluene and less reactive aromatics;dv_addt;m s-1;221179;GRIB2;
Dry deposition velocity of aromatic-ho from xylene and more reactive aromatics;dv_addx;m s-1;221180;GRIB2;
Dry deposition velocity of ammonium nitrate;dv_nh4no3;m s-1;221181;GRIB2;
Dry deposition velocity of aromatic-ho from csl;dv_addc;m s-1;221182;GRIB2;
Dry deposition velocity of secondary organic aerosol type 1;dv_soa1;m s-1;221183;GRIB2;
Dry deposition velocity of secondary organic aerosol type 2a;dv_soa2a;m s-1;221184;GRIB2;
Dry deposition velocity of secondary organic aerosol type 2b;dv_soa2b;m s-1;221185;GRIB2;
Dry deposition velocity of condensable gas type 1;dv_sog1;m s-1;221186;GRIB2;
Dry deposition velocity of condensable gas type 2a;dv_sog2a;m s-1;221187;GRIB2;
Dry deposition velocity of condensable gas type 2b;dv_sog2b;m s-1;221188;GRIB2;
Dry deposition velocity of sulfur trioxide;dv_so3;m s-1;221189;GRIB2;
Dry deposition velocity of carbonyl sulfide;dv_ocs_c;m s-1;221190;GRIB2;
Dry deposition velocity of bromine atom;dv_br;m s-1;221191;GRIB2;
Dry deposition velocity of bromine;dv_br2;m s-1;221192;GRIB2;
Dry deposition velocity of bromine monochloride;dv_brcl;m s-1;221193;GRIB2;
Dry deposition velocity of bromine nitrate;dv_brono2;m s-1;221194;GRIB2;
Dry deposition velocity of dibromomethane;dv_ch2br2;m s-1;221195;GRIB2;
Dry deposition velocity of methoxy radical;dv_ch3o;m s-1;221196;GRIB2;
Dry deposition velocity of tribromomethane;dv_chbr3;m s-1;221197;GRIB2;
Dry deposition velocity of asymmetric chlorine dioxide radical;dv_cloo;m s-1;221198;GRIB2;
Dry deposition velocity of hydrogen;dv_h2;m s-1;221199;GRIB2;
Dry deposition velocity of hydrogen chloride;dv_hcl;m s-1;221200;GRIB2;
Dry deposition velocity of formyl radical;dv_hco;m s-1;221201;GRIB2;
Dry deposition velocity of hydrogen fluoride;dv_hf;m s-1;221202;GRIB2;
Dry deposition velocity of oxygen atom;dv_o;m s-1;221203;GRIB2;
Dry deposition velocity of excited oxygen atom;dv_o1d;m s-1;221204;GRIB2;
Dry deposition velocity of ground state oxygen atom;dv_o3p;m s-1;221205;GRIB2;
Dry deposition velocity of stratospheric aerosol;dv_strataer;m s-1;221206;GRIB2;
Dry deposition velocity of Volcanic sulfur dioxide;dv_VSO2;m s-1;221221;GRIB2;
Dry deposition velocity of Aromatic peroxy radical;dv_AROO2;m s-1;221222;GRIB2;
Dry deposition velocity of Ethyne;dv_C2H2;m s-1;221223;GRIB2;
Dry deposition velocity of Acetonitrile;dv_CH3CN;m s-1;221224;GRIB2;
Dry deposition velocity of Methyl peroxy nitrate;dv_CH3O2NO2;m s-1;221225;GRIB2;
Dry deposition velocity of Hydrogen cyanide;dv_HCN;m s-1;221226;GRIB2;
Dry deposition velocity of Hydroperoxy aldehydes type 1;dv_HPALD1;m s-1;221227;GRIB2;
Dry deposition velocity of Hydroperoxy aldehydes type 2;dv_HPALD2;m s-1;221228;GRIB2;
Dry deposition velocity of Isoprene peroxy type B;dv_ISOPBO2;m s-1;221229;GRIB2;
Dry deposition velocity of Isoprene peroxy type D;dv_ISOPDO2;m s-1;221230;GRIB2;
Dry deposition velocity of Anthropogenic volatile organic compounds;dv_VOCA;m s-1;221231;GRIB2;
Dry deposition velocity of Biomass burning volatile organic compounds;dv_VOCBB;m s-1;221232;GRIB2;
Time-integrated dry deposition mass flux of Ozone;acc_dry_depm_O3;kg m-2;222001;GRIB2;
Time-integrated dry deposition mass flux of Hydrogen peroxide;acc_dry_depm_H2O2;kg m-2;222003;GRIB2;
Time-integrated dry deposition mass flux of Carbon monoxide;acc_dry_depm_CO;kg m-2;222005;GRIB2;
Time-integrated dry deposition mass flux of Nitric acid;acc_dry_depm_HNO3;kg m-2;222006;GRIB2;
Time-integrated dry deposition mass flux of Methyl peroxide;acc_dry_depm_CH3OOH;kg m-2;222007;GRIB2;
Time-integrated dry deposition mass flux of Formaldehyde;acc_dry_depm_HCHO;kg m-2;222008;GRIB2;
Time-integrated dry deposition mass flux of Aldehydes;acc_dry_depm_ALD2;kg m-2;222012;GRIB2;
Time-integrated dry deposition mass flux of Peroxyacetyl nitrate;acc_dry_depm_PAN;kg m-2;222013;GRIB2;
Time-integrated dry deposition mass flux of Peroxides;acc_dry_depm_ROOH;kg m-2;222014;GRIB2;
Time-integrated dry deposition mass flux of Organic nitrates;acc_dry_depm_ONIT;kg m-2;222015;GRIB2;
Time-integrated dry deposition mass flux of Isoprene;acc_dry_depm_C5H8;kg m-2;222016;GRIB2;
Time-integrated dry deposition mass flux of Sulphur dioxide;acc_dry_depm_SO2;kg m-2;222017;GRIB2;
Time-integrated dry deposition mass flux of Ammonia;acc_dry_depm_NH3;kg m-2;222019;GRIB2;
Time-integrated dry deposition mass flux of Sulfate;acc_dry_depm_SO4;kg m-2;222020;GRIB2;
Time-integrated dry deposition mass flux of Ammonium;acc_dry_depm_NH4;kg m-2;222021;GRIB2;
Time-integrated dry deposition mass flux of Methyl glyoxal;acc_dry_depm_CH3COCHO;kg m-2;222023;GRIB2;
Time-integrated dry deposition mass flux of Ozone (stratospheric);acc_dry_depm_O3S;kg m-2;222024;GRIB2;
Time-integrated dry deposition mass flux of Nitrogen monoxide;acc_dry_depm_NO;kg m-2;222027;GRIB2;
Time-integrated dry deposition mass flux of Hydroperoxy radical;acc_dry_depm_HO2;kg m-2;222028;GRIB2;
Time-integrated dry deposition mass flux of Methylperoxy radical;acc_dry_depm_CH3O2;kg m-2;222029;GRIB2;
Time-integrated dry deposition mass flux of Nitrogen dioxide;acc_dry_depm_NO2;kg m-2;222031;GRIB2;
Time-integrated dry deposition mass flux of Nitrate radical;acc_dry_depm_NO3;kg m-2;222032;GRIB2;
Time-integrated dry deposition mass flux of Dinitrogen pentoxide;acc_dry_depm_N2O5;kg m-2;222033;GRIB2;
Time-integrated dry deposition mass flux of Pernitric acid;acc_dry_depm_HO2NO2;kg m-2;222034;GRIB2;
Time-integrated dry deposition mass flux of Methanol;acc_dry_depm_CH3OH;kg m-2;222042;GRIB2;
Time-integrated dry deposition mass flux of Formic acid;acc_dry_depm_HCOOH;kg m-2;222043;GRIB2;
Time-integrated dry deposition mass flux of Methacrylic acid;acc_dry_depm_MCOOH;kg m-2;222044;GRIB2;
Time-integrated dry deposition mass flux of Ethane;acc_dry_depm_C2H6;kg m-2;222045;GRIB2;
Time-integrated dry deposition mass flux of Ethanol;acc_dry_depm_C2H5OH;kg m-2;222046;GRIB2;
Time-integrated dry deposition mass flux of Methacrolein;acc_dry_depm_ISPD;kg m-2;222050;GRIB2;
Time-integrated dry deposition mass flux of Nitrate;acc_dry_depm_NO3_A;kg m-2;222051;GRIB2;
Time-integrated dry deposition mass flux of Acetone;acc_dry_depm_CH3COCH3;kg m-2;222052;GRIB2;
Time-integrated dry deposition mass flux of Nitrous acid;acc_dry_depm_HONO;kg m-2;222086;GRIB2;
Time-integrated dry deposition mass flux of Toluene and less reactive aromatics;acc_dry_depm_TOL;kg m-2;222099;GRIB2;
Time-integrated dry deposition mass flux of Xylene and more reactive aromatics;acc_dry_depm_XYL;kg m-2;222100;GRIB2;
Time-integrated dry deposition mass flux of Glycolaldehyde;acc_dry_depm_GLYALD;kg m-2;222101;GRIB2;
Time-integrated dry deposition mass flux of Glyoxal;acc_dry_depm_GLY;kg m-2;222107;GRIB2;
Time-integrated dry deposition mass flux of Hydroxyacetone;acc_dry_depm_HYAC;kg m-2;222118;GRIB2;
Time-integrated dry deposition mass flux of all hydroxy-peroxides products of the reaction of hydroxy-isoprene adducts with O2;acc_dry_depm_ISOPOOH;kg m-2;222161;GRIB2;
Time-integrated dry deposition mass flux of Acetonitrile;acc_dry_depm_CH3CN;kg m-2;222224;GRIB2;
Time-integrated dry deposition mass flux of Hydrogen cyanide;acc_dry_depm_HCN;kg m-2;222226;GRIB2;
Time-integrated wet deposition mass flux of Ozone;acc_wet_depm_O3;kg m-2;223001;GRIB2;
Time-integrated wet deposition mass flux of Hydrogen peroxide;acc_wet_depm_H2O2;kg m-2;223003;GRIB2;
Time-integrated wet deposition mass flux of Nitric acid;acc_wet_depm_HNO3;kg m-2;223006;GRIB2;
Time-integrated wet deposition mass flux of Methyl peroxide;acc_wet_depm_CH3OOH;kg m-2;223007;GRIB2;
Time-integrated wet deposition mass flux of Formaldehyde;acc_wet_depm_HCHO;kg m-2;223008;GRIB2;
Time-integrated wet deposition mass flux of Aldehydes;acc_wet_depm_ALD2;kg m-2;223012;GRIB2;
Time-integrated wet deposition mass flux of Peroxyacetyl nitrate;acc_wet_depm_PAN;kg m-2;223013;GRIB2;
Time-integrated wet deposition mass flux of Peroxides;acc_wet_depm_ROOH;kg m-2;223014;GRIB2;
Time-integrated wet deposition mass flux of Organic nitrates;acc_wet_depm_ONIT;kg m-2;223015;GRIB2;
Time-integrated wet deposition mass flux of Isoprene;acc_wet_depm_C5H8;kg m-2;223016;GRIB2;
Time-integrated wet deposition mass flux of Sulphur dioxide;acc_wet_depm_SO2;kg m-2;223017;GRIB2;
Time-integrated wet deposition mass flux of Ammonia;acc_wet_depm_NH3;kg m-2;223019;GRIB2;
Time-integrated wet deposition mass flux of Sulfate;acc_wet_depm_SO4;kg m-2;223020;GRIB2;
Time-integrated wet deposition mass flux of Ammonium;acc_wet_depm_NH4;kg m-2;223021;GRIB2;
Time-integrated wet deposition mass flux of Methane sulfonic acid;acc_wet_depm_MSA;kg m-2;223022;GRIB2;
Time-integrated wet deposition mass flux of Methyl glyoxal;acc_wet_depm_CH3COCHO;kg m-2;223023;GRIB2;
Time-integrated wet deposition mass flux of Carbon monoxide;acc_wet_depm_CO;kg m-2;223025;GRIB2;
Time-integrated wet deposition mass flux of Lead;acc_wet_depm_Pb;kg m-2;223026;GRIB2;
Time-integrated wet deposition mass flux of Nitrogen monoxide;acc_wet_depm_NO;kg m-2;223027;GRIB2;
Time-integrated wet deposition mass flux of Hydroperoxy radical;acc_wet_depm_HO2;kg m-2;223028;GRIB2;
Time-integrated wet deposition mass flux of Methylperoxy radical;acc_wet_depm_CH3O2;kg m-2;223029;GRIB2;
Time-integrated wet deposition mass flux of Nitrogen dioxide;acc_wet_depm_NO2;kg m-2;223031;GRIB2;
Time-integrated wet deposition mass flux of Nitrate radical;acc_wet_depm_NO3;kg m-2;223032;GRIB2;
Time-integrated wet deposition mass flux of Dinitrogen pentoxide;acc_wet_depm_N2O5;kg m-2;223033;GRIB2;
Time-integrated wet deposition mass flux of Pernitric acid;acc_wet_depm_HO2NO2;kg m-2;223034;GRIB2;
Time-integrated wet deposition mass flux of Methanol;acc_wet_depm_CH3OH;kg m-2;223042;GRIB2;
Time-integrated wet deposition mass flux of Formic acid;acc_wet_depm_HCOOH;kg m-2;223043;GRIB2;
Time-integrated wet deposition mass flux of Methacrylic acid;acc_wet_depm_MCOOH;kg m-2;223044;GRIB2;
Time-integrated wet deposition mass flux of Ethane;acc_wet_depm_C2H6;kg m-2;223045;GRIB2;
Time-integrated wet deposition mass flux of Ethanol;acc_wet_depm_C2H5OH;kg m-2;223046;GRIB2;
Time-integrated wet deposition mass flux of Methacrolein;acc_wet_depm_ISPD;kg m-2;223050;GRIB2;
Time-integrated wet deposition mass flux of Nitrate;acc_wet_depm_NO3_A;kg m-2;223051;GRIB2;
Time-integrated wet deposition mass flux of Acetone;acc_wet_depm_CH3COCH3;kg m-2;223052;GRIB2;
Time-integrated wet deposition mass flux of Chlorine nitrate;acc_wet_depm_CLONO2;kg m-2;223064;GRIB2;
Time-integrated wet deposition mass flux of Hypochlorous acid;acc_wet_depm_HOCL;kg m-2;223065;GRIB2;
Time-integrated wet deposition mass flux of Hydrogen bromide;acc_wet_depm_HBR;kg m-2;223068;GRIB2;
Time-integrated wet deposition mass flux of Hypobromous acid;acc_wet_depm_HOBR;kg m-2;223070;GRIB2;
Time-integrated wet deposition mass flux of Nitrous acid;acc_wet_depm_HONO;kg m-2;223086;GRIB2;
Time-integrated wet deposition mass flux of Toluene and less reactive aromatics;acc_wet_depm_TOL;kg m-2;223099;GRIB2;
Time-integrated wet deposition mass flux of Xylene and more reactive aromatics;acc_wet_depm_XYL;kg m-2;223100;GRIB2;
Time-integrated wet deposition mass flux of Glycolaldehyde;acc_wet_depm_GLYALD;kg m-2;223101;GRIB2;
Time-integrated wet deposition mass flux of Glyoxal;acc_wet_depm_GLY;kg m-2;223107;GRIB2;
Time-integrated wet deposition mass flux of Hydroxyacetone;acc_wet_depm_HYAC;kg m-2;223118;GRIB2;
Time-integrated wet deposition mass flux of all hydroxy-peroxides products of the reaction of hydroxy-isoprene adducts with O2;acc_wet_depm_ISOPOOH;kg m-2;223161;GRIB2;
Time-integrated wet deposition mass flux of Condensable gas type 1;acc_wet_depm_SOG1;kg m-2;223186;GRIB2;
Time-integrated wet deposition mass flux of Condensable gas type 2a;acc_wet_depm_SOG2A;kg m-2;223187;GRIB2;
Time-integrated wet deposition mass flux of Condensable gas type 2b;acc_wet_depm_SOG2B;kg m-2;223188;GRIB2;
Time-integrated wet deposition mass flux of Bromine nitrate;acc_wet_depm_BRONO2;kg m-2;223194;GRIB2;
Time-integrated wet deposition mass flux of Hydrogen chloride;acc_wet_depm_HCL;kg m-2;223200;GRIB2;
Time-integrated wet deposition mass flux of Acetonitrile;acc_wet_depm_CH3CN;kg m-2;223224;GRIB2;
Time-integrated wet deposition mass flux of Hydrogen cyanide;acc_wet_depm_HCN;kg m-2;223226;GRIB2;
Time-integrated wet deposition mass flux of Hydroperoxy aldehydes type 1;acc_wet_depm_HPALD1;kg m-2;223227;GRIB2;
Time-integrated wet deposition mass flux of Hydroperoxy aldehydes type 2;acc_wet_depm_HPALD2;kg m-2;223228;GRIB2;
Convective inhibition;cin;J kg-1;228001;"GRIB2 GRIB1";Dissemination
Orography;orog;m;228002;"GRIB2 GRIB1";
Friction velocity;zust;m s-1;228003;"GRIB2 GRIB1";Dissemination
Time-mean 2 metre temperature;avg_2t;K;228004;"GRIB2 GRIB1";
Time-mean 10 metre wind speed;avg_10ws;m s-1;228005;"GRIB2 GRIB1";
Mean total cloud cover;meantcc;(0 - 1);228006;"GRIB2 GRIB1";
Lake total depth;dl;m;228007;"GRIB2 GRIB1";Dissemination
Lake mix-layer temperature;lmlt;K;228008;"GRIB2 GRIB1";Dissemination
Lake mix-layer depth;lmld;m;228009;"GRIB2 GRIB1";Dissemination
Lake bottom temperature;lblt;K;228010;"GRIB2 GRIB1";Dissemination
Lake total layer temperature;ltlt;K;228011;"GRIB2 GRIB1";Dissemination
Lake shape factor;lshf;dimensionless;228012;"GRIB2 GRIB1";Dissemination
Lake ice surface temperature;lict;K;228013;"GRIB2 GRIB1";Dissemination
Lake ice total depth;licd;m;228014;"GRIB2 GRIB1";Dissemination
Minimum vertical gradient of refractivity inside trapping layer;dndzn;m-1;228015;"GRIB2 GRIB1";
Mean vertical gradient of refractivity inside trapping layer;dndza;m-1;228016;"GRIB2 GRIB1";
Duct base height;dctb;m;228017;"GRIB2 GRIB1";
Trapping layer base height;tplb;m;228018;"GRIB2 GRIB1";
Trapping layer top height;tplt;m;228019;"GRIB2 GRIB1";
Geometric height of -10 degrees C atmospheric isothermal level above ground;degm10l;m;228020;"GRIB2 GRIB1";Dissemination
Surface direct short-wave (solar) radiation;fdir;J m-2;228021;"GRIB2 GRIB1";Dissemination
Surface direct short-wave radiation, clear sky;cdir;J m-2;228022;"GRIB2 GRIB1";Dissemination
Cloud base height;cbh;m;228023;"GRIB2 GRIB1";Dissemination
Geometric height of 0 degrees C atmospheric isothermal level above ground;deg0l;m;228024;"GRIB2 GRIB1";Dissemination
Horizontal visibility;hvis;m;228025;"GRIB2 GRIB1";
Maximum temperature at 2 metres in the last 3 hours;mx2t3;K;228026;"GRIB2 GRIB1";Dissemination
Minimum temperature at 2 metres in the last 3 hours;mn2t3;K;228027;"GRIB2 GRIB1";Dissemination
Maximum 10 metre wind gust in the last 3 hours;10fg3;m s-1;228028;"GRIB2 GRIB1";Dissemination
Instantaneous 10 metre wind gust;i10fg;m s-1;228029;"GRIB2 GRIB1";Dissemination
Relative humidity with respect to water;rhw;%;228030;GRIB2;
Relative humidity with respect to ice;rhi;%;228031;GRIB2;
Snow albedo;asn;%;228032;GRIB2;
Fraction of convective precipitation cover;fcpc;Proportion;228034;GRIB2;
Maximum CAPE in the last 6 hours;mxcape6;J kg-1;228035;GRIB2;Dissemination
Maximum CAPES in the last 6 hours;mxcapes6;m2 s-2;228036;GRIB2;Dissemination
2 metre relative humidity with respect to water;2rhw;%;228037;"GRIB2 GRIB1";
Liquid water content in snow pack;lwcs;kg m-2;228038;GRIB2;Dissemination
Soil moisture;sm;kg m-3;228039;"GRIB2 GRIB1";
Soil wetness index in layer 1;swi1;dimensionless;228040;"GRIB2 GRIB1";
Soil wetness index in layer 2;swi2;dimensionless;228041;"GRIB2 GRIB1";
Soil wetness index in layer 3;swi3;dimensionless;228042;"GRIB2 GRIB1";
Soil wetness index in layer 4;swi4;dimensionless;228043;"GRIB2 GRIB1";
Convective available potential energy shear;capes;m2 s-2;228044;"GRIB2 GRIB1";Dissemination
Tropopause pressure;trpp;Pa;228045;GRIB2;Dissemination
Height of convective cloud top;hcct;m;228046;"GRIB2 GRIB1";Dissemination
Height of zero-degree wet-bulb temperature;hwbt0;m;228047;"GRIB2 GRIB1";Dissemination
Height of one-degree wet-bulb temperature;hwbt1;m;228048;"GRIB2 GRIB1";Dissemination
Instantaneous total lightning flash density;litoti;km-2 day-1;228050;"GRIB2 GRIB1";Dissemination
Averaged total lightning flash density in the last hour;litota1;km-2 day-1;228051;"GRIB2 GRIB1";Dissemination
Instantaneous cloud-to-ground lightning flash density;licgi;km-2 day-1;228052;"GRIB2 GRIB1";
Averaged cloud-to-ground lightning flash density in the last hour;licga1;km-2 day-1;228053;"GRIB2 GRIB1";
Unbalanced component of specific humidity;ucq;kg kg-1;228054;GRIB2;
Unbalanced component of specific cloud liquid water content;ucclwc;kg kg-1;228055;GRIB2;
Unbalanced component of specific cloud ice water content;ucciwc;kg kg-1;228056;GRIB2;
Averaged total lightning flash density in the last 3 hours;litota3;km-2 day-1;228057;GRIB2;Dissemination
Averaged total lightning flash density in the last 6 hours;litota6;km-2 day-1;228058;GRIB2;Dissemination
Averaged cloud-to-ground lightning flash density in the last 3 hours;licga3;km-2 day-1;228059;GRIB2;
Averaged cloud-to-ground lightning flash density in the last 6 hours;licga6;km-2 day-1;228060;GRIB2;
GPP coefficient from Biogenic Flux Adjustment System;gppbfas;dimensionless;228078;"GRIB2 GRIB1";
Rec coefficient from Biogenic Flux Adjustment System;recbfas;dimensionless;228079;"GRIB2 GRIB1";
Accumulated Carbon Dioxide Net Ecosystem Exchange;aco2nee;kg m-2;228080;"GRIB2 GRIB1";
Accumulated Carbon Dioxide Gross Primary Production;aco2gpp;kg m-2;228081;"GRIB2 GRIB1";
Accumulated Carbon Dioxide Ecosystem Respiration;aco2rec;kg m-2;228082;"GRIB2 GRIB1";
Carbon dioxide net ecosystem exchange flux;fco2nee;kg m-2 s-1;228083;"GRIB2 GRIB1";
Carbon dioxide gross primary production flux;fco2gpp;kg m-2 s-1;228084;"GRIB2 GRIB1";
Carbon dioxide ecosystem respiration flux;fco2rec;kg m-2 s-1;228085;"GRIB2 GRIB1";
Soil moisture top 20 cm;sm20;kg m-3;228086;GRIB2;
Soil moisture top 100 cm;sm100;kg m-3;228087;GRIB2;
Total column supercooled liquid water;tcslw;kg m-2;228088;"GRIB2 GRIB1";Dissemination
Total column rain water;tcrw;kg m-2;228089;"GRIB2 GRIB1";Dissemination
Total column snow water;tcsw;kg m-2;228090;"GRIB2 GRIB1";Dissemination
Canopy cover fraction;ccf;(0 - 1);228091;"GRIB2 GRIB1";
Soil texture fraction;stf;(0 - 1);228092;"GRIB2 GRIB1";
Volumetric soil moisture;swv;m3 m-3;228093;"GRIB2 GRIB1";
Ice temperature;ist;K;228094;"GRIB2 GRIB1";
Soil temperature top 20 cm;st20;K;228095;GRIB2;
Soil temperature top 100 cm;st100;K;228096;GRIB2;
Evaporation from the top of canopy;evatc;m of water equivalent;228100;GRIB2;
Evaporation from bare soil;evabs;m of water equivalent;228101;GRIB2;
Evaporation from open water surfaces excluding oceans;evaow;m of water equivalent;228102;GRIB2;
Evaporation from vegetation transpiration;evavt;m of water equivalent;228103;GRIB2;
Atmosphere emission mass flux of Methane from Wetlands;e_WLCH4;kg m-2 s-1;228104;GRIB2;
Solar induced Chlorophyll fluorescence at 740nm;sif740;10-6 W m-2 sr-1 m-1;228105;GRIB2;
Solar induced Chlorophyll fluorescence at 755nm;sif755;10-6 W m-2 sr-1 m-1;228106;GRIB2;
Solar induced Chlorophyll fluorescence at 771nm;sif771;10-6 W m-2 sr-1 m-1;228107;GRIB2;
Solar induced Chlorophyll fluorescence at 757nm;sif757;10-6 W m-2 sr-1 m-1;228108;GRIB2;
Accumulated mass emission of methane from Wetlands;acc_e_WLCH4;kg m-2;228109;GRIB2;
Surface short-wave (solar) radiation downward clear-sky;ssrdc;J m-2;228129;"GRIB2 GRIB1";Dissemination
Surface long-wave (thermal) radiation downward clear-sky;strdc;J m-2;228130;"GRIB2 GRIB1";Dissemination
10 metre u-component of neutral wind;u10n;m s-1;228131;"GRIB2 GRIB1";Dissemination
10 metre v-component of neutral wind;v10n;m s-1;228132;"GRIB2 GRIB1";Dissemination
V-tendency from non-orographic wave drag;vtnowd;m s-2;228134;"GRIB2 GRIB1";
U-tendency from non-orographic wave drag;utnowd;m s-2;228136;"GRIB2 GRIB1";
Soil temperature;st;K;228139;"GRIB2 GRIB1";
Snow depth water equivalent;sd;kg m-2;228141;"GRIB2 GRIB1";Dissemination
Convective precipitation;cp;kg m-2;228143;GRIB2;
Snowfall water equivalent;sf;kg m-2;228144;"GRIB2 GRIB1";
Total Cloud Cover;tcc;%;228164;"GRIB2 GRIB1";
Field capacity;cap;kg m-3;228170;"GRIB2 GRIB1";
Wilting point;wilt;kg m-3;228171;"GRIB2 GRIB1";
Water runoff and drainage;ro;kg m-2;228205;GRIB2;
Accumulated freezing rain;fzra;m;228216;"GRIB2 GRIB1";Dissemination
Instantaneous large-scale precipitation fraction;ilspf;Proportion;228217;"GRIB2 GRIB1";Dissemination
Convective rain rate;crr;kg m-2 s-1;228218;"GRIB2 GRIB1";Dissemination
Large scale rain rate;lsrr;kg m-2 s-1;228219;"GRIB2 GRIB1";Dissemination
Convective snowfall rate water equivalent;csfr;kg m-2 s-1;228220;"GRIB2 GRIB1";Dissemination
Large scale snowfall rate water equivalent;lssfr;kg m-2 s-1;228221;"GRIB2 GRIB1";Dissemination
Maximum total precipitation rate since previous post-processing;mxtpr;kg m-2 s-1;228226;"GRIB2 GRIB1";Dissemination
Minimum total precipitation rate since previous post-processing;mntpr;kg m-2 s-1;228227;"GRIB2 GRIB1";Dissemination
Total Precipitation;tp;kg m-2;228228;"GRIB2 GRIB1";
Mixed-layer CAPE in the lowest 50 hPa;mlcape50;J kg-1;228231;GRIB2;Dissemination
Mixed-layer CIN in the lowest 50 hPa;mlcin50;J kg-1;228232;GRIB2;Dissemination
Mixed-layer CAPE in the lowest 100 hPa;mlcape100;J kg-1;228233;GRIB2;Dissemination
Mixed-layer CIN in the lowest 100 hPa;mlcin100;J kg-1;228234;GRIB2;Dissemination
Most-unstable CAPE;mucape;J kg-1;228235;GRIB2;Dissemination
Most-unstable CIN;mucin;J kg-1;228236;GRIB2;
Departure level of the most unstable parcel expressed as Pressure;mudlp;Pa;228237;GRIB2;Dissemination
200 metre U wind component;200u;m s-1;228239;"GRIB2 GRIB1";Dissemination
200 metre V wind component;200v;m s-1;228240;"GRIB2 GRIB1";Dissemination
200 metre wind speed;200si;m s-1;228241;"GRIB2 GRIB1";Dissemination
100 metre U wind component;100u;m s-1;228246;"GRIB2 GRIB1";Dissemination
100 metre V wind component;100v;m s-1;228247;"GRIB2 GRIB1";Dissemination
Surface short wave-effective total cloudiness;tccsw;dimensionless;228248;GRIB2;
100 metre wind speed;100si;m s-1;228249;"GRIB2 GRIB1";Dissemination
Irrigation fraction;irrfr;Proportion;228250;"GRIB2 GRIB1";
Potential evaporation;pev;m;228251;"GRIB2 GRIB1";Dissemination
Irrigation;irr;m;228252;"GRIB2 GRIB1";
ASCAT first soil moisture CDF matching parameter;ascat_sm_cdfa;m3 m-3;228253;"GRIB2 GRIB1";
ASCAT second soil moisture CDF matching parameter;ascat_sm_cdfb;dimensionless;228254;"GRIB2 GRIB1";
Surface long wave-effective total cloudiness;tcclw;dimensionless;228255;GRIB2;
Urban cover;cur;(0 - 1);229001;GRIB2;
Road Cover;cro;(0 - 1);229002;GRIB2;
Building cover;cbu;(0 - 1);229003;GRIB2;
Building height;bldh;m;229004;GRIB2;
Vertical-to-horizontal area ratio;hwr;m2 m-2;229005;GRIB2;
Standard deviation of building height;bhstd;m;229006;GRIB2;
Wetland cover;cwe;(0 - 1);229007;GRIB2;
Wetland type;twe;(Code table 4.239);229008;GRIB2;
Irrigation cover;cirr;(0 - 1);229009;GRIB2;
C4 crop cover;c4cr;(0 - 1);229010;GRIB2;
C4 grass cover;c4gr;(0 - 1);229011;GRIB2;
Accumulated freezing rain water equivalent;fzrawe;kg m-2;231001;GRIB2;
Runoff water equivalent (surface plus subsurface);rowe;kg m-2;231002;GRIB2;
Snow evaporation water equivalent;eswe;kg m-2;231003;GRIB2;
Potential evaporation rate;pevr;kg m-2 s-1;231004;GRIB2;
Potential evaporation;peva;kg m-2;231005;GRIB2;
Tile fraction;tifr;Proportion;231006;GRIB2;
Tile percentage;tipe;%;231007;GRIB2;
Forecast logarithm of surface roughness length for moisture;flsrm;Numeric;231008;GRIB2;
Surface runoff rate;surfror;kg m-2 s-1;231009;GRIB2;
Surface runoff;surfro;kg m-2;231010;GRIB2;
Sub-surface runoff rate;ssurfror;kg m-2 s-1;231011;GRIB2;
Sub-surface runoff;ssurfro;kg m-2;231012;GRIB2;
Reflectance in 0.4 micron channel;rfl04;%;231013;GRIB2;
Vertical divergence;vdiv;s-1;231014;GRIB2;
Drag thermal coefficient;dtc;Numeric;231015;GRIB2;
Drag evaporation coefficient;dec;Numeric;231016;GRIB2;
Pressure departure from hydrostatic state;pdhs;Pa;231017;GRIB2;
Surface net radiation flux (SW and LW);snrf;W m-2;231018;GRIB2;
Top net radiation flux (SW and LW);tnrf;W m-2;231019;GRIB2;
Global irradiance on tilted surfaces;gits;W m-2;231021;GRIB2;
Eady growth rate;eagr;day-1;231022;GRIB2;
Tropical cyclones track density;tdtc;Numeric;231023;GRIB2;
Canopy air temperature;cant;K;231024;GRIB2;
Soil wetness index (total layer);swit;Numeric;231025;GRIB2;
Soil wetness index (root zone);swir;Numeric;231026;GRIB2;
Soil wetness index (layer);swil;Numeric;231027;GRIB2;
Distance downward from roof surface;ddrf;m;231028;GRIB2;
Distance inward from outer wall surface;diws;m;231029;GRIB2;
Distance downward from road surface;ddrd;m;231030;GRIB2;
Renewable power capacity;rpc;W;231031;GRIB2;
Renewable power production rate;rppr;W;231032;GRIB2;
Renewable power production;rpp;W s;231033;GRIB2;
Wind power capacity;wpc;W;231034;GRIB2;
Wind power production rate;wppr;W;231035;GRIB2;
Wind power production;wpp;W s;231036;GRIB2;
Solar photovoltaic (PV) power capacity;pvpc;W;231037;GRIB2;
Solar photovoltaic (PV) power production rate;pvppr;W;231038;GRIB2;
Solar photovoltaic (PV) power production;pvpp;W s;231039;GRIB2;
Graupel (snow pellets) precipitation;tgrp;kg m-2;231040;GRIB2;
Time-integrated total lightning flash density;litotint;km-2;231041;GRIB2;
Pressure at cloud base;pcdb;Pa;231045;GRIB2;
Geometric height of adiabatic condensation level above ground;hacg;m;231046;GRIB2;
Geometric height of free convection level above ground;hfcg;m;231047;GRIB2;
Geometric height of neutral buoyancy level above ground;hnbg;m;231048;GRIB2;
Geometric height of 3 degrees C atmospheric isothermal level above ground;deg3l;m;231049;GRIB2;
Roof temperature;rft;K;231050;GRIB2;
Wall temperature;wlt;K;231051;GRIB2;
Road temperature;rdt;K;231052;GRIB2;
Snow depth water equivalent on roof;sdrf;kg m-2;231053;GRIB2;
Snow depth water equivalent on road;sdrd;kg m-2;231054;GRIB2;
Urban canyon temperature;urct;K;231055;GRIB2;
Urban canyon specific humidity;urcq;kg kg-1;231056;GRIB2;
Convective snowfall water equivalent;csfwe;kg m-2;231057;GRIB2;
Large-scale snowfall water equivalent;lsfwe;kg m-2;231058;GRIB2;
Lake surface temperature;lslt;K;231059;GRIB2;
Surface bulk Richardson number;sbrn;Numeric;231060;GRIB2;
Surface roughness for heat;srhe;m;231063;GRIB2;
Surface roughness for moisture;srmo;m;231064;GRIB2;
Snow evaporation rate water equivalent;esrwe;kg m-2 s-1;231065;GRIB2;
Radar reflectivity;rare;dB;231066;GRIB2;
Pressure at cloud ceiling;pcdc;Pa;231067;GRIB2;
Visibility through precipitation;visp;m;231068;GRIB2;
Geometric height of 0 degrees C theta level above ground;h0thg;m;231069;GRIB2;
Geometric height of 1 degree C theta level above ground;h1thg;m;231070;GRIB2;
Geometric height of 1.5 degrees C theta level above ground;h1p5thg;m;231071;GRIB2;
Volumetric soil moisture (root zone);vswrz;m3 m-3;231072;GRIB2;
Thunderstorm hazard index;hits;(Code table 4.253);231500;GRIB2;
Surface water flooding hazard index;hiswf;(Code table 4.253);231501;GRIB2;
Polluted air hazard index;hipa;(Code table 4.253);231502;GRIB2;
Storm surge hazard index;hiss;(Code table 4.253);231503;GRIB2;
Cold wave hazard index;hicw;(Code table 4.253);231504;GRIB2;
Frost (hoar frost) hazard index;hihf;(Code table 4.253);231505;GRIB2;
Heatwave hazard index;hihw;(Code table 4.253);231506;GRIB2;
Wind hazard index;hiw;(Code table 4.253);231507;GRIB2;
Wildfires hazard index;hiwf;(Code table 4.253);231508;GRIB2;
Burned area;fba;%;232000;GRIB2;
Burning area;bia;%;232001;GRIB2;
Burnable area;baa;%;232002;GRIB2;
Un-burnable area;ubaa;%;232003;GRIB2;
Fuel load;fuell;kg m-2;232004;GRIB2;
Combustion completeness;combc;%;232005;GRIB2;
Fuel moisture content;fuelmc;kg kg-1;232006;GRIB2;
Live leaf fuel load;llfl;kg m-2;232007;GRIB2;
Live wood fuel load;lwfl;kg m-2;232008;GRIB2;
Dead leaf fuel load;dlfl;kg m-2;232009;GRIB2;
Dead wood fuel load;dwfl;kg m-2;232010;GRIB2;
Live fuel moisture content;lfmc;kg kg-1;232011;GRIB2;
Fine dead leaf moisture content;fdlmc;kg kg-1;232012;GRIB2;
Dense dead leaf moisture content;ddlmc;kg kg-1;232013;GRIB2;
Fine dead wood moisture content;fdwmc;kg kg-1;232014;GRIB2;
Dense dead wood moisture content;ddwmc;kg kg-1;232015;GRIB2;
Live fuel moisture content in low vegetation;lfmclv;kg kg-1;232016;GRIB2;
Live fuel moisture content in high vegetation;lfmchv;kg kg-1;232017;GRIB2;
Time-integrated total column vertically-integrated eastward geopotential flux;tvige;J m-1;233000;GRIB2;
Time-integrated total column vertically-integrated northward geopotential flux;tvign;J m-1;233001;GRIB2;
Time-integrated total column vertically-integrated divergence of water geopotential flux;tviwgd;J m-2;233002;GRIB2;
Time-integrated total column vertically-integrated divergence of geopotential flux;tvigd;J m-2;233003;GRIB2;
Time-integrated total column vertically-integrated eastward enthalpy flux;tviee;J m-1;233004;GRIB2;
Time-integrated total column vertically-integrated northward enthalpy flux;tvien;J m-1;233005;GRIB2;
Time-integrated total column vertically-integrated eastward kinetic energy flux;tvikee;J m-1;233006;GRIB2;
Time-integrated total column vertically-integrated northward kinetic energy flux;tviken;J m-1;233007;GRIB2;
Time-integrated total column vertically-integrated eastward total energy flux;tvitee;J m-1;233008;GRIB2;
Time-integrated total column vertically-integrated northward total energy flux;tviten;J m-1;233009;GRIB2;
Time-integrated total column vertically-integrated divergence of enthalpy flux;tvied;J m-2;233010;GRIB2;
Time-integrated total column vertically-integrated divergence of kinetic energy flux;tviked;J m-2;233011;GRIB2;
Time-integrated total column vertically-integrated divergence of total energy flux;tvited;J m-2;233012;GRIB2;
Time-integrated total column vertically-integrated divergence of water enthalpy flux;tviwed;J m-2;233013;GRIB2;
Time-integrated total column vertically-integrated divergence of mass flux;tvimad;kg m-2;233014;GRIB2;
Time-integrated total column vertically-integrated eastward mass flux;tvimae;kg m-1;233015;GRIB2;
Time-integrated total column vertically-integrated northward mass flux;tviman;kg m-1;233016;GRIB2;
Time-integrated total column vertically-integrated divergence of water vapour flux;tviwvd;kg m-2;233017;GRIB2;
Time-integrated total column vertically-integrated divergence of cloud liquid water flux;tviclwd;kg m-2;233018;GRIB2;
Time-integrated total column vertically-integrated divergence of cloud ice water flux;tviciwd;kg m-2;233019;GRIB2;
Time-integrated total column vertically-integrated divergence of rain flux;tvird;kg m-2;233020;GRIB2;
Time-integrated total column vertically-integrated divergence of snow flux;tvisd;kg m-2;233021;GRIB2;
Time-integrated total column vertically-integrated eastward water vapour flux;tviwve;kg m-1;233022;GRIB2;
Time-integrated total column vertically-integrated northward water vapour flux;tviwvn;kg m-1;233023;GRIB2;
Time-integrated total column vertically-integrated eastward cloud liquid water flux;tviclwe;kg m-1;233024;GRIB2;
Time-integrated total column vertically-integrated northward cloud liquid water flux;tviclwn;kg m-1;233025;GRIB2;
Time-integrated total column vertically-integrated eastward cloud ice water flux;tviciwe;kg m-1;233026;GRIB2;
Time-integrated total column vertically-integrated northward cloud ice water flux;tviciwn;kg m-1;233027;GRIB2;
Time-integrated total column vertically-integrated eastward rain flux;tvire;kg m-1;233028;GRIB2;
Time-integrated total column vertically-integrated northward rain flux;tvirn;kg m-1;233029;GRIB2;
Time-integrated total column vertically-integrated eastward snow flux;tvise;kg m-1;233030;GRIB2;
Time-integrated total column vertically-integrated northward snow flux;tvisn;kg m-1;233031;GRIB2;
Time-integrated total column vertically-integrated eastward ozone flux;tvioze;kg m-1;233032;GRIB2;
Time-integrated total column vertically-integrated northward ozone flux;tviozn;kg m-1;233033;GRIB2;
Time-integrated total column vertically-integrated divergence of ozone flux;tviozd;kg m-2;233034;GRIB2;
Time-integrated total column vertically-integrated net source of ozone;tvions;kg m-2;233035;GRIB2;
Surface temperature significance;sts;%;234139;"GRIB2 GRIB1";
Mean sea level pressure significance;msls;%;234151;"GRIB2 GRIB1";
2 metre temperature significance;2ts;%;234167;"GRIB2 GRIB1";
Total precipitation significance;tps;%;234228;"GRIB2 GRIB1";
Time-mean temperature tendency due to short-wave radiation;avg_ttswr;K s-1;235001;GRIB2;
Time-mean temperature tendency due to long-wave radiation;avg_ttlwr;K s-1;235002;GRIB2;
Time-mean temperature tendency due to short wave radiation, clear sky;avg_ttswrcs;K s-1;235003;GRIB2;
Time-mean temperature tendency due to long-wave radiation, clear sky;avg_ttlwrcs;K s-1;235004;GRIB2;
Time-mean temperature tendency due to parametrisations;avg_ttpm;K s-1;235005;GRIB2;
Time-mean specific humidity tendency due to parametrisations;avg_qtpm;kg kg-1 s-1;235006;GRIB2;
Time-mean eastward wind tendency due to parametrisations;avg_utpm;m s-2;235007;GRIB2;
Time-mean northward wind tendency due to parametrisations;avg_vtpm;m s-2;235008;GRIB2;
Time-mean updraught mass flux;avg_umf;kg m-2 s-1;235009;GRIB2;
Time-mean downdraught mass flux;avg_dmf;kg m-2 s-1;235010;GRIB2;
Time-mean updraught detrainment rate;avg_udr;kg m-3 s-1;235011;GRIB2;
Time-mean downdraught detrainment rate;avg_ddr;kg m-3 s-1;235012;GRIB2;
Time-mean total precipitation flux;avg_tpf;kg m-2 s-1;235013;GRIB2;
Time-mean turbulent diffusion coefficient for heat;avg_tdch;m2 s-1;235014;GRIB2;
Time integral of rain flux;tirf;kg m-2;235015;GRIB2;
Time integral of surface eastward momentum flux;tisemf;N m-2 s;235017;GRIB2;
Time integral of surface northward momentum flux;tisnmf;N m-2 s;235018;GRIB2;
Time integral of surface latent heat evaporation flux;tislhef;J m-2;235019;GRIB2;
Time-mean surface runoff rate;avg_surfror;kg m-2 s-1;235020;"GRIB2 GRIB1";
Time-mean sub-surface runoff rate;avg_ssurfror;kg m-2 s-1;235021;"GRIB2 GRIB1";
Time-mean surface photosynthetically active radiation flux, clear sky;avg_parcsf;W m-2;235022;"GRIB2 GRIB1";
Time-mean snow evaporation rate water equivalent;avg_esrwe;kg m-2 s-1;235023;"GRIB2 GRIB1";
Time-mean snow melt rate;avg_smr;kg m-2 s-1;235024;"GRIB2 GRIB1";
Time-mean magnitude of turbulent surface stress;avg_imagss;N m-2;235025;"GRIB2 GRIB1";
Time-mean large-scale precipitation fraction;avg_ilspf;Proportion;235026;"GRIB2 GRIB1";
Time-mean surface downward UV radiation flux;avg_sduvrf;W m-2;235027;"GRIB2 GRIB1";
Time-mean surface photosynthetically active radiation flux;avg_sparf;W m-2;235028;"GRIB2 GRIB1";
Time-mean large-scale precipitation rate;avg_lsprate;kg m-2 s-1;235029;"GRIB2 GRIB1";
Time-mean convective precipitation rate;avg_cpr;kg m-2 s-1;235030;"GRIB2 GRIB1";
Time-mean total snowfall rate water equivalent;avg_tsrwe;kg m-2 s-1;235031;"GRIB2 GRIB1";
Time-mean boundary layer dissipation;avg_ibld;W m-2;235032;"GRIB2 GRIB1";
Time-mean surface sensible heat flux;avg_ishf;W m-2;235033;"GRIB2 GRIB1";
Time-mean surface latent heat flux;avg_slhtf;W m-2;235034;"GRIB2 GRIB1";
Time-mean surface downward short-wave radiation flux;avg_sdswrf;W m-2;235035;"GRIB2 GRIB1";
Time-mean surface downward long-wave radiation flux;avg_sdlwrf;W m-2;235036;"GRIB2 GRIB1";
Time-mean surface net short-wave radiation flux;avg_snswrf;W m-2;235037;"GRIB2 GRIB1";
Time-mean surface net long-wave radiation flux;avg_snlwrf;W m-2;235038;"GRIB2 GRIB1";
Time-mean top net short-wave radiation flux;avg_tnswrf;W m-2;235039;"GRIB2 GRIB1";
Time-mean top net long-wave radiation flux;avg_tnlwrf;W m-2;235040;"GRIB2 GRIB1";
Time-mean eastward turbulent surface stress;avg_iews;N m-2;235041;"GRIB2 GRIB1";
Time-mean northward turbulent surface stress;avg_inss;N m-2;235042;"GRIB2 GRIB1";
Time-mean moisture flux;avg_ie;kg m-2 s-1;235043;"GRIB2 GRIB1";
Time-mean sunshine duration fraction;avg_sdf;Proportion;235044;"GRIB2 GRIB1";
Time-mean eastward gravity wave surface stress;avg_iegwss;N m-2;235045;"GRIB2 GRIB1";
Time-mean northward gravity wave surface stress;avg_ingwss;N m-2;235046;"GRIB2 GRIB1";
Time-mean gravity wave dissipation;avg_igwd;W m-2;235047;"GRIB2 GRIB1";
Time-mean runoff rate water equivalent (surface plus subsurface);avg_rorwe;kg m-2 s-1;235048;"GRIB2 GRIB1";
Time-mean top net short-wave radiation flux, clear sky;avg_tnswrfcs;W m-2;235049;"GRIB2 GRIB1";
Time-mean top net long-wave radiation flux, clear sky;avg_tnlwrfcs;W m-2;235050;"GRIB2 GRIB1";
Time-mean surface net short-wave radiation flux, clear sky;avg_snswrfcs;W m-2;235051;"GRIB2 GRIB1";
Time-mean surface net long-wave radiation flux, clear sky;avg_snlwrfcs;W m-2;235052;"GRIB2 GRIB1";
Time mean top downward short-wave radiation flux;avg_tdswrf;W m-2;235053;"GRIB2 GRIB1";
Time-mean total column vertically-integrated moisture divergence flux;avg_vimdf;kg m-2 s-1;235054;"GRIB2 GRIB1";
Time-mean total precipitation rate;avg_tprate;kg m-2 s-1;235055;"GRIB2 GRIB1";
Time-mean convective snowfall rate water equivalent;avg_csfr;kg m-2 s-1;235056;"GRIB2 GRIB1";
Time-mean large scale snowfall rate water equivalent;avg_lssfr;kg m-2 s-1;235057;"GRIB2 GRIB1";
Time-mean surface direct short-wave radiation flux;avg_sdirswrf;W m-2;235058;"GRIB2 GRIB1";
Time-mean surface direct short-wave radiation flux, clear sky;avg_sdirswrfcs;W m-2;235059;"GRIB2 GRIB1";
Mean surface diffuse short-wave radiation flux;msdfswrf;W m-2;235060;"GRIB2 GRIB1";
Time-mean carbon dioxide net ecosystem exchange flux;avg_fco2nee;kg m-2 s-1;235062;"GRIB2 GRIB1";
Time-mean carbon dioxide gross primary production flux;avg_fco2gpp;kg m-2 s-1;235063;"GRIB2 GRIB1";
Time-mean carbon dioxide ecosystem respiration flux;avg_fco2rec;kg m-2 s-1;235064;"GRIB2 GRIB1";
Time-mean surface downward short-wave radiation flux, clear sky;avg_sdswrfcs;W m-2;235068;"GRIB2 GRIB1";
Time-mean surface downward long-wave radiation flux, clear sky;avg_sdlwrfcs;W m-2;235069;"GRIB2 GRIB1";
Time-mean potential evaporation rate;avg_pevr;kg m-2 s-1;235070;"GRIB2 GRIB1";
Time integral of surface latent heat sublimation flux;tislhsf;J m-2;235071;GRIB2;
Time integral of snow evaporation flux;tisef;kg m-2;235072;GRIB2;
Time integral of evapotranspiration flux;tietrf;kg m-2;235073;GRIB2;
Time-mean evapotranspiration rate;avg_etr;kg m-2 s-1;235074;GRIB2;
Time integral of potential evapotranspiration rate;tipet;kg m-2;235075;GRIB2;
Time-mean potential evapotranspiration rate;avg_petr;kg m-2 s-1;235076;GRIB2;
Time-mean volumetric soil moisture;avg_vsw;m3 m-3;235077;GRIB2;
Time-mean snow depth water equivalent;avg_sd;kg m-2;235078;GRIB2;
Time-mean skin temperature;avg_skt;K;235079;GRIB2;
Time-mean snow density;avg_rsn;kg m-3;235080;GRIB2;
Time-mean low vegetation cover;avg_cvl;(0 - 1);235081;GRIB2;
Time-mean high vegetation cover;avg_cvh;(0 - 1);235082;GRIB2;
Time-mean sea ice area fraction;avg_ci;(0 - 1);235083;GRIB2;
Time-mean sea surface temperature;avg_sst;K;235084;GRIB2;
Time-mean leaf area index, low vegetation;avg_lai_lv;m2 m-2;235085;GRIB2;
Time-mean leaf area index, high vegetation;avg_lai_hv;m2 m-2;235086;GRIB2;
Time-mean total column liquid water;avg_tclw;kg m-2;235087;GRIB2;
Time-mean total column cloud ice water;avg_tciw;kg m-2;235088;GRIB2;
Time-mean 2 metre specific humidity;avg_2sh;kg kg-1;235089;GRIB2;
Time-mean lake mix-layer temperature;avg_lmlt;K;235090;GRIB2;
Time-mean lake mix-layer depth;avg_lmld;m;235091;GRIB2;
Time-mean 2 metre relative humidity;avg_2r;%;235092;GRIB2;
Time-mean fraction of snow cover;avg_fscov;Proportion;235093;GRIB2;
Time-mean soil temperature;avg_sot;K;235094;GRIB2;
Time-mean snow depth;avg_sde;m;235095;GRIB2;
Time-mean snow cover;avg_snowc;%;235096;GRIB2;
Time-mean wind speed;avg_ws;m s-1;235097;GRIB2;
Time-mean pressure;avg_pres;Pa;235098;GRIB2;
Time-mean charnock;avg_chnk;Numeric;235099;GRIB2;
Time-mean potential vorticity;avg_pv;K m2 kg-1 s-1;235100;GRIB2;
Time-mean specific rain water content;avg_crwc;kg kg-1;235101;GRIB2;
Time-mean specific snow water content;avg_cswc;kg kg-1;235102;GRIB2;
Time-mean eta-coordinate vertical velocity;avg_etadot;s-1;235103;GRIB2;
Time-mean visibility;avg_vis;m;235105;GRIB2;
Time-mean wind direction;avg_wdir;Degree true;235106;GRIB2;
Time-mean total column snow water;avg_tcsw;kg m-2;235107;GRIB2;
Time-mean low cloud cover;avg_lcc;%;235108;GRIB2;
Time-mean medium cloud cover;avg_mcc;%;235109;GRIB2;
Time-mean high cloud cover;avg_hcc;%;235110;GRIB2;
Time-mean total column rain water;avg_tcrw;kg m-2;235111;GRIB2;
Time-mean soil moisture top 20 cm;avg_sm20;kg m-3;235113;GRIB2;
Time-mean soil moisture top 100 cm;avg_sm100;kg m-3;235114;GRIB2;
Time-mean soil temperature top 20 cm;avg_st20;K;235115;GRIB2;
Time-mean soil temperature top 100 cm;avg_st100;K;235116;GRIB2;
Time-mean most-unstable CAPE;avg_mucape;J kg-1;235117;GRIB2;
Time-mean volumetric soil moisture top 20 cm;avg_vsw20;m3 m-3;235118;GRIB2;
Time-mean volumetric soil moisture top 100 cm;avg_vsw100;m3 m-3;235119;GRIB2;
Time-mean total column vertically-integrated graupel (snow pellets);avg_tcolg;kg m-2;235120;GRIB2;
Time-mean geopotential;avg_z;m2 s-2;235129;GRIB2;
Time-mean temperature;avg_t;K;235130;GRIB2;
Time-mean U component of wind;avg_u;m s-1;235131;GRIB2;
Time-mean V component of wind;avg_v;m s-1;235132;GRIB2;
Time-mean specific humidity;avg_q;kg kg-1;235133;GRIB2;
Time-mean surface pressure;avg_sp;Pa;235134;GRIB2;
Time-mean vertical velocity;avg_w;Pa s-1;235135;GRIB2;
Time-mean total column water;avg_tcw;kg m-2;235136;GRIB2;
Time-mean total column vertically-integrated water vapour;avg_tcwv;kg m-2;235137;GRIB2;
Time-mean vorticity (relative);avg_vo;s-1;235138;GRIB2;
Time-mean snow depth;avg_sd_m;m of water equivalent;235141;GRIB2;
Time-mean surface net radiation flux (SW and LW);avg_snrf;W m-2;235149;GRIB2;
Time-mean top net radiation flux (SW and LW);avg_tnrf;W m-2;235150;GRIB2;
Time-mean mean sea level pressure;avg_msl;Pa;235151;GRIB2;
Time-mean logarithm of surface pressure;avg_lnsp;Numeric;235152;GRIB2;
Time-mean divergence;avg_d;s-1;235155;GRIB2;
Time-mean relative humidity;avg_r;%;235157;GRIB2;
Time-mean boundary layer height;avg_blh;m;235159;GRIB2;
Time-mean 10 metre U wind component;avg_10u;m s-1;235165;GRIB2;
Time-mean 10 metre V wind component;avg_10v;m s-1;235166;GRIB2;
Time-mean 2 metre dewpoint temperature;avg_2d;K;235168;GRIB2;
Time-mean low cloud cover;avg_lcc_frac;(0 - 1);235186;GRIB2;
Time-mean medium cloud cover;avg_mcc_frac;(0 - 1);235187;GRIB2;
Time-mean high cloud cover;avg_hcc_frac;(0 - 1);235188;GRIB2;
Time-mean sunshine;avg_suns;Numeric;235189;GRIB2;
Time-mean ozone mass mixing ratio;avg_o3;kg kg-1;235203;GRIB2;
Time-mean temperature of snow layer;avg_tsn;K;235238;GRIB2;
Time-mean forecast albedo;avg_fal_frac;(0 - 1);235243;GRIB2;
Time-mean forecast surface roughness;avg_fsr;m;235244;GRIB2;
Time-mean forecast logarithm of surface roughness for heat;avg_flsr;Numeric;235245;GRIB2;
Time-mean specific cloud liquid water content;avg_clwc;kg kg-1;235246;GRIB2;
Time-mean specific cloud ice water content;avg_ciwc;kg kg-1;235247;GRIB2;
Time-mean fraction of cloud cover;avg_cc;(0 - 1);235248;GRIB2;
Time-mean K index;avg_kx;K;235257;GRIB2;
Time-mean total totals index;avg_totalx;K;235258;GRIB2;
Time-mean 10 metre wind direction;avg_10wdir;Degree true;235261;GRIB2;
Time-mean clear air turbulence (CAT);avg_cat;m2/3 s-1;235262;GRIB2;
Time-mean forecast albedo;avg_al;%;235263;GRIB2;
Time-mean potential temperature;avg_pt;K;235269;GRIB2;
Time-mean discharge from rivers or streams;avg_dis;m3 s-1;235270;GRIB2;
Time-mean soil wetness index (total layer);avg_swit;Numeric;235271;GRIB2;
Time-mean soil wetness index (root zone);avg_swir;Numeric;235272;GRIB2;
Time-mean soil wetness index(layer);avg_swil;Numeric;235273;GRIB2;
Time-mean floodplain depth;avg_flddep;m;235274;GRIB2;
Time-mean floodplain flooded fraction;avg_fldffr;Proportion;235275;GRIB2;
Time-mean floodplain flooded area;avg_fldfar;m2;235276;GRIB2;
Time-mean river fraction;avg_rivfr;Proportion;235277;GRIB2;
Time-mean river area;avg_rivar;m2;235278;GRIB2;
Time-mean fraction of river coverage plus river related flooding;avg_rivcffr;Proportion;235279;GRIB2;
Time-mean area of river coverage plus river related flooding;avg_rivcfar;m2;235280;GRIB2;
Time-mean UV visible albedo for direct radiation (climatological);avg_aluvp_p;%;235281;GRIB2;
Time-mean UV visible albedo for diffuse radiation (climatological);avg_aluvd_p;%;235282;GRIB2;
Time-mean near IR albedo for direct radiation (climatological);avg_alnip_p;%;235283;GRIB2;
Time-mean near IR albedo for diffuse radiation (climatological);avg_alnid_p;%;235284;GRIB2;
Time-mean snow albedo;avg_asn;%;235285;GRIB2;
Time-mean montgomery potential;avg_mont;m2 s-2;235286;GRIB2;
Time-mean convective available potential energy;avg_cape;J kg-1;235287;GRIB2;
Time-mean total cloud cover;avg_tcc;%;235288;GRIB2;
Time-mean skin reservoir content;avg_srcon;kg m-2;235289;GRIB2;
Time-mean total column integrated ozone;avg_tcioz;DU;235290;GRIB2;
Time-mean total column vertically-integrated kinetic energy;avg_vike;J m-2;235291;GRIB2;
Time-mean total column vertically-integrated enthalpy;avg_vithe;J m-2;235292;GRIB2;
Time-mean total column vertically-integrated potential + internal energy;avg_vipie;J m-2;235293;GRIB2;
Time-mean total column vertically-integrated potential+internal+latent energy;avg_vipile;J m-2;235294;GRIB2;
Time-mean total column vertically-integrated total energy;avg_vitoe;J m-2;235295;GRIB2;
Time-mean total column vertically-integrated water enthalpy;avg_viwe;J m-2;235296;GRIB2;
Time-mean UV visible albedo for direct radiation, isotropic component (climatological);avg_aluvpi_p;%;235297;GRIB2;
Time-mean UV visible albedo for direct radiation, volumetric component (climatological);avg_aluvpv_p;%;235298;GRIB2;
Time-mean UV visible albedo for direct radiation, geometric component (climatological);avg_aluvpg_p;%;235299;GRIB2;
Time-mean near IR albedo for direct radiation, isotropic component (climatological);avg_alnipi_p;%;235300;GRIB2;
Time-mean near IR albedo for direct radiation, volumetric component (climatological);avg_alnipv_p;%;235301;GRIB2;
Time-mean near IR albedo for direct radiation, geometric component (climatological);avg_alnipg_p;%;235302;GRIB2;
Time-mean convective inhibition;avg_cin;J kg-1;235303;GRIB2;
Time-mean friction velocity;avg_zust;m s-1;235304;GRIB2;
Time-mean lake bottom temperature;avg_lblt;K;235305;GRIB2;
Time-mean lake total layer temperature;avg_ltlt;K;235306;GRIB2;
Time-mean lake shape factor;avg_lshf;dimensionless;235307;GRIB2;
Time-mean lake ice surface temperature;avg_lict;K;235308;GRIB2;
Time-mean lake ice total depth;avg_licd;m;235309;GRIB2;
Time-mean minimum vertical gradient of refractivity inside trapping layer;avg_dndzn;m-1;235310;GRIB2;
Time-mean mean vertical gradient of refractivity inside trapping layer;avg_dndza;m-1;235311;GRIB2;
Time-mean duct base height;avg_dctb;m;235312;GRIB2;
Time-mean trapping layer base height;avg_tplb;m;235313;GRIB2;
Time-mean trapping layer top height;avg_tplt;m;235314;GRIB2;
Time-mean geometric height of -10 degrees C atmospheric isothermal level above ground;avg_degm10l;m;235315;GRIB2;
Time-mean cloud base height;avg_cbh;m;235316;GRIB2;
Time-mean geometric height of 0 degrees C atmospheric isothermal level above ground;avg_deg0l;m;235317;GRIB2;
Time-mean 10 metre wind gust;avg_i10fg;m s-1;235318;GRIB2;
Time-mean relative humidity with respect to water;avg_rhw;%;235319;GRIB2;
Time-mean 2 metre relative humidity with respect to water;avg_2rhw;%;235320;GRIB2;
Time-mean convective available potential energy shear;avg_capes;m2 s-2;235321;GRIB2;
Time-mean tropopause pressure;avg_trpp;Pa;235322;GRIB2;
Time-mean height of convective cloud top;avg_hcct;m;235323;GRIB2;
Time-mean height of zero-degree wet-bulb temperature;avg_hwbt0;m;235324;GRIB2;
Time-mean height of one-degree wet-bulb temperature;avg_hwbt1;m;235325;GRIB2;
Time-mean total lightning flash density;avg_litoti;km-2 day-1;235326;GRIB2;
Time-mean total column supercooled liquid water;avg_tcslw;kg m-2;235327;GRIB2;
Time-mean 10 metre U-component of neutral wind;avg_u10n;m s-1;235328;GRIB2;
Time-mean 10 metre V-component of neutral wind;avg_v10n;m s-1;235329;GRIB2;
Time-mean convective rain rate;avg_crr;kg m-2 s-1;235330;GRIB2;
Time-mean large scale rain rate;avg_lsrr;kg m-2 s-1;235331;GRIB2;
Time-mean mixed-layer CAPE in the lowest 50 hPa;avg_mlcape50;J kg-1;235332;GRIB2;
Time-mean mixed-layer CIN in the lowest 50 hPa;avg_mlcin50;J kg-1;235333;GRIB2;
Time-mean mixed-layer CAPE in the lowest 100 hPa;avg_mlcape100;J kg-1;235334;GRIB2;
Time-mean mixed-layer CIN in the lowest 100 hPa;avg_mlcin100;J kg-1;235335;GRIB2;
Time-mean departure level of the most unstable parcel expressed as Pressure;avg_mudlp;Pa;235336;GRIB2;
Time-mean ceiling;avg_ceil;m;235337;GRIB2;
Time-mean total column integrated saturation specific humidity with respect to water;avg_tcsqw;kg m-2;235338;GRIB2;
Time-mean surface direct normal short-wave radiation flux;avg_sdirnswrf;W m-2;235339;GRIB2;
Time-mean cosine of solar zenith angle;avg_cossza;Numeric;235340;GRIB2;
Time-mean freezing rain precipitation rate;avg_fprate;kg m-2 s-1;235341;GRIB2;
Time-mean total column vertically-integrated eastward geopotential flux;avg_vige;W m-1;235342;GRIB2;
Time-mean total column vertically-integrated northward geopotential flux;avg_vign;W m-1;235343;GRIB2;
Time-mean total column vertically-integrated divergence of water geopotential flux;avg_viwgd;W m-2;235344;GRIB2;
Time-mean total column vertically-integrated divergence of geopotential flux;avg_vigd;W m-2;235345;GRIB2;
Time-mean total column vertically-integrated eastward enthalpy flux;avg_viee;W m-1;235346;GRIB2;
Time-mean total column vertically-integrated northward enthalpy flux;avg_vien;W m-1;235347;GRIB2;
Time-mean total column vertically-integrated eastward kinetic energy flux;avg_vikee;W m-1;235348;GRIB2;
Time-mean total column vertically-integrated northward kinetic energy flux;avg_viken;W m-1;235349;GRIB2;
Time-mean total column vertically-integrated eastward total energy flux;avg_vitee;W m-1;235350;GRIB2;
Time-mean total column vertically-integrated northward total energy flux;avg_viten;W m-1;235351;GRIB2;
Time-mean total column vertically-integrated divergence of enthalpy flux;avg_vied;W m-2;235352;GRIB2;
Time-mean total column vertically-integrated divergence of kinetic energy flux;avg_viked;W m-2;235353;GRIB2;
Time-mean total column vertically-integrated divergence of total energy flux;avg_vited;W m-2;235354;GRIB2;
Time-mean total column vertically-integrated divergence of water enthalpy flux;avg_viwed;W m-2;235355;GRIB2;
Time-mean total column vertically-integrated divergence of mass flux;avg_vimad;kg m-2 s-1;235356;GRIB2;
Time-mean total column vertically-integrated eastward mass flux;avg_vimae;kg m-1 s-1;235357;GRIB2;
Time-mean total column vertically-integrated northward mass flux;avg_viman;kg m-1 s-1;235358;GRIB2;
Time-mean total column vertically-integrated divergence of water vapour flux;avg_viwvd;kg m-2 s-1;235359;GRIB2;
Time-mean total column vertically-integrated divergence of cloud liquid water flux;avg_viclwd;kg m-2 s-1;235360;GRIB2;
Time-mean total column vertically-integrated divergence of cloud ice water flux;avg_viciwd;kg m-2 s-1;235361;GRIB2;
Time-mean total column vertically-integrated divergence of rain flux;avg_vird;kg m-2 s-1;235362;GRIB2;
Time-mean total column vertically-integrated divergence of snow flux;avg_visd;kg m-2 s-1;235363;GRIB2;
Time-mean total column vertically-integrated eastward water vapour flux;avg_viwve;kg m-1 s-1;235364;GRIB2;
Time-mean total column vertically-integrated northward water vapour flux;avg_viwvn;kg m-1 s-1;235365;GRIB2;
Time-mean total column vertically-integrated eastward cloud liquid water flux;avg_viclwe;kg m-1 s-1;235366;GRIB2;
Time-mean total column vertically-integrated northward cloud liquid water flux;avg_viclwn;kg m-1 s-1;235367;GRIB2;
Time-mean total column vertically-integrated eastward cloud ice water flux;avg_viciwe;kg m-1 s-1;235368;GRIB2;
Time-mean total column vertically-integrated northward cloud ice water flux;avg_viciwn;kg m-1 s-1;235369;GRIB2;
Time-mean total column vertically-integrated eastward rain flux;avg_vire;kg m-1 s-1;235370;GRIB2;
Time-mean total column vertically-integrated northward rain flux;avg_virn;kg m-1 s-1;235371;GRIB2;
Time-mean total column vertically-integrated eastward snow flux;avg_vise;kg m-1 s-1;235372;GRIB2;
Time-mean total column vertically-integrated northward snow flux;avg_visn;kg m-1 s-1;235373;GRIB2;
Time-mean total column vertically-integrated eastward ozone flux;avg_vioze;kg m-1 s-1;235374;GRIB2;
Time-mean total column vertically-integrated northward ozone flux;avg_viozn;kg m-1 s-1;235375;GRIB2;
Time-mean total column vertically-integrated divergence of ozone flux;avg_viozd;kg m-2 s-1;235376;GRIB2;
Time-mean total column vertically-integrated net source of ozone;avg_vions;kg m-2 s-1;235377;GRIB2;
Time-mean eastward turbulent surface stress due to orographic form drag;avg_ietssofd;N m-2;235378;GRIB2;
Time-mean northward turbulent surface stress due to orographic form drag;avg_intssofd;N m-2;235379;GRIB2;
Time-mean eastward turbulent surface stress due to surface roughness;avg_ietsssr;N m-2;235380;GRIB2;
Time-mean northward turbulent surface stress due to surface roughness;avg_intsssr;N m-2;235381;GRIB2;
Time-mean visibility through precipitation;avg_visp;m;235382;GRIB2;
Time-mean cloud-to-ground lightning flash density;avg_licgi;km-2 day-1;235383;GRIB2;
Time-mean land surface heat net flux;avg_lshnf;W m-2;235386;GRIB2;
Time-mean surface direct normal short-wave radiation flux, clear sky;avg_sdirnswrfcs;W m-2;235387;GRIB2;
Time-mean 10 metre convective gust;avg_10cogu;m s-1;235388;GRIB2;
Time-mean 10 metre turbulent gust;avg_10tugu;m s-1;235389;GRIB2;
Time-mean geometric height of 0 degrees C theta level above ground;avg_h0thg;m;235390;GRIB2;
Time-mean geometric height of 1 degree C theta level above ground;avg_h1thg;m;235391;GRIB2;
Time-mean geometric height of 1.5 degrees C theta level above ground;avg_h1p5thg;m;235392;GRIB2;
Time-mean vegetation;avg_veg;%;235393;GRIB2;
Time-mean leaf area index;avg_lai;Numeric;235394;GRIB2;
Time-mean surface roughness for heat;avg_srhe;m;235395;GRIB2;
Time-mean Reciprocal Obukhov length;avg_rol;m-1;235396;GRIB2;
Time-mean geometric height of 3 degrees C atmospheric isothermal level above ground;avg_deg3l;m;235397;GRIB2;
Time-mean river storage of water;avg_rivsto;m3;235398;GRIB2;
Time-mean floodplain storage of water;avg_fldsto;m3;235399;GRIB2;
Time-mean river depth;avg_rivdph;m;235400;GRIB2;
Time-mean river outflow of water;avg_rivout;m3 s-1;235401;GRIB2;
Time-mean floodplain outflow of water;avg_fldout;m3 s-1;235402;GRIB2;
Time-mean floodpath outflow of water;avg_pthflw;m3 s-1;235403;GRIB2;
Time-mean surface diffuse short-wave radiation flux, clear sky;avg_sdifswrfcs;W m-2;235404;GRIB2;
Time-mean volumetric soil moisture (root zone);avg_vswrz;m3 m-3;235405;GRIB2;
Time-mean liquid water content in snow pack;avg_lwcs;kg m-2;235406;GRIB2;
Time-mean most-unstable CIN;avg_mucin;J kg-1;235407;GRIB2;
Time-mean specific rain water content (convective);avg_crwc_conv;kg kg-1;235408;GRIB2;
Time-mean specific snow water content (convective);avg_cswc_conv;kg kg-1;235409;GRIB2;
Time-mean mixed layer depth;avg_mld;m;235410;GRIB2;
Time-mean urban cover;avg_cur;(0 - 1);235411;GRIB2;
Time-integrated land surface heat net flux;acc_lshnf;J m-2;236386;GRIB2;
Time-integrated surface direct normal short-wave radiation flux, clear sky;acc_sdirnswrfcs;J m-2;236387;GRIB2;
Time-maximum temperature tendency due to short-wave radiation;max_ttswr;K s-1;237001;GRIB2;
Time-maximum temperature tendency due to long-wave radiation;max_ttlwr;K s-1;237002;GRIB2;
Time-maximum temperature tendency due to short wave radiation, clear sky;max_ttswrcs;K s-1;237003;GRIB2;
Time-maximum temperature tendency due to long-wave radiation, clear sky;max_ttlwrcs;K s-1;237004;GRIB2;
Time-maximum temperature tendency due to parametrisations;max_ttpm;K s-1;237005;GRIB2;
Time-maximum specific humidity tendency due to parametrisations;max_qtpm;kg kg-1 s-1;237006;GRIB2;
Time-maximum eastward wind tendency due to parametrisations;max_utpm;m s-2;237007;GRIB2;
Time-maximum northward wind tendency due to parametrisations;max_vtpm;m s-2;237008;GRIB2;
Time-maximum updraught mass flux;max_umf;kg m-2 s-1;237009;GRIB2;
Time-maximum downdraught mass flux;max_dmf;kg m-2 s-1;237010;GRIB2;
Time-maximum updraught detrainment rate;max_udr;kg m-3 s-1;237011;GRIB2;
Time-maximum downdraught detrainment rate;max_ddr;kg m-3 s-1;237012;GRIB2;
Time-maximum total precipitation flux;max_tpf;kg m-2 s-1;237013;GRIB2;
Time-maximum turbulent diffusion coefficient for heat;max_tdch;m2 s-1;237014;GRIB2;
Time-maximum surface photosynthetically active radiation flux, clear sky;max_parcsf;W m-2;237022;GRIB2;
Time-maximum snow evaporation rate water equivalent;max_esrwe;kg m-2 s-1;237023;GRIB2;
Time-maximum snow melt rate;max_smr;kg m-2 s-1;237024;GRIB2;
Time-maximum magnitude of turbulent surface stress;max_imagss;N m-2;237025;GRIB2;
Time-maximum large-scale precipitation fraction;max_ilspf;Proportion;237026;GRIB2;
Time-maximum surface downward UV radiation flux;max_sduvrf;W m-2;237027;GRIB2;
Time-maximum surface photosynthetically active radiation flux;max_sparf;W m-2;237028;GRIB2;
Time-maximum large-scale precipitation rate;max_lsprate;kg m-2 s-1;237029;GRIB2;
Time-maximum convective precipitation rate;max_cpr;kg m-2 s-1;237030;GRIB2;
Time-maximum total snowfall rate water equivalent;max_tsrwe;kg m-2 s-1;237031;GRIB2;
Time-maximum boundary layer dissipation;max_ibld;W m-2;237032;GRIB2;
Time-maximum surface sensible heat flux;max_ishf;W m-2;237033;GRIB2;
Time-maximum surface latent heat flux;max_slhtf;W m-2;237034;GRIB2;
Time-maximum surface downward short-wave radiation flux;max_sdswrf;W m-2;237035;GRIB2;
Time-maximum surface downward long-wave radiation flux;max_sdlwrf;W m-2;237036;GRIB2;
Time-maximum surface net short-wave radiation flux;max_snswrf;W m-2;237037;GRIB2;
Time-maximum surface net long-wave radiation flux;max_snlwrf;W m-2;237038;GRIB2;
Time-maximum top net short-wave radiation flux;max_tnswrf;W m-2;237039;GRIB2;
Time-maximum top net long-wave radiation flux;max_tnlwrf;W m-2;237040;GRIB2;
Time-maximum eastward turbulent surface stress;max_iews;N m-2;237041;GRIB2;
Time-maximum northward turbulent surface stress;max_inss;N m-2;237042;GRIB2;
Time-maximum moisture flux;max_ie;kg m-2 s-1;237043;GRIB2;
Time-maximum eastward gravity wave surface stress;max_iegwss;N m-2;237045;GRIB2;
Time-maximum northward gravity wave surface stress;max_ingwss;N m-2;237046;GRIB2;
Time-maximum gravity wave dissipation;max_igwd;W m-2;237047;GRIB2;
Time-maximum runoff rate water equivalent (surface plus subsurface);max_rorwe;kg m-2 s-1;237048;GRIB2;
Time-maximum top net short-wave radiation flux, clear sky;max_tnswrfcs;W m-2;237049;GRIB2;
Time-maximum top net long-wave radiation flux, clear sky;max_tnlwrfcs;W m-2;237050;GRIB2;
Time-maximum surface net short-wave radiation flux, clear sky;max_snswrfcs;W m-2;237051;GRIB2;
Time-maximum surface net long-wave radiation flux, clear sky;max_snlwrfcs;W m-2;237052;GRIB2;
Time mean top downward short-wave radiation flux;max_tdswrf;W m-2;237053;GRIB2;
Time-maximum total column vertically-integrated moisture divergence flux;max_vimdf;kg m-2 s-1;237054;GRIB2;
Time-maximum total precipitation rate;max_tprate;kg m-2 s-1;237055;GRIB2;
Time-maximum convective snowfall rate water equivalent;max_csfr;kg m-2 s-1;237056;GRIB2;
Time-maximum large scale snowfall rate water equivalent;max_lssfr;kg m-2 s-1;237057;GRIB2;
Time-maximum surface direct short-wave radiation flux;max_sdirswrf;W m-2;237058;GRIB2;
Time-maximum surface direct short-wave radiation flux, clear sky;max_sdirswrfcs;W m-2;237059;GRIB2;
Time-maximum carbon dioxide net ecosystem exchange flux;max_fco2nee;kg m-2 s-1;237062;GRIB2;
Time-maximum carbon dioxide gross primary production flux;max_fco2gpp;kg m-2 s-1;237063;GRIB2;
Time-maximum carbon dioxide ecosystem respiration flux;max_fco2rec;kg m-2 s-1;237064;GRIB2;
Time-maximum surface downward short-wave radiation flux, clear sky;max_sdswrfcs;W m-2;237068;GRIB2;
Time-maximum surface downward long-wave radiation flux, clear sky;max_sdlwrfcs;W m-2;237069;GRIB2;
Time-maximum potential evaporation rate;max_pevr;kg m-2 s-1;237070;GRIB2;
Time-maximum volumetric soil moisture;max_vsw;m3 m-3;237077;GRIB2;
Time-maximum snow depth water equivalent;max_sd;kg m-2;237078;GRIB2;
Time-maximum skin temperature;max_skt;K;237079;GRIB2;
Time-maximum snow density;max_rsn;kg m-3;237080;GRIB2;
Time-maximum sea ice area fraction;max_ci;(0 - 1);237083;GRIB2;
Time-maximum sea surface temperature;max_sst;K;237084;GRIB2;
Time-maximum leaf area index, low vegetation;max_lai_lv;m2 m-2;237085;GRIB2;
Time-maximum leaf area index, high vegetation;max_lai_hv;m2 m-2;237086;GRIB2;
Time-maximum total column cloud liquid water;max_tclw;kg m-2;237087;GRIB2;
Time-maximum total column cloud ice water;max_tciw;kg m-2;237088;GRIB2;
Time-maximum 2 metre specific humidity;max_2sh;kg kg-1;237089;GRIB2;
Time-maximum lake mix-layer temperature;max_lmlt;K;237090;GRIB2;
Time-maximum lake mix-layer depth;max_lmld;m;237091;GRIB2;
Time-maximum 2 metre relative humidity;max_2r;%;237092;GRIB2;
Time-maximum fraction of snow cover;max_fscov;Proportion;237093;GRIB2;
Time-maximum soil temperature;max_sot;K;237094;GRIB2;
Time-maximum wind speed;max_ws;m s-1;237097;GRIB2;
Time-maximum pressure;max_pres;Pa;237098;GRIB2;
Time-maximum charnock;max_chnk;Numeric;237099;GRIB2;
Time-maximum potential vorticity;max_pv;K m2 kg-1 s-1;237100;GRIB2;
Time-maximum specific rain water content;max_crwc;kg kg-1;237101;GRIB2;
Time-maximum specific snow water content;max_cswc;kg kg-1;237102;GRIB2;
Time-maximum eta-coordinate vertical velocity;max_etadot;s-1;237103;GRIB2;
Time-maximum visibility;max_vis;m;237105;GRIB2;
Time-maximum wind direction;max_wdir;Degree true;237106;GRIB2;
Time-maximum total column snow water;max_tcsw;kg m-2;237107;GRIB2;
Time-maximum low cloud cover;max_lcc;%;237108;GRIB2;
Time-maximum medium cloud cover;max_mcc;%;237109;GRIB2;
Time-maximum high cloud cover;max_hcc;%;237110;GRIB2;
Time-maximum total column rain water;max_tcrw;kg m-2;237111;GRIB2;
Time-maximum most-unstable CAPE;max_mucape;J kg-1;237117;GRIB2;
Time-maximum total column vertically-integrated graupel (snow pellets);max_tcolg;kg m-2;237120;GRIB2;
Time-maximum geopotential;max_z;m2 s-2;237129;GRIB2;
Time-maximum temperature;max_t;K;237130;GRIB2;
Time-maximum u component of wind;max_u;m s-1;237131;GRIB2;
Time-maximum v component of wind;max_v;m s-1;237132;GRIB2;
Time-maximum specific humidity;max_q;kg kg-1;237133;GRIB2;
Time-maximum surface pressure;max_sp;Pa;237134;GRIB2;
Time-maximum vertical velocity;max_w;Pa s-1;237135;GRIB2;
Time-maximum total column water;max_tcw;kg m-2;237136;GRIB2;
Time-maximum total column vertically-integrated water vapour;max_tcwv;kg m-2;237137;GRIB2;
Time-maximum vorticity (relative);max_vo;s-1;237138;GRIB2;
Time-maximum mean sea level pressure;max_msl;Pa;237151;GRIB2;
Time-maximum logarithm of surface pressure;max_lnsp;Numeric;237152;GRIB2;
Time-maximum divergence;max_d;s-1;237155;GRIB2;
Time-maximum relative humidity;max_r;%;237157;GRIB2;
Time-maximum boundary layer height;max_blh;m;237159;GRIB2;
Time-maximum 10 metre U wind component;max_10u;m s-1;237165;GRIB2;
Time-maximum 10 metre V wind component;max_10v;m s-1;237166;GRIB2;
Time-maximum 2 metre temperature;max_2t;K;237167;GRIB2;
Time-maximum 2 metre dewpoint temperature;max_2d;K;237168;GRIB2;
Time-maximum sunshine;max_suns;Numeric;237189;GRIB2;
Time-maximum ozone mass mixing ratio;max_o3;kg kg-1;237203;GRIB2;
Time-maximum 10 metre wind speed;max_10si;m s-1;237207;GRIB2;
Time-maximum temperature of snow layer;max_tsn;K;237238;GRIB2;
Time-maximum forecast surface roughness;max_fsr;m;237244;GRIB2;
Time-maximum forecast logarithm of surface roughness for heat;max_flsr;Numeric;237245;GRIB2;
Time-maximum specific cloud liquid water content;max_clwc;kg kg-1;237246;GRIB2;
Time-maximum specific cloud ice water content;max_ciwc;kg kg-1;237247;GRIB2;
Time-maximum fraction of cloud cover;max_cc;(0 - 1);237248;GRIB2;
Time-maximum k index;max_kx;K;237257;GRIB2;
Time-maximum total totals index;max_totalx;K;237258;GRIB2;
Time-maximum 10 metre wind direction;max_10wdir;Degree true;237261;GRIB2;
Time-maximum clear air turbulence (CAT);max_cat;m2/3 s-1;237262;GRIB2;
Time-maximum forecast albedo;max_al;%;237263;GRIB2;
Time-maximum potential temperature;max_pt;K;237269;GRIB2;
Time-maximum UV visible albedo for direct radiation (climatological);max_aluvp_p;%;237281;GRIB2;
Time-maximum UV visible albedo for diffuse radiation (climatological);max_aluvd_p;%;237282;GRIB2;
Time-maximum near IR albedo for direct radiation (climatological);max_alnip_p;%;237283;GRIB2;
Time-maximum near IR albedo for diffuse radiation (climatological);max_alnid_p;%;237284;GRIB2;
Time-maximum snow albedo;max_asn;%;237285;GRIB2;
Time-maximum montgomery potential;max_mont;m2 s-2;237286;GRIB2;
Time-maximum convective available potential energy;max_cape;J kg-1;237287;GRIB2;
Time-maximum total cloud cover;max_tcc;%;237288;GRIB2;
Time-maximum skin reservoir content;max_srcon;kg m-2;237289;GRIB2;
Time-maximum total column integrated ozone;max_tcioz;DU;237290;GRIB2;
Time-maximum total column vertically-integrated kinetic energy;max_vike;J m-2;237291;GRIB2;
Time-maximum total column vertically-integrated enthalpy;max_vithe;J m-2;237292;GRIB2;
Time-maximum total column vertically-integrated potential + internal energy;max_vipie;J m-2;237293;GRIB2;
Time-maximum total column vertically-integrated potential+internal+latent energy;max_vipile;J m-2;237294;GRIB2;
Time-maximum total column vertically-integrated total energy;max_vitoe;J m-2;237295;GRIB2;
Time-maximum total column vertically-integrated water enthalpy;max_viwe;J m-2;237296;GRIB2;
Time-maximum UV visible albedo for direct radiation, isotropic component (climatological);max_aluvpi_p;%;237297;GRIB2;
Time-maximum UV visible albedo for direct radiation, volumetric component (climatological);max_aluvpv_p;%;237298;GRIB2;
Time-maximum UV visible albedo for direct radiation, geometric component (climatological);max_aluvpg_p;%;237299;GRIB2;
Time-maximum near IR albedo for direct radiation, isotropic component (climatological);max_alnipi_p;%;237300;GRIB2;
Time-maximum near IR albedo for direct radiation, volumetric component (climatological);max_alnipv_p;%;237301;GRIB2;
Time-maximum near IR albedo for direct radiation, geometric component (climatological);max_alnipg_p;%;237302;GRIB2;
Time-maximum convective inhibition;max_cin;J kg-1;237303;GRIB2;
Time-maximum friction velocity;max_zust;m s-1;237304;GRIB2;
Time-maximum lake bottom temperature;max_lblt;K;237305;GRIB2;
Time-maximum lake total layer temperature;max_ltlt;K;237306;GRIB2;
Time-maximum lake shape factor;max_lshf;dimensionless;237307;GRIB2;
Time-maximum lake ice surface temperature;max_lict;K;237308;GRIB2;
Time-maximum lake ice total depth;max_licd;m;237309;GRIB2;
Time-maximum minimum vertical gradient of refractivity inside trapping layer;max_dndzn;m-1;237310;GRIB2;
Time-maximum mean vertical gradient of refractivity inside trapping layer;max_dndza;m-1;237311;GRIB2;
Time-maximum duct base height;max_dctb;m;237312;GRIB2;
Time-maximum trapping layer base height;max_tplb;m;237313;GRIB2;
Time-maximum trapping layer top height;max_tplt;m;237314;GRIB2;
Time-maximum geometric height of -10 degrees C atmospheric isothermal level above ground;max_degm10l;m;237315;GRIB2;
Time-maximum cloud base height;max_cbh;m;237316;GRIB2;
Time-maximum geometric height of 0 degrees C atmospheric isothermal level above ground;max_deg0l;m;237317;GRIB2;
Time-maximum 10 metre wind gust;max_i10fg;m s-1;237318;GRIB2;
Time-maximum relative humidity with respect to water;max_rhw;%;237319;GRIB2;
Time-maximum 2 metre relative humidity with respect to water;max_2rhw;%;237320;GRIB2;
Time-maximum convective available potential energy shear;max_capes;m2 s-2;237321;GRIB2;
Time-maximum tropopause pressure;max_trpp;Pa;237322;GRIB2;
Time-maximum height of convective cloud top;max_hcct;m;237323;GRIB2;
Time-maximum height of zero-degree wet-bulb temperature;max_hwbt0;m;237324;GRIB2;
Time-maximum height of one-degree wet-bulb temperature;max_hwbt1;m;237325;GRIB2;
Time-maximum total lightning flash density;max_litoti;km-2 day-1;237326;GRIB2;
Time-maximum total column supercooled liquid water;max_tcslw;kg m-2;237327;GRIB2;
Time-maximum 10 metre U-component of neutral wind;max_u10n;m s-1;237328;GRIB2;
Time-maximum 10 metre V-component of neutral wind;max_v10n;m s-1;237329;GRIB2;
Time-maximum convective rain rate;max_crr;kg m-2 s-1;237330;GRIB2;
Time-maximum large scale rain rate;max_lsrr;kg m-2 s-1;237331;GRIB2;
Time-maximum mixed-layer CAPE in the lowest 50 hPa;max_mlcape50;J kg-1;237332;GRIB2;
Time-maximum mixed-layer CIN in the lowest 50 hPa;max_mlcin50;J kg-1;237333;GRIB2;
Time-maximum mixed-layer CAPE in the lowest 100 hPa;max_mlcape100;J kg-1;237334;GRIB2;
Time-maximum mixed-layer CIN in the lowest 100 hPa;max_mlcin100;J kg-1;237335;GRIB2;
Time-maximum departure level of the most unstable parcel expressed as Pressure;max_mudlp;Pa;237336;GRIB2;
Time-maximum ceiling;max_ceil;m;237337;GRIB2;
Time-maximum total column integrated saturation specific humidity with respect to water;max_tcsqw;kg m-2;237338;GRIB2;
Time-maximum surface direct normal short-wave radiation flux;max_sdirnswrf;W m-2;237339;GRIB2;
Time-maximum cosine of solar zenith angle;max_cossza;Numeric;237340;GRIB2;
Time-maximum freezing rain precipitation rate;max_fprate;kg m-2 s-1;237341;GRIB2;
Time-maximum total column vertically-integrated eastward geopotential flux;max_vige;W m-1;237342;GRIB2;
Time-maximum total column vertically-integrated northward geopotential flux;max_vign;W m-1;237343;GRIB2;
Time-maximum total column vertically-integrated divergence of water geopotential flux;max_viwgd;W m-2;237344;GRIB2;
Time-maximum total column vertically-integrated divergence of geopotential flux;max_vigd;W m-2;237345;GRIB2;
Time-maximum total column vertically-integrated eastward enthalpy flux;max_viee;W m-1;237346;GRIB2;
Time-maximum total column vertically-integrated northward enthalpy flux;max_vien;W m-1;237347;GRIB2;
Time-maximum total column vertically-integrated eastward kinetic energy flux;max_vikee;W m-1;237348;GRIB2;
Time-maximum total column vertically-integrated northward kinetic energy flux;max_viken;W m-1;237349;GRIB2;
Time-maximum total column vertically-integrated eastward total energy flux;max_vitee;W m-1;237350;GRIB2;
Time-maximum total column vertically-integrated northward total energy flux;max_viten;W m-1;237351;GRIB2;
Time-maximum total column vertically-integrated divergence of enthalpy flux;max_vied;W m-2;237352;GRIB2;
Time-maximum total column vertically-integrated divergence of kinetic energy flux;max_viked;W m-2;237353;GRIB2;
Time-maximum total column vertically-integrated divergence of total energy flux;max_vited;W m-2;237354;GRIB2;
Time-maximum total column vertically-integrated divergence of water enthalpy flux;max_viwed;W m-2;237355;GRIB2;
Time-maximum total column vertically-integrated divergence of mass flux;max_vimad;kg m-2 s-1;237356;GRIB2;
Time-maximum total column vertically-integrated eastward mass flux;max_vimae;kg m-1 s-1;237357;GRIB2;
Time-maximum total column vertically-integrated northward mass flux;max_viman;kg m-1 s-1;237358;GRIB2;
Time-maximum total column vertically-integrated divergence of water vapour flux;max_viwvd;kg m-2 s-1;237359;GRIB2;
Time-maximum total column vertically-integrated divergence of cloud liquid water flux;max_viclwd;kg m-2 s-1;237360;GRIB2;
Time-maximum total column vertically-integrated divergence of cloud ice water flux;max_viciwd;kg m-2 s-1;237361;GRIB2;
Time-maximum total column vertically-integrated divergence of rain flux;max_vird;kg m-2 s-1;237362;GRIB2;
Time-maximum total column vertically-integrated divergence of snow flux;max_visd;kg m-2 s-1;237363;GRIB2;
Time-maximum total column vertically-integrated eastward water vapour flux;max_viwve;kg m-1 s-1;237364;GRIB2;
Time-maximum total column vertically-integrated northward water vapour flux;max_viwvn;kg m-1 s-1;237365;GRIB2;
Time-maximum total column vertically-integrated eastward cloud liquid water flux;max_viclwe;kg m-1 s-1;237366;GRIB2;
Time-maximum total column vertically-integrated northward cloud liquid water flux;max_viclwn;kg m-1 s-1;237367;GRIB2;
Time-maximum total column vertically-integrated eastward cloud ice water flux;max_viciwe;kg m-1 s-1;237368;GRIB2;
Time-maximum total column vertically-integrated northward cloud ice water flux;max_viciwn;kg m-1 s-1;237369;GRIB2;
Time-maximum total column vertically-integrated eastward rain flux;max_vire;kg m-1 s-1;237370;GRIB2;
Time-maximum total column vertically-integrated northward rain flux;max_virn;kg m-1 s-1;237371;GRIB2;
Time-maximum total column vertically-integrated eastward snow flux;max_vise;kg m-1 s-1;237372;GRIB2;
Time-maximum total column vertically-integrated northward snow flux;max_visn;kg m-1 s-1;237373;GRIB2;
Time-maximum total column vertically-integrated eastward ozone flux;max_vioze;kg m-1 s-1;237374;GRIB2;
Time-maximum total column vertically-integrated northward ozone flux;max_viozn;kg m-1 s-1;237375;GRIB2;
Time-maximum total column vertically-integrated divergence of ozone flux;max_viozd;kg m-2 s-1;237376;GRIB2;
Time-maximum total column vertically-integrated net source of ozone;max_vions;kg m-2 s-1;237377;GRIB2;
Time-maximum eastward turbulent surface stress due to orographic form drag;max_ietssofd;N m-2;237378;GRIB2;
Time-maximum northward turbulent surface stress due to orographic form drag;max_intssofd;N m-2;237379;GRIB2;
Time-maximum eastward turbulent surface stress due to surface roughness;max_ietsssr;N m-2;237380;GRIB2;
Time-maximum northward turbulent surface stress due to surface roughness;max_intsssr;N m-2;237381;GRIB2;
Time-maximum visibility through precipitation;max_visp;m;237382;GRIB2;
Time-maximum cloud-to-ground lightning flash density;max_licgi;km-2 day-1;237383;GRIB2;
Time-maximum 10 metre eastward wind gust;max_10efg;m s-1;237384;GRIB2;
Time-maximum 10 metre northward wind gust;max_10nfg;m s-1;237385;GRIB2;
Time-maximum land surface heat net flux;max_lshnf;W m-2;237386;GRIB2;
Time-maximum surface direct normal short-wave radiation flux, clear sky;max_sdirnswrfcs;W m-2;237387;GRIB2;
Time-maximum 10 metre convective gust;max_10cogu;m s-1;237388;GRIB2;
Time-maximum 10 metre turbulent gust;max_10tugu;m s-1;237389;GRIB2;
Time-maximum geometric height of 0 degrees C theta level above ground;max_h0thg;m;237390;GRIB2;
Time-maximum geometric height of 1 degree C theta level above ground;max_h1thg;m;237391;GRIB2;
Time-maximum geometric height of 1.5 degrees C theta level above ground;max_h1p5thg;m;237392;GRIB2;
Time-maximum vegetation;max_veg;%;237393;GRIB2;
Time-maximum leaf area index;max_lai;Numeric;237394;GRIB2;
Time-maximum surface roughness for heat;max_srhe;m;237395;GRIB2;
Time-maximum Reciprocal Obukhov length;max_rol;m-1;237396;GRIB2;
Time-maximum geometric height of 3 degrees C atmospheric isothermal level above ground;max_deg3l;m;237397;GRIB2;
Time-maximum surface diffuse short-wave radiation flux, clear sky;max_sdifswrfcs;W m-2;237404;GRIB2;
Time-maximum volumetric soil moisture (root zone);max_vswrz;m3 m-3;237405;GRIB2;
Time-maximum liquid water content in snow pack;max_lwcs;kg m-2;237406;GRIB2;
Time-maximum most-unstable CIN;max_mucin;J kg-1;237407;GRIB2;
Time-maximum specific rain water content (convective);max_crwc_conv;kg kg-1;237408;GRIB2;
Time-maximum specific snow water content (convective);max_cswc_conv;kg kg-1;237409;GRIB2;
Time-maximum mixed layer depth;max_mld;m;237410;GRIB2;
Time-maximum urban cover;max_cur;(0 - 1);237411;GRIB2;
Time-minimum temperature tendency due to short-wave radiation;min_ttswr;K s-1;238001;GRIB2;
Time-minimum temperature tendency due to long-wave radiation;min_ttlwr;K s-1;238002;GRIB2;
Time-minimum temperature tendency due to short wave radiation, clear sky;min_ttswrcs;K s-1;238003;GRIB2;
Time-minimum temperature tendency due to long-wave radiation, clear sky;min_ttlwrcs;K s-1;238004;GRIB2;
Time-minimum temperature tendency due to parametrisations;min_ttpm;K s-1;238005;GRIB2;
Time-minimum specific humidity tendency due to parametrisations;min_qtpm;kg kg-1 s-1;238006;GRIB2;
Time-minimum eastward wind tendency due to parametrisations;min_utpm;m s-2;238007;GRIB2;
Time-minimum northward wind tendency due to parametrisations;min_vtpm;m s-2;238008;GRIB2;
Time-minimum updraught mass flux;min_umf;kg m-2 s-1;238009;GRIB2;
Time-minimum downdraught mass flux;min_dmf;kg m-2 s-1;238010;GRIB2;
Time-minimum updraught detrainment rate;min_udr;kg m-3 s-1;238011;GRIB2;
Time-minimum downdraught detrainment rate;min_ddr;kg m-3 s-1;238012;GRIB2;
Time-minimum total precipitation flux;min_tpf;kg m-2 s-1;238013;GRIB2;
Time-minimum turbulent diffusion coefficient for heat;min_tdch;m2 s-1;238014;GRIB2;
Time-minimum surface photosynthetically active radiation flux, clear sky;min_parcsf;W m-2;238022;GRIB2;
Time-minimum snow evaporation rate;min_esrwe;kg m-2 s-1;238023;GRIB2;
Time-minimum snowmelt rate;min_smr;kg m-2 s-1;238024;GRIB2;
Time-minimum magnitude of turbulent surface stress;min_imagss;N m-2;238025;GRIB2;
Time-minimum large-scale precipitation fraction;min_ilspf;Proportion;238026;GRIB2;
Time-minimum surface downward UV radiation flux;min_sduvrf;W m-2;238027;GRIB2;
Time-minimum surface photosynthetically active radiation flux;min_sparf;W m-2;238028;GRIB2;
Time-minimum large-scale precipitation rate;min_lsprate;kg m-2 s-1;238029;GRIB2;
Time-minimum convective precipitation rate;min_cpr;kg m-2 s-1;238030;GRIB2;
Time-minimum snowfall rate;min_tsrwe;kg m-2 s-1;238031;GRIB2;
Time-minimum boundary layer dissipation;min_ibld;W m-2;238032;GRIB2;
Time-minimum surface sensible heat flux;min_ishf;W m-2;238033;GRIB2;
Time-minimum surface latent heat flux;min_slhtf;W m-2;238034;GRIB2;
Time-minimum surface downward short-wave radiation flux;min_sdswrf;W m-2;238035;GRIB2;
Time-minimum surface downward long-wave radiation flux;min_sdlwrf;W m-2;238036;GRIB2;
Time-minimum surface net short-wave radiation flux;min_snswrf;W m-2;238037;GRIB2;
Time-minimum surface net long-wave radiation flux;min_snlwrf;W m-2;238038;GRIB2;
Time-minimum top net short-wave radiation flux;min_tnswrf;W m-2;238039;GRIB2;
Time-minimum top net long-wave radiation flux;min_tnlwrf;W m-2;238040;GRIB2;
Time-minimum eastward turbulent surface stress;min_iews;N m-2;238041;GRIB2;
Time-minimum northward turbulent surface stress;min_inss;N m-2;238042;GRIB2;
Time-minimum evaporation rate;min_ie;kg m-2 s-1;238043;GRIB2;
Time-minimum eastward gravity wave surface stress;min_iegwss;N m-2;238045;GRIB2;
Time-minimum northward gravity wave surface stress;min_ingwss;N m-2;238046;GRIB2;
Time-minimum gravity wave dissipation;min_igwd;W m-2;238047;GRIB2;
Time-minimum runoff rate;min_rorwe;kg m-2 s-1;238048;GRIB2;
Time-minimum top net short-wave radiation flux, clear sky;min_tnswrfcs;W m-2;238049;GRIB2;
Time-minimum top net long-wave radiation flux, clear sky;min_tnlwrfcs;W m-2;238050;GRIB2;
Time-minimum surface net short-wave radiation flux, clear sky;min_snswrfcs;W m-2;238051;GRIB2;
Time-minimum surface net long-wave radiation flux, clear sky;min_snlwrfcs;W m-2;238052;GRIB2;
Time-minimum top downward short-wave radiation flux;min_tdswrf;W m-2;238053;GRIB2;
Time-minimum vertically integrated moisture divergence;min_vimdf;kg m-2 s-1;238054;GRIB2;
Time-minimum total precipitation rate;min_tprate;kg m-2 s-1;238055;GRIB2;
Time-minimum convective snowfall rate water equivalent;min_csfr;kg m-2 s-1;238056;GRIB2;
Time-minimum large scale snowfall rate water equivalent;min_lssfr;kg m-2 s-1;238057;GRIB2;
Time-minimum surface direct short-wave radiation flux;min_sdirswrf;W m-2;238058;GRIB2;
Time-minimum surface direct short-wave radiation flux, clear sky;min_sdirswrfcs;W m-2;238059;GRIB2;
Time-minimum carbon dioxide net ecosystem exchange flux;min_fco2nee;kg m-2 s-1;238062;GRIB2;
Time-minimum carbon dioxide gross primary production flux;min_fco2gpp;kg m-2 s-1;238063;GRIB2;
Time-minimum carbon dioxide ecosystem respiration flux;min_fco2rec;kg m-2 s-1;238064;GRIB2;
Time-minimum surface downward short-wave radiation flux, clear sky;min_sdswrfcs;W m-2;238068;GRIB2;
Time-minimum surface downward long-wave radiation flux, clear sky;min_sdlwrfcs;W m-2;238069;GRIB2;
Time-minimum potential evaporation rate;min_pevr;kg m-2 s-1;238070;GRIB2;
Time-minimum volumetric soil moisture;min_vsw;m3 m-3;238077;GRIB2;
Time-minimum snow depth water equivalent;min_sd;kg m-2;238078;GRIB2;
Time-minimum skin temperature;min_skt;K;238079;GRIB2;
Time-minimum snow density;min_rsn;kg m-3;238080;GRIB2;
Time-minimum sea ice area fraction;min_ci;(0 - 1);238083;GRIB2;
Time-minimum sea surface temperature;min_sst;K;238084;GRIB2;
Time-minimum leaf area index, low vegetation;min_lai_lv;m2 m-2;238085;GRIB2;
Time-minimum leaf area index, high vegetation;min_lai_hv;m2 m-2;238086;GRIB2;
Time-minimum total column cloud liquid water;min_tclw;kg m-2;238087;GRIB2;
Time-minimum total column cloud ice water;min_tciw;kg m-2;238088;GRIB2;
Time-minimum 2 metre specific humidity;min_2sh;kg kg-1;238089;GRIB2;
Time-minimum lake mix-layer temperature;min_lmlt;K;238090;GRIB2;
Time-minimum lake mix-layer depth;min_lmld;m;238091;GRIB2;
Time-minimum 2 metre relative humidity;min_2r;%;238092;GRIB2;
Time-minimum fraction of snow cover;min_fscov;Proportion;238093;GRIB2;
Time-minimum soil temperature;min_sot;K;238094;GRIB2;
Time-minimum wind speed;min_ws;m s-1;238097;GRIB2;
Time-minimum pressure;min_pres;Pa;238098;GRIB2;
Time-minimum charnock;min_chnk;Numeric;238099;GRIB2;
Time-minimum potential vorticity;min_pv;K m2 kg-1 s-1;238100;GRIB2;
Time-minimum specific rain water content;min_crwc;kg kg-1;238101;GRIB2;
Time-minimum specific snow water content;min_cswc;kg kg-1;238102;GRIB2;
Time-minimum eta-coordinate vertical velocity;min_etadot;s-1;238103;GRIB2;
Time-minimum visibility;min_vis;m;238105;GRIB2;
Time-minimum wind direction;min_wdir;Degree true;238106;GRIB2;
Time-minimum total column snow water;min_tcsw;kg m-2;238107;GRIB2;
Time-minimum low cloud cover;min_lcc;%;238108;GRIB2;
Time-minimum medium cloud cover;min_mcc;%;238109;GRIB2;
Time-minimum high cloud cover;min_hcc;%;238110;GRIB2;
Time-minimum total column rain water;min_tcrw;kg m-2;238111;GRIB2;
Time-minimum most-unstable CAPE;min_mucape;J kg-1;238117;GRIB2;
Time-minimum total column vertically-integrated graupel (snow pellets);min_tcolg;kg m-2;238120;GRIB2;
Time-minimum geopotential;min_z;m2 s-2;238129;GRIB2;
Time-minimum temperature;min_t;K;238130;GRIB2;
Time-minimum u component of wind;min_u;m s-1;238131;GRIB2;
Time-minimum v component of wind;min_v;m s-1;238132;GRIB2;
Time-minimum specific humidity;min_q;kg kg-1;238133;GRIB2;
Time-minimum surface pressure;min_sp;Pa;238134;GRIB2;
Time-minimum vertical velocity;min_w;Pa s-1;238135;GRIB2;
Time-minimum total column water;min_tcw;kg m-2;238136;GRIB2;
Time-minimum total column vertically-integrated water vapour;min_tcwv;kg m-2;238137;GRIB2;
Time-minimum vorticity (relative);min_vo;s-1;238138;GRIB2;
Time-minimum mean sea level pressure;min_msl;Pa;238151;GRIB2;
Time-minimum logarithm of surface pressure;min_lnsp;Numeric;238152;GRIB2;
Time-minimum divergence;min_d;s-1;238155;GRIB2;
Time-minimum relative humidity;min_r;%;238157;GRIB2;
Time-minimum boundary layer height;min_blh;m;238159;GRIB2;
Time-minimum 10 metre U wind component;min_10u;m s-1;238165;GRIB2;
Time-minimum 10 metre V wind component;min_10v;m s-1;238166;GRIB2;
Time-minimum 2 metre temperature;min_2t;K;238167;GRIB2;
Time-minimum 2 metre dewpoint temperature;min_2d;K;238168;GRIB2;
Time-minimum sunshine;min_suns;Numeric;238189;GRIB2;
Time-minimum ozone mass mixing ratio;min_o3;kg kg-1;238203;GRIB2;
Time-minimum 10 metre wind speed;min_10si;m s-1;238207;GRIB2;
Time-minimum temperature of snow layer;min_tsn;K;238238;GRIB2;
Time-minimum forecast surface roughness;min_fsr;m;238244;GRIB2;
Time-minimum forecast logarithm of surface roughness for heat;min_flsr;Numeric;238245;GRIB2;
Time-minimum specific cloud liquid water content;min_clwc;kg kg-1;238246;GRIB2;
Time-minimum specific cloud ice water content;min_ciwc;kg kg-1;238247;GRIB2;
Time-minimum fraction of cloud cover;min_cc;(0 - 1);238248;GRIB2;
Time-minimum k index;min_kx;K;238257;GRIB2;
Time-minimum total totals index;min_totalx;K;238258;GRIB2;
Time-minimum 10 metre wind direction;min_10wdir;Degree true;238261;GRIB2;
Time-minimum clear air turbulence (CAT);min_cat;m2/3 s-1;238262;GRIB2;
Time-minimum forecast albedo;min_al;%;238263;GRIB2;
Time-minimum potential temperature;min_pt;K;238269;GRIB2;
Time-minimum UV visible albedo for direct radiation (climatological);min_aluvp_p;%;238281;GRIB2;
Time-minimum UV visible albedo for diffuse radiation (climatological);min_aluvd_p;%;238282;GRIB2;
Time-minimum near IR albedo for direct radiation (climatological);min_alnip_p;%;238283;GRIB2;
Time-minimum near IR albedo for diffuse radiation (climatological);min_alnid_p;%;238284;GRIB2;
Time-minimum snow albedo;min_asn;%;238285;GRIB2;
Time-minimum montgomery potential;min_mont;m2 s-2;238286;GRIB2;
Time-minimum convective available potential energy;min_cape;J kg-1;238287;GRIB2;
Time-minimum total cloud cover;min_tcc;%;238288;GRIB2;
Time-minimum skin reservoir content;min_srcon;kg m-2;238289;GRIB2;
Time-minimum total column integrated ozone;min_tcioz;DU;238290;GRIB2;
Time-minimum total column vertically-integrated kinetic energy;min_vike;J m-2;238291;GRIB2;
Time-minimum total column vertically-integrated enthalpy;min_vithe;J m-2;238292;GRIB2;
Time-minimum total column vertically-integrated potential + internal energy;min_vipie;J m-2;238293;GRIB2;
Time-minimum vertical integral of potential+internal+latent energy;min_vipile;J m-2;238294;GRIB2;
Time-minimum total column vertically-integrated total energy;min_vitoe;J m-2;238295;GRIB2;
Time-minimum total column vertically-integrated water enthalpy;min_viwe;J m-2;238296;GRIB2;
Time-minimum UV visible albedo for direct radiation, isotropic component (climatological);min_aluvpi_p;%;238297;GRIB2;
Time-minimum UV visible albedo for direct radiation, volumetric component (climatological);min_aluvpv_p;%;238298;GRIB2;
Time-minimum UV visible albedo for direct radiation, geometric component (climatological);min_aluvpg_p;%;238299;GRIB2;
Time-minimum near IR albedo for direct radiation, isotropic component (climatological);min_alnipi_p;%;238300;GRIB2;
Time-minimum near IR albedo for direct radiation, volumetric component (climatological);min_alnipv_p;%;238301;GRIB2;
Time-minimum near IR albedo for direct radiation, geometric component (climatological);min_alnipg_p;%;238302;GRIB2;
Time-minimum convective inhibition;min_cin;J kg-1;238303;GRIB2;
Time-minimum friction velocity;min_zust;m s-1;238304;GRIB2;
Time-minimum lake bottom temperature;min_lblt;K;238305;GRIB2;
Time-minimum lake total layer temperature;min_ltlt;K;238306;GRIB2;
Time-minimum lake shape factor;min_lshf;dimensionless;238307;GRIB2;
Time-minimum lake ice surface temperature;min_lict;K;238308;GRIB2;
Time-minimum lake ice total depth;min_licd;m;238309;GRIB2;
Time-minimum minimum vertical gradient of refractivity inside trapping layer;min_dndzn;m-1;238310;GRIB2;
Time-minimum mean vertical gradient of refractivity inside trapping layer;min_dndza;m-1;238311;GRIB2;
Time-minimum duct base height;min_dctb;m;238312;GRIB2;
Time-minimum trapping layer base height;min_tplb;m;238313;GRIB2;
Time-minimum trapping layer top height;min_tplt;m;238314;GRIB2;
Time-minimum geometric height of -10 degrees C atmospheric isothermal level above ground;min_degm10l;m;238315;GRIB2;
Time-minimum cloud base height;min_cbh;m;238316;GRIB2;
Time-minimum geometric height of 0 degrees C atmospheric isothermal level above ground;min_deg0l;m;238317;GRIB2;
Time-minimum 10 metre wind gust;min_i10fg;m s-1;238318;GRIB2;
Time-minimum relative humidity with respect to water;min_rhw;%;238319;GRIB2;
Time-minimum 2 metre relative humidity with respect to water;min_2rhw;%;238320;GRIB2;
Time-minimum convective available potential energy shear;min_capes;m2 s-2;238321;GRIB2;
Time-minimum tropopause pressure;min_trpp;Pa;238322;GRIB2;
Time-minimum height of convective cloud top;min_hcct;m;238323;GRIB2;
Time-minimum height of zero-degree wet-bulb temperature;min_hwbt0;m;238324;GRIB2;
Time-minimum height of one-degree wet-bulb temperature;min_hwbt1;m;238325;GRIB2;
Time-minimum total lightning flash density;min_litoti;km-2 day-1;238326;GRIB2;
Time-minimum total column supercooled liquid water;min_tcslw;kg m-2;238327;GRIB2;
Time-minimum 10 metre U-component of neutral wind;min_u10n;m s-1;238328;GRIB2;
Time-minimum 10 metre V-component of neutral wind;min_v10n;m s-1;238329;GRIB2;
Time-minimum convective rain rate;min_crr;kg m-2 s-1;238330;GRIB2;
Time-minimum large scale rain rate;min_lsrr;kg m-2 s-1;238331;GRIB2;
Time-minimum mixed-layer CAPE in the lowest 50 hPa;min_mlcape50;J kg-1;238332;GRIB2;
Time-minimum mixed-layer CIN in the lowest 50 hPa;min_mlcin50;J kg-1;238333;GRIB2;
Time-minimum mixed-layer CAPE in the lowest 100 hPa;min_mlcape100;J kg-1;238334;GRIB2;
Time-minimum mixed-layer CIN in the lowest 100 hPa;min_mlcin100;J kg-1;238335;GRIB2;
Time-minimum departure level of the most unstable parcel expressed as Pressure;min_mudlp;Pa;238336;GRIB2;
Time-minimum ceiling;min_ceil;m;238337;GRIB2;
Time-minimum total column integrated saturation specific humidity with respect to water;min_tcsqw;kg m-2;238338;GRIB2;
Time-minimum direct solar radiation flux;min_sdirnswrf;W m-2;238339;GRIB2;
Time-minimum cosine of solar zenith angle;min_cossza;Numeric;238340;GRIB2;
Time-minimum freezing rain rate water equivalent;min_fprate;kg m-2 s-1;238341;GRIB2;
Time-minimum total column vertically-integrated eastward geopotential flux;min_vige;W m-1;238342;GRIB2;
Time-minimum total column vertically-integrated northward geopotential flux;min_vign;W m-1;238343;GRIB2;
Time-minimum total column vertically-integrated divergence of water geopotential flux;min_viwgd;W m-2;238344;GRIB2;
Time-minimum total column vertically-integrated divergence of geopotential flux;min_vigd;W m-2;238345;GRIB2;
Time-minimum total column vertically-integrated eastward enthalpy flux;min_viee;W m-1;238346;GRIB2;
Time-minimum total column vertically-integrated northward enthalpy flux;min_vien;W m-1;238347;GRIB2;
Time-minimum total column vertically-integrated eastward kinetic energy flux;min_vikee;W m-1;238348;GRIB2;
Time-minimum total column vertically-integrated northward kinetic energy flux;min_viken;W m-1;238349;GRIB2;
Time-minimum total column vertically-integrated eastward total energy flux;min_vitee;W m-1;238350;GRIB2;
Time-minimum total column vertically-integrated northward total energy flux;min_viten;W m-1;238351;GRIB2;
Time-minimum total column vertically-integrated divergence of enthalpy flux;min_vied;W m-2;238352;GRIB2;
Time-minimum total column vertically-integrated divergence of kinetic energy flux;min_viked;W m-2;238353;GRIB2;
Time-minimum total column vertically-integrated divergence of total energy flux;min_vited;W m-2;238354;GRIB2;
Time-minimum total column vertically-integrated divergence of water enthalpy flux;min_viwed;W m-2;238355;GRIB2;
Time-minimum vertically integrated divergence of mass flux;min_vimad;kg m-2 s-1;238356;GRIB2;
Time-minimum vertically integrated eastward mass flux;min_vimae;kg m-1 s-1;238357;GRIB2;
Time-minimum vertically integrated northward mass flux;min_viman;kg m-1 s-1;238358;GRIB2;
Time-minimum vertically integrated divergence of water vapour flux;min_viwvd;kg m-2 s-1;238359;GRIB2;
Time-minimum vertically integrated divergence of cloud liquid water flux;min_viclwd;kg m-2 s-1;238360;GRIB2;
Time-minimum vertically integrated divergence of cloud ice water flux;min_viciwd;kg m-2 s-1;238361;GRIB2;
Time-minimum vertically integrated divergence of rain flux;min_vird;kg m-2 s-1;238362;GRIB2;
Time-minimum vertically integrated divergence of snow flux;min_visd;kg m-2 s-1;238363;GRIB2;
Time-minimum vertically integrated eastward water vapour flux;min_viwve;kg m-1 s-1;238364;GRIB2;
Time-minimum vertically integrated northward water vapour flux;min_viwvn;kg m-1 s-1;238365;GRIB2;
Time-minimum vertically integrated eastward cloud liquid water flux;min_viclwe;kg m-1 s-1;238366;GRIB2;
Time-minimum vertically integrated northward cloud liquid water flux;min_viclwn;kg m-1 s-1;238367;GRIB2;
Time-minimum vertically integrated eastward cloud ice water flux;min_viciwe;kg m-1 s-1;238368;GRIB2;
Time-minimum vertically integrated northward cloud ice water flux;min_viciwn;kg m-1 s-1;238369;GRIB2;
Time-minimum vertically integrated eastward rain flux;min_vire;kg m-1 s-1;238370;GRIB2;
Time-minimum vertically integrated northward rain flux;min_virn;kg m-1 s-1;238371;GRIB2;
Time-minimum vertically integrated eastward snow flux;min_vise;kg m-1 s-1;238372;GRIB2;
Time-minimum vertically integrated northward snow flux;min_visn;kg m-1 s-1;238373;GRIB2;
Time-minimum vertically integrated eastward ozone flux;min_vioze;kg m-1 s-1;238374;GRIB2;
Time-minimum vertically integrated northward ozone flux;min_viozn;kg m-1 s-1;238375;GRIB2;
Time-minimum vertically integrated divergence of ozone flux;min_viozd;kg m-2 s-1;238376;GRIB2;
Time-minimum vertically integrated net source of ozone;min_vions;kg m-2 s-1;238377;GRIB2;
Time-minimum eastward turbulent surface stress due to orographic form drag;min_ietssofd;N m-2;238378;GRIB2;
Time-minimum northward turbulent surface stress due to orographic form drag;min_intssofd;N m-2;238379;GRIB2;
Time-minimum eastward turbulent surface stress due to surface roughness;min_ietsssr;N m-2;238380;GRIB2;
Time-minimum northward turbulent surface stress due to surface roughness;min_intsssr;N m-2;238381;GRIB2;
Time-minimum visibility through precipitation;min_visp;m;238382;GRIB2;
Time-minimum cloud-to-ground lightning flash density;min_licgi;km-2 day-1;238383;GRIB2;
Time-minimum land surface heat net flux;min_lshnf;W m-2;238386;GRIB2;
Time-minimum surface direct normal short-wave radiation flux, clear sky;min_sdirnswrfcs;W m-2;238387;GRIB2;
Time-minimum 10 metre convective gust;min_10cogu;m s-1;238388;GRIB2;
Time-minimum 10 metre turbulent gust;min_10tugu;m s-1;238389;GRIB2;
Time-minimum geometric height of 0 degrees C theta level above ground;min_h0thg;m;238390;GRIB2;
Time-minimum geometric height of 1 degree C theta level above ground;min_h1thg;m;238391;GRIB2;
Time-minimum geometric height of 1.5 degrees C theta level above ground;min_h1p5thg;m;238392;GRIB2;
Time-minimum vegetation;min_veg;%;238393;GRIB2;
Time-minimum leaf area index;min_lai;Numeric;238394;GRIB2;
Time-minimum surface roughness for heat;min_srhe;m;238395;GRIB2;
Time-minimum Reciprocal Obukhov length;min_rol;m-1;238396;GRIB2;
Time-minimum geometric height of 3 degrees C atmospheric isothermal level above ground;min_deg3l;m;238397;GRIB2;
Time-minimum surface diffuse short-wave radiation flux, clear sky;min_sdifswrfcs;W m-2;238404;GRIB2;
Time-minimum volumetric soil moisture (root zone);min_vswrz;m3 m-3;238405;GRIB2;
Time-minimum liquid water content in snow pack;min_lwcs;kg m-2;238406;GRIB2;
Time-minimum most-unstable CIN;min_mucin;J kg-1;238407;GRIB2;
Time-minimum specific rain water content (convective);min_crwc_conv;kg kg-1;238408;GRIB2;
Time-minimum specific snow water content (convective);min_cswc_conv;kg kg-1;238409;GRIB2;
Time-minimum mixed layer depth;min_mld;m;238410;GRIB2;
Time-minimum urban cover;min_cur;(0 - 1);238411;GRIB2;
Time-standard-deviation temperature tendency due to short-wave radiation;std_ttswr;K s-1;239001;GRIB2;
Time-standard-deviation temperature tendency due to long-wave radiation;std_ttlwr;K s-1;239002;GRIB2;
Time-standard-deviation temperature tendency due to short wave radiation, clear sky;std_ttswrcs;K s-1;239003;GRIB2;
Time-standard-deviation temperature tendency due to long-wave radiation, clear sky;std_ttlwrcs;K s-1;239004;GRIB2;
Time-standard-deviation temperature tendency due to parametrisations;std_ttpm;K s-1;239005;GRIB2;
Time-standard-deviation specific humidity tendency due to parametrisations;std_qtpm;kg kg-1 s-1;239006;GRIB2;
Time-standard-deviation eastward wind tendency due to parametrisations;std_utpm;m s-2;239007;GRIB2;
Time-standard-deviation northward wind tendency due to parametrisations;std_vtpm;m s-2;239008;GRIB2;
Time-standard-deviation updraught mass flux;std_umf;kg m-2 s-1;239009;GRIB2;
Time-standard-deviation downdraught mass flux;std_dmf;kg m-2 s-1;239010;GRIB2;
Time-standard-deviation updraught detrainment rate;std_udr;kg m-3 s-1;239011;GRIB2;
Time-standard-deviation downdraught detrainment rate;std_ddr;kg m-3 s-1;239012;GRIB2;
Time-standard-deviation total precipitation flux;std_tpf;kg m-2 s-1;239013;GRIB2;
Time-standard-deviation turbulent diffusion coefficient for heat;std_tdch;m2 s-1;239014;GRIB2;
Time-standard-deviation surface photosynthetically active radiation flux, clear sky;std_parcsf;W m-2;239022;GRIB2;
Time-standard-deviation snow evaporation rate;std_esrwe;kg m-2 s-1;239023;GRIB2;
Time-standard-deviation snowmelt rate;std_smr;kg m-2 s-1;239024;GRIB2;
Time-standard-deviation magnitude of turbulent surface stress;std_imagss;N m-2;239025;GRIB2;
Time-standard-deviation large-scale precipitation fraction;std_ilspf;Proportion;239026;GRIB2;
Time-standard-deviation surface downward UV radiation flux;std_sduvrf;W m-2;239027;GRIB2;
Time-standard-deviation surface photosynthetically active radiation flux;std_sparf;W m-2;239028;GRIB2;
Time-standard-deviation large-scale precipitation rate;std_lsprate;kg m-2 s-1;239029;GRIB2;
Time-standard-deviation convective precipitation rate;std_cpr;kg m-2 s-1;239030;GRIB2;
Time-standard-deviation snowfall rate;std_tsrwe;kg m-2 s-1;239031;GRIB2;
Time-standard-deviation boundary layer dissipation;std_ibld;W m-2;239032;GRIB2;
Time-standard-deviation surface sensible heat flux;std_ishf;W m-2;239033;GRIB2;
Time-standard-deviation surface latent heat flux;std_slhtf;W m-2;239034;GRIB2;
Time-standard-deviation surface downward short-wave radiation flux;std_sdswrf;W m-2;239035;GRIB2;
Time-standard-deviation surface downward long-wave radiation flux;std_sdlwrf;W m-2;239036;GRIB2;
Time-standard-deviation surface net short-wave radiation flux;std_snswrf;W m-2;239037;GRIB2;
Time-standard-deviation surface net long-wave radiation flux;std_snlwrf;W m-2;239038;GRIB2;
Time-standard-deviation top net short-wave radiation flux;std_tnswrf;W m-2;239039;GRIB2;
Time-standard-deviation top net long-wave radiation flux;std_tnlwrf;W m-2;239040;GRIB2;
Time-standard-deviation eastward turbulent surface stress;std_iews;N m-2;239041;GRIB2;
Time-standard-deviation northward turbulent surface stress;std_inss;N m-2;239042;GRIB2;
Time-standard-deviation evaporation rate;std_ie;kg m-2 s-1;239043;GRIB2;
Time-standard-deviation eastward gravity wave surface stress;std_iegwss;N m-2;239045;GRIB2;
Time-standard-deviation northward gravity wave surface stress;std_ingwss;N m-2;239046;GRIB2;
Time-standard-deviation gravity wave dissipation;std_igwd;W m-2;239047;GRIB2;
Time-standard-deviation runoff rate;std_rorwe;kg m-2 s-1;239048;GRIB2;
Time-standard-deviation top net short-wave radiation flux, clear sky;std_tnswrfcs;W m-2;239049;GRIB2;
Time-standard-deviation top net long-wave radiation flux, clear sky;std_tnlwrfcs;W m-2;239050;GRIB2;
Time-standard-deviation surface net short-wave radiation flux, clear sky;std_snswrfcs;W m-2;239051;GRIB2;
Time-standard-deviation surface net long-wave radiation flux, clear sky;std_snlwrfcs;W m-2;239052;GRIB2;
Time-standard-deviation top downward short-wave radiation flux;std_tdswrf;W m-2;239053;GRIB2;
Time-standard-deviation vertically integrated moisture divergence;std_vimdf;kg m-2 s-1;239054;GRIB2;
Time-standard-deviation total precipitation rate;std_tprate;kg m-2 s-1;239055;GRIB2;
Time-standard-deviation convective snowfall rate water equivalent;std_csfr;kg m-2 s-1;239056;GRIB2;
Time-standard-deviation large scale snowfall rate water equivalent;std_lssfr;kg m-2 s-1;239057;GRIB2;
Time-standard-deviation surface direct short-wave radiation flux;std_sdirswrf;W m-2;239058;GRIB2;
Time-standard-deviation surface direct short-wave radiation flux, clear sky;std_sdirswrfcs;W m-2;239059;GRIB2;
Time-standard-deviation carbon dioxide net ecosystem exchange flux;std_fco2nee;kg m-2 s-1;239062;GRIB2;
Time-standard-deviation carbon dioxide gross primary production flux;std_fco2gpp;kg m-2 s-1;239063;GRIB2;
Time-standard-deviation carbon dioxide ecosystem respiration flux;std_fco2rec;kg m-2 s-1;239064;GRIB2;
Time-standard-deviation surface downward short-wave radiation flux, clear sky;std_sdswrfcs;W m-2;239068;GRIB2;
Time-standard-deviation surface downward long-wave radiation flux, clear sky;std_sdlwrfcs;W m-2;239069;GRIB2;
Time-standard-deviation potential evaporation rate;std_pevr;kg m-2 s-1;239070;GRIB2;
Time-standard-deviation volumetric soil moisture;std_vsw;m3 m-3;239077;GRIB2;
Time-standard-deviation snow depth water equivalent;std_sd;kg m-2;239078;GRIB2;
Time-standard-deviation skin temperature;std_skt;K;239079;GRIB2;
Time-standard-deviation snow density;std_rsn;kg m-3;239080;GRIB2;
Time-standard-deviation sea ice area fraction;std_ci;(0 - 1);239083;GRIB2;
Time-standard-deviation sea surface temperature;std_sst;K;239084;GRIB2;
Time-standard-deviation leaf area index, low vegetation;std_lai_lv;m2 m-2;239085;GRIB2;
Time-standard-deviation leaf area index, high vegetation;std_lai_hv;m2 m-2;239086;GRIB2;
Time-standard-deviation total column cloud liquid water;std_tclw;kg m-2;239087;GRIB2;
Time-standard-deviation total column cloud ice water;std_tciw;kg m-2;239088;GRIB2;
Time-standard-deviation 2 metre specific humidity;std_2sh;kg kg-1;239089;GRIB2;
Time-standard-deviation lake mix-layer temperature;std_lmlt;K;239090;GRIB2;
Time-standard-deviation lake mix-layer depth;std_lmld;m;239091;GRIB2;
Time-standard-deviation fraction of snow cover;std_fscov;Proportion;239093;GRIB2;
Time-standard-deviation soil temperature;std_sot;K;239094;GRIB2;
Time-standard-deviation wind speed;std_ws;m s-1;239097;GRIB2;
Time-standard-deviation pressure;std_pres;Pa;239098;GRIB2;
Time-standard-deviation charnock;std_chnk;Numeric;239099;GRIB2;
Time-standard-deviation potential vorticity;std_pv;K m2 kg-1 s-1;239100;GRIB2;
Time-standard-deviation specific rain water content;std_crwc;kg kg-1;239101;GRIB2;
Time-standard-deviation specific snow water content;std_cswc;kg kg-1;239102;GRIB2;
Time-standard-deviation eta-coordinate vertical velocity;std_etadot;s-1;239103;GRIB2;
Time-standard-deviation visibility;std_vis;m;239105;GRIB2;
Time-standard-deviation wind direction;std_wdir;Degree true;239106;GRIB2;
Time-standard-deviation total column snow water;std_tcsw;kg m-2;239107;GRIB2;
Time-standard-deviation low cloud cover;std_lcc;%;239108;GRIB2;
Time-standard-deviation medium cloud cover;std_mcc;%;239109;GRIB2;
Time-standard-deviation high cloud cover;std_hcc;%;239110;GRIB2;
Time-standard-deviation total column rain water;std_tcrw;kg m-2;239111;GRIB2;
Time-standard-deviation most-unstable CAPE;std_mucape;J kg-1;239117;GRIB2;
Time-standard-deviation total column vertically-integrated graupel (snow pellets);std_tcolg;kg m-2;239120;GRIB2;
Time-standard-deviation geopotential;std_z;m2 s-2;239129;GRIB2;
Time-standard-deviation temperature;std_t;K;239130;GRIB2;
Time-standard-deviation u component of wind;std_u;m s-1;239131;GRIB2;
Time-standard-deviation v component of wind;std_v;m s-1;239132;GRIB2;
Time-standard-deviation specific humidity;std_q;kg kg-1;239133;GRIB2;
Time-standard-deviation surface pressure;std_sp;Pa;239134;GRIB2;
Time-standard-deviation vertical velocity;std_w;Pa s-1;239135;GRIB2;
Time-standard-deviation total column water;std_tcw;kg m-2;239136;GRIB2;
Time-standard-deviation total column vertically-integrated water vapour;std_tcwv;kg m-2;239137;GRIB2;
Time-standard-deviation vorticity (relative);std_vo;s-1;239138;GRIB2;
Time-standard-deviation mean sea level pressure;std_msl;Pa;239151;GRIB2;
Time-standard-deviation logarithm of surface pressure;std_lnsp;Numeric;239152;GRIB2;
Time-standard-deviation divergence;std_d;s-1;239155;GRIB2;
Time-standard-deviation relative humidity;std_r;%;239157;GRIB2;
Time-standard-deviation boundary layer height;std_blh;m;239159;GRIB2;
Time-standard-deviation 10 metre U wind component;std_10u;m s-1;239165;GRIB2;
Time-standard-deviation 10 metre V wind component;std_10v;m s-1;239166;GRIB2;
Time-standard-deviation 2 metre temperature;std_2t;K;239167;GRIB2;
Time-standard-deviation 2 metre dewpoint temperature;std_2d;K;239168;GRIB2;
Time-standard-deviation sunshine;std_suns;Numeric;239189;GRIB2;
Time-standard-deviation ozone mass mixing ratio;std_o3;kg kg-1;239203;GRIB2;
Time-standard-deviation 10 metre wind speed;std_10si;m s-1;239207;GRIB2;
Time-standard-deviation temperature of snow layer;std_tsn;K;239238;GRIB2;
Time-standard-deviation forecast surface roughness;std_fsr;m;239244;GRIB2;
Time-standard-deviation forecast logarithm of surface roughness for heat;std_flsr;Numeric;239245;GRIB2;
Time-standard-deviation specific cloud liquid water content;std_clwc;kg kg-1;239246;GRIB2;
Time-standard-deviation specific cloud ice water content;std_ciwc;kg kg-1;239247;GRIB2;
Time-standard-deviation fraction of cloud cover;std_cc;(0 - 1);239248;GRIB2;
Time-standard-deviation k index;std_kx;K;239257;GRIB2;
Time-standard-deviation total totals index;std_totalx;K;239258;GRIB2;
Time-standard-deviation 10 metre wind direction;std_10wdir;Degree true;239261;GRIB2;
Time-standard-deviation clear air turbulence (CAT);std_cat;m2/3 s-1;239262;GRIB2;
Time-standard-deviation forecast albedo;std_al;%;239263;GRIB2;
Time-standard-deviation potential temperature;std_pt;K;239269;GRIB2;
Time-standard-deviation UV visible albedo for direct radiation (climatological);std_aluvp_p;%;239281;GRIB2;
Time-standard-deviation UV visible albedo for diffuse radiation (climatological);std_aluvd_p;%;239282;GRIB2;
Time-standard-deviation near IR albedo for direct radiation (climatological);std_alnip_p;%;239283;GRIB2;
Time-standard-deviation near IR albedo for diffuse radiation (climatological);std_alnid_p;%;239284;GRIB2;
Time-standard-deviation snow albedo;std_asn;%;239285;GRIB2;
Time-standard-deviation montgomery potential;std_mont;m2 s-2;239286;GRIB2;
Time-standard-deviation convective available potential energy;std_cape;J kg-1;239287;GRIB2;
Time-standard-deviation total cloud cover;std_tcc;%;239288;GRIB2;
Time-standard-deviation skin reservoir content;std_srcon;kg m-2;239289;GRIB2;
Time-standard-deviation total column integrated ozone;std_tcioz;DU;239290;GRIB2;
Time-standard-deviation total column vertically-integrated kinetic energy;std_vike;J m-2;239291;GRIB2;
Time-standard-deviation total column vertically-integrated enthalpy;std_vithe;J m-2;239292;GRIB2;
Time-standard-deviation total column vertically-integrated potential + internal energy;std_vipie;J m-2;239293;GRIB2;
Time-standard-deviation vertical integral of potential+internal+latent energy;std_vipile;J m-2;239294;GRIB2;
Time-standard-deviation total column vertically-integrated total energy;std_vitoe;J m-2;239295;GRIB2;
Time-standard-deviation total column vertically-integrated water enthalpy;std_viwe;J m-2;239296;GRIB2;
Time-standard-deviation UV visible albedo for direct radiation, isotropic component (climatological);std_aluvpi_p;%;239297;GRIB2;
Time-standard-deviation UV visible albedo for direct radiation, volumetric component (climatological);std_aluvpv_p;%;239298;GRIB2;
Time-standard-deviation UV visible albedo for direct radiation, geometric component (climatological);std_aluvpg_p;%;239299;GRIB2;
Time-standard-deviation near IR albedo for direct radiation, isotropic component (climatological);std_alnipi_p;%;239300;GRIB2;
Time-standard-deviation near IR albedo for direct radiation, volumetric component (climatological);std_alnipv_p;%;239301;GRIB2;
Time-standard-deviation near IR albedo for direct radiation, geometric component (climatological);std_alnipg_p;%;239302;GRIB2;
Time-standard-deviation convective inhibition;std_cin;J kg-1;239303;GRIB2;
Time-standard-deviation friction velocity;std_zust;m s-1;239304;GRIB2;
Time-standard-deviation lake bottom temperature;std_lblt;K;239305;GRIB2;
Time-standard-deviation lake total layer temperature;std_ltlt;K;239306;GRIB2;
Time-standard-deviation lake shape factor;std_lshf;dimensionless;239307;GRIB2;
Time-standard-deviation lake ice surface temperature;std_lict;K;239308;GRIB2;
Time-standard-deviation lake ice total depth;std_licd;m;239309;GRIB2;
Time-standard-deviation minimum vertical gradient of refractivity inside trapping layer;std_dndzn;m-1;239310;GRIB2;
Time-standard-deviation mean vertical gradient of refractivity inside trapping layer;std_dndza;m-1;239311;GRIB2;
Time-standard-deviation duct base height;std_dctb;m;239312;GRIB2;
Time-standard-deviation trapping layer base height;std_tplb;m;239313;GRIB2;
Time-standard-deviation trapping layer top height;std_tplt;m;239314;GRIB2;
Time-standard-deviation geometric height of -10 degrees C atmospheric isothermal level above ground;std_degm10l;m;239315;GRIB2;
Time-standard-deviation cloud base height;std_cbh;m;239316;GRIB2;
Time-standard-deviation geometric height of 0 degrees C atmospheric isothermal level above ground;std_deg0l;m;239317;GRIB2;
Time-standard-deviation 10 metre wind gust;std_i10fg;m s-1;239318;GRIB2;
Time-standard-deviation relative humidity with respect to water;std_rhw;%;239319;GRIB2;
Time-standard-deviation 2 metre relative humidity with respect to water;std_2rhw;%;239320;GRIB2;
Time-standard-deviation convective available potential energy shear;std_capes;m2 s-2;239321;GRIB2;
Time-standard-deviation tropopause pressure;std_trpp;Pa;239322;GRIB2;
Time-standard-deviation height of convective cloud top;std_hcct;m;239323;GRIB2;
Time-standard-deviation height of zero-degree wet-bulb temperature;std_hwbt0;m;239324;GRIB2;
Time-standard-deviation height of one-degree wet-bulb temperature;std_hwbt1;m;239325;GRIB2;
Time-standard-deviation total lightning flash density;std_litoti;km-2 day-1;239326;GRIB2;
Time-standard-deviation total column supercooled liquid water;std_tcslw;kg m-2;239327;GRIB2;
Time-standard-deviation 10 metre U-component of neutral wind;std_u10n;m s-1;239328;GRIB2;
Time-standard-deviation 10 metre V-component of neutral wind;std_v10n;m s-1;239329;GRIB2;
Time-standard-deviation convective rain rate;std_crr;kg m-2 s-1;239330;GRIB2;
Time-standard-deviation large scale rain rate;std_lsrr;kg m-2 s-1;239331;GRIB2;
Time-standard-deviation mixed-layer CAPE in the lowest 50 hPa;std_mlcape50;J kg-1;239332;GRIB2;
Time-standard-deviation mixed-layer CIN in the lowest 50 hPa;std_mlcin50;J kg-1;239333;GRIB2;
Time-standard-deviation mixed-layer CAPE in the lowest 100 hPa;std_mlcape100;J kg-1;239334;GRIB2;
Time-standard-deviation mixed-layer CIN in the lowest 100 hPa;std_mlcin100;J kg-1;239335;GRIB2;
Time-standard-deviation departure level of the most unstable parcel expressed as Pressure;std_mudlp;Pa;239336;GRIB2;
Time-standard-deviation ceiling;std_ceil;m;239337;GRIB2;
Time-standard-deviation total column integrated saturation specific humidity with respect to water;std_tcsqw;kg m-2;239338;GRIB2;
Time-standard-deviation direct solar radiation flux;std_sdirnswrf;W m-2;239339;GRIB2;
Time-standard-deviation cosine of solar zenith angle;std_cossza;Numeric;239340;GRIB2;
Time-standard-deviation freezing rain rate water equivalent;std_fprate;kg m-2 s-1;239341;GRIB2;
Time-standard-deviation total column vertically-integrated eastward geopotential flux;std_vige;W m-1;239342;GRIB2;
Time-standard-deviation total column vertically-integrated northward geopotential flux;std_vign;W m-1;239343;GRIB2;
Time-standard-deviation total column vertically-integrated divergence of water geopotential flux;std_viwgd;W m-2;239344;GRIB2;
Time-standard-deviation total column vertically-integrated divergence of geopotential flux;std_vigd;W m-2;239345;GRIB2;
Time-standard-deviation total column vertically-integrated eastward enthalpy flux;std_viee;W m-1;239346;GRIB2;
Time-standard-deviation total column vertically-integrated northward enthalpy flux;std_vien;W m-1;239347;GRIB2;
Time-standard-deviation total column vertically-integrated eastward kinetic energy flux;std_vikee;W m-1;239348;GRIB2;
Time-standard-deviation total column vertically-integrated northward kinetic energy flux;std_viken;W m-1;239349;GRIB2;
Time-standard-deviation total column vertically-integrated eastward total energy flux;std_vitee;W m-1;239350;GRIB2;
Time-standard-deviation total column vertically-integrated northward total energy flux;std_viten;W m-1;239351;GRIB2;
Time-standard-deviation total column vertically-integrated divergence of enthalpy flux;std_vied;W m-2;239352;GRIB2;
Time-standard-deviation total column vertically-integrated divergence of kinetic energy flux;std_viked;W m-2;239353;GRIB2;
Time-standard-deviation total column vertically-integrated divergence of total energy flux;std_vited;W m-2;239354;GRIB2;
Time-standard-deviation total column vertically-integrated divergence of water enthalpy flux;std_viwed;W m-2;239355;GRIB2;
Time-standard-deviation vertically integrated divergence of mass flux;std_vimad;kg m-2 s-1;239356;GRIB2;
Time-standard-deviation vertically integrated eastward mass flux;std_vimae;kg m-1 s-1;239357;GRIB2;
Time-standard-deviation vertically integrated northward mass flux;std_viman;kg m-1 s-1;239358;GRIB2;
Time-standard-deviation vertically integrated divergence of water vapour flux;std_viwvd;kg m-2 s-1;239359;GRIB2;
Time-standard-deviation vertically integrated divergence of cloud liquid water flux;std_viclwd;kg m-2 s-1;239360;GRIB2;
Time-standard-deviation vertically integrated divergence of cloud ice water flux;std_viciwd;kg m-2 s-1;239361;GRIB2;
Time-standard-deviation vertically integrated divergence of rain flux;std_vird;kg m-2 s-1;239362;GRIB2;
Time-standard-deviation vertically integrated divergence of snow flux;std_visd;kg m-2 s-1;239363;GRIB2;
Time-standard-deviation vertically integrated eastward water vapour flux;std_viwve;kg m-1 s-1;239364;GRIB2;
Time-standard-deviation vertically integrated northward water vapour flux;std_viwvn;kg m-1 s-1;239365;GRIB2;
Time-standard-deviation vertically integrated eastward cloud liquid water flux;std_viclwe;kg m-1 s-1;239366;GRIB2;
Time-standard-deviation vertically integrated northward cloud liquid water flux;std_viclwn;kg m-1 s-1;239367;GRIB2;
Time-standard-deviation vertically integrated eastward cloud ice water flux;std_viciwe;kg m-1 s-1;239368;GRIB2;
Time-standard-deviation vertically integrated northward cloud ice water flux;std_viciwn;kg m-1 s-1;239369;GRIB2;
Time-standard-deviation vertically integrated eastward rain flux;std_vire;kg m-1 s-1;239370;GRIB2;
Time-standard-deviation vertically integrated northward rain flux;std_virn;kg m-1 s-1;239371;GRIB2;
Time-standard-deviation vertically integrated eastward snow flux;std_vise;kg m-1 s-1;239372;GRIB2;
Time-standard-deviation vertically integrated northward snow flux;std_visn;kg m-1 s-1;239373;GRIB2;
Time-standard-deviation vertically integrated eastward ozone flux;std_vioze;kg m-1 s-1;239374;GRIB2;
Time-standard-deviation vertically integrated northward ozone flux;std_viozn;kg m-1 s-1;239375;GRIB2;
Time-standard-deviation vertically integrated divergence of ozone flux;std_viozd;kg m-2 s-1;239376;GRIB2;
Time-standard-deviation vertically integrated net source of ozone;std_vions;kg m-2 s-1;239377;GRIB2;
Time-standard-deviation eastward turbulent surface stress due to orographic form drag;std_ietssofd;N m-2;239378;GRIB2;
Time-standard-deviation northward turbulent surface stress due to orographic form drag;std_intssofd;N m-2;239379;GRIB2;
Time-standard-deviation eastward turbulent surface stress due to surface roughness;std_ietsssr;N m-2;239380;GRIB2;
Time-standard-deviation northward turbulent surface stress due to surface roughness;std_intsssr;N m-2;239381;GRIB2;
Time-standard-deviation cloud-to-ground lightning flash density;std_licgi;km-2 day-1;239383;GRIB2;
Time-standard-deviation land surface heat net flux;std_lshnf;W m-2;239386;GRIB2;
Time-standard-deviation surface direct normal short-wave radiation flux, clear sky;std_sdirnswrfcs;W m-2;239387;GRIB2;
Time-standard-deviation 10 metre convective gust;std_10cogu;m s-1;239388;GRIB2;
Time-standard-deviation 10 metre turbulent gust;std_10tugu;m s-1;239389;GRIB2;
Time-standard-deviation geometric height of 0 degrees C theta level above ground;std_h0thg;m;239390;GRIB2;
Time-standard-deviation geometric height of 1 degree C theta level above ground;std_h1thg;m;239391;GRIB2;
Time-standard-deviation geometric height of 1.5 degrees C theta level above ground;std_h1p5thg;m;239392;GRIB2;
Time-standard-deviation vegetation;std_veg;%;239393;GRIB2;
Time-standard-deviation leaf area index;std_lai;Numeric;239394;GRIB2;
Time-standard-deviation surface roughness for heat;std_srhe;m;239395;GRIB2;
Time-standard-deviation Reciprocal Obukhov length;std_rol;m-1;239396;GRIB2;
Time-standard-deviation geometric height of 3 degrees C atmospheric isothermal level above ground;std_deg3l;m;239397;GRIB2;
Time-standard-deviation surface diffuse short-wave radiation flux, clear sky;std_sdifswrfcs;W m-2;239404;GRIB2;
Time-standard-deviation volumetric soil moisture (root zone);std_vswrz;m3 m-3;239405;GRIB2;
Time-standard-deviation liquid water content in snow pack;std_lwcs;kg m-2;239406;GRIB2;
Time-standard-deviation most-unstable CIN;std_mucin;J kg-1;239407;GRIB2;
Time-standard-deviation specific rain water content (convective);std_crwc_conv;kg kg-1;239408;GRIB2;
Time-standard-deviation specific snow water content (convective);std_cswc_conv;kg kg-1;239409;GRIB2;
Time-standard-deviation mixed layer depth;std_mld;m;239410;GRIB2;
Time-standard-deviation urban cover;std_cur;(0 - 1);239411;GRIB2;
Cross sectional area of flow in channel;chcross;m2;240011;GRIB2;
Side flow into river channel;chside;m3 s-1 m-1;240012;GRIB2;
Discharge from rivers or streams;dis;m3 s-1;240013;GRIB2;
River storage of water;rivsto;m3;240014;GRIB2;
Floodplain storage of water;fldsto;m3;240015;GRIB2;
Days since last observation;dslr;Integer;240017;GRIB2;
Frost index;frost;K;240018;GRIB2;
Depth of water on soil surface;woss;kg m-2;240020;GRIB2;
Upstream accumulated precipitation;tpups;kg m-2;240021;GRIB2;
Upstream accumulated snow melt;smups;kg m-2;240022;GRIB2;
Mean discharge in the last 6 hours;dis06;m3 s-1;240023;GRIB2;
Mean discharge in the last 24 hours;dis24;m3 s-1;240024;GRIB2;
Snow depth at elevation bands;sd_elev;kg m-2;240026;GRIB2;
Groundwater upper storage;gwus;kg m-2;240028;GRIB2;
Groundwater lower storage;gwls;kg m-2;240029;GRIB2;
Lake depth;lakdph;m;240030;GRIB2;
River depth;rivdph;m;240031;GRIB2;
River outflow of water;rivout;m3 s-1;240032;GRIB2;
Floodplain outflow of water;fldout;m3 s-1;240033;GRIB2;
Floodpath outflow of water;pthflw;m3 s-1;240034;GRIB2;
Floodplain depth;flddep;m;240035;GRIB2;
Floodplain flooded fraction;fldffr;Proportion;240036;GRIB2;
Floodplain flooded area;fldfar;m2;240037;GRIB2;
River fraction;rivfr;Proportion;240038;GRIB2;
River area;rivar;m2;240039;GRIB2;
Fraction of river coverage plus river related flooding;rivcffr;Proportion;240040;GRIB2;
Area of river coverage plus river related flooding;rivcfar;m2;240041;GRIB2;
Latitude;lat;Degree N;250001;GRIB2;
Longitude;lon;Degree E;250002;GRIB2;
Latitude on T grid;tlat;Degree N;250003;GRIB2;
Longitude on T grid;tlon;Degree E;250004;GRIB2;
Latitude on U grid;ulat;Degree N;250005;GRIB2;
Longitude on U grid;ulon;Degree E;250006;GRIB2;
Latitude on V grid;vlat;Degree N;250007;GRIB2;
Longitude on V grid;vlon;Degree E;250008;GRIB2;
Latitude on W grid;wlat;Degree N;250009;GRIB2;
Longitude on W grid;wlon;Degree E;250010;GRIB2;
Latitude on F grid;flat;Degree N;250011;GRIB2;
Longitude on F grid;flon;Degree E;250012;GRIB2;
Covariance between 2-metre temperature and volumetric soil water layer 1;covar_t2m_swvl1;K m3 m-3;254001;GRIB2;
Covariance between 2-metre relative humidity and volumetric soil water layer 1;covar_rh2m_swvl1;% m3 m-3;254002;GRIB2;
Covariance between surface soil moisture and volumetric soil water layer 1;covar_ssm_swvl1;m3 m-3 m3 m-3;254003;GRIB2;
Covariance between 2-metre temperature and volumetric soil water layer 2;covar_t2m_swvl2;K m3 m-3;254004;GRIB2;
Covariance between 2-metre relative humidity and volumetric soil water layer 2;covar_rh2m_swvl2;% m3 m-3;254005;GRIB2;
Covariance between surface soil moisture and volumetric soil water layer 2;covar_ssm_swvl2;m3 m-3 m3 m-3;254006;GRIB2;
Covariance between 2-metre temperature and volumetric soil water layer 3;covar_t2m_swvl3;K m3 m-3;254007;GRIB2;
Covariance between 2-metre relative humidity and volumetric soil water layer 3;covar_rh2m_swvl3;% m3 m-3;254008;GRIB2;
Covariance between surface soil moisture and volumetric soil water layer 3;covar_ssm_swvl3;m3 m-3 m3 m-3;254009;GRIB2;
Covariance between 2-metre temperature and soil temperature layer 1;covar_t2m_stl1;K K;254010;GRIB2;
Covariance between 2-metre relative humidity and soil temperature layer 1;covar_rh2m_stl1;% K;254011;GRIB2;
Covariance between 2-metre temperature and soil temperature layer 2;covar_t2m_stl2;K K;254012;GRIB2;
Covariance between 2-metre relative humidity and soil temperature layer 2;covar_rh2m_stl2;% K;254013;GRIB2;
Covariance between 2-metre temperature and soil temperature layer 3;covar_t2m_stl3;K K;254014;GRIB2;
Covariance between 2-metre relative humidity and soil temperature layer 3;covar_rh2m_stl3;% K;254015;GRIB2;
Covariance between 2-metre temperature and temperature of snow layer 1;covar_t2m_tsn1;K K;254016;GRIB2;
Covariance between 2-metre relative humidity and temperature of snow layer 1;covar_rh2m_tsn1;% K;254017;GRIB2;
Covariance between 2-metre temperature and temperature of snow layer 2;covar_t2m_tsn2;K K;254018;GRIB2;
Covariance between 2-metre relative humidity and temperature of snow layer 2;covar_rh2m_tsn2;% K;254019;GRIB2;
Covariance between 2-metre temperature and temperature of snow layer 3;covar_t2m_tsn3;K K;254020;GRIB2;
Covariance between 2-metre relative humidity and temperature of snow layer 3;covar_rh2m_tsn3;% K;254021;GRIB2;
Total column vertically-integrated graupel (snow pellets);tcolg;kg m-2;260001;GRIB2;
Surface latent heat net flux;slhtf;W m-2;260002;GRIB2;
Heat index;heatx;K;260004;GRIB2;
Wind chill factor;wcf;K;260005;GRIB2;
Snow phase change heat flux;snohf;W m-2;260007;GRIB2;
Vapor pressure;vapp;Pa;260008;GRIB2;
Large scale precipitation (non-convective);ncpcp;kg m-2;260009;GRIB2;
Snowfall rate water equivalent;srweq;kg m-2 s-1;260010;GRIB2;
Convective snow;snoc;kg m-2;260011;"GRIB2 GRIB1";
Large scale snow;snol;kg m-2;260012;GRIB2;
Snow age;snoag;day;260013;GRIB2;
Absolute humidity;absh;kg m-3;260014;GRIB2;
Precipitation type;ptype;(Code table 4.201);260015;GRIB2;Dissemination
Integrated liquid water;iliqw;kg m-2;260016;GRIB2;
Condensate;tcond;kg kg-1;260017;GRIB2;
Cloud mixing ratio;clwmr;kg kg-1;260018;GRIB2;
Ice water mixing ratio;icmr;kg kg-1;260019;GRIB2;
Rain mixing ratio;rwmr;kg kg-1;260020;GRIB2;
Snow mixing ratio;snmr;kg kg-1;260021;GRIB2;
Horizontal moisture convergence;mconv;kg kg-1 s-1;260022;GRIB2;
Total snowfall;asnow;m;260025;GRIB2;
Precipitable water category;pwcat;(Code table 4.202);260026;GRIB2;
Hail;hail;m;260027;GRIB2;
Graupel (snow pellets);grle;kg kg-1;260028;GRIB2;
Categorical rain;crain;(Code table 4.222);260029;GRIB2;
Categorical freezing rain;cfrzr;(Code table 4.222);260030;GRIB2;
Categorical ice pellets;cicep;(Code table 4.222);260031;GRIB2;
Categorical snow;csnow;(Code table 4.222);260032;GRIB2;
Convective precipitation rate;cpr;kg m-2 s-1;260033;GRIB2;
Horizontal moisture divergence;mdiv;kg kg-1 s-1;260034;GRIB2;
Percent frozen precipitation;cpofp;%;260035;GRIB2;
Potential evaporation;pevap;kg m-2;260036;GRIB2;
Snow cover;snowc;%;260038;GRIB2;
Rain fraction of total cloud water;frain;Proportion;260039;GRIB2;
Rime factor;rime;Numeric;260040;GRIB2;
Total column integrated rain;tcolr;kg m-2;260041;GRIB2;
Total column integrated snow;tcols;kg m-2;260042;GRIB2;
Large scale water precipitation (non-convective);lswp;kg m-2;260043;GRIB2;
Convective water precipitation;cwp;kg m-2;260044;GRIB2;
Total water precipitation;twatp;kg m-2;260045;GRIB2;
Total snow precipitation;tsnowp;kg m-2;260046;GRIB2;
Total column water (Vertically integrated total water (vapour + cloud water/ice));tcwat;kg m-2;260047;GRIB2;
Total precipitation rate;tprate;kg m-2 s-1;260048;"GRIB2 GRIB1";Dissemination
Total snowfall rate water equivalent;tsrwe;kg m-2 s-1;260049;GRIB2;
Large scale precipitation rate;lsprate;kg m-2 s-1;260050;GRIB2;
Total snowfall rate;tsrate;m s-1;260053;GRIB2;
Convective snowfall rate;csrate;m s-1;260054;GRIB2;
Large scale snowfall rate;lssrate;m s-1;260055;GRIB2;
Water equivalent of accumulated snow depth (deprecated);sdwe;kg m-2;260056;GRIB2;
Total column integrated water vapour;tciwv;kg m-2;260057;GRIB2;
Rain precipitation rate;rprate;kg m-2 s-1;260058;GRIB2;
Snow precipitation rate;sprate;kg m-2 s-1;260059;GRIB2;
Freezing rain precipitation rate;fprate;kg m-2 s-1;260060;GRIB2;
Ice pellets precipitation rate;iprate;kg m-2 s-1;260061;GRIB2;
Momentum flux, u component;uflx;N m-2;260062;GRIB2;
Momentum flux, v component;vflx;N m-2;260063;GRIB2;
Wind speed (gust);gust;m s-1;260065;GRIB2;
u-component of wind (gust);ugust;m s-1;260066;GRIB2;
v-component of wind (gust);vgust;m s-1;260067;GRIB2;
Vertical speed shear;vwsh;s-1;260068;GRIB2;
Horizontal momentum flux;mflx;N m-2;260069;GRIB2;
U-component storm motion;ustm;m s-1;260070;GRIB2;
V-component storm motion;vstm;m s-1;260071;GRIB2;
Drag coefficient;cd;Numeric;260072;GRIB2;
Frictional velocity;fricv;m s-1;260073;GRIB2;
Pressure reduced to MSL;prmsl;Pa;260074;GRIB2;
Altimeter setting;alts;Pa;260076;GRIB2;
Thickness;thick;m;260077;GRIB2;
Pressure altitude;presalt;m;260078;GRIB2;
Density altitude;denalt;m;260079;GRIB2;
5-wave geopotential height;5wavh;gpm;260080;GRIB2;
Instantaneous eastward gravity wave surface stress;iegwss;N m-2;260081;GRIB2;
Instantaneous northward gravity wave surface stress;ingwss;N m-2;260082;GRIB2;
5-wave geopotential height anomaly;5wava;gpm;260084;GRIB2;
Standard deviation of sub-grid scale orography;sdsgso;m;260085;GRIB2;
Net short-wave radiation flux (top of atmosphere);nswrt;W m-2;260086;GRIB2;
Surface downward short-wave radiation flux;sdswrf;W m-2;260087;"GRIB2 GRIB1";
Surface upward short-wave radiation flux;suswrf;W m-2;260088;"GRIB2 GRIB1";
Surface net short-wave radiation flux;snswrf;W m-2;260089;GRIB2;
Surface photosynthetically active radiation flux;sparf;W m-2;260090;GRIB2;
Surface net short-wave radiation flux, clear sky;snswrfcs;W m-2;260091;GRIB2;
Surface downward UV radiation flux;sduvrf;W m-2;260092;GRIB2;
UV index (under clear sky);uviucs;Numeric;260093;GRIB2;
UV index;uvi;Numeric;260094;GRIB2;
Surface downward long-wave radiation flux;sdlwrf;W m-2;260097;"GRIB2 GRIB1";
Surface upward long-wave radiation flux;sulwrf;W m-2;260098;"GRIB2 GRIB1";
Surface net long-wave radiation flux;snlwrf;W m-2;260099;GRIB2;
Surface net long-wave radiation flux, clear sky;snlwrfcs;W m-2;260100;GRIB2;
Cloud Ice;cice;kg m-2;260101;GRIB2;
Cloud water;cwat;kg m-2;260102;"GRIB2 GRIB1";
Cloud amount;cdca;%;260103;GRIB2;
Cloud type;cdct;(Code table 4.203);260104;GRIB2;
Thunderstorm maximum tops;tmaxt;m;260105;GRIB2;
Thunderstorm coverage;thunc;(Code table 4.204);260106;GRIB2;
Cloud base;cdcb;m;260107;GRIB2;
Cloud top;cdct;m;260108;GRIB2;
Ceiling;ceil;m;260109;"GRIB2 GRIB1";Dissemination
Non-convective cloud cover;cdlyr;%;260110;GRIB2;
Cloud work function;cwork;J kg-1;260111;"GRIB2 GRIB1";
Convective cloud efficiency;cuefi;Proportion;260112;GRIB2;
Total condensate;tcond;kg kg-1;260113;GRIB2;
Total column-integrated cloud water;tcolw;kg m-2;260114;GRIB2;
Total column-integrated cloud ice;tcoli;kg m-2;260115;GRIB2;
Total column-integrated condensate;tcolc;kg m-2;260116;GRIB2;
Ice fraction of total condensate;fice;Proportion;260117;GRIB2;
Cloud ice mixing ratio;cdcimr;kg kg-1;260118;GRIB2;
Sunshine;suns;Numeric;260119;GRIB2;
Horizontal extent of cumulonimbus (CB);~;%;260120;GRIB2;
K index;kx;K;260121;"GRIB2 GRIB1";Dissemination
KO index;kox;K;260122;GRIB2;
Total totals index;totalx;K;260123;"GRIB2 GRIB1";Dissemination
Sweat index;sx;Numeric;260124;GRIB2;
Storm relative helicity;hlcy;m2 s-2;260125;GRIB2;
Energy helicity index;ehlx;Numeric;260126;GRIB2;
Surface lifted index;lftx;K;260127;GRIB2;
Best (4-layer) lifted index;4lftx;K;260128;GRIB2;
Aerosol type;aerot;(Code table 4.205);260129;GRIB2;
Total ozone;tozne;DU;260130;GRIB2;
Ozone mixing ratio;o3mr;kg kg-1;260131;GRIB2;
Total column integrated ozone;tcioz;DU;260132;"GRIB2 GRIB1";
Base spectrum width;bswid;m s-1;260133;GRIB2;
Base reflectivity;bref;dB;260134;GRIB2;
Base radial velocity;brvel;m s-1;260135;GRIB2;
Vertically-integrated liquid;veril;kg m-1;260136;GRIB2;
Layer-maximum base reflectivity;lmaxbr;dB;260137;GRIB2;
Precipitation from radar;rdp;kg m-2;260138;GRIB2;
Air concentration of Caesium 137;acces;Bq m-3;260139;GRIB2;
Air concentration of Iodine 131;aciod;Bq m-3;260140;GRIB2;
Air concentration of radioactive pollutant;acradp;Bq m-3;260141;GRIB2;
Ground deposition of Caesium 137;gdces;Bq m-2;260142;GRIB2;
Ground deposition of Iodine 131;gdiod;Bq m-2;260143;GRIB2;
Ground deposition of radioactive pollutant;gdradp;Bq m-2;260144;GRIB2;
Time-integrated air concentration of caesium pollutant;tiaccp;Bq s m-3;260145;GRIB2;
Time-integrated air concentration of iodine pollutant;tiacip;Bq s m-3;260146;GRIB2;
Time-integrated air concentration of radioactive pollutant;tiacrp;Bq s m-3;260147;GRIB2;
Volcanic ash;volash;(Code table 4.206);260148;GRIB2;
Icing top;icit;m;260149;GRIB2;
Icing base;icib;m;260150;GRIB2;
Icing;ici;(Code table 4.207);260151;GRIB2;
Turbulence top;turbt;m;260152;GRIB2;
Turbulence base;turbb;m;260153;GRIB2;
Turbulence;turb;(Code table 4.208);260154;GRIB2;
Turbulent kinetic energy;tke;J kg-1;260155;GRIB2;
Planetary boundary layer regime;pblreg;(Code table 4.209);260156;GRIB2;
Contrail intensity;conti;(Code table 4.210);260157;GRIB2;
Contrail engine type;contet;(Code table 4.211);260158;GRIB2;
Contrail top;contt;m;260159;GRIB2;
Contrail base;contb;m;260160;GRIB2;
Maximum snow albedo;mxsalb;%;260161;GRIB2;
Snow free albedo;snfalb;%;260162;GRIB2;
Icing;~;%;260163;GRIB2;
In-cloud turbulence;~;%;260164;GRIB2;
Relative clear air turbulence (RCAT);rcat;%;260165;GRIB2;
Supercooled large droplet probability;sldp;%;260166;GRIB2;
Arbitrary text string;var190m0;CCITTIA5;260167;GRIB2;
Seconds prior to initial reference time (defined in Section 1);tsec;s;260168;GRIB2;
Flash flood guidance;ffldg;kg m-2;260169;GRIB2;
Flash flood runoff (Encoded as an accumulation over a floating subinterval of time);ffldro;kg m-2;260170;GRIB2;
Remotely sensed snow cover;rssc;(Code table 4.215);260171;GRIB2;
Elevation of snow covered terrain;esct;(Code table 4.216);260172;GRIB2;
Snow water equivalent percent of normal;swepon;%;260173;GRIB2;
Baseflow-groundwater runoff;bgrun;kg m-2;260174;GRIB2;
Storm surface runoff;ssrun;kg m-2;260175;GRIB2;
Conditional percent precipitation amount fractile for an overall period (Encoded as an accumulation);cppop;kg m-2;260176;GRIB2;
Percent precipitation in a sub-period of an overall period;pposp;%;260177;GRIB2;
Probability of 0.01 inch of precipitation (POP);pop;%;260178;GRIB2;
Vegetation;veg;%;260180;GRIB2;
Water runoff;watr;kg m-2;260181;GRIB2;
Evapotranspiration;evapt;kg-2 s-1;260182;GRIB2;
Model terrain height;mterh;m;260183;GRIB2;
Land use;landu;(Code table 4.212);260184;GRIB2;
Volumetric soil moisture content;soilw;Proportion;260185;GRIB2;
Ground heat flux;gflux;W m-2;260186;"GRIB2 GRIB1";
Moisture availability;mstav;%;260187;GRIB2;
Exchange coefficient;sfexc;kg m-2 s-1;260188;GRIB2;
Plant canopy surface water;cnwat;kg m-2;260189;GRIB2;
Blackadar mixing length scale;bmixl;m;260190;GRIB2;
Canopy conductance;ccond;m s-1;260191;GRIB2;
Minimal stomatal resistance;rsmin;s m-1;260192;GRIB2;
Solar parameter in canopy conductance;rcs;Proportion;260193;GRIB2;
Temperature parameter in canopy conductance;rct;Proportion;260194;GRIB2;
Soil moisture parameter in canopy conductance;rcsol;Proportion;260195;GRIB2;
Humidity parameter in canopy conductance;rcq;Proportion;260196;GRIB2;
Column-integrated soil water;cisoilw;kg m-2;260197;GRIB2;
Heat flux;hflux;W m-2;260198;GRIB2;
Volumetric soil moisture;vsw;m3 m-3;260199;GRIB2;
Volumetric wilting point;vwiltm;m3 m-3;260200;GRIB2;
Liquid volumetric soil moisture (non-frozen);soill;Proportion;260205;GRIB2;
Number of soil layers in root zone;rlyrs;Numeric;260206;GRIB2;
Transpiration stress-onset (soil moisture);smref;Proportion;260207;GRIB2;
Direct evaporation cease (soil moisture);smdry;Proportion;260208;GRIB2;
Soil porosity;poros;Proportion;260209;GRIB2;
Liquid volumetric soil moisture (non-frozen);liqvsm;m3 m-3;260210;GRIB2;
Volumetric transpiration stress-onset (soil moisture);voltso;m3 m-3;260211;GRIB2;
Transpiration stress-onset (soil moisture);transo;kg m-3;260212;GRIB2;
Volumetric direct evaporation cease (soil moisture);voldec;m3 m-3;260213;GRIB2;
Direct evaporation cease (soil moisture);direc;kg m-3;260214;GRIB2;
Soil porosity;soilp;m3 m-3;260215;GRIB2;
Volumetric saturation of soil moisture;vsosm;m3 m-3;260216;GRIB2;
Saturation of soil moisture;satosm;kg m-3;260217;GRIB2;
Estimated precipitation;estp;kg m-2;260218;GRIB2;
Instantaneous rain rate;irrate;kg m-2 s-1;260219;GRIB2;
Cloud top height;ctoph;m;260220;GRIB2;
Cloud top height quality indicator;ctophqi;(Code table 4.219);260221;GRIB2;
Estimated u component of wind;estu;m s-1;260222;GRIB2;
Estimated v component of wind;estv;m s-1;260223;GRIB2;
Number of pixels used;npixu;Numeric;260224;GRIB2;
Solar zenith angle;solza;Degree;260225;GRIB2;
Relative azimuth angle;raza;Degree;260226;GRIB2;
Reflectance in 0.6 micron channel;rfl06;%;260227;GRIB2;
Reflectance in 0.8 micron channel;rfl08;%;260228;GRIB2;
Reflectance in 1.6 micron channel;rfl16;%;260229;GRIB2;
Reflectance in 3.9 micron channel;rfl39;%;260230;GRIB2;
Atmospheric divergence;atmdiv;s-1;260231;GRIB2;
Direction of wind waves;wvdir;Degree true;260232;GRIB2;
Primary wave direction;dirpw;Degree true;260233;GRIB2;
Primary wave mean period;perpw;s;260234;GRIB2;
Secondary wave mean period;persw;s;260235;GRIB2;
Current direction;dirc;Degree true;260236;GRIB2;
Current speed;spc;m s-1;260237;GRIB2;
Geometric vertical velocity;wz;m s-1;260238;GRIB2;
Seconds prior to initial reference time (defined in Section 1);tsec;s;260241;GRIB2;
2 metre relative humidity;2r;%;260242;"GRIB2 GRIB1";
Temperature tendency by all radiation;ttrad;K s-1;260243;GRIB2;
Relative Error Variance;rev;~;260244;GRIB2;
Large Scale Condensate Heating rate;lrghr;K s-1;260245;GRIB2;
Deep Convective Heating rate;cnvhr;K s-1;260246;GRIB2;
Total Downward Heat Flux at Surface;thflx;W m-2;260247;GRIB2;
Temperature Tendency By All Physics;ttdia;K s-1;260248;GRIB2;
Temperature Tendency By Non-radiation Physics;ttphy;K s-1;260249;GRIB2;
Standard Dev. of IR Temp. over 1x1 deg. area;tsd1d;K;260250;GRIB2;
Shallow Convective Heating rate;shahr;K s-1;260251;GRIB2;
Vertical Diffusion Heating rate;vdfhr;K s-1;260252;GRIB2;
Potential temperature at top of viscous sublayer;thz0;K;260253;GRIB2;
Tropical Cyclone Heat Potential;tchp;J m-2 K-1;260254;GRIB2;
Apparent temperature;aptmp;K;260255;GRIB2;
Haines Index;hindex;Numeric;260256;GRIB2;
Cloud cover;ccl;%;260257;GRIB2;
Evaporation;eva;kg m-2;260259;GRIB2;
10 metre wind direction;10wdir;Degree true;260260;GRIB2;
Minimum Relative Humidity;minrh;%;260261;GRIB2;
Surface direct short-wave radiation flux;sdirswrf;W m-2;260262;GRIB2;
Surface diffuse short-wave radiation flux;sdifswrf;W m-2;260263;GRIB2;
Time-integrated surface direct short wave radiation flux;tidirswrf;J m-2;260264;GRIB2;
Total precipitation in the last 6 hours;tp06;kg m-2;260267;GRIB2;
Total precipitation in the last 24 hours;tp24;kg m-2;260268;GRIB2;
Total Icing Potential Diagnostic;tipd;dimensionless;260269;GRIB2;
Number concentration for ice particles;ncip;dimensionless;260270;GRIB2;
Snow temperature;snot;K;260271;GRIB2;
Total column-integrated supercooled liquid water;tclsw;kg m-2;260272;GRIB2;
Total column-integrated melting ice;tcolm;kg m-2;260273;GRIB2;
Evaporation - Precipitation;emnp;cm per day;260274;GRIB2;
Sublimation (evaporation from snow);sbsno;W m-2;260275;GRIB2;
Deep Convective Moistening Rate;cnvmr;kg (kg s-1)-1;260276;GRIB2;
Shallow Convective Moistening Rate;shamr;kg (kg s-1)-1;260277;GRIB2;
Vertical Diffusion Moistening Rate;vdfmr;kg (kg s-1)-1;260278;GRIB2;
Condensation Pressure of Parcali Lifted From Indicate Surface;condp;Pa;260279;GRIB2;
Large scale moistening rate;lrgmr;kg (kg s-1)-1;260280;GRIB2;
Specific humidity at top of viscous sublayer;qz0;kg kg-1;260281;GRIB2;
Maximum specific humidity at 2m;qmax;kg kg-1;260282;GRIB2;
Minimum specific humidity at 2m;qmin;kg kg-1;260283;GRIB2;
Liquid precipitation (rainfall);arain;kg m-2;260284;GRIB2;
Snow temperature, depth-avg;snowt;K;260285;GRIB2;
Total precipitation (nearest grid point);apcpn;kg m-2;260286;GRIB2;
Convective precipitation (nearest grid point);acpcpn;kg m-2;260287;GRIB2;
Freezing Rain;frzr;kg m-2;260288;GRIB2;
Fraction of snow cover;fscov;Proportion;260289;GRIB2;
Clear air turbulence (CAT);cat;m2/3 s-1;260290;GRIB2;Dissemination
Mountain wave turbulence (eddy dissipation rate);mwt;m2/3 s-1;260291;GRIB2;
Specific rain water content (convective);crwc_conv;kg kg-1;260292;GRIB2;
Specific snow water content (convective);cswc_conv;kg kg-1;260293;GRIB2;
Glacier mask;glm;Proportion;260294;GRIB2;
Latitude of U Wind Component of Velocity;lauv;deg;260295;GRIB2;
Longitude of U Wind Component of Velocity;louv;deg;260296;GRIB2;
Latitude of V Wind Component of Velocity;lavv;deg;260297;GRIB2;
Longitude of V Wind Component of Velocity;lovv;deg;260298;GRIB2;
Latitude of Pressure Point;lapp;deg;260299;GRIB2;
Longitude of Pressure Point;lopp;deg;260300;GRIB2;
Vertical Eddy Diffusivity Heat exchange;vedh;m2 s-1;260301;GRIB2;
Covariance between Meridional and Zonal Components of the wind.;covmz;m2 s-2;260302;GRIB2;
Covariance between Temperature and Zonal Components of the wind.;covtz;K m s-1;260303;GRIB2;
Covariance between Temperature and Meridional Components of the wind.;covtm;K m s-1;260304;GRIB2;
Vertical Diffusion Zonal Acceleration;vdfua;m s-2;260305;GRIB2;
Vertical Diffusion Meridional Acceleration;vdfva;m s-2;260306;GRIB2;
Gravity wave drag zonal acceleration;gwdu;m s-2;260307;GRIB2;
Gravity wave drag meridional acceleration;gwdv;m s-2;260308;GRIB2;
Convective zonal momentum mixing acceleration;cnvu;m s-2;260309;GRIB2;
Convective meridional momentum mixing acceleration;cnvv;m s-2;260310;GRIB2;
Tendency of vertical velocity;wtend;m s-2;260311;GRIB2;
Omega (Dp/Dt) divide by density;omgalf;K;260312;GRIB2;
Convective Gravity wave drag zonal acceleration;cngwdu;m s-2;260313;GRIB2;
Convective Gravity wave drag meridional acceleration;cngwdv;m s-2;260314;GRIB2;
Velocity Point Model Surface;lmv;~;260315;GRIB2;
Potential Vorticity (Mass-Weighted);pvmww;(s m-1)-1;260316;GRIB2;
MSLP (Eta model reduction);mslet;Pa;260317;GRIB2;
Precipitation type (most severe) in the last 1 hour;ptype_sev1h;(Code table 4.201);260318;GRIB2;Dissemination
Precipitation type (most severe) in the last 3 hours;ptype_sev3h;(Code table 4.201);260319;GRIB2;Dissemination
Precipitation type (most frequent) in the last 1 hour;ptype_freq1h;(Code table 4.201);260320;GRIB2;Dissemination
Precipitation type (most frequent) in the last 3 hours;ptype_freq3h;(Code table 4.201);260321;GRIB2;Dissemination
MSLP (MAPS System Reduction);mslma;Pa;260323;GRIB2;
3-hr pressure tendency (Std. Atmos. Reduction);tslsa;Pa s-1;260324;GRIB2;
Pressure of level from which parcel was lifted;plpl;Pa;260325;GRIB2;
X-gradient of Log Pressure;lpsx;m-1;260326;GRIB2;
Y-gradient of Log Pressure;lpsy;m-1;260327;GRIB2;
X-gradient of Height;hgtx;m-1;260328;GRIB2;
Y-gradient of Height;hgty;m-1;260329;GRIB2;
Layer Thickness;layth;m;260330;GRIB2;
Natural Log of Surface Pressure;nlgsp;ln(kPa);260331;GRIB2;
Convective updraft mass flux;cnvumf;kg (m2 s-1)-1;260332;GRIB2;
Convective downdraft mass flux;cnvdmf;kg (m2 s-1)-1;260333;GRIB2;
Convective detrainment mass flux;cnvdemf;kg (m2 s-1)-1;260334;GRIB2;
Mass Point Model Surface;lmh;~;260335;GRIB2;
Geopotential Height (nearest grid point);hgtn;gpm;260336;GRIB2;
Pressure (nearest grid point);presn;Pa;260337;GRIB2;
Precipitation type (most severe) in the last 6 hours;ptype_sev6h;(Code table 4.201);260338;GRIB2;Dissemination
Precipitation type (most frequent) in the last 6 hours;ptype_freq6h;(Code table 4.201);260339;GRIB2;Dissemination
UV-B downward solar flux;duvb;W m-2;260340;GRIB2;
Clear sky UV-B downward solar flux;cduvb;W m-2;260341;GRIB2;
Clear Sky Downward Solar Flux;csdsf;W m-2;260342;"GRIB2 GRIB1";
Solar Radiative Heating Rate;swhr;K s-1;260343;GRIB2;
Clear Sky Upward Solar Flux;csusf;W m-2;260344;"GRIB2 GRIB1";
Cloud Forcing Net Solar Flux;cfnsf;W m-2;260345;GRIB2;
Visible Beam Downward Solar Flux;vbdsf;W m-2;260346;GRIB2;
Visible Diffuse Downward Solar Flux;vddsf;W m-2;260347;GRIB2;
Near IR Beam Downward Solar Flux;nbdsf;W m-2;260348;GRIB2;
Near IR Diffuse Downward Solar Flux;nddsf;W m-2;260349;GRIB2;
Downward Total radiation Flux;dtrf;W m-2;260350;GRIB2;
Upward Total radiation Flux;utrf;W m-2;260351;GRIB2;
Long-Wave Radiative Heating Rate;lwhr;K s-1;260354;GRIB2;
Clear Sky Upward Long Wave Flux;csulf;W m-2;260355;"GRIB2 GRIB1";
Clear Sky Downward Long Wave Flux;csdlf;W m-2;260356;"GRIB2 GRIB1";
Cloud Forcing Net Long Wave Flux;cfnlf;W m-2;260357;GRIB2;
Soil temperature;sot;K;260360;GRIB2;
Surface downward short-wave radiation flux, clear sky;sdswrfcs;W m-2;260361;GRIB2;
Surface upward short-wave radiation flux, clear sky;suswrfcs;W m-2;260362;GRIB2;
Surface downward long-wave radiation flux, clear sky;sdlwrfcs;W m-2;260363;GRIB2;
Soil heat flux;sohf;W m-2;260364;GRIB2;
Percolation rate;percr;kg m-2 s-1;260365;GRIB2;
Convective Cloud Mass Flux;mflux;Pa s-1;260366;GRIB2;
Soil depth;sod;m;260367;GRIB2;
Soil moisture;som;kg m-3;260368;GRIB2;
Richardson Number;ri;Numeric;260369;GRIB2;
Convective Weather Detection Index;cwdi;~;260370;GRIB2;
Updraft Helicity;uphl;m2 s-2;260372;GRIB2;
Leaf Area Index;lai;Numeric;260373;GRIB2;
Particulate matter (coarse);pmtc;(10-6 g) m-3;260374;GRIB2;
Particulate matter (fine);pmtf;(10-6 g) m-3;260375;GRIB2;
Particulate matter (fine);lpmtf;log10((10-6g) m-3);260376;GRIB2;
Integrated column particulate matter (fine);lipmf;log10((10-6g) m-3);260377;GRIB2;
Ozone Concentration (PPB);ozcon;ppb;260379;GRIB2;
Categorical Ozone Concentration;ozcat;dimensionless;260380;GRIB2;
Ozone vertical diffusion;vdfoz;kg (kg s-1)-1;260381;GRIB2;
Ozone production;poz;kg (kg s-1)-1;260382;GRIB2;
Ozone tendency;toz;kg (kg s-1)-1;260383;GRIB2;
Ozone production from temperature term;pozt;kg (kg s-1)-1;260384;GRIB2;
Ozone production from col ozone term;pozo;kg (kg s-1)-1;260385;GRIB2;
Derived radar reflectivity backscatter from rain;refzr;mm6 m-3;260386;GRIB2;
Derived radar reflectivity backscatter from ice;refzi;mm6 m-3;260387;GRIB2;
Derived radar reflectivity backscatter from parameterized convection;refzc;mm6 m-3;260388;GRIB2;
Derived radar reflectivity;refd;dB;260389;GRIB2;
Maximum/Composite radar reflectivity;refc;dB;260390;GRIB2;
Lightning;ltng;dimensionless;260391;GRIB2;
Slight risk convective outlook;srcono;categorical;260394;GRIB2;
Moderate risk convective outlook;mrcono;categorical;260395;GRIB2;
High risk convective outlook;hrcono;categorical;260396;GRIB2;
Tornado probability;torprob;%;260397;GRIB2;
Hail probability;hailprob;%;260398;GRIB2;
Wind probability;windprob;%;260399;GRIB2;
Significant Tornado probability;storprob;%;260400;GRIB2;
Significant Hail probability;shailpro;%;260401;GRIB2;
Significant Wind probability;swindpro;%;260402;GRIB2;
Categorical Thunderstorm (1-yes, 0-no);tstmc;categorical;260403;GRIB2;
Number of mixed layers next to surface;mixly;Integer;260404;GRIB2;
Flight Category;flght;~;260405;GRIB2;
Confidence - Ceiling;cicel;~;260406;GRIB2;
Confidence - Visibility;civis;~;260407;GRIB2;
Confidence - Flight Category;ciflt;~;260408;GRIB2;
Low-Level aviation interest;lavni;~;260409;GRIB2;
High-Level aviation interest;havni;~;260410;GRIB2;
Visible, Black Sky Albedo;sbsalb;%;260411;GRIB2;
Visible, White Sky Albedo;swsalb;%;260412;GRIB2;
Near IR, Black Sky Albedo;nbsalb;%;260413;GRIB2;
Near IR, White Sky Albedo;nwsalb;%;260414;GRIB2;
Total Probability of Severe Thunderstorms (Days 2,3);prsvr;%;260415;GRIB2;
Total Probability of Extreme Severe Thunderstorms (Days 2,3);prsigsvr;%;260416;GRIB2;
Supercooled Large Droplet (SLD) Potential;sipd;~;260417;GRIB2;
Radiative emissivity;epsr;~;260418;GRIB2;
Turbulence Potential Forecast Index;tpfi;~;260419;GRIB2;
Volcanic Ash Forecast Transport and Dispersion;vaftd;log10(kg m-3);260420;GRIB2;
Latitude (-90 to +90);nlat;deg;260421;GRIB2;
East Longitude (0 - 360);elon;deg;260422;GRIB2;
Accumulated surface downward short-wave radiation flux, clear sky;adswrf_cs;J m-2;260423;GRIB2;
Model Layer number (From bottom up);mlyno;~;260424;GRIB2;
Latitude (nearest neighbor) (-90 to +90);nlatn;deg;260425;GRIB2;
East Longitude (nearest neighbor) (0 - 360);elonn;deg;260426;GRIB2;
Accumulated surface upward short-wave radiation flux, clear sky;auswrf_cs;J m-2;260427;GRIB2;
Accumulated surface downward long-wave radiation flux, clear sky;adlwrf_cs;J m-2;260428;GRIB2;
Probability of Freezing Precipitation;cpozp;%;260429;GRIB2;
Percolation;perc;kg m-2;260430;GRIB2;
Probability of precipitation exceeding flash flood guidance values;ppffg;%;260431;GRIB2;
Probability of Wetting Rain, exceeding in 0.10 in a given time period;cwr;%;260432;GRIB2;
Evapotranspiration rate;etr;kg m-2 s-1;260433;GRIB2;
Potential evapotranspiration rate;petr;kg m-2 s-1;260436;GRIB2;
Vegetation Type;vgtyp;Integer(0-13);260439;GRIB2;
Wilting Point;wilt;Fraction;260442;GRIB2;
Runoff rate water equivalent (surface plus subsurface);rorwe;kg m-2 s-1;260443;GRIB2;
Rate of water dropping from canopy to ground;rdrip;~;260447;GRIB2;
Ice-free water surface;icwat;%;260448;GRIB2;
Surface exchange coefficients for T and Q divided by delta z;akhs;m s-1;260449;GRIB2;
Surface exchange coefficients for U and V divided by delta z;akms;m s-1;260450;GRIB2;
Vegetation canopy temperature;vegt;K;260451;GRIB2;
Surface water storage;sstor;kg m-2;260452;GRIB2;
Liquid soil moisture content (non-frozen);lsoil;kg m-2;260453;GRIB2;
Open water evaporation (standing water);ewatr;W m-2;260454;GRIB2;
Groundwater recharge;gwrec;kg m-2;260455;GRIB2;
Flood plain recharge;qrec;kg m-2;260456;GRIB2;
Roughness length for heat;sfcrh;m;260457;GRIB2;
Normalized Difference Vegetation Index;ndvi;~;260458;GRIB2;
Land-sea coverage (nearest neighbor) [land=1,sea=0];landn;~;260459;GRIB2;
Asymptotic mixing length scale;amixl;m;260460;GRIB2;
Water vapor added by precip assimilation;wvinc;kg m-2;260461;GRIB2;
Water condensate added by precip assimilation;wcinc;kg m-2;260462;GRIB2;
Water Vapor Flux Convergence (Vertical Int);wvconv;kg m-2;260463;GRIB2;
Water Condensate Flux Convergence (Vertical Int);wcconv;kg m-2;260464;GRIB2;
Water Vapor Zonal Flux (Vertical Int);wvuflx;kg m-2;260465;GRIB2;
Water Vapor Meridional Flux (Vertical Int);wvvflx;kg m-2;260466;GRIB2;
Water Condensate Zonal Flux (Vertical Int);wcuflx;kg m-2;260467;GRIB2;
Water Condensate Meridional Flux (Vertical Int);wcvflx;kg m-2;260468;GRIB2;
Aerodynamic conductance;acond;m s-1;260469;GRIB2;
Canopy water evaporation;evcw;W m-2;260470;GRIB2;
Transpiration;trans;W m-2;260471;GRIB2;
Surface Slope Type;sltyp;Index;260474;GRIB2;
Snow melt rate;smr;kg m-2 s-1;260475;GRIB2;
Direct evaporation from bare soil;evbs;W m-2;260478;GRIB2;
Land Surface Precipitation Accumulation;lspa;kg m-2;260479;GRIB2;
Bare soil surface skin temperature;baret;K;260480;GRIB2;
Average surface skin temperature;avsft;K;260481;GRIB2;
Effective radiative skin temperature;radt;K;260482;GRIB2;
Field Capacity;fldcp;Fraction;260483;GRIB2;
Scatterometer Estimated U Wind Component;usct;m s-1;260484;GRIB2;
Scatterometer Estimated V Wind Component;vsct;m s-1;260485;GRIB2;
Wave Steepness;wstp;~;260486;GRIB2;
Ocean Mixed Layer U Velocity;omlu;m s-1;260487;GRIB2;
Ocean Mixed Layer V Velocity;omlv;m s-1;260488;GRIB2;
Barotropic U velocity;ubaro;m s-1;260489;GRIB2;
Barotropic V velocity;vbaro;m s-1;260490;GRIB2;
Storm Surge;surge;m;260491;GRIB2;
Extra Tropical Storm Surge;etsrg;m;260492;GRIB2;
Ocean Surface Elevation Relative to Geoid;elevhtml;m;260493;GRIB2;
Sea Surface Height Relative to Geoid;sshg;m;260494;GRIB2;
Ocean Mixed Layer Potential Density (Reference 2000m)<br;p2omlt;kg m-3;260495;GRIB2;
Net Air-Ocean Heat Flux;aohflx;W m-2;260496;GRIB2;
Assimilative Heat Flux;ashfl;W m-2;260497;GRIB2;
Surface Temperature Trend;sstt;degreeperday;260498;GRIB2;
Surface Salinity Trend;ssst;psuperday;260499;GRIB2;
Kinetic Energy;keng;J kg-1;260500;GRIB2;
Salt Flux;sltfl;kg (m2 s-1)-1;260501;GRIB2;
3-D Temperature;wtmpc;deg C;260502;GRIB2;
3-D Salinity;salin;~;260503;GRIB2;
Barotropic Kinetic Energy;bkeng;J kg-1;260504;GRIB2;
Geometric Depth Below Sea Surface;dbss;m;260505;GRIB2;
Interface Depths;intfd;m;260506;GRIB2;
Ocean Heat Content;ohc;J m-2;260507;GRIB2;
Image data;imgd;~;260508;GRIB2;
Forecast albedo;al;%;260509;"GRIB2 GRIB1 NetCDF";
Cloudy brightness temperature;clbt;K;260510;GRIB2;Dissemination
Clear-sky brightness temperature;csbt;K;260511;GRIB2;
Cloudy reflectance;cdrfl;%;260512;GRIB2;Dissemination
Clear reflectance;crrfl;%;260513;GRIB2;
Scaled radiance;~;Numeric;260530;GRIB2;
Scaled albedo;~;Numeric;260531;GRIB2;
Scaled brightness temperature;~;Numeric;260532;GRIB2;
Scaled precipitable water;~;Numeric;260533;GRIB2;
Scaled lifted index;~;Numeric;260534;GRIB2;
Scaled cloud top pressure;~;Numeric;260535;GRIB2;
Scaled skin temperature;~;Numeric;260536;GRIB2;
Cloud mask;~;(Code table 4.217);260537;GRIB2;
Pixel scene type;~;(Code table 4.218);260538;GRIB2;
Fire detection indicator;~;(Code table 4.223);260539;GRIB2;
Forest fire weather index (as defined by the Canadian Forest Service);fwinx;Numeric;260540;GRIB2;
Fine fuel moisture code (as defined by the Canadian Forest Service);ffmcode;Numeric;260541;GRIB2;
Duff moisture code (as defined by the Canadian Forest Service);dufmcode;Numeric;260542;GRIB2;
Drought code (as defined by the Canadian Forest Service);drtcode;Numeric;260543;GRIB2;
Initial fire spread index (as defined by the Canadian Forest Service);infsinx;Numeric;260544;GRIB2;
Fire buildup index (as defined by the Canadian Forest Service);fbupinx;Numeric;260545;GRIB2;
Fire daily severity rating (as defined by the Canadian Forest Service);fdsrte;Numeric;260546;GRIB2;
Cloudy radiance (with respect to wave number);~;W m-1 sr-1;260550;GRIB2;
Clear-sky radiance (with respect to wave number);~;W m-1 sr-1;260551;GRIB2;
Wind speed;~;m s-1;260552;GRIB2;
Aerosol optical thickness at 0.635 um;~;dimensionless;260553;GRIB2;
Aerosol optical thickness at 0.810 um;~;dimensionless;260554;GRIB2;
Aerosol optical thickness at 1.640 um;~;dimensionless;260555;GRIB2;
Angstrom coefficient;~;dimensionless;260556;GRIB2;
Keetch-Byram drought index;kbdi;Numeric;260557;GRIB2;
Drought factor (as defined by the Australian forest service);drtmrk;Numeric;260558;GRIB2;
Rate of spread (as defined by the Australian forest service);rosmrk;m s-1;260559;GRIB2;
Fire danger index (as defined by the Australian forest service);fdimrk;Numeric;260560;GRIB2;
Spread component (as defined by the U.S Forest Service National Fire-Danger Rating System);scnfdr;Numeric;260561;GRIB2;
Burning index (as defined by the U.S Forest Service National Fire-Danger Rating System);buinfdr;Numeric;260562;GRIB2;
Ignition component (as defined by the U.S Forest Service National Fire-Danger Rating System);icnfdr;%;260563;GRIB2;
Energy release component (as defined by the U.S Forest Service National Fire-Danger Rating System);ercnfdr;J m-2;260564;GRIB2;
Volumetric soil ice;vsi;m3 m-3;260644;GRIB2;
Time integral of total solid precipitation flux;titspf;kg m-2;260645;GRIB2;
10 metre eastward wind gust since previous post-processing;10efg;m s-1;260646;GRIB2;
10 metre northward wind gust since previous post-processing;10nfg;m s-1;260647;GRIB2;
Fog;fog;%;260648;GRIB2;
Sea ice surface temperature;sist;K;260649;GRIB2;
Snow on ice total depth;sitd;m;260650;GRIB2;
Surface roughness length for heat;srlh;m;260651;GRIB2;
Time-integrated eastward turbulent surface stress due to orographic form drag;etssofd;N m-2 s;260652;GRIB2;
Time-integrated northward turbulent surface stress due to orographic form drag;ntssofd;N m-2 s;260653;GRIB2;
Time-integrated eastward turbulent surface stress due to surface roughness;etsssr;N m-2 s;260654;GRIB2;
Time-integrated northward turbulent surface stress due to surface roughness;ntsssr;N m-2 s;260655;GRIB2;
Saturation specific humidity with respect to water;sqw;kg m-3;260656;GRIB2;
Total column integrated saturation specific humidity with respect to water;tcsqw;kg m-2;260657;GRIB2;
Standardised Precipitation Index (SPI);spi;Numeric;260658;GRIB2;
Standardised Precipitation Evapotranspiration Index (SPEI);spei;Numeric;260659;GRIB2;
Standardised Streamflow Index (SSFI);ssfi;Numeric;260660;GRIB2;
Standardised Reservoir Supply Index (SRSI);srsi;Numeric;260661;GRIB2;
Standardised Water-level Index (SWI);swi;Numeric;260662;GRIB2;
Standardised Snowmelt and Rain Index (SMRI);smri;Numeric;260663;GRIB2;
Streamflow Drought Index (SDI);sdi;Numeric;260664;GRIB2;
Volumetric soil moisture top 20 cm;vsw20;m3 m-3;260665;GRIB2;
Volumetric soil moisture top 100 cm;vsw100;m3 m-3;260666;GRIB2;
Surface photosynthetically active radiation flux, clear sky;parcsf;W m-2;260667;GRIB2;
Surface direct normal short-wave radiation flux;sdirnswrf;W m-2;260668;GRIB2;
Instantaneous magnitude of turbulent surface stress;imagss;N m-2;260669;GRIB2;
Instantaneous boundary layer dissipation;ibld;W m-2;260670;GRIB2;
Top net short-wave radiation flux;tnswrf;W m-2;260671;GRIB2;
Top net long-wave radiation flux;tnlwrf;W m-2;260672;GRIB2;
Instantaneous gravity wave dissipation;igwd;W m-2;260673;GRIB2;
Top net short-wave radiation flux, clear sky;tnswrfcs;W m-2;260674;GRIB2;
Top net long-wave radiation flux, clear sky;tnlwrfcs;W m-2;260675;GRIB2;
Top downward short-wave radiation flux;tdswrf;W m-2;260676;GRIB2;
Surface direct short-wave radiation flux, clear sky;sdirswrfcs;W m-2;260677;GRIB2;
Instantaneous eastward turbulent surface stress due to orographic form drag;ietssofd;N m-2;260678;GRIB2;
Instantaneous northward turbulent surface stress due to orographic form drag;intssofd;N m-2;260679;GRIB2;
Instantaneous eastward turbulent surface stress due to surface roughness;ietsssr;N m-2;260680;GRIB2;
Instantaneous northward turbulent surface stress due to surface roughness;intsssr;N m-2;260681;GRIB2;
Time-severity precipitation type;sev_ptype;(Code table 4.201);260682;GRIB2;
Time-mode precipitation type;freq_ptype;(Code table 4.201);260683;GRIB2;
Land surface heat net flux;lshnf;W m-2;260684;GRIB2;
Surface direct normal short-wave radiation flux, clear sky;sdirnswrfcs;W m-2;260685;GRIB2;
10 metre convective gust;10cogu;m s-1;260686;GRIB2;
10 metre turbulent gust;10tugu;m s-1;260687;GRIB2;
Reciprocal Obukhov length;rol;m-1;260688;GRIB2;
Precipitation rate from radar;rdpr;kg m-2 s-1;260689;GRIB2;
Radar data quality index;rdqi;Proportion;260690;GRIB2;
Radar data quality flag;rdqf;(Code table 4.106);260691;GRIB2;
Precipitation rate from forecasted radar imagery;frdpr;kg m-2 s-1;260692;GRIB2;
Precipitation from forecasted radar imagery;frdp;kg m-2;260693;GRIB2;
Surface diffuse short-wave radiation flux, clear sky;sdifswrfcs;W m-2;260694;GRIB2;
Universal thermal climate index;utci;K;261001;GRIB2;
Mean radiant temperature;mrt;K;261002;GRIB2;
Fraction of Malaria cases;mal_cases_frac;Fraction;261003;GRIB2;
Malaria circumsporozoite protein ratio;mal_prot_ratio;Fraction;261004;GRIB2;
Plasmodium falciparum entomological inoculation rate;mal_innoc_rate;Bites per day per person;261005;GRIB2;
Human bite rate by anopheles vectors;mal_hbite_rate;Bites per day per person;261006;GRIB2;
Malaria immunity ratio;mal_immun_ratio;Fraction;261007;GRIB2;
Falciparum parasite ratio;mal_infect_ratio;Fraction;261008;GRIB2;
Detectable falciparum parasite ratio (after day 10);mal_infect_d10_ratio;Fraction;261009;GRIB2;
Anopheles vector to host ratio;mal_host_ratio;Fraction;261010;GRIB2;
Anopheles vector density;mal_vect_dens;Number m-2;261011;GRIB2;
Fraction of malarial vector reproductive habitat;mal_hab_frac;Fraction;261012;GRIB2;
Population density;pop_dens;Person m-2;261013;GRIB2;
Wet bulb globe temperature;wbgt;K;261014;GRIB2;
Globe temperature;gt;K;261015;GRIB2;
Humidex;hmdx;K;261016;GRIB2;
Effective temperature;efft;K;261017;GRIB2;
Normal effective temperature;nefft;K;261018;GRIB2;
Standard effective temperature;sefft;K;261019;GRIB2;
Physiological equivalent temperature;peqt;K;261020;GRIB2;
Saturation water vapour pressure;swvp;Pa;261021;GRIB2;
Wet-bulb potential temperature;wbpt;K;261022;GRIB2;
Wet-bulb temperature;wbt;K;261023;GRIB2;
Excess heat factor;exhf;K2;261024;GRIB2;
Excess cold factor;excf;K2;261025;GRIB2;
Sea ice thickness;sithick;m;262000;GRIB2;
Sea ice area fraction;siconc;Fraction;262001;GRIB2;
Snow thickness over sea ice;sisnthick;m;262002;GRIB2;
Eastward sea ice velocity;siue;m s-1;262003;GRIB2;
Northward sea ice velocity;sivn;m s-1;262004;GRIB2;
Sea ice albedo;sialb;Fraction;262005;GRIB2;
Sea ice surface temperature;sitemptop;K;262006;GRIB2;
Sea ice growth;sigrowth;m s-1;262007;GRIB2;
Sea ice volume per unit area;sivol;m3 m-2;262008;GRIB2;
Snow volume over sea ice per unit area;snvol;m3 m-2;262009;GRIB2;
Vertically averaged sea ice temperature;vasit;K;262010;GRIB2;
Snow temperature over sea ice;sntemp;K;262011;GRIB2;
Sea ice temperature at the sea ice and snow interface;sisntemp;K;262012;GRIB2;
Underside ice temperature;usitemp;K;262013;GRIB2;
Sea ice heat content;sihc;J m-2;262014;GRIB2;
Snow heat content over sea ice;snhc;J m-2;262015;GRIB2;
Sea ice freeboard thickness;sifbr;m;262016;GRIB2;
Sea ice melt pond fraction;sipf;Proportion;262017;GRIB2;
Sea ice melt pond depth;sipd;m;262018;GRIB2;
Sea ice melt pond volume per unit area;sipvol;m3 m-2;262019;GRIB2;
Sea ice fraction tendency due to parameterization;bckinsic;s-1;262020;GRIB2;
X-component of sea ice velocity;six;m s-1;262021;GRIB2;
Y-component of sea ice velocity;siy;m s-1;262022;GRIB2;
Sea ice salinity;icesalt;g kg-1;262023;GRIB2;
Sea ice temperature;sit;K;262024;GRIB2;
Sea ice breakup memory;sibm;Numeric;262025;GRIB2;
Sea surface practical salinity;sos;g kg-1;262100;"GRIB2 NetCDF";
Sea surface temperature;tos;K;262101;GRIB2;
Depth of 14 C isotherm;t14d;m;262102;GRIB2;
Depth of 17 C isotherm;t17d;m;262103;GRIB2;
Depth of 20 C isotherm;t20d;m;262104;"GRIB2 NetCDF";
Depth of 26 C isotherm;t26d;m;262105;GRIB2;
Depth of 28 C isotherm;t28d;m;262106;GRIB2;
Barotropic stream function;stfbarot;m3 s-1;262107;GRIB2;
Surface downward heat flux;hfds;W m-2;262108;GRIB2;
Northward surface stress;tauvon;N m-2;262109;GRIB2;
Eastward surface stress;tauuoe;N m-2;262110;GRIB2;
Y-component of surface stress;tauvo;N m-2;262111;GRIB2;
X-component of surface stress;tauuo;N m-2;262112;GRIB2;
Ocean mixed layer depth defined by sigma theta 0.01 kg m-3;mlotst010;m;262113;"GRIB2 NetCDF";
Ocean mixed layer depth defined by sigma theta 0.03 kg m-3;mlotst030;m;262114;GRIB2;
Ocean mixed layer depth defined by sigma theta 0.125 kg m-3;mlotst125;m;262115;GRIB2;
Ocean mixed layer depth defined by temperature 0.2 C;mlott02;m;262116;GRIB2;
Ocean mixed layer depth defined by temperature 0.5 C;mlott05;m;262117;GRIB2;
Average sea water practical salinity in the upper 300 m;sc300m;g kg-1;262118;GRIB2;
Average sea water practical salinity in the upper 700 m;sc700m;g kg-1;262119;GRIB2;
Total column average sea water practical salinity;scbtm;g kg-1;262120;GRIB2;
Vertically-integrated heat content in the upper 300 m;hc300m;J m-2;262121;GRIB2;
Vertically-integrated heat content in the upper 700 m;hc700m;J m-2;262122;GRIB2;
Total column of heat content;hcbtm;J m-2;262123;GRIB2;
Sea surface height;zos;m;262124;"GRIB2 NetCDF";
Steric change in sea surface height;stheig;m;262125;GRIB2;
Halosteric change in sea surface height;hstheig;m;262126;GRIB2;
Thermosteric change in sea surface height;tstheig;m;262127;GRIB2;
Thermocline depth;thcline;m;262128;GRIB2;
Bottom pressure equivalent height;btp;m;262129;GRIB2;
Net surface upward water flux;swfup;kg m-2 s-1;262130;GRIB2;
Fresh water flux into sea water (from rivers);fw2sw;kg m-2 s-1;262131;GRIB2;
Virtual salt flux into sea water;vsf2sw;g kg-1 m-2 s-1;262132;GRIB2;
Heat flux correction;hfcorr;W m-2;262133;"GRIB2 NetCDF";
Fresh water flux correction;fwcorr;kg m-2 s-1;262134;GRIB2;
Virtual salt flux correction;vsfcorr;g kg-1 m-2 s-1;262135;GRIB2;
Turbocline depth (kz=5e-4);turbocl;m;262136;GRIB2;
Y-component of surface sea water velocity;svy;m s-1;262137;GRIB2;
X-component of surface sea water velocity;svx;m s-1;262138;GRIB2;
Northward surface sea water velocity;svn;m s-1;262139;GRIB2;
Eastward surface sea water velocity;sve;m s-1;262140;GRIB2;
Heat Content surface to 26C isotherm;hct26;J m-2;262141;GRIB2;
Sea surface height tendency due to parameterization;bckineta;m s-1;262142;GRIB2;
Sea surface height with inverse barometer correction;zosib;m;262143;GRIB2;
Average sea water potential temperature in the upper 300m;pt300m;K;262144;GRIB2;
Sea surface salinity;sss;kg kg-1;262145;GRIB2;
Vertically integrated sea water practical salinity in the upper 300 m;sc300v;g kg-1 m;262146;GRIB2;
Vertically integrated sea water practical salinity in the upper 700 m;sc700v;g kg-1 m;262147;GRIB2;
Total column vertically integrated sea water practical salinity;scbtv;g kg-1 m;262148;GRIB2;
Sea surface downward short-wave radiation flux;rsdos;W m-2;262149;GRIB2;
Sea water practical salinity;so;g kg-1;262500;GRIB2;
Sea water potential temperature;thetao;K;262501;GRIB2;
Sea water sigma theta;sigmat;kg m-3;262502;GRIB2;
Y-component of sea water velocity;voy;m s-1;262503;GRIB2;
X-component of sea water velocity;uox;m s-1;262504;GRIB2;
Northward sea water velocity;von;m s-1;262505;GRIB2;
Eastward sea water velocity;uoe;m s-1;262506;GRIB2;
Upward sea water velocity;wo;m s-1;262507;GRIB2;
Sea water potential temperature tendency due to newtonian relaxation;thetaodmp;K s-1;262508;GRIB2;
Sea water salinity tendency due to newtonian relaxation;sodmp;g kg-1 s-1;262509;GRIB2;
Sea water temperature tendency due to parameterization;bckint;K s-1;262510;GRIB2;
Sea water salinity tendency due to parameterization;bckins;g kg-1 s-1;262511;GRIB2;
Eastward sea water velocity tendency due to parameterization;bckine;m s-2;262512;GRIB2;
Northward sea water velocity tendency due to parameterization;bckinn;m s-2;262513;GRIB2;
Sea water temperature tendency due to direct bias correction;tdbiascorr;K s-1;262514;GRIB2;
Sea water salinity tendency due to direct bias correction;sdbiascorr;g kg-1 s-1;262515;GRIB2;
Sea water salinity;salo;kg kg-1;262516;GRIB2;
Northward mass transport;mtn;kg m-2 s-1;262517;GRIB2;
Eastward mass transport;mte;kg m-2 s-1;262518;GRIB2;
Sea water depth;zo;m;262519;GRIB2;
Sea water upward mass transport;mtup;kg m-2 s-1;262520;GRIB2;
Sea water age since surface contact;agessc;s;262521;GRIB2;
Sea water downward short-wave radiation flux;rsdo;W m-2;262522;GRIB2;
Net short wave radiation rate at sea surface;ssr_sea;W m-2;262900;GRIB2;
Wind stress at sea surface;wst_sea;N m-2;262901;GRIB2;
Wind speed at 10m above sea surface;10ws_sea;m s-1;262902;GRIB2;
Neutral drag coefficient at 10m above sea surface;10nd_sea;dimensionless;262903;GRIB2;
Total precipitation rate at sea surface;tprate_sea;kg m-2 s-1;262904;GRIB2;
Snow precipitation rate at sea surface;snrate_sea;kg m-2 s-1;262905;GRIB2;
Eastward component of wind stress over sea ice;ewst_sea;N m-2;262906;GRIB2;
Northward component of wind stress over sea ice;nwst_sea;N m-2;262907;GRIB2;
U-component of wind stress over sea ice;uwst_sea;N m-2;262908;GRIB2;
V-component of wind stress over sea ice;vwst_sea;N m-2;262909;GRIB2;
Time-mean sea ice thickness;avg_sithick;m;263000;GRIB2;
Time-mean sea ice area fraction;avg_siconc;Fraction;263001;GRIB2;
Time-mean snow thickness over sea ice;avg_sisnthick;m;263002;GRIB2;
Time-mean eastward sea ice velocity;avg_siue;m s-1;263003;GRIB2;
Time-mean northward sea ice velocity;avg_sivn;m s-1;263004;GRIB2;
Time-mean sea ice albedo;avg_sialb;Fraction;263005;GRIB2;
Time-mean sea ice surface temperature;avg_sitemptop;K;263006;GRIB2;
Time-mean sea ice growth;avg_sigrowth;m s-1;263007;GRIB2;
Time-mean sea ice volume per unit area;avg_sivol;m3 m-2;263008;GRIB2;
Time-mean snow volume over sea ice per unit area;avg_snvol;m3 m-2;263009;GRIB2;
Time-mean vertically averaged sea ice temperature;avg_vasit;K;263010;GRIB2;
Time-mean snow temperature over sea ice;avg_sntemp;K;263011;GRIB2;
Time-mean sea ice temperature at the sea ice and snow interface;avg_sisntemp;K;263012;GRIB2;
Time-mean underside ice temperature;avg_usitemp;K;263013;GRIB2;
Time-mean sea ice heat content;avg_sihc;J m-2;263014;GRIB2;
Time-mean snow heat content over sea ice;avg_snhc;J m-2;263015;GRIB2;
Time-mean sea ice freeboard thickness;avg_sifbr;m;263016;GRIB2;
Time-mean sea ice melt pond fraction;avg_sipf;Proportion;263017;GRIB2;
Time-mean sea ice melt pond depth;avg_sipd;m;263018;GRIB2;
Time-mean sea ice melt pond volume per unit area;avg_sipvol;m3 m-2;263019;GRIB2;
Time-mean sea ice fraction tendency due to parameterization;avg_bckinsic;s-1;263020;GRIB2;
Time-mean X-component of sea ice velocity;avg_six;m s-1;263021;GRIB2;
Time-mean Y-component of sea ice velocity;avg_siy;m s-1;263022;GRIB2;
Time-mean Sea ice salinity;avg_icesalt;g kg-1;263023;GRIB2;
Time-mean sea ice temperature;avg_sit;K;263024;GRIB2;
Time-mean sea ice breakup memory;avg_sibm;Numeric;263025;GRIB2;
Time-mean sea surface practical salinity;avg_sos;g kg-1;263100;GRIB2;
Time-mean sea surface temperature;avg_tos;K;263101;GRIB2;
Time-mean depth of 14 C isotherm;avg_t14d;m;263102;GRIB2;
Time-mean depth of 17 C isotherm;avg_t17d;m;263103;GRIB2;
Time-mean depth of 20 C isotherm;avg_t20d;m;263104;GRIB2;
Time-mean depth of 26 C isotherm;avg_t26d;m;263105;GRIB2;
Time-mean depth of 28 C isotherm;avg_t28d;m;263106;GRIB2;
Time-mean barotropic stream function;avg_stfbarot;m3 s-1;263107;GRIB2;
Time-mean surface downward heat flux;avg_hfds;W m-2;263108;GRIB2;
Time-mean northward surface stress;avg_tauvon;N m-2;263109;GRIB2;
Time-mean eastward surface stress;avg_tauuoe;N m-2;263110;GRIB2;
Time mean Y-component of surface stress;avg_tauvo;N m-2;263111;GRIB2;
Time-mean X-component of surface stress;avg_tauuo;N m-2;263112;GRIB2;
Time-mean ocean mixed layer depth defined by sigma theta 0.01 kg m-3;avg_mlotst010;m;263113;GRIB2;
Time-mean ocean mixed layer depth defined by sigma theta 0.03 kg m-3;avg_mlotst030;m;263114;GRIB2;
Time-mean ocean mixed layer depth defined by sigma theta 0.125 kg m-3;avg_mlotst125;m;263115;GRIB2;
Time-mean ocean mixed layer depth defined by temperature 0.2 C;avg_mlott02;m;263116;GRIB2;
Time-mean ocean mixed layer depth defined by temperature 0.5 C;avg_mlott05;m;263117;GRIB2;
Time-mean average sea water practical salinity in the upper 300 m;avg_sc300m;g kg-1;263118;GRIB2;
Time-mean average sea water practical salinity in the upper 700 m;avg_sc700m;g kg-1;263119;GRIB2;
Time-mean total column average sea water practical salinity;avg_scbtm;g kg-1;263120;GRIB2;
Time-mean vertically-integrated heat content in the upper 300 m;avg_hc300m;J m-2;263121;GRIB2;
Time-mean vertically-integrated heat content in the upper 700 m;avg_hc700m;J m-2;263122;GRIB2;
Time-mean total column heat content;avg_hcbtm;J m-2;263123;GRIB2;
Time-mean sea surface height;avg_zos;m;263124;GRIB2;
Time-mean steric change in sea surface height;avg_stheig;m;263125;GRIB2;
Time-mean halosteric change in sea surface height;avg_hstheig;m;263126;GRIB2;
Time-mean thermosteric change in sea surface height;avg_tstheig;m;263127;GRIB2;
Time-mean thermocline depth;avg_thcline;m;263128;GRIB2;
Time-mean bottom pressure equivalent height;avg_btp;m;263129;GRIB2;
Time-mean net surface upward water flux;avg_swfup;kg m-2 s-1;263130;GRIB2;
Time-mean fresh water flux into sea water (from rivers);avg_fw2sw;kg m-2 s-1;263131;GRIB2;
Time-mean virtual salt flux into sea water;avg_vsf2sw;g kg-1 m-2 s-1;263132;GRIB2;
Time-mean heat flux correction;avg_hfcorr;W m-2;263133;GRIB2;
Time-mean fresh water flux correction;avg_fwcorr;kg m-2 s-1;263134;GRIB2;
Time-mean virtual salt flux correction;avg_vsfcorr;g kg-1 m-2 s-1;263135;GRIB2;
Time-mean turbocline depth (kz=5e-4);avg_turbocl;m;263136;GRIB2;
Time-mean Y-component of surface sea water velocity;avg_svy;m s-1;263137;GRIB2;
Time-mean X-component of surface sea water velocity;avg_svx;m s-1;263138;GRIB2;
Time-mean northward surface sea water velocity;avg_svn;m s-1;263139;GRIB2;
Time-mean eastward surface sea water velocity;avg_sve;m s-1;263140;GRIB2;
Time-mean heat content surface to 26C isotherm;avg_hct26;J m-2;263141;GRIB2;
Time-mean sea surface height tendency due to parameterization;avg_bckineta;m s-1;263142;GRIB2;
Time-mean sea surface height with inverse barometer correction;avg_zosib;m;263143;GRIB2;
Time-mean average sea water potential temperature in the upper 300m;avg_pt300m;K;263144;GRIB2;
Time-mean sea surface salinity;avg_sss;kg kg-1;263145;GRIB2;
Time-mean vertically integrated sea water practical salinity in the upper 300 m;avg_sc300v;g kg-1 m;263146;GRIB2;
Time-mean vertically integrated sea water practical salinity in the upper 700 m;avg_sc700v;g kg-1 m;263147;GRIB2;
Time-mean total column vertically integrated sea water practical salinity;avg_scbtv;g kg-1 m;263148;GRIB2;
Time-mean sea surface downward short-wave radiation flux;avg_rsdos;W m-2;263149;GRIB2;
Time-mean sea water practical salinity;avg_so;g kg-1;263500;GRIB2;
Time-mean sea water potential temperature;avg_thetao;K;263501;GRIB2;
Time-mean sea water sigma theta;avg_sigmat;kg m-3;263502;GRIB2;
Time-mean Y-component of sea water velocity;avg_voy;m s-1;263503;GRIB2;
Time-mean X-component of sea water velocity;avg_uox;m s-1;263504;GRIB2;
Time-mean northward sea water velocity;avg_von;m s-1;263505;GRIB2;
Time-mean eastward sea water velocity;avg_uoe;m s-1;263506;GRIB2;
Time-mean upward sea water velocity;avg_wo;m s-1;263507;GRIB2;
Time-mean sea water potential temperature tendency due to newtonian relaxation;avg_thetaodmp;K s-1;263508;GRIB2;
Time-mean sea water salinity tendency due to newtonian relaxation;avg_sodmp;g kg-1 s-1;263509;GRIB2;
Time-mean sea water temperature tendency due to parameterization;avg_bckint;K s-1;263510;GRIB2;
Time-mean sea water salinity tendency due to parameterization;avg_bckins;g kg-1 s-1;263511;GRIB2;
Time-mean eastward sea water velocity tendency due to parameterization;avg_bckine;m s-2;263512;GRIB2;
Time-mean northward sea water velocity tendency due to parameterization;avg_bckinn;m s-2;263513;GRIB2;
Time-mean sea water temperature tendency due to direct bias correction;avg_tdbiascorr;K s-1;263514;GRIB2;
Time-mean sea water salinity tendency due to direct bias correction;avg_sdbiascorr;g kg-1 s-1;263515;GRIB2;
Time-mean sea water salinity;avg_salo;kg kg-1;263516;GRIB2;
Time-mean northward mass transport;avg_mtn;kg m-2 s-1;263517;GRIB2;
Time-mean eastward mass transport;avg_mte;kg m-2 s-1;263518;GRIB2;
Time-mean sea water depth;avg_zo;m;263519;GRIB2;
Time-mean sea water upward mass transport;avg_mtup;kg m-2 s-1;263520;GRIB2;
Time-mean sea water age since surface contact;avg_agessc;s;263521;GRIB2;
Time-mean sea water downward short-wave radiation flux;avg_rsdo;W m-2;263522;GRIB2;
Time-mean net short wave radiation rate at sea surface;avg_ssr_sea;W m-2;263900;GRIB2;
Time-mean wind stress at sea surface;avg_wst_sea;N m-2;263901;GRIB2;
Time-mean wind speed at 10m above sea surface;avg_10ws_sea;m s-1;263902;GRIB2;
Time-mean neutral drag coefficient at 10m above sea surface;avg_10nd_sea;dimensionless;263903;GRIB2;
Time-mean total precipitation rate at sea surface;avg_tprate_sea;kg m-2 s-1;263904;GRIB2;
Time-mean snow precipitation rate at sea surface;avg_snrate_sea;kg m-2 s-1;263905;GRIB2;
Time-mean eastward component of wind stress over sea ice;avg_ewst_sea;N m-2;263906;GRIB2;
Time-mean northward component of wind stress over sea ice;avg_nwst_sea;N m-2;263907;GRIB2;
Time-mean U-component of wind stress over sea ice;avg_uwst_sea;N m-2;263908;GRIB2;
Time-mean V-component of wind stress over sea ice;avg_vwst_sea;N m-2;263909;GRIB2;
Time-accumulated net short wave radiation at sea surface;acc_ssr_sea;J m-2;264900;GRIB2;
Time-accumulated total precipitation at sea surface;tp_sea;kg m-2;264904;GRIB2;
Time-accumulated snow precipitation at sea surface;sn_sea;kg m-2;264905;GRIB2;
Time-maximum sea ice thickness;max_sithick;m;265000;GRIB2;
Time-maximum sea ice area fraction;max_siconc;Fraction;265001;GRIB2;
Time-maximum snow thickness over sea ice;max_sisnthick;m;265002;GRIB2;
Time-maximum eastward sea ice velocity;max_siue;m s-1;265003;GRIB2;
Time-maximum northward sea ice velocity;max_sivn;m s-1;265004;GRIB2;
Time-maximum sea ice albedo;max_sialb;Fraction;265005;GRIB2;
Time-maximum sea ice surface temperature;max_sitemptop;K;265006;GRIB2;
Time-maximum sea ice growth;max_sigrowth;m s-1;265007;GRIB2;
Time-maximum sea ice volume per unit area;max_sivol;m3 m-2;265008;GRIB2;
Time-maximum snow volume over sea ice per unit area;max_snvol;m3 m-2;265009;GRIB2;
Time-maximum vertically averaged sea ice temperature;max_vasit;K;265010;GRIB2;
Time-maximum snow temperature over sea ice;max_sntemp;K;265011;GRIB2;
Time-maximum sea ice temperature at the sea ice and snow interface;max_sisntemp;K;265012;GRIB2;
Time-maximum underside ice temperature;max_usitemp;K;265013;GRIB2;
Time-maximum sea ice heat content;max_sihc;J m-2;265014;GRIB2;
Time-maximum snow heat content over sea ice;max_snhc;J m-2;265015;GRIB2;
Time-maximum sea ice freeboard thickness;max_sifbr;m;265016;GRIB2;
Time-maximum sea ice melt pond fraction;max_sipf;Proportion;265017;GRIB2;
Time-maximum sea ice melt pond depth;max_sipd;m;265018;GRIB2;
Time-maximum sea ice melt pond volume per unit area;max_sipvol;m3 m-2;265019;GRIB2;
Time-maximum sea ice fraction tendency due to parameterization;max_bckinsic;s-1;265020;GRIB2;
Time-maximum X-component of sea ice velocity;max_six;m s-1;265021;GRIB2;
Time-maximum Y-component of sea ice velocity;max_siy;m s-1;265022;GRIB2;
Time-maximum sea ice salinity;max_icesalt;g kg-1;265023;GRIB2;
Time-maximum sea ice temperature;max_sit;K;265024;GRIB2;
Time-maximum sea ice breakup memory;max_sibm;Numeric;265025;GRIB2;
Time-maximum sea surface practical salinity;max_sos;g kg-1;265100;GRIB2;
Time-maximum sea surface temperature;max_tos;K;265101;GRIB2;
Time-maximum depth of 14 C isotherm;max_t14d;m;265102;GRIB2;
Time-maximum depth of 17 C isotherm;max_t17d;m;265103;GRIB2;
Time-maximum depth of 20 C isotherm;max_t20d;m;265104;GRIB2;
Time-maximum depth of 26 C isotherm;max_t26d;m;265105;GRIB2;
Time-maximum depth of 28 C isotherm;max_t28d;m;265106;GRIB2;
Time-maximum barotropic stream function;max_stfbarot;m3 s-1;265107;GRIB2;
Time-maximum surface downward heat flux;max_hfds;W m-2;265108;GRIB2;
Time-maximum northward surface stress;max_tauvon;N m-2;265109;GRIB2;
Time-maximum eastward surface stress;max_tauuoe;N m-2;265110;GRIB2;
Time-maximum Y-component of surface stress;max_tauvo;N m-2;265111;GRIB2;
Time-maximum X-component of surface stress;max_tauuo;N m-2;265112;GRIB2;
Time-maximum ocean mixed layer depth defined by sigma theta 0.01 kg m-3;max_mlotst010;m;265113;GRIB2;
Time-maximum ocean mixed layer depth defined by sigma theta 0.03 kg m-3;max_mlotst030;m;265114;GRIB2;
Time-maximum ocean mixed layer depth defined by sigma theta 0.125 kg m-3;max_mlotst125;m;265115;GRIB2;
Time-maximum ocean mixed layer depth defined by temperature 0.2 C;max_mlott02;m;265116;GRIB2;
Time-maximum ocean mixed layer depth defined by temperature 0.5 C;max_mlott05;m;265117;GRIB2;
Time-maximum average sea water practical salinity in the upper 300 m;max_sc300m;g kg-1;265118;GRIB2;
Time-maximum average sea water practical salinity in the upper 700 m;max_sc700m;g kg-1;265119;GRIB2;
Time-maximum total column average sea water practical salinity;max_scbtm;g kg-1;265120;GRIB2;
Time-maximum vertically-integrated heat content in the upper 300 m;max_hc300m;J m-2;265121;GRIB2;
Time-maximum vertically-integrated heat content in the upper 700 m;max_hc700m;J m-2;265122;GRIB2;
Time-maximum total column of heat content;max_hcbtm;J m-2;265123;GRIB2;
Time-maximum sea surface height;max_zos;m;265124;GRIB2;
Time-maximum steric change in sea surface height;max_stheig;m;265125;GRIB2;
Time-maximum halosteric change in sea surface height;max_hstheig;m;265126;GRIB2;
Time-maximum thermosteric change in sea surface height;max_tstheig;m;265127;GRIB2;
Time-maximum thermocline depth;max_thcline;m;265128;GRIB2;
Time-maximum bottom pressure equivalent height;max_btp;m;265129;GRIB2;
Time-maximum net surface upward water flux;max_swfup;kg m-2 s-1;265130;GRIB2;
Time-maximum fresh water flux into sea water (from rivers);max_fw2sw;kg m-2 s-1;265131;GRIB2;
Time-maximum virtual salt flux into sea water;max_vsf2sw;g kg-1 m-2 s-1;265132;GRIB2;
Time-maximum heat flux correction;max_hfcorr;W m-2;265133;GRIB2;
Time-maximum fresh water flux correction;max_fwcorr;kg m-2 s-1;265134;GRIB2;
Time-maximum virtual salt flux correction;max_vsfcorr;g kg-1 m-2 s-1;265135;GRIB2;
Time-maximum turbocline depth (kz=5e-4);max_turbocl;m;265136;GRIB2;
Time-maximum Y-component of surface sea water velocity;max_svy;m s-1;265137;GRIB2;
Time-maximum X-component of surface sea water velocity;max_svx;m s-1;265138;GRIB2;
Time-maximum northward surface sea water velocity;max_svn;m s-1;265139;GRIB2;
Time-maximum eastward surface sea water velocity;max_sve;m s-1;265140;GRIB2;
Time-maximum heat content surface to 26C isotherm;max_hct26;J m-2;265141;GRIB2;
Time-maximum sea surface height tendency due to parameterization;max_bckineta;m s-1;265142;GRIB2;
Time-maximum sea surface height with inverse barometer correction;max_zosib;m;265143;GRIB2;
Time-maximum average sea water potential temperature in the upper 300m;max_pt300m;K;265144;GRIB2;
Time-maximum sea surface salinity;max_sss;kg kg-1;265145;GRIB2;
Time-maximum vertically integrated sea water practical salinity in the upper 300 m;max_sc300v;g kg-1 m;265146;GRIB2;
Time-maximum vertically integrated sea water practical salinity in the upper 700 m;max_sc700v;g kg-1 m;265147;GRIB2;
Time-maximum total column vertically integrated sea water practical salinity;max_scbtv;g kg-1 m;265148;GRIB2;
Time-maximum sea surface downward short-wave radiation flux;max_rsdos;W m-2;265149;GRIB2;
Time-maximum sea water practical salinity;max_so;g kg-1;265500;GRIB2;
Time-maximum sea water potential temperature;max_thetao;K;265501;GRIB2;
Time-maximum sea water sigma theta;max_sigmat;kg m-3;265502;GRIB2;
Time-maximum Y-component of sea water velocity;max_voy;m s-1;265503;GRIB2;
Time-maximum X-component of sea water velocity;max_uox;m s-1;265504;GRIB2;
Time-maximum northward sea water velocity;max_von;m s-1;265505;GRIB2;
Time-maximum eastward sea water velocity;max_uoe;m s-1;265506;GRIB2;
Time-maximum upward sea water velocity;max_wo;m s-1;265507;GRIB2;
Time-maximum sea water potential temperature tendency due to newtonian relaxation;max_thetaodmp;K s-1;265508;GRIB2;
Time-maximum sea water salinity tendency due to newtonian relaxation;max_sodmp;g kg-1 s-1;265509;GRIB2;
Time-maximum sea water temperature tendency due to parameterization;max_bckint;K s-1;265510;GRIB2;
Time-maximum sea water salinity tendency due to parameterization;max_bckins;g kg-1 s-1;265511;GRIB2;
Time-maximum eastward sea water velocity tendency due to parameterization;max_bckine;m s-2;265512;GRIB2;
Time-maximum northward sea water velocity tendency due to parameterization;max_bckinn;m s-2;265513;GRIB2;
Time-maximum sea water temperature tendency due to direct bias correction;max_tdbiascorr;K s-1;265514;GRIB2;
Time-maximum sea water salinity tendency due to direct bias correction;max_sdbiascorr;g kg-1 s-1;265515;GRIB2;
Time-maximum sea water salinity;max_salo;kg kg-1;265516;GRIB2;
Time-maximum northward mass transport;max_mtn;kg m-2 s-1;265517;GRIB2;
Time-maximum eastward mass transport;max_mte;kg m-2 s-1;265518;GRIB2;
Time-maximum sea water depth;max_zo;m;265519;GRIB2;
Time-maximum sea water upward mass transport;max_mtup;kg m-2 s-1;265520;GRIB2;
Time-maximum sea water age since surface contact;max_agessc;s;265521;GRIB2;
Time-maximum sea water downward short-wave radiation flux;max_rsdo;W m-2;265522;GRIB2;
Time-maximum net short wave radiation rate at sea surface;max_ssr_sea;W m-2;265900;GRIB2;
Time-maximum wind stress at sea surface;max_wst_sea;N m-2;265901;GRIB2;
Time-maximum wind speed at 10m above sea surface;max_10ws_sea;m s-1;265902;GRIB2;
Time-maximum neutral drag coefficient at 10m above sea surface;max_10nd_sea;dimensionless;265903;GRIB2;
Time-maximum total precipitation rate at sea surface;max_tprate_sea;kg m-2 s-1;265904;GRIB2;
Time-maximum snow precipitation rate at sea surface;max_snrate_sea;kg m-2 s-1;265905;GRIB2;
Time-maximum eastward component of wind stress over sea ice;max_ewst_sea;N m-2;265906;GRIB2;
Time-maximum northward component of wind stress over sea ice;max_nwst_sea;N m-2;265907;GRIB2;
Time-maximum U-component of wind stress over sea ice;max_uwst_sea;N m-2;265908;GRIB2;
Time-maximum V-component of wind stress over sea ice;max_vwst_sea;N m-2;265909;GRIB2;
Time-minimum sea ice thickness;min_sithick;m;266000;GRIB2;
Time-minimum sea ice area fraction;min_siconc;Fraction;266001;GRIB2;
Time-minimum snow thickness over sea ice;min_sisnthick;m;266002;GRIB2;
Time-minimum eastward sea ice velocity;min_siue;m s-1;266003;GRIB2;
Time-minimum northward sea ice velocity;min_sivn;m s-1;266004;GRIB2;
Time-minimum sea ice albedo;min_sialb;Fraction;266005;GRIB2;
Time-minimum sea ice surface temperature;min_sitemptop;K;266006;GRIB2;
Time-minimum sea ice growth;min_sigrowth;m s-1;266007;GRIB2;
Time-minimum sea ice volume per unit area;min_sivol;m3 m-2;266008;GRIB2;
Time-minimum snow volume over sea ice per unit area;min_snvol;m3 m-2;266009;GRIB2;
Time-minimum vertically averaged sea ice temperature;min_vasit;K;266010;GRIB2;
Time-minimum snow temperature over sea ice;min_sntemp;K;266011;GRIB2;
Time-minimum sea ice temperature at the sea ice and snow interface;min_sisntemp;K;266012;GRIB2;
Time-minimum underside ice temperature;min_usitemp;K;266013;GRIB2;
Time-minimum sea ice heat content;min_sihc;J m-2;266014;GRIB2;
Time-minimum snow heat content over sea ice;min_snhc;J m-2;266015;GRIB2;
Time-minimum sea ice freeboard thickness;min_sifbr;m;266016;GRIB2;
Time-minimum sea ice melt pond fraction;min_sipf;Proportion;266017;GRIB2;
Time-minimum sea ice melt pond depth;min_sipd;m;266018;GRIB2;
Time-minimum sea ice melt pond volume per unit area;min_sipvol;m3 m-2;266019;GRIB2;
Time-minimum sea ice fraction tendency due to parameterization;min_bckinsic;s-1;266020;GRIB2;
Time-minimum X-component of sea ice velocity;min_six;m s-1;266021;GRIB2;
Time-minimum Y-component of sea ice velocity;min_siy;m s-1;266022;GRIB2;
Time-minimum sea ice salinity;min_icesalt;g kg-1;266023;GRIB2;
Time-minimum sea ice temperature;min_sit;K;266024;GRIB2;
Time-minimum sea ice breakup memory;min_sibm;Numeric;266025;GRIB2;
Time-minimum sea surface practical salinity;min_sos;g kg-1;266100;GRIB2;
Time-minimum sea surface temperature;min_tos;K;266101;GRIB2;
Time-minimum depth of 14 C isotherm;min_t14d;m;266102;GRIB2;
Time-minimum depth of 17 C isotherm;min_t17d;m;266103;GRIB2;
Time-minimum depth of 20 C isotherm;min_t20d;m;266104;GRIB2;
Time-minimum depth of 26 C isotherm;min_t26d;m;266105;GRIB2;
Time-minimum depth of 28 C isotherm;min_t28d;m;266106;GRIB2;
Time-minimum barotropic stream function;min_stfbarot;m3 s-1;266107;GRIB2;
Time-minimum surface downward heat flux;min_hfds;W m-2;266108;GRIB2;
Time-minimum northward surface stress;min_tauvon;N m-2;266109;GRIB2;
Time-minimum eastward surface stress;min_tauuoe;N m-2;266110;GRIB2;
Time-minimum Y-component of surface stress;min_tauvo;N m-2;266111;GRIB2;
Time-minimum X-component of surface stress;min_tauuo;N m-2;266112;GRIB2;
Time-minimum ocean mixed layer depth defined by sigma theta 0.01 kg m-3;min_mlotst010;m;266113;GRIB2;
Time-minimum ocean mixed layer depth defined by sigma theta 0.03 kg m-3;min_mlotst030;m;266114;GRIB2;
Time-minimum ocean mixed layer depth defined by sigma theta 0.125 kg m-3;min_mlotst125;m;266115;GRIB2;
Time-minimum ocean mixed layer depth defined by temperature 0.2 C;min_mlott02;m;266116;GRIB2;
Time-minimum ocean mixed layer depth defined by temperature 0.5 C;min_mlott05;m;266117;GRIB2;
Time-minimum average sea water practical salinity in the upper 300 m;min_sc300m;g kg-1;266118;GRIB2;
Time-minimum average sea water practical salinity in the upper 700 m;min_sc700m;g kg-1;266119;GRIB2;
Time-minimum total column average sea water practical salinity;min_scbtm;g kg-1;266120;GRIB2;
Time-minimum vertically-integrated heat content in the upper 300 m;min_hc300m;J m-2;266121;GRIB2;
Time-minimum vertically-integrated heat content in the upper 700 m;min_hc700m;J m-2;266122;GRIB2;
Time-minimum total column of heat content;min_hcbtm;J m-2;266123;GRIB2;
Time-minimum sea surface height;min_zos;m;266124;GRIB2;
Time-minimum steric change in sea surface height;min_stheig;m;266125;GRIB2;
Time-minimum halosteric change in sea surface height;min_hstheig;m;266126;GRIB2;
Time-minimum thermosteric change in sea surface height;min_tstheig;m;266127;GRIB2;
Time-minimum thermocline depth;min_thcline;m;266128;GRIB2;
Time-minimum bottom pressure equivalent height;min_btp;m;266129;GRIB2;
Time-minimum net surface upward water flux;min_swfup;kg m-2 s-1;266130;GRIB2;
Time-minimum fresh water flux into sea water (from rivers);min_fw2sw;kg m-2 s-1;266131;GRIB2;
Time-minimum virtual salt flux into sea water;min_vsf2sw;g kg-1 m-2 s-1;266132;GRIB2;
Time-minimum heat flux correction;min_hfcorr;W m-2;266133;GRIB2;
Time-minimum fresh water flux correction;min_fwcorr;kg m-2 s-1;266134;GRIB2;
Time-minimum virtual salt flux correction;min_vsfcorr;g kg-1 m-2 s-1;266135;GRIB2;
Time-minimum turbocline depth (kz=5e-4);min_turbocl;m;266136;GRIB2;
Time-minimum Y-component of surface sea water velocity;min_svy;m s-1;266137;GRIB2;
Time-minimum X-component of surface sea water velocity;min_svx;m s-1;266138;GRIB2;
Time-minimum northward surface sea water velocity;min_svn;m s-1;266139;GRIB2;
Time-minimum eastward surface sea water velocity;min_sve;m s-1;266140;GRIB2;
Time-minimum heat content surface to 26C isotherm;min_hct26;J m-2;266141;GRIB2;
Time-minimum sea surface height tendency due to parameterization;min_bckineta;m s-1;266142;GRIB2;
Time-minimum sea surface height with inverse barometer correction;min_zosib;m;266143;GRIB2;
Time-minimum average sea water potential temperature in the upper 300m;min_pt300m;K;266144;GRIB2;
Time-minimum sea surface salinity;min_sss;kg kg-1;266145;GRIB2;
Time-minimum vertically integrated sea water practical salinity in the upper 300 m;min_sc300v;g kg-1 m;266146;GRIB2;
Time-minimum vertically integrated sea water practical salinity in the upper 700 m;min_sc700v;g kg-1 m;266147;GRIB2;
Time-minimum total column vertically integrated sea water practical salinity;min_scbtv;g kg-1 m;266148;GRIB2;
Time-minimum sea surface downward short-wave radiation flux;min_rsdos;W m-2;266149;GRIB2;
Time-minimum sea water practical salinity;min_so;g kg-1;266500;GRIB2;
Time-minimum sea water potential temperature;min_thetao;K;266501;GRIB2;
Time-minimum sea water sigma theta;min_sigmat;kg m-3;266502;GRIB2;
Time-minimum Y-component of sea water velocity;min_voy;m s-1;266503;GRIB2;
Time-minimum X-component of sea water velocity;min_uox;m s-1;266504;GRIB2;
Time-minimum northward sea water velocity;min_von;m s-1;266505;GRIB2;
Time-minimum eastward sea water velocity;min_uoe;m s-1;266506;GRIB2;
Time-minimum upward sea water velocity;min_wo;m s-1;266507;GRIB2;
Time-minimum sea water potential temperature tendency due to newtonian relaxation;min_thetaodmp;K s-1;266508;GRIB2;
Time-minimum sea water salinity tendency due to newtonian relaxation;min_sodmp;g kg-1 s-1;266509;GRIB2;
Time-minimum sea water temperature tendency due to parameterization;min_bckint;K s-1;266510;GRIB2;
Time-minimum sea water salinity tendency due to parameterization;min_bckins;g kg-1 s-1;266511;GRIB2;
Time-minimum eastward sea water velocity tendency due to parameterization;min_bckine;m s-2;266512;GRIB2;
Time-minimum northward sea water velocity tendency due to parameterization;min_bckinn;m s-2;266513;GRIB2;
Time-minimum sea water temperature tendency due to direct bias correction;min_tdbiascorr;K s-1;266514;GRIB2;
Time-minimum sea water salinity tendency due to direct bias correction;min_sdbiascorr;g kg-1 s-1;266515;GRIB2;
Time-minimum sea water salinity;min_salo;kg kg-1;266516;GRIB2;
Time-minimum northward mass transport;min_mtn;kg m-2 s-1;266517;GRIB2;
Time-minimum eastward mass transport;min_mte;kg m-2 s-1;266518;GRIB2;
Time-minimum sea water depth;min_zo;m;266519;GRIB2;
Time-minimum sea water upward mass transport;min_mtup;kg m-2 s-1;266520;GRIB2;
Time-minimum sea water age since surface contact;min_agessc;s;266521;GRIB2;
Time-minimum sea water downward short-wave radiation flux;min_rsdo;W m-2;266522;GRIB2;
Time-minimum net short wave radiation rate at sea surface;min_ssr_sea;W m-2;266900;GRIB2;
Time-minimum wind stress at sea surface;min_wst_sea;N m-2;266901;GRIB2;
Time-minimum wind speed at 10m above sea surface;min_10ws_sea;m s-1;266902;GRIB2;
Time-minimum neutral drag coefficient at 10m above sea surface;min_10nd_sea;dimensionless;266903;GRIB2;
Time-minimum total precipitation rate at sea surface;min_tprate_sea;kg m-2 s-1;266904;GRIB2;
Time-minimum snow precipitation rate at sea surface;min_snrate_sea;kg m-2 s-1;266905;GRIB2;
Time-minimum eastward component of wind stress over sea ice;min_ewst_sea;N m-2;266906;GRIB2;
Time-minimum northward component of wind stress over sea ice;min_nwst_sea;N m-2;266907;GRIB2;
Time-minimum U-component of wind stress over sea ice;min_uwst_sea;N m-2;266908;GRIB2;
Time-minimum V-component of wind stress over sea ice;min_vwst_sea;N m-2;266909;GRIB2;
Time-standard-deviation sea ice thickness;std_sithick;m;267000;GRIB2;
Time-standard-deviation sea ice area fraction;std_siconc;Fraction;267001;GRIB2;
Time-standard-deviation snow thickness over sea ice;std_sisnthick;m;267002;GRIB2;
Time-standard-deviation eastward sea ice velocity;std_siue;m s-1;267003;GRIB2;
Time-standard-deviation northward sea ice velocity;std_sivn;m s-1;267004;GRIB2;
Time-standard-deviation sea ice albedo;std_sialb;Fraction;267005;GRIB2;
Time-standard-deviation sea ice surface temperature;std_sitemptop;K;267006;GRIB2;
Time-standard-deviation sea ice growth;std_sigrowth;m s-1;267007;GRIB2;
Time-standard-deviation sea ice volume per unit area;std_sivol;m3 m-2;267008;GRIB2;
Time-standard-deviation snow volume over sea ice per unit area;std_snvol;m3 m-2;267009;GRIB2;
Time-standard-deviation vertically averaged sea ice temperature;std_vasit;K;267010;GRIB2;
Time-standard-deviation snow temperature over sea ice;std_sntemp;K;267011;GRIB2;
Time-standard-deviation sea ice temperature at the sea ice and snow interface;std_sisntemp;K;267012;GRIB2;
Time-standard-deviation underside ice temperature;std_usitemp;K;267013;GRIB2;
Time-standard-deviation sea ice heat content;std_sihc;J m-2;267014;GRIB2;
Time-standard-deviation snow heat content over sea ice;std_snhc;J m-2;267015;GRIB2;
Time-standard-deviation sea ice freeboard thickness;std_sifbr;m;267016;GRIB2;
Time-standard-deviation sea ice melt pond fraction;std_sipf;Proportion;267017;GRIB2;
Time-standard-deviation sea ice melt pond depth;std_sipd;m;267018;GRIB2;
Time-standard-deviation sea ice melt pond volume per unit area;std_sipvol;m3 m-2;267019;GRIB2;
Time-standard-deviation sea ice fraction tendency due to parameterization;std_bckinsic;s-1;267020;GRIB2;
Time-standard-deviation X-component of sea ice velocity;std_six;m s-1;267021;GRIB2;
Time-standard-deviation Y-component of sea ice velocity;std_siy;m s-1;267022;GRIB2;
Time-standard-deviation sea ice salinity;std_icesalt;g kg-1;267023;GRIB2;
Time-standard-deviation sea ice temperature;std_sit;K;267024;GRIB2;
Time-standard-deviation sea ice breakup memory;std_sibm;Numeric;267025;GRIB2;
Time-standard-deviation sea surface practical salinity;std_sos;g kg-1;267100;GRIB2;
Time-standard-deviation sea surface temperature;std_tos;K;267101;GRIB2;
Time-standard-deviation depth of 14 C isotherm;std_t14d;m;267102;GRIB2;
Time-standard-deviation depth of 17 C isotherm;std_t17d;m;267103;GRIB2;
Time-standard-deviation depth of 20 C isotherm;std_t20d;m;267104;GRIB2;
Time-standard-deviation depth of 26 C isotherm;std_t26d;m;267105;GRIB2;
Time-standard-deviation depth of 28 C isotherm;std_t28d;m;267106;GRIB2;
Time-standard-deviation barotropic stream function;std_stfbarot;m3 s-1;267107;GRIB2;
Time-standard-deviation surface downward heat flux;std_hfds;W m-2;267108;GRIB2;
Time-standard-deviation northward surface stress;std_tauvon;N m-2;267109;GRIB2;
Time-standard-deviation eastward surface stress;std_tauuoe;N m-2;267110;GRIB2;
Time-standard-deviation Y-component of surface stress;std_tauvo;N m-2;267111;GRIB2;
Time-standard-deviation X-component of surface stress;std_tauuo;N m-2;267112;GRIB2;
Time-standard-deviation ocean mixed layer depth defined by sigma theta 0.01 kg m-3;std_mlotst010;m;267113;GRIB2;
Time-standard-deviation ocean mixed layer depth defined by sigma theta 0.03 kg m-3;std_mlotst030;m;267114;GRIB2;
Time-standard-deviation ocean mixed layer depth defined by sigma theta 0.125 kg m-3;std_mlotst125;m;267115;GRIB2;
Time-standard-deviation ocean mixed layer depth defined by temperature 0.2 C;std_mlott02;m;267116;GRIB2;
Time-standard-deviation ocean mixed layer depth defined by temperature 0.5 C;std_mlott05;m;267117;GRIB2;
Time-standard-deviation average sea water practical salinity in the upper 300 m;std_sc300m;g kg-1;267118;GRIB2;
Time-standard-deviation average sea water practical salinity in the upper 700 m;std_sc700m;g kg-1;267119;GRIB2;
Time-standard-deviation total column average sea water practical salinity;std_scbtm;g kg-1;267120;GRIB2;
Time-standard-deviation vertically-integrated heat content in the upper 300 m;std_hc300m;J m-2;267121;GRIB2;
Time-standard-deviation vertically-integrated heat content in the upper 700 m;std_hc700m;J m-2;267122;GRIB2;
Time-standard-deviation total column of heat content;std_hcbtm;J m-2;267123;GRIB2;
Time-standard-deviation sea surface height;std_zos;m;267124;GRIB2;
Time-standard-deviation steric change in sea surface height;std_stheig;m;267125;GRIB2;
Time-standard-deviation halosteric change in sea surface height;std_hstheig;m;267126;GRIB2;
Time-standard-deviation thermosteric change in sea surface height;std_tstheig;m;267127;GRIB2;
Time-standard-deviation thermocline depth;std_thcline;m;267128;GRIB2;
Time-standard-deviation bottom pressure equivalent height;std_btp;m;267129;GRIB2;
Time-standard-deviation net surface upward water flux;std_swfup;kg m-2 s-1;267130;GRIB2;
Time-standard-deviation fresh water flux into sea water (from rivers);std_fw2sw;kg m-2 s-1;267131;GRIB2;
Time-standard-deviation virtual salt flux into sea water;std_vsf2sw;g kg-1 m-2 s-1;267132;GRIB2;
Time-standard-deviation heat flux correction;std_hfcorr;W m-2;267133;GRIB2;
Time-standard-deviation fresh water flux correction;std_fwcorr;kg m-2 s-1;267134;GRIB2;
Time-standard-deviation virtual salt flux correction;std_vsfcorr;g kg-1 m-2 s-1;267135;GRIB2;
Time-standard-deviation turbocline depth (kz=5e-4);std_turbocl;m;267136;GRIB2;
Time-standard-deviation Y-component of surface sea water velocity;std_svy;m s-1;267137;GRIB2;
Time-standard-deviation X-component of surface sea water velocity;std_svx;m s-1;267138;GRIB2;
Time-standard-deviation northward surface sea water velocity;std_svn;m s-1;267139;GRIB2;
Time-standard-deviation eastward surface sea water velocity;std_sve;m s-1;267140;GRIB2;
Time-standard-deviation heat content surface to 26C isotherm;std_hct26;J m-2;267141;GRIB2;
Time-standard-deviation sea surface height tendency due to parameterization;std_bckineta;m s-1;267142;GRIB2;
Time-standard-deviation sea surface height with inverse barometer correction;std_zosib;m;267143;GRIB2;
Time-standard-deviation average sea water potential temperature in the upper 300m;std_pt300m;K;267144;GRIB2;
Time-standard-deviation sea surface salinity;std_sss;kg kg-1;267145;GRIB2;
Time-standard-deviation vertically integrated sea water practical salinity in the upper 300 m;std_sc300v;g kg-1 m;267146;GRIB2;
Time-standard-deviation vertically integrated sea water practical salinity in the upper 700 m;std_sc700v;g kg-1 m;267147;GRIB2;
Time-standard-deviation total column vertically integrated sea water practical salinity;std_scbtv;g kg-1 m;267148;GRIB2;
Time-standard-deviation sea surface downward short-wave radiation flux;std_rsdos;W m-2;267149;GRIB2;
Time-standard-deviation sea water practical salinity;std_so;g kg-1;267500;GRIB2;
Time-standard-deviation sea water potential temperature;std_thetao;K;267501;GRIB2;
Time-standard-deviation sea water sigma theta;std_sigmat;kg m-3;267502;GRIB2;
Time-standard-deviation Y-component of sea water velocity;std_voy;m s-1;267503;GRIB2;
Time-standard-deviation X-component of sea water velocity;std_uox;m s-1;267504;GRIB2;
Time-standard-deviation northward sea water velocity;std_von;m s-1;267505;GRIB2;
Time-standard-deviation eastward sea water velocity;std_uoe;m s-1;267506;GRIB2;
Time-standard-deviation upward sea water velocity;std_wo;m s-1;267507;GRIB2;
Time-standard-deviation sea water potential temperature tendency due to newtonian relaxation;std_thetaodmp;K s-1;267508;GRIB2;
Time-standard-deviation sea water salinity tendency due to newtonian relaxation;std_sodmp;g kg-1 s-1;267509;GRIB2;
Time-standard-deviation sea water temperature tendency due to parameterization;std_bckint;K s-1;267510;GRIB2;
Time-standard-deviation sea water salinity tendency due to parameterization;std_bckins;g kg-1 s-1;267511;GRIB2;
Time-standard-deviation eastward sea water velocity tendency due to parameterization;std_bckine;m s-2;267512;GRIB2;
Time-standard-deviation northward sea water velocity tendency due to parameterization;std_bckinn;m s-2;267513;GRIB2;
Time-standard-deviation sea water temperature tendency due to direct bias correction;std_tdbiascorr;K s-1;267514;GRIB2;
Time-standard-deviation sea water salinity tendency due to direct bias correction;std_sdbiascorr;g kg-1 s-1;267515;GRIB2;
Time-standard-deviation sea water salinity;std_salo;kg kg-1;267516;GRIB2;
Time-standard-deviation northward mass transport;std_mtn;kg m-2 s-1;267517;GRIB2;
Time-standard-deviation eastward mass transport;std_mte;kg m-2 s-1;267518;GRIB2;
Time-standard-deviation sea water depth;std_zo;m;267519;GRIB2;
Time-standard-deviation sea water upward mass transport;std_mtup;kg m-2 s-1;267520;GRIB2;
Time-standard-deviation sea water age since surface contact;std_agessc;s;267521;GRIB2;
Time-standard-deviation sea water downward short-wave radiation flux;std_rsdo;W m-2;267522;GRIB2;
Time-standard-deviation net short wave radiation rate at sea surface;std_ssr_sea;W m-2;267900;GRIB2;
Time-standard-deviation wind stress at sea surface;std_wst_sea;N m-2;267901;GRIB2;
Time-standard-deviation wind speed at 10m above sea surface;std_10ws_sea;m s-1;267902;GRIB2;
Time-standard-deviation neutral drag coefficient at 10m above sea surface;std_10nd_sea;dimensionless;267903;GRIB2;
Time-standard-deviation total precipitation rate at sea surface;std_tprate_sea;kg m-2 s-1;267904;GRIB2;
Time-standard-deviation snow precipitation rate at sea surface;std_snrate_sea;kg m-2 s-1;267905;GRIB2;
Time-standard-deviation eastward component of wind stress over sea ice;std_ewst_sea;N m-2;267906;GRIB2;
Time-standard-deviation northward component of wind stress over sea ice;std_nwst_sea;N m-2;267907;GRIB2;
Time-standard-deviation U-component of wind stress over sea ice;std_uwst_sea;N m-2;267908;GRIB2;
Time-standard-deviation V-component of wind stress over sea ice;std_vwst_sea;N m-2;267909;GRIB2;
Virtual temperature;vtmp;K;300012;"GRIB2 GRIB1";
Mass density;mdens;kg m-3;400000;GRIB2;
Total column vertically-integrated mass density;tcvimd;kg m-2;401000;GRIB2;
Mass mixing ratio;mass_mixrat;kg kg-1;402000;GRIB2;
Emission mass flux;emi_mflx;kg m-2 s-1;403000;GRIB2;
Dry deposition velocity;drydep_vel;m s-1;404000;GRIB2;
Wet deposition mass flux;wetdep_mflx;kg m-2 s-1;405000;GRIB2;
Dry deposition mass flux;drydep_mflx;kg m-2 s-1;406000;GRIB2;
Sedimentation mass flux;sed_mflx;kg m-2 s-1;407000;GRIB2;
Volume mixing ratio;vol_mixrat;mol mol-1;408000;GRIB2;
Volume-mean total column mixing ratio;vm_tc_vol_mixrat;mol mol-1;409000;GRIB2;
Wet deposition mass flux by large-scale precipitation;wetdep_mflx_lsp;kg m-2 s-1;410000;GRIB2;
Wet deposition mass flux by convective precipitation;wetdep_mflx_cp;kg m-2 s-1;411000;GRIB2;
Emission mass flux from vegetation;emi_mflx_veg;kg m-2 s-1;412000;GRIB2;
Emission mass flux from natural sources;emi_mflx_natsrc;kg m-2 s-1;413000;GRIB2;
Emission mass flux from anthropogenic sources;emi_mflx_antsrc;kg m-2 s-1;414000;GRIB2;
Emission mass flux from elevated anthropogenic sources;emi_mflx_elevantsrc;kg m-2 s-1;415000;GRIB2;
Emission mass flux from surface anthropogenic sources;emi_mflx_sfcantsrc;kg m-2 s-1;416000;GRIB2;
Emission mass flux from biomass burning;emi_mflx_biomburn;kg m-2 s-1;417000;GRIB2;
Emission from aviation;emi_mflx_aviation;kg m-2 s-1;418000;GRIB2;
Emission mass flux from agriculture livestock;emi_mflx_agriliv;kg m-2 s-1;419000;GRIB2;
Emission mass flux from agriculture soils;emi_mflx_agrisol;kg m-2 s-1;420000;GRIB2;
Emission mass flux from agricultural waste burning;emi_mflx_agriwasburn;kg m-2 s-1;421000;GRIB2;
Emission mass flux from residential, commercial and other combustion;emi_mflx_rescomb;kg m-2 s-1;422000;GRIB2;
Emission mass flux from power generation;emi_mflx_powgen;kg m-2 s-1;423000;GRIB2;
Emission mass flux from fugitives;emi_mflx_fug;kg m-2 s-1;424000;GRIB2;
Emission mass flux from industrial process;emi_mflx_indproc;kg m-2 s-1;425000;GRIB2;
Emission mass flux from solvents;emi_mflx_solv;kg m-2 s-1;426000;GRIB2;
Emission mass flux from ships;emi_mflx_shp;kg m-2 s-1;427000;GRIB2;
Emission mass flux from wastes (solid and water);emi_mflx_wastes;kg m-2 s-1;428000;GRIB2;
Emission mass flux from off-road transportation;emi_mflx_offrdtrans;kg m-2 s-1;429000;GRIB2;
Emission mass flux from road transportation;emi_mflx_rdtrans;kg m-2 s-1;430000;GRIB2;
Emission mass flux from super power stations;emi_mflx_suppowstn;kg m-2 s-1;431000;GRIB2;
Emission mass flux from settlements;emi_mflx_settl;kg m-2 s-1;432000;GRIB2;
Emission mass flux from volcanoes;emi_mflx_vol;kg m-2 s-1;433000;GRIB2;
Emission mass flux from wetlands;emi_mflx_wetl;kg m-2 s-1;434000;GRIB2;
Net ecosystem exchange flux;neef;kg m-2 s-1;435000;GRIB2;
Mean net ecosystem exchange flux;mneef;kg m-2 s-1;435001;GRIB2;
Accumulated net ecosystem exchange flux;aneef;kg m-2;435002;GRIB2;
Gross primary production flux;gppf;kg m-2 s-1;436000;GRIB2;
Mean gross primary production flux;mgppf;kg m-2 s-1;436001;GRIB2;
Accumulated gross primary production flux;agppf;kg m-2;436002;GRIB2;
Ecosystem respiration flux;erf;kg m-2 s-1;437000;GRIB2;
Mean ecosystem respiration flux;merf;kg m-2 s-1;437001;GRIB2;
Accumulated ecosystem respiration flux;aerf;kg m-2;437002;GRIB2;
Emission mass flux from bio fuel;emi_mflx_biofuel;kg m-2 s-1;438000;GRIB2;
Emission mass flux from fossil fuel;emi_mflx_fossilfuel;kg m-2 s-1;439000;GRIB2;
Emission mass flux from other;emi_mflx_other;kg m-2 s-1;440000;GRIB2;
Emission mass flux from oceans;emi_mflx_ocean;kg m-2 s-1;441000;GRIB2;
Emission mass flux from soil;emi_mflx_soil;kg m-2 s-1;442000;GRIB2;
Emission mass flux from wild animals;emi_mflx_wildanim;kg m-2 s-1;443000;GRIB2;
Accumulated wet deposition mass flux;acc_wetdep_mflx;kg m-2;444000;GRIB2;
Accumulated dry deposition mass flux;acc_drydep_mflx;kg m-2;445000;GRIB2;
Aerosol number density;aer_ndens;m-3;450000;GRIB2;
Aerosol negative fixer mass flux;aer_negfix_mflx;kg m-2 s-1;451000;GRIB2;
Aerosol sink/loss mass flux;aer_sink_mflx;kg m-2 s-1;452000;GRIB2;
Aerosol source/gain mass flux;aer_src_mflx;kg m-2 s-1;453000;GRIB2;
Mass mixing ratio from volcanoes;mass_mixrat_vol;kg kg-1;454000;GRIB2;
Total column vertically-integrated mass density from volcanoes;tc_mdens_vol;kg m-2;455000;GRIB2;
Dry deposition velocity from volcanoes;drydep_vel_vol;m s-1;456000;GRIB2;
Aerosol optical depth;aod;Numeric;457000;GRIB2;
Single scattering albedo;ssa;(0 - 1);458000;GRIB2;
Asymmetry Factor;asymf;Numeric;459000;GRIB2;
Attenuated aerosol backscatter from top of atmosphere;aerbscattoa;m-1 sr-1;460000;GRIB2;
Attenuated aerosol backscatter from ground;aerbscatgnd;m-1 sr-1;461000;GRIB2;
Aerosol extinction coefficient;aerext;m-1;462000;GRIB2;
Emission mass flux from commercial buildings heating;emi_mflx_cbh;kg m-2 s-1;463000;GRIB2;
Emission mass flux from residential heating;emi_mflx_rh;kg m-2 s-1;464000;GRIB2;
Emission mass flux from oil refineries and transformation industry;emi_mflx_oti;kg m-2 s-1;465000;GRIB2;
Emission mass flux from gas production;emi_mflx_gp;kg m-2 s-1;466000;GRIB2;
Mass mixing ratio difference;mass_mixrat_diff;kg kg-1;467000;GRIB2;
Mass mixing ratio from volcanoes difference;mass_mixrat_vol_diff;kg kg-1;468000;GRIB2;
Emission mass flux from wild fires;emi_mflx_wfire;kg m-2 s-1;469000;GRIB2;
Sink mass flux;snkmf;kg m-2 s-1;470000;GRIB2;
Source mass flux;srcmf;kg m-2 s-1;471000;GRIB2;
Absorption aerosol optical thickness;absaod;Numeric;472000;GRIB2;
Tropospheric column vertically-integrated mass density;tropvimd;kg m-2;473000;GRIB2;
Stratospheric column vertically-integrated mass density;stratvimd;kg m-2;474000;GRIB2;
Aerosol unattenuated backscatter coefficient;aerbscat;m-1 sr-1;475000;GRIB2;
Pressure (S) (not reduced);ps;Pa;500000;"GRIB2 GRIB1";
Pressure;p;Pa;500001;"GRIB2 GRIB1";
Pressure Reduced to MSL;pmsl;Pa;500002;"GRIB2 GRIB1";
Pressure Tendency (S);dpsdt;Pa s-1;500003;"GRIB2 GRIB1";
Geopotential (S);fis;m2 s-2;500004;"GRIB2 GRIB1";
Geopotential (full lev);fif;m2 s-2;500005;"GRIB2 GRIB1";
Geopotential;fi;m2 s-2;500006;"GRIB2 GRIB1";
Geometric Height of the earths surface above sea level;hsurf;m;500007;"GRIB2 GRIB1";
Geometric Height of the layer limits above sea level(NN);hhl;m;500008;"GRIB2 GRIB1";
Total Column Integrated Ozone;to3;Dobson;500009;"GRIB2 GRIB1";
Temperature (G);t_g;K;500010;"GRIB2 GRIB1";
Climat. temperature, 2m Temperature;t_2m_cl;K;500013;"GRIB2 GRIB1";
Temperature;t;K;500014;"GRIB2 GRIB1";
Max 2m Temperature (i);tmax_2m;K;500015;"GRIB2 GRIB1";
Min 2m Temperature (i);tmin_2m;K;500016;"GRIB2 GRIB1";
2m Dew Point Temperature (AV);td_2m_av;~;500018;"GRIB2 GRIB1";
Radar spectra (1);dbz_max;~;500019;"GRIB2 GRIB1";
Wave spectra (1);wvsp1;~;500020;"GRIB2 GRIB1";
Wave spectra (2);wvsp2;~;500021;"GRIB2 GRIB1";
Wave spectra (3);wvsp3;~;500022;"GRIB2 GRIB1";
Wind Direction (DD_10M);dd_10m;degrees;500023;"GRIB2 GRIB1";
Wind Direction (DD);dd;degrees;500024;"GRIB2 GRIB1";
Wind speed (SP_10M);sp_10m;m s-1;500025;"GRIB2 GRIB1";
Wind speed (SP);sp;m s-1;500026;"GRIB2 GRIB1";
U component of wind;u_10m;m s-1;500027;"GRIB2 GRIB1";
U component of wind;u;m s-1;500028;"GRIB2 GRIB1";
V component of wind;v_10m;m s-1;500029;"GRIB2 GRIB1";
V component of wind;v;m s-1;500030;"GRIB2 GRIB1";
Vertical Velocity (Pressure) ( omega=dp/dt );omega;Pa s-1;500031;"GRIB2 GRIB1";
Vertical Velocity (Geometric) (w);w;m s-1;500032;"GRIB2 GRIB1";
Specific Humidity (S);qv_s;kg kg-1;500033;"GRIB2 GRIB1";
Specific Humidity (2m);qv_2m;kg kg-1;500034;"GRIB2 GRIB1";
Specific Humidity;qv;kg kg-1;500035;"GRIB2 GRIB1";
2m Relative Humidity;relhum_2m;%;500036;"GRIB2 GRIB1";
Relative Humidity;relhum;%;500037;"GRIB2 GRIB1";
Total column integrated water vapour;tqv;kg m-2;500038;"GRIB2 GRIB1";
Evaporation (s);aevap_s;kg m-2;500039;"GRIB2 GRIB1";
Total Column-Integrated Cloud Ice;tqi;kg m-2;500040;"GRIB2 GRIB1";
Total Precipitation rate (S);tot_prec;kg m-2 s-1;500041;"GRIB2 GRIB1";
Large-Scale Precipitation rate;prec_gsp;kg m-2 s-1;500042;"GRIB2 GRIB1";
Convective Precipitation rate;prec_con;kg m-2 s-1;500043;"GRIB2 GRIB1";
Snow depth water equivalent;w_snow;kg m-2;500044;"GRIB2 GRIB1";
Snow Depth;h_snow;m;500045;"GRIB2 GRIB1";
Total Cloud Cover;clct;%;500046;"GRIB2 GRIB1";
Convective Cloud Cover;clc_con;%;500047;"GRIB2 GRIB1";
Cloud Cover (800 hPa - Soil);clcl;%;500048;"GRIB2 GRIB1";
Cloud Cover (400 - 800 hPa);clcm;%;500049;"GRIB2 GRIB1";
Cloud Cover (0 - 400 hPa);clch;%;500050;"GRIB2 GRIB1";
Total Column-Integrated Cloud Water;tqc;kg m-2;500051;"GRIB2 GRIB1";
Convective Snowfall rate water equivalent (s);snow_con;kg m-2 s-1;500052;"GRIB2 GRIB1";
Large-Scale snowfall rate water equivalent (s);snow_gsp;kg m-2 s-1;500053;"GRIB2 GRIB1";
Land Cover (1=land, 0=sea);fr_land;(0 - 1);500054;"GRIB2 GRIB1";
Surface Roughness length Surface Roughness;z0;m;500055;"GRIB2 GRIB1";
Albedo (in short-wave);alb_rad;%;500056;"GRIB2 GRIB1";
Albedo (in short-wave);albedo_b;%;500057;"GRIB2 GRIB1";
Soil Temperature ( 36 cm depth, vv=0h);t_cl;K;500058;"GRIB2 GRIB1";
Soil Temperature (41 cm depth);t_cl_lm;K;500059;"GRIB2 GRIB1";
Soil Temperature;t_m;K;500060;"GRIB2 GRIB1";
Soil Temperature;t_s;K;500061;"GRIB2 GRIB1";
Column-integrated Soil Moisture;w_cl;kg m-2;500062;"GRIB2 GRIB1";
Column-integrated Soil Moisture (1) 0 -10 cm;w_g1;kg m-2;500063;"GRIB2 GRIB1";
Column-integrated Soil Moisture (2) 10-100cm;w_g2;kg m-2;500064;"GRIB2 GRIB1";
Plant cover;plcov;%;500065;"GRIB2 GRIB1";
Water Runoff (10-100);runoff_g;kg m-2;500066;"GRIB2 GRIB1";
Water Runoff (10-190);runoff_g_lm;kg m-2;500067;"GRIB2 GRIB1";
Water Runoff (s);runoff_s;kg m-2;500068;"GRIB2 GRIB1";
Sea Ice Cover ( 0= free, 1=cover);fr_ice;~;500069;"GRIB2 GRIB1";
sea Ice Thickness;h_ice;m;500070;"GRIB2 GRIB1";
Significant height of combined wind waves and swell;swh;m;500071;"GRIB2 GRIB1";
Direction of wind waves;mdww;Degree true;500072;"GRIB2 GRIB1";
Significant height of wind waves;shww;m;500073;"GRIB2 GRIB1";
Mean period of wind waves;mpww;s;500074;"GRIB2 GRIB1";
Direction of swell waves;mdps;Degree true;500075;"GRIB2 GRIB1";
Significant height of swell waves;shps;m;500076;"GRIB2 GRIB1";
Mean period of swell waves;mpps;s;500077;"GRIB2 GRIB1";
Net short wave radiation flux (m) (at the surface);asob_s;W m-2;500078;"GRIB2 GRIB1";
Net short wave radiation flux;sobs_rad;W m-2;500079;"GRIB2 GRIB1";
Net long wave radiation flux (m) (at the surface);athb_s;W m-2;500080;"GRIB2 GRIB1";
Net long wave radiation flux;thbs_rad;W m-2;500081;"GRIB2 GRIB1";
Net short wave radiation flux (m) (on the model top);asob_t;W m-2;500082;"GRIB2 GRIB1";
Net short wave radiation flux;sobt_rad;W m-2;500083;"GRIB2 GRIB1";
Net long wave radiation flux (m) (on the model top);athb_t;W m-2;500084;"GRIB2 GRIB1";
Net long wave radiation flux;thbt_rad;W m-2;500085;"GRIB2 GRIB1";
Latent Heat Net Flux (m);alhfl_s;W m-2;500086;"GRIB2 GRIB1";
Sensible Heat Net Flux (m);ashfl_s;W m-2;500087;"GRIB2 GRIB1";
Momentum Flux, U-Component (m);aumfl_s;N m-2;500088;"GRIB2 GRIB1";
Momentum Flux, V-Component (m);avmfl_s;N m-2;500089;"GRIB2 GRIB1";
Photosynthetically active radiation (m) (at the surface);apab_s;W m-2;500090;"GRIB2 GRIB1";
Photosynthetically active radiation;pabs_rad;W m-2;500091;"GRIB2 GRIB1";
Solar radiation heating rate;sohr_rad;K s-1;500092;"GRIB2 GRIB1";
Thermal radiation heating rate;thhr_rad;K s-1;500093;"GRIB2 GRIB1";
Latent heat flux from bare soil;alhfl_bs;W m-2;500094;"GRIB2 GRIB1";
Latent heat flux from plants;alhfl_pl;W m-2;500095;"GRIB2 GRIB1";
Sunshine;dursun;~;500096;"GRIB2 GRIB1";
Stomatal Resistance;rstom;s m-1;500097;"GRIB2 GRIB1";
Cloud cover;clc;%;500098;"GRIB2 GRIB1";
Non-Convective Cloud Cover, grid scale;clc_sgs;%;500099;"GRIB2 GRIB1";
Cloud Mixing Ratio;qc;kg kg-1;500100;"GRIB2 GRIB1";
Cloud Ice Mixing Ratio;qi;kg kg-1;500101;"GRIB2 GRIB1";
Rain mixing ratio;qr;kg kg-1;500102;"GRIB2 GRIB1";
Snow mixing ratio;qs;kg kg-1;500103;"GRIB2 GRIB1";
Total column integrated rain;tqr;kg m-2;500104;"GRIB2 GRIB1";
Total column integrated snow;tqs;kg m-2;500105;"GRIB2 GRIB1";
Grauple;qg;kg kg-1;500106;"GRIB2 GRIB1";
Total column integrated grauple;tqg;kg m-2;500107;"GRIB2 GRIB1";
Total Column integrated water (all components incl. precipitation);twater;kg m-2;500108;"GRIB2 GRIB1";
vertical integral of divergence of total water content (s);tdiv_hum;kg m-2;500109;"GRIB2 GRIB1";
subgrid scale cloud water;qc_rad;kg kg-1;500110;"GRIB2 GRIB1";
subgridscale cloud ice;qi_rad;kg kg-1;500111;"GRIB2 GRIB1";
cloud base above msl, shallow convection;hbas_sc;m;500115;"GRIB2 GRIB1";
cloud top above msl, shallow convection;htop_sc;m;500116;"GRIB2 GRIB1";
specific cloud water content, convective cloud;clw_con;kg kg-1;500117;"GRIB2 GRIB1";
Height of Convective Cloud Base (i);hbas_con;m;500118;"GRIB2 GRIB1";
Height of Convective Cloud Top (i);htop_con;m;500119;"GRIB2 GRIB1";
base index (vertical level) of main convective cloud (i);bas_con;~;500120;"GRIB2 GRIB1";
top index (vertical level) of main convective cloud (i);top_con;~;500121;"GRIB2 GRIB1";
Temperature tendency due to convection;dt_con;K s-1;500122;"GRIB2 GRIB1";
Specific humitiy tendency due to convection;dqv_con;kg kg-1 s-1;500123;"GRIB2 GRIB1";
zonal wind tendency due to convection;du_con;m s-1;500124;"GRIB2 GRIB1";
meridional wind tendency due to convection;dv_con;m s-1;500125;"GRIB2 GRIB1";
height of top of dry convection;htop_dc;m;500126;"GRIB2 GRIB1";
height of 0 degree celsius level code 0,3,6 ?;hzerocl;m;500127;"GRIB2 GRIB1";
Height of snow fall limit;snowlmt;m;500128;"GRIB2 GRIB1";
Tendency of specific cloud liquid water content due to conversion;dqc_con;kg kg-1 s-1;500129;"GRIB2 GRIB1";
tendency of specific cloud ice content due to convection;dqi_con;kg kg-1 s-1;500130;"GRIB2 GRIB1";
Specific content of precipitation particles (needed for water loadin)g;q_sedim;kg kg-1;500131;"GRIB2 GRIB1";
Large scale rain rate;prr_gsp;kg m-2 s-1;500132;"GRIB2 GRIB1";
Large scale snowfall rate water equivalent;prs_gsp;kg m-2 s-1;500133;"GRIB2 GRIB1";
Large scale rain rate (s);rain_gsp;kg m-2 s-1;500134;"GRIB2 GRIB1";
Convective rain rate;prr_con;kg m-2 s-1;500135;"GRIB2 GRIB1";
Convective snowfall rate water equivalent;prs_con;kg m-2 s-1;500136;"GRIB2 GRIB1";
Convective rain rate (s);rain_con;kg m-2 s-1;500137;"GRIB2 GRIB1";
rain amount, grid-scale plus convective;rr_f;kg m-2;500138;"GRIB2 GRIB1";
snow amount, grid-scale plus convective;rr_c;kg m-2;500139;"GRIB2 GRIB1";
Temperature tendency due to grid scale precipation;dt_gsp;K s-1;500140;"GRIB2 GRIB1";
Specific humitiy tendency due to grid scale precipitation;dqv_gsp;kg kg-1 s-1;500141;"GRIB2 GRIB1";
tendency of specific cloud liquid water content due to grid scale precipitation;dqc_gsp;kg kg-1 s-1;500142;"GRIB2 GRIB1";
Fresh snow factor (weighting function for albedo indicating freshness of snow);freshsnw;~;500143;"GRIB2 GRIB1";
tendency of specific cloud ice content due to grid scale precipitation;dqi_gsp;kg kg-1 s-1;500144;"GRIB2 GRIB1";
Graupel (snow pellets) precipitation rate;prg_gsp;kg m-2 s-1;500145;"GRIB2 GRIB1";
Graupel (snow pellets) precipitation rate;grau_gsp;kg m-2 s-1;500146;"GRIB2 GRIB1";
Snow density;rho_snow;kg m-3;500147;"GRIB2 GRIB1";
Pressure perturbation;pp;Pa;500148;"GRIB2 GRIB1";
supercell detection index 1 (rot. up+down drafts);sdi_1;s-1;500149;"GRIB2 GRIB1";
supercell detection index 2 (only rot. up drafts);sdi_2;s-1;500150;"GRIB2 GRIB1";
Convective Available Potential Energy, most unstable;cape_mu;J kg-1;500151;"GRIB2 GRIB1";
Convective Inhibition, most unstable;cin_mu;J kg-1;500152;"GRIB2 GRIB1";
Convective Available Potential Energy, mean layer;cape_ml;J kg-1;500153;"GRIB2 GRIB1";
Convective Inhibition, mean layer;cin_ml;J kg-1;500154;"GRIB2 GRIB1";
Convective turbulent kinetic enery;tke_con;J kg-1;500155;"GRIB2 GRIB1";
Tendency of turbulent kinetic energy;tketens;m s-1;500156;"GRIB2 GRIB1";
Kinetic Energy;ke;J kg-1;500157;"GRIB2 GRIB1";
Turbulent Kinetic Energy;tke;J kg-1;500158;"GRIB2 GRIB1";
Turbulent diffusioncoefficient for momentum;tkvm;m2 s-1;500159;"GRIB2 GRIB1";
Turbulent diffusion coefficient for heat (and moisture);tkvh;m2 s-1;500160;"GRIB2 GRIB1";
Turbulent transfer coefficient for impulse;tcm;~;500161;"GRIB2 GRIB1";
Turbulent transfer coefficient for heat (and Moisture);tch;~;500162;"GRIB2 GRIB1";
mixed layer depth;mh;m;500163;"GRIB2 GRIB1";
maximum Wind 10m;vmax_10m;m s-1;500164;"GRIB2 GRIB1";
Air concentration of Ruthenium 103;ru-103;Bq m-3;500165;"GRIB2 GRIB1";
Soil Temperature (multilayers);t_so;K;500166;"GRIB2 GRIB1";
Column-integrated Soil Moisture (multilayers);w_so;kg m-2;500167;"GRIB2 GRIB1";
soil ice content (multilayers);w_so_ice;kg m-2;500168;"GRIB2 GRIB1";
Plant Canopy Surface Water;w_i;kg m-2;500169;"GRIB2 GRIB1";
Snow temperature (top of snow);t_snow;K;500170;"GRIB2 GRIB1";
Minimal Stomatal Resistance;prs_min;s m-1;500171;"GRIB2 GRIB1";
sea Ice Temperature;t_ice;K;500172;"GRIB2 GRIB1";
Base reflectivity;dbz_850;dB;500173;"GRIB2 GRIB1";
Base reflectivity;dbz;dB;500174;"GRIB2 GRIB1";
Base reflectivity (cmax);dbz_cmax;dB;500175;"GRIB2 GRIB1";
unknown;dttdiv;m;500176;"GRIB2 GRIB1";
Effective transmissivity of solar radiation;sotr_rad;K s-1;500177;"GRIB2 GRIB1";
sum of contributions to evaporation;evatra_sum;kg m-2;500178;"GRIB2 GRIB1";
total transpiration from all soil layers;tra_sum;kg m-2;500179;"GRIB2 GRIB1";
total forcing at soil surface;totforce_s;W m-2;500180;"GRIB2 GRIB1";
residuum of soil moisture;resid_wso;kg m-2;500181;"GRIB2 GRIB1";
Massflux at convective cloud base;mflx_con;kg m-2 s-1;500182;"GRIB2 GRIB1";
Convective Available Potential Energy;cape_con;J kg-1;500183;"GRIB2 GRIB1";
moisture convergence for Kuo-type closure;qcvg_con;s-1;500184;"GRIB2 GRIB1";
total wave direction;mwd;Degree true;500185;"GRIB2 GRIB1";
wind sea mean period;mwp_x;s;500186;"GRIB2 GRIB1";
wind sea peak period;ppww;s;500187;"GRIB2 GRIB1";
swell mean period;mpp_s;s;500188;"GRIB2 GRIB1";
swell peak period;ppps;s;500189;"GRIB2 GRIB1";
total wave peak period;pp1d;s;500190;"GRIB2 GRIB1";
total wave mean period;tm10;s;500191;"GRIB2 GRIB1";
total Tm1 period;tm01;s;500192;"GRIB2 GRIB1";
total Tm2 period;tm02;s;500193;"GRIB2 GRIB1";
total directional spread;sprd;Degree true;500194;"GRIB2 GRIB1";
analysis error(standard deviation), geopotential(gpm);ana_err_fi;gpm;500195;"GRIB2 GRIB1";
analysis error(standard deviation), u-comp. of wind;ana_err_u;m2 s-2;500196;"GRIB2 GRIB1";
analysis error(standard deviation), v-comp. of wind;ana_err_v;m2 s-2;500197;"GRIB2 GRIB1";
zonal wind tendency due to subgrid scale oro.;du_sso;m s-1;500198;"GRIB2 GRIB1";
meridional wind tendency due to subgrid scale oro.;dv_sso;m s-1;500199;"GRIB2 GRIB1";
Standard deviation of sub-grid scale orography;sso_stdh;m;500200;"GRIB2 GRIB1";
Anisotropy of sub-gridscale orography;sso_gamma;~;500201;"GRIB2 GRIB1";
Angle of sub-gridscale orography;sso_theta;radians;500202;"GRIB2 GRIB1";
Slope of sub-gridscale orography;sso_sigma;~;500203;"GRIB2 GRIB1";
surface emissivity;emis_rad;~;500204;"GRIB2 GRIB1";
Soil Type;soiltyp;~;500205;"GRIB2 GRIB1";
Leaf area index;lai;~;500206;"GRIB2 GRIB1";
root depth of vegetation;rootdp;m;500207;"GRIB2 GRIB1";
height of ozone maximum (climatological);hmo3;Pa;500208;"GRIB2 GRIB1";
vertically integrated ozone content (climatological);vio3;Pa;500209;"GRIB2 GRIB1";
Plant covering degree in the vegetation phase;plcov_mx;~;500210;"GRIB2 GRIB1";
Plant covering degree in the quiescent phas;plcov_mn;~;500211;"GRIB2 GRIB1";
Max Leaf area index;lai_mx;~;500212;"GRIB2 GRIB1";
Min Leaf area index;lai_mn;~;500213;"GRIB2 GRIB1";
Orographie + Land-Meer-Verteilung;oro_mod;m;500214;"GRIB2 GRIB1";
variance of soil moisture content (0-10);wvar1;kg2 m-4;500215;"GRIB2 GRIB1";
variance of soil moisture content (10-100);wvar2;kg2 m-4;500216;"GRIB2 GRIB1";
evergreen forest;for_e;~;500217;"GRIB2 GRIB1";
deciduous forest;for_d;~;500218;"GRIB2 GRIB1";
Normalized differential vegetation index;ndvi;~;500219;"GRIB2 GRIB1";
Normalized differential vegetation index (NDVI);ndvi_max;~;500220;"GRIB2 GRIB1";
ratio of monthly mean NDVI (normalized differential vegetation index) to annual maximum;ndvi_mrat;~;500221;"GRIB2 GRIB1";
ratio of monthly mean NDVI (normalized differential vegetation index) to annual maximum;ndviratio;~;500222;"GRIB2 GRIB1";
Total sulfate aerosol;aer_so4;~;500223;"GRIB2 GRIB1";
Total sulfate aerosol (12M);aer_so412;~;500224;"GRIB2 GRIB1";
Total soil dust aerosol;aer_dust;~;500225;"GRIB2 GRIB1";
Total soil dust aerosol (12M);aer_dust12;~;500226;"GRIB2 GRIB1";
Organic aerosol;aer_org;~;500227;"GRIB2 GRIB1";
Organic aerosol (12M);aer_org12;~;500228;"GRIB2 GRIB1";
Black carbon aerosol;aer_bc;~;500229;"GRIB2 GRIB1";
Black carbon aerosol (12M);aer_bc12;~;500230;"GRIB2 GRIB1";
Sea salt aerosol;aer_ss;~;500231;"GRIB2 GRIB1";
Sea salt aerosol (12M);aer_ss12;~;500232;"GRIB2 GRIB1";
tendency of specific humidity;dqvdt;s-1;500233;"GRIB2 GRIB1";
water vapor flux;qvsflx;s-1 m-2;500234;"GRIB2 GRIB1";
Coriolis parameter;fc;s-1;500235;"GRIB2 GRIB1";
Geographical latitude;rlat;Degree N;500236;"GRIB2 GRIB1";
Geographical longitude;rlon;Degree E;500237;"GRIB2 GRIB1";
Friction velocity;ustr;m s-1;500238;"GRIB2 GRIB1";
Delay of the GPS signal trough the (total) atm.;ztd;m;500239;"GRIB2 GRIB1";
Delay of the GPS signal trough wet atmos.;zwd;m;500240;"GRIB2 GRIB1";
Delay of the GPS signal trough dry atmos.;zhd;m;500241;"GRIB2 GRIB1";
Ozone Mixing Ratio;o3;kg kg-1;500242;"GRIB2 GRIB1";
Air concentration of Ruthenium 103 (Ru103- concentration);ru-103;Bq m-3;500243;"GRIB2 GRIB1";
Ru103-dry deposition;ru-103d;Bq m-2;500244;"GRIB2 GRIB1";
Ru103-wet deposition;ru-103w;Bq m-2;500245;"GRIB2 GRIB1";
Air concentration of Strontium 90;sr-90;Bq m-3;500246;"GRIB2 GRIB1";
Sr90-dry deposition;sr-90d;Bq m-2;500247;"GRIB2 GRIB1";
Sr90-wet deposition;sr-90w;Bq m-2;500248;"GRIB2 GRIB1";
I131-concentration;i-131a;Bq m-3;500249;"GRIB2 GRIB1";
I131-dry deposition;i-131ad;Bq m-2;500250;"GRIB2 GRIB1";
I131-wet deposition;i-131aw;Bq m-2;500251;"GRIB2 GRIB1";
Cs137-concentration;cs-137;Bq m-3;500252;"GRIB2 GRIB1";
Cs137-dry deposition;cs-137d;Bq m-2;500253;"GRIB2 GRIB1";
Cs137-wet deposition;cs-137w;Bq m-2;500254;"GRIB2 GRIB1";
Air concentration of Tellurium 132 (Te132-concentration);te-132;Bq m-3;500255;"GRIB2 GRIB1";
Te132-dry deposition;te-132d;Bq m-2;500256;"GRIB2 GRIB1";
Te132-wet deposition;te-132w;Bq m-2;500257;"GRIB2 GRIB1";
Air concentration of Zirconium 95 (Zr95-concentration);zr-95;Bq m-3;500258;"GRIB2 GRIB1";
Zr95-dry deposition;zr-95d;Bq m-2;500259;"GRIB2 GRIB1";
Zr95-wet deposition;zr-95w;Bq m-2;500260;"GRIB2 GRIB1";
Air concentration of Krypton 85 (Kr85-concentration);kr-85;Bq m-3;500261;"GRIB2 GRIB1";
Kr85-dry deposition;kr-85d;Bq m-2;500262;"GRIB2 GRIB1";
Kr85-wet deposition;kr-85w;Bq m-2;500263;"GRIB2 GRIB1";
TRACER - concentration;tr-2;Bq m-3;500264;"GRIB2 GRIB1";
TRACER - dry deposition;tr-2d;Bq m-2;500265;"GRIB2 GRIB1";
TRACER - wet deposition;tr-2w;Bq m-2;500266;"GRIB2 GRIB1";
Air concentration of Xenon 133 (Xe133 - concentration);xe-133;Bq m-3;500267;"GRIB2 GRIB1";
Xe133 - dry deposition;xe-133d;Bq m-2;500268;"GRIB2 GRIB1";
Xe133 - wet deposition;xe-133w;Bq m-2;500269;"GRIB2 GRIB1";
I131g - concentration;i-131g;Bq m-3;500270;"GRIB2 GRIB1";
Xe133 - wet deposition;i-131gd;Bq m-2;500271;"GRIB2 GRIB1";
I131g - wet deposition;i-131gw;Bq m-2;500272;"GRIB2 GRIB1";
I131o - concentration;i-131o;Bq m-3;500273;"GRIB2 GRIB1";
I131o - dry deposition;i-131od;Bq m-2;500274;"GRIB2 GRIB1";
I131o - wet deposition;i-131ow;Bq m-2;500275;"GRIB2 GRIB1";
Air concentration of Barium 40;ba-140;Bq m-3;500276;"GRIB2 GRIB1";
Ba140 - dry deposition;ba-140d;Bq m-2;500277;"GRIB2 GRIB1";
Ba140 - wet deposition;ba-140w;Bq m-2;500278;"GRIB2 GRIB1";
u-momentum flux due to SSO-effects;austr_sso;N m-2;500279;"GRIB2 GRIB1";
u-momentum flux due to SSO-effects;ustr_sso;N m-2;500280;"GRIB2 GRIB1";
v-momentum flux due to SSO-effects;avstr_sso;N m-2;500281;"GRIB2 GRIB1";
v-momentum flux due to SSO-effects;vstr_sso;N m-2;500282;"GRIB2 GRIB1";
Gravity wave dissipation (vertical integral);avdis_sso;W m-2;500283;"GRIB2 GRIB1";
Gravity wave dissipation (vertical integral);vdis_sso;W m-2;500284;"GRIB2 GRIB1";
UV_Index_Maximum_W UV_Index clouded (W), daily maximum;uv_max;~;500285;"GRIB2 GRIB1";
wind shear;w_shaer;m s-1;500286;"GRIB2 GRIB1";
storm relative helicity;srh;J kg-1;500287;"GRIB2 GRIB1";
absolute vorticity advection;vabs;s-2;500288;"GRIB2 GRIB1";
Konv.-U-Grenze-nn Hoehe der Konvektionsuntergrenze ueber nn;ccl_nn;m;500291;"GRIB2 GRIB1";
weather interpretation (WMO);ww;~;500292;"GRIB2 GRIB1";
Isentrope potentielle Vorticity;ipv;K m2 kg-1 s-1;500298;"GRIB2 GRIB1";
Druck einer isentropen Flaeche;ptheta;Pa;500301;"GRIB2 GRIB1";
KO index;ko;K;500302;"GRIB2 GRIB1";
Aequivalentpotentielle Temperatur;thetae;K;500303;"GRIB2 GRIB1";
Ceiling;ceiling;m;500304;"GRIB2 GRIB1";
Icing Grade (1=LGT,2=MOD,3=SEV);ice_grd;~;500305;"GRIB2 GRIB1";
modified cloud depth for media;cldepth;~;500306;"GRIB2 GRIB1";
modified cloud cover for media;clct_mod;~;500307;"GRIB2 GRIB1";
Monthly Mean of RMS of difference FG-AN of pressure reduced to MSL;efa-ps;Pa;500308;"GRIB2 GRIB1";
Monthly Mean of RMS of difference IA-AN of pressure reduced to MSL;eia-ps;Pa;500309;"GRIB2 GRIB1";
Monthly Mean of RMS of difference FG-AN of u-component of wind;efa-u;m s-1;500310;"GRIB2 GRIB1";
Monthly Mean of RMS of difference IA-AN of u-component of wind;eia-u;m s-1;500311;"GRIB2 GRIB1";
Monthly Mean of RMS of difference FG-AN of v-component of wind;efa-v;m s-1;500312;"GRIB2 GRIB1";
Monthly Mean of RMS of difference IA-AN of v-component of wind;eia-v;m s-1;500313;"GRIB2 GRIB1";
Monthly Mean of RMS of difference FG-AN of geopotential;efa-fi;m2 s-2;500314;"GRIB2 GRIB1";
Monthly Mean of RMS of difference IA-AN of geopotential;eia-fi;m2 s-2;500315;"GRIB2 GRIB1";
Monthly Mean of RMS of difference FG-AN of relative humidity;efa-rh;%;500316;"GRIB2 GRIB1";
Monthly Mean of RMS of difference IA-AN of relative humidity;eia-rh;%;500317;"GRIB2 GRIB1";
Monthly Mean of RMS of difference FG-AN of temperature;efa-t;K;500318;"GRIB2 GRIB1";
Monthly Mean of RMS of difference IA-AN of temperature;eia-t;K;500319;"GRIB2 GRIB1";
Monthly Mean of RMS of difference FG-AN of vert.velocity (pressure);efa-om;Pa s-1;500320;"GRIB2 GRIB1";
Monthly Mean of RMS of difference IA-AN of vert.velocity (pressure);eia-om;Pa s-1;500321;"GRIB2 GRIB1";
Monthly Mean of RMS of difference FG-AN of kinetic energy;efa-ke;J kg-1;500322;"GRIB2 GRIB1";
Monthly Mean of RMS of difference IA-AN of kinetic energy;eia-ke;J kg-1;500323;"GRIB2 GRIB1";
Synth. Sat. brightness temperature cloudy;synme5_bt_cl;K;500324;"GRIB2 GRIB1";
Synth. Sat. brightness temperature clear sky;synme5_bt_cs;K;500325;"GRIB2 GRIB1";
Synth. Sat. radiance cloudy;synme5_rad_cl;W m sr m-2;500326;"GRIB2 GRIB1";
Synth. Sat. radiance cloudy;synme5_rad_cs;W m sr m-2;500327;"GRIB2 GRIB1";
Synth. Sat. brightness temperature cloudy;synme6_bt_cl;K;500328;"GRIB2 GRIB1";
Synth. Sat. brightness temperature clear sky;synme6_bt_cs;K;500329;"GRIB2 GRIB1";
Synth. Sat. radiance cloudy;synme6_rad_cl;W m sr m-2;500330;"GRIB2 GRIB1";
Synth. Sat. radiance cloudy;synme6_rad_cs;W m sr m-2;500331;"GRIB2 GRIB1";
Synth. Sat. brightness temperature clear sky;synme7_bt_cl_ir11.5;K;500332;"GRIB2 GRIB1";
Synth. Sat. brightness temperature cloudy;synme7_bt_cl_wv6.4;K;500333;"GRIB2 GRIB1";
Synth. Sat. brightness temperature clear sky;synme7_bt_cs_ir11.5;K;500334;"GRIB2 GRIB1";
Synth. Sat. brightness temperature cloudy;synme7_bt_cs_wv6.4;K;500335;"GRIB2 GRIB1";
Synth. Sat. radiance clear sky;synme7_rad_cl_ir11.5;W m sr m-2;500336;"GRIB2 GRIB1";
Synth. Sat. radiance cloudy;synme7_rad_cl_wv6.4;W m sr m-2;500337;"GRIB2 GRIB1";
Synth. Sat. radiance clear sky;synme7_rad_cs_ir11.5;W m sr m-2;500338;"GRIB2 GRIB1";
Synth. Sat. radiance cloudy;synme7_rad_cs_wv6.4;W m sr m-2;500339;"GRIB2 GRIB1";
Synth. Sat. brightness temperature cloudy;synmsg_bt_cl_ir10.8;K;500340;"GRIB2 GRIB1";
Synth. Sat. brightness temperature cloudy;synmsg_bt_cl_ir12.1;K;500341;"GRIB2 GRIB1";
Synth. Sat. brightness temperature cloudy;synmsg_bt_cl_ir13.4;K;500342;"GRIB2 GRIB1";
Synth. Sat. brightness temperature cloudy;synmsg_bt_cl_ir3.9;K;500343;"GRIB2 GRIB1";
Synth. Sat. brightness temperature cloudy;synmsg_bt_cl_ir8.7;K;500344;"GRIB2 GRIB1";
Synth. Sat. brightness temperature cloudy;synmsg_bt_cl_ir9.7;K;500345;"GRIB2 GRIB1";
Synth. Sat. brightness temperature cloudy;synmsg_bt_cl_wv6.2;K;500346;"GRIB2 GRIB1";
Synth. Sat. brightness temperature cloudy;synmsg_bt_cl_wv7.3;K;500347;"GRIB2 GRIB1";
Synth. Sat. brightness temperature clear sky;synmsg_bt_cs_ir8.7;K;500348;"GRIB2 GRIB1";
Synth. Sat. brightness temperature clear sky;synmsg_bt_cs_ir10.8;K;500349;"GRIB2 GRIB1";
Synth. Sat. brightness temperature clear sky;synmsg_bt_cs_ir12.1;K;500350;"GRIB2 GRIB1";
Synth. Sat. brightness temperature clear sky;synmsg_bt_cs_ir13.4;K;500351;"GRIB2 GRIB1";
Synth. Sat. brightness temperature clear sky;synmsg_bt_cs_ir3.9;K;500352;"GRIB2 GRIB1";
Synth. Sat. brightness temperature clear sky;synmsg_bt_cs_ir9.7;K;500353;"GRIB2 GRIB1";
Synth. Sat. brightness temperature clear sky;synmsg_bt_cs_wv6.2;K;500354;"GRIB2 GRIB1";
Synth. Sat. brightness temperature clear sky;synmsg_bt_cs_wv7.3;K;500355;"GRIB2 GRIB1";
Synth. Sat. radiance cloudy;synmsg_rad_cl_ir10.8;W m sr m-2;500356;"GRIB2 GRIB1";
Synth. Sat. radiance cloudy;synmsg_rad_cl_ir12.1;W m sr m-2;500357;"GRIB2 GRIB1";
Synth. Sat. radiance cloudy;synmsg_rad_cl_ir13.4;W m sr m-2;500358;"GRIB2 GRIB1";
Synth. Sat. radiance cloudy;synmsg_rad_cl_ir3.9;W m sr m-2;500359;"GRIB2 GRIB1";
Synth. Sat. radiance cloudy;synmsg_rad_cl_ir8.7;W m sr m-2;500360;"GRIB2 GRIB1";
Synth. Sat. radiance cloudy;synmsg_rad_cl_ir9.7;W m sr m-2;500361;"GRIB2 GRIB1";
Synth. Sat. radiance cloudy;synmsg_rad_cl_wv6.2;W m sr m-2;500362;"GRIB2 GRIB1";
Synth. Sat. radiance cloudy;synmsg_rad_cl_wv7.3;W m sr m-2;500363;"GRIB2 GRIB1";
Synth. Sat. radiance clear sky;synmsg_rad_cs_ir10.8;W m sr m-2;500364;"GRIB2 GRIB1";
Synth. Sat. radiance clear sky;synmsg_rad_cs_ir12.1;W m sr m-2;500365;"GRIB2 GRIB1";
Synth. Sat. radiance clear sky;synmsg_rad_cs_ir13.4;W m sr m-2;500366;"GRIB2 GRIB1";
Synth. Sat. radiance clear sky;synmsg_rad_cs_ir3.9;W m sr m-2;500367;"GRIB2 GRIB1";
Synth. Sat. radiance clear sky;synmsg_rad_cs_ir8.7;W m sr m-2;500368;"GRIB2 GRIB1";
Synth. Sat. radiance clear sky;synmsg_rad_cs_ir9.7;W m sr m-2;500369;"GRIB2 GRIB1";
Synth. Sat. radiance clear sky;synmsg_rad_cs_wv6.2;W m sr m-2;500370;"GRIB2 GRIB1";
Synth. Sat. radiance clear sky;synmsg_rad_cs_wv7.3;W m sr m-2;500371;"GRIB2 GRIB1";
smoothed forecast, temperature;t_2m_s;K;500372;"GRIB2 GRIB1";
smoothed forecast, maximum temp.;tmax_2m_s;K;500373;"GRIB2 GRIB1";
smoothed forecast, minimum temp.;tmin_2m_s;K;500374;"GRIB2 GRIB1";
smoothed forecast, dew point temp.;td_2m_s;K;500375;"GRIB2 GRIB1";
smoothed forecast, u comp. of wind;u_10m_s;m s-1;500376;"GRIB2 GRIB1";
smoothed forecast, v comp. of wind;v_10m_s;m s-1;500377;"GRIB2 GRIB1";
smoothed forecast, total precipitation rate;tot_prec_s;kg m-2 s-1;500378;"GRIB2 GRIB1";
smoothed forecast, total cloud cover;clct_s;%;500379;"GRIB2 GRIB1";
smoothed forecast, cloud cover low;clcl_s;%;500380;"GRIB2 GRIB1";
smoothed forecast, cloud cover medium;clcm_s;%;500381;"GRIB2 GRIB1";
smoothed forecast, cloud cover high;clch_s;%;500382;"GRIB2 GRIB1";
smoothed forecast, large-scale snowfall rate w.e.;snow_gsp_s;kg m-2 s-1;500383;"GRIB2 GRIB1";
smoothed forecast, soil temperature;t_s_s;K;500384;"GRIB2 GRIB1";
smoothed forecast, wind speed (gust);vmax_10m_s;m s-1;500385;"GRIB2 GRIB1";
calibrated forecast, total precipitation rate;tot_prec_c;kg m-2 s-1;500386;"GRIB2 GRIB1";
calibrated forecast, large-scale snowfall rate w.e.;snow_gsp_c;kg m-2 s-1;500387;"GRIB2 GRIB1";
calibrated forecast, wind speed (gust);vmax_10m_c;m s-1;500388;"GRIB2 GRIB1";
Obser. Sat. Meteosat sec. generation Albedo (scaled);obsmsg_alb_hrv;Numeric;500389;GRIB2;
Obser. Sat. Meteosat sec. generation Albedo (scaled);obsmsg_alb_nir1.6;Numeric;500390;GRIB2;
Obser. Sat. Meteosat sec. generation Albedo (scaled);obsmsg_alb_vis0.6;Numeric;500391;GRIB2;
Obser. Sat. Meteosat sec. generation Albedo (scaled);obsmsg_alb_vis0.8;Numeric;500392;GRIB2;
Obser. Sat. Meteosat sec. generation brightness temperature;obsmsg_bt_ir10.8;Numeric;500393;GRIB2;
Obser. Sat. Meteosat sec. generation brightness temperature;obsmsg_bt_ir12.0;Numeric;500394;GRIB2;
Obser. Sat. Meteosat sec. generation brightness temperature;obsmsg_bt_ir13.4;Numeric;500395;GRIB2;
Obser. Sat. Meteosat sec. generation brightness temperature;obsmsg_bt_ir3.9;Numeric;500396;GRIB2;
Obser. Sat. Meteosat sec. generation brightness temperature;obsmsg_bt_ir8.7;Numeric;500397;GRIB2;
Obser. Sat. Meteosat sec. generation brightness temperature;obsmsg_bt_ir9.7;Numeric;500398;GRIB2;
Obser. Sat. Meteosat sec. generation brightness temperature;obsmsg_bt_wv6.2;Numeric;500399;GRIB2;
Obser. Sat. Meteosat sec. generation brightness temperature;obsmsg_bt_wv7.3;Numeric;500400;GRIB2;
Sunshine Duration;SUNSD;s;7001292;GRIB2;
Icing severity;ICSEV;Numeric;7001293;GRIB2;
Simulated Brightness Temperature for AMSRE on Aqua, Channel 10;AMSRE10;K;7001294;GRIB2;
Simulated Brightness Temperature for AMSRE on Aqua, Channel 11;AMSRE11;K;7001295;GRIB2;
Simulated Brightness Temperature for AMSRE on Aqua, Channel 12;AMSRE12;K;7001296;GRIB2;
Simulated Brightness Temperature for AMSRE on Aqua, Channel 9;AMSRE9;K;7001297;GRIB2;
Simulated Brightness Counts for GOES 12, Channel 3;SBC123;Byte;7001298;GRIB2;
Simulated Brightness Counts for GOES 12, Channel 4;SBC124;Byte;7001299;GRIB2;
Simulated Brightness Temperature for GOES 11, Channel 2;SBT112;K;7001300;GRIB2;
Simulated Brightness Temperature for GOES 11, Channel 3;SBT113;K;7001301;GRIB2;
Simulated Brightness Temperature for GOES 11, Channel 4;SBT114;K;7001302;GRIB2;
Simulated Brightness Temperature for GOES 11, Channel 5;SBT115;K;7001303;GRIB2;
Simulated Brightness Temperature for GOES 12, Channel 2;SBT122;K;7001304;GRIB2;
Simulated Brightness Temperature for GOES 12, Channel 3;SBT123;K;7001305;GRIB2;
Simulated Brightness Temperature for GOES 12, Channel 4;SBT124;K;7001306;GRIB2;
Simulated Brightness Temperature for GOES 12, Channel 6;SBT126;K;7001307;GRIB2;
Simulated Brightness Temperature for ABI GOES-16, Band-10;SBTA1610;K;7001308;GRIB2;
Simulated Brightness Temperature for ABI GOES-16, Band-11;SBTA1611;K;7001309;GRIB2;
Simulated Brightness Temperature for ABI GOES-16, Band-12;SBTA1612;K;7001310;GRIB2;
Simulated Brightness Temperature for ABI GOES-16, Band-13;SBTA1613;K;7001311;GRIB2;
Simulated Brightness Temperature for ABI GOES-16, Band-14;SBTA1614;K;7001312;GRIB2;
Simulated Brightness Temperature for ABI GOES-16, Band-15;SBTA1615;K;7001313;GRIB2;
Simulated Brightness Temperature for ABI GOES-16, Band-16;SBTA1616;K;7001314;GRIB2;
Simulated Brightness Temperature for ABI GOES-16, Band-7;SBTA167;K;7001315;GRIB2;
Simulated Brightness Temperature for ABI GOES-16, Band-8;SBTA168;K;7001316;GRIB2;
Simulated Brightness Temperature for ABI GOES-16, Band-9;SBTA169;K;7001317;GRIB2;
Simulated Brightness Temperature for ABI GOES-17, Band-10;SBTA1710;K;7001318;GRIB2;
Simulated Brightness Temperature for ABI GOES-17, Band-11;SBTA1711;K;7001319;GRIB2;
Simulated Brightness Temperature for ABI GOES-17, Band-12;SBTA1712;K;7001320;GRIB2;
Simulated Brightness Temperature for ABI GOES-17, Band-13;SBTA1713;K;7001321;GRIB2;
Simulated Brightness Temperature for ABI GOES-17, Band-14;SBTA1714;K;7001322;GRIB2;
Simulated Brightness Temperature for ABI GOES-17, Band-15;SBTA1715;K;7001323;GRIB2;
Simulated Brightness Temperature for ABI GOES-17, Band-16;SBTA1716;K;7001324;GRIB2;
Simulated Brightness Temperature for ABI GOES-17, Band-7;SBTA177;K;7001325;GRIB2;
Simulated Brightness Temperature for ABI GOES-17, Band-8;SBTA178;K;7001326;GRIB2;
Simulated Brightness Temperature for ABI GOES-17, Band-9;SBTA179;K;7001327;GRIB2;
Simulated Reflectance Factor for ABI GOES-16, Band-1;SRFA161;~;7001328;GRIB2;
Simulated Reflectance Factor for ABI GOES-16, Band-2;SRFA162;~;7001329;GRIB2;
Simulated Reflectance Factor for ABI GOES-16, Band-3;SRFA163;~;7001330;GRIB2;
Simulated Reflectance Factor for ABI GOES-16, Band-4;SRFA164;~;7001331;GRIB2;
Simulated Reflectance Factor for ABI GOES-16, Band-5;SRFA165;~;7001332;GRIB2;
Simulated Reflectance Factor for ABI GOES-16, Band-6;SRFA166;~;7001333;GRIB2;
Simulated Reflectance Factor for ABI GOES-17, Band-1;SRFA171;~;7001334;GRIB2;
Simulated Reflectance Factor for ABI GOES-17, Band-2;SRFA172;~;7001335;GRIB2;
Simulated Reflectance Factor for ABI GOES-17, Band-3;SRFA173;~;7001336;GRIB2;
Simulated Reflectance Factor for ABI GOES-17, Band-4;SRFA174;~;7001337;GRIB2;
Simulated Reflectance Factor for ABI GOES-17, Band-5;SRFA175;~;7001338;GRIB2;
Simulated Reflectance Factor for ABI GOES-17, Band-6;SRFA176;~;7001339;GRIB2;
Ventilation Rate;VRATE;m2 s-1;7001353;GRIB2;
Total convective Precipitation;PREC_CONVEC;kg m-2;85001156;"GRIB2 GRIB1";
Total large scale precipitation;PREC_GDE_ECH;kg m-2;85001157;"GRIB2 GRIB1";
Convective Available Potential Energy instantaneous;CAPE_INS;m2 s-2;85001160;"GRIB2 GRIB1";