site_id,site_name,latitude,longitude,altitude,country,municipality,area_classification,station_type,timezone,established_date,closed_date,network,network_code
AD0942A,Escaldes-Engordany,42.50969,1.53914,1080.0,Andorra,Escaldes-Engordany,urban-centre,background,UTC+01,01/01/2005 00:00:00,,Xarxa de vigilancia de qualitat de l'aire del Departament de Medi Ambient - Govern Andorra,NET-AD001A
AD0944A,Engolasters,42.51694,1.56525,1637.0,Andorra,Engolasters,rural,background,UTC+01,11/02/2006 00:00:00,,Xarxa de vigilancia de qualitat de l'aire del Departament de Medi Ambient - Govern Andorra,NET-AD001A
AD0945A,SudRadio-Envalira,42.53488,1.71699,2515.0,Andorra,SudRadio-Envalira,rural,background,UTC+01,18/08/2009 00:00:00,,Xarxa de vigilancia de qualitat de l'aire del Departament de Medi Ambient - Govern Andorra,NET-AD001A
AL0201A,Tirana Center,41.33027,19.82177,162.0,Albania,Tirana,urban-centre,traffic,UTC+01,06/01/2010 00:00:00,,Institute for Public Health,NET-AL002A
AL0202A,Tirana IPH,41.3456,19.85167,207.0,Albania,Tirana,urban-periphery,background,UTC+01,06/01/2010 00:00:00,,Institute for Public Health,NET-AL002A
AL0203A,Korca,40.62593,20.78018,848.0,Albania,Korca,urban-periphery,background,UTC+01,10/11/2011 00:00:00,,National Environment Agency,NET-AL001A
AL0205A,Durres,41.3199,19.4492,1.0,Albania,Durres,urban-centre,traffic,UTC+01,10/11/2011 00:00:00,,National Environment Agency,NET-AL001A
AL0206A,Shkoder,42.3139,19.52342,13.0,Albania,Shkoder,urban-centre,background,UTC+01,10/11/2011 00:00:00,,National Environment Agency,NET-AL001A
AL0207A,Elbasan,41.11098,20.0817,150.0,Albania,Elbasan,urban-centre,traffic,UTC+01,01/04/2014 00:00:00,,National Environment Agency,NET-AL001A
AL0208A,Fier,40.7258,19.5552,64.0,Albania,Fier,urban-centre,traffic,UTC+01,01/01/2021 00:00:00,,National Environment Agency,NET-AL001A
AT0ENK1,Enzenkirchen im Sauwald,48.39164,13.67086,525.0,Austria,4761 Enzenkirchen,rural-regional,background,UTC+01,03/06/1998 00:00:00,,Umweltbundesamt,NET.10
AT0ILL1,Illmitz am Neusiedler See,47.77028,16.76639,117.0,Austria,7142 Illmitz,rural-regional,background,UTC+01,10/05/1994 00:00:00,,Umweltbundesamt,NET.10
AT0KLH1,Klöch bei Bad Radkersburg,46.7672,15.9563,417.0,Austria,8493 Klöch,rural-regional,background,UTC+01,06/07/2006 00:00:00,,Umweltbundesamt,NET.10
AT0PIL1,Pillersdorf bei Retz,48.7212,15.936,315.0,Austria,"2073 Pillersdorf, Gemeinde Zellerndorf",rural-regional,background,UTC+01,27/02/1992 00:00:00,,Umweltbundesamt,NET.10
AT0SON1,Sonnblick,47.05417,12.9583,3106.0,Austria,5661 Rauris,rural-remote,background,UTC+01,04/03/1989 00:00:00,,Umweltbundesamt,NET.10
AT0VOR1,Vorhegg bei Kötschach-Mauthen,46.67765,12.9746,1036.0,Austria,9640 Kötschach-Mauthen,rural-remote,background,UTC+01,14/12/1990 00:00:00,,Umweltbundesamt,NET.10
AT0ZOE2,Zöbelboden im Reichraminger Hintergebirge - Wildwiese,47.83828,14.44091,892.0,Austria,4462 Reichraming,rural-remote,background,UTC+01,09/09/1997 00:00:00,,Umweltbundesamt,NET.10
AT10001,Eisenstadt Laschoberstraße,47.84011,16.52617,165.0,Austria,7000 Eisenstadt,urban-periphery,background,UTC+01,01/01/1995 00:00:00,,Amt der Burgenländischen Landesregierung,NET.01
AT10003,Kittsee,48.10915,17.07032,136.0,Austria,2421 Kittsee,unknown,background,UTC+01,01/08/1988 00:00:00,,Amt der Burgenländischen Landesregierung,NET.01
AT10007,Rohr im Burgenland,47.11789,16.16278,250.0,Austria,7554 Rohr im Burgenland,rural,background,UTC+01,15/05/2024 00:00:00,,Amt der Burgenländischen Landesregierung,NET.01
AT12002,Oberwart B63a,47.27836,16.22068,308.0,Austria,7400 Oberwart,urban-periphery,traffic,UTC+01,15/06/2023 00:00:00,,Amt der Burgenländischen Landesregierung,NET.01
AT2F202,Klein St. Paul - Pemberg,46.84283,14.52998,810.0,Austria,9373 Klein St. Paul,rural,industrial,UTC+01,14/12/1995 00:00:00,,Amt der Kärntner Landesregierung,NET.02
AT2KA41,Klagenfurt Kreuzbergl,46.62936,14.28931,550.0,Austria,9020 Klagenfurt,urban-periphery,background,UTC+01,03/06/1991 00:00:00,,Amt der Kärntner Landesregierung,NET.02
AT2KA61,Klagenfurt A2 Nordumfahrung ,46.6525,14.26611,455.0,Austria,9020 Klagenfurt,urban-periphery,traffic,UTC+01,26/04/2008 00:00:00,,Amt der Kärntner Landesregierung,NET.02
AT2KA71,Klagenfurt Sterneckstraße,46.62662,14.29914,445.0,Austria,9020 Klagenfurt,urban-centre,background,UTC+01,18/09/1990 00:00:00,,Amt der Kärntner Landesregierung,NET.02
AT2M121,Arnoldstein Gailitz Waldsiedlungsstraße,46.5584,13.70345,574.0,Austria,9601 Arnoldstein,urban-periphery,industrial,UTC+01,02/02/1999 00:00:00,,Amt der Kärntner Landesregierung,NET.02
AT2M226,Ebenthal Zell,46.61011,14.39826,420.0,Austria,9170 Zell bei Ebenthal,urban-periphery,background,UTC+01,01/01/2007 00:00:00,,Amt der Kärntner Landesregierung,NET.02
AT2M805,Kraiger Berg bei St. Veit an der Glan,46.82518,14.33014,1070.0,Austria,9311 Frauenstein in Kärnten,rural,background,UTC+01,12/05/2021 00:00:00,,Amt der Kärntner Landesregierung,NET.02
AT2VL52,Gerlitzen Steinturm,46.6954,13.91449,1897.0,Austria,9543 Arriach,rural-remote,background,UTC+01,02/06/1991 00:00:00,,Amt der Kärntner Landesregierung,NET.02
AT2WO15,Wolfsberg Hauptschule,46.83498,14.84346,460.0,Austria,9400 Wolfsberg,urban-periphery,industrial,UTC+01,31/10/1990 00:00:00,,Amt der Kärntner Landesregierung,NET.02
AT2WO35,St. Georgen im Lavanttal - Herzogberg,46.70833,14.89167,540.0,Austria,9423 St. Georgen im Lavanttal,rural,background,UTC+01,10/09/1990 00:00:00,,Amt der Kärntner Landesregierung,NET.02
AT30065,"Purkersdorf, Tullnerbachstraße",48.1955,16.1434,260.0,Austria,3002 Purkersdorf,urban-periphery,background,UTC+01,01/06/2003 00:00:00,,Amt der Niederösterreichischen Landesregierung,NET.03
AT30103,Kollmitzberg,48.17928,14.86505,465.0,Austria,3323 Neustadtl,rural,background,UTC+01,23/10/1987 00:00:00,,Amt der Niederösterreichischen Landesregierung,NET.03
AT30201,"Bad Vöslau, Gainfarn",47.9592,16.20573,265.0,Austria,2540 Bad Vöslau,urban-periphery,background,UTC+01,17/09/1992 00:00:00,,Amt der Niederösterreichischen Landesregierung,NET.03
AT30202,Forsthof am Schöpfl,48.1051,15.9189,581.0,Austria,2533 Klausen-Leopoldsdorf,rural-regional,background,UTC+01,20/01/1988 00:00:00,,Amt der Niederösterreichischen Landesregierung,NET.03
AT30301,Hainburg Krankenhaus,48.1442,16.95787,180.0,Austria,2410 Hainburg an der Donau,urban-periphery,background,UTC+01,18/12/1986 00:00:00,,Amt der Niederösterreichischen Landesregierung,NET.03
AT30302,Stixneusiedl,48.05004,16.67529,235.0,Austria,2463 Trauttmannsdorf an der Leitha,rural,background,UTC+01,10/04/1989 00:00:00,,Amt der Niederösterreichischen Landesregierung,NET.03
AT30401,Gänserndorf Baumschulweg,48.33472,16.72945,161.0,Austria,2230 Gänserndorf,rural,background,UTC+01,18/01/1988 00:00:00,,Amt der Niederösterreichischen Landesregierung,NET.03
AT30403,Wolkersdorf,48.3929,16.522,260.0,Austria,2120 Wolkersdorf,rural,background,UTC+01,01/03/1989 00:00:00,,Amt der Niederösterreichischen Landesregierung,NET.03
AT30502,Heidenreichstein Thaures,48.87861,15.04667,570.0,Austria,3860 Heidenreichstein,rural-regional,background,UTC+01,10/03/1989 00:00:00,,Amt der Niederösterreichischen Landesregierung,NET.03
AT30599,Klosterneuburg B14,48.30833,16.32803,170.0,Austria,3400 Klosterneuburg,urban-periphery,traffic,UTC+01,01/01/2006 00:00:00,,Amt der Niederösterreichischen Landesregierung,NET.03
AT30601,Klosterneuburg Meynertgasse,48.30246,16.31395,260.0,Austria,3400 Klosterneuburg,urban-periphery,background,UTC+01,04/07/2016 00:00:00,,Amt der Niederösterreichischen Landesregierung,NET.03
AT30701,Ziersdorf,48.52832,15.94185,230.0,Austria,3710 Ziersdorf,rural,background,UTC+01,11/06/2004 00:00:00,,Amt der Niederösterreichischen Landesregierung,NET.03
AT30902,"Stockerau, Rudolf Diesel-Straße",48.385,16.18211,175.0,Austria,2000 Stockerau,urban-periphery,traffic,UTC+01,17/10/2005 00:00:00,,Amt der Niederösterreichischen Landesregierung,NET.03
AT31102,"Annaberg, Joachimsberg",47.86144,15.32085,880.0,Austria,3222 Annaberg,rural-regional,background,UTC+01,28/02/1991 00:00:00,,Amt der Niederösterreichischen Landesregierung,NET.03
AT31204,Pöchlarn,48.21275,15.205,216.0,Austria,3380 Pöchlarn,rural,background,UTC+01,11/05/1999 00:00:00,,Amt der Niederösterreichischen Landesregierung,NET.03
AT31401,Mödling Bachgasse,48.08556,16.30097,215.0,Austria,2340 Mödling,urban-periphery,background,UTC+01,01/01/1986 00:00:00,,Amt der Niederösterreichischen Landesregierung,NET.03
AT31406,Biedermannsdorf Mühlengasse,48.08333,16.33722,188.0,Austria,2362 Biedermannsdorf,urban-periphery,traffic,UTC+01,14/02/2007 00:00:00,,Amt der Niederösterreichischen Landesregierung,NET.03
AT31413,Wiener Neudorf Hauptstraße,48.0843,16.329,210.0,Austria,2351 Wiener Neudorf ,urban-periphery,background,UTC+01,04/06/2008 00:00:00,,Amt der Niederösterreichischen Landesregierung,NET.03
AT31701,Dunkelsteinerwald - Unterbergern,48.37035,15.54552,320.0,Austria,3512 Bergern im Dunkelsteinerwald,rural,background,UTC+01,22/11/1989 00:00:00,,Amt der Niederösterreichischen Landesregierung,NET.03
AT31901,Tulln Leopoldgasse,48.32945,16.0625,178.0,Austria,3430 Tulln,urban-periphery,background,UTC+01,01/01/1983 00:00:00,,Amt der Niederösterreichischen Landesregierung,NET.03
AT31903,Trasdorf im Tullnerfeld,48.33097,15.8578,185.0,Austria,3453 Atzenbrugg,rural,background,UTC+01,01/01/1983 00:00:00,,Amt der Niederösterreichischen Landesregierung,NET.03
AT32101,Wiesmath,47.6075,16.29314,738.0,Austria,2811 Wiesmath,rural-regional,background,UTC+01,17/09/1992 00:00:00,,Amt der Niederösterreichischen Landesregierung,NET.03
AT32301,St. Pölten Eybnerstraße,48.2116,15.6325,270.0,Austria,3100 St. Pölten,urban-periphery,background,UTC+01,22/10/1992 00:00:00,,Amt der Niederösterreichischen Landesregierung,NET.03
AT32302,St. Pölten Europaplatz,48.20137,15.61999,271.0,Austria,3100 St. Pölten,urban-centre,traffic,UTC+01,01/07/2010 00:00:00,,Amt der Niederösterreichischen Landesregierung,NET.03
AT32401,Wiener Neustadt,47.81417,16.255,265.0,Austria,2700 Wiener Neustadt,urban-periphery,background,UTC+01,01/11/1984 00:00:00,,Amt der Niederösterreichischen Landesregierung,NET.03
AT32701,"Schwechat Sportplatz, Mühlgasse",48.14558,16.4759,155.0,Austria,2320 Schwechat,urban-periphery,background,UTC+01,07/10/1985 00:00:00,,Amt der Niederösterreichischen Landesregierung,NET.03
AT4BERN,Linz Bernaschekplatz,48.31083,14.28111,260.0,Austria,4020 Linz,urban-centre,traffic,UTC+01,08/02/2000 00:00:00,,Amt der Oberösterreichischen Landesregierung,NET.04
AT4LHBF,Linz HBf. Bahnhofsplatz - Bahnhofspinne,48.29108,14.28951,270.0,Austria,4020 Linz,urban-centre,traffic,UTC+01,01/01/2014 00:00:00,,Amt der Oberösterreichischen Landesregierung,NET.04
AT4S108,Grünbach bei Freistadt,48.53111,14.57472,918.0,Austria,4264 Grünbach,rural,background,UTC+01,01/01/1986 00:00:00,,Amt der Oberösterreichischen Landesregierung,NET.04
AT4S156,"Braunau Zentrum, Kolpingplatz",48.25747,13.03923,350.0,Austria,5280 Braunau am Inn,urban-periphery,background,UTC+01,01/07/1978 00:00:00,,Amt der Oberösterreichischen Landesregierung,NET.04
AT4S173,"Steyregg Au, Freizeitpark",48.27975,14.3665,250.0,Austria,4221 Steyregg,urban-periphery,industrial,UTC+01,01/05/1998 00:00:00,,Amt der Oberösterreichischen Landesregierung,NET.04
AT4S184,"Linz Stadtpark, Noßbergerstraße",48.30612,14.2975,260.0,Austria,4020 Linz,urban-centre,background,UTC+01,29/10/2008 00:00:00,,Amt der Oberösterreichischen Landesregierung,NET.04
AT4S217,Enns Kristein - A1 Westautobahn,48.20944,14.43694,255.0,Austria,4470 Enns,unknown,traffic,UTC+01,16/01/2012 00:00:00,,Amt der Oberösterreichischen Landesregierung,NET.04
AT4S235,Feuerkogel (Höllengebirge),47.81586,13.72074,1602.0,Austria,4802 Ebensee,rural-remote,background,UTC+01,19/05/2015 00:00:00,,Amt der Oberösterreichischen Landesregierung,NET.04
AT4S406,Wels Linzerstraße,48.1649,14.0366,316.0,Austria,4600 Wels,urban-periphery,background,UTC+01,01/08/1978 00:00:00,,Amt der Oberösterreichischen Landesregierung,NET.04
AT4S409,Steyr Münichholz,48.04925,14.44236,305.0,Austria,4400 Steyr,urban-periphery,background,UTC+01,01/05/1991 00:00:00,,Amt der Oberösterreichischen Landesregierung,NET.04
AT4S415,Linz 24er Turm A7,48.32333,14.29778,255.0,Austria,4020 Linz,urban-periphery,traffic,UTC+01,01/07/1979 00:00:00,,Amt der Oberösterreichischen Landesregierung,NET.04
AT4S416,Linz Neue Welt,48.27329,14.31479,265.0,Austria,4020 Linz,urban-periphery,background,UTC+01,01/09/1996 00:00:00,,Amt der Oberösterreichischen Landesregierung,NET.04
AT4S431,Linz Römerberg B139,48.30299,14.28217,262.0,Austria,4020 Linz,urban-centre,traffic,UTC+01,03/11/1997 00:00:00,,Amt der Oberösterreichischen Landesregierung,NET.04
AT4S432,Lenzing Hauptstraße,47.97386,13.60892,485.0,Austria,4860 Lenzing,urban-periphery,industrial,UTC+01,29/10/2019 00:00:00,,Amt der Oberösterreichischen Landesregierung,NET.04
AT51500,Salzburg Stadtautobahn A1,47.81486,13.00044,425.0,Austria,5071 Wals-Siezenheim,urban-periphery,traffic,UTC+01,14/10/2013 00:00:00,,Amt der Salzburger Landesregierung,NET.05
AT51600,Salzburg Airport Kendlerstraße,47.78549,13.01145,429.0,Austria,5020 Salzburg,urban-periphery,background,UTC+01,21/12/2018 00:00:00,,Amt der Salzburger Landesregierung,NET.05
AT52002,Hallein Landesberufsschule,47.68939,13.09306,450.0,Austria,5400 Hallein,urban-periphery,industrial,UTC+01,19/12/2024 00:00:00,,Amt der Salzburger Landesregierung,NET.05
AT52015,Hallein Gamp,47.673,13.114,440.0,Austria,5440 Hallein,urban-periphery,industrial,UTC+01,08/09/1994 00:00:00,,Amt der Salzburger Landesregierung,NET.05
AT52055,St. Koloman Kleinhorn,47.65028,13.23278,1005.0,Austria,5423 St. Koloman,rural,background,UTC+01,28/06/1990 00:00:00,,Amt der Salzburger Landesregierung,NET.05
AT52100,Hallein Winterstall,47.66675,13.10511,650.0,Austria,5400 Hallein,unknown,industrial,UTC+01,01/10/1985 00:00:00,,Amt der Salzburger Landesregierung,NET.05
AT52300,Hallein A10 Tauernautobahn,47.69135,13.10815,445.0,Austria,5400 Hallein,urban-periphery,traffic,UTC+01,01/01/2003 00:00:00,,Amt der Salzburger Landesregierung,NET.05
AT53055,Haunsberg,47.93667,13.01583,730.0,Austria,5151 Nussdorf am Haunsberg,rural,background,UTC+01,01/12/1985 00:00:00,,Amt der Salzburger Landesregierung,NET.05
AT54057,"St. Johann im Pongau, Bezirkshauptmannschaft",47.35139,13.20556,620.0,Austria,5600 St. Johann i. Pongau,urban-periphery,background,UTC+01,28/02/2008 00:00:00,,Amt der Salzburger Landesregierung,NET.05
AT55019,Zederhaus Lamm,47.13378,13.54318,1140.0,Austria,5584 Zederhaus,rural,traffic,UTC+01,24/02/2000 00:00:00,,Amt der Salzburger Landesregierung,NET.05
AT56072,Zell am See Freizeitzentrum/Eishalle,47.32664,12.79512,775.0,Austria,5700 Zell am See,urban-periphery,background,UTC+01,05/05/2010 00:00:00,,Amt der Salzburger Landesregierung,NET.05
AT60018,Graz Schloßberg,47.07583,15.4375,450.0,Austria,"8010 Graz, KG Innenstadt",urban-centre,background,UTC+01,11/10/1991 00:00:00,,Amt der Steiermärkischen Landesregierung,NET.06
AT60036,Graz Lustbühel,47.06701,15.49369,473.0,Austria,8020 Graz,urban-periphery,background,UTC+01,15/09/2010 00:00:00,,Amt der Steiermärkischen Landesregierung,NET.06
AT60106,Köflach,47.06333,15.08667,445.0,Austria,8580 Köflach,urban-periphery,background,UTC+01,25/04/1991 00:00:00,,Amt der Steiermärkischen Landesregierung,NET.06
AT60118,"Judenburg, Sportplatz",47.17808,14.67667,715.0,Austria,8750 Judenburg,urban-periphery,background,UTC+01,01/06/1989 00:00:00,,Amt der Steiermärkischen Landesregierung,NET.06
AT60130,Knittelfeld Freiheitsallee,47.21164,14.81972,635.0,Austria,8720 Knittelfeld,urban-periphery,background,UTC+01,06/05/2024 00:00:00,,Amt der Steiermärkischen Landesregierung,NET.06
AT60135,Straßengel Kirche,47.11306,15.33917,454.0,Austria,8111 Gratwein-Straßengel,urban-periphery,industrial,UTC+01,01/01/1988 00:00:00,,Amt der Steiermärkischen Landesregierung,NET.06
AT60136,Judendorf Süd,47.12028,15.35111,375.0,Austria,3111 Gratwein-Straßengel,urban-periphery,industrial,UTC+01,01/01/1988 00:00:00,,Amt der Steiermärkischen Landesregierung,NET.06
AT60138,Graz Nord Gösting,47.09436,15.41511,355.0,Austria,8051 Graz Gösting,urban-periphery,background,UTC+01,23/08/1994 00:00:00,,Amt der Steiermärkischen Landesregierung,NET.06
AT60142,Leoben Donawitz Kindergarten,47.37533,15.07405,555.0,Austria,8700 Leoben KG Donawitz,urban-periphery,industrial,UTC+01,01/11/1985 00:00:00,,Amt der Steiermärkischen Landesregierung,NET.06
AT60170,Graz Süd Tiergartenweg,47.04172,15.43308,345.0,Austria,8020 Graz,urban-periphery,background,UTC+01,16/12/2003 00:00:00,,Amt der Steiermärkischen Landesregierung,NET.06
AT60171,Graz Ost Petersgasse,47.05952,15.46665,366.0,Austria,"8010 Graz, KG Jakomini",urban-centre,traffic,UTC+01,29/12/2005 00:00:00,,Amt der Steiermärkischen Landesregierung,NET.06
AT60172,Graz Mitte Gries,47.06924,15.43195,366.0,Austria,8020 Graz,urban-centre,background,UTC+01,17/02/2010 00:00:00,,Amt der Steiermärkischen Landesregierung,NET.06
AT60173,Graz Triester Straße,47.05008,15.42861,345.0,Austria,8020 Graz,urban-periphery,traffic,UTC+01,15/01/2023 00:00:00,,Amt der Steiermärkischen Landesregierung,NET.06
AT60176,B116 Bruck an der Mur,47.42567,15.27053,504.0,Austria,8600 Bruck an der Mur,urban-periphery,traffic,UTC+01,25/03/2022 00:00:00,,Amt der Steiermärkischen Landesregierung,NET.06
AT60178,Weiz Bahnhofstraße,47.2157,15.62839,459.0,Austria,8160 Weiz,urban-periphery,background,UTC+01,28/10/1992 00:00:00,,Amt der Steiermärkischen Landesregierung,NET.06
AT60185,Klöch bei Bad Radkersburg,46.7672,15.9563,417.0,Austria,8493 Klöch,rural-regional,background,UTC+01,01/08/1995 00:00:00,,Amt der Steiermärkischen Landesregierung,NET.06
AT60190,Arnfels - Remschnigg,46.65195,15.36778,785.0,Austria,8455 Oberhaag,rural-regional,background,UTC+01,01/11/1992 00:00:00,,Amt der Steiermärkischen Landesregierung,NET.06
AT60191,Gratwein,47.1357,15.3232,382.0,Austria,8112 Gratwein-Straßengel,urban-periphery,industrial,UTC+01,01/03/1999 00:00:00,,Amt der Steiermärkischen Landesregierung,NET.06
AT60194,Mürzzuschlag Roseggerpark,47.60472,15.67306,679.0,Austria,8680 Mürzzuschlag,urban-periphery,background,UTC+01,01/01/2005 00:00:00,,Amt der Steiermärkischen Landesregierung,NET.06
AT60196,Grebenzen bei St. Lambrecht,47.04028,14.33073,1860.0,Austria,8813 St. Lambrecht ,rural-remote,background,UTC+01,24/07/2006 00:00:00,,Amt der Steiermärkischen Landesregierung,NET.06
AT60197,Leibnitz Lastenstraße,46.77833,15.54056,272.0,Austria,8430 Leibnitz,urban-periphery,background,UTC+01,08/11/2006 00:00:00,,Amt der Steiermärkischen Landesregierung,NET.06
AT60198,Fürstenfeld Ungartorweg,47.04735,16.07905,276.0,Austria,8280 Fürstenfeld,urban-periphery,background,UTC+01,01/11/2006 00:00:00,,Amt der Steiermärkischen Landesregierung,NET.06
AT60G03,"Graz St. Leonhard, Herz-Jesu-Kirche",47.06978,15.45513,360.0,Austria,8010 Graz,urban-centre,background,UTC+01,01/01/2015 00:00:00,,Amt der Steiermärkischen Landesregierung,NET.06
AT72110,Innsbruck Fallmerayerstraße,47.26262,11.39236,577.0,Austria,6020 Innsbruck,urban-centre,background,UTC+01,01/11/1988 00:00:00,,Amt der Tiroler Landesregierung,NET.07
AT72113,Innsbruck Sadrach,47.2699,11.37466,678.0,Austria,6020 Innsbruck,urban-periphery,background,UTC+01,21/12/2010 00:00:00,,Amt der Tiroler Landesregierung,NET.07
AT72115,Vill Zenzenhof A13,47.22558,11.39206,732.0,Austria,6020 Innsbruck,urban-periphery,traffic,UTC+01,23/07/2019 00:00:00,,Amt der Tiroler Landesregierung,NET.07
AT72227,Hall in Tirol Sportplatz,47.27807,11.5125,558.0,Austria,6060 Hall i.T.,urban-periphery,background,UTC+01,01/08/2006 00:00:00,,Amt der Tiroler Landesregierung,NET.07
AT72315,Imst Inntalautobahn A12,47.21695,10.73572,719.0,Austria,6460 Imst,urban-periphery,traffic,UTC+01,01/11/2007 00:00:00,,Amt der Tiroler Landesregierung,NET.07
AT72519,Brixlegg Innweg,47.42855,11.8718,519.0,Austria,6230 Brixlegg,rural,industrial,UTC+01,01/10/1979 00:00:00,,Amt der Tiroler Landesregierung,NET.07
AT72530,Wörgl Josef Stelzhamer-Straße,47.48856,12.06663,508.0,Austria,6300 Wörgl,urban-periphery,background,UTC+01,01/04/1986 00:00:00,,Amt der Tiroler Landesregierung,NET.07
AT72538,Kramsach Angerberg,47.45872,11.90995,602.0,Austria,6233 Kramsach,rural,background,UTC+01,01/09/1998 00:00:00,,Amt der Tiroler Landesregierung,NET.07
AT72547,Kufstein Festung,47.58053,12.16925,526.0,Austria,6330 Kufstein,urban-periphery,background,UTC+01,01/03/1994 00:00:00,,Amt der Tiroler Landesregierung,NET.07
AT72550,Kundl A12 Inntal-Autobahn,47.46892,11.95804,507.0,Austria,6250 Kundl,rural-regional,traffic,UTC+01,01/11/2006 00:00:00,,Amt der Tiroler Landesregierung,NET.07
AT72620,St. Anton am Arlberg - Galzig,47.13368,10.22481,2147.0,Austria,6580 St. Anton am Arlberg,rural-remote,background,UTC+01,09/11/2020 00:00:00,,Amt der Tiroler Landesregierung,NET.07
AT72705,Höfen Lärchbichl,47.46984,10.68228,877.0,Austria,6600 Reutte,rural-regional,background,UTC+01,01/06/1990 00:00:00,,Amt der Tiroler Landesregierung,NET.07
AT72710,Heiterwang Ort L355,47.4476,10.74412,985.0,Austria,6611 Heiterwang,rural,background,UTC+01,01/02/2003 00:00:00,,Amt der Tiroler Landesregierung,NET.07
AT72821,"Vomp A12 Inntalautobahn, Raststätte",47.34877,11.69203,557.0,Austria,6134 Vomp bei Schwaz,rural,traffic,UTC+01,15/05/1997 00:00:00,,Amt der Tiroler Landesregierung,NET.07
AT72912,Lienz Tiefbrunnen ,46.81911,12.76603,681.0,Austria,9900 Lienz,rural,background,UTC+01,01/10/2009 00:00:00,,Amt der Tiroler Landesregierung,NET.07
AT80706,Lustenau Wiesenrain,47.41016,9.65371,410.0,Austria,6890 Lustenau,urban-periphery,background,UTC+01,01/01/1991 00:00:00,,Umweltinstitut des Landes Vorarlberg,NET.08
AT80710,Lustenau Zollamt,47.43249,9.65048,410.0,Austria,6890 Lustenau,urban-periphery,traffic,UTC+01,22/05/2003 00:00:00,,Umweltinstitut des Landes Vorarlberg,NET.08
AT81919,Feldkirch Bärenkreuzung,47.23915,9.59745,460.0,Austria,6800 Feldkirch,urban-periphery,traffic,UTC+01,29/05/1998 00:00:00,,Umweltinstitut des Landes Vorarlberg,NET.08
AT82708,Bludenz Herrengasse,47.15648,9.82294,563.0,Austria,6700 Bludenz,urban-periphery,background,UTC+01,01/12/2003 00:00:00,,Umweltinstitut des Landes Vorarlberg,NET.08
AT82801,Wald am Arlberg S16,47.12886,10.03432,949.0,Austria,6752 Dalaas,rural,traffic,UTC+01,26/05/1994 00:00:00,,Umweltinstitut des Landes Vorarlberg,NET.08
AT900KE,Kaiser-Ebersdorf,48.15671,16.47605,158.0,Austria,1110 Wien,urban-periphery,industrial,UTC+01,01/03/1977 00:00:00,,Gemeinde Wien - MA22 Umweltschutz,NET.09
AT900ZA,Hohe Warte,48.24899,16.35708,210.0,Austria,1190 Wien,urban-periphery,background,UTC+01,01/09/1987 00:00:00,,Gemeinde Wien - MA22 Umweltschutz,NET.09
AT90TAB,Taborstraße,48.21674,16.38092,162.0,Austria,1020 Wien,urban-centre,traffic,UTC+01,27/09/1987 00:00:00,,Gemeinde Wien - MA22 Umweltschutz,NET.09
AT9LIES,Liesing - Carlberger-Gasse Gewerbegebiet,48.14125,16.30008,211.0,Austria,1230 Wien,urban-periphery,background,UTC+01,01/01/2015 00:00:00,,Gemeinde Wien - MA22 Umweltschutz,NET.09
AT9STAD,Stadlau,48.22636,16.45835,159.0,Austria,1220 Wien,urban-centre,background,UTC+01,01/05/1979 00:00:00,,Gemeinde Wien - MA22 Umweltschutz,NET.09
AT9STEF,Stephansplatz,48.20815,16.37325,172.0,Austria,"1010 Wien, Stephansplatz 1",urban-centre,background,UTC+01,01/01/2024 00:00:00,,Gemeinde Wien - MA22 Umweltschutz,NET.09
BA0001A,SARAJEVO-BJ,43.8675,18.42306,630.0,Bosnia and Herzegovina,Centar Sarajevo,urban-centre,background,UTC+01,01/09/2005 00:00:00,,Federal Hydrometeorological Institute Network,net-ba001a
BA0001G,IVAN SEDLO,43.77833,18.02028,970.0,Bosnia and Herzegovina,Hadzici,rural-regional,background,UTC+01,01/09/2005 00:00:00,,Federal Hydrometeorological Institute Network,net-ba001a
BA0002A,ZENICA - BRIST,44.20222,17.9005,341.0,Bosnia and Herzegovina,Zenica,urban-centre,industrial,UTC+01,01/01/2015 00:00:00,,Federal Hydrometeorological Institute Network,net-ba001a
BA0029A,SARAJEVO-BJ-AUTOMAT,43.8675,18.42306,630.0,Bosnia and Herzegovina,Centar Sarajevo,urban-centre,background,UTC+01,01/10/2001 00:00:00,,Federal Hydrometeorological Institute Network,net-ba001a
BA0031A,SKVER - MS1,44.54055,18.67334,220.0,Bosnia and Herzegovina,Tuzla,urban-centre,traffic,UTC+01,01/01/2004 00:00:00,,Federal Hydrometeorological Institute Network,net-ba001a
BA0032A,TUZLA1 - MS2,44.53472,18.66168,210.0,Bosnia and Herzegovina,Tuzla,urban-periphery,traffic,UTC+01,01/01/2004 00:00:00,,Kanton Tuzla Network,net-ba003a
BA0034A,BANJA LUKA-AUTOMATSKA STANICA,44.79694,17.19667,153.0,Bosnia and Herzegovina,Banja Luka,urban-centre,background,UTC+01,01/10/2001 00:00:00,,Republic of Srpska  Hydrometeorological Institute Network,net-ba001b
BA0037A,ZENICA - CENTAR,44.199,17.9127,318.0,Bosnia and Herzegovina,Zenica,urban-centre,background,UTC+01,01/01/2015 00:00:00,,Zenica Municipality Network,net-ba004a
BA0038A,ZENICA - TETOVO,44.2254,17.8911,336.0,Bosnia and Herzegovina,Zenica,urban-periphery,industrial,UTC+01,01/01/2015 00:00:00,,Zenica Municipality Network,net-ba004a
BA0039A,ZENICA - RADAKOVO,44.1952,17.932,332.0,Bosnia and Herzegovina,Zenica,urban-centre,background,UTC+01,01/01/2015 00:00:00,,Zenica Municipality Network,net-ba004a
BA0040A,JAJCE - HARMANI,44.343,17.2679,421.0,Bosnia and Herzegovina,Jajce,urban-centre,background,UTC+01,01/01/2015 00:00:00,,Federal Hydrometeorological Institute Network,net-ba001a
BA0041A,GORAZDE - RASADNIK,43.6616,18.9775,361.0,Bosnia and Herzegovina,Gorazde,urban-periphery,background,UTC+01,01/01/2015 00:00:00,,Federal Hydrometeorological Institute Network,net-ba001a
BA0042A,SARAJEVO - OTOKA,43.8484,18.3637,512.0,Bosnia and Herzegovina,Novi Grad Sarajevo,urban-centre,background,UTC+01,01/01/2015 00:00:00,,Kanton Sarajevo Network,net-ba002a
BA0043A,SARAJEVO - ILIDZA,43.8301,18.3111,498.0,Bosnia and Herzegovina,Ilidza Sarajevo,urban-centre,background,UTC+01,01/01/2015 00:00:00,,Kanton Sarajevo Network,net-ba002a
BA0044A,TUZLA - BUKINJE,44.5237,18.6002,215.0,Bosnia and Herzegovina,Tuzla,urban-periphery,industrial,UTC+01,01/01/2015 00:00:00,,Kanton Tuzla Network,net-ba003a
BA0045A,LUKAVAC - CENTAR,44.5332,18.5347,187.0,Bosnia and Herzegovina,Lukavac,urban-centre,industrial,UTC+01,01/01/2015 00:00:00,,Kanton Tuzla Network,net-ba003a
BA0046A,ZIVINICE - CENTAR,44.4541,18.6485,215.0,Bosnia and Herzegovina,Zivinice,urban-centre,industrial,UTC+01,01/01/2015 00:00:00,,Kanton Tuzla Network,net-ba003a
BA0047A,BROD-RAFINERIJA,45.07,17.59,88.0,Bosnia and Herzegovina,Brod,urban-centre,industrial,UTC+01,11/11/2013 00:00:00,,Republic of Srpska  Hydrometeorological Institute Network,net-ba001b
BA0048A,PRIJEDOR-AUTOMATSKA STANICA,44.97,16.71,133.0,Bosnia and Herzegovina,Prijedor,urban-centre,background,UTC+01,01/01/2016 00:00:00,,Republic of Srpska  Hydrometeorological Institute Network,net-ba001b
BA0049A,SARAJEVO - VIJECNICA,43.859,18.4348,553.0,Bosnia and Herzegovina,Stari grad Sarajevo,urban-centre,background,UTC+01,01/01/2017 00:00:00,,Kanton Sarajevo Network,net-ba002a
BA0050A,SARAJEVO - ILIJAS,43.96,18.2693,459.0,Bosnia and Herzegovina,Ilijas,urban-centre,background,UTC+01,01/12/2017 00:00:00,,Kanton Sarajevo Network,net-ba002a
BA0051A,ZENICA - VRANDUK,44.29,17.91,361.0,Bosnia and Herzegovina,Zenica,rural-regional,background,UTC+01,01/01/2019 00:00:00,,Zenica Municipality Network,net-ba004a
BA0052A,KAKANJ - DOBOJ,44.11,18.12,381.0,Bosnia and Herzegovina,Kakanj,urban-periphery,industrial,UTC+01,01/01/2019 00:00:00,,Kakanj Municipality Network,net-ba005a
BA0053A,GACKO,43.16458,18.53579,954.0,Bosnia and Herzegovina,Gacko,urban-periphery,background,UTC+01,09/11/2011 00:00:00,,Republic of Srpska  Hydrometeorological Institute Network,net-ba001b
BA0054A,MAGLAJ,44.54,18.1,176.0,Bosnia and Herzegovina,Maglaj,urban-centre,background,UTC+01,01/01/2019 00:00:00,,Zenica Municipality Network,net-ba004a
BA0055A,VISOKO,43.99,18.18,426.0,Bosnia and Herzegovina,Visoko,urban-centre,background,UTC+01,01/01/2019 00:00:00,,Zenica Municipality Network,net-ba004a
BA0056A,TESANJ,44.6196,17.9912,246.0,Bosnia and Herzegovina,Tesanj,urban-centre,background,UTC+01,01/01/2020 00:00:00,,Zenica Municipality Network,net-ba004a
BA0057A,LIVNO,43.8225,17.001,722.0,Bosnia and Herzegovina,Livno,urban-centre,background,UTC+01,01/06/2021 00:00:00,,Federal Hydrometeorological Institute Network,net-ba001a
BA0058A,BIHAC,44.8077,15.8664,244.0,Bosnia and Herzegovina,Bihac,urban-centre,background,UTC+01,01/06/2021 00:00:00,,Federal Hydrometeorological Institute Network,net-ba001a
BA0059A,UGLJEVIK-TE,44.684,18.9695,159.0,Bosnia and Herzegovina,Ugljevik,urban-periphery,industrial,UTC+01,01/01/2010 00:00:00,,Republic of Srpska  Hydrometeorological Institute Network,net-ba001b
BA0060A,SARAJEVO - HADZICI,43.823,18.201,557.0,Bosnia and Herzegovina,Hadzici Sarajevo,urban-centre,background,UTC+01,01/11/2021 00:00:00,,Kanton Sarajevo Network,net-ba002a
BA0061A,SARAJEVO - VOGOSCA,43.9,18.342,497.0,Bosnia and Herzegovina,Vogosca Sarajevo,urban-centre,background,UTC+01,01/08/2022 00:00:00,,Kanton Sarajevo Network,net-ba002a
BA0062A,TRAVNIK,44.225,17.667,507.0,Bosnia and Herzegovina,Travnik,urban-centre,background,UTC+01,01/05/2022 00:00:00,,Federal Hydrometeorological Institute Network,net-ba001a
BA0063A,TREBINJE,42.714,18.334,301.0,Bosnia and Herzegovina,Trebinje,urban-centre,background,UTC+01,01/06/2021 00:00:00,,Republic of Srpska  Hydrometeorological Institute Network,net-ba001b
BA0065A,BANJA LUKA - LAZAREVO,44.798,17.204,153.0,Bosnia and Herzegovina,Banja Luka,urban-centre,traffic,UTC+01,07/06/2021 00:00:00,,Republic of Srpska  Hydrometeorological Institute Network,net-ba001b
BA0066A,KAKANJ CENTAR,44.124,18.115,388.0,Bosnia and Herzegovina,Kakanj,urban-centre,traffic,UTC+01,12/12/2022 00:00:00,,Zenica Municipality Network,net-ba004a
BA0067A,MOSTAR,43.348,17.794,97.0,Bosnia and Herzegovina,Mostar,urban-centre,background,UTC+01,12/12/2022 00:00:00,,Federal Hydrometeorological Institute Network,net-ba001a
BA0068A,TUZLA TRNOVAC,44.542,18.689,299.0,Bosnia and Herzegovina,Tuzla,urban-periphery,background,UTC+01,01/10/2022 00:00:00,,Federal Hydrometeorological Institute Network,net-ba001a
BA0069A,VARES,44.157,18.325,821.0,Bosnia and Herzegovina,VARES,urban-centre,background,UTC+01,12/12/2022 00:00:00,,Zenica Municipality Network,net-ba004a
BA0070A,KAKANJ CENTAR,44.123,18.115,385.0,Bosnia and Herzegovina,KAKANJ,urban-centre,background,UTC+01,01/01/2023 00:00:00,,Zenica Municipality Network,net-ba004a
BEB0041,200041 - NIVELLES,50.59768,4.32355,0.0,Belgium,NIVELLES,urban-periphery,background,UTC,01/11/1969 00:00:00,,Wallonia,NET-Wallonia
BEB0201,200201 - LIEGE,50.66425,5.57716,0.0,Belgium,LIEGE,urban-periphery,background,UTC,01/01/1968 00:00:00,,Wallonia,NET-Wallonia
BEB0202,200202 - LIEGE,50.64512,5.55787,100.0,Belgium,Liège,urban-centre,background,UTC,01/01/1968 00:00:00,,Wallonia,NET-Wallonia
BEB0206,200206 - LIEGE,50.61391,5.57616,65.0,Belgium,Liège,urban-periphery,background,UTC,01/01/1968 00:00:00,,Wallonia,NET-Wallonia
BEB0208,200208 - LIEGE,50.61287,5.56313,0.0,Belgium,LIEGE,urban-periphery,background,UTC,01/01/1968 00:00:00,,Wallonia,NET-Wallonia
BEB0213,200213 - EMBOURG,50.59197,5.61062,0.0,Belgium,EMBOURG,urban-periphery,background,UTC,01/01/1968 00:00:00,,Wallonia,NET-Wallonia
BEB0214,200214 - HERSTAL,50.66529,5.63194,70.0,Belgium,Herstal,urban-centre,background,UTC,01/02/1968 00:00:00,,Wallonia,NET-Wallonia
BEB0216,200216 - MONTEGNEE,50.64145,5.5196,0.0,Belgium,MONTEGNEE,urban-periphery,background,UTC,01/02/1968 00:00:00,,Wallonia,NET-Wallonia
BEB0218,200218 - SERAING,50.5964,5.51144,125.0,Belgium,Seraing,urban-centre,background,UTC,01/01/1968 00:00:00,,Wallonia,NET-Wallonia
BEB0220,200220 - JUPILLE,50.64233,5.63486,0.0,Belgium,JUPILLE,urban-periphery,background,UTC,01/06/1969 00:00:00,,Wallonia,NET-Wallonia
BEB0225,200225 - STOCKAY.SG,50.58092,5.35545,200.0,Belgium,Saint-Georges-sur-Meuse,urban-periphery,background,UTC,01/09/1969 00:00:00,,Wallonia,NET-Wallonia
BEB0226,200226 - ENGIS,50.58518,5.41301,80.0,Belgium,Engis,urban-periphery,background,UTC,01/06/1969 00:00:00,,Wallonia,NET-Wallonia
BEB0227,200227 - AWIRS,50.5989,5.40767,90.0,Belgium,Flémalle,urban-periphery,background,UTC,01/06/1969 00:00:00,,Wallonia,NET-Wallonia
BEB0231,200231 - CHAUDFONTAINE,50.58703,5.65174,0.0,Belgium,CHAUDFONTAINE,urban-periphery,background,UTC,01/06/1969 00:00:00,,Wallonia,NET-Wallonia
BEB0236,200236 - SPA-SAUVENIERE,50.47824,5.91018,0.0,Belgium,SPA-SAUVENIERE,urban-periphery,background,UTC,01/06/1970 00:00:00,,Wallonia,NET-Wallonia
BEB0305,200305 - HALANZY,49.55981,5.74331,0.0,Belgium,HALANZY,urban-periphery,background,UTC,01/11/1973 00:00:00,,Wallonia,NET-Wallonia
BEB0310,200310 - OFFAGNE,49.87713,5.20239,430.0,Belgium,OFFAGNE,urban-periphery,background,UTC,01/07/1991 00:00:00,,Wallonia,NET-Wallonia
BEB0401,200401 - DOURBES,50.09894,4.59866,0.0,Belgium,DOURBES,urban-periphery,background,UTC,01/06/1968 00:00:00,,Wallonia,NET-Wallonia
BEB0412,200412 - GEMBLOUX,50.56305,4.69902,0.0,Belgium,GEMBLOUX,urban-periphery,background,UTC,01/05/1991 00:00:00,,Wallonia,NET-Wallonia
BEB0501,200501 - GILLY,50.42143,4.47626,0.0,Belgium,GILLY,urban-periphery,background,UTC,01/03/1968 00:00:00,,Wallonia,NET-Wallonia
BEB0504,200504 - CHARLEROI,50.39204,4.46916,102.0,Belgium,Charleroi,urban-periphery,background,UTC,01/03/1968 00:00:00,,Wallonia,NET-Wallonia
BEB0505,200505 - CHARLEROI,50.39826,4.44596,110.0,Belgium,Charleroi,urban-periphery,background,UTC,01/03/1968 00:00:00,,Wallonia,NET-Wallonia
BEB0506,200506 - M.S.MARCHIE,50.39028,4.40517,130.0,Belgium,Charleroi,urban-periphery,background,UTC,01/03/1968 00:00:00,,Wallonia,NET-Wallonia
BEB0509,200509 - CHARLEROI,50.41246,4.44388,120.0,Belgium,Charleroi,urban-centre,background,UTC,01/03/1968 00:00:00,,Wallonia,NET-Wallonia
BEB0513,200513 - ROUX,50.44143,4.39254,0.0,Belgium,ROUX,urban-periphery,background,UTC,01/03/1968 00:00:00,,Wallonia,NET-Wallonia
BEB0514,200514 - JUMET,50.44268,4.43337,165.0,Belgium,Charleroi,urban-periphery,background,UTC,01/03/1968 00:00:00,,Wallonia,NET-Wallonia
BEB0517,200517 - HERSEAUX,50.7222,3.23337,0.0,Belgium,HERSEAUX,urban-periphery,background,UTC,01/10/1968 00:00:00,,Wallonia,NET-Wallonia
BEB0519,200519 - PLOEGSTEERT,50.72622,2.88012,0.0,Belgium,PLOEGSTEERT,urban-periphery,background,UTC,01/03/1969 00:00:00,,Wallonia,NET-Wallonia
BEB0520,200520 - PERUWELZ,50.50789,3.59081,30.0,Belgium,Péruwelz,urban-periphery,background,UTC,01/12/1968 00:00:00,,Wallonia,NET-Wallonia
BEB0522,200522 - MONS,50.46506,3.939,45.0,Belgium,Mons,urban-centre,background,UTC,01/12/1968 00:00:00,,Wallonia,NET-Wallonia
BEB0523,200523 - SOIGNIES,50.57955,4.06836,0.0,Belgium,SOIGNIES,urban-periphery,background,UTC,01/12/1968 00:00:00,,Wallonia,NET-Wallonia
BEB0525,200525 - LA LOUVIERE,50.47527,4.18278,0.0,Belgium,LA LOUVIERE,urban-periphery,background,UTC,01/01/1970 00:00:00,,Wallonia,NET-Wallonia
BEB0529,200529 - BEAUMONT,50.24519,4.23275,0.0,Belgium,BEAUMONT,urban-periphery,background,UTC,01/12/1968 00:00:00,,Wallonia,NET-Wallonia
BEB0531,200531 - TOURNAI,50.61192,3.37865,30.0,Belgium,Tournai,urban-centre,background,UTC,01/03/1969 00:00:00,,Wallonia,NET-Wallonia
BEB0535,200535 - GOSSELIES,50.45813,4.45578,0.0,Belgium,GOSSELIES,urban-periphery,background,UTC,01/04/1970 00:00:00,,Wallonia,NET-Wallonia
BEBB104,21B004 - STE.CATHERI,50.85081,4.34859,15.0,Belgium,Brussel=Bruxelles,urban-centre,background,UTC,01/12/2003 00:00:00,,Brussels,NET-Brussels
BEBFR02,2FR002 - IXELLES,50.82513,4.38472,70.0,Belgium,Elsene=Ixelles,urban-periphery,traffic,UTC,01/04/1994 00:00:00,,Brussels,NET-Brussels
BEBMEU1,21MEU1 - MEUDON,50.8951,4.39272,50.0,Belgium,Brussel=Bruxelles,urban-periphery,background,UTC,01/03/1998 00:00:00,,Brussels,NET-Brussels
BEBR112,21R012 - IRM-KMI,50.79663,4.35854,100.0,Belgium,Ukkel=Uccle,urban-periphery,background,UTC,01/01/1995 00:00:00,,Brussels,NET-Brussels
BEDDD02,65DDD02 - DUDZELE,51.26638,3.22163,0.0,Belgium,Dudzele,rural,background,UTC,01/01/2016 00:00:00,,Flanders,NET-Flanders
BEDEG05,65EG05 - RIEME,51.17406,3.78606,0.0,Belgium,Rieme (Evergem),urban-centre,background,UTC,01/01/2019 00:00:00,,Flanders,NET-Flanders
BEDGI04,65GI04 - GRIMBERGEN,50.93522,4.40224,0.0,Belgium,Grimbergen,urban-periphery,background,UTC,01/01/2016 00:00:00,,Flanders,NET-Flanders
BEDGI05,"65GI05 - GRIMBERGEN
",50.94816,4.41891,0.0,Belgium,Grimbergen,urban-periphery,background,UTC,01/01/2016 00:00:00,,Flanders,NET-Flanders
BEDGN78,65GN78 - GENT,51.08569,3.72641,0.0,Belgium,Gent,urban-centre,background,UTC,01/01/2016 00:00:00,,Flanders,NET-Flanders
BEDGN80,65GN80 - GENT,51.08694,3.72313,0.0,Belgium,Gent,urban-centre,background,UTC,01/08/2020 00:00:00,,Flanders,NET-Flanders
BEDGN81,65GN81 - GENT,51.08716,3.72762,0.0,Belgium,Gent,urban-centre,background,UTC,01/08/2020 00:00:00,,Flanders,NET-Flanders
BEDHB17,"65HB17 - HOBOKEN
",51.1703,4.33786,0.0,Belgium,Hoboken (Antwerpen),urban-centre,background,UTC,01/01/2016 00:00:00,,Flanders,NET-Flanders
BEDHZ02,"65HZ02 - HEUZDEN-ZOLDER
",50.99432,5.24769,0.0,Belgium,Heusden-Zolder,urban-periphery,industrial,UTC,01/01/2016 00:00:00,,Flanders,NET-Flanders
BEDN029,65N029 - HOUTEM,51.01628,2.58232,0.0,Belgium,Houtem (W.-Vl.),rural,background,UTC,01/01/2016 00:00:00,,Flanders,NET-Flanders
BEDNE02,"65NE02 - NIEL
",51.09897,4.33531,0.0,Belgium,Niel,rural,background,UTC,01/01/2016 00:00:00,,Flanders,NET-Flanders
BEDR750,65R750 - Zelzate,51.19606,3.82292,6.0,Belgium,Zelzate,urban-periphery,industrial,UTC,01/01/2016 00:00:00,,Flanders,NET-Flanders
BEDR802,65R802 - BORGERHOUT,51.20944,4.43166,0.0,Belgium,Borgerhout (Antwerpen),urban-centre,background,UTC,01/01/2016 00:00:00,,Flanders,NET-Flanders
BEDSZ02,"65DZ02 - WONTERGEM
",50.98919,3.45062,0.0,Belgium,Wontergem,rural,background,UTC,01/01/2016 00:00:00,,Flanders,NET-Flanders
BEDZL06,65ZL06 - ZELZATE,51.20867,3.81127,0.0,Belgium,Zelzate,urban-periphery,industrial,UTC,01/01/2016 00:00:00,,Flanders,NET-Flanders
BEGR801,26R801 - BORGERHOUT,51.20966,4.43182,6.0,Belgium,Antwerpen,urban-centre,background,UTC,01/01/2017 00:00:00,,Flanders,NET-Flanders
BEGRT01,26RT01 - Retie,51.23086,5.0533,23.0,Belgium,Retie,rural,background,UTC,01/01/2009 00:00:00,,Flanders,NET-Flanders
BELAL02,40AL02 - BEVEREN,51.30456,4.23479,4.0,Belgium,Beveren,rural,industrial,UTC,01/01/2011 00:00:00,,Flanders,NET-Flanders
BELAL03,40AL03 - BEVEREN,51.25397,4.20155,4.0,Belgium,Beveren,rural,industrial,UTC,01/04/2017 00:00:00,,Flanders,NET-Flanders
BELAL04,40AL04 - BEVEREN,51.29069,4.29329,8.0,Belgium,Beveren,urban-periphery,industrial,UTC,01/07/2017 00:00:00,,Flanders,NET-Flanders
BELAL05,40AL05 - BEVEREN,51.26314,4.27889,8.0,Belgium,Beveren,rural,industrial,UTC,01/01/2011 00:00:00,,Flanders,NET-Flanders
BELAT44,40AT44 - ANTWERPEN,51.28834,4.35263,7.0,Belgium,ANTWERPEN,urban-centre,background,UTC,25/01/2018 00:00:00,,Flanders,NET-Flanders
BELG100,40G100 - Sint-Kruiswinkel,51.14537,3.77628,0.0,Belgium,Gent,urban-periphery,industrial,UTC,01/08/2024 00:00:00,,Flanders,NET-Flanders
BELGK37,40GK37 - Sledderloo,50.93175,5.52109,0.0,Belgium,Genk,urban-periphery,industrial,UTC,16/01/2024 00:00:00,,Flanders,NET-Flanders
BELHB23,40HB23 - HOBOKEN,51.17029,4.34093,13.0,Belgium,Antwerpen,urban-periphery,industrial,UTC,01/05/2003 00:00:00,,Flanders,NET-Flanders
BELHH08,42HH08 - HOUTHALEN-HELCHTEREN,51.03158,5.37637,0.0,Belgium,HOUTHALEN-HELCHTEREN,rural,traffic,UTC,05/03/2019 00:00:00,,Flanders,NET-Flanders
BELLD02,40LD02 - LAAKDAL,51.12137,5.02167,22.0,Belgium,Geel,rural,industrial,UTC,01/01/2003 00:00:00,,Flanders,NET-Flanders
BELLM07,40LM07 - LOMMEL,51.21494,5.25741,2.0,Belgium,Lommel,rural,industrial,UTC,11/01/2021 00:00:00,,Flanders,NET-Flanders
BELMN01,40MN01 - MENEN,50.79355,3.10965,10.0,Belgium,Menen,rural,industrial,UTC,01/02/2003 00:00:00,,Flanders,NET-Flanders
BELRL01,40RL01 - ROESELARE,50.95337,3.12108,20.0,Belgium,Roeselare,urban-centre,background,UTC,01/06/2005 00:00:00,,Flanders,NET-Flanders
BELSA04,40SA04 - Hoevenen,51.31393,4.40387,6.0,Belgium,Hoevenen,rural,industrial,UTC,02/07/2012 00:00:00,,Flanders,NET-Flanders
BELSA08,40SA08 - STABROEK,51.3266,4.36324,0.0,Belgium,Stabroek,urban-periphery,industrial,UTC,17/12/2020 00:00:00,,Flanders,NET-Flanders
BELSZ05,40SZ05 - STEENOKKERZ,50.91665,4.51518,0.0,Belgium,Steenokkerzeel,urban-periphery,background,UTC,14/01/2021 00:00:00,,Flanders,NET-Flanders
BELWZ02,40WZ02 - MOL,51.1928,5.22153,40.0,Belgium,Mol,rural,industrial,UTC,01/09/1995 00:00:00,,Flanders,NET-Flanders
BELZB07,40ZB07 - Zeebrugge,51.32178,3.21821,3.0,Belgium,Brugge,rural,industrial,UTC,08/10/2024 00:00:00,,Flanders,NET-Flanders
BELZB08,40ZB08 - ZEEBRUGGE,51.3304,3.2126,3.0,Belgium,ZEEBRUGGE,urban-periphery,industrial,UTC,01/01/2025 00:00:00,,Flanders,NET-Flanders
BELZL01,40ZL01 - ZELZATE,51.20314,3.8084,6.0,Belgium,Zelzate,urban-periphery,industrial,UTC,01/06/2001 00:00:00,,Flanders,NET-Flanders
BEM5K01,05KK01 - KOKSIJDE,51.12092,2.65854,6.0,Belgium,Koksijde,urban-periphery,background,UTC,01/01/2009 00:00:00,,Flanders,NET-Flanders
BEMAND1,0AND01 - ANDENNE,50.49719,5.04202,90.0,Belgium,Andenne,urban-periphery,industrial,UTC,01/01/2008 00:00:00,,Wallonia,NET-Wallonia
BEMAND3,01AND3 - ANDERLECHT,50.81998,4.31155,20.0,Belgium,Anderlecht,urban-periphery,background,UTC,01/05/2001 00:00:00,,Brussels,NET-Brussels
BEMATH1,0ATH01 - ATH,50.63512,3.77523,32.0,Belgium,Ath,urban-centre,industrial,UTC,01/01/2008 00:00:00,,Wallonia,NET-Wallonia
BEMBE01,00BE01 - BEERSE,51.32397,4.82133,29.0,Belgium,Beerse,urban-periphery,industrial,UTC,01/04/2002 00:00:00,,Flanders,NET-Flanders
BEMBE02,00BE02 - BEERSE,51.33208,4.80282,29.0,Belgium,Beerse,urban-periphery,industrial,UTC,01/01/2004 00:00:00,,Flanders,NET-Flanders
BEMBE07,00BE07 - BEERSE,51.32506,4.82174,35.0,Belgium,Beerse,urban-periphery,industrial,UTC,01/06/2005 00:00:00,,Flanders,NET-Flanders
BEMBE08,00BE08 - BEERSE,51.32075,4.82438,29.0,Belgium,Beerse,urban-periphery,industrial,UTC,01/01/2006 00:00:00,,Flanders,NET-Flanders
BEMBE15,00BE15 - BEERSE,51.32219,4.82403,28.0,Belgium,Beerse,urban-periphery,background,UTC,02/09/2011 00:00:00,,Flanders,NET-Flanders
BEMBE16,00BE16 - BEERSE,51.3261,4.82419,28.0,Belgium,Beerse,urban-periphery,background,UTC,01/06/2014 00:00:00,,Flanders,NET-Flanders
BEMBR01,00BR01 - BERENDRECHT,51.34248,4.30648,0.0,Belgium,BERENDRECHT,urban-periphery,background,UTC,01/01/2001 00:00:00,,Flanders,NET-Flanders
BEMBV16,00BV16 - KALLO,51.28556,4.28762,10.0,Belgium,Antwerpen,urban-centre,background,UTC,30/05/2024 00:00:00,,Flanders,NET-Flanders
BEMCHA1,0CHA01 - CHARLEROI,50.40931,4.45217,115.0,Belgium,Charleroi,urban-centre,background,UTC,01/01/2008 00:00:00,,Wallonia,NET-Wallonia
BEMCHA2,0CHA02 - LODELINSART,50.429,4.45868,135.0,Belgium,Charleroi,urban-periphery,background,UTC,01/01/2009 00:00:00,,Wallonia,NET-Wallonia
BEMEG05,00EG05 - EVERGEM,51.17405,3.78608,10.0,Belgium,Evergem,urban-centre,background,UTC,01/01/2021 00:00:00,,Flanders,NET-Flanders
BEMENG1,0ENG01 - ENGIS,50.58361,5.39745,135.0,Belgium,Engis,urban-periphery,industrial,UTC,01/01/2008 00:00:00,,Wallonia,NET-Wallonia
BEMGK04,00GK04 - GENK,50.9323,5.5181,83.0,Belgium,Genk,urban-periphery,industrial,UTC,22/03/2006 00:00:00,,Flanders,NET-Flanders
BEMGK05,00GK05 - GENK,50.94049,5.52684,83.0,Belgium,Genk,urban-periphery,industrial,UTC,28/03/2006 00:00:00,,Flanders,NET-Flanders
BEMGK12,00GK12 - GENK,50.93589,5.52317,45.0,Belgium,Genk,urban-periphery,industrial,UTC,01/05/2009 00:00:00,,Flanders,NET-Flanders
BEMGK13,00GK13 - GENK,50.93258,5.53142,45.0,Belgium,Genk,urban-periphery,industrial,UTC,01/05/2009 00:00:00,,Flanders,NET-Flanders
BEMGK37,Sledderlo,50.93175,5.52109,0.0,Belgium,Genk,urban-periphery,industrial,UTC,01/10/2023 00:00:00,,Flanders,NET-Flanders
BEMGN99,00GN99 - GENT,51.11223,3.74341,10.0,Belgium,Gent,urban-centre,background,UTC,17/07/2024 00:00:00,,Flanders,NET-Flanders
BEMH201,00H201 - LIEGE,50.62499,5.54746,160.0,Belgium,Saint-Nicolas,urban-periphery,background,UTC,01/01/2013 00:00:00,,Wallonia,NET-Wallonia
BEMHB03,00HB03 - HOBOKEN,51.17141,4.33839,10.0,Belgium,Antwerpen,urban-centre,background,UTC,13/02/2024 00:00:00,,Flanders,NET-Flanders
BEMHB17,00HB17 - HOBOKEN,51.1703,4.33786,10.0,Belgium,Antwerpen,urban-periphery,industrial,UTC,01/01/2003 00:00:00,,Flanders,NET-Flanders
BEMHB18,00HB18 - HOBOKEN,51.17388,4.34412,10.0,Belgium,Antwerpen,urban-periphery,industrial,UTC,01/01/2003 00:00:00,,Flanders,NET-Flanders
BEMHB19,00HB19 - HOBOKEN,51.16788,4.34671,16.0,Belgium,Antwerpen,urban-periphery,industrial,UTC,01/01/2004 00:00:00,,Flanders,NET-Flanders
BEMHB23,0HOB23 - HOBOKEN,51.1703,4.34101,10.0,Belgium,Antwerpen,urban-centre,background,UTC,01/01/2003 00:00:00,,Flanders,NET-Flanders
BEMHB24,0HOB24 - HOBOKEN,51.17999,4.36275,10.0,Belgium,Antwerpen,urban-centre,background,UTC,01/04/2002 00:00:00,,Flanders,NET-Flanders
BEMHZ02,00HZ02 - HEUSDEN-ZOLDER,50.99432,5.24769,10.0,Belgium,Heusden-Zolder,urban-centre,background,UTC,17/07/2024 00:00:00,,Flanders,NET-Flanders
BEMIHE3,0IHE03 - COURONNE,50.82531,4.38436,90.0,Belgium,Etterbeek,urban-periphery,background,UTC,01/01/1980 00:00:00,,Brussels,NET-Brussels
BEMJMP1,0JMP01 - JEMEPPE,50.62067,5.5164,80.0,Belgium,Seraing,urban-periphery,industrial,UTC,01/01/2008 00:00:00,,Wallonia,NET-Wallonia
BEMKK01,00KK01 - KOKSIJDE,51.12092,2.65854,6.0,Belgium,Koksijde,rural,background,UTC,01/01/2005 00:00:00,,Flanders,NET-Flanders
BEMKO01,00KO01 - Kortrijk,50.7534,3.26554,35.0,Belgium,KORTRIJK,urban-periphery,background,UTC,01/12/2002 00:00:00,,Flanders,NET-Flanders
BEMM522,00M522 - MONS,50.46506,3.939,56.0,Belgium,Mons,urban-centre,background,UTC,01/01/2008 00:00:00,,Wallonia,NET-Wallonia
BEMMEU1,01MEU1 - MEUDON,50.8951,4.39272,50.0,Belgium,Brussel=Bruxelles,urban-periphery,background,UTC,01/03/1998 00:00:00,,Brussels,NET-Brussels
BEMN029,00N029 - HOUTEM,51.01628,2.58232,2.0,Belgium,Veurne,rural,background,UTC,01/01/2008 00:00:00,,Flanders,NET-Flanders
BEMN060,00N060 - TOURNAI,50.61671,3.45764,0.0,Belgium,TOURNAI (HAVINNES),urban-periphery,background,UTC,28/03/2010 00:00:00,,Wallonia,NET-Wallonia
BEMN063,00N063 - CORROY-L-GD,50.65544,4.66829,145.0,Belgium,Chaumont-Gistoux,rural,background,UTC,01/01/2008 00:00:00,,Wallonia,NET-Wallonia
BEMN064,00N064 - RIXENSART,50.72089,4.49436,100.0,Belgium,RIXENSART,urban-periphery,background,UTC,02/03/2022 00:00:00,,Wallonia,NET-Wallonia
BEMN085,00N085 - VIELSALM,50.30319,6.00172,490.0,Belgium,Vielsalm,rural,background,UTC,01/01/2008 00:00:00,,Wallonia,NET-Wallonia
BEMN093,00N093 - SINSIN,50.27448,5.23517,265.0,Belgium,Somme-Leuze,rural,background,UTC,01/01/2008 00:00:00,,Wallonia,NET-Wallonia
BEMN100,00N100 - DOURBES,50.09568,4.59476,225.0,Belgium,Viroinval,rural,background,UTC,01/01/2008 00:00:00,,Wallonia,NET-Wallonia
BEMN132,00N132 - HABAY-L-N,49.71899,5.63027,375.0,Belgium,Habay,rural,background,UTC,01/01/2008 00:00:00,,Wallonia,NET-Wallonia
BEMNM01,00NM01 - NAMUR,50.4632,4.87241,85.0,Belgium,Namur,urban-centre,background,UTC,01/01/2008 00:00:00,,Wallonia,NET-Wallonia
BEMR012,01R012 - IRM-KMI,50.79663,4.35854,100.0,Belgium,Ukkel=Uccle,urban-periphery,background,UTC,01/09/1995 00:00:00,,Brussels,NET-Brussels
BEMR221,00R221 - LIEGE,50.65844,5.62784,65.0,Belgium,Herstal,urban-centre,background,UTC,01/01/2008 00:00:00,,Wallonia,NET-Wallonia
BEMR802,00R802 - BORGERHOUT,51.20966,4.43182,5.0,Belgium,Antwerpen,urban-centre,traffic,UTC,01/09/2002 00:00:00,,Flanders,NET-Flanders
BEMRL18,00RL18 - ROESELARE,50.9344,3.16681,10.0,Belgium,Roeselare,urban-centre,background,UTC,30/05/2024 00:00:00,,Flanders,NET-Flanders
BEMTOU1,0TOU01 - MOUSCRON,50.5903,3.48614,44.0,Belgium,Tournai,urban-periphery,background,UTC,01/08/2010 00:00:00,,Wallonia,NET-Wallonia
BEMTS07,00TS07 - TESSENDERLO,51.06916,5.10937,25.0,Belgium,TESSENDERLO,urban-periphery,background,UTC,01/01/2000 00:00:00,,Flanders,NET-Flanders
BEMTS12,00TS12 - TESSENDERLO,51.06336,5.09386,32.0,Belgium,TESSENDERLO,urban-periphery,background,UTC,01/01/2000 00:00:00,,Flanders,NET-Flanders
BEMTV01,00TV01 - TERVUREN,50.83251,4.52152,0.0,Belgium,Tervuren,urban-periphery,background,UTC,01/01/2000 00:00:00,,Flanders,NET-Flanders
BEMWZ01,0WEZ01 - WEZEL,51.20631,5.24343,45.0,Belgium,Lommel,urban-periphery,industrial,UTC,01/01/2004 00:00:00,,Flanders,NET-Flanders
BENAL08,99AL08 - Antwerpen-Galgenweellaan,51.21575,4.38004,0.0,Belgium,Antwerpen,urban-centre,traffic,UTC,01/01/2017 00:00:00,,Flanders,NET-Flanders
BENAM07,99AM07 - Land van Waaslaan,51.05823,3.74643,0.0,Belgium,,urban-centre,traffic,UTC,29/09/2022 00:00:00,,Flanders,NET-Flanders
BENAM10,99AM10 - Dendermondsesteenweg,51.05252,3.75007,0.0,Belgium,,urban-centre,traffic,UTC,29/09/2022 00:00:00,,Flanders,NET-Flanders
BENAM11,99AM11 - Toekomststraat,51.0505,3.7465,0.0,Belgium,,urban-centre,traffic,UTC,29/09/2022 00:00:00,,Flanders,NET-Flanders
BENAM13,99AM13 - Gentbruggestraat,51.04751,3.75454,0.0,Belgium,,urban-centre,traffic,UTC,29/09/2022 00:00:00,,Flanders,NET-Flanders
BENAT20,99AT20 - Antwerpen-Amerikalei,51.20789,4.40028,0.0,Belgium,Antwerpen,urban-centre,traffic,UTC,01/01/2017 00:00:00,,Flanders,NET-Flanders
BENAT29,99AT29 - Antwerpen-Desguinlei,51.19502,4.39956,0.0,Belgium,Antwerpen,urban-centre,traffic,UTC,01/01/2017 00:00:00,,Flanders,NET-Flanders
BENAT37,99AT37 - Antwerpen-Steenhouwersvest,51.21742,4.40359,0.0,Belgium,Antwerpen,urban-centre,background,UTC,01/01/2017 00:00:00,,Flanders,NET-Flanders
BENAT38,99AT38 - Antwerpen-Tunnelplaats,51.22719,4.41019,0.0,Belgium,Antwerpen,urban-centre,traffic,UTC,01/01/2017 00:00:00,,Flanders,NET-Flanders
BENAT39,99AT39 - Antwerpen-Turnhoutsebaan,51.21378,4.44006,0.0,Belgium,Antwerpen,urban-centre,traffic,UTC,01/01/2017 00:00:00,,Flanders,NET-Flanders
BENAT40,99AT40 - Antwerpen-Rubenslei,51.21109,4.41114,0.0,Belgium,Antwerpen,urban-centre,traffic,UTC,01/01/2017 00:00:00,,Flanders,NET-Flanders
BENAT41,99AT41 - Antwerpen-Paradeplein,51.20188,4.42324,0.0,Belgium,Antwerpen,urban-centre,background,UTC,01/01/2017 00:00:00,,Flanders,NET-Flanders
BENAT42,99AT42 - Antwerpen-Floralienlaan,51.1861,4.41566,0.0,Belgium,Antwerpen,urban-centre,traffic,UTC,01/01/2017 00:00:00,,Flanders,NET-Flanders
BENAT43,99AT43 - Antwerpen-Viaduct-Dam,51.23313,4.42355,0.0,Belgium,Antwerpen,urban-centre,traffic,UTC,01/01/2017 00:00:00,,Flanders,NET-Flanders
BENAT45,99AT45 - Antwerpen-Lange Beeldekensstraat,51.22168,4.43311,0.0,Belgium,Antwerpen,urban-centre,traffic,UTC,01/01/2017 00:00:00,,Flanders,NET-Flanders
BENAT46,99AT46 - Antwerpen-Pothoekstraat,51.2261,4.43678,0.0,Belgium,Antwerpen,urban-centre,traffic,UTC,01/01/2017 00:00:00,,Flanders,NET-Flanders
BENAT47,99AT47 - Antwerpen-Osystraat,51.22174,4.41833,0.0,Belgium,Antwerpen,urban-centre,traffic,UTC,01/01/2017 00:00:00,,Flanders,NET-Flanders
BENAT48,99AT48 - Antwerpen-Haantjeslei,51.20141,4.40228,0.0,Belgium,Antwerpen,urban-centre,traffic,UTC,01/01/2017 00:00:00,,Flanders,NET-Flanders
BENAT49,99AT49 - Antwerpen-Wittestraat,51.1876,4.38408,0.0,Belgium,Antwerpen,urban-centre,traffic,UTC,01/01/2017 00:00:00,,Flanders,NET-Flanders
BENAT86,99AT86 - Antwerpen-Plantin-Moretuslei,51.2088,4.43444,0.0,Belgium,Antwerpen,urban-centre,traffic,UTC,23/12/2021 00:00:00,,Flanders,NET-Flanders
BENAT92,99AT86 - Antwerpen-Nationalestraat,51.2134,4.39789,0.0,Belgium,Antwerpen,urban-centre,traffic,UTC,01/01/2024 00:00:00,,Flanders,NET-Flanders
BENBO01,39BO01 - Bonheiden,51.02706,4.51648,0.0,Belgium,Bonheiden,rural,background,UTC,01/01/2018 00:00:00,,Flanders,NET-Flanders
BENBT03,99BT03 - Borgerhout-Sergeyselsstraat,51.21315,4.43306,0.0,Belgium,Antwerpen,urban-centre,traffic,UTC,01/01/2017 00:00:00,,Flanders,NET-Flanders
BENBT04,99BT04 - Borgerhout-Karel De Preterlei,51.20198,4.45002,0.0,Belgium,Antwerpen ,urban-centre,traffic,UTC,01/01/2017 00:00:00,,Flanders,NET-Flanders
BENDU05,99DU05 - Deurne-Rivierenhof,51.21746,4.46871,0.0,Belgium,Antwerpen,urban-centre,background,UTC,01/01/2017 00:00:00,,Flanders,NET-Flanders
BENDU06,99DU06 - Deurne-Herentalsebaan,51.20973,4.45963,0.0,Belgium,Antwerpen,urban-centre,traffic,UTC,01/01/2017 00:00:00,,Flanders,NET-Flanders
BENGB12,99GB12 - Robert Rinskopflaan,51.03728,3.75804,0.0,Belgium,,urban-centre,traffic,UTC,29/09/2022 00:00:00,,Flanders,NET-Flanders
BENGB13,99GB13 - Frederik Burvenichstraat,51.03956,3.74946,0.0,Belgium,,urban-centre,traffic,UTC,29/09/2022 00:00:00,,Flanders,NET-Flanders
BENGB14,99GB14 - Brusselsesteenweg,51.04007,3.7443,0.0,Belgium,,urban-centre,traffic,UTC,29/09/2022 00:00:00,,Flanders,NET-Flanders
BENGN06,39GN06 - Gent (Mariakerke),51.06615,3.68391,0.0,Belgium,Gent,rural,background,UTC,01/01/2018 00:00:00,,Flanders,NET-Flanders
BENGN36,99GN36 - Gent-Martelaarslaan,51.04842,3.70952,0.0,Belgium,Gent,urban-centre,traffic,UTC,01/01/2017 00:00:00,,Flanders,NET-Flanders
BENGN37,99GN37 - Gent-Palinghuizen,51.06506,3.70142,0.0,Belgium,Gent,urban-centre,traffic,UTC,01/01/2017 00:00:00,,Flanders,NET-Flanders
BENGN38,99GN38 - Gent-Dok-Zuid,51.05797,3.73793,0.0,Belgium,Gent,urban-centre,traffic,UTC,01/01/2017 00:00:00,,Flanders,NET-Flanders
BENGN39,99GN39 - Gent-Rooigemlaan,51.05736,3.69359,0.0,Belgium,Gent,urban-centre,traffic,UTC,01/01/2017 00:00:00,,Flanders,NET-Flanders
BENGN40,99GN40 - Gent-Keizervest,51.03932,3.7376,0.0,Belgium,Gent,urban-centre,traffic,UTC,01/01/2017 00:00:00,,Flanders,NET-Flanders
BENGN41,99GN41 - Gent-Nieuwewandeling,51.05613,3.70816,0.0,Belgium,Gent,urban-centre,traffic,UTC,01/01/2017 00:00:00,,Flanders,NET-Flanders
BENGN44,99GN44 - Gent-Tweebruggenstraat,51.04847,3.73671,0.0,Belgium,Gent,urban-centre,traffic,UTC,01/01/2017 00:00:00,,Flanders,NET-Flanders
BENGN45,99GN45 - Gent-Rodetorenkaai,51.05663,3.73337,0.0,Belgium,Gent,urban-centre,traffic,UTC,01/01/2017 00:00:00,,Flanders,NET-Flanders
BENGN46,99GN46 - Gent-Begijnhoflaan,51.05946,3.71141,0.0,Belgium,Gent,urban-centre,traffic,UTC,01/01/2017 00:00:00,,Flanders,NET-Flanders
BENGN47,99GN47 - Gent-Kortrijksepoortstraat,51.04581,3.72214,0.0,Belgium,Gent,urban-centre,traffic,UTC,01/01/2017 00:00:00,,Flanders,NET-Flanders
BENGN48,99GN48 - Gent-Coupure Links 53,51.04651,3.71933,0.0,Belgium,Gent,urban-centre,traffic,UTC,01/01/2017 00:00:00,,Flanders,NET-Flanders
BENGN49,99GN49 - Gent-Phoenixstraat,51.05779,3.70664,0.0,Belgium,Gent,urban-centre,traffic,UTC,01/01/2017 00:00:00,,Flanders,NET-Flanders
BENGN50,99GN50 - Gent-Keizer Karelstraat,51.05326,3.73141,0.0,Belgium,Gent,urban-centre,traffic,UTC,01/01/2017 00:00:00,,Flanders,NET-Flanders
BENGN51,99GN51 - Gent-Tolhuislaan,51.06219,3.72474,0.0,Belgium,Gent,urban-centre,traffic,UTC,01/01/2017 00:00:00,,Flanders,NET-Flanders
BENGN52,99GN52 - Gent-Lammerstraat,51.04794,3.72741,0.0,Belgium,Gent,urban-centre,traffic,UTC,01/01/2017 00:00:00,,Flanders,NET-Flanders
BENGN53,99GN53 - Gent-Hoogstraat,51.05475,3.71384,0.0,Belgium,Gent,urban-centre,traffic,UTC,01/01/2017 00:00:00,,Flanders,NET-Flanders
BENGN82,99GN82 - Francisco Ferrerlaan,51.0688,3.70141,0.0,Belgium,,urban-centre,traffic,UTC,03/01/2023 00:00:00,,Flanders,NET-Flanders
BENGN83,99GN83 - Frans van Ryhovelaan,51.06853,3.70786,0.0,Belgium,,urban-centre,traffic,UTC,03/01/2023 00:00:00,,Flanders,NET-Flanders
BENGN84,99GN84 - Dracenastraat,51.0754,3.71427,0.0,Belgium,,urban-centre,traffic,UTC,03/01/2023 00:00:00,,Flanders,NET-Flanders
BENGN86,99GN86 - Voormuide,51.06958,3.72977,0.0,Belgium,,urban-centre,traffic,UTC,03/01/2023 00:00:00,,Flanders,NET-Flanders
BENGN87,99GN87 - New-Orleansstraat,51.08054,3.73122,0.0,Belgium,,urban-centre,traffic,UTC,03/01/2023 00:00:00,,Flanders,NET-Flanders
BENGN88,99GN88 - Port Arthurlaan,51.07359,3.73172,0.0,Belgium,,urban-centre,traffic,UTC,03/01/2023 00:00:00,,Flanders,NET-Flanders
BENGN89,99GN89 - Gestichtstraat,51.01537,3.71911,0.0,Belgium,,urban-periphery,traffic,UTC,03/01/2023 00:00:00,,Flanders,NET-Flanders
BENGN91,99GN91 - Kortrijksesteenweg,51.03858,3.71607,0.0,Belgium,,urban-centre,traffic,UTC,03/01/2023 00:00:00,,Flanders,NET-Flanders
BENGN92,99GN92 - Normaalschoolstraat,51.03741,3.72643,0.0,Belgium,,urban-centre,traffic,UTC,03/01/2023 00:00:00,,Flanders,NET-Flanders
BENGN93,99GN93 - Charles de Kerchovelaan,51.04131,3.71995,0.0,Belgium,,urban-centre,traffic,UTC,03/01/2023 00:00:00,,Flanders,NET-Flanders
BENHH06,99HH06 - Houthalen-Grotebaan-zuid,51.03052,5.37652,0.0,Belgium,Houthalen-Helchteren,urban-centre,traffic,UTC,01/01/2019 00:00:00,,Flanders,NET-Flanders
BENHH07,99HH07 - Houthalen-Grotebaan-noord,51.0321,5.37663,0.0,Belgium,Houthalen-Helchteren,urban-centre,traffic,UTC,01/01/2019 00:00:00,,Flanders,NET-Flanders
BENKK01,39KK01 - Koksijde,51.12092,2.65854,0.0,Belgium,Koksijde,rural,background,UTC,01/01/2018 00:00:00,,Flanders,NET-Flanders
BENKP01,39KP01 - Kapellen,51.34773,4.48618,0.0,Belgium,Kapellen ,rural,background,UTC,01/01/2018 00:00:00,,Flanders,NET-Flanders
BENLE04,99LE04 - Hundelgemsesteenweg,51.03237,3.74328,0.0,Belgium,,urban-centre,traffic,UTC,03/01/2023 00:00:00,,Flanders,NET-Flanders
BENLE05,99LE05 - Jozef Vervaenestraat,51.03213,3.74675,0.0,Belgium,,urban-centre,traffic,UTC,03/01/2023 00:00:00,,Flanders,NET-Flanders
BENLE06,99LE06 - Hoveniersstraat,51.03748,3.74398,0.0,Belgium,,urban-centre,traffic,UTC,03/01/2023 00:00:00,,Flanders,NET-Flanders
BENMA12,39MA12 - Maasmechelen,50.98016,5.63111,0.0,Belgium,Maasmechelen,rural,background,UTC,01/01/2018 00:00:00,,Flanders,NET-Flanders
BENMK03,99MK03 Antwerpen-Merksem,51.24534,4.44895,0.0,Belgium,Antwerpen,urban-centre,traffic,UTC,01/01/2023 00:00:00,,Flanders,NET-Flanders
BENRT01,39RT01 - Retie,51.23086,5.0533,0.0,Belgium,Retie,rural,background,UTC,01/01/2018 00:00:00,,Flanders,NET-Flanders
BENTE01,39TE01 - Tielt-Winge,50.9426,4.88765,0.0,Belgium,Tielt-Winge,rural,background,UTC,01/01/2018 00:00:00,,Flanders,NET-Flanders
BENWN01,39WN01 - Wingene,51.07881,3.33462,0.0,Belgium,Wingene,rural,background,UTC,01/01/2018 00:00:00,,Flanders,NET-Flanders
BENZW01,39ZW01 - Zwevegem (Moen),50.78354,3.3738,0.0,Belgium,Zwevegem (Moen),rural,background,UTC,01/01/2018 00:00:00,,Flanders,NET-Flanders
BEPGI04,60GI04 - GRIMBERGEN,50.93522,4.40224,2.0,Belgium,Grimbergen,rural,background,UTC,01/01/2016 00:00:00,,Flanders,NET-Flanders
BEPGN78,60GN78 - GENT,51.08569,3.72641,5.0,Belgium,Gent,urban-centre,background,UTC,01/01/2018 00:00:00,,Flanders,NET-Flanders
BEPM204,63M204 - ANGLEUR,50.61192,5.61115,0.0,Belgium,Angleur,urban-centre,background,UTC,01/01/2018 00:00:00,,Wallonia,NET-Wallonia
BEPMEU1,61MEU1 - MEUDON,50.8951,4.39272,50.0,Belgium,Brussel=Bruxelles,urban-periphery,background,UTC,01/03/1998 00:00:00,,Brussels,NET-Brussels
BEPN029,60N029 - HOUTEM,51.01628,2.58232,2.0,Belgium,Veurne,rural,background,UTC,01/01/2001 00:00:00,,Flanders,NET-Flanders
BEPN060,63N060 - HAVINNES,50.61673,3.45764,0.0,Belgium,Tournai,rural,background,UTC,01/01/2011 00:00:00,,Wallonia,NET-Wallonia
BEPN063,63N063 - CORROY-L-GD,50.65544,4.66829,145.0,Belgium,Chaumont-Gistoux,rural,background,UTC,01/01/2008 00:00:00,,Wallonia,NET-Wallonia
BEPN064,63N064 - RIXENSART,50.72089,4.49436,100.0,Belgium,RIXENSART,urban-periphery,background,UTC,01/03/2022 00:00:00,,Wallonia,NET-Wallonia
BEPN085,63N085 - VIELSALM,50.30321,6.00174,490.0,Belgium,Vielsalm,rural,background,UTC,01/01/2008 00:00:00,,Wallonia,NET-Wallonia
BEPN093,63N093 - SINSIN,50.27448,5.23517,265.0,Belgium,Somme-Leuze,rural,background,UTC,01/01/2008 00:00:00,,Wallonia,NET-Wallonia
BEPN100,63N100 - DOURBES,50.09568,4.59476,225.0,Belgium,Viroinval,rural,background,UTC,01/01/2010 00:00:00,,Wallonia,NET-Wallonia
BEPNM01,63NM01 - NAMUR,50.4632,4.87241,0.0,Belgium,Namur,urban-centre,background,UTC,01/01/2018 00:00:00,,Wallonia,NET-Wallonia
BEPNT02,63NT02 - ROBERTVILLE,50.51109,6.07382,675.0,Belgium,Waimes (Weismes),rural,background,UTC,01/01/2008 00:00:00,,Wallonia,NET-Wallonia
BEPR001,61R001 - MOLENBEEK,50.84967,4.33382,15.0,Belgium,Sint-Jan-Molenbeek=Molenbeek-Saint-Jean,urban-centre,background,UTC,01/07/2006 00:00:00,,Brussels,NET-Brussels
BEPR002,61R002 - IXELLES,50.82513,4.38472,70.0,Belgium,Elsene=Ixelles,urban-periphery,traffic,UTC,01/11/1998 00:00:00,,Brussels,NET-Brussels
BEPR112,61R112 - UCCLE,50.79663,4.35854,100.0,Belgium,Ukkel=Uccle,urban-periphery,background,UTC,12/03/2009 00:00:00,,Brussels,NET-Brussels
BEPR221,63R221 - LIEGE,50.65844,5.62784,65.0,Belgium,Herstal,urban-centre,background,UTC,01/01/2018 00:00:00,,Wallonia,NET-Wallonia
BEPR502,65R502 - LODELINSART,50.429,4.45868,0.0,Belgium,Lodelinsart,urban-centre,background,UTC,01/01/2018 00:00:00,,Wallonia,NET-Wallonia
BEPR511,65R511 - MARCINELLE,50.37759,4.4247,157.0,Belgium,Charleroi,urban-periphery,background,UTC,01/01/2008 00:00:00,,Wallonia,NET-Wallonia
BEPR701,60R701 - GENT,51.05833,3.7293,5.0,Belgium,Gent,urban-centre,background,UTC,01/01/2010 00:00:00,,Flanders,NET-Flanders
BEPR740,60R740 - Sint-Kruis-Winkel,51.15014,3.80874,5.0,Belgium,Sint-Kruis-Winkel,urban-periphery,industrial,UTC,01/01/2014 00:00:00,,Flanders,NET-Flanders
BEPR750,60R750 - ZELZATE,51.19606,3.82292,6.0,Belgium,Zelzate,urban-periphery,industrial,UTC,01/01/1995 00:00:00,,Flanders,NET-Flanders
BEPR802,60R802 - BORGERHOUT,51.20966,4.43182,6.0,Belgium,Antwerpen,urban-centre,traffic,UTC,01/01/2008 00:00:00,,Flanders,NET-Flanders
BEPSZ02,60SZ02 - STEENOKKERZ,50.91294,4.51218,15.0,Belgium,Steenokkerzeel,urban-periphery,background,UTC,01/07/1996 00:00:00,,Flanders,NET-Flanders
BEPWOL2,61WOL2 - WOL.ST.L.,50.85658,4.4257,77.0,Belgium,Sint-Lambrechts-Woluwe=Woluwe-Saint-Lambert,urban-periphery,background,UTC,01/07/2006 00:00:00,,Brussels,NET-Brussels
BESMA01,59MA01 - MAASMECHELEN,50.98158,5.72562,0.0,Belgium,Maasmechelen,urban-periphery,background,UTC,14/01/2016 00:00:00,,Flanders,NET-Flanders
BESN029,59N029 - VEURNE,51.01628,2.58232,0.0,Belgium,Veurne,urban-periphery,background,UTC,14/01/2016 00:00:00,,Flanders,NET-Flanders
BESN035,59N035 - AARSCHOT,50.97754,4.83762,0.0,Belgium,Aarschot,urban-periphery,background,UTC,14/01/2016 00:00:00,,Flanders,NET-Flanders
BESN047,59N047 - HASSELT,50.93554,5.35321,0.0,Belgium,Hasselt,urban-periphery,background,UTC,01/01/2019 00:00:00,,Flanders,NET-Flanders
BESR701,59R701 - GENT,51.05833,3.7293,5.0,Belgium,Gent,urban-centre,background,UTC,01/01/2017 00:00:00,,Flanders,NET-Flanders
BESR801,59R801 - ANTWERPEN,51.20966,4.43182,0.0,Belgium,Antwerpen,urban-periphery,background,UTC,14/01/2016 00:00:00,,Flanders,NET-Flanders
BESR822,59R822 - ANTWERPEN,51.26429,4.34128,0.0,Belgium,Antwerpen,urban-periphery,background,UTC,01/01/2018 00:00:00,,Flanders,NET-Flanders
BETAL09,42AL09 - ANTWERPEN,51.21989,4.36846,8.0,Belgium,Antwerpen,rural,industrial,UTC,20/01/2022 00:00:00,,Flanders,NET-Flanders
BETAL10,42AL10 - ANTWERPEN,51.21989,4.36846,8.0,Belgium,Antwerpen,rural,industrial,UTC,16/02/2022 00:00:00,,Flanders,NET-Flanders
BETBUL1,41BUL1 - BRUXELLES,50.83791,4.34182,27.0,Belgium,BRUXELLES,urban-centre,traffic,UTC,03/05/2022 00:00:00,,Brussels,NET-Brussels
BETCHA1,41CHA1 - GANSHOREN,50.87037,4.30616,57.0,Belgium,GANSHOREN,urban-centre,traffic,UTC,06/10/2021 00:00:00,,Brussels,NET-Brussels
BETDU07,42DU07 - ANTWERPEN,51.22635,4.44879,5.0,Belgium,Deurne,urban-periphery,industrial,UTC,07/06/2022 00:00:00,,Flanders,NET-Flanders
BETE704,47E704 - WACHTEBEKE,51.1761,3.86993,0.0,Belgium,Wachtebeke,rural,industrial,UTC,02/09/2013 00:00:00,,Flanders,NET-Flanders
BETE814,47E814 - Ham,51.08219,5.12972,0.0,Belgium,Ham,rural,industrial,UTC,10/04/2013 00:00:00,,Flanders,NET-Flanders
BETGK11,40GK11 - GENK,50.93149,5.52031,70.0,Belgium,Genk,urban-centre,industrial,UTC,07/02/2019 00:00:00,,Flanders,NET-Flanders
BETMK02,42MK02 - ANTWERPEN,51.25051,4.42752,0.0,Belgium,ANTWERPEN,urban-centre,traffic,UTC,14/03/2023 00:00:00,,Flanders,NET-Flanders
BETN040,42N040 - ST.P.LEEUWG,50.76814,4.22519,20.0,Belgium,Sint-Pieters-Leeuw,rural,background,UTC,01/06/1996 00:00:00,,Flanders,NET-Flanders
BETN043,41N043 - HAREN,50.88369,4.38298,17.0,Belgium,Brussel=Bruxelles,urban-periphery,industrial,UTC,01/06/1977 00:00:00,,Brussels,NET-Brussels
BETN047,42N047 - HASSELT,50.93554,5.35321,0.0,Belgium,Hasselt,urban-centre,background,UTC,24/04/2019 00:00:00,,Flanders,NET-Flanders
BETN060,43N060 - HAVINNES,50.61672,3.45762,0.0,Belgium,HAVINNES,rural,background,UTC,01/01/2011 00:00:00,,Wallonia,NET-Wallonia
BETN064,43N064 - RIXENSART,50.72089,4.49436,100.0,Belgium,RIXENSART,urban-periphery,background,UTC,01/03/2022 00:00:00,,Wallonia,NET-Wallonia
BETN066,43N066 - EUPEN,50.62886,6.00233,295.0,Belgium,Baelen,rural,background,UTC,01/02/1978 00:00:00,,Wallonia,NET-Wallonia
BETN067,43N067 - MEMBACH,50.61228,5.99275,0.0,Belgium,MEMBACH,urban-periphery,background,UTC,01/01/2011 00:00:00,,Wallonia,NET-Wallonia
BETN085,43N085 - VIELSALM,50.30321,6.00174,490.0,Belgium,Vielsalm,rural,background,UTC,05/04/1988 00:00:00,,Wallonia,NET-Wallonia
BETN093,43N093 - SINSIN,50.27448,5.23517,265.0,Belgium,Somme-Leuze,rural,background,UTC,05/07/1991 00:00:00,,Wallonia,NET-Wallonia
BETN100,43N100 - DOURBES,50.09568,4.59476,225.0,Belgium,Viroinval,rural,background,UTC,01/10/1991 00:00:00,,Wallonia,NET-Wallonia
BETN132,43N132 - HABAY-LA-N.,49.71928,5.6304,375.0,Belgium,Habay,rural,background,UTC,05/07/1991 00:00:00,,Wallonia,NET-Wallonia
BETR001,41R001 - MOLENBEEK,50.84971,4.3341,20.0,Belgium,Sint-Jan-Molenbeek=Molenbeek-Saint-Jean,urban-centre,background,UTC,01/06/1977 00:00:00,,Brussels,NET-Brussels
BETR012,41R012 - UCCLE,50.79665,4.35862,101.0,Belgium,Ukkel=Uccle,urban-periphery,background,UTC,01/06/1977 00:00:00,,Brussels,NET-Brussels
BETR202,43R202 - LIEGE,50.63798,5.57178,60.0,Belgium,Liège,urban-centre,traffic,UTC,01/06/2021 00:00:00,,Wallonia,NET-Wallonia
BETR215,48R215 - HERMALLE-S-ARGENTEAU,50.72797,5.69015,65.0,Belgium,Hermalle-S-Argentau,urban-periphery,industrial,UTC,01/01/2019 00:00:00,,Wallonia,NET-Wallonia
BETR222,43R222 - SERAING,50.61341,5.57022,65.0,Belgium,Liège,urban-periphery,background,UTC,01/01/2005 00:00:00,,Wallonia,NET-Wallonia
BETR223,43R223 - JEMEPPE,50.62067,5.5164,50.0,Belgium,Seraing,urban-periphery,industrial,UTC,01/02/1978 00:00:00,,Wallonia,NET-Wallonia
BETR236,48R236 - FLEMALLE,50.6191,5.41713,186.0,Belgium,FLEMALLE,urban-periphery,industrial,UTC,18/03/2023 00:00:00,,Wallonia,NET-Wallonia
BETR237,48R237 - BIERSET,50.65381,5.47038,195.0,Belgium,BIERSET,urban-periphery,industrial,UTC,13/10/2023 00:00:00,,Wallonia,NET-Wallonia
BETR240,43R240 - ENGIS,50.58361,5.39745,135.0,Belgium,Engis,urban-periphery,industrial,UTC,01/02/1978 00:00:00,,Wallonia,NET-Wallonia
BETR401,43R401 - NAMUR,50.46243,4.86526,65.0,Belgium,Namur,urban-centre,background,UTC,01/01/2019 00:00:00,,Wallonia,NET-Wallonia
BETR503,45R503 - CHARLEROI,50.40919,4.44849,135.0,Belgium,Charleroi,urban-centre,traffic,UTC,01/07/2021 00:00:00,,Wallonia,NET-Wallonia
BETR510,45R510 - CHATELINEAU,50.41643,4.52113,118.0,Belgium,Châtelet,urban-periphery,background,UTC,26/10/1978 00:00:00,,Wallonia,NET-Wallonia
BETR512,45R512 - MARCHIENNE,50.40781,4.3959,107.0,Belgium,Charleroi,urban-periphery,industrial,UTC,26/10/1978 00:00:00,,Wallonia,NET-Wallonia
BETR515,48R515 - CHARLEROI,50.4516,4.42546,171.0,Belgium,CHARLEROI,urban-periphery,industrial,UTC,12/07/2019 00:00:00,,Wallonia,NET-Wallonia
BETR516,48R516 - CHARLEROI,50.46913,4.48496,172.0,Belgium,CHARLEROI,urban-periphery,industrial,UTC,12/07/2019 00:00:00,,Wallonia,NET-Wallonia
BETR702,44R702 - Gent (G.Carlierlaan),51.04075,3.73483,8.0,Belgium,Gent,urban-centre,traffic,UTC,25/03/2013 00:00:00,,Flanders,NET-Flanders
BETR703,44R703 - GENT,51.04694,3.73432,0.0,Belgium,Gent,urban-centre,background,UTC,22/02/2019 00:00:00,,Flanders,NET-Flanders
BETR802,42R802 - BORGERHOUT,51.20944,4.43166,6.0,Belgium,Antwerpen,urban-centre,traffic,UTC,11/05/2009 00:00:00,,Flanders,NET-Flanders
BETR803,42R803 - ANTWERPEN,51.22864,4.42848,0.0,Belgium,Antwerpen,urban-centre,background,UTC,01/09/2015 00:00:00,,Flanders,NET-Flanders
BETR804,42R804 - ANTWERPEN,51.2062,4.442,6.0,Belgium,Antwerpen ,urban-periphery,traffic,UTC,01/11/2016 00:00:00,,Flanders,NET-Flanders
BETR805,42R805 - ANTWERPEN,51.20825,4.42154,6.0,Belgium,Antwerpen,urban-centre,traffic,UTC,01/08/2015 00:00:00,,Flanders,NET-Flanders
BETR806,42R806 - ANTWERPEN,51.22329,4.41754,0.0,Belgium,Antwerpen,urban-centre,traffic,UTC,01/04/2020 00:00:00,,Flanders,NET-Flanders
BETR817,42R817 - ANTWERPEN,51.17719,4.41796,6.0,Belgium,Antwerpen,urban-periphery,background,UTC,01/07/2015 00:00:00,,Flanders,NET-Flanders
BETR818,42R818 - ANTWERPEN,51.21223,4.35048,5.0,Belgium,Antwerpen,urban-periphery,industrial,UTC,02/09/2017 00:00:00,,Flanders,NET-Flanders
BETR822,40R822 - ANTWERPEN,51.26429,4.34128,6.0,Belgium,Antwerpen,urban-periphery,industrial,UTC,26/10/1978 00:00:00,,Flanders,NET-Flanders
BETR834,42R834 - Boom,51.09195,4.38015,0.0,Belgium,BOOM,urban-periphery,background,UTC,14/06/2012 00:00:00,,Flanders,NET-Flanders
BETR842,42R842 - MECHELEN,51.02037,4.48326,0.0,Belgium,Mechelen,urban-centre,traffic,UTC,09/07/2020 00:00:00,,Flanders,NET-Flanders
BETR891,42R891 - ANTWERPEN,51.25581,4.38536,6.0,Belgium,Antwerpen,urban-periphery,industrial,UTC,01/01/1996 00:00:00,,Flanders,NET-Flanders
BETR892,42R892 - KALLO,51.26304,4.27889,9.0,Belgium,Beveren,rural,industrial,UTC,01/01/1996 00:00:00,,Flanders,NET-Flanders
BETR897,42R897 - ANTWERPEN,51.25011,4.3421,5.0,Belgium,Antwerpen,urban-periphery,industrial,UTC,01/07/1980 00:00:00,,Flanders,NET-Flanders
BETREG1,41REG1 - BRUXELLES            ,50.84357,4.36701,66.0,Belgium,BRUXELLES            ,urban-centre,traffic,UTC,16/09/2021 00:00:00,,Brussels,NET-Brussels
BETVBX1,BETVBX1 - Brussel (Rue de Grand Ile),50.84608,4.34609,10.0,Belgium,Bruxelles,urban-centre,traffic,UTC,20/08/2022 00:00:00,,Brussels,NET-Brussels
BETVBX2,BETVBX2 - Brussel (Rue des Tanneurs),50.84028,4.34683,10.0,Belgium,Bruxelles,urban-centre,traffic,UTC,20/08/2022 00:00:00,,Brussels,NET-Brussels
BETVBX3,BETVBX3 - Brussel (Rue de Laeken),50.85502,4.35245,10.0,Belgium,Bruxelles,urban-centre,traffic,UTC,20/08/2022 00:00:00,,Brussels,NET-Brussels
BETZD01,42ZD01 - ZWIJNDRECHT,51.2155,4.32592,12.0,Belgium,Zwijndrecht,urban-periphery,industrial,UTC,01/10/2021 00:00:00,,Flanders,NET-Flanders
BETZD08,42ZD08 - ZWIJNDRECHT,51.22731,4.33152,12.0,Belgium,Zwijndrecht,urban-periphery,industrial,UTC,05/10/2021 00:00:00,,Flanders,NET-Flanders
BEVAUD1,51AUD1 - AUDERGHEM,50.81389,4.43787,64.0,Belgium,AUDERGHEM,urban-centre,background,UTC,30/03/2022 00:00:00,,Brussels,NET-Brussels
BEVLU11,59LU11 - LEUVEN,50.87966,4.69113,0.0,Belgium,Leuven,urban-periphery,background,UTC,14/01/2016 00:00:00,,Flanders,NET-Flanders
BEVM204,50M204 - ANGLEUR,50.61192,5.61115,0.0,Belgium,Angleur,urban-centre,background,UTC,01/01/2018 00:00:00,,Wallonia,NET-Wallonia
BEVMOU1,5MOU01 - MOUSCRON,50.75317,3.24136,42.0,Belgium,Mouscron (Moeskroen),urban-periphery,industrial,UTC,01/05/2007 00:00:00,,Wallonia,NET-Wallonia
BEVN060,50N060 - HAVINNES,50.61672,3.45762,0.0,Belgium,HAVINNES,urban-periphery,background,UTC,01/01/2013 00:00:00,,Wallonia,NET-Wallonia
BEVN063,50N063 - CORROY L.G.,50.65544,4.66829,145.0,Belgium,Chaumont-Gistoux,rural,background,UTC,02/10/2001 00:00:00,,Wallonia,NET-Wallonia
BEVN064,50N064 - RIXENSART,50.72089,4.49436,100.0,Belgium,RIXENSART,urban-periphery,background,UTC,02/03/2022 00:00:00,,Wallonia,NET-Wallonia
BEVN066,50N066 - EUPEN,50.62886,6.00233,295.0,Belgium,Baelen,rural,background,UTC,02/10/2001 00:00:00,,Wallonia,NET-Wallonia
BEVN070,50N070 - MONS,50.46519,3.93971,30.0,Belgium,Mons,urban-periphery,background,UTC,02/10/2001 00:00:00,,Wallonia,NET-Wallonia
BEVN085,50N085 - VIELSALM,50.30321,6.00174,490.0,Belgium,Vielsalm,rural,background,UTC,02/10/2001 00:00:00,,Wallonia,NET-Wallonia
BEVN100,50N100 - DOURBES,50.09568,4.59476,225.0,Belgium,Viroinval,rural,background,UTC,02/10/2001 00:00:00,,Wallonia,NET-Wallonia
BEVN113,50N113 - SAINT-ODE,50.02703,5.59302,510.0,Belgium,Sainte-Ode,rural,background,UTC,02/10/2001 00:00:00,,Wallonia,NET-Wallonia
BEVNM01,50NM01 - NAMUR,50.4632,4.87241,0.0,Belgium,Namur,urban-centre,background,UTC,01/01/2018 00:00:00,,Wallonia,NET-Wallonia
BEVR001,51R001 - MOLENBEEK,50.84967,4.33382,15.0,Belgium,Sint-Jan-Molenbeek=Molenbeek-Saint-Jean,urban-centre,background,UTC,01/04/1995 00:00:00,,Brussels,NET-Brussels
BEVR002,51R002 - IXELLES,50.82513,4.38472,70.0,Belgium,Elsene=Ixelles,urban-periphery,traffic,UTC,01/04/1994 00:00:00,,Brussels,NET-Brussels
BEVR012,51R012 - UCCLE,50.79663,4.35854,100.0,Belgium,Ukkel=Uccle,urban-periphery,background,UTC,01/08/1994 00:00:00,,Brussels,NET-Brussels
BEVR221,50R221 - LIEGE,50.65844,5.62784,65.0,Belgium,Herstal,urban-centre,background,UTC,01/01/2013 00:00:00,,Wallonia,NET-Wallonia
BEVR240,50R240 - ENGIS,50.58361,5.39745,135.0,Belgium,Engis,urban-periphery,industrial,UTC,02/10/2001 00:00:00,,Wallonia,NET-Wallonia
BEVR501,50R501 - CHARLEROI,50.40931,4.45217,115.0,Belgium,Charleroi,urban-centre,background,UTC,02/10/2001 00:00:00,,Wallonia,NET-Wallonia
BEVR502,50R502 - LODELINSART,50.429,4.45868,0.0,Belgium,Lodelinsart,urban-centre,background,UTC,01/01/2018 00:00:00,,Wallonia,NET-Wallonia
BEVR822,50R822 - ANTWERPEN,51.26429,4.34128,0.0,Belgium,Antwerpen,urban-periphery,background,UTC,01/01/2017 00:00:00,,Flanders,NET-Flanders
BEVWOL1,51WOL1 - WOL.ST.L.,50.85658,4.4257,77.0,Belgium,Sint-Lambrechts-Woluwe=Woluwe-Saint-Lambert,urban-periphery,background,UTC,01/01/1997 00:00:00,,Brussels,NET-Brussels
BG0013A,AMS Izvorite-Devnya,43.22304,27.58724,20.0,Bulgaria,,urban-centre,background,UTC+02,01/01/1990 00:00:00,,National air network,NET-BG001A
BG0018A,AMS Studen kladenets-Kardzhali,41.63608,25.37968,238.0,Bulgaria,,urban-centre,background,UTC+02,01/01/2009 00:00:00,,National air network,NET-BG001A
BG0020A,RIEW-Veliko Tarnovo,43.0742,25.60488,214.0,Bulgaria,,urban-centre,background,UTC+02,01/01/2005 00:00:00,,National air network,NET-BG001A
BG0024A,Gara Yana,42.72749,23.55601,587.0,Bulgaria,,urban-periphery,background,UTC+02,01/01/2004 00:00:00,,National air network,NET-BG001A
BG0025A,Pirdop,42.70821,24.17728,707.0,Bulgaria,,urban-centre,background,UTC+02,01/01/2005 00:00:00,,National air network,NET-BG001A
BG0026A,AMS Galabovo,42.14648,25.87541,136.0,Bulgaria,,urban-centre,industrial,UTC+02,01/01/2007 00:00:00,,National air network,NET-BG001A
BG0034A,Dolni Voden,42.02315,24.84011,257.0,Bulgaria,,urban-periphery,background,UTC+02,01/01/2005 00:00:00,,National air network,NET-BG001A
BG0038A,AMS Shumen,43.26821,26.93844,212.0,Bulgaria,,urban-centre,background,UTC+02,01/01/2009 00:00:00,,National air network,NET-BG001A
BG0040A,AMS Nadezhda-Sofia,42.73229,23.31097,534.0,Bulgaria,,urban-centre,background,UTC+02,06/01/1993 00:00:00,,National air network,NET-BG001A
BG0041A,AMS Rakovski-Dimitrovgrad,42.05638,25.59345,103.0,Bulgaria,,urban-centre,background,UTC+02,01/01/1993 00:00:00,,National air network,NET-BG001A
BG0043A,AMS Railway Station-Vratsa,43.20798,23.55741,363.0,Bulgaria,,urban-centre,background,UTC+02,01/01/1993 00:00:00,,National air network,NET-BG001A
BG0044A,AMS Dolno Ezerovo-Burgas,42.51889,27.37514,6.0,Bulgaria,,urban-centre,industrial,UTC+02,01/09/1993 00:00:00,,National air network,NET-BG001A
BG0045A,AMS Vazrazhdane-Ruse,43.85137,25.96409,41.0,Bulgaria,,urban-centre,background,UTC+02,01/01/1994 00:00:00,,National air network,NET-BG001A
BG0046A,Tsarkva - Pernik,42.57827,23.11398,770.0,Bulgaria,,urban-centre,background,UTC+02,01/01/2001 00:00:00,,National air network,NET-BG001A
BG0047A,RIEW - Pazardzhik,42.19141,24.33685,210.0,Bulgaria,,urban-centre,background,UTC+02,01/01/2001 00:00:00,,National air network,NET-BG001A
BG0050A,AMS Hipodruma-Sofia,42.68056,23.29679,581.0,Bulgaria,,urban-centre,background,UTC+02,01/01/1997 00:00:00,,National air network,NET-BG001A
BG0051A,AMS Kamenitsa-Plovdiv,42.14289,24.76524,166.0,Bulgaria,,urban-centre,background,UTC+02,01/01/1997 00:00:00,,National air network,NET-BG001A
BG0052A,AMS Druzhba -Sofia,42.66651,23.40016,548.0,Bulgaria,,urban-centre,background,UTC+02,01/01/1997 00:00:00,,National air network,NET-BG001A
BG0053R,AMS Rozhen peak,41.69434,24.73808,1720.0,Bulgaria,,rural-remote,background,UTC+02,01/01/2004 00:00:00,,National air network,NET-BG001A
BG0055A,AMS Zelen klin-Stara Zagora,42.43236,25.63739,208.0,Bulgaria,,urban-centre,traffic,UTC+02,01/01/1997 00:00:00,,National air network,NET-BG001A
BG0056A,AMS Meden rudnik-Burgas,42.45662,27.42097,51.0,Bulgaria,,urban-centre,background,UTC+02,01/01/1998 00:00:00,,National air network,NET-BG001A
BG0057A,AMS Gorna Oryahovitsa,43.12647,25.69121,172.0,Bulgaria,,urban-centre,background,UTC+02,01/01/2009 00:00:00,,National air network,NET-BG001A
BG0058A,AMS Blagoevgrad,42.00193,23.09782,414.0,Bulgaria,,urban-centre,background,UTC+02,01/01/2009 00:00:00,,National air network,NET-BG001A
BG0060A,RIEW - Montana,43.40971,23.22393,160.0,Bulgaria,,urban-centre,background,UTC+02,01/01/2006 00:00:00,,National air network,NET-BG001A
BG0061A,RIEW-Haskovo,41.93021,25.55265,187.0,Bulgaria,,urban-centre,background,UTC+02,01/01/2006 00:00:00,,National air network,NET-BG001A
BG0063A,RIEW-Burgas,42.51015,27.46885,31.0,Bulgaria,,urban-centre,background,UTC+02,01/01/2006 00:00:00,,National air network,NET-BG001A
BG0066A,AMS Lovech,43.13693,24.71574,177.0,Bulgaria,,urban-centre,background,UTC+02,01/01/2009 00:00:00,,National air network,NET-BG001A
BG0069A,AMS Sliven,42.67401,26.33833,240.0,Bulgaria,,urban-centre,background,UTC+02,01/01/2009 00:00:00,,National air network,NET-BG001A
BG0070A,AMS Kopitoto,42.63719,23.24386,1321.0,Bulgaria,,unknown,background,UTC+02,01/01/2009 00:00:00,,National air network,NET-BG001A
BG0071A,AMS Nesebar,42.65976,27.72096,27.0,Bulgaria,,urban-centre,background,UTC+02,01/01/2009 00:00:00,,National air network,NET-BG001A
BG0073A,AMS ExEA/Pavlovo-Sofia,42.6698,23.2684,615.0,Bulgaria,,urban-centre,traffic,UTC+02,01/01/2009 00:00:00,,National air network,NET-BG001A
BG0075A,AMS SOU Angel Kanchev-Varna,43.22439,27.91573,83.0,Bulgaria,,urban-centre,background,UTC+02,01/01/2013 00:00:00,,National air network,NET-BG001A
BG0076A,AMS OU Han Asparuh-Dobrich,43.55288,27.83308,246.0,Bulgaria,,urban-centre,background,UTC+02,01/01/2013 00:00:00,,National air network,NET-BG001A
BG0077A,AMS Bibliotekata-Smolyan,41.57662,24.71412,920.0,Bulgaria,,urban-centre,background,UTC+02,06/08/2015 00:00:00,,National air network,NET-BG001A
BG0078A,AMS Trakia - Plovdiv,42.14119,24.78795,0.0,Bulgaria,,urban-centre,traffic,UTC+02,14/08/2015 00:00:00,,National air network,NET-BG001A
BG0079A,AMS Mladost-Sofia,42.65549,23.38327,0.0,Bulgaria,,urban-centre,traffic,UTC+02,28/10/2015 00:00:00,,National air network,NET-BG001A
BG0080A,AMS Center-Pernik,42.61033,23.03219,0.0,Bulgaria,,urban-centre,background,UTC+02,02/11/2015 00:00:00,,National air network,NET-BG001A
BG0081A,AMS Vidin 2,43.99893,22.86759,35.0,Bulgaria,,urban-centre,background,UTC+02,10/11/2017 00:00:00,,National air network,NET-BG001A
BG0083A,AMS Chaika - Varna,43.21728,27.93596,51.0,Bulgaria,,urban-centre,background,UTC+02,01/01/2018 00:00:00,,National air network,NET-BG001A
BG0084A,AMS Patriarch Evtimiy - Pleven,43.40904,24.62425,100.0,Bulgaria,,urban-centre,background,UTC+02,02/01/2019 00:00:00,,National air network,NET-BG001A
CA1018,Parry Sound,45.3378,-80.0378,179.0,Canada,ONTARIO,unknown,background,America/Toronto,,,AirNow,NET-CA-OpenAQ
CA1033,Peterborough,44.3,-78.35,242.0,Canada,ONTARIO,unknown,background,America/Toronto,,,AirNow,NET-CA-OpenAQ
CA1045,Pitt Meadows,49.24528,-122.70889,2.0,Canada,BRITISH COLUMBIA,unknown,background,America/Vancouver,,,AirNow,NET-CA-OpenAQ
CA1061,Port Stanley,42.6725,-81.1647,213.0,Canada,ONTARIO,unknown,background,America/Toronto,,,AirNow,NET-CA-OpenAQ
CA1065,Powell River Wildwoo,49.8875,-124.5583,131.0,Canada,,unknown,background,America/Vancouver,,,AirNow,NET-CA-OpenAQ
CA1066,Powell River James T,49.889299,-124.5624,125.0,Canada,BRITISH COLUMBIA,unknown,background,America/Vancouver,,,AirNow,NET-CA-OpenAQ
CA1073,Hamilton Downtown,43.2561,-79.8617,96.0,Canada,ONTARIO,unknown,background,America/Toronto,,,AirNow,NET-CA-OpenAQ
CA1138,Houston Firehall,54.3972,-126.645,600.0,Canada,BRITISH COLUMBIA,unknown,background,America/Vancouver,,,AirNow,NET-CA-OpenAQ
CA1143,Algoma,47.035,-84.3811,395.0,Canada,ONTARIO,unknown,background,America/Toronto,,,AirNow,NET-CA-OpenAQ
CA1179,Grand Forks City Hal,49.031168,-118.439088,516.0,Canada,BRITISH COLUMBIA,unknown,background,America/Vancouver,,,AirNow,NET-CA-OpenAQ
CA1182,Grand Bend,43.3306,-81.7425,189.0,Canada,ONTARIO,unknown,background,America/Toronto,,,AirNow,NET-CA-OpenAQ
CA1185,Goose Bay,53.3047,-60.3644,37.0,Canada,NEWFOUNDLAND,unknown,background,America/Goose_Bay,,,AirNow,NET-CA-OpenAQ
CA1192,Kejimkujik National,44.4336,-65.2058,154.0,Canada,,unknown,background,America/Halifax,,,AirNow,NET-CA-OpenAQ
CA1194,Kelowna College,49.8611,-119.475,348.0,Canada,,unknown,background,America/Vancouver,,,AirNow,NET-CA-OpenAQ
CA1195254,Sherbrooke - Parc Sy,45.41436,-71.88269,217.0,Canada,QUEBEC,unknown,background,America/Toronto,,,AirNow,NET-CA-OpenAQ
CA1203,Kensington Park,49.2794,-122.97109999999999,110.0,Canada,BRITISH COLUMBIA,unknown,background,America/Vancouver,,,AirNow,NET-CA-OpenAQ
CA1206909,Hamilton Mountain,43.24132,-79.88941,197.0,Canada,N/A,unknown,background,America/Toronto,,,AirNow,NET-CA-OpenAQ
CA1206910,Windsor West,42.2917,-83.075,182.0,Canada,ONTARIO,unknown,background,America/Toronto,,,AirNow,NET-CA-OpenAQ
CA1210340,Guelph,43.55,-80.2667,340.0,Canada,ONTARIO,unknown,background,America/Toronto,,,AirNow,NET-CA-OpenAQ
CA1210341,Toronto East,43.7453,-79.2703,164.0,Canada,ONTARIO,unknown,background,America/Toronto,,,AirNow,NET-CA-OpenAQ
CA1210342,Hamilton West,43.25,-79.9,105.0,Canada,ONTARIO,unknown,background,America/Toronto,,,AirNow,NET-CA-OpenAQ
CA1214,Kitchener,43.4419,-80.5044,329.0,Canada,ONTARIO,unknown,background,America/Toronto,,,AirNow,NET-CA-OpenAQ
CA1215,Kitimat Riverlodge,54.05389,-128.671436,13.0,Canada,BRITISH COLUMBIA,unknown,background,America/Vancouver,,,AirNow,NET-CA-OpenAQ
CA1232,Abbotsford,49.04278,-122.30971999999998,54.0,Canada,BRITISH COLUMBIA,unknown,background,America/Vancouver,,,AirNow,NET-CA-OpenAQ
CA1235998,Nadia Drive,44.682172,-63.591954,46.0,Canada,,unknown,background,America/Halifax,,,AirGradient,NET-CA-OpenAQ
CA1236028,OpenAF,50.221058686904136,-119.22843790237432,445.0,Canada,,unknown,background,America/Vancouver,,,AirGradient,NET-CA-OpenAQ
CA1236029,Halte routière,45.54443354923713,-73.21194147930187,7.0,Canada,,unknown,background,America/Toronto,,,AirGradient,NET-CA-OpenAQ
CA1236052,"AirGradient Monitor, Gatineau, Quebec, Canada",45.499661209969304,-75.73283069009466,70.0,Canada,,unknown,background,America/Toronto,,,AirGradient,NET-CA-OpenAQ
CA1236062,"AC Richmond, BC",49.12289147218409,-123.1630830234623,3.0,Canada,,unknown,background,America/Vancouver,,,AirGradient,NET-CA-OpenAQ
CA1274941,Brampton,43.669911,-79.766589,217.0,Canada,N/A,unknown,background,America/Toronto,,,AirNow,NET-CA-OpenAQ
CA1274942,Burlington,43.315111,-79.802639,79.0,Canada,ONTARIO,unknown,background,America/Toronto,,,AirNow,NET-CA-OpenAQ
CA1274943,Milton,43.52965,-79.862449,207.0,Canada,N/A,unknown,background,America/Toronto,,,AirNow,NET-CA-OpenAQ
CA1274944,Misssissauga,43.546972,-79.658694,115.0,Canada,N/A,unknown,background,America/Toronto,,,AirNow,NET-CA-OpenAQ
CA1274945,Newmarket,44.044306,-79.48325,266.0,Canada,N/A,unknown,background,America/Toronto,,,AirNow,NET-CA-OpenAQ
CA1274946,Oakville,43.486917,-79.702278,167.0,Canada,N/A,unknown,background,America/Toronto,,,AirNow,NET-CA-OpenAQ
CA1274947,Oshawa,43.95222,-78.9125,160.0,Canada,N/A,unknown,background,America/Toronto,,,AirNow,NET-CA-OpenAQ
CA1274948,Thunder Bay,48.379389,-89.290167,192.0,Canada,N/A,unknown,background,America/Toronto,,,AirNow,NET-CA-OpenAQ
CA1274949,Toronto North,43.78043,-79.467397,190.0,Canada,N/A,unknown,background,America/Toronto,,,AirNow,NET-CA-OpenAQ
CA1274950,Toronto West,43.709444,-79.5435,142.0,Canada,N/A,unknown,background,America/Toronto,,,AirNow,NET-CA-OpenAQ
CA1275379,Ottawa Downtown,45.434333,-75.67599,73.0,Canada,ONTARIO,unknown,background,America/Toronto,,,AirNow,NET-CA-OpenAQ
CA1275380,Windsor Downtown,42.315778,-83.043667,187.0,Canada,ONTARIO,unknown,background,America/Toronto,,,AirNow,NET-CA-OpenAQ
CA1275787,Brantford,43.138611,-80.292639,206.0,Canada,ONTARIO,unknown,background,America/Toronto,,,AirNow,NET-CA-OpenAQ
CA1275788,Cornwall,45.017972,-74.735222,57.0,Canada,ONTARIO,unknown,background,America/Toronto,,,AirNow,NET-CA-OpenAQ
CA1275789,Dorset,45.224278,-78.932944,323.0,Canada,ONTARIO,unknown,background,America/Toronto,,,AirNow,NET-CA-OpenAQ
CA1275790,Grand Bend,42.333083,-81.742889,170.0,Canada,ONTARIO,unknown,background,America/Toronto,,,AirNow,NET-CA-OpenAQ
CA1275791,Guelph,43.551611,-80.264167,329.0,Canada,ONTARIO,unknown,background,America/Toronto,,,AirNow,NET-CA-OpenAQ
CA1275792,Hamilton Downtown,43.257778,-79.861667,92.0,Canada,ONTARIO,unknown,background,America/Toronto,,,AirNow,NET-CA-OpenAQ
CA1275793,Hamilton West,43.257444,-79.90775,100.0,Canada,ONTARIO,unknown,background,America/Toronto,,,AirNow,NET-CA-OpenAQ
CA1275794,Kingston,44.219722,-76.521111,89.0,Canada,ONTARIO,unknown,background,America/Toronto,,,AirNow,NET-CA-OpenAQ
CA1275795,Kitchener,43.443833,-80.503806,329.0,Canada,ONTARIO,unknown,background,America/Toronto,,,AirNow,NET-CA-OpenAQ
CA1275796,North Bay,46.323194,-79.449278,216.0,Canada,ONTARIO,unknown,background,America/Toronto,,,AirNow,NET-CA-OpenAQ
CA1275797,Parry Sound,45.338261,-80.039269,182.0,Canada,ONTARIO,unknown,background,America/Toronto,,,AirNow,NET-CA-OpenAQ
CA1275798,Peterborough,44.301917,-78.346222,228.0,Canada,ONTARIO,unknown,background,America/Toronto,,,AirNow,NET-CA-OpenAQ
CA1275799,Port Stanley,42.672083,-81.162889,213.0,Canada,ONTARIO,unknown,background,America/Toronto,,,AirNow,NET-CA-OpenAQ
CA1275800,Sault Ste Marie,46.533194,-84.309917,243.0,Canada,ONTARIO,unknown,background,America/Toronto,,,AirNow,NET-CA-OpenAQ
CA1275801,St. Catharines,43.160056,-79.23475,95.0,Canada,ONTARIO,unknown,background,America/Toronto,,,AirNow,NET-CA-OpenAQ
CA1275802,Tiverton,44.314472,-81.549722,216.0,Canada,ONTARIO,unknown,background,America/Toronto,,,AirNow,NET-CA-OpenAQ
CA1275803,Toronto East,43.747917,-79.274056,169.0,Canada,ONTARIO,unknown,background,America/Toronto,,,AirNow,NET-CA-OpenAQ
CA1275804,Windsor West,42.292886,-83.073139,180.0,Canada,ONTARIO,unknown,background,America/Toronto,,,AirNow,NET-CA-OpenAQ
CA1276230,Belleville,44.150528,-77.3955,78.0,Canada,ONTARIO,unknown,background,America/Toronto,,,AirNow,NET-CA-OpenAQ
CA1276231,Chatham,42.403964,-82.208306,182.0,Canada,ONTARIO,unknown,background,America/Toronto,,,AirNow,NET-CA-OpenAQ
CA1276232,Grand Bend,43.333083,-81.742889,188.0,Canada,ONTARIO,unknown,background,America/Toronto,,,AirNow,NET-CA-OpenAQ
CA1285343,SPARTAN - Downsview,43.79,-79.47,190.0,Canada,Toronto,unknown,background,America/Toronto,,,SPARTAN Network,NET-CA-OpenAQ
CA1285344,SPARTAN - Halifax,44.638,-63.594,51.0,Canada,Halifax,unknown,background,America/Halifax,,,SPARTAN Network,NET-CA-OpenAQ
CA1285348,SPARTAN - Kelowna,49.9413,-119.4,462.0,Canada,Kelowna,unknown,background,America/Vancouver,,,SPARTAN Network,NET-CA-OpenAQ
CA1285349,SPARTAN - Lethbridge,49.6817,-112.869,909.0,Canada,Lethbridge,unknown,background,America/Edmonton,,,SPARTAN Network,NET-CA-OpenAQ
CA1285354,SPARTAN - Sherbrooke,45.3798,-71.9313,239.0,Canada,Sherbrooke,unknown,background,America/Toronto,,,SPARTAN Network,NET-CA-OpenAQ
CA1289474,North Bay,46.32255,-79.449444,216.0,Canada,ONTARIO,unknown,background,America/Toronto,,,AirNow,NET-CA-OpenAQ
CA1315,Langley,49.09556,-122.56694,87.0,Canada,BRITISH COLUMBIA,unknown,background,America/Vancouver,,,AirNow,NET-CA-OpenAQ
CA1335223,Pierrefonds,45.500631,-73.838472,27.0,Canada,,unknown,background,America/Toronto,,,AirGradient,NET-CA-OpenAQ
CA1364,Hope,49.36972,-121.49944,36.0,Canada,BRITISH COLUMBIA,unknown,background,America/Vancouver,,,AirNow,NET-CA-OpenAQ
CA1365098,Burlington,43.314603,-79.80277,76.0,Canada,ONTARIO,unknown,background,America/Toronto,,,AirNow,NET-CA-OpenAQ
CA1365266,Barrie,44.382338,-79.702446,230.0,Canada,ONTARIO,unknown,background,America/Toronto,,,AirNow,NET-CA-OpenAQ
CA1365267,Cornwall,45.017976,-74.735339,57.0,Canada,ONTARIO,unknown,background,America/Toronto,,,AirNow,NET-CA-OpenAQ
CA1365268,Misssissauga,43.546174,-79.658797,113.0,Canada,N/A,unknown,background,America/Toronto,,,AirNow,NET-CA-OpenAQ
CA1365269,Peterborough,44.301848,-78.346384,228.0,Canada,ONTARIO,unknown,background,America/Toronto,,,AirNow,NET-CA-OpenAQ
CA1380,Winnipeg_Scotia,49.9319,-96.8631,244.0,Canada,MANITOBA,unknown,background,America/Winnipeg,,,AirNow,NET-CA-OpenAQ
CA1381,Winnipeg_Ellens,49.9489,-97.3964,238.0,Canada,MANITOBA,unknown,background,America/Winnipeg,,,AirNow,NET-CA-OpenAQ
CA1385,Windsor Downtown,42.3144,-83.0433,187.0,Canada,ONTARIO,unknown,background,America/Toronto,,,AirNow,NET-CA-OpenAQ
CA1399,Whistler Meadow Park,50.144285,-122.960402,651.0,Canada,BRITISH COLUMBIA,unknown,background,America/Vancouver,,,AirNow,NET-CA-OpenAQ
CA1409501,unhitched-override,45.5271,-73.60962,66.0,Canada,,unknown,background,America/Toronto,,,AirGradient,NET-CA-OpenAQ
CA1415,Flin Flon,54.765,-101.8753,335.0,Canada,MANITOBA,unknown,background,America/Winnipeg,,,AirNow,NET-CA-OpenAQ
CA1418385,Westmount,53.5500844,-113.5458698,669.0,Canada,,unknown,background,America/Edmonton,,,AirGradient,NET-CA-OpenAQ
CA1457890,"Burnaby, SFU",49.2535808,-122.9006069,60.0,Canada,,unknown,background,America/Vancouver,,,AirGradient,NET-CA-OpenAQ
CA1466168,Strathcona,49.276261,-123.092619,9.0,Canada,,unknown,background,America/Vancouver,,,AirGradient,NET-CA-OpenAQ
CA1491,Barrie,44.3922,-79.3922,218.0,Canada,,unknown,background,America/Toronto,,,AirNow,NET-CA-OpenAQ
CA1499237,"Red Mountain Rd, Silverton",49.9340719,-117.3513185,814.0,Canada,,unknown,background,America/Vancouver,,,AirGradient,NET-CA-OpenAQ
CA1506,Belleville,44.1503,-77.3956,78.0,Canada,ONTARIO,unknown,background,America/Toronto,,,AirNow,NET-CA-OpenAQ
CA1513,Victoria Topaz,48.44194199999999,-123.363165,29.0,Canada,BRITISH COLUMBIA,unknown,background,America/Vancouver,,,AirNow,NET-CA-OpenAQ
CA1521,Vernon Science Centr,50.260617,-119.270723,377.0,Canada,BRITISH COLUMBIA,unknown,background,America/Vancouver,,,AirNow,NET-CA-OpenAQ
CA1528,Vancouver Airport,49.18639000000001,-123.15221999999997,2.0,Canada,BRITISH COLUMBIA,unknown,background,America/Vancouver,,,AirNow,NET-CA-OpenAQ
CA1534089,"Montgomery, Calgary",51.07583662516606,-114.15994576851888,1078.0,Canada,,unknown,background,America/Edmonton,,,AirGradient,NET-CA-OpenAQ
CA1535,London,42.974461,-81.200858,246.0,Canada,ONTARIO,unknown,background,America/Toronto,,,AirNow,NET-CA-OpenAQ
CA1547377,"Linden Woods, Winnipeg",49.832303,-97.190747,230.0,Canada,,unknown,background,America/Winnipeg,,,AirGradient,NET-CA-OpenAQ
CA1564668,Lilac Hill,44.012,-79.933,297.0,Canada,,unknown,background,America/Toronto,,,AirGradient,NET-CA-OpenAQ
CA1572,Brandon,49.8422,-99.9189,388.0,Canada,MANITOBA,unknown,background,America/Winnipeg,,,AirNow,NET-CA-OpenAQ
CA1574,Brantford,43.1403,-80.2961,207.0,Canada,ONTARIO,unknown,background,America/Toronto,,,AirNow,NET-CA-OpenAQ
CA1581377,unhitched-override-id,45.5271,-73.60962,66.0,Canada,,unknown,background,America/Toronto,,,AirGradient,NET-CA-OpenAQ
CA1581378,unhitched-overide-od,45.5271,-73.60962,66.0,Canada,,unknown,background,America/Toronto,,,AirGradient,NET-CA-OpenAQ
CA1600,Burnaby South,49.21528,-122.98555999999999,122.0,Canada,BRITISH COLUMBIA,unknown,background,America/Vancouver,,,AirNow,NET-CA-OpenAQ
CA1612333,AQ-Toronto-Annex,43.6692007,-79.408185,121.0,Canada,,unknown,background,America/Toronto,,,AirGradient,NET-CA-OpenAQ
CA1647,Toronto Downtown,43.6619,-79.3853,104.0,Canada,,unknown,background,America/Toronto,,,AirNow,NET-CA-OpenAQ
CA1661,Tiverton,44.2994,-81.5753,189.0,Canada,ONTARIO,unknown,background,America/Toronto,,,AirNow,NET-CA-OpenAQ
CA1679245,Englishtown Cape Breton,46.2814266,-60.5645965,0.0,Canada,,unknown,background,America/Glace_Bay,,,AirGradient,NET-CA-OpenAQ
CA1709,Mahon Park,49.323891,-123.083611,64.0,Canada,BRITISH COLUMBIA,unknown,background,America/Vancouver,,,AirNow,NET-CA-OpenAQ
CA1729,Surrey East,49.13278,-122.69417000000001,84.0,Canada,BRITISH COLUMBIA,unknown,background,America/Vancouver,,,AirNow,NET-CA-OpenAQ
CA1734,Maple Ridge,49.215,-122.58194,51.0,Canada,BRITISH COLUMBIA,unknown,background,America/Vancouver,,,AirNow,NET-CA-OpenAQ
CA1781,St. Catharines,43.1583,-79.235,105.0,Canada,ONTARIO,unknown,background,America/Toronto,,,AirNow,NET-CA-OpenAQ
CA1822,Chatham,42.4033,-82.2086,181.0,Canada,ONTARIO,unknown,background,America/Toronto,,,AirNow,NET-CA-OpenAQ
CA1848,Chilliwack,49.156110000000005,-121.94056,12.0,Canada,BRITISH COLUMBIA,unknown,background,America/Vancouver,,,AirNow,NET-CA-OpenAQ
CA1891,Smithers St Josephs,54.7831,-127.1775,495.0,Canada,,unknown,background,America/Vancouver,,,AirNow,NET-CA-OpenAQ
CA1966,Sault Ste Marie,46.5331,-84.3094,243.0,Canada,ONTARIO,unknown,background,America/Toronto,,,AirNow,NET-CA-OpenAQ
CA1967,Coquitlam,49.28806,-122.79139000000002,47.0,Canada,BRITISH COLUMBIA,unknown,background,America/Vancouver,,,AirNow,NET-CA-OpenAQ
CA1968,Saturna,48.7833,-123.1333,111.0,Canada,BRITISH COLUMBIA,unknown,background,America/Vancouver,,,AirNow,NET-CA-OpenAQ
CA1970,Cornwall,45.0294,-74.7394,57.0,Canada,ONTARIO,unknown,background,America/Toronto,,,AirNow,NET-CA-OpenAQ
CA1993,Nanaimo Labieux Road,49.20083,-123.99389,110.0,Canada,BRITISH COLUMBIA,unknown,background,America/Vancouver,,,AirNow,NET-CA-OpenAQ
CA2023443,Pacifica,49.25777265342784,-123.11569850279542,55.0,Canada,,unknown,background,America/Vancouver,,,AirGradient,NET-CA-OpenAQ
CA2037,SYDNEY,46.142317,-60.172575,25.0,Canada,NOVA SCOTIA,unknown,background,America/Glace_Bay,,,AirNow,NET-CA-OpenAQ
CA2064,Experimental Lakes,49.6639,-93.7211,390.0,Canada,ONTARIO,unknown,background,America/Winnipeg,,,AirNow,NET-CA-OpenAQ
CA2070,North Bay,46.3175,-79.4453,210.0,Canada,ONTARIO,unknown,background,America/Toronto,,,AirNow,NET-CA-OpenAQ
CA2074,North Delta,49.15833,-122.90167,109.0,Canada,BRITISH COLUMBIA,unknown,background,America/Vancouver,,,AirNow,NET-CA-OpenAQ
CA2104,Round Top Ridge,45.0886,-72.5569,753.0,Canada,,unknown,background,America/Toronto,,,AirNow,NET-CA-OpenAQ
CA2113,Rocky Point Park,49.28083,-122.84917,0.0,Canada,BRITISH COLUMBIA,unknown,background,America/Vancouver,,,AirNow,NET-CA-OpenAQ
CA2129,Richmond South,49.14139,-123.10833000000001,2.0,Canada,BRITISH COLUMBIA,unknown,background,America/Vancouver,,,AirNow,NET-CA-OpenAQ
CA2211,Dorset,45.2211,-78.9314,316.0,Canada,ONTARIO,unknown,background,America/Toronto,,,AirNow,NET-CA-OpenAQ
CA2212,Ottawa,45.4322,-75.6764,72.0,Canada,ONTARIO,unknown,background,America/Toronto,,,AirNow,NET-CA-OpenAQ
CA224177,Whitehorse NAPS,60.71972000000001,-135.05875,637.0,Canada,N/A,unknown,background,America/Whitehorse,,,AirNow,NET-CA-OpenAQ
CA2251,Egbert,44.2325,-79.7814,249.0,Canada,ONTARIO,unknown,background,America/Toronto,,,AirNow,NET-CA-OpenAQ
CA2267,Quesnel Senior Secon,52.9822,-122.4922,490.0,Canada,,unknown,background,America/Vancouver,,,AirNow,NET-CA-OpenAQ
CA2272,PRG Plaza 400,53.914719999999996,-122.74194,577.0,Canada,BRITISH COLUMBIA,unknown,background,America/Vancouver,,,AirNow,NET-CA-OpenAQ
CA230086,Kitimat Haul Road,54.029194,-128.70269,9.0,Canada,BRITISH COLUMBIA,unknown,background,America/Vancouver,,,AirNow,NET-CA-OpenAQ
CA230088,PINE RIVER GAS PLANT,55.570022,-121.928814,1154.0,Canada,BRITISH COLUMBIA,unknown,background,America/Dawson_Creek,,,AirNow,NET-CA-OpenAQ
CA230089,Cranbrook Muriel Bax,49.507103,-115.753682,941.0,Canada,N/A,unknown,background,America/Edmonton,,,AirNow,NET-CA-OpenAQ
CA230090,Prince George Marsul,53.8416,-122.7344,593.0,Canada,BRITISH COLUMBIA,unknown,background,America/Vancouver,,,AirNow,NET-CA-OpenAQ
CA230091,Smithers Muheim Memo,54.778486,-127.168542,495.0,Canada,N/A,unknown,background,America/Vancouver,,,AirNow,NET-CA-OpenAQ
CA230092,Pine River Hasler,55.601678,-121.99348,611.0,Canada,BRITISH COLUMBIA,unknown,background,America/Dawson_Creek,,,AirNow,NET-CA-OpenAQ
CA230095,Quesnel Kinchant St,52.97950999999999,-122.49364,486.0,Canada,,unknown,background,America/Vancouver,,,AirNow,NET-CA-OpenAQ
CA230096,Birchbank Golf Cours,49.157855,-117.73312,479.0,Canada,N/A,unknown,background,America/Vancouver,,,AirNow,NET-CA-OpenAQ
CA230097,Kelowna KLO Road,49.862119,-119.46746099999999,350.0,Canada,N/A,unknown,background,America/Vancouver,,,AirNow,NET-CA-OpenAQ
CA230098,Trail Columbia Garde,49.046405,-117.60711,430.0,Canada,N/A,unknown,background,America/Vancouver,,,AirNow,NET-CA-OpenAQ
CA230099,Warfield Elementary,49.0952,-117.7469,626.0,Canada,N/A,unknown,background,America/Vancouver,,,AirNow,NET-CA-OpenAQ
CA230100,Trail Butler Park,49.096218,-117.697828,426.0,Canada,BRITISH COLUMBIA,unknown,background,America/Vancouver,,,AirNow,NET-CA-OpenAQ
CA230111,Penticton Industrial,49.47753,-119.59578,341.0,Canada,BRITISH COLUMBIA,unknown,background,America/Vancouver,,,AirNow,NET-CA-OpenAQ
CA230126,Taylor South Hill,56.105871,-120.662779,683.0,Canada,BRITISH COLUMBIA,unknown,background,America/Dawson_Creek,,,AirNow,NET-CA-OpenAQ
CA230818,Elk Falls Dogwood,50.018425,-125.2484,59.0,Canada,BRITISH COLUMBIA,unknown,background,America/Vancouver,,,AirNow,NET-CA-OpenAQ
CA235713,Duncan Deykin Avenue,48.80255,-123.646402,29.0,Canada,BRITISH COLUMBIA,unknown,background,America/Vancouver,,,AirNow,NET-CA-OpenAQ
CA236023,Québec - Collège St-,46.7969,-71.2461,74.0,Canada,QUEBEC,unknown,background,America/Toronto,,,AirNow,NET-CA-OpenAQ
CA236024,Brossard - Parc Sorb,45.44866,-73.468631,18.0,Canada,QUEBEC,unknown,background,America/Toronto,,,AirNow,NET-CA-OpenAQ
CA236025,Québec - Charlesbour,46.8615,-71.2572,89.0,Canada,QUEBEC,unknown,background,America/Toronto,,,AirNow,NET-CA-OpenAQ
CA236026,Saguenay - UQAC,48.4153,-71.0528,92.0,Canada,QUEBEC,unknown,background,America/Toronto,,,AirNow,NET-CA-OpenAQ
CA236027,Auclair,47.73333,-68.7072,320.0,Canada,QUEBEC,unknown,background,America/Toronto,,,AirNow,NET-CA-OpenAQ
CA236028,Saguenay - Parc Powe,48.43417,-71.185,88.0,Canada,QUEBEC,unknown,background,America/Toronto,,,AirNow,NET-CA-OpenAQ
CA236030,Temiscaming,46.72139,-79.0997,261.0,Canada,QUEBEC,unknown,background,America/Toronto,,,AirNow,NET-CA-OpenAQ
CA236031,Senneterre,48.4325,-77.1997,300.0,Canada,QUEBEC,unknown,background,America/Toronto,,,AirNow,NET-CA-OpenAQ
CA236032,Saint-Jean-sur-Riche,45.29417,-73.3489,44.0,Canada,QUEBEC,unknown,background,America/Toronto,,,AirNow,NET-CA-OpenAQ
CA236033,Radisson,53.69218,-77.74102,182.0,Canada,QUEBEC,unknown,background,America/Toronto,,,AirNow,NET-CA-OpenAQ
CA236034,Lévis - Parc Georges,46.80238,-71.16834,109.0,Canada,QUEBEC,unknown,background,America/Toronto,,,AirNow,NET-CA-OpenAQ
CA236035,Shawinigan - Saint-M,46.5544,-72.7361,118.0,Canada,QUEBEC,unknown,background,America/Toronto,,,AirNow,NET-CA-OpenAQ
CA2453306,Edmonton Greenwood,53.53272,-113.41334,665.0,Canada,,unknown,background,America/Edmonton,,,AirGradient,NET-CA-OpenAQ
CA2453308,Edmonton Eastgate,53.528934,-113.416058,664.0,Canada,,unknown,background,America/Edmonton,,,AirGradient,NET-CA-OpenAQ
CA2513451,"Sherwood Park, CANADA",53.562411,-113.260207,686.0,Canada,,unknown,background,America/Edmonton,,,AirGradient,NET-CA-OpenAQ
CA2668232,southG,51.29256183027962,-116.96560277762836,788.0,Canada,,unknown,background,America/Edmonton,,,AirGradient,NET-CA-OpenAQ
CA268736,Burns Lake Fire Cent,54.2307,-125.7643,709.0,Canada,BRITISH COLUMBIA,unknown,background,America/Vancouver,,,AirNow,NET-CA-OpenAQ
CA268737,Harmac Cedar Woodban,49.114165,-123.850165,23.0,Canada,BRITISH COLUMBIA,unknown,background,America/Vancouver,,,AirNow,NET-CA-OpenAQ
CA268738,Taylor Townsite,56.150186,-120.686985,474.0,Canada,BRITISH COLUMBIA,unknown,background,America/Dawson_Creek,,,AirNow,NET-CA-OpenAQ
CA268739,Golden Helipad,51.2975,-116.966,789.0,Canada,BRITISH COLUMBIA,unknown,background,America/Edmonton,,,AirNow,NET-CA-OpenAQ
CA268740,Valemount,52.832459,-119.269821,791.0,Canada,N/A,unknown,background,America/Vancouver,,,AirNow,NET-CA-OpenAQ
CA268741,FARMINGTON COMMUNITY,55.913233,-120.53157,698.0,Canada,BRITISH COLUMBIA,unknown,background,America/Dawson_Creek,,,AirNow,NET-CA-OpenAQ
CA268742,BESSBOROUGH 237 ROAD,55.791944,-120.483611,831.0,Canada,BRITISH COLUMBIA,unknown,background,America/Dawson_Creek,,,AirNow,NET-CA-OpenAQ
CA268867,Trois-Rivières - Éco,46.357175,-72.546187,17.0,Canada,QUEBEC,unknown,background,America/Toronto,,,AirNow,NET-CA-OpenAQ
CA270714,Quesnel Johnston Ave,52.96936,-122.4934,475.0,Canada,N/A,unknown,background,America/Vancouver,,,AirNow,NET-CA-OpenAQ
CA2752386,Ville Emard,45.454283,-73.583417,23.0,Canada,,unknown,background,America/Toronto,,,AirGradient,NET-CA-OpenAQ
CA277971,Edmonton Central Eas,53.549509,-113.48593000000001,668.0,Canada,N/A,unknown,background,America/Edmonton,,,AirNow,NET-CA-OpenAQ
CA277972,Airdrie,51.268227,-114.037677,1090.0,Canada,N/A,unknown,background,America/Edmonton,,,AirNow,NET-CA-OpenAQ
CA277975,Ardrossan,53.554691,-113.144105,703.0,Canada,N/A,unknown,background,America/Edmonton,,,AirNow,NET-CA-OpenAQ
CA277976,Conklin West,55.62140999999999,-111.17269000000002,678.0,Canada,N/A,unknown,background,America/Edmonton,,,AirNow,NET-CA-OpenAQ
CA277977,Janvier,55.9033,-110.7499,477.0,Canada,N/A,unknown,background,America/Edmonton,,,AirNow,NET-CA-OpenAQ
CA277978,Powers,53.6331,-114.4197,779.0,Canada,ALBERTA,unknown,background,America/Edmonton,,,AirNow,NET-CA-OpenAQ
CA277979,CALGARY SOUTHEAST,50.955122,-113.969742,1033.0,Canada,ALBERTA,unknown,background,America/Edmonton,,,AirNow,NET-CA-OpenAQ
CA277980,Grande Prairie - Hen,55.1767,-118.8064,659.0,Canada,ALBERTA,unknown,background,America/Edmonton,,,AirNow,NET-CA-OpenAQ
CA277981,Anzac,56.448889,-111.038056,499.0,Canada,N/A,unknown,background,America/Edmonton,,,AirNow,NET-CA-OpenAQ
CA277982,AJ Ottewell Communit,53.53209,-113.32098,715.0,Canada,N/A,unknown,background,America/Edmonton,,,AirNow,NET-CA-OpenAQ
CA277983,Conklin East,55.632331,-111.078872,565.0,Canada,N/A,unknown,background,America/Edmonton,,,AirNow,NET-CA-OpenAQ
CA277984,Hinton,53.2536,-117.3153,1233.0,Canada,ALBERTA,unknown,background,America/Edmonton,,,AirNow,NET-CA-OpenAQ
CA277985,RED DEER - LANCASTER,52.24095,-113.765439,908.0,Canada,ALBERTA,unknown,background,America/Edmonton,,,AirNow,NET-CA-OpenAQ
CA277986,Genesee,53.3017,-114.2211,778.0,Canada,ALBERTA,unknown,background,America/Edmonton,,,AirNow,NET-CA-OpenAQ
CA277987,Fort MacKay West,56.9967,-111.5926,314.0,Canada,N/A,unknown,background,America/Edmonton,,,AirNow,NET-CA-OpenAQ
CA278003,St Albert,53.626972,-113.61191699999999,692.0,Canada,N/A,unknown,background,America/Edmonton,,,AirNow,NET-CA-OpenAQ
CA278004,Gibbons,53.827241,-113.327174,659.0,Canada,N/A,unknown,background,America/Edmonton,,,AirNow,NET-CA-OpenAQ
CA278007,Redwater,53.951834,-113.105857,631.0,Canada,N/A,unknown,background,America/Edmonton,,,AirNow,NET-CA-OpenAQ
CA278008,Lamont,53.7603,-112.8803,723.0,Canada,,unknown,background,America/Edmonton,,,AirNow,NET-CA-OpenAQ
CA278129,Miramichi,47.02567,-65.52049,25.0,Canada,NEW BRUNSWICK,unknown,background,America/Moncton,,,AirNow,NET-CA-OpenAQ
CA2812547,SAAQS – 700 Block of Templeton Drive,49.27804,-123.06029,42.0,Canada,,unknown,background,America/Vancouver,,,Clarity,NET-CA-OpenAQ
CA2812569,SAAQS – 200 Block of Princess Ave,49.28362,-123.09126,16.0,Canada,,unknown,background,America/Vancouver,,,Clarity,NET-CA-OpenAQ
CA2812578,SAAQS – Portside near Crab Park,49.28581,-123.10578,4.0,Canada,,unknown,background,America/Vancouver,,,Clarity,NET-CA-OpenAQ
CA2812605,SAAQS – 1000 Block of E Pender St,49.27978,-123.08201,10.0,Canada,,unknown,background,America/Vancouver,,,Clarity,NET-CA-OpenAQ
CA2812618,SAAQS – 400 Block of Alexander St,49.28425,-123.09376,10.0,Canada,,unknown,background,America/Vancouver,,,Clarity,NET-CA-OpenAQ
CA2812658,SAAQS – 600 Block of Jackson Ave,49.27918,-123.09377,24.0,Canada,,unknown,background,America/Vancouver,,,Clarity,NET-CA-OpenAQ
CA2812662,SAAQS – 1100 Block of Franklin St,49.28262,-123.08056,14.0,Canada,,unknown,background,America/Vancouver,,,Clarity,NET-CA-OpenAQ
CA2812670,SAAQS – Clark Drive Station Colocation,49.26047,-123.07773,30.0,Canada,,unknown,background,America/Vancouver,,,Clarity,NET-CA-OpenAQ
CA2812674,SAAQS – 1300 Block of Adanac St,49.27768,-123.07634,14.0,Canada,,unknown,background,America/Vancouver,,,Clarity,NET-CA-OpenAQ
CA2812679,SAAQS – 600 Block of E Hastings St,49.28153,-123.09129,25.0,Canada,,unknown,background,America/Vancouver,,,Clarity,NET-CA-OpenAQ
CA2812683,SAAQS - 300 Block of Clark Dr,49.28186,-123.07691,8.0,Canada,,unknown,background,America/Vancouver,,,Clarity,NET-CA-OpenAQ
CA2817784,Chilligo,43.46257,-80.32872,312.0,Canada,,unknown,background,America/Toronto,,,AirGradient,NET-CA-OpenAQ
CA2822038,St-Joseph-de-Sorel -,46.045,-73.12972,14.0,Canada,QUEBEC,unknown,background,America/Toronto,,,AirNow,NET-CA-OpenAQ
CA2826190,Station Square-Queen urbaine,45.368313,-71.85605,154.0,Canada,,unknown,background,America/Toronto,,,AirGradient,NET-CA-OpenAQ
CA2836781,New Westminster,49.227045,-122.894487,48.0,Canada,N/A,unknown,background,America/Vancouver,,,AirNow,NET-CA-OpenAQ
CA2836782,Vancouver-Clark Driv,49.26029,-123.077811,30.0,Canada,N/A,unknown,background,America/Vancouver,,,AirNow,NET-CA-OpenAQ
CA2840477,Walnut Grove,49.1716277,-122.6584767,28.0,Canada,,unknown,background,America/Vancouver,,,AirGradient,NET-CA-OpenAQ
CA2844174,Bratts Lake,50.2008,-104.7108,589.0,Canada,SASKATCHEWAN,unknown,background,America/Regina,,,AirNow,NET-CA-OpenAQ
CA2844175,Bratts Lake,50.2008,-104.7108,589.0,Canada,SASKATCHEWAN,unknown,background,America/Regina,,,AirNow,NET-CA-OpenAQ
CA2844176,Bratts Lake,50.2008,-104.7108,589.0,Canada,SASKATCHEWAN,unknown,background,America/Regina,,,AirNow,NET-CA-OpenAQ
CA2844257,Frelighsburg Site B,45.04097,-72.85813,234.0,Canada,QUEBEC,unknown,background,America/Toronto,,,AirNow,NET-CA-OpenAQ
CA2845135,Sandy Hill,49.07414355621794,-122.24327090819519,118.0,Canada,,unknown,background,America/Vancouver,,,AirGradient,NET-CA-OpenAQ
CA2845178,Mission,49.14149,-122.311078,71.0,Canada,N/A,unknown,background,America/Vancouver,,,AirNow,NET-CA-OpenAQ
CA2845180,Vancouver-Pandora Pa,49.282286,-123.057608,39.0,Canada,N/A,unknown,background,America/Vancouver,,,AirNow,NET-CA-OpenAQ
CA2847305,"335 River Road, Ottawa",45.31738446136235,-75.68849747543955,93.0,Canada,,unknown,background,America/Toronto,,,AirGradient,NET-CA-OpenAQ
CA2847308,"335 River Road, Ottawa",45.31738446136235,-75.68849747543955,93.0,Canada,,unknown,background,America/Toronto,,,AirGradient,NET-CA-OpenAQ
CA2847558,Bears' Cave,48.3924669,-89.3070117,198.0,Canada,,unknown,background,America/Toronto,,,AirGradient,NET-CA-OpenAQ
CA2847610,Longueuil - Near Métro Station,45.52633,-73.52326,16.0,Canada,,unknown,background,America/Toronto,,,AirGradient,NET-CA-OpenAQ
CA285,Wagner2,53.493889,-114.449722,777.0,Canada,ALBERTA,unknown,background,America/Edmonton,,,AirNow,NET-CA-OpenAQ
CA2851897,Bateman Park,45.3279086,-75.7747801,92.0,Canada,,unknown,background,America/Toronto,,,AirGradient,NET-CA-OpenAQ
CA2863123,Bankview,51.0332342792632,-114.09890652848303,1081.0,Canada,,unknown,background,America/Edmonton,,,AirGradient,NET-CA-OpenAQ
CA287,St. Lina,54.216473,-111.50264,684.0,Canada,ALBERTA,unknown,background,America/Edmonton,,,AirNow,NET-CA-OpenAQ
CA2873228,Searchmont,46.76595,-84.03362,421.0,Canada,N/A,unknown,background,America/Toronto,,,AirNow,NET-CA-OpenAQ
CA2877975,Sasquatch air quality watch,62.45471,-114.35535,169.0,Canada,,unknown,background,America/Edmonton,,,AirGradient,NET-CA-OpenAQ
CA2895357,wîhkwêntôwin,53.540174945601024,-113.5235011562625,668.0,Canada,,unknown,background,America/Edmonton,,,AirGradient,NET-CA-OpenAQ
CA2895671,Con Area Yellowknife,62.4404364135856,-114.36128254790498,180.0,Canada,,unknown,background,America/Edmonton,,,AirGradient,NET-CA-OpenAQ
CA2909063,Sherwood Park North,53.5465842,-113.2959945,714.0,Canada,,unknown,background,America/Edmonton,,,AirGradient,NET-CA-OpenAQ
CA2925054,Birds Hill,49.975,-97.005277777778,239.0,Canada,,unknown,background,America/Winnipeg,,,AirGradient,NET-CA-OpenAQ
CA2937895,a,43.7737954,-79.4430518,193.0,Canada,,unknown,background,America/Toronto,,,AirGradient,NET-CA-OpenAQ
CA2939446,Pickle Lake,51.4494,-90.2175,385.0,Canada,ONTARIO,unknown,background,America/Atikokan,,,AirNow,NET-CA-OpenAQ
CA2939447,Pickle Lake,51.4494,-90.2175,385.0,Canada,ONTARIO,unknown,background,America/Atikokan,,,AirNow,NET-CA-OpenAQ
CA295419,Elkford Rocky Mounta,50.007794,-114.93342,1335.0,Canada,N/A,unknown,background,America/Edmonton,,,AirNow,NET-CA-OpenAQ
CA295420,Sparwood Centennial,49.732786,-114.88766000000001,1136.0,Canada,N/A,unknown,background,America/Edmonton,,,AirNow,NET-CA-OpenAQ
CA2955245,Whistler,50.1009772,-122.9864273,679.0,Canada,,unknown,background,America/Vancouver,,,AirGradient,NET-CA-OpenAQ
CA2957005,Edgemont,51.136354,-114.145923,1231.0,Canada,,unknown,background,America/Edmonton,,,AirGradient,NET-CA-OpenAQ
CA2966040,Brampton,43.668502,-79.760339,215.0,Canada,,unknown,background,America/Toronto,,,AirGradient,NET-CA-OpenAQ
CA2967069,"Stop 19 (Welland, ON)",43.00915,-79.26385,190.0,Canada,,unknown,background,America/Toronto,,,AirGradient,NET-CA-OpenAQ
CA297,Steeper,53.1325,-117.09111,1431.0,Canada,ALBERTA,unknown,background,America/Edmonton,,,AirNow,NET-CA-OpenAQ
CA2976549,"Everstone, Calgary",50.909637,-114.102864,1093.0,Canada,,unknown,background,America/Edmonton,,,AirGradient,NET-CA-OpenAQ
CA298,Bruderheim,53.800117,-112.927795,631.0,Canada,ALBERTA,unknown,background,America/Edmonton,,,AirNow,NET-CA-OpenAQ
CA2990989,Buchanan Street,43.242313168393586,-79.87406169737811,195.0,Canada,,unknown,background,America/Toronto,,,AirGradient,NET-CA-OpenAQ
CA2993753,Glenlyon Norfolk School,48.4287805,-123.3098726,11.0,Canada,,unknown,background,America/Vancouver,,,AirGradient,NET-CA-OpenAQ
CA2999792,Glenlyon Norfolk School,48.4287805,-123.3098726,11.0,Canada,,unknown,background,America/Vancouver,,,AirGradient,NET-CA-OpenAQ
CA3001486,Hackney Outdoor,43.21987697663326,-79.95349309041895,236.0,Canada,,unknown,background,America/Toronto,,,AirGradient,NET-CA-OpenAQ
CA3009455,The Forest,50.04670986886289,-96.3474109391633,261.0,Canada,,unknown,background,America/Winnipeg,,,AirGradient,NET-CA-OpenAQ
CA3010440,Greystone Heights,52.121173,-106.606045,512.0,Canada,,unknown,background,America/Regina,,,AirGradient,NET-CA-OpenAQ
CA3012206,Pointe-Gatineau,45.47678186384849,-75.68905705299647,53.0,Canada,,unknown,background,America/Toronto,,,AirGradient,NET-CA-OpenAQ
CA301607,Agassiz,49.238008,-121.762264,20.0,Canada,N/A,unknown,background,America/Vancouver,,,AirNow,NET-CA-OpenAQ
CA3017813,"Inglewood, Edmonton",53.5611858,-113.5476779,673.0,Canada,,unknown,background,America/Edmonton,,,AirGradient,NET-CA-OpenAQ
CA3019166,Citadel,51.1412128,-114.1743663,1259.0,Canada,,unknown,background,America/Edmonton,,,AirGradient,NET-CA-OpenAQ
CA3021286,"Deer Park, Red Deer",52.26572,-113.75666,900.0,Canada,,unknown,background,America/Edmonton,,,AirGradient,NET-CA-OpenAQ
CA3030376,Nobleton,43.902187,-79.652702,268.0,Canada,,unknown,background,America/Toronto,,,AirGradient,NET-CA-OpenAQ
CA3036026,Agassiz - Centennial,49.23836,-121.77478,17.0,Canada,N/A,unknown,background,America/Vancouver,,,AirNow,NET-CA-OpenAQ
CA3036183,Town of Peace River,56.240598,-117.296529,328.0,Canada,,unknown,background,America/Edmonton,,,AirGradient,NET-CA-OpenAQ
CA3037275,Station Ascot urbaine,45.3793,-71.8948,257.0,Canada,,unknown,background,America/Toronto,,,AirGradient,NET-CA-OpenAQ
CA3037949,Riverbend,50.966232,-114.007953,1027.0,Canada,,unknown,background,America/Edmonton,,,AirGradient,NET-CA-OpenAQ
CA3058771,Agincourt,43.775023966781816,-79.31428226974963,185.0,Canada,,unknown,background,America/Toronto,,,AirGradient,NET-CA-OpenAQ
CA306330,Burnaby Mountain,49.2798,-122.9223,342.0,Canada,N/A,unknown,background,America/Vancouver,,,AirNow,NET-CA-OpenAQ
CA307,Squamish,49.7064,-123.1544,6.0,Canada,,unknown,background,America/Vancouver,,,AirNow,NET-CA-OpenAQ
CA3085653,Gatineau,45.499663,-75.732841,70.0,Canada,,unknown,background,America/Toronto,,,AirGradient,NET-CA-OpenAQ
CA3085744,Gatineau,45.499663,-75.732841,70.0,Canada,,unknown,background,America/Toronto,,,AirGradient,NET-CA-OpenAQ
CA311889,Kitimat Industrial A,54.061,-128.688,17.0,Canada,N/A,unknown,background,America/Vancouver,,,AirNow,NET-CA-OpenAQ
CA3145071,NASA GSFC Rutgers Calib. N20,43.79,-79.47,190.0,Canada,,unknown,background,America/Toronto,,,Clarity,NET-CA-OpenAQ
CA3146519,NASA GSFC Rutgers Calib. N15,44.2314,-79.7813,253.0,Canada,,unknown,background,America/Toronto,,,Clarity,NET-CA-OpenAQ
CA3165788,Kitchener,43.439878357916136,-80.49108065150658,331.0,Canada,,unknown,background,America/Toronto,,,AirGradient,NET-CA-OpenAQ
CA3183786,Green Acres Rd,45.21345772454709,-76.17400224015532,123.0,Canada,,unknown,background,America/Toronto,,,AirGradient,NET-CA-OpenAQ
CA326608,FIREHALL-LABRADORCIT,52.94548,-66.910245,555.0,Canada,NEWFOUNDLAND,unknown,background,America/Goose_Bay,,,AirNow,NET-CA-OpenAQ
CA3279120,Station Boisée Ascot-Lennox,45.36893,-71.88035,273.0,Canada,,unknown,background,America/Toronto,,,AirGradient,NET-CA-OpenAQ
CA3286476,"Treehouse Village Ecohousing, Bridgewater, NS",44.377411,-64.533769,61.0,Canada,,unknown,background,America/Halifax,,,AirGradient,NET-CA-OpenAQ
CA3305729,Beechlawn Backyard,43.4645,-80.5635,342.0,Canada,,unknown,background,America/Toronto,,,AirGradient,NET-CA-OpenAQ
CA3334241,Findlay Creek,45.314618,-75.6105474,95.0,Canada,,unknown,background,America/Toronto,,,AirGradient,NET-CA-OpenAQ
CA3336856,House,44.5867,-76.02833,129.0,Canada,,unknown,background,America/Toronto,,,AirGradient,NET-CA-OpenAQ
CA3400947,Allison Lake BC,49.688583465631204,-120.60244340054564,894.0,Canada,,unknown,background,America/Vancouver,,,AirGradient,NET-CA-OpenAQ
CA3402687,Breslau,43.472989,-80.412772,315.0,Canada,,unknown,background,America/Toronto,,,AirGradient,NET-CA-OpenAQ
CA3442588,Unionville,43.87063844052163,-79.30815539793585,182.0,Canada,,unknown,background,America/Toronto,,,AirGradient,NET-CA-OpenAQ
CA3450943,East Inglewood,53.56411,-113.53414,670.0,Canada,,unknown,background,America/Edmonton,,,AirGradient,NET-CA-OpenAQ
CA347311,Drummondville - Stad,45.8713,-72.50318,79.0,Canada,QUEBEC,unknown,background,America/Toronto,,,AirNow,NET-CA-OpenAQ
CA3500057,"View Royal, BC",48.4545726,-123.4587768,20.0,Canada,,unknown,background,America/Vancouver,,,AirGradient,NET-CA-OpenAQ
CA351951,York-Roberval,45.464611,-73.582583,24.0,Canada,N/A,unknown,background,America/Toronto,,,AirNow,NET-CA-OpenAQ
CA357581,Granby - Parc Poitev,45.41864,-72.73067,117.0,Canada,QUEBEC,unknown,background,America/Toronto,,,AirNow,NET-CA-OpenAQ
CA360,Patricia McInnes,56.7522,-111.4761,363.0,Canada,ALBERTA,unknown,background,America/Edmonton,,,AirNow,NET-CA-OpenAQ
CA367409,Prince George Jail,53.908018,-122.713337,619.0,Canada,N/A,unknown,background,America/Vancouver,,,AirNow,NET-CA-OpenAQ
CA374,Porthill,48.995911,-116.509953,533.0,Canada,BOUNDARY,unknown,background,America/Los_Angeles,,,AirNow,NET-CA-OpenAQ
CA382,Elk Island,53.6825,-112.8686,719.0,Canada,ALBERTA,unknown,background,America/Edmonton,,,AirNow,NET-CA-OpenAQ
CA390,RED DEER RIVERSIDE D,52.2989,-113.7942,849.0,Canada,ALBERTA,unknown,background,America/Edmonton,,,AirNow,NET-CA-OpenAQ
CA394,Edson,53.5936,-116.39280000000001,909.0,Canada,ALBERTA,unknown,background,America/Edmonton,,,AirNow,NET-CA-OpenAQ
CA408,Stukely,45.3656,-72.2656,342.0,Canada,,unknown,background,America/Toronto,,,AirNow,NET-CA-OpenAQ
CA409,Esther,51.6667,-110.2,700.0,Canada,,unknown,background,America/Edmonton,,,AirNow,NET-CA-OpenAQ
CA4219738,Sept-Îles,50.21627,-66.3852,11.0,Canada,N/A,unknown,background,America/Toronto,,,AirNow,NET-CA-OpenAQ
CA4255451,Summerland,49.66159799580186,-119.7426232254235,577.0,Canada,,unknown,background,America/Vancouver,,,AirGradient,NET-CA-OpenAQ
CA429,SOUTHAMPTON,46.3864,-62.5828,37.0,Canada,PRINCE EDWARD ISLAND,unknown,background,America/Halifax,,,AirNow,NET-CA-OpenAQ
CA437,Varennes 1,45.7228,-73.3764,20.0,Canada,,unknown,background,America/Toronto,,,AirNow,NET-CA-OpenAQ
CA439,Saint-Faustin-Lac-Ca,46.035,-74.4819,382.0,Canada,QUEBEC,unknown,background,America/Toronto,,,AirNow,NET-CA-OpenAQ
CA441,Saint-Jean-Baptiste,45.6481,-73.4997,15.0,Canada,,unknown,background,America/Toronto,,,AirNow,NET-CA-OpenAQ
CA4410145,Downtown Toronto West End,43.644,-79.406,91.0,Canada,,unknown,background,America/Toronto,,,AirGradient,NET-CA-OpenAQ
CA447,Saint-Hilaire-de-Dor,45.8156,-70.8597,542.0,Canada,QUEBEC,unknown,background,America/Toronto,,,AirNow,NET-CA-OpenAQ
CA450,Rés. Faun. Ashuapmus,48.8183,-72.7428,259.0,Canada,QUEBEC,unknown,background,America/Toronto,,,AirNow,NET-CA-OpenAQ
CA453,Longueuil,45.5231,-73.4939,29.0,Canada,QUEBEC,unknown,background,America/Toronto,,,AirNow,NET-CA-OpenAQ
CA4544400,Ville Lasalle,45.421167,-73.614883,25.0,Canada,,unknown,background,America/Toronto,,,AirGradient,NET-CA-OpenAQ
CA4549474,Capstone,49.31309945998194,-123.07931162782623,28.0,Canada,,unknown,background,America/Vancouver,,,AirGradient,NET-CA-OpenAQ
CA4550835,Flin Flon Willowvale,54.776922,-101.848208,303.0,Canada,,unknown,background,America/Winnipeg,,,AirGradient,NET-CA-OpenAQ
CA456,Beaverlodge,55.1964,-119.3967,747.0,Canada,ALBERTA,unknown,background,America/Edmonton,,,AirNow,NET-CA-OpenAQ
CA4579811,Outremont,45.520931,-73.600929,77.0,Canada,,unknown,background,America/Toronto,,,AirGradient,NET-CA-OpenAQ
CA4610410,9250 49th St. NW Edmonton AB ,53.52892,-113.4158,664.0,Canada,,unknown,background,America/Edmonton,,,Clarity,NET-CA-OpenAQ
CA4610414,"9345 49th, St NW Edmonton AB ",53.53272,-113.41342,665.0,Canada,,unknown,background,America/Edmonton,,,Clarity,NET-CA-OpenAQ
CA4610415,"9250 49th St. NW, Edmonton, AB ",53.52894,-113.41582,664.0,Canada,,unknown,background,America/Edmonton,,,Clarity,NET-CA-OpenAQ
CA4610418,Reference Station Collocation Device #1 ,49.24542,-122.70952,2.0,Canada,,unknown,background,America/Vancouver,,,Clarity,NET-CA-OpenAQ
CA462,Violet Grove,53.1422,-115.1381,917.0,Canada,,unknown,background,America/Edmonton,,,AirNow,NET-CA-OpenAQ
CA463,Rivi�re-des-Prairies,45.6569,-73.575,14.0,Canada,,unknown,background,America/Toronto,,,AirNow,NET-CA-OpenAQ
CA468,La Patrie - Ditton,45.3733,-71.2514,484.0,Canada,QUEBEC,unknown,background,America/Toronto,,,AirNow,NET-CA-OpenAQ
CA470,Saint-Simon,45.4431,-73.4686,19.0,Canada,QUEBEC,unknown,background,America/Toronto,,,AirNow,NET-CA-OpenAQ
CA4714657,Hamilton Downtown Kirkendall,43.251565,-79.884603,108.0,Canada,,unknown,background,America/Toronto,,,AirGradient,NET-CA-OpenAQ
CA4754335,The Lake,50.281222,-95.878056,263.0,Canada,,unknown,background,America/Winnipeg,,,AirGradient,NET-CA-OpenAQ
CA476,Rouyn-Noranda - Parc,48.2344,-78.9833,290.0,Canada,QUEBEC,unknown,background,America/Toronto,,,AirNow,NET-CA-OpenAQ
CA477,Québec - École Les P,46.77417,-71.36972,24.0,Canada,QUEBEC,unknown,background,America/Toronto,,,AirNow,NET-CA-OpenAQ
CA4778260,Creekside,49.2146362750499,-122.56204992354175,45.0,Canada,,unknown,background,America/Vancouver,,,AirGradient,NET-CA-OpenAQ
CA478,Sherbrooke - Parc Ca,45.4125,-71.8744,211.0,Canada,,unknown,background,America/Toronto,,,AirNow,NET-CA-OpenAQ
CA481,Parc de la Gatineau,45.6222,-76.0178,201.0,Canada,QUEBEC,unknown,background,America/Toronto,,,AirNow,NET-CA-OpenAQ
CA4811068,North York,43.765533,-79.426576,186.0,Canada,,unknown,background,America/Toronto,,,AirGradient,NET-CA-OpenAQ
CA4811603,Coulter,44.40253,-79.707742,284.0,Canada,,unknown,background,America/Toronto,,,AirGradient,NET-CA-OpenAQ
CA482,Saint-Zéphirin-de-Co,46.0419,-72.66,58.0,Canada,QUEBEC,unknown,background,America/Toronto,,,AirNow,NET-CA-OpenAQ
CA4822174,Terrebonne,45.71475,-73.48927,8.0,Canada,,unknown,background,America/Toronto,,,AirGradient,NET-CA-OpenAQ
CA4840192,LWDH,49.7681722,-94.4992286,332.0,Canada,,unknown,background,America/Winnipeg,,,AirGradient,NET-CA-OpenAQ
CA4845126,Manilla ON,44.3403,-78.963,293.0,Canada,,unknown,background,America/Toronto,,,AirGradient,NET-CA-OpenAQ
CA485,Bécancour,46.35,-72.4333,8.0,Canada,QUEBEC,unknown,background,America/Toronto,,,AirNow,NET-CA-OpenAQ
CA4850453,Aréna Hartland-Monahan,45.5476311,-73.8661978,32.0,Canada,,unknown,background,America/Toronto,,,AirGradient,NET-CA-OpenAQ
CA487,Deschambault,46.6822,-71.9678,50.0,Canada,QUEBEC,unknown,background,America/Toronto,,,AirNow,NET-CA-OpenAQ
CA490,Athabasca Valley,56.7328,-111.39,250.0,Canada,ALBERTA,unknown,background,America/Edmonton,,,AirNow,NET-CA-OpenAQ
CA4900956,HV,44.545506,-79.66112,403.0,Canada,,unknown,background,America/Toronto,,,AirGradient,NET-CA-OpenAQ
CA491,Québec - Vieux-Limoi,46.8214,-71.2208,6.0,Canada,QUEBEC,unknown,background,America/Toronto,,,AirNow,NET-CA-OpenAQ
CA492,A�roport de Montr�al,45.4667,-73.75,29.0,Canada,,unknown,background,America/Toronto,,,AirNow,NET-CA-OpenAQ
CA4926640,"Shefford, Quebec",45.32308,-72.49937,232.0,Canada,,unknown,background,America/Toronto,,,AirGradient,NET-CA-OpenAQ
CA495,Edmonton South,53.5028,-113.6111,673.0,Canada,,unknown,background,America/Edmonton,,,AirNow,NET-CA-OpenAQ
CA496,Cold Lake South,54.4138,-110.2331,534.0,Canada,ALBERTA,unknown,background,America/Edmonton,,,AirNow,NET-CA-OpenAQ
CA4969759,Rimouski,48.4017912,-68.6468821,38.0,Canada,,unknown,background,America/Toronto,,,AirGradient,NET-CA-OpenAQ
CA498,Gatineau - Hull,45.4369,-75.7261,50.0,Canada,QUEBEC,unknown,background,America/Toronto,,,AirNow,NET-CA-OpenAQ
CA502,François,47.0147,-70.8644,60.0,Canada,,unknown,background,America/Toronto,,,AirNow,NET-CA-OpenAQ
CA504,Fort Saskatchewan,53.6989,-113.2233,630.0,Canada,ALBERTA,unknown,background,America/Edmonton,,,AirNow,NET-CA-OpenAQ
CA5041063,Mont-Saint-Hilaire,45.55443,-73.18991,50.0,Canada,,unknown,background,America/Toronto,,,AirGradient,NET-CA-OpenAQ
CA505,Fort McKay,57.1889,-111.6406,269.0,Canada,ALBERTA,unknown,background,America/Edmonton,,,AirNow,NET-CA-OpenAQ
CA5054027,St-Lazare,45.400192,-74.137042,63.0,Canada,,unknown,background,America/Toronto,,,AirGradient,NET-CA-OpenAQ
CA506,Tingwick,45.9075,-71.9492,256.0,Canada,QUEBEC,unknown,background,America/Toronto,,,AirNow,NET-CA-OpenAQ
CA5077612,GatineauDemaison,45.49471121807506,-75.74490403817815,85.0,Canada,,unknown,background,America/Toronto,,,AirGradient,NET-CA-OpenAQ
CA509,Fort Chipewyan,58.7083,-111.1764,224.0,Canada,ALBERTA,unknown,background,America/Edmonton,,,AirNow,NET-CA-OpenAQ
CA5098545,Wetaskiwin,52.9558746,-113.3811107,760.0,Canada,,unknown,background,America/Edmonton,,,AirGradient,NET-CA-OpenAQ
CA5133563,33 Harbour Square,43.640702795513654,-79.3762666221859,107.0,Canada,,unknown,background,America/Toronto,,,AirGradient,NET-CA-OpenAQ
CA519,Notre-Dame-du-Rosair,46.8508,-70.4528,424.0,Canada,QUEBEC,unknown,background,America/Toronto,,,AirNow,NET-CA-OpenAQ
CA5224,Nelson Kutenai Place,49.4908,-117.2953,568.0,Canada,,unknown,background,America/Vancouver,,,AirNow,NET-CA-OpenAQ
CA5263077,"Green Lake, Greater Madawaska, Ontario",45.260595,-76.919607,280.0,Canada,,unknown,background,America/Toronto,,,AirGradient,NET-CA-OpenAQ
CA5264468,Val-des-Monts,45.722,-75.772,275.0,Canada,,unknown,background,America/Toronto,,,AirGradient,NET-CA-OpenAQ
CA527,Chenier,45.60175999999999,-73.541992,35.0,Canada,,unknown,background,America/Toronto,,,AirNow,NET-CA-OpenAQ
CA528,Mont-Saint-Michel,46.7686,-75.4319,274.0,Canada,QUEBEC,unknown,background,America/Toronto,,,AirNow,NET-CA-OpenAQ
CA5282052,Vieux-Limoilou,46.82622204949029,-71.23859537357744,12.0,Canada,,unknown,background,America/Toronto,,,AirGradient,NET-CA-OpenAQ
CA5283131,Bridgwater Trails,49.785519,-97.2009624,233.0,Canada,,unknown,background,America/Winnipeg,,,AirGradient,NET-CA-OpenAQ
CA5283132,"Sault Ste Marie, Ontario",46.527051,-84.308795,233.0,Canada,,unknown,background,America/Toronto,,,AirGradient,NET-CA-OpenAQ
CA529,Molson,45.54271,-73.57176,55.0,Canada,,unknown,background,America/Toronto,,,AirNow,NET-CA-OpenAQ
CA531,Charette,46.4425,-72.8928,125.0,Canada,QUEBEC,unknown,background,America/Toronto,,,AirNow,NET-CA-OpenAQ
CA5334067,Saint-Jean-sur-Richelieu (NN),45.3161,-73.2655,33.0,Canada,,unknown,background,America/Toronto,,,AirGradient,NET-CA-OpenAQ
CA5364774,Saint-Sauveur,45.8802,-74.2149,394.0,Canada,,unknown,background,America/Toronto,,,AirGradient,NET-CA-OpenAQ
CA537,Lethbridge,49.7164,-112.8006,920.0,Canada,ALBERTA,unknown,background,America/Edmonton,,,AirNow,NET-CA-OpenAQ
CA5411514,Edmonton - King Edward Park,53.517040747013546,-113.45208338342579,673.0,Canada,,unknown,background,America/Edmonton,,,AirGradient,NET-CA-OpenAQ
CA5422458,Mather,49.159867,-99.199199,465.0,Canada,,unknown,background,America/Winnipeg,,,AirGradient,NET-CA-OpenAQ
CA546,Medicine Hat - Cresc,50.0492,-110.6814,714.0,Canada,ALBERTA,unknown,background,America/Edmonton,,,AirNow,NET-CA-OpenAQ
CA5480157,Toronto West Harbourfront ,43.633542,-79.399732,83.0,Canada,,unknown,background,America/Toronto,,,AirGradient,NET-CA-OpenAQ
CA5480647,clsll,45.52894,-73.868251,40.0,Canada,,unknown,background,America/Toronto,,,AirGradient,NET-CA-OpenAQ
CA549,Edmonton East,53.5472,-113.3681,671.0,Canada,ALBERTA,unknown,background,America/Edmonton,,,AirNow,NET-CA-OpenAQ
CA5491688,Lockport,50.084757,-96.946263,231.0,Canada,,unknown,background,America/Winnipeg,,,AirGradient,NET-CA-OpenAQ
CA5491763,Pickering,43.840341,-79.072233,90.0,Canada,,unknown,background,America/Toronto,,,AirGradient,NET-CA-OpenAQ
CA5503817,Rue Richard-Helmer,45.455213,-75.757347,86.0,Canada,,unknown,background,America/Toronto,,,AirGradient,NET-CA-OpenAQ
CA552,Catherine,46.8369,-71.6228,132.0,Canada,,unknown,background,America/Toronto,,,AirNow,NET-CA-OpenAQ
CA5523971,Hillcrest Village,43.8097154,-79.3542192,182.0,Canada,,unknown,background,America/Toronto,,,AirGradient,NET-CA-OpenAQ
CA553,Lac-Édouard,47.6472,-72.2914,373.0,Canada,,unknown,background,America/Toronto,,,AirNow,NET-CA-OpenAQ
CA5537671,"610 sandringham place, t3k3v7, calgary, alberta",51.1346776,-114.1057661,1146.0,Canada,,unknown,background,America/Edmonton,,,AirGradient,NET-CA-OpenAQ
CA554,Carrot Creek,53.6072,-115.8769,860.0,Canada,ALBERTA,unknown,background,America/Edmonton,,,AirNow,NET-CA-OpenAQ
CA5547422,Scarborough Agincourt North,43.80433649658915,-79.261546668023,185.0,Canada,,unknown,background,America/Toronto,,,AirGradient,NET-CA-OpenAQ
CA555,Caroline,51.95,-114.7,1140.0,Canada,ALBERTA,unknown,background,America/Edmonton,,,AirNow,NET-CA-OpenAQ
CA5572106,Based,43.750665,-79.464011,201.0,Canada,,unknown,background,America/Toronto,,,AirGradient,NET-CA-OpenAQ
CA5592579,Mt Norquay,51.19959,-115.61187,2080.0,Canada,,unknown,background,America/Edmonton,,,AirGradient,NET-CA-OpenAQ
CA5593605,RiverBennett,46.34125873403152,-60.523966358753434,6.0,Canada,,unknown,background,America/Glace_Bay,,,AirGradient,NET-CA-OpenAQ
CA5605618,"Easthill, Port Moody",49.285609,-122.868942,62.0,Canada,,unknown,background,America/Vancouver,,,AirGradient,NET-CA-OpenAQ
CA5617174,Hopkins Bay,45.19424504595775,-81.66457582943653,174.0,Canada,,unknown,background,America/Toronto,,,AirGradient,NET-CA-OpenAQ
CA5618538,Princess Point,43.270771812699735,-79.89739960324579,102.0,Canada,,unknown,background,America/Toronto,,,AirGradient,NET-CA-OpenAQ
CA562,Edmonton Central,53.5453,-113.4992,675.0,Canada,,unknown,background,America/Edmonton,,,AirNow,NET-CA-OpenAQ
CA5643958,"Lorelei, Edmonton, AB, Canada",53.6245,-113.4965,681.0,Canada,,unknown,background,America/Edmonton,,,AirGradient,NET-CA-OpenAQ
CA5653529,Garibaldi Highlands,49.748833,-123.116217,109.0,Canada,,unknown,background,America/Vancouver,,,AirGradient,NET-CA-OpenAQ
CA569,Syncrude UE1,57.149,-111.642,267.0,Canada,ALBERTA,unknown,background,America/Edmonton,,,AirNow,NET-CA-OpenAQ
CA5705010,Bethany,44.198717,-78.670703,285.0,Canada,,unknown,background,America/Toronto,,,AirGradient,NET-CA-OpenAQ
CA5709622,Niven Area Yellowknife,62.467042,-114.3754,188.0,Canada,,unknown,background,America/Edmonton,,,AirGradient,NET-CA-OpenAQ
CA571,Calgary Northwest,51.0814,-114.1403,1109.0,Canada,ALBERTA,unknown,background,America/Edmonton,,,AirNow,NET-CA-OpenAQ
CA5715402,Le Plateau-Mont-Royal,45.531631,-73.563018,50.0,Canada,,unknown,background,America/Toronto,,,AirGradient,NET-CA-OpenAQ
CA572,Duncan,45.5025,-73.6661,43.0,Canada,,unknown,background,America/Toronto,,,AirNow,NET-CA-OpenAQ
CA5728601,140 Maki Ave,46.45672,-80.99752,260.0,Canada,,unknown,background,America/Toronto,,,AirGradient,NET-CA-OpenAQ
CA573,Golden Hospital,51.2958,-116.9717,787.0,Canada,,unknown,background,America/Edmonton,,,AirNow,NET-CA-OpenAQ
CA5752079,Vedder Crossing,49.0996281,-121.9839917,29.0,Canada,,unknown,background,America/Vancouver,,,AirGradient,NET-CA-OpenAQ
CA5767722,Shelbourne/McKenzie,48.4684748,-123.3325034,41.0,Canada,,unknown,background,America/Vancouver,,,AirGradient,NET-CA-OpenAQ
CA5783980,Vista Ridge Dr,53.8560301,-122.7826754,669.0,Canada,,unknown,background,America/Vancouver,,,AirGradient,NET-CA-OpenAQ
CA5801011,Signal Hill,51.0273,-114.1777,1182.0,Canada,,unknown,background,America/Edmonton,,,AirGradient,NET-CA-OpenAQ
CA589,Regina,50.45273,-104.61602,582.0,Canada,N/A,unknown,background,America/Regina,,,AirNow,NET-CA-OpenAQ
CA6046740,Brooklin,43.96012356414238,-78.97429772536337,175.0,Canada,,unknown,background,America/Toronto,,,AirGradient,NET-CA-OpenAQ
CA6095241,Orchard,43.40202,-79.79531,149.0,Canada,,unknown,background,America/Toronto,,,AirGradient,NET-CA-OpenAQ
CA6098888,north of Central Public School- Brant St & Olga Dr,43.331065,-79.807995,95.0,Canada,,unknown,background,America/Toronto,,,AirGradient,NET-CA-OpenAQ
CA6099215,Edmonton - Aldergrove,53.519841,-113.646013,684.0,Canada,,unknown,background,America/Edmonton,,,AirGradient,NET-CA-OpenAQ
CA6100248,Sherwood Park,53.55957917562885,-113.28490765263906,685.0,Canada,,unknown,background,America/Edmonton,,,AirGradient,NET-CA-OpenAQ
CA6106191,Milton road,45.37043,-75.42009,68.0,Canada,,unknown,background,America/Toronto,,,AirGradient,NET-CA-OpenAQ
CA6138,PittsfieldES,45.452318,-73.240116,39.0,Canada,,unknown,background,America/Toronto,,,AirNow,NET-CA-OpenAQ
CA6139385,"Woodmount, North of Mortimer",43.692355,-79.318347,132.0,Canada,,unknown,background,America/Toronto,,,AirGradient,NET-CA-OpenAQ
CA6140341,"North Vancouver, BC",49.344757437208095,-123.02913530680738,175.0,Canada,,unknown,background,America/Vancouver,,,AirGradient,NET-CA-OpenAQ
CA6145280,"Pointe-Marie, Vercheres",45.7597286055682,-73.37800977953759,24.0,Canada,,unknown,background,America/Toronto,,,AirGradient,NET-CA-OpenAQ
CA6152834,Marpole ,49.2016,-123.1372,9.0,Canada,,unknown,background,America/Vancouver,,,AirGradient,NET-CA-OpenAQ
CA6163107,"Whitby, Ontario Canada",43.91797511041762,-78.91983015002309,131.0,Canada,,unknown,background,America/Toronto,,,AirGradient,NET-CA-OpenAQ
CA6168589,hastings-sunrise,49.277,-123.0442,44.0,Canada,,unknown,background,America/Vancouver,,,AirGradient,NET-CA-OpenAQ
CA6205407,Tweedle Place,53.4783,-113.4622,682.0,Canada,,unknown,background,America/Edmonton,,,AirGradient,NET-CA-OpenAQ
CA6214282,"Kettle Valley, Kelowna",49.79566925369313,-119.499372654631,503.0,Canada,,unknown,background,America/Vancouver,,,AirGradient,NET-CA-OpenAQ
CA6215325,Lac Noir,46.27015918756898,-73.54419015459331,200.0,Canada,,unknown,background,America/Toronto,,,AirGradient,NET-CA-OpenAQ
CA6217093,144 Cranarch Cres,50.86500921696586,-113.96768917036576,1043.0,Canada,,unknown,background,America/Edmonton,,,AirGradient,NET-CA-OpenAQ
CA6217785,Brossard - J4X 2K5,45.448481,-73.482402,19.0,Canada,,unknown,background,America/Toronto,,,AirGradient,NET-CA-OpenAQ
CA6235313,Ashbrook place,49.26491,-122.90678,120.0,Canada,,unknown,background,America/Vancouver,,,AirGradient,NET-CA-OpenAQ
CA6507,Aéroport de Montréal,45.468297,-73.741185,30.0,Canada,N/A,unknown,background,America/Toronto,,,AirNow,NET-CA-OpenAQ
CA683,Grand Falls Windsor,48.92696,-55.659699999999994,58.0,Canada,NEWFOUNDLAND,unknown,background,America/St_Johns,,,AirNow,NET-CA-OpenAQ
CA686,WELLINGTON,46.4783,-63.9869,19.0,Canada,PRINCE EDWARD ISLAND,unknown,background,America/Halifax,,,AirNow,NET-CA-OpenAQ
CA7394,Crofton Substation,48.874529,-123.653929,38.0,Canada,BRITISH COLUMBIA,unknown,background,America/Vancouver,,,AirNow,NET-CA-OpenAQ
CA740,SYDNEY,46.1425,-60.1728,22.0,Canada,,unknown,background,America/Glace_Bay,,,AirNow,NET-CA-OpenAQ
CA741,AYLESFORD MOUNTAIN,45.07254,-64.84025,237.0,Canada,NOVA SCOTIA,unknown,background,America/Halifax,,,AirNow,NET-CA-OpenAQ
CA744,BATHURST,47.60952799999999,-65.633528,15.0,Canada,NEW BRUNSWICK,unknown,background,America/Moncton,,,AirNow,NET-CA-OpenAQ
CA746,MONCTON,46.101389000000005,-64.789639,10.0,Canada,NEW BRUNSWICK,unknown,background,America/Moncton,,,AirNow,NET-CA-OpenAQ
CA7466,Rivière-des-Prairies,45.651722,-73.573896,27.0,Canada,N/A,unknown,background,America/Toronto,,,AirNow,NET-CA-OpenAQ
CA747,PORT HAWKESBURY,45.614028,-61.362122,13.0,Canada,NOVA SCOTIA,unknown,background,America/Glace_Bay,,,AirNow,NET-CA-OpenAQ
CA748,CHARLOTTETOWN,46.2406,-63.1306,18.0,Canada,PRINCE EDWARD ISLAND,unknown,background,America/Halifax,,,AirNow,NET-CA-OpenAQ
CA749,FOREST HILLS,45.308778,-66.008333,41.0,Canada,NEW BRUNSWICK,unknown,background,America/Moncton,,,AirNow,NET-CA-OpenAQ
CA751,ST LEONARD,47.1542,-67.8347,241.0,Canada,,unknown,background,America/Moncton,,,AirNow,NET-CA-OpenAQ
CA754,FREDERICTON,45.9578,-66.6475,14.0,Canada,,unknown,background,America/Moncton,,,AirNow,NET-CA-OpenAQ
CA755,Mount Pearl,47.50513,-52.794799999999995,132.0,Canada,NEWFOUNDLAND,unknown,background,America/St_Johns,,,AirNow,NET-CA-OpenAQ
CA7570,Toronto Downtown,43.64543,-79.38908,94.0,Canada,N/A,unknown,background,America/Toronto,,,AirNow,NET-CA-OpenAQ
CA758,Williams Lake Column,52.14428,-122.150391,660.0,Canada,BRITISH COLUMBIA,unknown,background,America/Vancouver,,,AirNow,NET-CA-OpenAQ
CA7588,Tsawwassen,49.009869,-123.082017,58.0,Canada,BRITISH COLUMBIA,unknown,background,America/Vancouver,,,AirNow,NET-CA-OpenAQ
CA774,Lake Major,44.7198,-63.48076,66.0,Canada,NOVA SCOTIA,unknown,background,America/Halifax,,,AirNow,NET-CA-OpenAQ
CA777,Port au Choix,50.7123,-57.3642,16.0,Canada,NEWFOUNDLAND,unknown,background,America/St_Johns,,,AirNow,NET-CA-OpenAQ
CA778,Lower Newcastle,47.0708,-65.4244,19.0,Canada,,unknown,background,America/Moncton,,,AirNow,NET-CA-OpenAQ
CA779,St. John's,47.56038,-52.7115,12.0,Canada,NEWFOUNDLAND,unknown,background,America/St_Johns,,,AirNow,NET-CA-OpenAQ
CA780,DAYTON,43.8333,-66.0833,32.0,Canada,,unknown,background,America/Halifax,,,AirNow,NET-CA-OpenAQ
CA782,KENTVILLE,45.067284,-64.477425,48.0,Canada,NOVA SCOTIA,unknown,background,America/Halifax,,,AirNow,NET-CA-OpenAQ
CA7975,Vanderhoof Courthous,54.0163,-124.0061,640.0,Canada,BRITISH COLUMBIA,unknown,background,America/Vancouver,,,AirNow,NET-CA-OpenAQ
CA8132,FREDERICTON-NEEDHAM,45.957344,-66.645562,11.0,Canada,NEW BRUNSWICK,unknown,background,America/Moncton,,,AirNow,NET-CA-OpenAQ
CA8213,Castlegar Zinio Park,49.317698,-117.66152699999999,436.0,Canada,BRITISH COLUMBIA,unknown,background,America/Vancouver,,,AirNow,NET-CA-OpenAQ
CA836,Abbotsford Airport,49.021505999999995,-122.326556,65.0,Canada,BRITISH COLUMBIA,unknown,background,America/Vancouver,,,AirNow,NET-CA-OpenAQ
CA8477,St-Dominique,45.512189,-73.566872,36.0,Canada,N/A,unknown,background,America/Toronto,,,AirNow,NET-CA-OpenAQ
CA8559,Flat Valley,54.294639,-109.209214,510.0,Canada,SASKATCHEWAN,unknown,background,America/Swift_Current,,,AirNow,NET-CA-OpenAQ
CA8567,FORT ST JOHN LEARNIN,56.244722,-120.85611100000001,680.0,Canada,BRITISH COLUMBIA,unknown,background,America/Dawson_Creek,,,AirNow,NET-CA-OpenAQ
CA8592,Edmonton Woodcroft,53.564411,-113.562583,674.0,Canada,ALBERTA,unknown,background,America/Edmonton,,,AirNow,NET-CA-OpenAQ
CA8640,Joussard,55.340367,-115.895667,686.0,Canada,ALBERTA,unknown,background,America/Edmonton,,,AirNow,NET-CA-OpenAQ
CA8642,KITIMAT WHITESAIL,54.066909,-128.639131,92.0,Canada,BRITISH COLUMBIA,unknown,background,America/Vancouver,,,AirNow,NET-CA-OpenAQ
CA8644,Kamloops Federal Bui,50.67477,-120.33401599999999,364.0,Canada,BRITISH COLUMBIA,unknown,background,America/Vancouver,,,AirNow,NET-CA-OpenAQ
CA8648,Kejimkujik Site B,44.40298,-65.20277,137.0,Canada,NOVA SCOTIA,unknown,background,America/Halifax,,,AirNow,NET-CA-OpenAQ
CA8652,Kingston,44.219867,-76.521128,89.0,Canada,ONTARIO,unknown,background,America/Toronto,,,AirNow,NET-CA-OpenAQ
CA8685,Duncan College Stree,48.786114,-123.717307,30.0,Canada,BRITISH COLUMBIA,unknown,background,America/Vancouver,,,AirNow,NET-CA-OpenAQ
CA8686,Duncan,45.502648,-73.663913,42.0,Canada,N/A,unknown,background,America/Toronto,,,AirNow,NET-CA-OpenAQ
CA8690,MacPherson Avenue -,48.95224000000001,-57.922070000000005,94.0,Canada,NEWFOUNDLAND,unknown,background,America/St_Johns,,,AirNow,NET-CA-OpenAQ
CA8695,Marystown/Burin,47.09899099999999,-55.198521,2.0,Canada,NEWFOUNDLAND,unknown,background,America/St_Johns,,,AirNow,NET-CA-OpenAQ
CA8702,Molson,45.542767,-73.572039,55.0,Canada,N/A,unknown,background,America/Toronto,,,AirNow,NET-CA-OpenAQ
CA8717,PRINCE ALBERT,53.201694,-105.75203,434.0,Canada,SASKATCHEWAN,unknown,background,America/Regina,,,AirNow,NET-CA-OpenAQ
CA8735,Pinehouse Lake,55.50333,-106.72167,407.0,Canada,SASKATCHEWAN,unknown,background,America/Regina,,,AirNow,NET-CA-OpenAQ
CA8743,Port Alberni Element,49.261014,-124.806628,14.0,Canada,BRITISH COLUMBIA,unknown,background,America/Vancouver,,,AirNow,NET-CA-OpenAQ
CA8755,Courtenay Elementary,49.682603,-124.996222,23.0,Canada,BRITISH COLUMBIA,unknown,background,America/Vancouver,,,AirNow,NET-CA-OpenAQ
CA8763,Colwood City Hall,48.42389,-123.49278,77.0,Canada,BRITISH COLUMBIA,unknown,background,America/Vancouver,,,AirNow,NET-CA-OpenAQ
CA8790,Caserne 17,45.593325,-73.637328,36.0,Canada,N/A,unknown,background,America/Toronto,,,AirNow,NET-CA-OpenAQ
CA8793,SWIFT CURRENT,50.285833,-107.81689,750.0,Canada,SASKATCHEWAN,unknown,background,America/Swift_Current,,,AirNow,NET-CA-OpenAQ
CA8794,SQUAMISH ELEMENTARY,49.70516,-123.15133,4.0,Canada,BRITISH COLUMBIA,unknown,background,America/Vancouver,,,AirNow,NET-CA-OpenAQ
CA8799,Saint-Anicet,45.1167,-74.2833,48.0,Canada,QUEBEC,unknown,background,America/Toronto,,,AirNow,NET-CA-OpenAQ
CA8800,Saint-Jean-Baptiste,45.641026,-73.499682,15.0,Canada,N/A,unknown,background,America/Toronto,,,AirNow,NET-CA-OpenAQ
CA8809,Calgary Central2,51.047611,-114.075165,1056.0,Canada,ALBERTA,unknown,background,America/Edmonton,,,AirNow,NET-CA-OpenAQ
CA8817,Sarnia,42.990263,-82.395341,185.0,Canada,ONTARIO,unknown,background,America/Toronto,,,AirNow,NET-CA-OpenAQ
CA8835,Barrie,44.382361,-79.702306,230.0,Canada,ONTARIO,unknown,background,America/Toronto,,,AirNow,NET-CA-OpenAQ
CA8867,Sudbury,46.491941,-81.003105,272.0,Canada,ONTARIO,unknown,background,America/Toronto,,,AirNow,NET-CA-OpenAQ
CA8879,TERRACE SKEENA MIDDL,54.52166999999999,-128.6075,69.0,Canada,BRITISH COLUMBIA,unknown,background,America/Vancouver,,,AirNow,NET-CA-OpenAQ
CA8910,Wood Buffalo Park,60.1465,-113.63769,278.0,Canada,NORTHWEST TERRITORIES,unknown,background,America/Edmonton,,,AirNow,NET-CA-OpenAQ
CA921002,Buffalo Narrows,55.83473,-108.40377,423.0,Canada,N/A,unknown,background,America/Regina,,,AirNow,NET-CA-OpenAQ
CA921003,Burnaby North,49.287,-123.008,67.0,Canada,N/A,unknown,background,America/Vancouver,,,AirNow,NET-CA-OpenAQ
CA921005,Downtown Vancouver,49.282,-123.122,42.0,Canada,N/A,unknown,background,America/Vancouver,,,AirNow,NET-CA-OpenAQ
CA921007,Estevan,49.132332999999996,-102.985056,563.0,Canada,N/A,unknown,background,America/Regina,,,AirNow,NET-CA-OpenAQ
CA921011,Horseshoe Bay,49.368,-123.277,56.0,Canada,N/A,unknown,background,America/Vancouver,,,AirNow,NET-CA-OpenAQ
CA922,Bonner Lake,49.3864,-82.1214,246.0,Canada,ONTARIO,unknown,background,America/Toronto,,,AirNow,NET-CA-OpenAQ
CA928503,Drayton Valley,53.22,-114.9833,870.0,Canada,ALBERTA,unknown,background,America/Edmonton,,,AirNow,NET-CA-OpenAQ
CA953,Pickle Lake,54.4494,-90.2175,170.0,Canada,ONTARIO,unknown,background,America/Winnipeg,,,AirNow,NET-CA-OpenAQ
CA958,Saskatoon,52.136055,-106.662796,487.0,Canada,SASKATCHEWAN,unknown,background,America/Regina,,,AirNow,NET-CA-OpenAQ
CA972,Snare Rapids,63.5086,-116.0078,232.0,Canada,NORTHWEST TERRITORIES,unknown,background,America/Edmonton,,,AirNow,NET-CA-OpenAQ
CA982,Chapais,49.8222,-74.9764,368.0,Canada,QUEBEC,unknown,background,America/Toronto,,,AirNow,NET-CA-OpenAQ
CA988,Langdale Elementary,49.438848,-123.479185,78.0,Canada,BRITISH COLUMBIA,unknown,background,America/Vancouver,,,AirNow,NET-CA-OpenAQ
CA991,Mingan,50.7667,-64.2167,192.0,Canada,,unknown,background,America/Toronto,,,AirNow,NET-CA-OpenAQ
CA993,Frelighsburg,45.0517,-72.8617,165.0,Canada,QUEBEC,unknown,background,America/Toronto,,,AirNow,NET-CA-OpenAQ
CH0002R,Payerne,46.8131,6.94448,489.0,Switzerland,,rural,background,UTC+01,01/01/1991 00:00:00,,Nationales Beobachtungsnetz für Luftfremdstoffe,NET-CH003A
CH0005A,Dübendorf-EMPA,47.4029,8.6134,432.0,Switzerland,,urban-periphery,background,UTC+01,01/01/1991 00:00:00,,Nationales Beobachtungsnetz für Luftfremdstoffe,NET-CH003A
CH0005R,Rigi-Seebodenalp,47.0674,8.46333,1031.0,Switzerland,,rural,background,UTC+01,01/05/1991 00:00:00,,Nationales Beobachtungsnetz für Luftfremdstoffe,NET-CH003A
CH0008A,Basel-Binningen,47.5411,7.58328,316.0,Switzerland,,urban-periphery,background,UTC+01,01/01/1991 00:00:00,,Nationales Beobachtungsnetz für Luftfremdstoffe,NET-CH003A
CH0010A,Zürich-Kaserne,47.3776,8.53041,409.0,Switzerland,,urban-centre,background,UTC+01,01/01/1991 00:00:00,,Nationales Beobachtungsnetz für Luftfremdstoffe,NET-CH003A
CH0011A,Lugano-Università,46.0111,8.9571,280.0,Switzerland,,urban-centre,background,UTC+01,01/01/1991 00:00:00,,Nationales Beobachtungsnetz für Luftfremdstoffe,NET-CH003A
CH0013A,Zürich-Stampfenbachstrasse,47.3868,8.53981,445.0,Switzerland,,urban-centre,traffic,UTC+01,01/01/2000 00:00:00,,OSTLUFT,NET-CH015A
CH0019A,St-Gallen-Stuelegg,47.4067,9.39438,915.0,Switzerland,,rural,background,UTC+01,01/01/2014 00:00:00,,OSTLUFT,NET-CH015A
CH0022A,Ebikon-Sedel,47.0677,8.30068,484.0,Switzerland,,urban-periphery,background,UTC+01,01/01/2008 00:00:00,,inLUFT,NET-CH016A
CH0032A,Härkingen-A1,47.3119,7.82051,431.0,Switzerland,,rural,traffic,UTC+01,01/03/1991 00:00:00,,Nationales Beobachtungsnetz für Luftfremdstoffe,NET-CH003A
CH0033A,Magadino-Cadenazzo,46.1603,8.93394,203.0,Switzerland,,rural,background,UTC+01,01/04/1991 00:00:00,,Nationales Beobachtungsnetz für Luftfremdstoffe,NET-CH003A
CH0043A,Lugano-Pregassona,46.0255,8.96729,305.0,Switzerland,,urban-periphery,background,UTC+01,20/05/2005 00:00:00,,Cantone Ticino,NET-CH011A
CH0044A,Opfikon-Balsberg,47.4387,8.57012,430.0,Switzerland,,urban-periphery,traffic,UTC+01,01/01/2001 00:00:00,,OSTLUFT,NET-CH015A
CH0048A,Genève-Wilson,46.2161,6.15129,376.0,Switzerland,,urban-centre,traffic,UTC+01,01/01/2008 00:00:00,,Canton de Genève,NET-CH014A
CH0049A,Genève-Ste-Clotilde,46.1989,6.13221,374.0,Switzerland,,urban-centre,background,UTC+01,01/01/2008 00:00:00,,Canton de Genève,NET-CH014A
CH0053R,Beromünster,47.1896,8.17544,797.0,Switzerland,,rural,background,UTC+01,23/06/2016 00:00:00,,Nationales Beobachtungsnetz für Luftfremdstoffe,NET-CH003A
CH0054A,Bern-Morgartenstrasse,46.9631,7.46252,554.0,Switzerland,,urban-centre,background,UTC+01,01/01/2016 00:00:00,,Stadt Bern,NET-CH007A
CH0055A,Genève-Necker,46.2078,6.14113,383.0,Switzerland,,urban-centre,background,UTC+01,08/04/2014 00:00:00,,Canton de Genève,NET-CH014A
CH0056A,Luzern-Moosstrasse,47.0458,8.30439,441.0,Switzerland,,urban-centre,traffic,UTC+01,03/12/2009 00:00:00,,inLUFT,NET-CH016A
CH0057A,St-Gallen-Blumenbergplatz,47.4271,9.37399,675.0,Switzerland,,urban-centre,traffic,UTC+01,01/01/2014 00:00:00,,OSTLUFT,NET-CH015A
CH0058A,Zürich-Rosengartenstrasse,47.3952,8.52608,433.0,Switzerland,,urban-centre,traffic,UTC+01,01/01/2014 00:00:00,,OSTLUFT,NET-CH015A
CH0059A,Zürich-Heubeeribüel,47.3815,8.56592,610.0,Switzerland,,urban-periphery,background,UTC+01,01/01/2014 00:00:00,,OSTLUFT,NET-CH015A
CH0060A,Winterthur-Veltheim,47.5082,8.72035,440.0,Switzerland,,urban-periphery,background,UTC+01,01/01/2016 00:00:00,,OSTLUFT,NET-CH015A
CH0061A,Lausanne-Plaines-du-Loup,46.5358,6.6223,598.0,Switzerland,,urban-centre,background,UTC+01,16/08/2017 00:00:00,,Canton de Vaud,NET-CH013A
CY0002R,"""Emep - Ayia Marina""",35.03802,33.05779,532.0,Cyprus,Agia Marina (Xyliatou),rural-regional,background,UTC,01/01/2009 00:00:00,,"""National Network for Ambient Air Quality Monitoring in Cyprus""",NET-CY001A
CY0004A,"""NICOSIA TRAFFIC POLICE""",35.15194,33.34778,175.0,Cyprus,Lefkosia,urban-centre,traffic,UTC,03/01/2009 00:00:00,,"""National Network for Ambient Air Quality Monitoring in Cyprus""",NET-CY001A
CY0005A,"""LIMASSOL RESIDENTIAL""",34.68167,33.01778,22.0,Cyprus,Lemesos,urban-centre,background,UTC,01/01/2009 00:00:00,,"""National Network for Ambient Air Quality Monitoring in Cyprus""",NET-CY001A
CY0006A,"""NICOSIA RESIDENTIAL""",35.12694,33.33167,208.0,Cyprus,Strovolos,urban-periphery,background,UTC,01/01/2017 10:38:02,,"""National Network for Ambient Air Quality Monitoring in Cyprus""",NET-CY001A
CZ0ABRE,Praha 6-Brevnov,50.08438,14.38012,300.0,Czechia,,urban-centre,background,UTC,04/04/2015 00:00:00,,National automated monitoring network (SIS),NET-CZ001A
CZ0ACHO,Praha 4-Chodov,50.03017,14.51745,300.0,Czechia,,urban-centre,background,UTC,22/04/2016 00:00:00,,National automated monitoring network (SIS),NET-CZ001A
CZ0AHOL,Praha 7-Holesovice,50.10884,14.44365,185.0,Czechia,,urban-centre,traffic,UTC,16/03/2021 00:00:00,,National automated monitoring network (SIS),NET-CZ001A
CZ0AKAL,Praha 8-Karlin,50.09424,14.44205,203.0,Czechia,Praha,urban-centre,traffic,UTC,01/05/2004 00:00:00,,National automated monitoring network (SIS),NET-CZ001A
CZ0AKOB,Praha 8-Kobylisy,50.12219,14.46758,269.0,Czechia,Praha,urban-periphery,background,UTC,01/01/2004 00:00:00,,National automated monitoring network (SIS),NET-CZ001A
CZ0ALEG,Praha 2-Legerova,50.07239,14.43067,219.0,Czechia,Praha,urban-centre,traffic,UTC,01/01/2004 00:00:00,,National automated monitoring network (SIS),NET-CZ001A
CZ0ALIB,Praha 4-Libus,50.00731,14.44593,301.0,Czechia,Praha,urban-periphery,background,UTC,01/01/2004 00:00:00,,National automated monitoring network (SIS),NET-CZ001A
CZ0APRU,Praha 10-Prumyslova,50.0623,14.53782,267.0,Czechia,Praha,urban-centre,traffic,UTC,20/01/2005 00:00:00,,National automated monitoring network (SIS),NET-CZ001A
CZ0AREP,Praha 1-n. Republiky,50.08807,14.42922,190.0,Czechia,Praha,urban-centre,background,UTC,26/06/2007 00:00:00,,National automated monitoring network (SIS),NET-CZ001A
CZ0ARER,Praha 5-Reporyje,50.03051,14.30958,321.0,Czechia,Praha,urban-periphery,background,UTC,01/01/2016 00:00:00,,Public health servis (SZU),NET-CZ002A
CZ0ASRO,Praha 10-Srobarova,50.07515,14.47266,238.0,Czechia,Praha,urban-centre,background,UTC,01/01/2008 00:00:00,,Public health servis (SZU),NET-CZ002A
CZ0ASTO,Praha 5-Stodulky,50.04613,14.33141,309.0,Czechia,Praha,urban-centre,background,UTC,01/08/2004 00:00:00,,National automated monitoring network (SIS),NET-CZ001A
CZ0AVRS,Praha 10-Vrsovice,50.06643,14.44615,201.0,Czechia,Praha,urban-centre,traffic,UTC,10/01/2020 00:00:00,,National automated monitoring network (SIS),NET-CZ001A
CZ0AVYN,Praha 9-Vysocany,50.11108,14.5031,219.0,Czechia,Praha,urban-centre,traffic,UTC,01/01/2004 00:00:00,,National automated monitoring network (SIS),NET-CZ001A
CZ0BBDN,Brno - Detska nemocnice,49.20272,16.61629,225.0,Czechia,,urban-centre,background,UTC,01/01/2014 00:00:00,,National automated monitoring network (SIS),NET-CZ001A
CZ0BBLS,Blansko-Sloupecnik,49.3703,16.65125,291.0,Czechia,,urban-centre,background,UTC,01/01/2021 00:00:00,,National automated monitoring network (SIS),NET-CZ001A
CZ0BBMA,Brno-Arboretum,49.21609,16.61384,250.0,Czechia,,urban-centre,background,UTC,01/07/2013 00:00:00,,Municipal Monitoring Network,NET-CZMMN
CZ0BBML,Brno-Lany,49.16526,16.58081,228.0,Czechia,,urban-periphery,background,UTC,01/01/2007 00:00:00,,Municipal Monitoring Network,NET-CZMMN
CZ0BBMS,Brno-Svatoplukova,49.20816,16.64252,213.0,Czechia,,urban-centre,traffic,UTC,04/01/2022 00:00:00,,Municipal Monitoring Network,NET-CZMMN
CZ0BBNE,Brno-Sobesice,49.25554,16.6205,380.0,Czechia,Brno,urban-periphery,background,UTC,01/01/2009 00:00:00,,National automated monitoring network (SIS),NET-CZ001A
CZ0BBNF,Brno-Kroftova,49.21647,16.56776,235.0,Czechia,Brno,urban-centre,traffic,UTC,01/11/2004 00:00:00,,National automated monitoring network (SIS),NET-CZ001A
CZ0BBNI,Brno-Lisen,49.21321,16.67802,340.0,Czechia,Brno,urban-centre,background,UTC,01/01/2009 00:00:00,,National automated monitoring network (SIS),NET-CZ001A
CZ0BBNV,Brno-Uvoz,49.19809,16.59364,235.0,Czechia,Brno,urban-centre,traffic,UTC,01/01/2008 00:00:00,,National automated monitoring network (SIS),NET-CZ001A
CZ0BBNY,Brno-Turany,49.14897,16.69622,241.0,Czechia,Brno,urban-periphery,background,UTC,01/01/2004 00:00:00,,National automated monitoring network (SIS),NET-CZ001A
CZ0BBOM,Brno-Komarov,49.17743,16.62227,199.0,Czechia,,urban-centre,traffic,UTC,12/01/2023 00:00:00,,Municipal Monitoring Network,NET-CZMMN
CZ0BHOD,Hodonin,48.85728,17.13139,170.0,Czechia,Hodonín,urban-centre,background,UTC,01/01/2003 00:00:00,,Public health servis (SZU),NET-CZ002A
CZ0BKUC,Kucharovice,48.88136,16.08582,334.0,Czechia,Kuchařovice,unknown,background,UTC,01/01/2004 00:00:00,,National automated monitoring network (SIS),NET-CZ001A
CZ0BMIS,Mikulov-Sedlec,48.79177,16.7245,245.0,Czechia,Sedlec,rural-regional,background,UTC,01/01/2004 00:00:00,,National automated monitoring network (SIS),NET-CZ001A
CZ0BVYS,Vyskov,49.28096,16.97962,260.0,Czechia,Vyškov,urban-periphery,background,UTC,01/11/2004 00:00:00,,National automated monitoring network (SIS),NET-CZ001A
CZ0BZNO,Znojmo,48.84296,16.06013,225.0,Czechia,Znojmo,urban-periphery,background,UTC,01/01/2004 00:00:00,,National automated monitoring network (SIS),NET-CZ001A
CZ0CCBD,Ceske Budejovice,48.98439,14.46568,383.0,Czechia,České Budějovice,urban-centre,background,UTC,01/01/2004 00:00:00,,National automated monitoring network (SIS),NET-CZ001A
CZ0CCBT,Ces. Budejovice-Tres,48.9659,14.50879,410.0,Czechia,České Budějovice,urban-centre,background,UTC,01/01/2016 00:00:00,,Public health servis (SZU),NET-CZ002A
CZ0CHVO,Hojna Voda,48.7242,14.72338,818.0,Czechia,Horní Stropnice,rural-regional,background,UTC,01/01/2004 00:00:00,,National automated monitoring network (SIS),NET-CZ001A
CZ0CSTR,Strakonice-ZS Strakonice,49.25811,13.90872,393.0,Czechia,,urban-centre,background,UTC,01/01/2022 00:00:00,,Public health servis (SZU),NET-CZ002A
CZ0CTAC,Tabor,49.40506,14.68484,443.0,Czechia,,urban-centre,traffic,UTC,13/10/2023 00:00:00,,Municipal Monitoring Network,NET-CZMMN
CZ0EHST,Hostalovice,49.9374,15.57968,380.0,Czechia,Hošťalovice,rural,industrial,UTC,01/01/2006 00:00:00,,National automated monitoring network (SIS),NET-CZ001A
CZ0EMTP,Moravska Trebova - Piaristicka.,49.759,16.66672,350.0,Czechia,Moravská Třebová,urban-centre,background,UTC,19/08/2015 00:00:00,,National automated monitoring network (SIS),NET-CZ001A
CZ0EPAO,Pardubice-Rosice,50.0422,15.73941,217.0,Czechia,Pardubice,urban-periphery,background,UTC,01/01/2005 00:00:00,,National automated monitoring network (SIS),NET-CZ001A
CZ0EPAU,Pardubice Dukla,50.02404,15.76355,239.0,Czechia,Pardubice,urban-centre,background,UTC,01/01/2004 00:00:00,,National automated monitoring network (SIS),NET-CZ001A
CZ0ESEZ,Sezemice,50.06154,15.85047,222.0,Czechia,Sezemice,unknown,background,UTC,01/01/2005 00:00:00,,National automated monitoring network (SIS),NET-CZ001A
CZ0ESVR,Svratouch,49.73508,16.0342,735.0,Czechia,Svratouch,rural-regional,background,UTC,01/01/2004 00:00:00,,National automated monitoring network (SIS),NET-CZ001A
CZ0EUOR,Usti n.Orl.,49.98035,16.42212,402.0,Czechia,Ústí nad Orlicí,unknown,background,UTC,01/01/2004 00:00:00,,National automated monitoring network (SIS),NET-CZ001A
CZ0HBRO,Broumov,50.56994,16.34362,374.0,Czechia,,urban-periphery,background,UTC,01/01/2024 00:00:00,,National automated monitoring network (SIS),NET-CZ001A
CZ0HHKB,Hradec Kralove-Brnen,50.19536,15.84638,232.0,Czechia,Hradec Králové,urban-centre,traffic,UTC,01/01/2004 00:00:00,,National automated monitoring network (SIS),NET-CZ001A
CZ0HHKO,Hradec Kralove-observator,50.17763,15.83839,276.0,Czechia,Hradec Králové,urban-periphery,background,UTC,01/01/2005 00:00:00,,National automated monitoring network (SIS),NET-CZ001A
CZ0HKRY,Krkonose-Rychory,50.66044,15.85009,1001.0,Czechia,Žacléř,rural-regional,background,UTC,01/01/2004 00:00:00,,National automated monitoring network (SIS),NET-CZ001A
CZ0HKVA,Kvasiny,50.20961,16.26162,353.0,Czechia,,unknown,background,UTC,01/01/2023 00:00:00,,Municipal Monitoring Network,NET-CZMMN
CZ0HPLO,Polom,50.35056,16.32273,747.0,Czechia,,rural-regional,background,UTC,29/10/2013 00:00:00,,National automated monitoring network (SIS),NET-CZ001A
CZ0HTRT,Trutnov - Tkalcovska,50.56588,15.90393,432.0,Czechia,Trutnov,urban-centre,background,UTC,07/08/2015 00:00:00,,National automated monitoring network (SIS),NET-CZ001A
CZ0JJIZ,Jihlava-Znojemska,49.39244,15.59128,500.0,Czechia,Jihlava,urban-centre,traffic,UTC,01/01/2015 00:00:00,,Public health servis (SZU),NET-CZ002A
CZ0JKMY,Kostelni Myslova,49.15915,15.43905,569.0,Czechia,Telč,unknown,background,UTC,01/01/2004 00:00:00,,National automated monitoring network (SIS),NET-CZ001A
CZ0JKOS,Kosetice,49.57339,15.08028,535.0,Czechia,Křešín,rural-regional,background,UTC,01/01/2004 00:00:00,,National automated monitoring network (SIS),NET-CZ001A
CZ0JKRI,Krizanov,49.3836,16.09862,525.0,Czechia,Křižanov,unknown,background,UTC,01/11/2004 00:00:00,,National automated monitoring network (SIS),NET-CZ001A
CZ0JPEM,Pelhrimov,49.435,15.20833,528.0,Czechia,,urban-periphery,background,UTC,25/10/2018 00:00:00,,Public health servis (SZU),NET-CZ002A
CZ0JTRE,Trebic,49.22344,15.86578,462.0,Czechia,Třebíč,urban-periphery,background,UTC,01/01/2022 00:00:00,,National automated monitoring network (SIS),NET-CZ001A
CZ0JTST,Trest,49.28894,15.48383,548.0,Czechia,,urban-centre,background,UTC,01/01/2024 00:00:00,,National automated monitoring network (SIS),NET-CZ001A
CZ0JZNZ,Zdar nad Sazavou,49.56456,15.941,569.0,Czechia,Žďár nad Sázavou,urban-centre,background,UTC,01/01/2015 00:00:00,,Public health servis (SZU),NET-CZ002A
CZ0KCHM,Cheb,50.06586,12.36344,493.0,Czechia,Cheb,urban-periphery,background,UTC,15/12/2004 00:00:00,,National automated monitoring network (SIS),NET-CZ001A
CZ0KKVA,Karlovy Vary,50.23558,12.88524,420.0,Czechia,,urban-centre,background,UTC,07/08/2015 00:00:00,,National automated monitoring network (SIS),NET-CZ001A
CZ0KPRB,Prebuz,50.37248,12.61538,904.0,Czechia,Přebuz,rural-regional,background,UTC,01/01/2004 00:00:00,,National automated monitoring network (SIS),NET-CZ001A
CZ0LCLM,Ceska Lipa,50.69804,14.53734,299.0,Czechia,Česká Lípa,urban-centre,background,UTC,01/01/2004 00:00:00,,National automated monitoring network (SIS),NET-CZ001A
CZ0LFRT,Frydlant,50.94065,15.06982,366.0,Czechia,,rural-regional,background,UTC,10/07/2015 00:00:00,,National automated monitoring network (SIS),NET-CZ001A
CZ0LHVI,Horni Vitkov,50.85605,14.96416,451.0,Czechia,,rural-regional,background,UTC,15/12/2022 00:00:00,,National automated monitoring network (SIS),NET-CZ001A
CZ0LJNM,Jablonec-mesto,50.72736,15.16216,500.0,Czechia,Jablonec nad Nisou,urban-centre,background,UTC,01/01/2020 00:00:00,,National automated monitoring network (SIS),NET-CZ001A
CZ0LKAS,Kamenicky Senov,50.7707,14.4738,542.0,Czechia,,urban-periphery,background,UTC,01/01/2024 00:00:00,,National automated monitoring network (SIS),NET-CZ001A
CZ0LLIL,Liberec-Rochlice,50.7551,15.06997,422.0,Czechia,,urban-centre,background,UTC,09/07/2015 00:00:00,,National automated monitoring network (SIS),NET-CZ001A
CZ0LRAD,Radimovice,50.62455,15.07848,385.0,Czechia,Radimovice,unknown,background,UTC,01/06/2003 00:00:00,,National automated monitoring network (SIS),NET-CZ001A
CZ0LSOU,Sous,50.78965,15.31968,771.0,Czechia,Desná,rural-regional,background,UTC,01/01/2005 00:00:00,,National automated monitoring network (SIS),NET-CZ001A
CZ0LTAS,Tanvald-skolka,50.73846,15.30291,510.0,Czechia,,urban-centre,background,UTC,01/11/2012 00:00:00,,National automated monitoring network (SIS),NET-CZ001A
CZ0LUHL,Uhelna,50.86623,14.90245,330.0,Czechia,,unknown,background,UTC,23/10/2020 00:00:00,,National automated monitoring network (SIS),NET-CZ001A
CZ0MJES,Jesenik-lazne,50.24224,17.19018,625.0,Czechia,Jeseník,unknown,background,UTC,01/01/2004 00:00:00,,National automated monitoring network (SIS),NET-CZ001A
CZ0MLOS,Lostice,49.74792,16.92578,258.0,Czechia,,unknown,background,UTC,29/05/2018 00:00:00,,Municipal Monitoring Network,NET-CZMMN
CZ0MOLS,Olomouc-Smeralova,49.59292,17.26617,220.0,Czechia,Olomouc,urban-centre,background,UTC,01/07/2001 00:00:00,,Public health servis (SZU),NET-CZ002A
CZ0MPHR,Hranice,49.55189,17.73122,247.0,Czechia,,urban-centre,background,UTC,14/11/2018 00:00:00,,Municipal Monitoring Network,NET-CZMMN
CZ0MPRR,Prerov,49.45166,17.45416,210.0,Czechia,Přerov,urban-centre,background,UTC,01/01/2004 00:00:00,,National automated monitoring network (SIS),NET-CZ001A
CZ0MPST,Prostejov,49.46786,17.11473,218.0,Czechia,Prostějov,urban-centre,background,UTC,01/01/2004 00:00:00,,National automated monitoring network (SIS),NET-CZ001A
CZ0MSMS,"Sumperk, ZS Vrchlickeho",49.97158,16.97847,325.0,Czechia,,urban-centre,background,UTC,31/05/2017 00:00:00,,Municipal Monitoring Network,NET-CZMMN
CZ0MVBY,Velka Bystrice,49.59292,17.35736,245.0,Czechia,,urban-centre,traffic,UTC,01/03/2022 00:00:00,,Municipal Monitoring Network,NET-CZMMN
CZ0PKLS,Klatovy soud,49.40061,13.28692,394.0,Czechia,Klatovy,urban-centre,traffic,UTC,01/01/2016 00:00:00,,Public health servis (SZU),NET-CZ002A
CZ0PKUJ,Kamenny Ujezd,49.722,13.61854,385.0,Czechia,Kamenný Újezd,unknown,background,UTC,01/02/2013 00:00:00,,National automated monitoring network (SIS),NET-CZ001A
CZ0PPLL,Plzen-Lochotin,49.77013,13.36822,360.0,Czechia,Plzeň,urban-centre,background,UTC,01/01/2004 00:00:00,,National automated monitoring network (SIS),NET-CZ001A
CZ0PPLV,Plzen-Doubravka,49.76862,13.42338,348.0,Czechia,Plzeň,urban-periphery,background,UTC,01/01/2004 00:00:00,,National automated monitoring network (SIS),NET-CZ001A
CZ0PPLX,Plzeň-Slovany,49.73244,13.40231,340.0,Czechia,Plzeň,urban-centre,traffic,UTC,01/01/2004 00:00:00,,National automated monitoring network (SIS),NET-CZ001A
CZ0PPRM,Primda,49.66958,12.67788,740.0,Czechia,Přimda,rural-regional,background,UTC,01/12/2019 00:00:00,,National automated monitoring network (SIS),NET-CZ001A
CZ0PSTA,Stankov,49.55256,13.06743,362.0,Czechia,Staňkov,urban-periphery,background,UTC,01/07/2004 00:00:00,,National automated monitoring network (SIS),NET-CZ001A
CZ0SBER,Beroun,49.95793,14.0583,216.0,Czechia,Beroun,urban-centre,traffic,UTC,01/01/2004 00:00:00,,National automated monitoring network (SIS),NET-CZ001A
CZ0SKCL,Kostelec nad Cernymi lesy,49.98825,14.85783,391.0,Czechia,,urban-periphery,background,UTC,08/01/2024 00:00:00,,National automated monitoring network (SIS),NET-CZ001A
CZ0SKHO,Kutna Hora-Orebitska,49.95047,15.26036,290.0,Czechia,,urban-centre,background,UTC,17/01/2018 00:00:00,,National automated monitoring network (SIS),NET-CZ001A
CZ0SKLS,Kladno-Svermov,50.16741,14.10605,219.0,Czechia,Kladno,urban-centre,background,UTC,01/01/2006 00:00:00,,National automated monitoring network (SIS),NET-CZ001A
CZ0SKOA,Kolin SAZ,50.01715,15.20663,210.0,Czechia,Kolín,urban-centre,background,UTC,01/01/2016 00:00:00,,Public health servis (SZU),NET-CZ002A
CZ0SKRP,Kralupy nad Vltavou-sportoviste,50.25142,14.31658,175.0,Czechia,,urban-centre,industrial,UTC,01/01/2016 00:00:00,,Public health servis (SZU),NET-CZ002A
CZ0SMBO,Mlada Boleslav,50.42865,14.91386,224.0,Czechia,Mladá Boleslav,urban-centre,background,UTC,01/01/2004 00:00:00,,National automated monitoring network (SIS),NET-CZ001A
CZ0SONR,Ondrejov,49.91351,14.78263,514.0,Czechia,Ondřejov,rural-regional,background,UTC,01/01/2004 00:00:00,,National automated monitoring network (SIS),NET-CZ001A
CZ0SROR,Rozdalovice-Ruska,50.30198,15.1783,198.0,Czechia,Rožďalovice,unknown,background,UTC,07/08/2015 00:00:00,,National automated monitoring network (SIS),NET-CZ001A
CZ0SSKV,Skvorec,50.04865,14.72723,305.0,Czechia,,unknown,background,UTC,24/01/2024 00:00:00,,National automated monitoring network (SIS),NET-CZ001A
CZ0SSLN,Slany,50.21846,14.09133,329.0,Czechia,,urban-periphery,background,UTC,01/01/2021 00:00:00,,National automated monitoring network (SIS),NET-CZ001A
CZ0STCS,Tobolka-Certovy schody,49.9185,14.09449,420.0,Czechia,,unknown,background,UTC,11/11/2008 00:00:00,,Municipal Monitoring Network,NET-CZMMN
CZ0TCER,Cervena hora,49.77714,17.54195,749.0,Czechia,Budišov nad Budišovkou,rural-regional,background,UTC,01/01/2004 00:00:00,,National automated monitoring network (SIS),NET-CZ001A
CZ0TCTN,Cesky Tesin,49.74896,18.60973,285.0,Czechia,Český Těšín,urban-centre,background,UTC,01/01/2013 00:00:00,,National automated monitoring network (SIS),NET-CZ001A
CZ0TFMI,Frydek-Mistek,49.67179,18.35107,290.0,Czechia,Frýdek-Místek,urban-periphery,background,UTC,01/01/2004 00:00:00,,National automated monitoring network (SIS),NET-CZ001A
CZ0THAO,Havirov ZU,49.77153,18.44319,280.0,Czechia,,urban-centre,background,UTC,01/01/2018 00:00:00,,Public health servis (SZU),NET-CZ002A
CZ0THAR,Havirov,49.79098,18.40684,260.0,Czechia,Havířov,urban-centre,background,UTC,01/01/2004 00:00:00,,National automated monitoring network (SIS),NET-CZ001A
CZ0THBS,Horni Benesov-skola,49.96841,17.60028,553.0,Czechia,,unknown,background,UTC,01/01/2024 00:00:00,,National automated monitoring network (SIS),NET-CZ001A
CZ0TKAO,Karvina ZU,49.85889,18.55778,251.0,Czechia,Karviná,urban-centre,traffic,UTC,01/01/2014 00:00:00,,Public health servis (SZU),NET-CZ002A
CZ0TKAR,Karvina,49.8638,18.55145,238.0,Czechia,Karviná,urban-centre,background,UTC,01/01/2004 00:00:00,,National automated monitoring network (SIS),NET-CZ001A
CZ0TNSV,Nosovice,49.65307,18.43183,346.0,Czechia,,unknown,background,UTC,09/02/2018 00:00:00,,Municipal Monitoring Network,NET-CZMMN
CZ0TOCB,Ostrava-Ceskobratrsk,49.83985,18.28998,215.0,Czechia,Ostrava,urban-centre,traffic,UTC,01/01/2005 00:00:00,,National automated monitoring network (SIS),NET-CZ001A
CZ0TOHU,Ostrava-Hrusov,49.86772,18.28375,202.0,Czechia,,urban-periphery,industrial,UTC,13/01/2020 00:00:00,,Public health servis (SZU),NET-CZ002A
CZ0TOMH,Ostrava-Marianske Ho,49.82486,18.26365,225.0,Czechia,Ostrava,urban-centre,background,UTC,01/01/2018 00:00:00,,Public health servis (SZU),NET-CZ002A
CZ0TOPD,Ostrava-Poruba DD,49.83547,18.16522,282.0,Czechia,,urban-centre,traffic,UTC,01/04/2015 00:00:00,,National automated monitoring network (SIS),NET-CZ001A
CZ0TOPO,Ostrava-Poruba CHMU,49.82529,18.15928,242.0,Czechia,Ostrava,urban-periphery,background,UTC,01/01/2004 00:00:00,,National automated monitoring network (SIS),NET-CZ001A
CZ0TOPR,Ostrava-Privoz,49.85626,18.26974,207.0,Czechia,Ostrava,urban-centre,industrial,UTC,01/01/2004 00:00:00,,National automated monitoring network (SIS),NET-CZ001A
CZ0TORE,Ostrava-Radvanice ZU,49.80706,18.33914,250.0,Czechia,Ostrava,urban-periphery,industrial,UTC,30/03/2011 00:00:00,,Public health servis (SZU),NET-CZ002A
CZ0TORO,Ostrava-Radvanice OZO,49.81856,18.34039,258.0,Czechia,,urban-periphery,background,UTC,01/01/2013 00:00:00,,Public health servis (SZU),NET-CZ002A
CZ0TOVK,Opava-Katerinky,49.94499,17.90953,255.0,Czechia,Opava,urban-centre,background,UTC,01/01/2004 00:00:00,,National automated monitoring network (SIS),NET-CZ001A
CZ0TPIS,Pisecna,49.57362,18.7849,456.0,Czechia,Písečná,unknown,background,UTC,13/01/2016 00:00:00,,National automated monitoring network (SIS),NET-CZ001A
CZ0TRYC,Rychvald,49.87167,18.37725,241.0,Czechia,,urban-centre,background,UTC,08/03/2016 00:00:00,,National automated monitoring network (SIS),NET-CZ001A
CZ0TSTD,Studenka,49.72094,18.08931,231.0,Czechia,Studénka,unknown,background,UTC,01/01/2018 00:00:00,,National automated monitoring network (SIS),NET-CZ001A
CZ0TTRO,Trinec-Kosmos,49.66811,18.6778,320.0,Czechia,Třinec,urban-centre,background,UTC,01/01/2004 00:00:00,,National automated monitoring network (SIS),NET-CZ001A
CZ0UBLZ,Blazim,50.40897,13.62583,261.0,Czechia,Blažim,rural,industrial,UTC,01/01/2006 00:00:00,,National automated monitoring network (SIS),NET-CZ001A
CZ0UCEC,Ceradice,50.30349,13.4938,330.0,Czechia,Čeradice,rural-regional,background,UTC,05/08/2015 00:00:00,,National automated monitoring network (SIS),NET-CZ001A
CZ0UCHM,Chomutov,50.46753,13.4127,344.0,Czechia,Chomutov,urban-centre,background,UTC,01/01/2004 00:00:00,,National automated monitoring network (SIS),NET-CZ001A
CZ0UDCM,Decin,50.77415,14.21879,131.0,Czechia,Děčín,urban-centre,background,UTC,01/01/2004 00:00:00,,National automated monitoring network (SIS),NET-CZ001A
CZ0UDOK,Doksany,50.45885,14.17016,158.0,Czechia,Doksany,unknown,background,UTC,01/01/2016 00:00:00,,National automated monitoring network (SIS),NET-CZ001A
CZ0UDRO,Drouzkovice,50.41105,13.43024,319.0,Czechia,Droužkovice,rural,industrial,UTC,01/01/2006 00:00:00,,National automated monitoring network (SIS),NET-CZ001A
CZ0UHVR,Havran,50.44554,13.59716,330.0,Czechia,Havraň,rural,industrial,UTC,01/01/2006 00:00:00,,National automated monitoring network (SIS),NET-CZ001A
CZ0UKRU,Krupka,50.69667,13.84769,533.0,Czechia,Krupka,unknown,background,UTC,01/01/2004 00:00:00,,National automated monitoring network (SIS),NET-CZ001A
CZ0ULOM,Lom,50.58577,13.67342,265.0,Czechia,Mariánské Radčice,unknown,background,UTC,01/11/2004 00:00:00,,National automated monitoring network (SIS),NET-CZ001A
CZ0UMED,Medenec,50.42759,13.13014,827.0,Czechia,Měděnec,unknown,background,UTC,01/01/2004 00:00:00,,National automated monitoring network (SIS),NET-CZ001A
CZ0UMLA,Mila,50.42889,13.74939,339.0,Czechia,Bečov,rural,industrial,UTC,01/01/2006 00:00:00,,National automated monitoring network (SIS),NET-CZ001A
CZ0UMOM,Most,50.51036,13.64527,221.0,Czechia,Most,urban-centre,background,UTC,01/01/2004 00:00:00,,National automated monitoring network (SIS),NET-CZ001A
CZ0URVH,Rudolice v Horach,50.57983,13.41951,840.0,Czechia,Hora Svaté Kateřiny,rural-regional,background,UTC,01/01/2004 00:00:00,,National automated monitoring network (SIS),NET-CZ001A
CZ0USNZ,Sneznik,50.78944,14.0868,590.0,Czechia,Jílové,rural-regional,background,UTC,20/05/2004 00:00:00,,National automated monitoring network (SIS),NET-CZ001A
CZ0USTE,Steti,50.45415,14.37416,155.0,Czechia,,urban-centre,background,UTC,01/01/2018 00:00:00,,Municipal Monitoring Network,NET-CZMMN
CZ0UTPM,Teplice,50.64528,13.85125,257.0,Czechia,Teplice,urban-periphery,background,UTC,19/12/2008 00:00:00,,National automated monitoring network (SIS),NET-CZ001A
CZ0UULD,Usti n.L.-Vseboricka,50.68312,13.99787,230.0,Czechia,Ústí nad Labem,urban-centre,traffic,UTC,20/04/2007 00:00:00,,National automated monitoring network (SIS),NET-CZ001A
CZ0UULK,Usti n.L.-Kockov,50.68353,14.04119,367.0,Czechia,Ústí nad Labem,urban-periphery,background,UTC,01/01/2005 00:00:00,,National automated monitoring network (SIS),NET-CZ001A
CZ0UVAL,Valdek,50.97501,14.51299,438.0,Czechia,Staré Křečany,unknown,background,UTC,02/09/2009 00:00:00,,National automated monitoring network (SIS),NET-CZ001A
CZ0UVSL,Vysluni,50.46484,13.24072,736.0,Czechia,,rural,industrial,UTC,01/01/2010 00:00:00,,National automated monitoring network (SIS),NET-CZ001A
CZ0ZROZ,Roznov pod Radhostem,49.46011,18.13822,374.0,Czechia,,urban-centre,traffic,UTC,20/12/2021 00:00:00,,Municipal Monitoring Network,NET-CZMMN
CZ0ZSNV,Stitna n.Vlari,49.04782,18.00783,600.0,Czechia,Štítná nad Vláří-Popov,rural-regional,background,UTC,01/01/2004 00:00:00,,National automated monitoring network (SIS),NET-CZ001A
CZ0ZUHR,Uherske Hradiste,49.06795,17.46685,191.0,Czechia,Uherské Hradiště,urban-centre,traffic,UTC,08/01/2013 00:00:00,,National automated monitoring network (SIS),NET-CZ001A
CZ0ZVMZ,Valasske Mezirici,49.47206,17.96698,290.0,Czechia,,urban-centre,background,UTC,04/09/2015 00:00:00,,National automated monitoring network (SIS),NET-CZ001A
CZ0ZVSH,Vsetin - hvezdarna,49.34445,17.99601,385.0,Czechia,Vsetín,urban-periphery,background,UTC,01/01/2003 00:00:00,,National automated monitoring network (SIS),NET-CZ001A
CZ0ZZLN,Zlin,49.23291,17.66718,258.0,Czechia,Zlín,urban-periphery,background,UTC,01/01/2022 00:00:00,,National automated monitoring network (SIS),NET-CZ001A
CZ0ZZZS,Zlin-ZS Kvitkova,49.22847,17.67508,225.0,Czechia,,urban-centre,background,UTC,31/05/2017 00:00:00,,Municipal Monitoring Network,NET-CZMMN
DEBB021,Potsdam-Zentrum,52.40139,13.06016,31.0,Germany,Potsdam,urban-centre,background,UTC+01,15/04/2009 00:00:01,,Landesamt für Umwelt Brandenburg,NET.DE_BB
DEBB029,Schwedt (Oder),53.06426,14.28514,5.0,Germany,Schwedt/Oder,urban-periphery,industrial,UTC+01,02/01/2004 00:00:01,,Landesamt für Umwelt Brandenburg,NET.DE_BB
DEBB032,Eisenhüttenstadt,52.14626,14.63817,40.0,Germany,Eisenhüttenstadt,urban-periphery,industrial,UTC+01,29/12/2003 00:00:01,,Landesamt für Umwelt Brandenburg,NET.DE_BB
DEBB044,"Cottbus, Bahnhofstr.",51.75659,14.328,75.0,Germany,Cottbus,urban-centre,traffic,UTC+01,03/01/2013 00:00:01,,Landesamt für Umwelt Brandenburg,NET.DE_BB
DEBB045,"Frankfurt (Oder), Leipziger Str.",52.33734,14.53859,56.0,Germany,Frankfurt (Oder),urban-centre,traffic,UTC+01,01/01/2013 00:00:01,,Landesamt für Umwelt Brandenburg,NET.DE_BB
DEBB048,Neuruppin,52.93189,12.80948,43.0,Germany,Neuruppin,urban-periphery,background,UTC+01,01/01/2020 00:00:01,,Landesamt für Umwelt Brandenburg,NET.DE_BB
DEBB049,"Brandenburg, Neuendorfer Str.",52.40938,12.54859,33.0,Germany,Brandenburg an der Havel,urban-centre,traffic,UTC+01,29/12/2014 00:00:01,,Landesamt für Umwelt Brandenburg,NET.DE_BB
DEBB053,Hasenholz (Buckow),52.56389,14.01517,88.0,Germany,Buckow (Märkische Schweiz),rural-regional,background,UTC+01,04/01/2002 00:00:01,,Landesamt für Umwelt Brandenburg,NET.DE_BB
DEBB054,"Potsdam, Zeppelinstr.",52.39393,13.03747,31.0,Germany,Potsdam,urban-centre,traffic,UTC+01,01/01/2013 00:00:01,,Landesamt für Umwelt Brandenburg,NET.DE_BB
DEBB055,Brandenburg a.d. Havel,52.42044,12.5523,33.0,Germany,Brandenburg an der Havel,urban-periphery,background,UTC+01,23/12/2002 00:00:01,,Landesamt für Umwelt Brandenburg,NET.DE_BB
DEBB063,Wittenberge,52.99875,11.73846,22.0,Germany,Wittenberge,urban-periphery,background,UTC+01,30/12/2003 00:00:01,,Landesamt für Umwelt Brandenburg,NET.DE_BB
DEBB064,Cottbus,51.74685,14.33447,75.0,Germany,Cottbus,urban-centre,background,UTC+01,06/01/2003 00:00:01,,Landesamt für Umwelt Brandenburg,NET.DE_BB
DEBB066,Spreewald,51.89749,14.0569,52.0,Germany,Neu Zauche,rural-regional,background,UTC+01,17/04/2003 00:00:01,,Landesamt für Umwelt Brandenburg,NET.DE_BB
DEBB068,"Bernau, Lohmühlenstr.",52.67765,13.58227,71.0,Germany,Bernau bei Berlin,urban-centre,traffic,UTC+01,01/01/2017 00:00:01,,Landesamt für Umwelt Brandenburg,NET.DE_BB
DEBB073,"Potsdam, Großbeerenstr.",52.38895,13.09428,32.0,Germany,Potsdam,urban-centre,traffic,UTC+01,01/01/2013 00:00:01,,Landesamt für Umwelt Brandenburg,NET.DE_BB
DEBB075,"Potsdam, Groß Glienicke",52.48417,13.1237,39.0,Germany,Potsdam,urban-periphery,background,UTC+01,27/04/2007 00:00:01,,Landesamt für Umwelt Brandenburg,NET.DE_BB
DEBB076,"Cottbus, Depo-Meisenweg",51.77612,14.31653,68.0,Germany,Cottbus,urban-periphery,background,UTC+01,01/01/2020 00:00:01,,Landesamt für Umwelt Brandenburg,NET.DE_BB
DEBB083,Spremberg,51.5645,14.3764,99.0,Germany,Spremberg,urban-periphery,background,UTC+01,04/01/2010 00:00:01,,Landesamt für Umwelt Brandenburg,NET.DE_BB
DEBB086,Blankenfelde-Mahlow,52.3497,13.4243,43.0,Germany,Blankenfelde-Mahlow,urban-periphery,background,UTC+01,01/01/2014 00:00:01,,Landesamt für Umwelt Brandenburg,NET.DE_BB
DEBB092,Frankfurt (Oder),52.33468,14.52596,74.0,Germany,Frankfurt (Oder),urban-periphery,background,UTC+01,07/01/2014 00:00:01,,Landesamt für Umwelt Brandenburg,NET.DE_BB
DEBB108,"Lütte, Depo-Am Lütter Bach",52.20308,12.61465,45.0,Germany,Lütte,rural,background,UTC+01,01/01/2017 00:00:01,,Landesamt für Umwelt Brandenburg,NET.DE_BB
DEBB110,Dallgow-Döberitz,52.5395,13.04878,39.0,Germany,,urban-periphery,background,UTC+01,01/01/2020 00:00:01,,Landesamt für Umwelt Brandenburg,NET.DE_BB
DEBB111,Elsterwerda,51.45651,13.52255,92.0,Germany,Elsterwerda,urban-centre,background,UTC+01,01/01/2021 00:00:01,,Landesamt für Umwelt Brandenburg,NET.DE_BB
DEBB112,Wildau,52.32403,13.62125,60.0,Germany,Wildau,urban-periphery,background,UTC+01,01/01/2022 00:00:01,,Landesamt für Umwelt Brandenburg,NET.DE_BB
DEBB126,"Oranienburg, Bernauer Str.",52.75567,13.24051,35.0,Germany,Oranienburg,urban-centre,traffic,UTC+01,01/01/2025 00:00:01,,Landesamt für Umwelt Brandenburg,NET.DE_BB
DEBB127,Luckenwalde,52.0891,13.1794,50.0,Germany,,urban-periphery,background,UTC+01,28/02/2025 00:00:01,,Landesamt für Umwelt Brandenburg,NET.DE_BB
DEBE027,Berlin Marienfelde,52.39841,13.3681,45.0,Germany,Berlin,unknown,background,UTC+01,01/04/1989 00:00:01,,"Senatsverwaltung für Mobilität, Verkehr, Klimaschutz und Umwelt",NET.DE_BE
DEBE032,Berlin Grunewald (3.5 m),52.47319,13.22514,50.0,Germany,Berlin,unknown,background,UTC+01,01/10/1986 00:00:01,,"Senatsverwaltung für Mobilität, Verkehr, Klimaschutz und Umwelt",NET.DE_BE
DEBE051,Berlin Buch,52.64417,13.48308,60.0,Germany,Berlin,urban-periphery,background,UTC+01,01/01/2023 00:00:01,,"Senatsverwaltung für Mobilität, Verkehr, Klimaschutz und Umwelt",NET.DE_BE
DEBE056,Berlin Friedrichshagen,52.4477,13.64705,35.0,Germany,Berlin,unknown,background,UTC+01,01/02/1994 00:00:01,,"Senatsverwaltung für Mobilität, Verkehr, Klimaschutz und Umwelt",NET.DE_BE
DEBE062,Berlin Frohnau (3.5 m),52.65327,13.29608,50.0,Germany,Berlin,unknown,background,UTC+01,01/02/1996 00:00:01,,"Senatsverwaltung für Mobilität, Verkehr, Klimaschutz und Umwelt",NET.DE_BE
DEBE066,Berlin Karlshorst,52.4853,13.5295,35.0,Germany,Berlin,urban-centre,background,UTC+01,01/07/1999 00:00:01,,"Senatsverwaltung für Mobilität, Verkehr, Klimaschutz und Umwelt",NET.DE_BE
DEBE068,Berlin Mitte,52.51361,13.41883,35.0,Germany,Berlin,urban-centre,background,UTC+01,01/01/2003 00:00:01,,"Senatsverwaltung für Mobilität, Verkehr, Klimaschutz und Umwelt",NET.DE_BE
DEBE069,Berlin Mariendorfer Damm,52.43811,13.38772,50.0,Germany,Berlin,urban-centre,traffic,UTC+01,01/01/2009 00:00:01,,"Senatsverwaltung für Mobilität, Verkehr, Klimaschutz und Umwelt",NET.DE_BE
DEBE082,Berlin Leipziger Straße,52.5104,13.3913,35.0,Germany,Berlin,urban-centre,traffic,UTC+01,01/01/2007 00:00:01,,"Senatsverwaltung für Mobilität, Verkehr, Klimaschutz und Umwelt",NET.DE_BE
DEBE083,Berlin Kantstraße,52.50646,13.30859,35.0,Germany,Berlin,urban-centre,traffic,UTC+01,01/01/2018 00:00:01,,"Senatsverwaltung für Mobilität, Verkehr, Klimaschutz und Umwelt",NET.DE_BE
DEBE084,Berlin Hauptstraße,52.48126,13.34743,40.0,Germany,Berlin,urban-centre,traffic,UTC+01,01/01/2018 00:00:01,,"Senatsverwaltung für Mobilität, Verkehr, Klimaschutz und Umwelt",NET.DE_BE
DEBE085,Berlin Herrmannstraße,52.4657,13.43219,50.0,Germany,Berlin,urban-centre,traffic,UTC+01,01/01/2018 00:00:01,,"Senatsverwaltung für Mobilität, Verkehr, Klimaschutz und Umwelt",NET.DE_BE
DEBE086,Berlin Sonnenallee,52.48424,13.43463,40.0,Germany,Berlin,urban-centre,traffic,UTC+01,01/01/2018 00:00:01,,"Senatsverwaltung für Mobilität, Verkehr, Klimaschutz und Umwelt",NET.DE_BE
DEBE087,Berlin Berliner Allee,52.5502,13.45988,55.0,Germany,Berlin,urban-centre,traffic,UTC+01,01/01/2007 00:00:01,,"Senatsverwaltung für Mobilität, Verkehr, Klimaschutz und Umwelt",NET.DE_BE
DEBE088,Berlin Beusselstraße,52.5291,13.32843,40.0,Germany,Berlin,urban-centre,traffic,UTC+01,01/01/2007 00:00:01,,"Senatsverwaltung für Mobilität, Verkehr, Klimaschutz und Umwelt",NET.DE_BE
DEBE089,Berlin Potsdamer Straße,52.5014,13.36408,40.0,Germany,Berlin,urban-centre,traffic,UTC+01,01/01/2008 00:00:01,,"Senatsverwaltung für Mobilität, Verkehr, Klimaschutz und Umwelt",NET.DE_BE
DEBE091,Berlin Alt-Friedrichsfelde,52.51045,13.50656,40.0,Germany,Berlin,urban-centre,traffic,UTC+01,01/01/2007 00:00:01,,"Senatsverwaltung für Mobilität, Verkehr, Klimaschutz und Umwelt",NET.DE_BE
DEBE092,Berlin Spandauer Damm,52.51834,13.28178,50.0,Germany,Berlin,urban-centre,traffic,UTC+01,01/01/2007 00:00:01,,"Senatsverwaltung für Mobilität, Verkehr, Klimaschutz und Umwelt",NET.DE_BE
DEBE093,Berlin Alt-Moabit,52.52393,13.3287,35.0,Germany,Berlin,urban-centre,traffic,UTC+01,01/01/2007 00:00:01,,"Senatsverwaltung für Mobilität, Verkehr, Klimaschutz und Umwelt",NET.DE_BE
DEBE094,Berlin Schloßstraße,52.45888,13.3225,50.0,Germany,Berlin,urban-centre,traffic,UTC+01,01/01/2007 00:00:01,,"Senatsverwaltung für Mobilität, Verkehr, Klimaschutz und Umwelt",NET.DE_BE
DEBE095,Berlin Tempelhofer Damm,52.46525,13.38544,45.0,Germany,Berlin,urban-centre,traffic,UTC+01,01/01/2007 00:00:01,,"Senatsverwaltung für Mobilität, Verkehr, Klimaschutz und Umwelt",NET.DE_BE
DEBE096,Berlin Landsberger Allee,52.5232,13.43505,45.0,Germany,Berlin,urban-centre,traffic,UTC+01,01/01/2007 00:00:01,,"Senatsverwaltung für Mobilität, Verkehr, Klimaschutz und Umwelt",NET.DE_BE
DEBE097,Berlin Herrmannplatz,52.48739,13.42471,40.0,Germany,Berlin,urban-centre,traffic,UTC+01,01/01/2007 00:00:01,,"Senatsverwaltung für Mobilität, Verkehr, Klimaschutz und Umwelt",NET.DE_BE
DEBE098,Berlin Buschkrugallee,52.46328,13.44431,40.0,Germany,Berlin,urban-centre,traffic,UTC+01,01/01/2007 00:00:01,,"Senatsverwaltung für Mobilität, Verkehr, Klimaschutz und Umwelt",NET.DE_BE
DEBE100,Berlin Friedrichstraße,52.5144,13.38912,40.0,Germany,Berlin,urban-centre,traffic,UTC+01,01/01/2007 00:00:01,,"Senatsverwaltung für Mobilität, Verkehr, Klimaschutz und Umwelt",NET.DE_BE
DEBE101,Berlin Badstraße,52.55029,13.38493,50.0,Germany,Berlin,urban-centre,traffic,UTC+01,01/01/2007 00:00:01,,"Senatsverwaltung für Mobilität, Verkehr, Klimaschutz und Umwelt",NET.DE_BE
DEBE102,Berlin Klosterstraße,52.53106,13.19658,35.0,Germany,Berlin,urban-centre,traffic,UTC+01,01/01/2007 00:00:01,,"Senatsverwaltung für Mobilität, Verkehr, Klimaschutz und Umwelt",NET.DE_BE
DEBE103,Berlin Eichborndamm,52.57019,13.31268,40.0,Germany,Berlin,urban-centre,traffic,UTC+01,01/01/2008 00:00:01,,"Senatsverwaltung für Mobilität, Verkehr, Klimaschutz und Umwelt",NET.DE_BE
DEBE104,Berlin Markgrafendamm,52.49838,13.46512,35.0,Germany,Berlin,urban-centre,traffic,UTC+01,01/01/2012 00:00:01,,"Senatsverwaltung für Mobilität, Verkehr, Klimaschutz und Umwelt",NET.DE_BE
DEBE114,Berlin Elsenstraße,52.48945,13.45478,40.0,Germany,Berlin,urban-centre,traffic,UTC+01,01/01/2019 00:00:01,,"Senatsverwaltung für Mobilität, Verkehr, Klimaschutz und Umwelt",NET.DE_BE
DEBE115,Berlin Erkstraße,52.48138,13.43916,40.0,Germany,Berlin,urban-centre,traffic,UTC+01,01/01/2019 00:00:01,,"Senatsverwaltung für Mobilität, Verkehr, Klimaschutz und Umwelt",NET.DE_BE
DEBE121,Berlin Mehringdamm,52.49219,13.3871,40.0,Germany,Berlin,urban-centre,traffic,UTC+01,01/01/2020 00:00:01,,"Senatsverwaltung für Mobilität, Verkehr, Klimaschutz und Umwelt",NET.DE_BE
DEBE122,Berlin Martin-Luther-Straße,52.49817,13.34585,40.0,Germany,Berlin,urban-centre,traffic,UTC+01,01/01/2020 00:00:01,,"Senatsverwaltung für Mobilität, Verkehr, Klimaschutz und Umwelt",NET.DE_BE
DEBE125,Berlin Leipziger Straße (MC),52.50981,13.38238,40.0,Germany,Berlin,urban-centre,traffic,UTC+01,26/03/2020 00:00:01,,"Senatsverwaltung für Mobilität, Verkehr, Klimaschutz und Umwelt",NET.DE_BE
DEBE126,Berlin Karl-Marx-Straße II,52.48381,13.42967,40.0,Germany,Berlin,urban-centre,traffic,UTC+01,01/01/2023 00:00:01,,"Senatsverwaltung für Mobilität, Verkehr, Klimaschutz und Umwelt",NET.DE_BE
DEBE127,Berlin Silbersteinstraße 5,52.46747,13.44121,35.0,Germany,Berlin,urban-centre,traffic,UTC+01,01/01/2024 00:00:01,,"Senatsverwaltung für Mobilität, Verkehr, Klimaschutz und Umwelt",NET.DE_BE
DEBW005,Mannheim-Nord,49.54408,8.46528,94.0,Germany,Mannheim,urban-periphery,industrial,UTC+01,01/01/2017 00:00:01,,"Landesanstalt für Umwelt, Messungen und Naturschutz Baden-Württemberg",NET.DE_BW
DEBW009,Heidelberg,49.41953,8.6767,112.0,Germany,Heidelberg,urban-centre,background,UTC+01,01/01/1984 00:00:01,,"Landesanstalt für Umwelt, Messungen und Naturschutz Baden-Württemberg",NET.DE_BW
DEBW010,Wiesloch,49.30073,8.7001,162.0,Germany,Wiesloch,urban-periphery,background,UTC+01,01/05/1986 00:00:01,,"Landesanstalt für Umwelt, Messungen und Naturschutz Baden-Württemberg",NET.DE_BW
DEBW013,Stuttgart-Bad Cannstatt,48.8088,9.22975,235.0,Germany,Stuttgart,urban-centre,background,UTC+01,01/01/2018 00:00:01,,"Landesanstalt für Umwelt, Messungen und Naturschutz Baden-Württemberg",NET.DE_BW
DEBW015,Heilbronn,49.16551,9.22479,157.0,Germany,Heilbronn,urban-centre,background,UTC+01,01/01/2007 00:00:01,,"Landesanstalt für Umwelt, Messungen und Naturschutz Baden-Württemberg",NET.DE_BW
DEBW022,Kehl,48.57818,7.80232,136.0,Germany,Kehl,urban-periphery,industrial,UTC+01,04/01/2018 00:00:01,,"Landesanstalt für Umwelt, Messungen und Naturschutz Baden-Württemberg",NET.DE_BW
DEBW023,Weil am Rhein,47.58815,7.63327,275.0,Germany,Weil am Rhein,urban-periphery,background,UTC+01,01/02/1982 00:00:01,,"Landesanstalt für Umwelt, Messungen und Naturschutz Baden-Württemberg",NET.DE_BW
DEBW027,Reutlingen,48.48889,9.20732,385.0,Germany,Reutlingen,urban-centre,background,UTC+01,01/02/1982 00:00:01,,"Landesanstalt für Umwelt, Messungen und Naturschutz Baden-Württemberg",NET.DE_BW
DEBW038,Friedrichshafen,47.66006,9.48568,404.0,Germany,Friedrichshafen,urban-centre,background,UTC+01,01/01/1987 00:00:01,,"Landesanstalt für Umwelt, Messungen und Naturschutz Baden-Württemberg",NET.DE_BW
DEBW039,Villingen-Schwenningen,48.04866,8.4636,700.0,Germany,Villingen-Schwenningen,urban-periphery,background,UTC+01,01/06/1987 00:00:01,,"Landesanstalt für Umwelt, Messungen und Naturschutz Baden-Württemberg",NET.DE_BW
DEBW046,Biberach,48.08989,9.80033,534.0,Germany,Biberach an der Riß,urban-periphery,background,UTC+01,01/11/1990 00:00:01,,"Landesanstalt für Umwelt, Messungen und Naturschutz Baden-Württemberg",NET.DE_BW
DEBW052,Konstanz,47.66436,9.16929,403.0,Germany,Konstanz,urban-centre,background,UTC+01,01/09/1990 00:00:01,,"Landesanstalt für Umwelt, Messungen und Naturschutz Baden-Württemberg",NET.DE_BW
DEBW056,Schwäbisch Hall,49.10788,9.73323,306.0,Germany,Schwäbisch Hall,urban-periphery,background,UTC+01,01/01/1991 00:00:01,,"Landesanstalt für Umwelt, Messungen und Naturschutz Baden-Württemberg",NET.DE_BW
DEBW059,Tauberbischofsheim,49.63484,9.65792,177.0,Germany,Tauberbischofsheim,urban-periphery,background,UTC+01,01/11/1990 00:00:01,,"Landesanstalt für Umwelt, Messungen und Naturschutz Baden-Württemberg",NET.DE_BW
DEBW073,Neuenburg,47.81902,7.56797,223.0,Germany,Neuenburg am Rhein,urban-periphery,background,UTC+01,01/11/1992 00:00:01,,"Landesanstalt für Umwelt, Messungen und Naturschutz Baden-Württemberg",NET.DE_BW
DEBW076,Baden-Baden,48.77307,8.22021,148.0,Germany,Baden-Baden,urban-periphery,background,UTC+01,22/04/1993 00:00:01,,"Landesanstalt für Umwelt, Messungen und Naturschutz Baden-Württemberg",NET.DE_BW
DEBW087,Schwäbische Alb,48.34578,9.20764,798.0,Germany,Sonnenbühl,rural-regional,background,UTC+01,01/01/2007 00:00:01,,"Landesanstalt für Umwelt, Messungen und Naturschutz Baden-Württemberg",NET.DE_BW
DEBW098,Mannheim Friedrichsring,49.49256,8.47204,101.0,Germany,Mannheim,urban-centre,traffic,UTC+01,28/04/1994 00:00:01,,"Landesanstalt für Umwelt, Messungen und Naturschutz Baden-Württemberg",NET.DE_BW
DEBW116,Stuttgart Hohenheimer Straße,48.76871,9.18449,302.0,Germany,Stuttgart,urban-centre,traffic,UTC+01,23/12/2003 00:00:01,,"Landesanstalt für Umwelt, Messungen und Naturschutz Baden-Württemberg",NET.DE_BW
DEBW118,Stuttgart Am Neckartor,48.7881,9.19101,239.0,Germany,Stuttgart,urban-centre,traffic,UTC+01,01/01/2004 00:00:01,,"Landesanstalt für Umwelt, Messungen und Naturschutz Baden-Württemberg",NET.DE_BW
DEBW128,Mühlacker Stuttgarter Straße,48.94667,8.84432,242.0,Germany,Mühlacker,urban-periphery,traffic,UTC+01,01/01/2006 00:00:01,,"Landesanstalt für Umwelt, Messungen und Naturschutz Baden-Württemberg",NET.DE_BW
DEBW136,Tübingen Mühlstraße,48.52023,9.05802,340.0,Germany,Tübingen,urban-centre,traffic,UTC+01,01/01/2010 00:00:01,,"Landesanstalt für Umwelt, Messungen und Naturschutz Baden-Württemberg",NET.DE_BW
DEBW193,Depo_Isny im Allgäu,47.72335,10.06543,699.0,Germany,Isny im Allgäu,rural,background,UTC+01,01/01/2018 00:00:01,,"Landesanstalt für Umwelt, Messungen und Naturschutz Baden-Württemberg",NET.DE_BW
DEBW241,Ludwigsburg Schlossstraße,48.8982,9.19373,285.0,Germany,Ludwigsburg,urban-centre,traffic,UTC+01,01/07/2021 00:00:01,,"Landesanstalt für Umwelt, Messungen und Naturschutz Baden-Württemberg",NET.DE_BW
DEBW243,Stuttgart Talstraße,48.78364,9.21177,252.0,Germany,Stuttgart,urban-centre,traffic,UTC+01,01/01/2020 00:00:01,,"Landesanstalt für Umwelt, Messungen und Naturschutz Baden-Württemberg",NET.DE_BW
DEBW245,Pforzheim Luisenstraße,48.89359,8.69527,274.0,Germany,Pforzheim,urban-centre,traffic,UTC+01,01/01/2021 00:00:01,,"Landesanstalt für Umwelt, Messungen und Naturschutz Baden-Württemberg",NET.DE_BW
DEBW246,Pforzheim St.-Georgen-Steige,48.88695,8.70564,267.0,Germany,Pforzheim,urban-centre,traffic,UTC+01,01/01/2021 00:00:01,,"Landesanstalt für Umwelt, Messungen und Naturschutz Baden-Württemberg",NET.DE_BW
DEBW249,Stuttgart Hauptstätter Straße,48.76622,9.17094,258.0,Germany,Stuttgart,urban-centre,traffic,UTC+01,01/01/2024 00:00:01,,"Landesanstalt für Umwelt, Messungen und Naturschutz Baden-Württemberg",NET.DE_BW
DEBY004,Kleinwallstadt/Hofstetter Straße,49.86942,9.17154,124.0,Germany,Kleinwallstadt,urban-periphery,background,UTC+01,01/08/1987 00:00:01,,Bayerisches Landesamt für Umwelt,NET.DE_BY
DEBY005,Aschaffenburg/Bussardweg,49.99152,9.11797,134.0,Germany,Aschaffenburg,urban-periphery,background,UTC+01,01/08/1983 00:00:01,,Bayerisches Landesamt für Umwelt,NET.DE_BY
DEBY007,Augsburg/Bourges-Platz,48.37658,10.88837,477.0,Germany,Augsburg,urban-centre,background,UTC+01,01/08/1986 00:00:01,,Bayerisches Landesamt für Umwelt,NET.DE_BY
DEBY020,Hof/LfU,50.32061,11.89749,525.0,Germany,Hof,urban-periphery,background,UTC+01,01/06/1988 00:00:01,,Bayerisches Landesamt für Umwelt,NET.DE_BY
DEBY026,Vohburg a.d. Donau/Alter Wöhrer Weg,48.76711,11.63833,355.0,Germany,Vohburg a.d. Donau,urban-periphery,background,UTC+01,17/01/2012 00:00:01,,Bayerisches Landesamt für Umwelt,NET.DE_BY
DEBY030,Saal a.d. Donau/Regensburger Straße,48.90423,11.9488,340.0,Germany,Saal a.d. Donau,urban-periphery,background,UTC+01,17/01/2012 00:00:01,,Bayerisches Landesamt für Umwelt,NET.DE_BY
DEBY031,Kempten (Allgäu)/Westendstraße,47.72514,10.30656,678.0,Germany,Kempten (Allgäu),urban-periphery,background,UTC+01,01/08/1993 00:00:01,,Bayerisches Landesamt für Umwelt,NET.DE_BY
DEBY035,Lindau (Bodensee)/Friedrichshafener Straße,47.55747,9.68887,411.0,Germany,Lindau (Bodensee),urban-centre,traffic,UTC+01,01/01/1978 00:00:01,,Bayerisches Landesamt für Umwelt,NET.DE_BY
DEBY049,Neustadt a.d. Donau/Eining,48.85321,11.77782,359.0,Germany,Neustadt a.d. Donau,rural-regional,background,UTC+01,01/01/1994 00:00:01,,Bayerisches Landesamt für Umwelt,NET.DE_BY
DEBY058,Nürnberg/Muggenhof,49.46223,11.0248,300.0,Germany,Nürnberg,urban-centre,background,UTC+01,19/01/2012 00:00:01,,Bayerisches Landesamt für Umwelt,NET.DE_BY
DEBY072,Tiefenbach/Altenschneeberg,49.43846,12.54887,755.0,Germany,Tiefenbach,rural-regional,background,UTC+01,01/01/1988 00:00:01,,Bayerisches Landesamt für Umwelt,NET.DE_BY
DEBY079,Bad Reichenhall/Kirchholzstraße,47.73344,12.89124,469.0,Germany,Bad Reichenhall,urban-centre,background,UTC+01,24/04/2018 00:00:01,,Bayerisches Landesamt für Umwelt,NET.DE_BY
DEBY089,München/Johanneskirchen,48.17319,11.64804,513.0,Germany,München,urban-periphery,background,UTC+01,01/07/1993 00:00:01,,Bayerisches Landesamt für Umwelt,NET.DE_BY
DEBY093,Sulzbach-Rosenberg/Lohe,49.48798,11.78634,393.0,Germany,Sulzbach-Rosenberg,urban-periphery,background,UTC+01,17/01/2012 00:00:01,,Bayerisches Landesamt für Umwelt,NET.DE_BY
DEBY113,Erlangen/Kraepelinstraße,49.60591,10.96353,284.0,Germany,Erlangen,urban-periphery,background,UTC+01,01/04/2004 00:00:01,,Bayerisches Landesamt für Umwelt,NET.DE_BY
DEBY115,München/Landshuter Allee,48.14961,11.53651,521.0,Germany,München,urban-centre,traffic,UTC+01,01/01/2013 00:00:01,,Bayerisches Landesamt für Umwelt,NET.DE_BY
DEBY120,Nürnberg/Von-der-Tann-Straße,49.44048,11.0361,308.0,Germany,Nürnberg,urban-centre,traffic,UTC+01,01/01/2013 00:00:01,,Bayerisches Landesamt für Umwelt,NET.DE_BY
DEBY121,Oberaudorf/Inntal-Autobahn,47.64846,12.18832,469.0,Germany,Oberaudorf,unknown,traffic,UTC+01,01/01/2008 00:00:01,,Bayerisches Landesamt für Umwelt,NET.DE_BY
DEBY122,Bad Hindelang/Unterjoch,47.54108,10.43655,1056.0,Germany,Bad Hindelang,rural-regional,background,UTC+01,21/06/2010 00:00:01,,Bayerisches Landesamt für Umwelt,NET.DE_BY
DEBY124,Burgbernheim/Grüne Au,49.44406,10.325,362.0,Germany,Burgbernheim,rural-regional,background,UTC+01,01/01/2012 00:00:01,,Bayerisches Landesamt für Umwelt,NET.DE_BY
DEBY187,Oettingen/Goethestraße,48.95218,10.59772,417.0,Germany,Oettingen i. Bay.,urban-periphery,background,UTC+01,26/07/2012 00:00:01,,Bayerisches Landesamt für Umwelt,NET.DE_BY
DEBY188,Schwabach/Angerstraße,49.32273,11.02792,344.0,Germany,Schwabach,urban-centre,background,UTC+01,01/07/2012 00:00:01,,Bayerisches Landesamt für Umwelt,NET.DE_BY
DEBY189,München/Allach,48.18169,11.46445,510.0,Germany,München,urban-periphery,background,UTC+01,28/01/2014 00:00:01,,Bayerisches Landesamt für Umwelt,NET.DE_BY
DEBY196,Garmisch-Partenkirchen/Wasserwerk,47.47701,11.05735,732.0,Germany,Garmisch-Partenkirch,unknown,background,UTC+01,01/01/2016 00:00:01,,Bayerisches Landesamt für Umwelt,NET.DE_BY
DEBY198,Ingolstadt/Münchener Str.,48.74262,11.43464,367.0,Germany,Ingolstadt,urban-centre,traffic,UTC+01,01/01/2022 00:00:01,,Bayerisches Landesamt für Umwelt,NET.DE_BY
DEBY199,Neustadt a.d. Aisch/An der Weißen Marter,49.57846,10.62544,333.0,Germany,Neustadt a.d. Aisch,urban-centre,background,UTC+01,01/01/2022 00:00:01,,Bayerisches Landesamt für Umwelt,NET.DE_BY
DEBY200,Passau/Angerstr.,48.57663,13.46936,302.0,Germany,Passau,urban-centre,traffic,UTC+01,14/01/2021 00:00:01,,Bayerisches Landesamt für Umwelt,NET.DE_BY
DEHB001,Bremen-Mitte,53.07715,8.81578,10.0,Germany,Bremen,urban-centre,background,UTC+01,01/01/1987 00:00:01,,"Die Senatorin für Klimaschutz, Umwelt, Mobilität, Stadtentwicklung und Wohnungsbau",NET.DE_HB
DEHB002,Bremen-Ost,53.06004,8.91697,7.0,Germany,Bremen,urban-centre,background,UTC+01,01/01/1987 00:00:01,,"Die Senatorin für Klimaschutz, Umwelt, Mobilität, Stadtentwicklung und Wohnungsbau",NET.DE_HB
DEHB004,Bremen-Nord,53.18095,8.62546,20.0,Germany,Bremen,urban-centre,background,UTC+01,01/05/1989 00:00:01,,"Die Senatorin für Klimaschutz, Umwelt, Mobilität, Stadtentwicklung und Wohnungsbau",NET.DE_HB
DEHB006,Bremen-Dobben,53.07866,8.82517,5.0,Germany,Bremen,urban-centre,traffic,UTC+01,01/05/1992 00:00:01,,"Die Senatorin für Klimaschutz, Umwelt, Mobilität, Stadtentwicklung und Wohnungsbau",NET.DE_HB
DEHB012,Bremen-Oslebshausen,53.13172,8.73506,8.0,Germany,Bremen,urban-centre,background,UTC+01,01/05/2010 00:00:01,,"Die Senatorin für Klimaschutz, Umwelt, Mobilität, Stadtentwicklung und Wohnungsbau",NET.DE_HB
DEHB013,Bremen-Hasenbüren,53.1177,8.69506,4.0,Germany,Bremen,rural-regional,industrial,UTC+01,01/08/2020 00:00:01,,"Die Senatorin für Klimaschutz, Umwelt, Mobilität, Stadtentwicklung und Wohnungsbau",NET.DE_HB
DEHB014,Bremen-Nordstraße,53.09944,8.77556,5.0,Germany,,urban-centre,traffic,UTC+01,01/01/2024 00:00:01,,"Die Senatorin für Klimaschutz, Umwelt, Mobilität, Stadtentwicklung und Wohnungsbau",NET.DE_HB
DEHE005,Frankfurt-Höchst,50.10175,8.54252,100.0,Germany,Frankfurt am Main,urban-centre,background,UTC+01,01/09/1979 00:00:01,,"Hessisches Landesamt für Naturschutz, Umwelt und Geologiee",NET.DE_HE
DEHE008,Frankfurt Ost,50.12533,8.74634,103.0,Germany,Frankfurt am Main,urban-centre,background,UTC+01,01/03/1984 00:00:01,,"Hessisches Landesamt für Naturschutz, Umwelt und Geologiee",NET.DE_HE
DEHE011,Hanau,50.13577,8.92157,105.0,Germany,Hanau,urban-centre,background,UTC+01,01/02/1977 00:00:01,,"Hessisches Landesamt für Naturschutz, Umwelt und Geologiee",NET.DE_HE
DEHE013,Kassel Mitte,51.31425,9.4834,180.0,Germany,Kassel,urban-centre,background,UTC+01,01/01/1977 00:00:01,,"Hessisches Landesamt für Naturschutz, Umwelt und Geologiee",NET.DE_HE
DEHE018,Raunheim,50.01032,8.45153,90.0,Germany,Raunheim,urban-centre,background,UTC+01,30/05/2012 00:00:01,,"Hessisches Landesamt für Naturschutz, Umwelt und Geologiee",NET.DE_HE
DEHE020,Wetzlar,50.56718,8.50062,150.0,Germany,Wetzlar,urban-centre,background,UTC+01,03/02/2011 00:00:01,,"Hessisches Landesamt für Naturschutz, Umwelt und Geologiee",NET.DE_HE
DEHE028,Fürth/Odenwald,49.65347,8.81725,480.0,Germany,Fürth,rural,background,UTC+01,01/10/1986 00:00:01,,"Hessisches Landesamt für Naturschutz, Umwelt und Geologiee",NET.DE_HE
DEHE030,Marburg,50.80426,8.76932,180.0,Germany,Marburg,urban-centre,background,UTC+01,01/01/1988 00:00:01,,"Hessisches Landesamt für Naturschutz, Umwelt und Geologiee",NET.DE_HE
DEHE032,Bebra,50.97002,9.80026,206.0,Germany,Bebra,urban-centre,background,UTC+01,01/01/1988 00:00:01,,"Hessisches Landesamt für Naturschutz, Umwelt und Geologiee",NET.DE_HE
DEHE036,Frankfurt Höhenstraße,50.12398,8.70025,122.0,Germany,Frankfurt am Main,urban-centre,traffic,UTC+01,01/01/2025 00:00:01,,"Hessisches Landesamt für Naturschutz, Umwelt und Geologiee",NET.DE_HE
DEHE037,Wiesbaden Ringkirche,50.07719,8.23032,135.0,Germany,Wiesbaden,urban-centre,traffic,UTC+01,01/03/1994 00:00:01,,"Hessisches Landesamt für Naturschutz, Umwelt und Geologiee",NET.DE_HE
DEHE039,Burg Herzberg,50.77038,9.4594,490.0,Germany,Breitenbach a. Herzberg,rural,background,UTC+01,07/09/2010 00:00:01,,"Hessisches Landesamt für Naturschutz, Umwelt und Geologiee",NET.DE_HE
DEHE043,Riedstadt,49.82517,8.5168,90.0,Germany,Riedstadt,unknown,background,UTC+01,01/04/1996 00:00:01,,"Hessisches Landesamt für Naturschutz, Umwelt und Geologiee",NET.DE_HE
DEHE045,Michelstadt,49.67251,9.00198,207.0,Germany,Michelstadt,urban-centre,background,UTC+01,05/05/1999 00:00:01,,"Hessisches Landesamt für Naturschutz, Umwelt und Geologiee",NET.DE_HE
DEHE049,Kassel Fünffensterstraße,51.31208,9.49112,172.0,Germany,Kassel,urban-centre,traffic,UTC+01,01/01/2025 00:00:01,,"Hessisches Landesamt für Naturschutz, Umwelt und Geologiee",NET.DE_HE
DEHE051,Wasserkuppe,50.49771,9.93586,950.0,Germany,Gersfeld (Rhön),rural,background,UTC+01,22/11/2001 00:00:01,,"Hessisches Landesamt für Naturschutz, Umwelt und Geologiee",NET.DE_HE
DEHE052,Kleiner Feldberg,50.22194,8.44608,824.0,Germany,Glashütten,rural,background,UTC+01,12/03/1992 00:00:01,,"Hessisches Landesamt für Naturschutz, Umwelt und Geologiee",NET.DE_HE
DEHE059,Fulda Petersberger Straße,50.55003,9.68485,269.0,Germany,Fulda,urban-centre,traffic,UTC+01,03/02/2011 00:00:01,,"Hessisches Landesamt für Naturschutz, Umwelt und Geologiee",NET.DE_HE
DEHE060,Kellerwald,51.15484,9.03175,462.0,Germany,Edertal,rural-regional,background,UTC+01,09/10/2005 00:00:01,,"Hessisches Landesamt für Naturschutz, Umwelt und Geologiee",NET.DE_HE
DEHE065,Frankfurt-Süd (5228),50.10436,8.67559,102.0,Germany,Frankfurt am Main,urban-centre,background,UTC+01,01/01/2005 00:00:01,,"Hessisches Landesamt für Naturschutz, Umwelt und Geologiee",NET.DE_HE
DEHE066,Frankfurt (5230),50.11198,8.67611,112.0,Germany,Frankfurt am Main,urban-centre,background,UTC+01,01/01/2005 00:00:01,,"Hessisches Landesamt für Naturschutz, Umwelt und Geologiee",NET.DE_HE
DEHE067,Frankfurt (5428),50.10423,8.6909,103.0,Germany,Frankfurt am Main,urban-centre,background,UTC+01,01/01/2005 00:00:01,,"Hessisches Landesamt für Naturschutz, Umwelt und Geologiee",NET.DE_HE
DEHE068,Frankfurt (5430),50.11126,8.69158,103.0,Germany,Frankfurt am Main,urban-centre,background,UTC+01,01/01/2005 00:00:01,,"Hessisches Landesamt für Naturschutz, Umwelt und Geologiee",NET.DE_HE
DEHE069,Frankfurt (3228),50.10421,8.53552,106.0,Germany,Frankfurt am Main,urban-centre,background,UTC+01,01/01/2005 00:00:01,,"Hessisches Landesamt für Naturschutz, Umwelt und Geologiee",NET.DE_HE
DEHE070,Frankfurt (3226),50.09455,8.5378,101.0,Germany,Frankfurt am Main,urban-centre,background,UTC+01,01/01/2005 00:00:01,,"Hessisches Landesamt für Naturschutz, Umwelt und Geologiee",NET.DE_HE
DEHE071,Frankfurt (3426),50.09539,8.55738,91.0,Germany,Frankfurt am Main,rural,background,UTC+01,01/01/2005 00:00:01,,"Hessisches Landesamt für Naturschutz, Umwelt und Geologiee",NET.DE_HE
DEHE072,Frankfurt (3428),50.10351,8.54862,105.0,Germany,Frankfurt am Main,urban-centre,background,UTC+01,01/01/2005 00:00:01,,"Hessisches Landesamt für Naturschutz, Umwelt und Geologiee",NET.DE_HE
DEHE073,Hanau (8632),50.1228,8.91673,105.0,Germany,Hanau,urban-centre,background,UTC+01,01/01/2005 00:00:01,,"Hessisches Landesamt für Naturschutz, Umwelt und Geologiee",NET.DE_HE
DEHE074,Hanau (8634),50.12178,8.95861,107.0,Germany,Hanau,urban-centre,background,UTC+01,01/01/2005 00:00:01,,"Hessisches Landesamt für Naturschutz, Umwelt und Geologiee",NET.DE_HE
DEHE075,Hanau (8832),50.12525,8.93115,106.0,Germany,Hanau,urban-centre,background,UTC+01,01/01/2005 00:00:01,,"Hessisches Landesamt für Naturschutz, Umwelt und Geologiee",NET.DE_HE
DEHE076,Hanau (8834),50.13013,8.92516,111.0,Germany,Hanau,urban-centre,background,UTC+01,01/01/2005 00:00:01,,"Hessisches Landesamt für Naturschutz, Umwelt und Geologiee",NET.DE_HE
DEHE077,Hanau (9230),50.11409,8.95164,108.0,Germany,Hanau,unknown,background,UTC+01,01/01/2005 00:00:01,,"Hessisches Landesamt für Naturschutz, Umwelt und Geologiee",NET.DE_HE
DEHE078,Hanau (9232),50.12111,8.96062,108.0,Germany,Hanau,urban-centre,background,UTC+01,01/01/2005 00:00:01,,"Hessisches Landesamt für Naturschutz, Umwelt und Geologiee",NET.DE_HE
DEHE079,Hanau (9430),50.11529,8.96728,118.0,Germany,Hanau,unknown,background,UTC+01,01/01/2005 00:00:01,,"Hessisches Landesamt für Naturschutz, Umwelt und Geologiee",NET.DE_HE
DEHE080,Hanau (9432),50.12245,8.97057,111.0,Germany,Hanau,unknown,background,UTC+01,01/01/2005 00:00:01,,"Hessisches Landesamt für Naturschutz, Umwelt und Geologiee",NET.DE_HE
DEHE081,Wetzlar (1820),50.57642,8.48171,153.0,Germany,Wetzlar,unknown,background,UTC+01,01/01/2005 00:00:01,,"Hessisches Landesamt für Naturschutz, Umwelt und Geologiee",NET.DE_HE
DEHE082,Wetzlar (1822),50.58415,8.52572,159.0,Germany,Wetzlar,unknown,background,UTC+01,01/01/2005 00:00:01,,"Hessisches Landesamt für Naturschutz, Umwelt und Geologiee",NET.DE_HE
DEHE083,Wetzlar (2020),50.5694,8.50672,153.0,Germany,Wetzlar,urban-centre,background,UTC+01,01/01/2005 00:00:01,,"Hessisches Landesamt für Naturschutz, Umwelt und Geologiee",NET.DE_HE
DEHE084,Wetzlar (2022),50.57693,8.50337,169.0,Germany,Wetzlar,unknown,background,UTC+01,01/01/2005 00:00:01,,"Hessisches Landesamt für Naturschutz, Umwelt und Geologiee",NET.DE_HE
DEHE085,Kassel (2222),51.30781,9.51573,138.0,Germany,Kassel,urban-centre,background,UTC+01,01/01/2005 00:00:01,,"Hessisches Landesamt für Naturschutz, Umwelt und Geologiee",NET.DE_HE
DEHE086,Kassel (2224),51.3166,9.51362,136.0,Germany,Kassel,urban-centre,background,UTC+01,01/01/2005 00:00:01,,"Hessisches Landesamt für Naturschutz, Umwelt und Geologiee",NET.DE_HE
DEHE087,Kassel (2422),51.30733,9.52958,140.0,Germany,Kassel,urban-centre,background,UTC+01,01/01/2005 00:00:01,,"Hessisches Landesamt für Naturschutz, Umwelt und Geologiee",NET.DE_HE
DEHE088,Kassel (2424),51.31442,9.52651,137.0,Germany,Kassel,unknown,background,UTC+01,01/01/2005 00:00:01,,"Hessisches Landesamt für Naturschutz, Umwelt und Geologiee",NET.DE_HE
DEHE089,Wiesbaden (2622),50.04823,8.24149,107.0,Germany,Wiesbaden,urban-centre,background,UTC+01,01/01/2005 00:00:01,,"Hessisches Landesamt für Naturschutz, Umwelt und Geologiee",NET.DE_HE
DEHE090,Wiesbaden (2624),50.05454,8.24458,133.0,Germany,Wiesbaden,urban-centre,background,UTC+01,01/01/2005 00:00:01,,"Hessisches Landesamt für Naturschutz, Umwelt und Geologiee",NET.DE_HE
DEHE091,Wiesbaden (2822),50.04837,8.25755,114.0,Germany,Wiesbaden,unknown,background,UTC+01,01/01/2005 00:00:01,,"Hessisches Landesamt für Naturschutz, Umwelt und Geologiee",NET.DE_HE
DEHE092,Wiesbaden (2824),50.05794,8.25926,115.0,Germany,Wiesbaden,urban-centre,background,UTC+01,01/01/2005 00:00:01,,"Hessisches Landesamt für Naturschutz, Umwelt und Geologiee",NET.DE_HE
DEHE097,Fulda Künzeller Straße,50.54256,9.69603,293.0,Germany,Fulda,urban-centre,background,UTC+01,01/01/2025 00:00:01,,"Hessisches Landesamt für Naturschutz, Umwelt und Geologiee",NET.DE_HE
DEHE099,Limburg Schiede I,50.38621,8.05964,119.0,Germany,Limburg a.d. Lahn,urban-centre,traffic,UTC+01,01/01/2009 00:00:01,,"Hessisches Landesamt für Naturschutz, Umwelt und Geologiee",NET.DE_HE
DEHE100,Limburg Schiede II,50.38759,8.05913,119.0,Germany,Limburg a.d. Lahn,urban-centre,traffic,UTC+01,01/01/2009 00:00:01,,"Hessisches Landesamt für Naturschutz, Umwelt und Geologiee",NET.DE_HE
DEHE101,Limburg Frankfurter Straße,50.38312,8.07044,139.0,Germany,Limburg a.d. Lahn,urban-centre,traffic,UTC+01,01/01/2009 00:00:01,,"Hessisches Landesamt für Naturschutz, Umwelt und Geologiee",NET.DE_HE
DEHE102,Offenbach Untere Grenzstraße I,50.10144,8.78467,105.0,Germany,Offenbach am Main,urban-centre,traffic,UTC+01,01/01/2009 00:00:01,,"Hessisches Landesamt für Naturschutz, Umwelt und Geologiee",NET.DE_HE
DEHE104,Offenbach Mainstraße,50.10708,8.77278,99.0,Germany,Offenbach am Main,urban-centre,traffic,UTC+01,01/01/2009 00:00:01,,"Hessisches Landesamt für Naturschutz, Umwelt und Geologiee",NET.DE_HE
DEHE105,Wetzlar Linsenbergstraße,50.57508,8.49171,168.0,Germany,Wetzlar,urban-centre,background,UTC+01,01/01/2009 00:00:01,,"Hessisches Landesamt für Naturschutz, Umwelt und Geologiee",NET.DE_HE
DEHE111,Rüsselsheim Rugby-Ring,49.99556,8.42439,89.0,Germany,Rüsselsheim,urban-centre,traffic,UTC+01,01/01/2011 00:00:01,,"Hessisches Landesamt für Naturschutz, Umwelt und Geologiee",NET.DE_HE
DEHE112,Wiesbaden Schiersteiner Straße,50.07212,8.22887,147.0,Germany,Wiesbaden,urban-centre,traffic,UTC+01,01/01/2012 00:00:01,,"Hessisches Landesamt für Naturschutz, Umwelt und Geologiee",NET.DE_HE
DEHE131,Limburg Schiede,50.38643,8.05991,119.0,Germany,Limburg a.d.,urban-centre,traffic,UTC+01,01/06/2015 00:00:01,,"Hessisches Landesamt für Naturschutz, Umwelt und Geologiee",NET.DE_HE
DEHE132,Darmstadt Hügelstraße I,49.86942,8.65323,150.0,Germany,Darmstadt,urban-centre,traffic,UTC+01,06/01/2015 00:00:01,,"Hessisches Landesamt für Naturschutz, Umwelt und Geologiee",NET.DE_HE
DEHE133,Bensheim Nibelungenstraße,49.6827,8.62306,112.0,Germany,Bensheim,urban-centre,traffic,UTC+01,03/09/2014 00:00:01,,"Hessisches Landesamt für Naturschutz, Umwelt und Geologiee",NET.DE_HE
DEHE134,Fulda Zentral,50.54638,9.68017,270.0,Germany,Fulda,urban-centre,background,UTC+01,01/01/2017 00:00:01,,"Hessisches Landesamt für Naturschutz, Umwelt und Geologiee",NET.DE_HE
DEHE135,Frankfurt-Schwanheim,50.07546,8.57631,94.0,Germany,Frankfurt am Main,urban-periphery,background,UTC+01,25/10/2018 00:00:01,,"Hessisches Landesamt für Naturschutz, Umwelt und Geologiee",NET.DE_HE
DEHE136,Frankfurt Battonnstraße,50.11242,8.68724,99.0,Germany,,urban-centre,traffic,UTC+01,03/02/2017 00:00:01,,"Hessisches Landesamt für Naturschutz, Umwelt und Geologiee",NET.DE_HE
DEHE137,Gießen Johannette-Lein-Gasse,50.58531,8.67107,157.0,Germany,,urban-centre,background,UTC+01,01/06/2015 00:00:01,,"Hessisches Landesamt für Naturschutz, Umwelt und Geologiee",NET.DE_HE
DEHE138,Darmstadt Heinrichstraße II,49.8654,8.64841,143.0,Germany,Darmstadt,urban-centre,traffic,UTC+01,01/01/2018 00:00:01,,"Hessisches Landesamt für Naturschutz, Umwelt und Geologiee",NET.DE_HE
DEHE139,Frankfurt Am Erlenbruch I,50.13041,8.73073,99.0,Germany,Frankfurt am Main,urban-centre,traffic,UTC+01,10/05/2016 00:00:01,,"Hessisches Landesamt für Naturschutz, Umwelt und Geologiee",NET.DE_HE
DEHE140,Frankfurt Am Erlenbruch II,50.13137,8.7386,99.0,Germany,Frankfurt am Main,urban-centre,traffic,UTC+01,10/05/2016 00:00:01,,"Hessisches Landesamt für Naturschutz, Umwelt und Geologiee",NET.DE_HE
DEHE142,Marburg Universitätsstraße I,50.80711,8.77003,185.0,Germany,Marburg,urban-centre,traffic,UTC+01,11/04/2018 00:00:01,,"Hessisches Landesamt für Naturschutz, Umwelt und Geologiee",NET.DE_HE
DEHE144,Frankfurt Mainkai,50.10942,8.68419,95.0,Germany,,urban-centre,traffic,UTC+01,12/07/2018 00:00:01,,"Hessisches Landesamt für Naturschutz, Umwelt und Geologiee",NET.DE_HE
DEHE145,Frankfurt Riederwald,50.13226,8.73257,99.0,Germany,Frankfurt am Main,urban-centre,background,UTC+01,03/01/2018 00:00:01,,"Hessisches Landesamt für Naturschutz, Umwelt und Geologiee",NET.DE_HE
DEHE151,Frankfurt Hochstraße,50.11558,8.67348,104.0,Germany,,urban-centre,traffic,UTC+01,05/10/2020 00:00:01,,"Hessisches Landesamt für Naturschutz, Umwelt und Geologiee",NET.DE_HE
DEHE157,Frankfurt Kasinostraße,50.10278,8.54972,100.0,Germany,Frankfurt am Main,urban-centre,traffic,UTC+01,01/09/2020 00:00:01,,"Hessisches Landesamt für Naturschutz, Umwelt und Geologiee",NET.DE_HE
DEHE158,Frankfurt Mainzer Landstraße,50.11056,8.66389,97.0,Germany,Frankfurt am Main,urban-centre,traffic,UTC+01,01/09/2020 00:00:01,,"Hessisches Landesamt für Naturschutz, Umwelt und Geologiee",NET.DE_HE
DEHE162,Frankfurt Lerchesberg,50.08135,8.68289,138.0,Germany,Frankfurt am Main,urban-centre,background,UTC+01,07/01/2021 00:00:01,,"Hessisches Landesamt für Naturschutz, Umwelt und Geologiee",NET.DE_HE
DEHE163,Marburg Bahnhofstraße,50.81727,8.77129,183.0,Germany,Marburg,urban-centre,traffic,UTC+01,06/01/2021 00:00:01,,"Hessisches Landesamt für Naturschutz, Umwelt und Geologiee",NET.DE_HE
DEHE168,Limburg Eschhöfer Weg,50.38652,8.0664,123.0,Germany,Limburg,urban-centre,traffic,UTC+01,01/01/2022 00:00:01,,"Hessisches Landesamt für Naturschutz, Umwelt und Geologiee",NET.DE_HE
DEHE169,Limburg Grabenstraße,50.3872,8.06384,123.0,Germany,Limburg,urban-centre,traffic,UTC+01,01/01/2022 00:00:01,,"Hessisches Landesamt für Naturschutz, Umwelt und Geologiee",NET.DE_HE
DEHE175,Rimberg,50.79724,9.4612,571.0,Germany,Breitenbach am Herzb,rural,background,UTC+01,17/06/2025 00:00:01,,"Hessisches Landesamt für Naturschutz, Umwelt und Geologiee",NET.DE_HE
DEHH015,Hamburg Veddel,53.52326,10.02123,4.0,Germany,Hamburg,urban-centre,industrial,UTC+01,01/07/1984 00:00:01,,"Behörde für Umwelt, Klima, Energie und Agrarwirtschaft",NET.DE_HH
DEHH050,Hamburg Neugraben,53.48093,9.85722,3.0,Germany,Hamburg,urban-periphery,background,UTC+01,01/10/1998 00:00:01,,"Behörde für Umwelt, Klima, Energie und Agrarwirtschaft",NET.DE_HH
DEHH081,Hamburg Hafen,53.52916,9.9816,6.0,Germany,Hamburg,urban-centre,background,UTC+01,29/09/2015 00:00:01,,"Behörde für Umwelt, Klima, Energie und Agrarwirtschaft",NET.DE_HH
DEHH082,Hamburg Niendorf,53.6222,9.9614,12.0,Germany,Hamburg,urban-periphery,background,UTC+01,01/01/2024 00:00:01,,"Behörde für Umwelt, Klima, Energie und Agrarwirtschaft",NET.DE_HH
DEHH083,Hamburg Bergstedt,53.6828,10.1164,14.0,Germany,Hamburg,urban-periphery,background,UTC+01,30/10/2024 00:00:01,,"Behörde für Umwelt, Klima, Energie und Agrarwirtschaft",NET.DE_HH
DEMV007,Rostock-Stuthof,54.16155,12.17411,5.0,Germany,Rövershagen,urban-periphery,background,UTC+01,01/01/1993 00:00:01,,"Landesamt für Umwelt, Naturschutz und Geologie, Mecklenburg-Vorpommern",NET.DE_MV
DEMV012,Löcknitz,53.52046,14.25741,17.0,Germany,Rothenklempenow,rural,background,UTC+01,15/01/1994 00:00:01,,"Landesamt für Umwelt, Naturschutz und Geologie, Mecklenburg-Vorpommern",NET.DE_MV
DEMV017,Göhlen,53.3074,11.3733,25.0,Germany,Göhlen,rural,background,UTC+01,01/02/1998 00:00:01,,"Landesamt für Umwelt, Naturschutz und Geologie, Mecklenburg-Vorpommern",NET.DE_MV
DEMV019,Güstrow,53.78175,12.17551,17.0,Germany,Güstrow,urban-centre,background,UTC+01,01/01/2004 00:00:01,,"Landesamt für Umwelt, Naturschutz und Geologie, Mecklenburg-Vorpommern",NET.DE_MV
DEMV020,Rostock Am Strande,54.09228,12.14199,1.0,Germany,Rostock,urban-centre,traffic,UTC+01,01/01/2011 00:00:01,,"Landesamt für Umwelt, Naturschutz und Geologie, Mecklenburg-Vorpommern",NET.DE_MV
DEMV021,Rostock-Warnemünde,54.17133,12.08,2.0,Germany,Rostock,urban-centre,background,UTC+01,01/05/2006 00:00:01,,"Landesamt für Umwelt, Naturschutz und Geologie, Mecklenburg-Vorpommern",NET.DE_MV
DEMV024,Leizen,53.39635,12.46393,116.0,Germany,Leizen,rural,background,UTC+01,16/06/2010 00:00:01,,"Landesamt für Umwelt, Naturschutz und Geologie, Mecklenburg-Vorpommern",NET.DE_MV
DEMV025,Stralsund-Knieperdamm,54.31923,13.08101,8.0,Germany,Stralsund,urban-centre,traffic,UTC+01,01/01/2019 00:00:01,,"Landesamt für Umwelt, Naturschutz und Geologie, Mecklenburg-Vorpommern",NET.DE_MV
DEMV026,Garz,54.32351,13.34214,17.0,Germany,Garz/Rügen,rural,background,UTC+01,01/01/2013 00:00:01,,"Landesamt für Umwelt, Naturschutz und Geologie, Mecklenburg-Vorpommern",NET.DE_MV
DEMV028,Wismar,53.90226,11.47596,5.0,Germany,Wismar,urban-centre,background,UTC+01,01/01/2022 00:00:01,,"Landesamt für Umwelt, Naturschutz und Geologie, Mecklenburg-Vorpommern",NET.DE_MV
DEMV031,Rostock-Hohe Düne,54.17729,12.09792,2.0,Germany,Rostock,urban-centre,industrial,UTC+01,01/01/2015 00:00:01,,"Landesamt für Umwelt, Naturschutz und Geologie, Mecklenburg-Vorpommern",NET.DE_MV
DEMV058,Neubrandenburg Woldegker Straße,53.5588,13.2679,16.0,Germany,Neubrandenburg,urban-centre,traffic,UTC+01,01/03/2019 00:00:01,,"Landesamt für Umwelt, Naturschutz und Geologie, Mecklenburg-Vorpommern",NET.DE_MV
DEMV059,Schwerin Obotr. West,53.63052,11.39795,56.0,Germany,Schwerin,urban-centre,traffic,UTC+01,01/01/2021 00:00:01,,"Landesamt für Umwelt, Naturschutz und Geologie, Mecklenburg-Vorpommern",NET.DE_MV
DEMV060,Neubrandenburg Südstadt,53.5461,13.2682,12.0,Germany,Neubrandenburg,urban-centre,background,UTC+01,09/01/2023 00:00:01,,"Landesamt für Umwelt, Naturschutz und Geologie, Mecklenburg-Vorpommern",NET.DE_MV
DENI011,Braunschweig,52.22694,10.47364,98.0,Germany,Braunschweig,urban-periphery,background,UTC+01,01/01/2008 00:00:01,,Staatliches Gewerbeaufsichtsamt Hildesheim,NET.DE_NI
DENI016,Oker/Harlingerode,51.90158,10.48132,208.0,Germany,Goslar,urban-periphery,background,UTC+01,01/01/2010 00:00:01,,Staatliches Gewerbeaufsichtsamt Hildesheim,NET.DE_NI
DENI020,Wolfsburg,52.44081,10.81638,66.0,Germany,Wolfsburg,urban-periphery,background,UTC+01,01/01/2010 00:00:01,,Staatliches Gewerbeaufsichtsamt Hildesheim,NET.DE_NI
DENI028,Eichsfeld,51.50758,10.23854,185.0,Germany,Duderstadt,urban-periphery,background,UTC+01,01/01/2010 00:00:01,,Staatliches Gewerbeaufsichtsamt Hildesheim,NET.DE_NI
DENI029,Ostfriesland,53.36235,7.20726,1.0,Germany,Emden,urban-periphery,background,UTC+01,06/05/2008 00:00:01,,Staatliches Gewerbeaufsichtsamt Hildesheim,NET.DE_NI
DENI031,Jadebusen,53.59617,8.09059,2.0,Germany,Wilhelmshaven,rural,background,UTC+01,01/01/2008 00:00:01,,Staatliches Gewerbeaufsichtsamt Hildesheim,NET.DE_NI
DENI038,Osnabrück,52.25534,8.05286,95.0,Germany,Osnabrück,urban-centre,background,UTC+01,01/01/2008 00:00:01,,Staatliches Gewerbeaufsichtsamt Hildesheim,NET.DE_NI
DENI041,Weserbergland,52.17017,9.06255,54.0,Germany,Rinteln,urban-periphery,background,UTC+01,01/01/2010 00:00:01,,Staatliches Gewerbeaufsichtsamt Hildesheim,NET.DE_NI
DENI042,Göttingen,51.55107,9.94976,170.0,Germany,Göttingen,urban-periphery,background,UTC+01,01/01/2008 00:00:01,,Staatliches Gewerbeaufsichtsamt Hildesheim,NET.DE_NI
DENI043,Emsland,52.49855,7.31747,30.0,Germany,Lingen (Ems),urban-periphery,background,UTC+01,01/01/2010 00:00:01,,Staatliches Gewerbeaufsichtsamt Hildesheim,NET.DE_NI
DENI048,Hannover Verkehr,52.35948,9.7155,66.0,Germany,Hannover,urban-centre,traffic,UTC+01,01/10/1989 00:00:01,,Staatliches Gewerbeaufsichtsamt Hildesheim,NET.DE_NI
DENI051,Wurmberg,51.75816,10.61248,939.0,Germany,Braunlage,rural,background,UTC+01,01/01/2023 00:00:01,,Staatliches Gewerbeaufsichtsamt Hildesheim,NET.DE_NI
DENI053,Südoldenburg,52.99796,7.94257,17.0,Germany,Bösel,urban-periphery,industrial,UTC+01,03/04/2012 00:00:01,,Staatliches Gewerbeaufsichtsamt Hildesheim,NET.DE_NI
DENI054,Hannover,52.36292,9.70612,85.0,Germany,Hannover,urban-centre,background,UTC+01,01/01/2008 00:00:01,,Staatliches Gewerbeaufsichtsamt Hildesheim,NET.DE_NI
DENI058,Ostfries. Inseln,53.7153,7.21398,5.0,Germany,Norderney,rural,background,UTC+01,01/01/2010 00:00:01,,Staatliches Gewerbeaufsichtsamt Hildesheim,NET.DE_NI
DENI059,Elbmündung,53.83017,8.80122,3.0,Germany,Cuxhaven,rural,background,UTC+01,01/01/2010 00:00:01,,Staatliches Gewerbeaufsichtsamt Hildesheim,NET.DE_NI
DENI060,Wendland,52.95702,11.16705,16.0,Germany,Lüchow (Wendland),rural,background,UTC+01,01/01/2010 00:00:01,,Staatliches Gewerbeaufsichtsamt Hildesheim,NET.DE_NI
DENI062,Lüneburger Heide,53.24696,10.4565,47.0,Germany,Lüneburg,urban-periphery,background,UTC+01,01/01/2010 00:00:01,,Staatliches Gewerbeaufsichtsamt Hildesheim,NET.DE_NI
DENI063,Altes Land,53.52418,9.68503,3.0,Germany,Jork,rural,background,UTC+01,01/01/2010 00:00:01,,Staatliches Gewerbeaufsichtsamt Hildesheim,NET.DE_NI
DENI066,Hildesheim Verkehr,52.15077,9.95022,86.0,Germany,Hildesheim,urban-centre,traffic,UTC+01,02/01/2019 00:00:01,,Staatliches Gewerbeaufsichtsamt Hildesheim,NET.DE_NI
DENI067,Osnabrück-Verkehr,52.2703,8.04147,69.0,Germany,Osnabrück,urban-centre,traffic,UTC+01,01/01/2008 00:00:01,,Staatliches Gewerbeaufsichtsamt Hildesheim,NET.DE_NI
DENI068,Göttingen-Verkehr,51.5302,9.92833,150.0,Germany,Göttingen,urban-centre,traffic,UTC+01,01/01/2008 00:00:01,,Staatliches Gewerbeaufsichtsamt Hildesheim,NET.DE_NI
DENI069,Nordenham/Blexer Sande,53.50918,8.49993,2.0,Germany,Nordenham,urban-periphery,industrial,UTC+01,01/01/2007 00:00:01,,Staatliches Gewerbeaufsichtsamt Hildesheim,NET.DE_NI
DENI070,Salzgitter-Drütte,52.15369,10.45591,93.0,Germany,Salzgitter,rural,industrial,UTC+01,01/01/2008 00:00:01,,Staatliches Gewerbeaufsichtsamt Hildesheim,NET.DE_NI
DENI074,Hameln-Verkehr,52.10404,9.36704,67.0,Germany,Hameln,urban-centre,traffic,UTC+01,01/01/2011 00:00:01,,Staatliches Gewerbeaufsichtsamt Hildesheim,NET.DE_NI
DENI075,Braunschweig-Verkehr,52.26673,10.54055,81.0,Germany,Braunschweig,urban-centre,traffic,UTC+01,30/01/2008 00:00:01,,Staatliches Gewerbeaufsichtsamt Hildesheim,NET.DE_NI
DENI077,Solling-Süd,51.70884,9.55462,295.0,Germany,Solling (Landkreis Northeim),rural,background,UTC+01,01/01/2023 00:00:01,,Staatliches Gewerbeaufsichtsamt Hildesheim,NET.DE_NI
DENI143,Oldenburg Heiligengeistwall,53.14284,8.21208,8.0,Germany,Oldenburg (Oldb),urban-centre,traffic,UTC+01,01/01/2013 00:00:01,,Staatliches Gewerbeaufsichtsamt Hildesheim,NET.DE_NI
DENI146,Osnabrück Neuer Graben,52.27223,8.04698,70.0,Germany,Osnabrück,urban-centre,traffic,UTC+01,03/01/2012 00:00:01,,Staatliches Gewerbeaufsichtsamt Hildesheim,NET.DE_NI
DENI150,Hannover Friedrich-Ebert-Straße,52.34759,9.71898,58.0,Germany,Hannover,urban-centre,traffic,UTC+01,29/12/2011 00:00:01,,Staatliches Gewerbeaufsichtsamt Hildesheim,NET.DE_NI
DENI152,Hannover Marienstraße,52.36996,9.75441,59.0,Germany,Hannover,urban-centre,traffic,UTC+01,29/12/2011 00:00:01,,Staatliches Gewerbeaufsichtsamt Hildesheim,NET.DE_NI
DENI157,Wolfsburg Heßlinger Straße,52.42789,10.79368,61.0,Germany,Wolfsburg,urban-centre,traffic,UTC+01,30/05/2013 00:00:01,,Staatliches Gewerbeaufsichtsamt Hildesheim,NET.DE_NI
DENW002,Datteln-Hagem,51.64138,7.33141,56.0,Germany,Datteln,urban-periphery,background,UTC+01,01/12/1986 00:00:01,,"Landesamt für Natur, Umwelt und Verbraucherschutz NRW",NET.DE_NW
DENW006,Lünen-Niederaden,51.59221,7.56976,59.0,Germany,Lünen,urban-periphery,background,UTC+01,08/01/1981 00:00:01,,"Landesamt für Natur, Umwelt und Verbraucherschutz NRW",NET.DE_NW
DENW008,Dortmund-Eving,51.53689,7.45741,71.0,Germany,Dortmund,urban-centre,background,UTC+01,01/11/1988 00:00:01,,"Landesamt für Natur, Umwelt und Verbraucherschutz NRW",NET.DE_NW
DENW010,Unna-Königsborn,51.54748,7.69379,76.0,Germany,Unna,urban-periphery,background,UTC+01,01/12/1986 00:00:01,,"Landesamt für Natur, Umwelt und Verbraucherschutz NRW",NET.DE_NW
DENW015,Marl-Sickingmühle,51.69895,7.12268,37.0,Germany,Marl,urban-periphery,background,UTC+01,01/01/1982 00:00:01,,"Landesamt für Natur, Umwelt und Verbraucherschutz NRW",NET.DE_NW
DENW021,Bottrop-Welheim,51.52595,6.97688,30.0,Germany,Bottrop,urban-centre,industrial,UTC+01,19/03/2001 00:00:01,,"Landesamt für Natur, Umwelt und Verbraucherschutz NRW",NET.DE_NW
DENW022,Gelsenkirchen-Bismarck,51.53364,7.10187,30.0,Germany,Gelsenkirchen,urban-periphery,background,UTC+01,01/12/1981 00:00:01,,"Landesamt für Natur, Umwelt und Verbraucherschutz NRW",NET.DE_NW
DENW024,Essen-Vogelheim,51.49654,6.98099,40.0,Germany,Essen,urban-centre,background,UTC+01,01/01/1986 00:00:01,,"Landesamt für Natur, Umwelt und Verbraucherschutz NRW",NET.DE_NW
DENW029,Hattingen-Blankenstein,51.40301,7.20855,95.0,Germany,Hattingen,urban-periphery,background,UTC+01,01/12/1986 00:00:01,,"Landesamt für Natur, Umwelt und Verbraucherschutz NRW",NET.DE_NW
DENW034,Duisburg-Walsum,51.52403,6.74836,17.0,Germany,Duisburg,urban-centre,industrial,UTC+01,02/01/1981 00:00:01,,"Landesamt für Natur, Umwelt und Verbraucherschutz NRW",NET.DE_NW
DENW038,Mülheim-Styrum,51.45346,6.86505,39.0,Germany,Mülheim an der Ruhr,urban-centre,background,UTC+01,01/12/1980 00:00:01,,"Landesamt für Natur, Umwelt und Verbraucherschutz NRW",NET.DE_NW
DENW040,Duisburg-Buchholz,51.38526,6.76297,35.0,Germany,Duisburg,urban-periphery,background,UTC+01,23/07/2003 00:00:01,,"Landesamt für Natur, Umwelt und Verbraucherschutz NRW",NET.DE_NW
DENW042,Krefeld-Linn,51.33767,6.64024,36.0,Germany,Krefeld,urban-centre,background,UTC+01,01/09/1990 00:00:01,,"Landesamt für Natur, Umwelt und Verbraucherschutz NRW",NET.DE_NW
DENW043,Essen-Ost Steeler Straße,51.45118,7.03053,113.0,Germany,Essen,urban-centre,traffic,UTC+01,21/03/2001 00:00:01,,"Landesamt für Natur, Umwelt und Verbraucherschutz NRW",NET.DE_NW
DENW053,Köln-Chorweiler,51.01934,6.88457,46.0,Germany,Köln,urban-centre,background,UTC+01,01/01/1981 00:00:01,,"Landesamt für Natur, Umwelt und Verbraucherschutz NRW",NET.DE_NW
DENW058,Hürth,50.87618,6.87382,92.0,Germany,Hürth,urban-periphery,industrial,UTC+01,01/01/1989 00:00:01,,"Landesamt für Natur, Umwelt und Verbraucherschutz NRW",NET.DE_NW
DENW059,Köln-Rodenkirchen,50.88987,6.98507,50.0,Germany,Köln,urban-periphery,background,UTC+01,01/12/1980 00:00:01,,"Landesamt für Natur, Umwelt und Verbraucherschutz NRW",NET.DE_NW
DENW062,Bonn-Auerberg,50.75363,7.08265,60.0,Germany,Bonn,urban-periphery,background,UTC+01,01/12/1986 00:00:01,,"Landesamt für Natur, Umwelt und Verbraucherschutz NRW",NET.DE_NW
DENW064,Simmerath (Eifel),50.65323,6.28101,580.0,Germany,Simmerath,rural-regional,background,UTC+01,01/01/2001 00:00:01,,"Landesamt für Natur, Umwelt und Verbraucherschutz NRW",NET.DE_NW
DENW065,Netphen Rothaargebirge,50.93033,8.19191,641.0,Germany,Netphen,rural-regional,background,UTC+01,01/02/1986 00:00:01,,"Landesamt für Natur, Umwelt und Verbraucherschutz NRW",NET.DE_NW
DENW066,Nettetal-Kaldenkirchen,51.32693,6.19583,47.0,Germany,Nettetal,unknown,background,UTC+01,01/12/1987 00:00:01,,"Landesamt für Natur, Umwelt und Verbraucherschutz NRW",NET.DE_NW
DENW067,Bielefeld-Ost,52.02315,8.54836,106.0,Germany,Bielefeld,urban-centre,background,UTC+01,01/03/1989 00:00:01,,"Landesamt für Natur, Umwelt und Verbraucherschutz NRW",NET.DE_NW
DENW068,Soest-Ost,51.57067,8.14802,108.0,Germany,Soest,unknown,background,UTC+01,01/03/1989 00:00:01,,"Landesamt für Natur, Umwelt und Verbraucherschutz NRW",NET.DE_NW
DENW071,Düsseldorf-Lörick,51.24921,6.73235,38.0,Germany,Düsseldorf,urban-centre,background,UTC+01,01/11/1983 00:00:01,,"Landesamt für Natur, Umwelt und Verbraucherschutz NRW",NET.DE_NW
DENW074,Niederzier,50.88348,6.46931,105.0,Germany,Niederzier,unknown,industrial,UTC+01,01/08/1991 00:00:01,,"Landesamt für Natur, Umwelt und Verbraucherschutz NRW",NET.DE_NW
DENW078,Ratingen-Tiefenbroich,51.30339,6.81989,42.0,Germany,Ratingen,urban-periphery,background,UTC+01,23/04/1998 00:00:01,,"Landesamt für Natur, Umwelt und Verbraucherschutz NRW",NET.DE_NW
DENW079,Leverkusen-Manfort,51.02893,7.00498,50.0,Germany,Leverkusen,urban-periphery,background,UTC+01,23/04/1998 00:00:01,,"Landesamt für Natur, Umwelt und Verbraucherschutz NRW",NET.DE_NW
DENW080,Solingen-Wald,51.18378,7.05257,208.0,Germany,Solingen,urban-periphery,background,UTC+01,01/07/1998 00:00:01,,"Landesamt für Natur, Umwelt und Verbraucherschutz NRW",NET.DE_NW
DENW081,Borken-Gemen,51.86204,6.87447,44.0,Germany,Borken,unknown,background,UTC+01,11/09/1998 00:00:01,,"Landesamt für Natur, Umwelt und Verbraucherschutz NRW",NET.DE_NW
DENW082,Düsseldorf Corneliusstraße,51.21317,6.78254,45.0,Germany,Düsseldorf,urban-centre,traffic,UTC+01,02/05/2001 00:00:01,,"Landesamt für Natur, Umwelt und Verbraucherschutz NRW",NET.DE_NW
DENW094,Aachen-Burtscheid,50.75473,6.09383,200.0,Germany,Aachen,urban-centre,background,UTC+01,05/07/1999 00:00:01,,"Landesamt für Natur, Umwelt und Verbraucherschutz NRW",NET.DE_NW
DENW095,Münster-Geist,51.93654,7.61158,64.0,Germany,Münster,urban-centre,background,UTC+01,06/10/1999 00:00:01,,"Landesamt für Natur, Umwelt und Verbraucherschutz NRW",NET.DE_NW
DENW096,Mönchengladbach-Rheydt,51.15461,6.42561,83.0,Germany,Mönchengladbach,urban-periphery,background,UTC+01,02/05/2018 00:00:01,,"Landesamt für Natur, Umwelt und Verbraucherschutz NRW",NET.DE_NW
DENW105,Duisburg-Ehingen,51.36872,6.70016,41.0,Germany,Duisburg,urban-centre,industrial,UTC+01,01/01/2023 00:00:01,,"Landesamt für Natur, Umwelt und Verbraucherschutz NRW",NET.DE_NW
DENW112,Duisburg Kardinal-Galen-Straße,51.43769,6.77187,36.0,Germany,Duisburg,urban-centre,traffic,UTC+01,01/01/2004 00:00:01,,"Landesamt für Natur, Umwelt und Verbraucherschutz NRW",NET.DE_NW
DENW114,Wuppertal-Langerfeld,51.27761,7.23185,186.0,Germany,Wuppertal,urban-centre,background,UTC+01,23/11/2012 00:00:01,,"Landesamt für Natur, Umwelt und Verbraucherschutz NRW",NET.DE_NW
DENW116,Krefeld (Hafen),51.34257,6.67019,34.0,Germany,Krefeld,urban-periphery,industrial,UTC+01,28/01/2004 00:00:01,,"Landesamt für Natur, Umwelt und Verbraucherschutz NRW",NET.DE_NW
DENW119,Bottrop (Kokerei 2),51.52141,6.97029,34.0,Germany,Bottrop,urban-centre,industrial,UTC+01,01/01/2001 00:00:01,,"Landesamt für Natur, Umwelt und Verbraucherschutz NRW",NET.DE_NW
DENW120,Bottrop (Kokerei 3),51.52359,6.97573,29.0,Germany,Bottrop,urban-centre,industrial,UTC+01,01/01/2001 00:00:01,,"Landesamt für Natur, Umwelt und Verbraucherschutz NRW",NET.DE_NW
DENW121,Bottrop (Kokerei 4),51.52269,6.98372,28.0,Germany,Bottrop,urban-centre,industrial,UTC+01,01/01/2001 00:00:01,,"Landesamt für Natur, Umwelt und Verbraucherschutz NRW",NET.DE_NW
DENW127,Castrop-Rauxel (6),51.5751,7.29542,57.0,Germany,Castrop-Rauxel,urban-periphery,industrial,UTC+01,01/01/2003 00:00:01,,"Landesamt für Natur, Umwelt und Verbraucherschutz NRW",NET.DE_NW
DENW131,Duisburg Kiebitzmühlenstraße,51.50614,6.74701,27.0,Germany,Duisburg,urban-centre,industrial,UTC+01,20/09/2002 00:00:01,,"Landesamt für Natur, Umwelt und Verbraucherschutz NRW",NET.DE_NW
DENW133,Hagen Graf-von-Galen-Ring,51.36282,7.46355,112.0,Germany,Hagen,urban-centre,traffic,UTC+01,01/02/2008 00:00:01,,"Landesamt für Natur, Umwelt und Verbraucherschutz NRW",NET.DE_NW
DENW134,Essen Gladbecker Straße,51.4779,7.00528,50.0,Germany,Essen,urban-centre,traffic,UTC+01,01/01/2004 00:00:01,,"Landesamt für Natur, Umwelt und Verbraucherschutz NRW",NET.DE_NW
DENW136,Dortmund Brackeler Straße,51.52354,7.48356,80.0,Germany,Dortmund,urban-centre,traffic,UTC+01,01/01/2004 00:00:01,,"Landesamt für Natur, Umwelt und Verbraucherschutz NRW",NET.DE_NW
DENW147,Köln-Godorf,50.8491,6.9756,55.0,Germany,Köln,urban-centre,industrial,UTC+01,01/01/2006 00:00:01,,"Landesamt für Natur, Umwelt und Verbraucherschutz NRW",NET.DE_NW
DENW148,Köln Justinianstraße,50.93827,6.97789,50.0,Germany,Köln,urban-centre,traffic,UTC+01,01/01/2006 00:00:01,,"Landesamt für Natur, Umwelt und Verbraucherschutz NRW",NET.DE_NW
DENW151,Köln Neumarkt,50.93558,6.94787,56.0,Germany,Köln,urban-centre,traffic,UTC+01,06/05/2005 00:00:01,,"Landesamt für Natur, Umwelt und Verbraucherschutz NRW",NET.DE_NW
DENW157,Paderborn Bahnhofstraße,51.71456,8.74408,121.0,Germany,Paderborn,urban-centre,traffic,UTC+01,01/01/2006 00:00:01,,"Landesamt für Natur, Umwelt und Verbraucherschutz NRW",NET.DE_NW
DENW158,Paderborn Friedrichstraße 29,51.71878,8.74712,118.0,Germany,Paderborn,urban-centre,traffic,UTC+01,01/01/2006 00:00:01,,"Landesamt für Natur, Umwelt und Verbraucherschutz NRW",NET.DE_NW
DENW161,Essen Alfredstraße 9/11,51.44016,7.00429,114.0,Germany,Essen,urban-centre,traffic,UTC+01,27/07/2004 00:00:01,,"Landesamt für Natur, Umwelt und Verbraucherschutz NRW",NET.DE_NW
DENW162,Essen Brückstraße,51.3881,7.00115,53.0,Germany,Essen,urban-centre,traffic,UTC+01,01/01/2004 00:00:01,,"Landesamt für Natur, Umwelt und Verbraucherschutz NRW",NET.DE_NW
DENW165,Mönchengladbach Aachener Straße 426/428,51.18244,6.40995,78.0,Germany,Mönchengladbach,urban-centre,traffic,UTC+01,01/01/2009 00:00:01,,"Landesamt für Natur, Umwelt und Verbraucherschutz NRW",NET.DE_NW
DENW171,Essen Hombrucher Straße 21,51.45739,7.04723,108.0,Germany,Essen,urban-centre,traffic,UTC+01,27/07/2004 00:00:01,,"Landesamt für Natur, Umwelt und Verbraucherschutz NRW",NET.DE_NW
DENW172,Neuss Friedrichstraße 29,51.19397,6.6925,40.0,Germany,Neuss,urban-centre,traffic,UTC+01,29/07/2004 00:00:01,,"Landesamt für Natur, Umwelt und Verbraucherschutz NRW",NET.DE_NW
DENW175,Bonn Reuterstraße,50.72258,7.09708,65.0,Germany,Bonn,urban-centre,traffic,UTC+01,01/01/2006 00:00:01,,"Landesamt für Natur, Umwelt und Verbraucherschutz NRW",NET.DE_NW
DENW178,Aachen Adalbertsteinweg,50.77471,6.09734,170.0,Germany,Aachen,urban-centre,traffic,UTC+01,09/08/2005 00:00:01,,"Landesamt für Natur, Umwelt und Verbraucherschutz NRW",NET.DE_NW
DENW179,Schwerte,51.4488,7.58225,118.0,Germany,Schwerte,urban-centre,background,UTC+01,03/11/2005 00:00:01,,"Landesamt für Natur, Umwelt und Verbraucherschutz NRW",NET.DE_NW
DENW181,Warstein,51.44299,8.3608,315.0,Germany,Warstein,urban-centre,industrial,UTC+01,22/12/2005 00:00:01,,"Landesamt für Natur, Umwelt und Verbraucherschutz NRW",NET.DE_NW
DENW184,Dortmund B1 Westfalendamm,51.50404,7.50251,122.0,Germany,Dortmund,urban-centre,traffic,UTC+01,03/11/2005 00:00:01,,"Landesamt für Natur, Umwelt und Verbraucherschutz NRW",NET.DE_NW
DENW185,Dortmund B1 Rheinlanddamm,51.50062,7.48101,124.0,Germany,Dortmund,urban-centre,traffic,UTC+01,03/11/2005 00:00:01,,"Landesamt für Natur, Umwelt und Verbraucherschutz NRW",NET.DE_NW
DENW188,Oberhausen Mülheimer Straße 117,51.47494,6.86363,47.0,Germany,Oberhausen,urban-centre,traffic,UTC+01,27/06/2005 00:00:01,,"Landesamt für Natur, Umwelt und Verbraucherschutz NRW",NET.DE_NW
DENW189,Wuppertal Gathe,51.26068,7.14738,158.0,Germany,Wuppertal,urban-centre,traffic,UTC+01,14/01/2008 00:00:01,,"Landesamt für Natur, Umwelt und Verbraucherschutz NRW",NET.DE_NW
DENW200,Bielefeld Detmolder Straße,52.00562,8.55279,137.0,Germany,Bielefeld,urban-centre,traffic,UTC+01,01/01/2015 00:00:01,,"Landesamt für Natur, Umwelt und Verbraucherschutz NRW",NET.DE_NW
DENW207,Aachen Wilhelmstraße,50.77313,6.09576,168.0,Germany,Aachen,urban-centre,traffic,UTC+01,10/01/2007 00:00:01,,"Landesamt für Natur, Umwelt und Verbraucherschutz NRW",NET.DE_NW
DENW208,Gelsenkirchen Kurt-Schumacher-Straße,51.5279,7.08456,36.0,Germany,Gelsenkirchen,urban-centre,traffic,UTC+01,10/01/2011 00:00:01,,"Landesamt für Natur, Umwelt und Verbraucherschutz NRW",NET.DE_NW
DENW209,Oberhausen Mülheimer Straße 116,51.47501,6.86395,42.0,Germany,Oberhausen,urban-centre,traffic,UTC+01,01/01/2007 00:00:01,,"Landesamt für Natur, Umwelt und Verbraucherschutz NRW",NET.DE_NW
DENW211,Köln Clevischer Ring,50.96284,7.00461,53.0,Germany,Köln,urban-centre,traffic,UTC+01,06/05/2006 00:00:01,,"Landesamt für Natur, Umwelt und Verbraucherschutz NRW",NET.DE_NW
DENW212,Köln Turiner Straße,50.94727,6.95765,55.0,Germany,Köln,urban-centre,traffic,UTC+01,01/04/2007 00:00:01,,"Landesamt für Natur, Umwelt und Verbraucherschutz NRW",NET.DE_NW
DENW213,Overath Hauptstraße 55,50.93282,7.28576,92.0,Germany,Overath,urban-centre,traffic,UTC+01,01/01/2004 00:00:01,,"Landesamt für Natur, Umwelt und Verbraucherschutz NRW",NET.DE_NW
DENW215,Essen-Frohnhausen,51.44325,6.97609,102.0,Germany,Essen,urban-centre,traffic,UTC+01,28/07/2004 00:00:01,,"Landesamt für Natur, Umwelt und Verbraucherschutz NRW",NET.DE_NW
DENW216,Düsseldorf-Bilk,51.20249,6.77637,42.0,Germany,Düsseldorf,urban-centre,traffic,UTC+01,29/07/2004 00:00:01,,"Landesamt für Natur, Umwelt und Verbraucherschutz NRW",NET.DE_NW
DENW219,Köln-Weiden,50.9381,6.83526,65.0,Germany,Köln,urban-centre,traffic,UTC+01,15/06/2007 00:00:01,,"Landesamt für Natur, Umwelt und Verbraucherschutz NRW",NET.DE_NW
DENW228,Bielefeld Stapenhorststraße 42,52.02595,8.52229,126.0,Germany,Bielefeld,urban-centre,traffic,UTC+01,21/11/2007 00:00:01,,"Landesamt für Natur, Umwelt und Verbraucherschutz NRW",NET.DE_NW
DENW246,Lünen Viktoriastraße,51.60846,7.52295,54.0,Germany,Lünen,urban-centre,industrial,UTC+01,01/01/2021 00:00:01,,"Landesamt für Natur, Umwelt und Verbraucherschutz NRW",NET.DE_NW
DENW247,Essen-Schuir (LANUV),51.40685,6.96559,155.0,Germany,Essen,urban-periphery,background,UTC+01,20/06/2008 00:00:01,,"Landesamt für Natur, Umwelt und Verbraucherschutz NRW",NET.DE_NW
DENW252,Krefeld Oranierring,51.34039,6.55397,41.0,Germany,Krefeld,urban-centre,traffic,UTC+01,09/01/2008 00:00:01,,"Landesamt für Natur, Umwelt und Verbraucherschutz NRW",NET.DE_NW
DENW254,Duisburg Bergstraße 48,51.46789,6.75234,28.0,Germany,Duisburg,urban-centre,industrial,UTC+01,01/01/2016 00:00:01,,"Landesamt für Natur, Umwelt und Verbraucherschutz NRW",NET.DE_NW
DENW259,Mönchengladbach Friedrich-Ebert-Straße,51.16943,6.43995,65.0,Germany,Mönchengladbach,urban-centre,traffic,UTC+01,09/01/2009 00:00:01,,"Landesamt für Natur, Umwelt und Verbraucherschutz NRW",NET.DE_NW
DENW260,Münster Weseler Straße,51.95328,7.61938,66.0,Germany,Münster,urban-centre,traffic,UTC+01,10/02/2011 00:00:01,,"Landesamt für Natur, Umwelt und Verbraucherschutz NRW",NET.DE_NW
DENW267,Hürth Luxemburger Straße 344,50.87981,6.88992,65.0,Germany,Hürth,urban-centre,traffic,UTC+01,01/01/2009 00:00:01,,"Landesamt für Natur, Umwelt und Verbraucherschutz NRW",NET.DE_NW
DENW277,Essen Krayer Straße 213,51.46561,7.08031,77.0,Germany,Essen,urban-centre,traffic,UTC+01,01/01/2009 00:00:01,,"Landesamt für Natur, Umwelt und Verbraucherschutz NRW",NET.DE_NW
DENW278,Gladbeck Grabenstraße 46,51.5697,6.99778,59.0,Germany,Gladbeck,urban-centre,traffic,UTC+01,01/01/2009 00:00:01,,"Landesamt für Natur, Umwelt und Verbraucherschutz NRW",NET.DE_NW
DENW281,Hagen Märkischer Ring 85,51.36042,7.47727,120.0,Germany,Hagen,urban-centre,traffic,UTC+01,29/07/2004 00:00:01,,"Landesamt für Natur, Umwelt und Verbraucherschutz NRW",NET.DE_NW
DENW287,Eschweiler Indestraße,50.82063,6.26417,140.0,Germany,Eschweiler,urban-centre,traffic,UTC+01,03/12/2009 00:00:01,,"Landesamt für Natur, Umwelt und Verbraucherschutz NRW",NET.DE_NW
DENW289,Neuss Krefelder Straße,51.20235,6.68502,42.0,Germany,Neuss,urban-centre,traffic,UTC+01,01/01/2010 00:00:01,,"Landesamt für Natur, Umwelt und Verbraucherschutz NRW",NET.DE_NW
DENW290,Neuss Batteriestraße,51.20077,6.6935,34.0,Germany,Neuss,urban-centre,traffic,UTC+01,01/01/2010 00:00:01,,"Landesamt für Natur, Umwelt und Verbraucherschutz NRW",NET.DE_NW
DENW296,Recklinghausen Bochumer Straße,51.57721,7.21334,54.0,Germany,Recklinghausen,urban-centre,traffic,UTC+01,04/01/2011 00:00:01,,"Landesamt für Natur, Umwelt und Verbraucherschutz NRW",NET.DE_NW
DENW297,Köln-Meschenich Brühler Landstraße,50.85904,6.92478,60.0,Germany,Köln,urban-periphery,traffic,UTC+01,25/11/2010 00:00:01,,"Landesamt für Natur, Umwelt und Verbraucherschutz NRW",NET.DE_NW
DENW303,Köln Dellbrücker Hauptstraße,50.97828,7.07098,63.0,Germany,Köln,urban-centre,traffic,UTC+01,01/01/2012 00:00:01,,"Landesamt für Natur, Umwelt und Verbraucherschutz NRW",NET.DE_NW
DENW319,Gelsenkirchen-Hassel Pawiker Straße,51.60016,7.04185,57.0,Germany,Gelsenkirchen,urban-centre,industrial,UTC+01,04/01/2012 00:00:01,,"Landesamt für Natur, Umwelt und Verbraucherschutz NRW",NET.DE_NW
DENW321,Gelsenkirchen-Scholven Fünfhäuserweg,51.6149,7.01787,57.0,Germany,Gelsenkirchen,urban-centre,industrial,UTC+01,04/01/2012 00:00:01,,"Landesamt für Natur, Umwelt und Verbraucherschutz NRW",NET.DE_NW
DENW329,Jackerath,51.03383,6.45148,112.0,Germany,Jackerath,rural,industrial,UTC+01,03/01/2013 00:00:01,,"Landesamt für Natur, Umwelt und Verbraucherschutz NRW",NET.DE_NW
DENW331,Bochum Herner Straße 385,51.51115,7.21041,70.0,Germany,Bochum,urban-centre,traffic,UTC+01,31/01/2013 00:00:01,,"Landesamt für Natur, Umwelt und Verbraucherschutz NRW",NET.DE_NW
DENW332,Köln Hauptstraße,50.88371,7.05572,55.0,Germany,Köln,urban-centre,traffic,UTC+01,01/01/2013 00:00:01,,"Landesamt für Natur, Umwelt und Verbraucherschutz NRW",NET.DE_NW
DENW336,Köln Luxemburger Straße,50.92022,6.93246,56.0,Germany,Köln,urban-centre,traffic,UTC+01,01/01/2013 00:00:01,,"Landesamt für Natur, Umwelt und Verbraucherschutz NRW",NET.DE_NW
DENW337,Jüchen-Hochneukirch,51.09764,6.46946,83.0,Germany,Jüchen,unknown,industrial,UTC+01,06/01/2014 00:00:01,,"Landesamt für Natur, Umwelt und Verbraucherschutz NRW",NET.DE_NW
DENW338,Duisburg-Bruckhausen,51.48549,6.73543,24.0,Germany,Duisburg,urban-centre,industrial,UTC+01,01/01/2014 00:00:01,,"Landesamt für Natur, Umwelt und Verbraucherschutz NRW",NET.DE_NW
DENW340,Düsseldorf Ludenberger Straße,51.24076,6.83315,53.0,Germany,Düsseldorf,urban-centre,traffic,UTC+01,06/01/2014 00:00:01,,"Landesamt für Natur, Umwelt und Verbraucherschutz NRW",NET.DE_NW
DENW353,Köln Lindweilerweg 144,50.99522,6.89945,47.0,Germany,Köln,urban-centre,traffic,UTC+01,28/07/2014 00:00:01,,"Landesamt für Natur, Umwelt und Verbraucherschutz NRW",NET.DE_NW
DENW355,Leverkusen Gustav-Heinemann-Straße,51.03147,7.01093,49.0,Germany,Leverkusen,urban-centre,traffic,UTC+01,07/01/2015 00:00:01,,"Landesamt für Natur, Umwelt und Verbraucherschutz NRW",NET.DE_NW
DENW356,Lüdenscheid Lennestraße,51.22761,7.64309,375.0,Germany,,urban-centre,traffic,UTC+01,08/01/2015 00:00:01,,"Landesamt für Natur, Umwelt und Verbraucherschutz NRW",NET.DE_NW
DENW358,Köln Bergisch Gladbacher Straße,50.97039,7.04753,53.0,Germany,Köln,urban-centre,traffic,UTC+01,01/01/2015 00:00:01,,"Landesamt für Natur, Umwelt und Verbraucherschutz NRW",NET.DE_NW
DENW363,Paderborn-Schloss Neuhaus,51.74366,8.71182,105.0,Germany,Paderborn,urban-centre,traffic,UTC+01,01/01/2015 00:00:01,,"Landesamt für Natur, Umwelt und Verbraucherschutz NRW",NET.DE_NW
DENW368,Düsseldorf Burgunderstraße,51.22742,6.69857,35.0,Germany,Düsseldorf,urban-centre,traffic,UTC+01,01/01/2016 00:00:01,,"Landesamt für Natur, Umwelt und Verbraucherschutz NRW",NET.DE_NW
DENW369,Herne Recklinghauser Straße 4/6,51.54301,7.15019,38.0,Germany,Herne,urban-centre,traffic,UTC+01,08/12/2015 00:00:01,,"Landesamt für Natur, Umwelt und Verbraucherschutz NRW",NET.DE_NW
DENW371,Aachen-Haaren,50.79435,6.12311,148.0,Germany,Aachen,urban-centre,traffic,UTC+01,13/01/2016 00:00:01,,"Landesamt für Natur, Umwelt und Verbraucherschutz NRW",NET.DE_NW
DENW373,Essen Abteistraße,51.38769,7.00204,53.0,Germany,Esssen,urban-centre,traffic,UTC+01,28/04/2016 00:00:01,,"Landesamt für Natur, Umwelt und Verbraucherschutz NRW",NET.DE_NW
DENW375,Witten-Mitte,51.43314,7.33362,93.0,Germany,,urban-centre,industrial,UTC+01,19/01/2017 00:00:01,,"Landesamt für Natur, Umwelt und Verbraucherschutz NRW",NET.DE_NW
DENW376,Duisburg Friedrich-Wilhelm-Straße 25,51.43153,6.76396,32.0,Germany,Duisburg,urban-centre,traffic,UTC+01,01/01/2017 00:00:01,,"Landesamt für Natur, Umwelt und Verbraucherschutz NRW",NET.DE_NW
DENW377,Duisburg Meiderich Bahnhofstraße,51.46675,6.78131,27.0,Germany,Duisburg,urban-centre,traffic,UTC+01,01/01/2017 00:00:01,,"Landesamt für Natur, Umwelt und Verbraucherschutz NRW",NET.DE_NW
DENW384,Bochum Dorstener Straße,51.49164,7.19749,74.0,Germany,,urban-centre,traffic,UTC+01,01/01/2021 00:00:01,,"Landesamt für Natur, Umwelt und Verbraucherschutz NRW",NET.DE_NW
DENW385,Düsseldorf Bernburger Straße,51.20023,6.83635,44.0,Germany,,urban-centre,traffic,UTC+01,01/01/2021 00:00:01,,"Landesamt für Natur, Umwelt und Verbraucherschutz NRW",NET.DE_NW
DENW387,Köln-Godorf OBI,50.8585,6.97473,53.0,Germany,,urban-centre,industrial,UTC+01,05/01/2023 00:00:01,,"Landesamt für Natur, Umwelt und Verbraucherschutz NRW",NET.DE_NW
DENW393,Düsseldorf Kaiserstraße 31,51.23333,6.77893,39.0,Germany,,urban-centre,traffic,UTC+01,01/01/2021 00:00:01,,"Landesamt für Natur, Umwelt und Verbraucherschutz NRW",NET.DE_NW
DENW399,Essen Kruppstraße 117,51.44585,6.99432,95.0,Germany,Essen,urban-centre,traffic,UTC+01,01/01/2021 00:00:01,,"Landesamt für Natur, Umwelt und Verbraucherschutz NRW",NET.DE_NW
DENW400,Köln Hahnenstraße 45,50.93577,6.94213,51.0,Germany,Köln,urban-centre,traffic,UTC+01,01/01/2021 00:00:01,,"Landesamt für Natur, Umwelt und Verbraucherschutz NRW",NET.DE_NW
DENW401,Köln Luxemburger Straße 78,50.92558,6.93771,51.0,Germany,Köln,urban-centre,traffic,UTC+01,01/01/2021 00:00:01,,"Landesamt für Natur, Umwelt und Verbraucherschutz NRW",NET.DE_NW
DENW403,Hagen Eckeseyer Str. 7,51.36512,7.4625,106.0,Germany,Hagen,urban-centre,traffic,UTC+01,01/01/2021 00:00:01,,"Landesamt für Natur, Umwelt und Verbraucherschutz NRW",NET.DE_NW
DENW404,Hagen Bergischer Ring 32,51.35484,7.47385,115.0,Germany,Hagen,urban-centre,traffic,UTC+01,01/01/2021 00:00:01,,"Landesamt für Natur, Umwelt und Verbraucherschutz NRW",NET.DE_NW
DENW405,Wesel-Obrighoven,51.67355,6.65512,24.0,Germany,Wesel,unknown,background,UTC+01,19/11/2020 00:00:01,,"Landesamt für Natur, Umwelt und Verbraucherschutz NRW",NET.DE_NW
DENW406,Bochum Dorstener Straße 229,51.49454,7.1906,74.0,Germany,Bochum,urban-centre,traffic,UTC+01,01/01/2021 00:00:01,,"Landesamt für Natur, Umwelt und Verbraucherschutz NRW",NET.DE_NW
DENW407,Bochum Herner Straße 226,51.50015,7.21204,72.0,Germany,Bochum,urban-centre,traffic,UTC+01,01/01/2021 00:00:01,,"Landesamt für Natur, Umwelt und Verbraucherschutz NRW",NET.DE_NW
DENW408,Dortmund Mallinckrodtstraße 192,51.52402,7.45555,74.0,Germany,Dortmund,urban-centre,traffic,UTC+01,01/01/2021 00:00:01,,"Landesamt für Natur, Umwelt und Verbraucherschutz NRW",NET.DE_NW
DENW409,Dortmund Märkische Straße 57,51.50563,7.47412,111.0,Germany,Dortmund,urban-centre,traffic,UTC+01,01/01/2021 00:00:01,,"Landesamt für Natur, Umwelt und Verbraucherschutz NRW",NET.DE_NW
DENW410,Dortmund Ruhrallee 61,51.5044,7.46712,109.0,Germany,Dortmund,urban-centre,traffic,UTC+01,01/01/2021 00:00:01,,"Landesamt für Natur, Umwelt und Verbraucherschutz NRW",NET.DE_NW
DENW411,Dortmund Borsigstraße 53,51.52409,7.47962,77.0,Germany,Dortmund,urban-centre,traffic,UTC+01,01/01/2021 00:00:01,,"Landesamt für Natur, Umwelt und Verbraucherschutz NRW",NET.DE_NW
DENW412,Bielefeld August-Bebel-Straße 79,52.02547,8.53997,109.0,Germany,Bielefeld,urban-centre,traffic,UTC+01,01/01/2021 00:00:01,,"Landesamt für Natur, Umwelt und Verbraucherschutz NRW",NET.DE_NW
DENW413,Bielefeld Kreuzstraße 7,52.01611,8.53061,123.0,Germany,Bielefeld,urban-centre,traffic,UTC+01,01/01/2021 00:00:01,,"Landesamt für Natur, Umwelt und Verbraucherschutz NRW",NET.DE_NW
DENW414,Bielefeld Stapenhorststraße 14,52.02351,8.52462,121.0,Germany,Bielefeld,urban-centre,traffic,UTC+01,01/01/2021 00:00:01,,"Landesamt für Natur, Umwelt und Verbraucherschutz NRW",NET.DE_NW
DENW415,Oberhausen Duisburger Straße,51.47844,6.84252,35.0,Germany,Oberhausen,urban-centre,traffic,UTC+01,16/12/2020 00:00:01,,"Landesamt für Natur, Umwelt und Verbraucherschutz NRW",NET.DE_NW
DENW416,Duisburg Moerser Straße 245,51.4496,6.68758,31.0,Germany,Duisburg,urban-centre,traffic,UTC+01,01/01/2021 00:00:01,,"Landesamt für Natur, Umwelt und Verbraucherschutz NRW",NET.DE_NW
DENW417,Köln Subbelrather Straße 262,50.95455,6.91833,50.0,Germany,Köln,urban-centre,traffic,UTC+01,01/01/2022 00:00:01,,"Landesamt für Natur, Umwelt und Verbraucherschutz NRW",NET.DE_NW
DENW419,Düsseldorf Herzogstraße 37,51.21556,6.78012,37.0,Germany,Düsseldorf,urban-centre,traffic,UTC+01,01/01/2022 00:00:01,,"Landesamt für Natur, Umwelt und Verbraucherschutz NRW",NET.DE_NW
DENW420,Düsseldorf Südring 51,51.20017,6.77134,37.0,Germany,Düsseldorf,urban-centre,traffic,UTC+01,01/01/2022 00:00:01,,"Landesamt für Natur, Umwelt und Verbraucherschutz NRW",NET.DE_NW
DENW421,Düsseldorf Uerdinger Straße 108,51.25242,6.76934,37.0,Germany,Düsseldorf,urban-centre,traffic,UTC+01,01/01/2022 00:00:01,,"Landesamt für Natur, Umwelt und Verbraucherschutz NRW",NET.DE_NW
DENW422,Köln Aachener Straße 491,50.93699,6.90166,50.0,Germany,Köln,urban-centre,traffic,UTC+01,01/01/2022 00:00:01,,"Landesamt für Natur, Umwelt und Verbraucherschutz NRW",NET.DE_NW
DENW423,Duisburg Karl-Jarres-Straße 69,51.41907,6.75829,32.0,Germany,Duisburg,urban-centre,traffic,UTC+01,12/01/2022 00:00:01,,"Landesamt für Natur, Umwelt und Verbraucherschutz NRW",NET.DE_NW
DENW425,Stolberg Brauereistraße,50.76327,6.22973,195.0,Germany,Stolberg (Rhld.),urban-centre,industrial,UTC+01,01/01/2021 00:00:01,,"Landesamt für Natur, Umwelt und Verbraucherschutz NRW",NET.DE_NW
DENW427,Essen Altenessener Straße 255,51.48564,7.00926,32.0,Germany,Essen,urban-centre,traffic,UTC+01,01/01/2023 00:00:01,,"Landesamt für Natur, Umwelt und Verbraucherschutz NRW",NET.DE_NW
DENW428,Duisburg Duisburger Straße 66,51.43962,6.70777,32.0,Germany,Duisburg,urban-centre,traffic,UTC+01,01/01/2023 00:00:01,,"Landesamt für Natur, Umwelt und Verbraucherschutz NRW",NET.DE_NW
DENW429,Bielefeld-Mitte,52.02422,8.53416,114.0,Germany,Bielefeld,urban-centre,traffic,UTC+01,01/01/2023 00:00:01,,"Landesamt für Natur, Umwelt und Verbraucherschutz NRW",NET.DE_NW
DENW430,Düsseldorf Merowingerstraße,51.20255,6.77635,42.0,Germany,Düsseldorf,urban-centre,traffic,UTC+01,02/09/2022 00:00:01,,"Landesamt für Natur, Umwelt und Verbraucherschutz NRW",NET.DE_NW
DENW431,Düsseldorf-Lohausen,51.27743,6.74429,40.0,Germany,Düsseldorf,urban-centre,background,UTC+01,01/01/2023 00:00:01,,"Landesamt für Natur, Umwelt und Verbraucherschutz NRW",NET.DE_NW
DENW432,Stolberg Rathausstraße,50.7706,6.22945,195.0,Germany,Stolberg (Rhld.),urban-centre,industrial,UTC+01,15/01/2023 00:00:01,,"Landesamt für Natur, Umwelt und Verbraucherschutz NRW",NET.DE_NW
DENW436,Düren Euskirchener Straße 18/20,50.80405,6.49461,143.0,Germany,Düren,urban-centre,traffic,UTC+01,01/01/2024 00:00:01,,"Landesamt für Natur, Umwelt und Verbraucherschutz NRW",NET.DE_NW
DENW438,Dortmund Bärenbruch,51.52191,7.37169,100.0,Germany,Dortmund,urban-centre,traffic,UTC+01,01/01/2025 00:00:01,,"Landesamt für Natur, Umwelt und Verbraucherschutz NRW",NET.DE_NW
DENW439,Dortmund Bornstraße,51.52625,7.4711,73.0,Germany,Dortmund,urban-centre,traffic,UTC+01,01/01/2025 00:00:01,,"Landesamt für Natur, Umwelt und Verbraucherschutz NRW",NET.DE_NW
DERP001,Ludwigshafen-Oppau,49.51496,8.40233,91.0,Germany,Ludwigshafen am Rhein,urban-centre,background,UTC+01,29/05/1995 00:00:01,,Landesamt für Umwelt Rheinland-Pfalz,NET.DE_RP
DERP003,Ludwigshafen-Mundenheim,49.45551,8.4259,98.0,Germany,Ludwigshafen am Rhein,urban-centre,industrial,UTC+01,05/10/1994 00:00:01,,Landesamt für Umwelt Rheinland-Pfalz,NET.DE_RP
DERP007,Mainz-Mombach,50.01755,8.2168,115.0,Germany,Mainz,urban-centre,background,UTC+01,09/10/1994 00:00:01,,Landesamt für Umwelt Rheinland-Pfalz,NET.DE_RP
DERP009,Mainz-Zitadelle,49.99502,8.27398,100.0,Germany,Mainz,urban-centre,background,UTC+01,06/06/1994 00:00:01,,Landesamt für Umwelt Rheinland-Pfalz,NET.DE_RP
DERP011,Mainz-Rheinallee,50.00987,8.2658,85.0,Germany,Mainz,urban-centre,traffic,UTC+01,19/02/1987 00:00:01,,Landesamt für Umwelt Rheinland-Pfalz,NET.DE_RP
DERP013,Westpfalz-Dunzweiler,49.42312,7.29354,460.0,Germany,Dunzweiler,rural,background,UTC+01,27/02/2019 00:00:01,,Landesamt für Umwelt Rheinland-Pfalz,NET.DE_RP
DERP014,Hunsrück-Leisel,49.7409,7.19341,650.0,Germany,Siesbach,rural,background,UTC+01,14/02/2019 00:00:01,,Landesamt für Umwelt Rheinland-Pfalz,NET.DE_RP
DERP015,Westeifel Wascheid,50.26655,6.37808,680.0,Germany,Gondenbrett,rural,background,UTC+01,19/12/2022 00:00:01,,Landesamt für Umwelt Rheinland-Pfalz,NET.DE_RP
DERP016,Westerwald-Herdorf,50.76682,7.97354,480.0,Germany,Herdorf,rural,background,UTC+01,01/01/1984 00:00:01,,Landesamt für Umwelt Rheinland-Pfalz,NET.DE_RP
DERP017,Pfälzerwald-Hortenkopf,49.27026,7.82641,600.0,Germany,Merzalben,rural,background,UTC+01,27/01/1998 00:00:01,,Landesamt für Umwelt Rheinland-Pfalz,NET.DE_RP
DERP019,Kaiserslautern-Rathausplatz,49.446,7.7673,232.0,Germany,Kaiserslautern,urban-centre,background,UTC+01,01/01/1986 00:00:01,,Landesamt für Umwelt Rheinland-Pfalz,NET.DE_RP
DERP020,Trier-Ostallee,49.75423,6.64672,140.0,Germany,Trier,urban-centre,traffic,UTC+01,28/01/2014 00:00:01,,Landesamt für Umwelt Rheinland-Pfalz,NET.DE_RP
DERP021,Neuwied-Hafenstraße,50.42468,7.48138,65.0,Germany,Neuwied,urban-centre,background,UTC+01,01/01/1988 00:00:01,,Landesamt für Umwelt Rheinland-Pfalz,NET.DE_RP
DERP022,Bad Kreuznach-Bosenheimer Straße,49.84122,7.86622,108.0,Germany,Bad Kreuznach,urban-centre,background,UTC+01,01/01/2014 00:00:01,,Landesamt für Umwelt Rheinland-Pfalz,NET.DE_RP
DERP023,Worms-Hagenstraße,49.62877,8.36478,90.0,Germany,Worms,urban-centre,traffic,UTC+01,01/01/1990 00:00:01,,Landesamt für Umwelt Rheinland-Pfalz,NET.DE_RP
DERP024,Koblenz-Friedrich-Ebert-Ring,50.3544,7.59663,68.0,Germany,Koblenz,urban-centre,traffic,UTC+01,01/01/1994 00:00:01,,Landesamt für Umwelt Rheinland-Pfalz,NET.DE_RP
DERP025,Wörth-Marktplatz,49.05228,8.25354,115.0,Germany,Wörth am Rhein,urban-centre,background,UTC+01,11/01/1994 00:00:01,,Landesamt für Umwelt Rheinland-Pfalz,NET.DE_RP
DERP026,Frankenthal-Europaring,49.5333,8.3553,99.0,Germany,Frankenthal (Pfalz),urban-centre,traffic,UTC+01,04/01/2012 00:00:01,,Landesamt für Umwelt Rheinland-Pfalz,NET.DE_RP
DERP028,Westerwald-Neuhäusel,50.42429,7.72991,540.0,Germany,Montabaur,rural,background,UTC+01,01/01/1994 00:00:01,,Landesamt für Umwelt Rheinland-Pfalz,NET.DE_RP
DERP043,Braubach,50.27511,7.65212,85.0,Germany,Braubach,rural,industrial,UTC+01,01/01/2011 00:00:01,,Landesamt für Umwelt Rheinland-Pfalz,NET.DE_RP
DERP044,Krautscheid / Seifen,50.69944,7.37528,180.0,Germany,Buchholz (Westerwald),rural,industrial,UTC+01,15/12/2000 00:00:01,,Landesamt für Umwelt Rheinland-Pfalz,NET.DE_RP
DERP047,Trier-Pfalzel,49.78402,6.69026,131.0,Germany,Trier,urban-periphery,industrial,UTC+01,22/01/2014 00:00:01,,Landesamt für Umwelt Rheinland-Pfalz,NET.DE_RP
DERP052,Mayen,50.33023,7.22624,238.0,Germany,Mayen,urban-centre,traffic,UTC+01,01/01/2013 00:00:01,,Landesamt für Umwelt Rheinland-Pfalz,NET.DE_RP
DERP053,Speyer-Nord,49.35112,8.423,103.0,Germany,Speyer,urban-periphery,background,UTC+01,01/01/2014 00:00:01,,Landesamt für Umwelt Rheinland-Pfalz,NET.DE_RP
DERP060,Pirmasens-Innenstadt,49.192,7.61457,378.0,Germany,Pirmasens,urban-centre,background,UTC+01,01/01/2015 00:00:01,,Landesamt für Umwelt Rheinland-Pfalz,NET.DE_RP
DERP063,Koblenz-Rheinanlagen,50.35055,7.60025,68.0,Germany,Koblenz,urban-centre,background,UTC+01,01/01/2018 00:00:01,,Landesamt für Umwelt Rheinland-Pfalz,NET.DE_RP
DERP065,Koblenz-Peter-Altmeier-Ufer,50.36273,7.59835,65.0,Germany,Koblenz,urban-centre,background,UTC+01,02/01/2018 00:00:01,,Landesamt für Umwelt Rheinland-Pfalz,NET.DE_RP
DERP066,Koblenz-Jesuitenplatz,50.36014,7.59854,74.0,Germany,Koblenz,urban-centre,background,UTC+01,02/01/2018 00:00:01,,Landesamt für Umwelt Rheinland-Pfalz,NET.DE_RP
DERP067,Koblenz-Bahnhofstr.,50.35371,7.5911,72.0,Germany,Koblenz,urban-centre,traffic,UTC+01,02/01/2018 00:00:01,,Landesamt für Umwelt Rheinland-Pfalz,NET.DE_RP
DERP068,Koblenz-Hohenzollernstr.,50.35214,7.59297,72.0,Germany,Koblenz,urban-centre,traffic,UTC+01,02/01/2018 00:00:01,,Landesamt für Umwelt Rheinland-Pfalz,NET.DE_RP
DERP069,Koblenz-Mainzer Str.,50.35097,7.59724,72.0,Germany,Koblenz,urban-centre,background,UTC+01,02/01/2018 00:00:01,,Landesamt für Umwelt Rheinland-Pfalz,NET.DE_RP
DERP070,Koblenz-Trierer Str.,50.3692,7.56666,87.0,Germany,Koblenz,urban-centre,traffic,UTC+01,02/01/2018 00:00:01,,Landesamt für Umwelt Rheinland-Pfalz,NET.DE_RP
DERP071,Koblenz-Rübenach,50.37009,7.5177,143.0,Germany,Koblenz,urban-centre,traffic,UTC+01,02/01/2018 00:00:01,,Landesamt für Umwelt Rheinland-Pfalz,NET.DE_RP
DERP072,Ludwigshafen-Heinigstr./Wredestr.,49.47808,8.44468,94.0,Germany,Ludwigshafen am Rhei,urban-centre,traffic,UTC+01,02/01/2018 00:00:01,,Landesamt für Umwelt Rheinland-Pfalz,NET.DE_RP
DERP073,Ludwigshafen-Kaiser-Wilhelmstr.,49.47867,8.44428,95.0,Germany,Ludwigshafen,urban-centre,traffic,UTC+01,02/01/2018 00:00:01,,Landesamt für Umwelt Rheinland-Pfalz,NET.DE_RP
DERP074,Ludwigshafen-Heinigstr./Dörrhorststr.,49.47979,8.44229,93.0,Germany,Ludwigshafen,urban-centre,traffic,UTC+01,02/01/2018 00:00:01,,Landesamt für Umwelt Rheinland-Pfalz,NET.DE_RP
DERP075,Speyer-Bahnhofstraße,49.32767,8.42958,100.0,Germany,Speyer,urban-centre,traffic,UTC+01,01/01/2018 00:00:01,,Landesamt für Umwelt Rheinland-Pfalz,NET.DE_RP
DERP079,Mainz-Kaiserstr./Rheinallee,50.00895,8.26808,87.0,Germany,Mainz,urban-centre,traffic,UTC+01,01/01/2018 00:00:01,,Landesamt für Umwelt Rheinland-Pfalz,NET.DE_RP
DERP080,Mainz-Leibnizstr.,50.00647,8.2613,88.0,Germany,Mainz,urban-centre,traffic,UTC+01,02/01/2018 00:00:01,,Landesamt für Umwelt Rheinland-Pfalz,NET.DE_RP
DERP081,Mainz-Boppstr.,50.00428,8.26023,88.0,Germany,Mainz,urban-centre,traffic,UTC+01,02/01/2018 00:00:01,,Landesamt für Umwelt Rheinland-Pfalz,NET.DE_RP
DERP082,Mainz-Binger Str.,50.00028,8.262,92.0,Germany,Mainz,urban-centre,traffic,UTC+01,02/01/2018 00:00:01,,Landesamt für Umwelt Rheinland-Pfalz,NET.DE_RP
DERP083,Mainz-Bahnhofstr.,50.00068,8.26289,90.0,Germany,Mainz,urban-centre,traffic,UTC+01,01/01/2018 00:00:01,,Landesamt für Umwelt Rheinland-Pfalz,NET.DE_RP
DERP085,Mainz-Neubrunnenplatz,50.00176,8.26571,87.0,Germany,Mainz,urban-centre,traffic,UTC+01,02/01/2018 00:00:01,,Landesamt für Umwelt Rheinland-Pfalz,NET.DE_RP
DERP086,Mainz-Große Bleiche,50.00274,8.26716,87.0,Germany,Mainz,urban-centre,traffic,UTC+01,02/01/2018 00:00:01,,Landesamt für Umwelt Rheinland-Pfalz,NET.DE_RP
DERP087,Mainz-Bauhofstr. (FM),50.00742,8.26742,86.0,Germany,Mainz,urban-centre,traffic,UTC+01,02/01/2018 00:00:01,,Landesamt für Umwelt Rheinland-Pfalz,NET.DE_RP
DERP088,Mainz-Große Bleiche (MKUEM),50.00435,8.26881,87.0,Germany,Mainz,urban-centre,traffic,UTC+01,02/01/2018 00:00:01,,Landesamt für Umwelt Rheinland-Pfalz,NET.DE_RP
DERP089,Mainz-Große Bleiche (Landtag),50.00598,8.27099,86.0,Germany,Mainz,urban-centre,traffic,UTC+01,02/01/2018 00:00:01,,Landesamt für Umwelt Rheinland-Pfalz,NET.DE_RP
DERP090,Mainz-Feldbergplatz,50.01192,8.2649,86.0,Germany,Mainz,urban-centre,traffic,UTC+01,02/01/2018 00:00:01,,Landesamt für Umwelt Rheinland-Pfalz,NET.DE_RP
DERP091,Mainz-Adenauer Ufer,50.01201,8.26683,84.0,Germany,Mainz,urban-centre,background,UTC+01,02/01/2018 00:00:01,,Landesamt für Umwelt Rheinland-Pfalz,NET.DE_RP
DERP092,Mainz-Rheinallee/Parkh.,50.00861,8.26982,86.0,Germany,Mainz,urban-centre,traffic,UTC+01,19/06/2019 00:00:01,,Landesamt für Umwelt Rheinland-Pfalz,NET.DE_RP
DERP093,Mainz-Rheinstr. (FH),49.99669,8.26788,87.0,Germany,Mainz,urban-centre,traffic,UTC+01,01/01/2018 00:00:01,,Landesamt für Umwelt Rheinland-Pfalz,NET.DE_RP
DERP094,Mainz-Rheinstraße 24,49.99801,8.27908,87.0,Germany,Mainz,urban-centre,traffic,UTC+01,02/01/2019 00:00:01,,Landesamt für Umwelt Rheinland-Pfalz,NET.DE_RP
DERP095,Mainz-Rheinallee (Stadtbibliothek),50.00853,8.26957,88.0,Germany,Mainz,urban-centre,traffic,UTC+01,02/01/2018 00:00:01,,Landesamt für Umwelt Rheinland-Pfalz,NET.DE_RP
DERP096,Mainz-Rheinstr. (DB Cargo),49.99342,8.28204,88.0,Germany,Mainz,urban-centre,traffic,UTC+01,11/02/2019 00:00:01,,Landesamt für Umwelt Rheinland-Pfalz,NET.DE_RP
DERP097,Mainz-Windmühlenstr.,49.99504,8.27494,94.0,Germany,Mainz,urban-centre,traffic,UTC+01,11/02/2019 00:00:01,,Landesamt für Umwelt Rheinland-Pfalz,NET.DE_RP
DERP098,Mainz-Fichteplatz,49.99154,8.26583,123.0,Germany,Mainz,urban-centre,traffic,UTC+01,11/02/2019 00:00:01,,Landesamt für Umwelt Rheinland-Pfalz,NET.DE_RP
DERP099,Mainz-Schillerstr.,49.99989,8.26519,88.0,Germany,Mainz,urban-centre,traffic,UTC+01,02/01/2018 00:00:01,,Landesamt für Umwelt Rheinland-Pfalz,NET.DE_RP
DERP100,Mainz-Rheinallee (LfU),50.0143,8.25697,87.0,Germany,Mainz,urban-centre,traffic,UTC+01,02/01/2018 00:00:01,,Landesamt für Umwelt Rheinland-Pfalz,NET.DE_RP
DERP101,Mainz-Rheinstr. (Stadtmauer),49.99801,8.27774,86.0,Germany,Mainz,urban-centre,traffic,UTC+01,30/12/2019 00:00:01,,Landesamt für Umwelt Rheinland-Pfalz,NET.DE_RP
DERP102,Mainz-Rheinstr. (Rheingoldhalle),50.0021,8.2753,88.0,Germany,Mainz,urban-centre,traffic,UTC+01,30/12/2019 00:00:01,,Landesamt für Umwelt Rheinland-Pfalz,NET.DE_RP
DERP106,Koblenz-Charlottenstr.,50.3605,7.61209,71.0,Germany,Koblenz,urban-centre,traffic,UTC+01,09/04/2019 00:00:01,,Landesamt für Umwelt Rheinland-Pfalz,NET.DE_RP
DERP107,Mainz-Rheinstr./Dagobertstr.,49.99558,8.27955,87.0,Germany,Mainz,urban-centre,traffic,UTC+01,29/12/2020 00:00:01,,Landesamt für Umwelt Rheinland-Pfalz,NET.DE_RP
DERP108,Koblenz-Deuteches Eck,50.36469,7.60577,65.0,Germany,Koblenz,urban-centre,background,UTC+01,25/02/2020 00:00:01,,Landesamt für Umwelt Rheinland-Pfalz,NET.DE_RP
DERP114,Bad Ems,50.3366,7.70754,86.0,Germany,Bad Ems,urban-centre,traffic,UTC+01,01/01/2026 00:00:01,,Landesamt für Umwelt Rheinland-Pfalz,NET.DE_RP
DESH001,Altendeich,53.67055,9.58587,8.0,Germany,Moorrege,rural-regional,background,UTC+01,24/04/1981 00:00:01,,Landesamt für Umwelt des Landes Schleswig-Holstein,NET.DE_SH
DESH013,Fehmarn,54.41299,11.21599,2.0,Germany,Fehmarn,rural-regional,background,UTC+01,31/05/1994 00:00:01,,Landesamt für Umwelt des Landes Schleswig-Holstein,NET.DE_SH
DESH014,St.-Peter-Ording,54.32781,8.60347,2.0,Germany,Sankt Peter-Ording,rural-regional,background,UTC+01,31/05/1994 00:00:01,,Landesamt für Umwelt des Landes Schleswig-Holstein,NET.DE_SH
DESH015,Itzehoe,53.92442,9.5303,40.0,Germany,Itzehoe,urban-centre,background,UTC+01,19/08/1993 00:00:01,,Landesamt für Umwelt des Landes Schleswig-Holstein,NET.DE_SH
DESH016,Barsbüttel,53.57058,10.21487,42.0,Germany,Barsbüttel,urban-periphery,background,UTC+01,14/06/1995 00:00:01,,Landesamt für Umwelt des Landes Schleswig-Holstein,NET.DE_SH
DESH023,Lübeck-St. Jürgen,53.83549,10.69594,12.0,Germany,Lübeck,urban-centre,background,UTC+01,17/05/2001 00:00:01,,Landesamt für Umwelt des Landes Schleswig-Holstein,NET.DE_SH
DESH030,Norderstedt,53.68199,9.99726,26.0,Germany,Norderstedt,urban-centre,traffic,UTC+01,01/12/2010 00:00:01,,Landesamt für Umwelt des Landes Schleswig-Holstein,NET.DE_SH
DESH035,Brunsbüttel-Cuxhavener Straße,53.89612,9.15691,0.0,Germany,Brunsbüttel,urban-centre,background,UTC+01,08/05/2008 00:00:01,,Landesamt für Umwelt des Landes Schleswig-Holstein,NET.DE_SH
DESH052,Kiel-Theodor-Heuss-Ring,54.30424,10.12236,18.0,Germany,Kiel,urban-centre,traffic,UTC+01,01/01/2012 00:00:01,,Landesamt für Umwelt des Landes Schleswig-Holstein,NET.DE_SH
DESH055,Lübeck Fackenburger Allee,53.87453,10.66488,13.0,Germany,,urban-centre,traffic,UTC+01,01/01/2015 00:00:01,,Landesamt für Umwelt des Landes Schleswig-Holstein,NET.DE_SH
DESH056,Eggebek,54.61667,9.36367,14.0,Germany,Eggebek,rural-regional,background,UTC+01,19/01/2017 00:00:01,,Landesamt für Umwelt des Landes Schleswig-Holstein,NET.DE_SH
DESH057,Kiel-Bremerskamp,54.34761,10.1056,30.0,Germany,Kiel,urban-centre,background,UTC+01,22/06/2017 00:00:01,,Landesamt für Umwelt des Landes Schleswig-Holstein,NET.DE_SH
DESH058,Lauenburg-Murjahnstraße,53.38234,10.54052,37.0,Germany,Lauenburg,urban-centre,background,UTC+01,01/01/2018 00:00:01,,Landesamt für Umwelt des Landes Schleswig-Holstein,NET.DE_SH
DESH062,Norderstedt Bekwisch,53.67603,9.9906,23.0,Germany,,urban-centre,background,UTC+01,01/01/2026 00:00:01,,Landesamt für Umwelt des Landes Schleswig-Holstein,NET.DE_SH
DESL003,Dillingen City,49.35786,6.73354,185.0,Germany,Dillingen/ Saar,urban-centre,industrial,UTC+01,01/03/2003 00:00:01,,Landesamt für Umwelt- und Arbeitsschutz,NET.DE_SL
DESL006,Lauterbach,49.18361,6.74486,221.0,Germany,Völklingen,urban-periphery,background,UTC+01,01/01/2019 00:00:01,,Landesamt für Umwelt- und Arbeitsschutz,NET.DE_SL
DESL011,Saarbrücken-Eschberg,49.23723,7.03632,315.0,Germany,Saarbrücken,urban-centre,background,UTC+01,01/07/1983 00:00:01,,Landesamt für Umwelt- und Arbeitsschutz,NET.DE_SL
DESL012,Saarbrücken-City,49.23346,6.9876,192.0,Germany,Saarbrücken,urban-centre,background,UTC+01,01/03/2003 00:00:01,,Landesamt für Umwelt- und Arbeitsschutz,NET.DE_SL
DESL019,Biringen,49.41688,6.55204,339.0,Germany,Rehlingen-Siersburg,rural-regional,background,UTC+01,01/03/2003 00:00:01,,Landesamt für Umwelt- und Arbeitsschutz,NET.DE_SL
DESL020,Saarbrücken-Verkehr,49.23074,7.00317,192.0,Germany,Saarbrücken,urban-centre,traffic,UTC+01,01/10/2004 00:00:01,,Landesamt für Umwelt- und Arbeitsschutz,NET.DE_SL
DESL030,Ottweiler,49.3995,7.16557,260.0,Germany,Ottweiler,urban-centre,traffic,UTC+01,01/01/2018 00:00:01,,Landesamt für Umwelt- und Arbeitsschutz,NET.DE_SL
DESN001,Annaberg-Buchholz,50.57087,12.99728,545.0,Germany,Annaberg-Buchholz,urban-centre,background,UTC+01,01/09/1994 00:00:01,,"Sächsisches Landesamt für Umwelt, Landwirtschaft und Geologie",NET.DE_SN
DESN004,Bautzen,51.17567,14.44377,203.0,Germany,Bautzen,urban-centre,background,UTC+01,01/09/1994 00:00:01,,"Sächsisches Landesamt für Umwelt, Landwirtschaft und Geologie",NET.DE_SN
DESN006,Borna,51.125,12.49306,145.0,Germany,Borna,urban-centre,traffic,UTC+01,01/01/2019 00:00:01,,"Sächsisches Landesamt für Umwelt, Landwirtschaft und Geologie",NET.DE_SN
DESN017,Freiberg,50.9163,13.34683,393.0,Germany,Freiberg,urban-centre,background,UTC+01,01/01/2019 00:00:01,,"Sächsisches Landesamt für Umwelt, Landwirtschaft und Geologie",NET.DE_SN
DESN020,Görlitz,51.1558,14.97396,210.0,Germany,Görlitz,urban-centre,traffic,UTC+01,01/01/2019 00:00:01,,"Sächsisches Landesamt für Umwelt, Landwirtschaft und Geologie",NET.DE_SN
DESN024,Klingenthal,50.35478,12.46874,540.0,Germany,Klingenthal,urban-centre,background,UTC+01,23/01/2001 00:00:01,,"Sächsisches Landesamt für Umwelt, Landwirtschaft und Geologie",NET.DE_SN
DESN025,Leipzig-Mitte,51.34416,12.37716,110.0,Germany,Leipzig,urban-centre,traffic,UTC+01,01/01/2019 00:00:01,,"Sächsisches Landesamt für Umwelt, Landwirtschaft und Geologie",NET.DE_SN
DESN045,Zittau-Ost,50.89238,14.82285,230.0,Germany,Zittau,urban-periphery,background,UTC+01,01/01/2015 00:00:01,,"Sächsisches Landesamt für Umwelt, Landwirtschaft und Geologie",NET.DE_SN
DESN049,Carlsfeld,50.43132,12.61113,896.0,Germany,Eibenstock,rural-remote,background,UTC+01,01/07/1990 00:00:01,,"Sächsisches Landesamt für Umwelt, Landwirtschaft und Geologie",NET.DE_SN
DESN051,Radebeul-Wahnsdorf,51.11951,13.67501,246.0,Germany,Radebeul,unknown,background,UTC+01,01/01/2015 00:00:01,,"Sächsisches Landesamt für Umwelt, Landwirtschaft und Geologie",NET.DE_SN
DESN052,Zinnwald,50.73148,13.75145,877.0,Germany,Altenberg,rural-regional,background,UTC+01,01/01/2015 00:00:01,,"Sächsisches Landesamt für Umwelt, Landwirtschaft und Geologie",NET.DE_SN
DESN053,Fichtelberg,50.42849,12.95346,1214.0,Germany,Oberwiesenthal,rural-remote,background,UTC+01,01/01/1991 00:00:01,,"Sächsisches Landesamt für Umwelt, Landwirtschaft und Geologie",NET.DE_SN
DESN059,Leipzig-West,51.31791,12.29741,115.0,Germany,Leipzig,urban-periphery,background,UTC+01,01/01/2018 00:00:01,,"Sächsisches Landesamt für Umwelt, Landwirtschaft und Geologie",NET.DE_SN
DESN061,Dresden-Nord,51.06493,13.7414,112.0,Germany,Dresden,urban-centre,traffic,UTC+01,01/01/2019 00:00:01,,"Sächsisches Landesamt für Umwelt, Landwirtschaft und Geologie",NET.DE_SN
DESN074,Schwartenberg,50.6591,13.46508,785.0,Germany,Neuhausen/Erzgeb.,rural-regional,background,UTC+01,15/01/1999 00:00:01,,"Sächsisches Landesamt für Umwelt, Landwirtschaft und Geologie",NET.DE_SN
DESN075,Plauen-Süd,50.48614,12.13805,343.0,Germany,Plauen,urban-centre,traffic,UTC+01,06/08/1998 00:00:01,,"Sächsisches Landesamt für Umwelt, Landwirtschaft und Geologie",NET.DE_SN
DESN077,Leipzig Lützner Str.,51.33587,12.33469,113.0,Germany,Leipzig,urban-centre,traffic,UTC+01,01/01/2003 00:00:01,,"Sächsisches Landesamt für Umwelt, Landwirtschaft und Geologie",NET.DE_SN
DESN079,Niesky,51.28536,14.74973,148.0,Germany,Quitzdorf am See,rural-regional,background,UTC+01,21/12/2009 00:00:01,,"Sächsisches Landesamt für Umwelt, Landwirtschaft und Geologie",NET.DE_SN
DESN080,Schkeuditz,51.39609,12.23405,122.0,Germany,Schkeuditz,unknown,background,UTC+01,06/06/2003 00:00:01,,"Sächsisches Landesamt für Umwelt, Landwirtschaft und Geologie",NET.DE_SN
DESN083,Chemnitz-Leipziger Str.,50.84574,12.90337,327.0,Germany,Chemnitz,urban-centre,traffic,UTC+01,01/01/2005 00:00:01,,"Sächsisches Landesamt für Umwelt, Landwirtschaft und Geologie",NET.DE_SN
DESN084,Dresden-Bergstr.,51.02629,13.73161,150.0,Germany,Dresden,urban-centre,traffic,UTC+01,01/01/2005 00:00:01,,"Sächsisches Landesamt für Umwelt, Landwirtschaft und Geologie",NET.DE_SN
DESN091,Zwickau-Werdauer Str.,50.72041,12.48662,267.0,Germany,Zwickau,urban-centre,traffic,UTC+01,01/01/2019 00:00:01,,"Sächsisches Landesamt für Umwelt, Landwirtschaft und Geologie",NET.DE_SN
DESN092,Dresden-Winckelmannstr.,51.03611,13.73021,112.0,Germany,Dresden,urban-centre,background,UTC+01,01/01/2018 00:00:01,,"Sächsisches Landesamt für Umwelt, Landwirtschaft und Geologie",NET.DE_SN
DESN093,Brockau,50.60814,12.21111,430.0,Germany,Netzschkau,rural-regional,background,UTC+01,01/01/2021 00:00:01,,"Sächsisches Landesamt für Umwelt, Landwirtschaft und Geologie",NET.DE_SN
DESN104,Chemnitz Hans-Link-Straße,50.85519,12.95937,318.0,Germany,Chemnitz,urban-centre,background,UTC+01,01/01/2017 00:00:01,,"Sächsisches Landesamt für Umwelt, Landwirtschaft und Geologie",NET.DE_SN
DESN130,Liebschützberg,51.35258,13.1322,198.0,Germany,Wermsdorf,rural-remote,background,UTC+01,17/08/2021 00:00:01,,"Sächsisches Landesamt für Umwelt, Landwirtschaft und Geologie",NET.DE_SN
DEST002,Burg,52.26835,11.86476,47.0,Germany,Burg,urban-periphery,background,UTC+01,01/01/2007 00:00:01,,Landesamt für Umweltschutz Sachsen-Anhalt,NET.DE_ST
DEST006,Magdeburg/Zentrum-Ost,52.1336,11.64667,50.0,Germany,Magdeburg,urban-centre,background,UTC+01,01/01/2007 00:00:01,,Landesamt für Umweltschutz Sachsen-Anhalt,NET.DE_ST
DEST011,Wernigerode/Bahnhof,51.83938,10.79014,235.0,Germany,Wernigerode,urban-centre,background,UTC+01,01/01/2007 00:00:01,,Landesamt für Umweltschutz Sachsen-Anhalt,NET.DE_ST
DEST015,Bitterfeld/Wolfen,51.65117,12.30287,75.0,Germany,Bitterfeld-Wolfen,urban-periphery,industrial,UTC+01,01/01/2007 00:00:01,,Landesamt für Umweltschutz Sachsen-Anhalt,NET.DE_ST
DEST028,Zeitz,51.05456,12.14132,156.0,Germany,Zeitz,urban-centre,background,UTC+01,01/01/2007 00:00:01,,Landesamt für Umweltschutz Sachsen-Anhalt,NET.DE_ST
DEST029,Bernburg,51.80353,11.73896,60.0,Germany,Bernburg (Saale),urban-periphery,background,UTC+01,01/01/2007 00:00:01,,Landesamt für Umweltschutz Sachsen-Anhalt,NET.DE_ST
DEST044,Halberstadt,51.89698,11.05744,120.0,Germany,Halberstadt,urban-centre,background,UTC+01,01/01/2007 00:00:01,,Landesamt für Umweltschutz Sachsen-Anhalt,NET.DE_ST
DEST050,Halle/Nord,51.49619,11.97906,116.0,Germany,Halle (Saale),urban-centre,background,UTC+01,15/04/1993 00:00:01,,Landesamt für Umweltschutz Sachsen-Anhalt,NET.DE_ST
DEST066,Wittenberg/Bahnstrasse,51.87085,12.66366,71.0,Germany,Wittenberg,urban-centre,background,UTC+01,01/01/2007 00:00:01,,Landesamt für Umweltschutz Sachsen-Anhalt,NET.DE_ST
DEST072,Halle/Ost,51.48529,12.00446,100.0,Germany,Halle (Saale),urban-periphery,background,UTC+01,01/01/2007 00:00:01,,Landesamt für Umweltschutz Sachsen-Anhalt,NET.DE_ST
DEST077,Magdeburg/West,52.1279,11.61146,58.0,Germany,Magdeburg,urban-centre,background,UTC+01,30/09/1994 00:00:01,,Landesamt für Umweltschutz Sachsen-Anhalt,NET.DE_ST
DEST089,Zartau/Waldstation,52.59314,11.17233,95.0,Germany,Klötze,rural-regional,background,UTC+01,01/01/2007 00:00:01,,Landesamt für Umweltschutz Sachsen-Anhalt,NET.DE_ST
DEST090,Leuna,51.32136,12.03214,96.0,Germany,Leuna,urban-periphery,industrial,UTC+01,01/01/2007 00:00:01,,Landesamt für Umweltschutz Sachsen-Anhalt,NET.DE_ST
DEST092,Wittenberg/Dessauer Strasse,51.86747,12.59827,73.0,Germany,Wittenberg,urban-centre,traffic,UTC+01,01/11/1996 00:00:01,,Landesamt für Umweltschutz Sachsen-Anhalt,NET.DE_ST
DEST095,Aschersleben,51.75952,11.44947,118.0,Germany,Aschersleben,urban-centre,traffic,UTC+01,02/11/2000 00:00:01,,Landesamt für Umweltschutz Sachsen-Anhalt,NET.DE_ST
DEST098,Unterharz / Friedrichsbrunn,51.66243,11.04339,419.0,Germany,Harzgerode,rural-regional,background,UTC+01,01/01/2007 00:00:01,,Landesamt für Umweltschutz Sachsen-Anhalt,NET.DE_ST
DEST101,Halberstadt/Friedenstrasse,51.88954,11.05595,116.0,Germany,Halberstadt,urban-centre,traffic,UTC+01,01/01/2009 00:00:01,,Landesamt für Umweltschutz Sachsen-Anhalt,NET.DE_ST
DEST102,Halle/Paracelsusstr.,51.49476,11.98131,118.0,Germany,Halle (Saale),urban-centre,traffic,UTC+01,22/07/2009 00:00:01,,Landesamt für Umweltschutz Sachsen-Anhalt,NET.DE_ST
DEST103,Magdeburg Schleinufer,52.12076,11.63267,53.0,Germany,Magdeburg,urban-centre,traffic,UTC+01,01/01/2015 00:00:01,,Landesamt für Umweltschutz Sachsen-Anhalt,NET.DE_ST
DEST104,Domäne Bobbe,51.83731,11.89141,72.0,Germany,Osternienburger Land,rural,background,UTC+01,17/12/2009 00:00:01,,Landesamt für Umweltschutz Sachsen-Anhalt,NET.DE_ST
DEST105,Stendal Stadtsee,52.60206,11.85027,35.0,Germany,Stendal,urban-centre,background,UTC+01,01/01/2011 00:00:01,,Landesamt für Umweltschutz Sachsen-Anhalt,NET.DE_ST
DEST106,Goldene Aue (Roßla),51.45607,11.09108,143.0,Germany,Südharz,rural,background,UTC+01,14/02/2011 00:00:01,,Landesamt für Umweltschutz Sachsen-Anhalt,NET.DE_ST
DEST108,Weißenfels/Am Krug,51.19725,11.96096,116.0,Germany,Weißenfels,urban-centre,traffic,UTC+01,06/02/2012 00:00:01,,Landesamt für Umweltschutz Sachsen-Anhalt,NET.DE_ST
DEST112,Magdeburg/Guericke-Stra.,52.13174,11.63192,56.0,Germany,Magdeburg,urban-centre,traffic,UTC+01,01/01/2016 00:00:01,,Landesamt für Umweltschutz Sachsen-Anhalt,NET.DE_ST
DEST133,Halle/Riebeckplatz,51.47578,11.98385,111.0,Germany,Halle (Saale),urban-centre,traffic,UTC+01,01/01/2020 00:00:01,,Landesamt für Umweltschutz Sachsen-Anhalt,NET.DE_ST
DEST134,Dessau/Roßlau,51.88576,12.23869,71.0,Germany,Dessau-Roßlau,urban-centre,traffic,UTC+01,01/01/2021 00:00:01,,Landesamt für Umweltschutz Sachsen-Anhalt,NET.DE_ST
DEST135,Altbrandsleben,52.07703,11.24857,196.0,Germany,Altbrandsleben,rural,background,UTC+01,01/01/2020 00:00:01,,Landesamt für Umweltschutz Sachsen-Anhalt,NET.DE_ST
DEST136,"Osterburg, Stadtrandsiedlung",52.77335,11.73725,30.0,Germany,Osterburg,rural,background,UTC+01,01/01/2020 00:00:01,,Landesamt für Umweltschutz Sachsen-Anhalt,NET.DE_ST
DEST137,Meuro,51.72805,12.69365,125.0,Germany,Meuro,rural,background,UTC+01,01/01/2020 00:00:01,,Landesamt für Umweltschutz Sachsen-Anhalt,NET.DE_ST
DEST138,Oechlitz,52.07703,11.24857,196.0,Germany,Oechlitz,rural,background,UTC+01,01/01/2020 00:00:01,,Landesamt für Umweltschutz Sachsen-Anhalt,NET.DE_ST
DEST139,"LAU Halle, Landesamt für Umweltschutz",51.48521,12.00462,104.0,Germany,Halle (Saale),urban-centre,background,UTC+01,01/01/2020 00:00:01,,Landesamt für Umweltschutz Sachsen-Anhalt,NET.DE_ST
DEST140,Trinum,51.77345,11.90821,78.0,Germany,Trinum,rural,background,UTC+01,01/01/2020 00:00:01,,Landesamt für Umweltschutz Sachsen-Anhalt,NET.DE_ST
DEST141,Friedrichsschwerz,51.55533,11.85577,127.0,Germany,Friedrichsschwerz,rural-remote,background,UTC+01,01/09/2020 00:00:01,,Landesamt für Umweltschutz Sachsen-Anhalt,NET.DE_ST
DEST144,Magdeburg City-Tunnel,52.13124,11.63064,49.0,Germany,Magdeburg,urban-centre,traffic,UTC+01,01/01/2024 00:00:01,,Landesamt für Umweltschutz Sachsen-Anhalt,NET.DE_ST
DETH009,Gera Friedericistr.,50.87792,12.0749,190.0,Germany,Gera,urban-centre,background,UTC+01,01/04/1991 00:00:01,,"Thüringer Landesamt für Umwelt, Bergbau und Naturschutz",NET.DE_TH
DETH011,Altenburg Theaterplatz,50.98776,12.43762,185.0,Germany,Altenburg,urban-centre,background,UTC+01,28/07/1993 00:00:01,,"Thüringer Landesamt für Umwelt, Bergbau und Naturschutz",NET.DE_TH
DETH013,Eisenach Werneburgstr.,50.97829,10.31724,210.0,Germany,Eisenach,urban-centre,background,UTC+01,23/04/1996 00:00:01,,"Thüringer Landesamt für Umwelt, Bergbau und Naturschutz",NET.DE_TH
DETH018,Nordhausen,51.49719,10.7914,185.0,Germany,Nordhausen,urban-centre,background,UTC+01,08/04/1993 00:00:01,,"Thüringer Landesamt für Umwelt, Bergbau und Naturschutz",NET.DE_TH
DETH026,Dreißigacker,50.56175,10.3753,450.0,Germany,Meiningen,rural-regional,background,UTC+01,25/03/1999 00:00:01,,"Thüringer Landesamt für Umwelt, Bergbau und Naturschutz",NET.DE_TH
DETH027,Neuhaus,50.49995,11.13459,840.0,Germany,Neuhaus am Rennweg,rural-remote,background,UTC+01,25/11/1999 00:00:01,,"Thüringer Landesamt für Umwelt, Bergbau und Naturschutz",NET.DE_TH
DETH036,Greiz Mollbergstr.,50.65586,12.2052,265.0,Germany,Greiz,urban-centre,background,UTC+01,03/03/1993 00:00:01,,"Thüringer Landesamt für Umwelt, Bergbau und Naturschutz",NET.DE_TH
DETH041,Jena Dammstr.,50.93351,11.59706,140.0,Germany,Jena,urban-centre,background,UTC+01,21/03/1996 00:00:01,,"Thüringer Landesamt für Umwelt, Bergbau und Naturschutz",NET.DE_TH
DETH042,Possen,51.33333,10.86719,420.0,Germany,Sondershausen,rural-remote,background,UTC+01,12/01/1996 00:00:01,,"Thüringer Landesamt für Umwelt, Bergbau und Naturschutz",NET.DE_TH
DETH061,Hummelshain,50.79162,11.66123,357.0,Germany,Trockenborn-Wolfersdorf,rural-remote,background,UTC+01,07/10/1999 00:00:01,,"Thüringer Landesamt für Umwelt, Bergbau und Naturschutz",NET.DE_TH
DETH075,Jena Westbahnhofstr.,50.92478,11.57865,176.0,Germany,Jena,urban-centre,traffic,UTC+01,01/01/2010 00:00:01,,"Thüringer Landesamt für Umwelt, Bergbau und Naturschutz",NET.DE_TH
DETH083,Weimar Steubenstr.,50.97746,11.32607,220.0,Germany,Weimar,urban-centre,traffic,UTC+01,19/12/2013 00:00:01,,"Thüringer Landesamt für Umwelt, Bergbau und Naturschutz",NET.DE_TH
DETH091,Mühlhausen Wanfrieder Str,51.20523,10.44843,220.0,Germany,Mühlhausen/Thüringen,urban-centre,traffic,UTC+01,19/01/2011 00:00:01,,"Thüringer Landesamt für Umwelt, Bergbau und Naturschutz",NET.DE_TH
DETH093,Weimar Schwanseestr.,50.98219,11.32102,224.0,Germany,Weimar,urban-centre,background,UTC+01,08/01/2009 00:00:01,,"Thüringer Landesamt für Umwelt, Bergbau und Naturschutz",NET.DE_TH
DETH095,Mühlhausen Bastmarkt,51.20794,10.451,215.0,Germany,Mühlhausen/Thüringen,urban-centre,background,UTC+01,30/04/2009 00:00:01,,"Thüringer Landesamt für Umwelt, Bergbau und Naturschutz",NET.DE_TH
DETH097,Gera Str.des Friedens,50.87035,12.0712,190.0,Germany,Gera,urban-centre,traffic,UTC+01,01/01/2023 00:00:01,,"Thüringer Landesamt für Umwelt, Bergbau und Naturschutz",NET.DE_TH
DETH098,Gera Theaterstr. PS,50.88386,12.07495,190.0,Germany,Gera,urban-centre,traffic,UTC+01,01/01/2010 00:00:01,,"Thüringer Landesamt für Umwelt, Bergbau und Naturschutz",NET.DE_TH
DETH100,Mühlhausen Petristeinweg,51.21016,10.44963,205.0,Germany,Mühlhausen/Thüringen,urban-centre,traffic,UTC+01,01/01/2023 00:00:01,,"Thüringer Landesamt für Umwelt, Bergbau und Naturschutz",NET.DE_TH
DETH101,Weimar Jenaer Str.,50.97976,11.3417,230.0,Germany,Weimar,urban-centre,traffic,UTC+01,01/01/2010 00:00:01,,"Thüringer Landesamt für Umwelt, Bergbau und Naturschutz",NET.DE_TH
DETH117,Erfurt Bautzener Weg,50.99313,11.05658,196.0,Germany,Erfurt,urban-periphery,background,UTC+01,01/01/2017 00:00:01,,"Thüringer Landesamt für Umwelt, Bergbau und Naturschutz",NET.DE_TH
DETH128,Saalfeld Friedens,50.65014,11.35599,240.0,Germany,Saalefeld/Saale,urban-centre,traffic,UTC+01,01/01/2019 00:00:01,,"Thüringer Landesamt für Umwelt, Bergbau und Naturschutz",NET.DE_TH
DEUB001,Westerland,54.92313,8.30802,12.0,Germany,Sylt,rural,background,UTC+01,01/01/1998 00:00:01,,Umweltbundesamt Luftmessnetz,NET.DE_UB
DEUB004,Schauinsland,47.91287,7.90398,1205.0,Germany,Oberried,rural-regional,background,UTC+01,01/07/2004 00:00:01,,Umweltbundesamt Luftmessnetz,NET.DE_UB
DEUB005,Waldhof,52.80088,10.75613,74.0,Germany,Lüder,rural,background,UTC+01,01/01/1998 00:00:01,,Umweltbundesamt Luftmessnetz,NET.DE_UB
DEUB028,Zingst,54.43684,12.72496,1.0,Germany,Zingst,rural,background,UTC+01,01/01/2000 00:00:01,,Umweltbundesamt Luftmessnetz,NET.DE_UB
DEUB029,Schmücke,50.65455,10.76939,937.0,Germany,Suhl,rural,background,UTC+01,01/01/1998 00:00:01,,Umweltbundesamt Luftmessnetz,NET.DE_UB
DEUB030,Neuglobsow,53.14234,13.03228,65.0,Germany,Stechlin,rural-regional,background,UTC+01,01/01/2005 00:00:01,,Umweltbundesamt Luftmessnetz,NET.DE_UB
DEUB044,Zugspitze Schneefernerhaus,47.41444,10.98066,2650.0,Germany,Garmisch-Partenkirchen,rural-remote,background,UTC+01,01/03/2001 00:00:01,,Umweltbundesamt Luftmessnetz,NET.DE_UB
DK0012R,"""Risoe""",55.6942,12.0889,3.0,Denmark,Roskilde,rural-regional,background,UTC+01,01/01/2014 00:00:00,,"""Danish Air Quality Monitoring Programme""",NET-DK004A
DK0034A,"""Copenhagen/1103""",55.6743,12.5711,5.0,Denmark,Copenhagen,urban-centre,traffic,UTC+01,01/01/1987 00:00:00,,"""Danish Air Quality Monitoring Programme""",NET-DK004A
DK0045A,"""Copenhagen/1259""",55.70028,12.5614,25.0,Denmark,Copenhagen,urban-centre,background,UTC+01,01/01/2006 00:00:00,,"""Danish Air Quality Monitoring Programme""",NET-DK004A
DK0056A,"""Århus/6160""",56.15976,10.19364,21.0,Denmark,Aarhus,urban-centre,background,UTC+01,01/01/2014 00:00:00,,"""Danish Air Quality Monitoring Programme""",NET-DK004A
DK0058A,"""Odense/9155""",55.398,10.3669,10.0,Denmark,Odense,urban-centre,traffic,UTC+01,16/06/2016 00:00:00,,"""Danish Air Quality Monitoring Programme""",NET-DK004A
DK0059A,"""Aalborg/8152""",57.04528,9.915,5.0,Denmark,Aalborg,urban-centre,traffic,UTC+01,01/12/2019 00:00:00,,"""Danish Air Quality Monitoring Programme""",NET-DK004A
DK0060A,"""Hvidover II""",55.6375,12.4617,5.0,Denmark,Hvidovre,urban-periphery,background,UTC+01,01/01/2022 00:00:00,,"""Danish Air Quality Monitoring Programme""",NET-DK004A
DK0061A,"""Keldsnor/9054""",54.74986,10.73299,5.0,Denmark,Langeland,rural-regional,background,UTC+01,01/01/2024 00:00:00,,"""Danish Air Quality Monitoring Programme""",NET-DK004A
EE0009R,"""Lahemaa""",59.49445,25.93057,32.0,Estonia,Vihula,rural,background,UTC+02,01/01/2001 00:00:00,,"""Estonian Air Quality Monitoring Network""",NET-EE004A
EE0011R,"""Vilsandi""",58.37611,21.84501,6.0,Estonia,Kihelkonna,rural,background,UTC+02,01/01/1997 00:00:00,,"""Estonian Air Quality Monitoring Network""",NET-EE004A
EE0015A,"""Rahu""",59.45694,24.69862,9.0,Estonia,Tallinn,urban-centre,industrial,UTC+02,01/01/1997 00:00:00,,"""Estonian Air Quality Monitoring Network""",NET-EE004A
EE0016A,"""Saarejärve""",58.70278,26.7589,50.0,Estonia,Saare,rural,background,UTC+02,01/01/1998 00:00:00,,"""Estonian Air Quality Monitoring Network""",NET-EE004A
EE0018A,"""Õismäe""",59.41417,24.64946,6.0,Estonia,Tallinn,urban-centre,background,UTC+02,01/03/2001 00:00:00,,"""Estonian Air Quality Monitoring Network""",NET-EE004A
EE0019A,"""Kohtla-Järve""",59.40973,27.27862,60.0,Estonia,Kohtla-Järve,urban-centre,industrial,UTC+02,01/05/2002 00:00:00,,"""Estonian Air Quality Monitoring Network""",NET-EE004A
EE0020A,"""Liivalaia""",59.43111,24.76056,5.0,Estonia,Tallinn,urban-centre,traffic,UTC+02,02/08/2005 00:00:00,,"""Estonian Air Quality Monitoring Network""",NET-EE004A
EE0021A,"""Tartu""",58.37056,26.73472,41.0,Estonia,Nõo,urban-centre,background,UTC+02,14/07/2008 00:00:00,,"""Estonian Air Quality Monitoring Network""",NET-EE004A
EE0022A,"""Narva""",59.37616,28.17917,25.0,Estonia,Narva,urban-centre,background,UTC+02,30/12/2008 00:00:00,,"""Estonian Air Quality Monitoring Network""",NET-EE004A
ES0001R,SAN PABLO DE LOS MONTES,39.54633,-4.35042,923.0,Spain,SAN PABLO DE LOS MONTES,rural,background,UTC,01/11/1987 00:00:00,,EMEP/VAG/CAMP,NET_ES058A
ES0005R,NOIA,42.72081,-8.92347,686.0,Spain,NOIA,rural,background,UTC,01/01/1992 00:00:00,,EMEP/VAG/CAMP,NET_ES058A
ES0006R,MAHÓN,39.87611,4.32389,78.0,Spain,MAHÓN,rural,background,UTC,01/01/2008 00:00:00,,EMEP/VAG/CAMP,NET_ES058A
ES0007R,VÍZNAR,37.23694,-3.55056,1258.0,Spain,VÍZNAR,rural,background,UTC,01/11/1995 00:00:00,,EMEP/VAG/CAMP,NET_ES058A
ES0008R,NIEMBRO,43.43917,-4.84972,132.0,Spain,LLANES,rural,background,UTC,01/09/1998 00:00:00,,EMEP/VAG/CAMP,NET_ES058A
ES0009R,CAMPISÁBALOS,41.27417,-3.1425,1368.0,Spain,CAMPISÁBALOS,rural,background,UTC,01/01/1998 00:00:00,,EMEP/VAG/CAMP,NET_ES058A
ES0010R,CABO DE CREUS,42.31917,3.31556,75.0,Spain,CADAQUÉS,rural,background,UTC,09/07/1997 00:00:00,,EMEP/VAG/CAMP,NET_ES058A
ES0011R,BARCARROTA,38.47278,-6.92333,377.0,Spain,BARCARROTA,rural,background,UTC,03/03/1999 00:00:00,,EMEP/VAG/CAMP,NET_ES058A
ES0012R,ZARRA,39.08278,-1.10083,855.0,Spain,ZARRA,rural,background,UTC,11/06/1997 00:00:00,,EMEP/VAG/CAMP,NET_ES058A
ES0013R,PEÑAUSENDE,41.23889,-5.89742,1003.0,Spain,PEÑAUSENDE,rural,background,UTC,01/08/2000 00:00:00,,EMEP/VAG/CAMP,NET_ES058A
ES0014R,ELS TORMS,41.39333,0.73417,488.0,Spain,TORMS (ELS),rural,background,UTC,01/11/2000 00:00:00,,EMEP/VAG/CAMP,NET_ES058A
ES0016R,O SAVIÑAO,42.63472,-7.70458,560.0,Spain,SAVIÑAO (O),rural,background,UTC,28/02/2001 00:00:00,,EMEP/VAG/CAMP,NET_ES058A
ES0017R,DOÑANA,37.05194,-6.555,35.0,Spain,ALMONTE,rural,background,UTC,01/01/2008 00:00:00,,EMEP/VAG/CAMP,NET_ES058A
ES0041A,DIRECCIÓN DE SALUD,43.25883,-2.94565,32.0,Spain,BILBAO,urban-centre,traffic,UTC,01/01/2017 00:00:00,,CCAA País Vasco,NET_ES216A
ES0094A,FRAGA REDONDA (F-2),43.4054,-7.9886,478.0,Spain,PONTES DE GARCÍA RODRÍGUEZ (AS),rural,industrial,UTC,01/01/1980 00:00:00,,CCAA Galicia,NET_ES212A
ES0110A,ERANDIO,43.30268,-2.97724,4.0,Spain,ERANDIO,urban-centre,traffic,UTC,01/04/1992 00:00:00,,CCAA País Vasco,NET_ES216A
ES0118A,ESCUELAS AGUIRRE,40.42167,-3.68222,672.0,Spain,MADRID,urban-centre,traffic,UTC,01/01/1978 00:00:00,,Ayto Madrid,NET_ES131A
ES0120A,RAMÓN Y CAJAL,40.45167,-3.67722,708.0,Spain,MADRID,urban-centre,traffic,UTC,19/08/1991 00:00:00,,Ayto Madrid,NET_ES131A
ES0124A,ARTURO SORIA,40.44,-3.63917,698.0,Spain,MADRID,urban-centre,background,UTC,09/08/1991 00:00:00,,Ayto Madrid,NET_ES131A
ES0201A,MAGDALENA (B-1),43.4539,-7.8478,362.0,Spain,PONTES DE GARCÍA RODRÍGUEZ (AS),urban-periphery,industrial,UTC,01/01/1980 00:00:00,,CCAA Galicia,NET_ES212A
ES0296A,SA POBLA,39.74847,3.016,7.0,Spain,POBLA (SA),rural,background,UTC,02/01/1980 00:00:00,,CCAA Islas Baleares,NET_ES204A
ES0316A,MONAGREGA,40.94667,-0.29083,570.0,Spain,CALANDA,rural,background,UTC,01/01/1985 00:00:00,,CCAA Aragón,NET_ES202A
ES0324A,ESTANCA,41.05306,-0.17806,395.0,Spain,ALCAÑIZ,rural,industrial,UTC,01/01/1985 00:00:00,,CCAA Aragón,NET_ES202A
ES0333A,ESCUELAS PÚBLICAS,43.30833,-2.97361,2.0,Spain,ERANDIO,urban-centre,industrial,UTC,01/01/1999 00:00:00,,CCAA País Vasco,NET_ES216A
ES0339A,XOVE,43.68627,-7.50778,60.0,Spain,XOVE,urban-periphery,industrial,UTC,01/01/1994 00:00:00,,CCAA Galicia,NET_ES212A
ES0343A,RIO COBO,43.6844,-7.4319,100.0,Spain,CERVO,urban-periphery,industrial,UTC,01/11/1996 00:00:00,,CCAA Galicia,NET_ES212A
ES0556A,CAMPAMENTO,36.17943,-5.37697,9.0,Spain,SAN ROQUE,urban-periphery,industrial,UTC,01/01/1984 00:00:00,,CCAA Andalucía,NET_ES201A
ES0557A,ECONOMATO,36.1862,-5.3808,15.0,Spain,SAN ROQUE,rural,industrial,UTC,01/01/1984 00:00:00,,CCAA Andalucía,NET_ES201A
ES0559A,BARCELONA (PL. DE LA UNIVERSITAT),41.3874,2.1649,24.0,Spain,BARCELONA,urban-centre,traffic,UTC,01/07/2002 00:00:00,,CCAA Cataluña,NET_ES209A
ES0567A,BARCELONA (ZONA UNIVERSITÀRIA),41.3849,2.1196,24.0,Spain,BARCELONA,urban-centre,background,UTC,01/07/2002 00:00:00,,CCAA Cataluña,NET_ES209A
ES0584A,MONTCADA I REIXAC (PL. DE LLUÍS COMPANYS),41.4821,2.1885,34.0,Spain,MONTCADA I REIXAC,urban-periphery,traffic,UTC,18/01/1984 00:00:00,,CCAA Cataluña,NET_ES209A
ES0587A,MUSKIZ,43.32074,-3.11272,30.0,Spain,MUSKIZ,urban-periphery,industrial,UTC,16/03/1984 00:00:00,,CCAA País Vasco,NET_ES216A
ES0588A,ABANTO,43.32052,-3.07414,136.0,Spain,ABANTO Y CIÉRVANA/ABANTO ZIERBENA,urban-periphery,industrial,UTC,28/03/1984 00:00:00,,CCAA País Vasco,NET_ES216A
ES0624A,RODALQUILAR,36.84745,-2.03819,50.0,Spain,NÍJAR,urban-periphery,industrial,UTC,31/12/2005 00:00:00,,CCAA Andalucía,NET_ES201A
ES0629A,COLEGIO (S1),36.18562,-5.48893,30.0,Spain,BARRIOS (LOS),urban-centre,industrial,UTC,01/01/1985 00:00:00,,CCAA Andalucía,NET_ES201A
ES0633A,PALMONES (S5),36.1747,-5.43277,1.0,Spain,BARRIOS (LOS),urban-centre,industrial,UTC,01/01/1985 00:00:00,,CCAA Andalucía,NET_ES201A
ES0634A,SAN ROQUE (S6),36.21204,-5.43027,32.0,Spain,SAN ROQUE,urban-periphery,industrial,UTC,01/01/1985 00:00:00,,CCAA Andalucía,NET_ES201A
ES0651A,ALUMBRES,37.60203,-0.91436,60.0,Spain,CARTAGENA,urban-periphery,industrial,UTC,01/03/1985 00:00:00,,CCAA Murcia,NET_ES214A
ES0691A,BARCELONA (EL POBLENOU),41.4039,2.2045,3.0,Spain,BARCELONA,urban-centre,background,UTC,01/09/2023 00:00:00,,CCAA Cataluña,NET_ES209A
ES0692A,L'HOSPITALET DE LLOBREGAT (AV. DEL TORRENT GORNAL),41.3705,2.115,29.0,Spain,HOSPITALET DE LLOBREGAT (L'),urban-centre,background,UTC,01/01/2016 00:00:00,,CCAA Cataluña,NET_ES209A
ES0694A,SANT VICENÇ DELS HORTS (RIBOT - SANT MIQUEL),41.3922,2.0098,38.0,Spain,SANT VICENÇ DELS HORTS,urban-periphery,background,UTC,01/12/1985 00:00:00,,CCAA Cataluña,NET_ES209A
ES0712A,LOS BARRIOS,36.17538,-5.48083,45.0,Spain,BARRIOS (LOS),urban-periphery,industrial,UTC,01/01/1989 00:00:00,,CCAA Andalucía,NET_ES201A
ES0777A,PRESA DE VILLAGUDÍN,43.0935,-8.4964,270.0,Spain,ORDES,rural,industrial,UTC,01/09/1986 00:00:00,,CCAA Galicia,NET_ES212A
ES0785A,ROMERALEJO,37.26725,-6.91905,31.0,Spain,HUELVA,urban-periphery,industrial,UTC,01/01/1987 00:00:00,,CCAA Andalucía,NET_ES201A
ES0787A,TORREARENILLA,37.19033,-6.90453,13.0,Spain,PALOS DE LA FRONTERA,urban-periphery,industrial,UTC,01/01/1987 00:00:00,,CCAA Andalucía,NET_ES201A
ES0805A,BASAURI,43.2411,-2.8837,125.0,Spain,BASAURI,urban-centre,industrial,UTC,01/05/1989 00:00:00,,CCAA País Vasco,NET_ES216A
ES0817A,LA RANILLA,37.38425,-5.95962,29.0,Spain,SEVILLA,urban-centre,traffic,UTC,01/01/1988 00:00:00,,CCAA Andalucía,NET_ES201A
ES0822A,LA ORDEN,37.27964,-6.93807,66.0,Spain,HUELVA,urban-centre,industrial,UTC,01/01/1988 00:00:00,,CCAA Andalucía,NET_ES201A
ES0823A,PUNTA UMBRÍA,37.18568,-6.96414,1.0,Spain,PUNTA UMBRÍA,urban-centre,industrial,UTC,01/01/1988 00:00:00,,CCAA Andalucía,NET_ES201A
ES0824A,MERIÑÁN,43.3069,-5.7057,218.0,Spain,LANGREO,urban-periphery,industrial,UTC,01/01/1988 00:00:00,,CCAA Asturias,NET_ES203A
ES0825A,LA FELGUERA,43.3067,-5.6897,206.0,Spain,LANGREO,urban-centre,industrial,UTC,01/01/1988 00:00:00,,CCAA Asturias,NET_ES203A
ES0827A,SAN JUÁN DEL PUERTO,37.3154,-6.84463,23.0,Spain,SAN JUAN DEL PUERTO,urban-centre,industrial,UTC,03/03/1993 00:00:00,,CCAA Andalucía,NET_ES201A
ES0873A,JINÁMAR III FASE,28.03512,-15.41631,53.0,Spain,PALMAS DE GRAN CANARIA (LAS),urban-centre,industrial,UTC,22/02/1988 00:00:00,,CCAA Islas Canarias,NET_ES205A
ES0879A,LLARANES,43.5503,-5.8989,8.0,Spain,AVILÉS,urban-periphery,industrial,UTC,01/09/1988 00:00:00,,CCAA Asturias,NET_ES203A
ES0880A,LLANOPONTE,43.5512,-5.9197,6.0,Spain,AVILÉS,urban-centre,traffic,UTC,01/09/1988 00:00:00,,CCAA Asturias,NET_ES203A
ES0886A,PEDRO LEZCANO,28.02985,-15.41609,90.0,Spain,TELDE,urban-centre,industrial,UTC,15/01/1988 00:00:00,,CCAA Islas Canarias,NET_ES205A
ES0890A,TORNEO,37.39452,-6.0031,17.0,Spain,SEVILLA,urban-centre,traffic,UTC,01/01/1989 00:00:00,,CCAA Andalucía,NET_ES201A
ES0892A,LA RÁBIDA,37.19977,-6.92027,8.0,Spain,PALOS DE LA FRONTERA,urban-periphery,industrial,UTC,01/01/1989 00:00:00,,CCAA Andalucía,NET_ES201A
ES0893A,GUADARRANQUE,36.1821,-5.41141,2.0,Spain,SAN ROQUE,urban-centre,industrial,UTC,01/01/1989 00:00:00,,CCAA Andalucía,NET_ES201A
ES0894A,MADREVIEJA,36.20442,-5.40471,23.0,Spain,SAN ROQUE,rural,industrial,UTC,01/01/1989 00:00:00,,CCAA Andalucía,NET_ES201A
ES0961A,CAMPELO,42.4275,-8.6769,20.0,Spain,POIO,rural,industrial,UTC,01/01/1990 00:00:00,,CCAA Galicia,NET_ES212A
ES0963A,CASTELLBISBAL (CEIP MARE DE DÉU DE MONTSERRAT),41.4734,1.982,130.0,Spain,CASTELLBISBAL,urban-periphery,background,UTC,01/01/2000 00:00:00,,CCAA Cataluña,NET_ES209A
ES1018A,TERRASSA (PARE ALEGRE),41.5561,2.0074,261.0,Spain,TERRASSA,urban-centre,traffic,UTC,01/09/1990 00:00:00,,CCAA Cataluña,NET_ES209A
ES1035A,CERCEDA,43.1866,-8.4716,340.0,Spain,CERCEDA,urban-periphery,industrial,UTC,01/11/1990 00:00:00,,CCAA Galicia,NET_ES212A
ES1037A,BARREDA,43.3675,-4.04278,18.0,Spain,TORRELAVEGA,urban-centre,traffic,UTC,01/12/1990 00:00:00,,CCAA Cantabria,NET_ES206A
ES1038A,ZAPATÓN,43.34639,-4.06417,20.0,Spain,TORRELAVEGA,urban-centre,background,UTC,01/12/1990 00:00:00,,CCAA Cantabria,NET_ES206A
ES1039A,ESCUELA DE MINAS,43.35583,-4.06361,20.0,Spain,TORRELAVEGA,urban-centre,background,UTC,01/12/1990 00:00:00,,CCAA Cantabria,NET_ES206A
ES1047A,ROGER DE FLOR,41.6514,-0.9161,212.0,Spain,ZARAGOZA,urban-centre,traffic,UTC,01/01/1991 00:00:00,,Ayto Zaragoza,NET_ES021A
ES1067A,PALOS,37.21925,-6.88858,28.0,Spain,PALOS DE LA FRONTERA,urban-periphery,industrial,UTC,01/01/1991 00:00:00,,CCAA Andalucía,NET_ES201A
ES1072A,LA LÍNEA,36.15937,-5.34836,1.0,Spain,LÍNEA DE LA CONCEPCIÓN (LA),urban-centre,industrial,UTC,01/01/1991 00:00:00,,CCAA Andalucía,NET_ES201A
ES1074A,HOSTELERÍA,36.20388,-5.38371,51.0,Spain,SAN ROQUE,urban-periphery,traffic,UTC,01/01/1991 00:00:00,,CCAA Andalucía,NET_ES201A
ES1076A,CORTIJILLOS,36.19048,-5.43576,26.0,Spain,BARRIOS (LOS),urban-periphery,industrial,UTC,01/01/1991 00:00:00,,CCAA Andalucía,NET_ES201A
ES1090A,JAIME FERRÁN,41.67417,-0.86417,196.0,Spain,ZARAGOZA,urban-periphery,industrial,UTC,01/01/1991 00:00:00,,Ayto Zaragoza,NET_ES021A
ES1093A,S'ALBUFERA,39.79117,3.07525,6.0,Spain,ALCÚDIA,rural,background,UTC,01/07/1992 00:00:00,,CCAA Islas Baleares,NET_ES204A
ES1095A,POUS,39.89092,4.25297,55.0,Spain,MAHÓN,urban-centre,industrial,UTC,01/01/1991 00:00:00,,CCAA Islas Baleares,NET_ES204A
ES1096A,GOMEZ FRANQUEIRA,42.353,-7.8779,132.0,Spain,OURENSE,urban-centre,traffic,UTC,01/01/1991 00:00:00,,CCAA Galicia,NET_ES212A
ES1120A,TARRAGONA (BONAVISTA),41.1159,1.192,39.0,Spain,TARRAGONA,urban-periphery,industrial,UTC,01/04/1991 00:00:00,,CCAA Cataluña,NET_ES209A
ES1122A,PERAFORT (PUIGDELFÍ),41.1936,1.2367,97.0,Spain,PERAFORT,rural,industrial,UTC,01/04/1991 00:00:00,,CCAA Cataluña,NET_ES209A
ES1123A,CONSTANTÍ (GAUDÍ),41.1549,1.2177,56.0,Spain,CONSTANTÍ,urban-periphery,industrial,UTC,01/04/1991 00:00:00,,CCAA Cataluña,NET_ES209A
ES1124A,TARRAGONA (SANT SALVADOR),41.1595,1.2397,77.0,Spain,TARRAGONA,urban-periphery,traffic,UTC,01/04/1991 00:00:00,,CCAA Cataluña,NET_ES209A
ES1125A,MANRESA (PL. D'ESPANYA),41.7303,1.8253,238.0,Spain,MANRESA,urban-centre,traffic,UTC,01/04/1991 00:00:00,,CCAA Cataluña,NET_ES209A
ES1131A,TOME CANO,28.4616,-16.2623,67.0,Spain,SANTA CRUZ DE TENERIFE,urban-centre,industrial,UTC,01/06/1991 00:00:00,,CCAA Islas Canarias,NET_ES205A
ES1137A,ARENAL,42.219,-8.7421,53.0,Spain,VIGO,urban-centre,traffic,UTC,01/06/1991 00:00:00,,CCAA Galicia,NET_ES212A
ES1138A,CORLAB 1,43.3671,-8.4206,35.0,Spain,CORUÑA (A),urban-centre,traffic,UTC,01/06/1991 00:00:00,,CCAA Galicia,NET_ES212A
ES1161A,BARRIO PINILLA,42.6039,-5.5872,838.0,Spain,LEÓN,urban-centre,traffic,UTC,01/01/1992 00:00:00,,CCAA Castilla y León,NET_ES208A
ES1162A,MEDINA DEL CAMPO,41.31639,-4.90917,721.0,Spain,MEDINA DEL CAMPO,urban-periphery,industrial,UTC,01/01/1992 00:00:00,,CCAA Castilla y León,NET_ES208A
ES1163A,MIRANDA DE EBRO 1,42.68444,-2.9175,471.0,Spain,MIRANDA DE EBRO,urban-centre,industrial,UTC,01/01/1992 00:00:00,,CCAA Castilla y León,NET_ES208A
ES1169A,CARTEYA (S9),36.20879,-5.39138,51.0,Spain,SAN ROQUE,urban-periphery,industrial,UTC,01/01/1992 00:00:00,,CCAA Andalucía,NET_ES201A
ES1181A,QUART DE POBLET,39.48111,-0.44722,41.0,Spain,QUART DE POBLET,urban-centre,traffic,UTC,01/01/1992 00:00:00,,CCAA Com. Valenciana,NET_ES210A
ES1182A,GANDÍA,38.96667,-0.19,22.0,Spain,GANDIA,urban-centre,traffic,UTC,01/01/1992 00:00:00,,CCAA Com. Valenciana,NET_ES210A
ES1185A,SAGUNT PORT,39.66722,-0.23472,10.0,Spain,SAGUNTO/SAGUNT,urban-centre,traffic,UTC,01/01/1992 00:00:00,,CCAA Com. Valenciana,NET_ES210A
ES1201A,AGULLANA (DIPÒSITS D'AIGUA),42.392,2.8421,214.0,Spain,AGULLANA,rural,background,UTC,01/02/1992 00:00:00,,CCAA Cataluña,NET_ES209A
ES1208A,REUS (EL TALLAPEDRA),41.1508,1.1202,102.0,Spain,REUS,urban-periphery,traffic,UTC,01/01/2016 00:00:00,,CCAA Cataluña,NET_ES209A
ES1225A,LLEIDA (IRURITA - PIUS XII),41.6158,0.6157,170.0,Spain,LLEIDA,urban-centre,traffic,UTC,01/07/1992 00:00:00,,CCAA Cataluña,NET_ES209A
ES1231A,SANT CUGAT DEL VALLÈS (PARC DE SANT FRANCESC),41.4768,2.089,113.0,Spain,SANT CUGAT DEL VALLÈS,urban-centre,background,UTC,01/05/1992 00:00:00,,CCAA Cataluña,NET_ES209A
ES1234A,PASTORIZA-REPSOL,43.3353,-8.472,240.0,Spain,ARTEIXO,rural,industrial,UTC,01/06/1992 00:00:00,,CCAA Galicia,NET_ES212A
ES1239A,VALÈNCIA-PISTA DE SILLA,39.45611,-0.37583,11.0,Spain,VALENCIA,urban-centre,traffic,UTC,01/07/1992 00:00:00,,CCAA Com. Valenciana,NET_ES210A
ES1244A,MAZARREDO,43.2675,-2.9352,33.0,Spain,BILBAO,urban-centre,traffic,UTC,01/07/1992 00:00:00,,CCAA País Vasco,NET_ES216A
ES1246A,CAN MISSES,38.91503,1.41542,25.0,Spain,EIVISSA,urban-centre,industrial,UTC,13/07/1992 00:00:00,,CCAA Islas Baleares,NET_ES204A
ES1248A,SORT (ESCOLA DE CAIAC),42.4054,1.13,692.0,Spain,SORT,rural,background,UTC,01/01/2023 00:00:00,,CCAA Cataluña,NET_ES209A
ES1253A,BAILÉN,38.09293,-3.78392,368.0,Spain,BAILÉN,urban-centre,industrial,UTC,01/08/1992 00:00:00,,CCAA Andalucía,NET_ES201A
ES1256A,LOS ROSALES,37.2602,-6.9255,23.0,Spain,HUELVA,urban-centre,industrial,UTC,01/08/1992 00:00:00,,CCAA Andalucía,NET_ES201A
ES1258A,MOGUER,37.28156,-6.83384,52.0,Spain,MOGUER,urban-periphery,industrial,UTC,01/08/1992 00:00:00,,CCAA Andalucía,NET_ES201A
ES1259A,NIEBLA,37.3613,-6.6769,41.0,Spain,NIEBLA,urban-centre,industrial,UTC,01/08/1992 00:00:00,,CCAA Andalucía,NET_ES201A
ES1262A,SABADELL (GRAN VIA),41.5612,2.1014,210.0,Spain,SABADELL,urban-centre,traffic,UTC,01/01/2023 00:00:00,,CCAA Cataluña,NET_ES209A
ES1269A,PALACIO DE DEPORTES,43.3665,-5.833,180.0,Spain,OVIEDO,urban-centre,traffic,UTC,01/09/1992 00:00:00,,CCAA Asturias,NET_ES203A
ES1270A,HERMANOS FELGUEROSO,43.5352,-5.6583,18.0,Spain,GIJÓN,urban-centre,traffic,UTC,01/09/1992 00:00:00,,CCAA Asturias,NET_ES203A
ES1271A,ARGENTINA,43.5388,-5.6989,19.0,Spain,GIJÓN,urban-centre,traffic,UTC,01/09/1992 00:00:00,,CCAA Asturias,NET_ES203A
ES1272A,CONSTITUCIÓN,43.5299,-5.6735,29.0,Spain,GIJÓN,urban-centre,traffic,UTC,01/09/1992 00:00:00,,CCAA Asturias,NET_ES203A
ES1275A,SANT CELONI (CARLES DAMM),41.689,2.4957,145.0,Spain,SANT CELONI,urban-periphery,background,UTC,01/10/1992 00:00:00,,CCAA Cataluña,NET_ES209A
ES1279A,CAMPO DE FÚTBOL,38.682,-4.0886,685.0,Spain,PUERTOLLANO,urban-periphery,industrial,UTC,01/12/1992 00:00:00,,CCAA Cast. la Mancha,NET_ES207A
ES1287A,GUARDO,42.79528,-4.84083,1120.0,Spain,GUARDO,urban-centre,industrial,UTC,01/01/1993 00:00:00,,CCAA Castilla y León,NET_ES208A
ES1297A,LA ROBLA,42.8028,-5.6236,945.0,Spain,ROBLA (LA),urban-periphery,industrial,UTC,01/01/1993 00:00:00,,CCAA Castilla y León,NET_ES208A
ES1298A,RENAULT 4,41.9614,-4.4944,734.0,Spain,VILLAMURIEL DE CERRATO,urban-periphery,industrial,UTC,01/01/2018 00:00:00,,CCAA Castilla y León,NET_ES208A
ES1309A,CAMPO DE FÚTBOL,42.9092,-8.5068,320.0,Spain,SANTIAGO DE COMPOSTELA,urban-periphery,industrial,UTC,01/01/2013 00:00:00,,CCAA Galicia,NET_ES212A
ES1310A,PARDINES (AJUNTAMENT),42.3121,2.213,1226.0,Spain,PARDINES,rural,background,UTC,01/01/1993 00:00:00,,CCAA Cataluña,NET_ES209A
ES1311A,BEGUR (CENTRE D'ESTUDIS DEL MAR),41.9587,3.2129,200.0,Spain,BEGUR,rural,background,UTC,01/09/2023 00:00:00,,CCAA Cataluña,NET_ES209A
ES1312A,TARRAGONA (UNIVERSITAT LABORAL),41.1037,1.2008,5.0,Spain,TARRAGONA,urban-periphery,industrial,UTC,01/01/1993 00:00:00,,CCAA Cataluña,NET_ES209A
ES1320A,MATADERO,43.5792,-5.9273,6.0,Spain,AVILÉS,urban-periphery,industrial,UTC,18/03/1993 00:00:00,,CCAA Asturias,NET_ES203A
ES1328A,MARISMAS DEL TITÁN,37.25258,-6.94219,17.0,Spain,HUELVA,urban-centre,industrial,UTC,07/05/1993 00:00:00,,CCAA Andalucía,NET_ES201A
ES1339A,VILANOVA I LA GELTRÚ (PL. DE LES DANSES DE VILANOVA),41.219,1.7212,12.0,Spain,VILANOVA I LA GELTRÚ,urban-periphery,traffic,UTC,01/01/1994 00:00:00,,CCAA Cataluña,NET_ES209A
ES1340A,POZO DULCE,37.25336,-6.93514,18.0,Spain,HUELVA,urban-centre,traffic,UTC,01/10/1993 00:00:00,,CCAA Andalucía,NET_ES201A
ES1346A,MIRANDA DE EBRO 2,42.68806,-2.94056,471.0,Spain,MIRANDA DE EBRO,urban-centre,industrial,UTC,01/01/1994 00:00:00,,CCAA Castilla y León,NET_ES208A
ES1347A,SANTA PAU (CAN JORDÀ),42.1433,2.5102,496.0,Spain,SANTA PAU,rural,background,UTC,01/01/2024 00:00:00,,CCAA Cataluña,NET_ES209A
ES1349A,LLODIO,43.14407,-2.96337,122.0,Spain,LLODIO,urban-periphery,traffic,UTC,01/01/1994 00:00:00,,CCAA País Vasco,NET_ES216A
ES1353A,SAMA I,43.2941,-5.6796,216.0,Spain,LANGREO,urban-centre,background,UTC,08/02/1995 00:00:00,,CCAA Asturias,NET_ES203A
ES1354A,RENAULT 1,41.6,-4.7325,706.0,Spain,VALLADOLID,urban-periphery,industrial,UTC,01/01/1994 00:00:00,,CCAA Castilla y León,NET_ES208A
ES1355A,MOTORES,41.60417,-4.72889,705.0,Spain,VALLADOLID,urban-periphery,industrial,UTC,20/06/2000 00:00:00,,CCAA Castilla y León,NET_ES208A
ES1356A,CARROCERÍAS,41.61278,-4.74083,698.0,Spain,VALLADOLID,urban-periphery,industrial,UTC,01/10/1999 00:00:00,,CCAA Castilla y León,NET_ES208A
ES1358A,AVENIDA DE CASTILLA,43.5378,-5.6461,19.0,Spain,GIJÓN,urban-centre,traffic,UTC,08/07/1994 00:00:00,,CCAA Asturias,NET_ES203A
ES1359A,MOURENCE (C-9),43.313,-7.6937,469.0,Spain,VILALBA,rural,industrial,UTC,01/01/1994 00:00:00,,CCAA Galicia,NET_ES212A
ES1365A,BARRIO 630,38.7027,-4.112,685.0,Spain,PUERTOLLANO,urban-periphery,industrial,UTC,01/03/1994 00:00:00,,CCAA Cast. la Mancha,NET_ES207A
ES1366A,AREEIRO,42.4047,-8.6703,40.0,Spain,PONTEVEDRA,rural,industrial,UTC,01/03/1994 00:00:00,,CCAA Galicia,NET_ES212A
ES1370A,MOTRIL,36.74312,-3.5173,50.0,Spain,MOTRIL,urban-centre,background,UTC,01/03/1994 00:00:00,,CCAA Andalucía,NET_ES201A
ES1379A,GANDESA (CREU ROJA),41.0582,0.4397,368.0,Spain,GANDESA,rural,background,UTC,01/09/2023 00:00:00,,CCAA Cataluña,NET_ES209A
ES1387A,ONDA,39.96278,-0.23333,163.0,Spain,ONDA,urban-periphery,industrial,UTC,20/07/1994 00:00:00,,CCAA Com. Valenciana,NET_ES210A
ES1396A,BARCELONA (SANTS),41.3788,2.1331,35.0,Spain,BARCELONA,urban-centre,background,UTC,01/04/1998 00:00:00,,CCAA Cataluña,NET_ES209A
ES1397A,MANLLEU (HOSPITAL COMARCAL),42.0033,2.2873,460.0,Spain,MANLLEU,urban-periphery,background,UTC,01/01/1995 00:00:00,,CCAA Cataluña,NET_ES209A
ES1417A,HUESCA,42.13611,-0.40389,488.0,Spain,HUESCA,urban-centre,traffic,UTC,01/01/2002 00:00:00,,CCAA Aragón,NET_ES202A
ES1418A,ALAGÓN,41.7628,-1.1433,235.0,Spain,ALAGÓN,urban-periphery,traffic,UTC,01/06/1995 00:00:00,,CCAA Aragón,NET_ES202A
ES1421A,TERUEL,40.33639,-1.10667,915.0,Spain,TERUEL,urban-centre,background,UTC,24/01/2002 00:00:00,,CCAA Aragón,NET_ES202A
ES1422A,PLAZA DEL CARMEN,40.41917,-3.70333,657.0,Spain,MADRID,urban-centre,background,UTC,30/06/1995 00:00:00,,Ayto Madrid,NET_ES131A
ES1423A,LA ALJORRA,37.6925,-1.0659,80.0,Spain,CARTAGENA,urban-periphery,industrial,UTC,10/07/1995 00:00:00,,CCAA Murcia,NET_ES214A
ES1425A,PRINCIPES,37.37525,-6.00558,9.0,Spain,SEVILLA,urban-centre,background,UTC,29/08/1995 00:00:00,,CCAA Andalucía,NET_ES201A
ES1426A,MORATALAZ,40.40806,-3.64528,685.0,Spain,MADRID,urban-centre,traffic,UTC,01/09/1995 00:00:00,,Ayto Madrid,NET_ES131A
ES1428A,CASTELLÓ-ERMITA,39.95917,-0.03611,44.0,Spain,CASTELLÓN DE LA PLANA/CASTELLÓ DE LA PLANA,urban-periphery,industrial,UTC,01/10/1995 00:00:00,,CCAA Com. Valenciana,NET_ES210A
ES1432A,CANGAS DEL NARCEA,43.1788,-6.5527,363.0,Spain,CANGAS DEL NARCEA,urban-periphery,background,UTC,01/11/1995 00:00:00,,CCAA Asturias,NET_ES203A
ES1433A,BLIMEA,43.2757,-5.596,262.0,Spain,SAN MARTÍN DEL REY AURELIO,urban-periphery,background,UTC,01/12/1995 00:00:00,,CCAA Asturias,NET_ES203A
ES1434A,SERANTES,43.33446,-3.06297,451.0,Spain,SANTURTZI,urban-periphery,background,UTC,23/01/1996 00:00:00,,CCAA País Vasco,NET_ES216A
ES1435A,VILAFRANCA,40.41667,-0.24917,1125.0,Spain,VILLAFRANCA DEL CID,urban-periphery,background,UTC,01/01/1996 00:00:00,,CCAA Com. Valenciana,NET_ES210A
ES1437A,CORATXAR,40.69167,0.08472,1200.0,Spain,POBLA DE BENIFASSÀ (LA),rural,industrial,UTC,01/01/1996 00:00:00,,CCAA Com. Valenciana,NET_ES210A
ES1438A,BARCELONA (L'EIXAMPLE),41.3853,2.1538,26.0,Spain,BARCELONA,urban-centre,traffic,UTC,02/01/2002 00:00:00,,CCAA Cataluña,NET_ES209A
ES1439A,ESTACION 2 (OESTE),42.2029,-8.747,26.0,Spain,VIGO,urban-centre,industrial,UTC,01/01/1996 00:00:00,,CCAA Galicia,NET_ES212A
ES1440A,ESTACION 1 (ESTE),42.21028,-8.73694,12.0,Spain,VIGO,urban-centre,industrial,UTC,01/01/1996 00:00:00,,CCAA Galicia,NET_ES212A
ES1441A,MORELLA,40.63722,-0.09111,1150.0,Spain,MORELLA,rural,industrial,UTC,01/01/1996 00:00:00,,CCAA Com. Valenciana,NET_ES210A
ES1442A,ARRASATE,43.0642,-2.4904,218.0,Spain,ARRASATE O MONDRAGÓN,urban-centre,traffic,UTC,01/01/1996 00:00:00,,CCAA País Vasco,NET_ES216A
ES1443A,BURGOS 4,42.33611,-3.63611,929.0,Spain,BURGOS,urban-centre,background,UTC,01/01/1996 00:00:00,,CCAA Castilla y León,NET_ES208A
ES1445A,CASTELLÓ-GRAU,39.98194,0.01056,10.0,Spain,CASTELLÓN DE LA PLANA/CASTELLÓ DE LA PLANA,urban-periphery,industrial,UTC,20/03/1996 00:00:00,,CCAA Com. Valenciana,NET_ES210A
ES1450A,SANTA CLARA,37.39831,-5.95165,29.0,Spain,SEVILLA,urban-periphery,background,UTC,30/06/1996 00:00:00,,CCAA Andalucía,NET_ES201A
ES1451A,NÉSTOR ÁLAMO,28.03156,-15.40914,33.0,Spain,PALMAS DE GRAN CANARIA (LAS),urban-centre,industrial,UTC,02/09/1996 00:00:00,,CCAA Islas Canarias,NET_ES205A
ES1453A,SANTA COLOMA DE GRAMENET (BALLDOVINA),41.4474,2.2095,23.0,Spain,SANTA COLOMA DE GRAMENET,urban-centre,background,UTC,01/08/2010 00:00:00,,CCAA Cataluña,NET_ES209A
ES1472A,PAMPLONA - ITURRAMA,42.806,-1.653,449.0,Spain,PAMPLONA/IRUÑA,urban-centre,background,UTC,13/06/1997 00:00:00,,CCAA Navarra,NET_ES215A
ES1479A,AVDA. MARCONI,36.50602,-6.26857,4.0,Spain,CÁDIZ,urban-centre,traffic,UTC,01/11/1997 00:00:00,,CCAA Andalucía,NET_ES201A
ES1480A,BARCELONA (GRÀCIA - SANT GERVASI),41.3996,2.1524,61.0,Spain,BARCELONA,urban-centre,traffic,UTC,30/09/2004 00:00:00,,CCAA Cataluña,NET_ES209A
ES1489A,VALDEREJO,42.8752,-3.2317,911.0,Spain,VALDEGOVÍA,rural,background,UTC,01/01/1998 00:00:00,,CCAA País Vasco,NET_ES216A
ES1490A,DURANGO,43.16832,-2.63794,113.0,Spain,DURANGO,urban-centre,industrial,UTC,01/01/1998 00:00:00,,CCAA País Vasco,NET_ES216A
ES1491A,MUNDAKA,43.40592,-2.70318,116.0,Spain,MUNDAKA,rural,background,UTC,05/06/2012 00:00:00,,CCAA País Vasco,NET_ES216A
ES1492A,TRES MARZO,42.85607,-2.66779,518.0,Spain,VITORIA-GASTEIZ,urban-centre,traffic,UTC,01/01/1998 00:00:00,,CCAA País Vasco,NET_ES216A
ES1494A,ATEGORRIETA,43.322,-1.9607,23.0,Spain,DONOSTIA-SAN SEBASTIÁN,urban-centre,traffic,UTC,01/01/1998 00:00:00,,CCAA País Vasco,NET_ES216A
ES1497A,HERNANI,43.2675,-1.9777,18.0,Spain,HERNANI,urban-centre,traffic,UTC,01/01/1998 00:00:00,,CCAA País Vasco,NET_ES216A
ES1498A,TOLOSA,43.1308,-2.078,90.0,Spain,TOLOSA,urban-centre,traffic,UTC,01/01/1998 00:00:00,,CCAA País Vasco,NET_ES216A
ES1499A,BEASAIN,43.04811,-2.19138,153.0,Spain,BEASAIN,urban-periphery,traffic,UTC,01/01/1998 00:00:00,,CCAA País Vasco,NET_ES216A
ES1501A,AZPEITIA,43.1804,-2.2682,110.0,Spain,AZPEITIA,urban-centre,traffic,UTC,25/06/2003 00:00:00,,CCAA País Vasco,NET_ES216A
ES1516A,RIO SAN PEDRO,36.52283,-6.22517,1.0,Spain,PUERTO REAL,urban-centre,background,UTC,01/05/1998 00:00:00,,CCAA Andalucía,NET_ES201A
ES1517A,ALCUDIA I,39.83482,3.14543,15.0,Spain,ALCÚDIA,rural,background,UTC,01/05/1998 00:00:00,,CCAA Islas Baleares,NET_ES204A
ES1519A,SAN JERÓNIMO,37.42986,-5.98039,21.0,Spain,SEVILLA,urban-periphery,industrial,UTC,01/01/1980 00:00:00,,CCAA Andalucía,NET_ES201A
ES1521A,BARRIO DEL PILAR,40.47833,-3.71139,673.0,Spain,MADRID,urban-centre,traffic,UTC,01/06/1998 00:00:00,,Ayto Madrid,NET_ES131A
ES1529A,TETUÁN,43.46778,-3.79028,30.0,Spain,SANTANDER,urban-centre,background,UTC,01/01/1999 00:00:00,,CCAA Cantabria,NET_ES206A
ES1530A,REINOSA,43.01194,-4.13556,850.0,Spain,REINOSA,urban-centre,background,UTC,01/01/1999 00:00:00,,CCAA Cantabria,NET_ES206A
ES1531A,LOS TOJOS,43.15333,-4.25306,650.0,Spain,TOJOS (LOS),rural,background,UTC,01/01/1999 00:00:00,,CCAA Cantabria,NET_ES206A
ES1537A,GUADALAJARA,40.6298,-3.1716,700.0,Spain,GUADALAJARA,urban-centre,background,UTC,01/05/1999 00:00:00,,CCAA Cast. la Mancha,NET_ES207A
ES1542A,SANT JORDI,40.55472,0.37278,181.0,Spain,SAN JORGE,rural,background,UTC,01/09/1999 00:00:00,,CCAA Com. Valenciana,NET_ES210A
ES1543A,ZORITA,40.735,-0.16944,619.0,Spain,ZORITA DEL MAESTRAZGO,rural,background,UTC,01/09/1999 00:00:00,,CCAA Com. Valenciana,NET_ES210A
ES1544A,AGURAIN,42.849,-2.3937,594.0,Spain,SALVATIERRA O AGURAIN,urban-periphery,background,UTC,01/01/1998 00:00:00,,CCAA País Vasco,NET_ES216A
ES1549A,EL EJIDO,36.76972,-2.81097,97.0,Spain,EJIDO (EL),urban-centre,background,UTC,23/06/2000 00:00:00,,CCAA Andalucía,NET_ES201A
ES1551A,BARBERÀ DEL VALLÈS (MORAGUES - MONTSERRAT),41.5127,2.1254,131.0,Spain,BARBERÀ DEL VALLÈS,urban-centre,background,UTC,01/01/1999 00:00:00,,CCAA Cataluña,NET_ES209A
ES1555A,VILANOVA I LA GELTRÚ (AJUNTAMENT),41.2241,1.7263,14.0,Spain,VILANOVA I LA GELTRÚ,urban-centre,background,UTC,01/01/2000 00:00:00,,CCAA Cataluña,NET_ES209A
ES1557A,PAIOSACO,43.2597,-8.555,210.0,Spain,LARACHA,rural,industrial,UTC,01/06/1992 00:00:00,,CCAA Galicia,NET_ES212A
ES1559A,LA BISBAL D'EMPORDÀ (AJUNTAMENT),41.9593,3.0374,9.0,Spain,BISBAL D'EMPORDÀ (LA),urban-periphery,background,UTC,01/01/2000 00:00:00,,CCAA Cataluña,NET_ES209A
ES1560A,GRANADA - NORTE,37.1961,-3.61266,689.0,Spain,GRANADA,urban-centre,traffic,UTC,01/02/2000 00:00:00,,CCAA Andalucía,NET_ES201A
ES1563A,ALCALÁ DE HENARES,40.47933,-3.37795,589.0,Spain,ALCALÁ DE HENARES,urban-centre,traffic,UTC,16/03/2000 00:00:00,,CCAA Madrid,NET_ES213A
ES1567A,LEGANÉS,40.3397,-3.7545,640.0,Spain,LEGANÉS,urban-centre,traffic,UTC,30/05/2000 00:00:00,,CCAA Madrid,NET_ES213A
ES1568A,MÓSTOLES,40.3242,-3.87677,650.0,Spain,MÓSTOLES,urban-periphery,background,UTC,06/06/2000 00:00:00,,CCAA Madrid,NET_ES213A
ES1569A,LORCA,37.6878,-1.7028,340.0,Spain,LORCA,urban-periphery,background,UTC,01/07/1998 00:00:00,,CCAA Murcia,NET_ES214A
ES1572A,PURIFICACIÓN TOMÁS,43.3727,-5.8728,276.0,Spain,OVIEDO,urban-centre,background,UTC,15/03/2000 00:00:00,,CCAA Asturias,NET_ES203A
ES1573A,MERCADO CENTRAL,28.13373,-15.43282,11.0,Spain,PALMAS DE GRAN CANARIA (LAS),urban-centre,traffic,UTC,26/10/1999 00:00:00,,CCAA Islas Canarias,NET_ES205A
ES1576A,ESTACIÓN DEL MEDITERRANEO,43.40444,-3.84194,16.0,Spain,ASTILLERO (EL),urban-periphery,industrial,UTC,01/01/1999 00:00:00,,CCAA Cantabria,NET_ES206A
ES1577A,PARQUE DE CROSS,43.42083,-3.84111,10.0,Spain,CAMARGO,urban-centre,industrial,UTC,01/01/1999 00:00:00,,CCAA Cantabria,NET_ES206A
ES1578A,CASTRO URDIALES,43.3825,-3.22056,20.0,Spain,CASTRO-URDIALES,urban-centre,background,UTC,31/01/2000 00:00:00,,CCAA Cantabria,NET_ES206A
ES1579A,LOS CORRALES DE BUELNA,43.26444,-4.06278,88.0,Spain,CORRALES DE BUELNA (LOS),urban-centre,background,UTC,31/01/2000 00:00:00,,CCAA Cantabria,NET_ES206A
ES1580A,SANTANDER CENTRO,43.46056,-3.80861,9.0,Spain,SANTANDER,urban-centre,traffic,UTC,01/01/1999 00:00:00,,CCAA Cantabria,NET_ES206A
ES1588A,PONTS (PONENT),41.9066,1.193,370.0,Spain,PONTS,rural,background,UTC,01/01/2015 00:00:00,,CCAA Cataluña,NET_ES209A
ES1590A,TORAL DE LOS VADOS,42.545,-6.72556,437.0,Spain,VILLADECANES,rural,industrial,UTC,01/01/2001 00:00:00,,CCAA Castilla y León,NET_ES208A
ES1591A,CARRACEDELO,42.5586,-6.7256,450.0,Spain,CARRACEDELO,rural,industrial,UTC,01/03/2001 00:00:00,,CCAA Castilla y León,NET_ES208A
ES1592A,OTERO,42.56444,-6.78194,540.0,Spain,VILLADECANES,rural,industrial,UTC,01/03/2001 00:00:00,,CCAA Castilla y León,NET_ES208A
ES1593A,SAN FERNANDO,36.46059,-6.20307,35.0,Spain,SAN FERNANDO,urban-periphery,background,UTC,01/03/2001 00:00:00,,CCAA Andalucía,NET_ES201A
ES1594A,LANTARÓN,42.7151,-2.98087,463.0,Spain,LANTARÓN,urban-periphery,industrial,UTC,31/03/2001 00:00:00,,CCAA País Vasco,NET_ES216A
ES1595A,SANGRONIZ,43.29846,-2.93038,21.0,Spain,SONDIKA,urban-periphery,traffic,UTC,28/02/2002 00:00:00,,CCAA País Vasco,NET_ES216A
ES1596A,ENERGYWORKS-VA 1,41.66639,-4.715,694.0,Spain,VALLADOLID,urban-centre,industrial,UTC,01/04/2001 00:00:00,,CCAA Castilla y León,NET_ES208A
ES1597A,ENERGYWORKS-VA 2,41.68333,-4.74111,753.0,Spain,VALLADOLID,urban-periphery,industrial,UTC,01/04/2001 00:00:00,,CCAA Castilla y León,NET_ES208A
ES1598A,ZALLA,43.21291,-3.1344,62.0,Spain,ZALLA,urban-centre,background,UTC,02/04/2001 00:00:00,,CCAA País Vasco,NET_ES216A
ES1599A,PAGOETA,43.25056,-2.155,225.0,Spain,AIA,rural,background,UTC,11/05/2001 00:00:00,,CCAA País Vasco,NET_ES216A
ES1601A,BADAJOZ,38.88759,-7.01139,390.0,Spain,BADAJOZ,urban-centre,background,UTC,31/05/2001 00:00:00,,CCAA Extremadura,NET_ES211A
ES1602A,LA CIGÜEÑA,42.464,-2.428,385.0,Spain,LOGROÑO,urban-centre,background,UTC,30/06/2001 00:00:00,,CCAA La Rioja,NET_ES217A
ES1604A,BELLVER,39.56453,2.62169,117.0,Spain,PALMA DE MALLORCA,urban-periphery,background,UTC,01/07/2001 00:00:00,,CCAA Islas Baleares,NET_ES204A
ES1610A,FONERS,39.57125,2.65703,23.0,Spain,PALMA DE MALLORCA,urban-centre,traffic,UTC,01/10/2001 00:00:00,,CCAA Islas Baleares,NET_ES204A
ES1611A,ARANJUEZ,40.03327,-3.5914,512.0,Spain,ARANJUEZ,urban-periphery,background,UTC,06/10/2001 00:00:00,,CCAA Madrid,NET_ES213A
ES1612A,MAJADAHONDA,40.4461,-3.8689,722.0,Spain,MAJADAHONDA,urban-periphery,background,UTC,06/10/2001 00:00:00,,CCAA Madrid,NET_ES213A
ES1613A,COLMENAR VIEJO,40.6646,-3.7739,905.0,Spain,COLMENAR VIEJO,urban-centre,traffic,UTC,06/10/2001 00:00:00,,CCAA Madrid,NET_ES213A
ES1615A,CÁCERES,39.4838,-6.34243,389.0,Spain,CÁCERES,urban-centre,background,UTC,01/11/2001 00:00:00,,CCAA Extremadura,NET_ES211A
ES1616A,MONFRAGÜE,39.84375,-5.94301,376.0,Spain,TORIL,rural,background,UTC,01/11/2001 00:00:00,,CCAA Extremadura,NET_ES211A
ES1617A,ALZIRA,39.15,-0.45778,60.0,Spain,ALZIRA,urban-periphery,background,UTC,09/11/2001 00:00:00,,CCAA Com. Valenciana,NET_ES210A
ES1618A,SALAMANCA 5,40.9792,-5.6653,797.0,Spain,SALAMANCA,urban-centre,traffic,UTC,01/01/2002 00:00:00,,CCAA Castilla y León,NET_ES208A
ES1619A,VALÈNCIA-VIVERS,39.47806,-0.36833,11.0,Spain,VALENCIA,urban-centre,background,UTC,01/01/2002 00:00:00,,CCAA Com. Valenciana,NET_ES210A
ES1620A,CARTUJA,36.66086,-6.11449,49.0,Spain,JEREZ DE LA FRONTERA,urban-periphery,industrial,UTC,17/02/2002 00:00:00,,CCAA Andalucía,NET_ES201A
ES1621A,L'ALCORA-PM,40.06861,-0.20639,175.0,Spain,ALCORA (L'),urban-centre,industrial,UTC,06/04/2002 00:00:00,,CCAA Com. Valenciana,NET_ES210A
ES1622A,VILA-REAL-PM,39.94167,-0.10583,60.0,Spain,VILLARREAL/VILA-REAL,urban-centre,industrial,UTC,06/04/2002 00:00:00,,CCAA Com. Valenciana,NET_ES210A
ES1623A,ALCOI - VERGE DELS LLIRIS,38.70639,-0.46694,534.0,Spain,ALCOY/ALCOI,urban-centre,background,UTC,25/06/2002 00:00:00,,CCAA Com. Valenciana,NET_ES210A
ES1624A,ELX-AGROALIMENTARI,38.24222,-0.68278,44.0,Spain,ELCHE/ELX,urban-periphery,background,UTC,27/06/2002 00:00:00,,CCAA Com. Valenciana,NET_ES210A
ES1625A,BURJASSOT - FACULTATS,39.50944,-0.41778,25.0,Spain,BURJASSOT,urban-centre,traffic,UTC,01/07/2002 00:00:00,,CCAA Com. Valenciana,NET_ES210A
ES1627A,ALCANTARILLA,37.9745,-1.2321,80.0,Spain,ALCANTARILLA,urban-periphery,industrial,UTC,01/12/2001 00:00:00,,CCAA Murcia,NET_ES214A
ES1630A,ALJARAFE,37.34075,-6.04246,50.0,Spain,MAIRENA DEL ALJARAFE,urban-periphery,background,UTC,04/04/2002 00:00:00,,CCAA Andalucía,NET_ES201A
ES1631A,ARCO DE LADRILLO II,41.6456,-4.7303,700.0,Spain,VALLADOLID,urban-centre,traffic,UTC,01/05/2002 00:00:00,,CCAA Castilla y León,NET_ES208A
ES1632A,VEGA SICILIA,41.6206,-4.7467,690.0,Spain,VALLADOLID,urban-centre,traffic,UTC,01/05/2002 00:00:00,,CCAA Castilla y León,NET_ES208A
ES1633A,SAN BASILIO,37.9923,-1.1459,40.0,Spain,MURCIA,urban-periphery,traffic,UTC,21/05/2002 00:00:00,,CCAA Murcia,NET_ES214A
ES1634A,E7:EL ZABAL,36.17315,-5.34194,8.0,Spain,LÍNEA DE LA CONCEPCIÓN (LA),urban-centre,background,UTC,03/06/2002 00:00:00,,CCAA Andalucía,NET_ES201A
ES1635A,ALACANT-EL PLÁ,38.35944,-0.47194,45.0,Spain,ALICANTE/ALACANT,urban-centre,traffic,UTC,01/07/2002 00:00:00,,CCAA Com. Valenciana,NET_ES210A
ES1636A,PUENTE REGUERAL,41.6561,-4.7339,691.0,Spain,VALLADOLID,urban-centre,industrial,UTC,01/08/2002 00:00:00,,CCAA Castilla y León,NET_ES208A
ES1637A,E4:RINCONCILLO,36.1617,-5.4426,1.0,Spain,ALGECIRAS,urban-centre,industrial,UTC,13/09/2002 00:00:00,,CCAA Andalucía,NET_ES201A
ES1638A,BERMEJALES,37.34719,-5.97963,26.0,Spain,SEVILLA,urban-centre,background,UTC,13/09/2002 00:00:00,,CCAA Andalucía,NET_ES201A
ES1640A,ALCALÁ DE GUADAIRA,37.34246,-5.83372,68.0,Spain,ALCALÁ DE GUADAIRA,urban-centre,background,UTC,27/09/2002 00:00:00,,CCAA Andalucía,NET_ES201A
ES1641A,RENOVALES,41.63528,-0.89361,220.0,Spain,ZARAGOZA,urban-centre,background,UTC,01/10/2002 00:00:00,,Ayto Zaragoza,NET_ES021A
ES1642A,VIC (ESTADI),41.9357,2.2386,498.0,Spain,VIC,urban-periphery,background,UTC,01/01/2023 00:00:00,,CCAA Cataluña,NET_ES209A
ES1643A,SORIA,41.7667,-2.4667,1090.0,Spain,SORIA,urban-centre,traffic,UTC,01/10/2002 00:00:00,,CCAA Castilla y León,NET_ES208A
ES1644A,CENTRO,37.38808,-5.99149,19.0,Spain,SEVILLA,urban-centre,background,UTC,28/10/2002 00:00:00,,CCAA Andalucía,NET_ES201A
ES1645A,BARAJAS - PUEBLO,40.47472,-3.575,631.0,Spain,MADRID,urban-centre,background,UTC,31/12/2002 00:00:00,,Ayto Madrid,NET_ES131A
ES1648A,E2: ALCORNOCALES,36.23386,-5.6635,189.0,Spain,BARRIOS (LOS),rural,background,UTC,28/01/2003 00:00:00,,CCAA Andalucía,NET_ES201A
ES1649A,ALFARO,42.176,-1.744,350.0,Spain,ALFARO,rural,industrial,UTC,01/02/2003 00:00:00,,CCAA La Rioja,NET_ES217A
ES1651A,JARDINES DE JUAN XXIII,43.2561,-5.7759,205.0,Spain,MIERES,urban-centre,traffic,UTC,13/02/2003 00:00:00,,CCAA Asturias,NET_ES203A
ES1653A,DOS HERMANAS,37.28449,-5.91384,49.0,Spain,DOS HERMANAS,urban-centre,background,UTC,26/02/2003 00:00:00,,CCAA Andalucía,NET_ES201A
ES1654A,SIERRA NORTE,37.99435,-5.66687,573.0,Spain,SAN NICOLÁS DEL PUERTO,rural,background,UTC,18/03/2003 00:00:00,,CCAA Andalucía,NET_ES201A
ES1656A,RONDA DEL VALLE,37.78255,-3.78157,480.0,Spain,JAÉN,urban-centre,background,UTC,27/04/2003 00:00:00,,CCAA Andalucía,NET_ES201A
ES1658A,CAMPUS DEL CARMEN,37.27168,-6.92529,48.0,Spain,HUELVA,urban-centre,industrial,UTC,22/05/2003 00:00:00,,CCAA Andalucía,NET_ES201A
ES1661A,TUDELA - CANRASO,42.074,-1.628,383.0,Spain,TUDELA,rural,industrial,UTC,01/01/2003 00:00:00,,CCAA Navarra,NET_ES215A
ES1664A,ALGECIRAS EPS,36.13623,-5.45343,24.0,Spain,ALGECIRAS,urban-centre,industrial,UTC,28/07/2003 00:00:00,,CCAA Andalucía,NET_ES201A
ES1665A,MONTCADA I REIXAC (AJUNTAMENT),41.48,2.1873,44.0,Spain,MONTCADA I REIXAC,urban-periphery,industrial,UTC,17/07/2003 00:00:00,,CCAA Cataluña,NET_ES209A
ES1666A,TARRAGONA (PARC DE LA CIUTAT),41.1174,1.2416,13.0,Spain,TARRAGONA,urban-centre,background,UTC,31/12/2003 00:00:00,,CCAA Cataluña,NET_ES209A
ES1670A,CAUDETE DE LAS FUENTES,39.55861,-1.28139,804.0,Spain,CAUDETE DE LAS FUENTES,rural,background,UTC,03/02/2004 00:00:00,,CCAA Com. Valenciana,NET_ES210A
ES1671A,VILLAR DEL ARZOBISPO,39.70806,-0.83194,430.0,Spain,VILLAR DEL ARZOBISPO,rural,background,UTC,01/03/2004 00:00:00,,CCAA Com. Valenciana,NET_ES210A
ES1672A,EL CIEGO,42.51833,-2.61944,480.0,Spain,ELCIEGO,urban-periphery,traffic,UTC,10/05/2004 00:00:00,,CCAA País Vasco,NET_ES216A
ES1673A,LOS HERRAN,42.84361,-2.66139,50.0,Spain,VITORIA-GASTEIZ,urban-centre,traffic,UTC,01/01/2014 00:00:00,,CCAA País Vasco,NET_ES216A
ES1675A,BENIDORM,38.57139,-0.14667,44.0,Spain,BENIDORM,urban-periphery,background,UTC,27/01/2004 00:00:00,,CCAA Com. Valenciana,NET_ES210A
ES1677A,ORIHUELA,38.08472,-0.85278,32.0,Spain,ORIHUELA,urban-periphery,background,UTC,01/03/2004 00:00:00,,CCAA Com. Valenciana,NET_ES210A
ES1679A,BARCELONA (CIUTADELLA),41.3864,2.1874,7.0,Spain,BARCELONA,urban-centre,background,UTC,28/02/2004 00:00:00,,CCAA Cataluña,NET_ES209A
ES1684A,RUBÍ (CA N'ORIOL),41.4921,2.0425,171.0,Spain,RUBÍ,urban-centre,background,UTC,01/01/2004 00:00:00,,CCAA Cataluña,NET_ES209A
ES1685A,ALCORA,40.05194,-0.18972,160.0,Spain,ALCORA (L'),urban-centre,industrial,UTC,01/01/2004 00:00:00,,CCAA Com. Valenciana,NET_ES210A
ES1687A,BENICASSIM,40.06222,0.07278,50.0,Spain,BENICASIM/BENICÀSSIM,urban-periphery,industrial,UTC,01/01/2004 00:00:00,,CCAA Com. Valenciana,NET_ES210A
ES1688A,BURRIANA,39.89222,-0.065,37.0,Spain,BURRIANA,rural,industrial,UTC,01/01/2004 00:00:00,,CCAA Com. Valenciana,NET_ES210A
ES1689A,CIRAT,40.05417,-0.46833,466.0,Spain,CIRAT,rural,background,UTC,01/03/2004 00:00:00,,CCAA Com. Valenciana,NET_ES210A
ES1690A,TORRE ENDOMENECH,40.26944,-0.07889,259.0,Spain,TORRE ENDOMÉNECH,rural,background,UTC,01/02/2004 00:00:00,,CCAA Com. Valenciana,NET_ES210A
ES1691A,VIVER,39.93056,-0.60333,616.0,Spain,VIVER,urban-periphery,background,UTC,01/01/2004 00:00:00,,CCAA Com. Valenciana,NET_ES210A
ES1696A,PUYO,43.30278,-1.98444,88.0,Spain,DONOSTIA-SAN SEBASTIÁN,urban-centre,background,UTC,01/04/2004 00:00:00,,CCAA País Vasco,NET_ES216A
ES1697A,AVENIDA TOLOSA,43.3094,-2.0109,3.0,Spain,DONOSTIA-SAN SEBASTIÁN,urban-centre,traffic,UTC,24/02/2004 00:00:00,,CCAA País Vasco,NET_ES216A
ES1709A,BENIGANIM,38.93472,-0.44139,195.0,Spain,BENIGÁNIM,urban-periphery,background,UTC,05/01/2004 00:00:00,,CCAA Com. Valenciana,NET_ES210A
ES1711A,ONTINYENT,38.78806,-0.69722,510.0,Spain,ONTINYENT,urban-periphery,background,UTC,01/01/2004 00:00:00,,CCAA Com. Valenciana,NET_ES210A
ES1712A,BARAKALDO,43.2984,-2.9871,17.0,Spain,BARAKALDO,urban-centre,background,UTC,01/04/2004 00:00:00,,CCAA País Vasco,NET_ES216A
ES1713A,PARQUE EUROPA,43.2549,-2.9023,76.0,Spain,BILBAO,urban-centre,background,UTC,01/04/2004 00:00:00,,CCAA País Vasco,NET_ES216A
ES1718A,VILLANUEVA DEL ARZOBISPO,38.1744,-3.01022,691.0,Spain,VILLANUEVA DEL ARZOBISPO,urban-centre,industrial,UTC,01/01/2022 00:00:00,,CCAA Andalucía,NET_ES201A
ES1742A,SAN AGUSTÍN,27.7726,-15.54188,15.0,Spain,SAN BARTOLOMÉ DE TIRAJANA,urban-centre,traffic,UTC,12/06/1993 00:00:00,,CCAA Islas Canarias,NET_ES205A
ES1745A,AGÜIMES,27.89764,-15.44503,265.0,Spain,AGÜIMES,urban-centre,industrial,UTC,15/06/1993 00:00:00,,CCAA Islas Canarias,NET_ES205A
ES1746A,GALILEA,42.341,-2.232,570.0,Spain,GALILEA,rural,industrial,UTC,01/09/2004 00:00:00,,CCAA La Rioja,NET_ES217A
ES1749A,ALTSASU,42.898,-2.173,530.0,Spain,ALTSASU/ALSASUA,urban-periphery,background,UTC,01/07/2001 00:00:00,,CCAA Navarra,NET_ES215A
ES1750A,CARRANQUE,36.71964,-4.4475,36.0,Spain,MÁLAGA,urban-centre,background,UTC,24/06/2005 00:00:00,,CCAA Andalucía,NET_ES201A
ES1751A,EL ATABAL,36.72956,-4.46553,86.0,Spain,MÁLAGA,urban-periphery,background,UTC,07/06/2004 00:00:00,,CCAA Andalucía,NET_ES201A
ES1752A,TORREJON DE ARDOZ ,40.4495,-3.4776,581.0,Spain,TORREJÓN DE ARDOZ,urban-periphery,background,UTC,01/01/2005 00:00:00,,CCAA Madrid,NET_ES213A
ES1753A,PRADEJÓN,42.34,-2.059,380.0,Spain,PRADEJÓN,rural,industrial,UTC,01/09/2004 00:00:00,,CCAA La Rioja,NET_ES217A
ES1754A,LA SÉNIA (REPETIDOR),40.643,0.2884,428.0,Spain,SÉNIA (LA),rural,background,UTC,01/01/2005 00:00:00,,CCAA Cataluña,NET_ES209A
ES1755A,SANGÜESA,42.579,-1.284,397.0,Spain,SANGÜESA/ZANGOZA,urban-periphery,industrial,UTC,01/07/2001 00:00:00,,CCAA Navarra,NET_ES215A
ES1756A,CALETILLA,28.37671,-16.36193,24.0,Spain,CANDELARIA,urban-centre,industrial,UTC,15/07/1988 00:00:00,,CCAA Islas Canarias,NET_ES205A
ES1759A,CASA CUNA,28.45102,-16.27769,183.0,Spain,SANTA CRUZ DE TENERIFE,urban-centre,industrial,UTC,01/01/1987 00:00:00,,CCAA Islas Canarias,NET_ES205A
ES1760A,GRANADILLA,28.11249,-16.57758,580.0,Spain,GRANADILLA DE ABONA,urban-periphery,industrial,UTC,01/10/1994 00:00:00,,CCAA Islas Canarias,NET_ES205A
ES1761A,SAN ISIDRO,28.08001,-16.55986,235.0,Spain,GRANADILLA DE ABONA,urban-centre,industrial,UTC,01/10/1994 00:00:00,,CCAA Islas Canarias,NET_ES205A
ES1762A,MÉDANO,28.04733,-16.53605,12.0,Spain,GRANADILLA DE ABONA,urban-centre,industrial,UTC,01/10/1994 00:00:00,,CCAA Islas Canarias,NET_ES205A
ES1763A,CASTILLO DEL ROMERAL,27.80128,-15.46116,13.0,Spain,SAN BARTOLOMÉ DE TIRAJANA,urban-centre,industrial,UTC,15/06/1993 00:00:00,,CCAA Islas Canarias,NET_ES205A
ES1764A,IGUESTE,28.38054,-16.37199,215.0,Spain,CANDELARIA,urban-periphery,industrial,UTC,15/10/1988 00:00:00,,CCAA Islas Canarias,NET_ES205A
ES1766A,EL RÍO,28.14509,-16.52369,500.0,Spain,ARONA,urban-periphery,industrial,UTC,01/10/1994 00:00:00,,CCAA Islas Canarias,NET_ES205A
ES1768A,GALLETAS,28.00774,-16.65591,3.0,Spain,ARONA,urban-centre,background,UTC,01/10/1994 00:00:00,,CCAA Islas Canarias,NET_ES205A
ES1769A,SAN MIGUEL DE TAJAO,28.11137,-16.47163,30.0,Spain,ARICO,urban-periphery,industrial,UTC,01/10/1994 00:00:00,,CCAA Islas Canarias,NET_ES205A
ES1772A,BARRANCO HONDO,28.39341,-16.3581,396.0,Spain,CANDELARIA,urban-periphery,industrial,UTC,15/03/1991 00:00:00,,CCAA Islas Canarias,NET_ES205A
ES1778A,MONTSENY (LA CASTANYA),41.7793,2.358,693.0,Spain,MONTSENY,rural,background,UTC,31/12/2008 00:00:00,,CCAA Cataluña,NET_ES209A
ES1779A,ARRÚBAL,42.44,-2.239,336.0,Spain,ARRÚBAL,rural,industrial,UTC,01/10/2004 00:00:00,,CCAA La Rioja,NET_ES217A
ES1781A,JEREZ-CHAPMN,36.68855,-6.11724,62.0,Spain,JEREZ DE LA FRONTERA,urban-centre,background,UTC,04/11/2004 00:00:00,,CCAA Andalucía,NET_ES201A
ES1785A,BENAHADUX,36.9231,-2.46322,148.0,Spain,BENAHADUX,urban-centre,industrial,UTC,11/07/2005 00:00:00,,CCAA Andalucía,NET_ES201A
ES1786A,EL BOTICARIO,36.86495,-2.3905,55.0,Spain,ALMERÍA,urban-periphery,background,UTC,08/07/2020 00:00:00,,CCAA Andalucía,NET_ES201A
ES1790A,PONFERRADA 4,42.54278,-6.58472,541.0,Spain,PONFERRADA,urban-periphery,industrial,UTC,27/11/2004 00:00:00,,CCAA Castilla y León,NET_ES208A
ES1792A,MAZAGON,37.13379,-6.80745,31.0,Spain,MOGUER,urban-periphery,industrial,UTC,26/01/2005 00:00:00,,CCAA Andalucía,NET_ES201A
ES1793A,EL ARENOSILLO,37.1041,-6.7341,31.0,Spain,MOGUER,rural,background,UTC,11/12/2015 00:00:00,,CCAA Andalucía,NET_ES201A
ES1797A,BURRIANA RESIDENCIA,39.895,-0.08778,20.0,Spain,BURRIANA,urban-centre,industrial,UTC,01/01/2005 00:00:00,,CCAA Com. Valenciana,NET_ES210A
ES1798A,LA GRELA,43.3542,-8.4249,65.0,Spain,CORUÑA (A),urban-centre,industrial,UTC,01/06/2014 00:00:00,,CCAA Galicia,NET_ES212A
ES1799A,LEPANTO,37.89261,-4.76234,119.0,Spain,CÓRDOBA,urban-centre,background,UTC,07/09/2005 00:00:00,,CCAA Andalucía,NET_ES201A
ES1800A,ASOMADILLA,37.90274,-4.77958,152.0,Spain,CÓRDOBA,urban-periphery,background,UTC,29/06/2005 00:00:00,,CCAA Andalucía,NET_ES201A
ES1801A,ARGANDA DEL REY,40.30069,-3.45883,584.0,Spain,ARGANDA DEL REY,urban-centre,industrial,UTC,01/06/2006 00:00:00,,CCAA Madrid,NET_ES213A
ES1802A,EL ATAZAR,40.909,-3.4679,995.0,Spain,ATAZAR (EL),rural,background,UTC,01/09/2006 00:00:00,,CCAA Madrid,NET_ES213A
ES1803A,COLLADO VILLALBA,40.6339,-4.01425,873.0,Spain,COLLADO VILLALBA,urban-centre,traffic,UTC,31/05/2006 00:00:00,,CCAA Madrid,NET_ES213A
ES1805A,GUADALIX DE LA SIERRA,40.78063,-3.70215,852.0,Spain,GUADALIX DE LA SIERRA,rural,background,UTC,31/10/2006 00:00:00,,CCAA Madrid,NET_ES213A
ES1806A,ORUSCO DE TAJUÑA,40.2876,-3.2211,795.0,Spain,ORUSCO DE TAJUÑA,rural,background,UTC,29/09/2006 00:00:00,,CCAA Madrid,NET_ES213A
ES1807A,RIVAS-VACIAMADRID ,40.3597,-3.5429,610.0,Spain,RIVAS-VACIAMADRID,urban-periphery,background,UTC,02/08/2006 00:00:00,,CCAA Madrid,NET_ES213A
ES1808A,SAN MARTIN DE VALDEIGLESIAS ,40.3677,-4.3981,707.0,Spain,SAN MARTÍN DE VALDEIGLESIAS,rural,background,UTC,24/08/2006 00:00:00,,CCAA Madrid,NET_ES213A
ES1810A,VILLA DEL PRADO,40.2479,-4.2752,469.0,Spain,VILLA DEL PRADO,rural,background,UTC,14/06/2006 00:00:00,,CCAA Madrid,NET_ES213A
ES1812A,ALCOVER (MESTRAL),41.2784,1.1799,238.0,Spain,ALCOVER,rural,industrial,UTC,31/12/2005 00:00:00,,CCAA Cataluña,NET_ES209A
ES1813A,ELS GUIAMETS (CAMP DE FUTBOL),41.1007,0.7551,220.0,Spain,GUIAMETS (ELS),rural,background,UTC,01/03/2006 00:00:00,,CCAA Cataluña,NET_ES209A
ES1814A,MOLLET DEL VALLÈS (AP7 KM. 139),41.5492,2.2121,90.0,Spain,MOLLET DEL VALLÈS,urban-periphery,traffic,UTC,01/09/2023 00:00:00,,CCAA Cataluña,NET_ES209A
ES1815A,VILAFRANCA DEL PENEDÈS (ZONA ESPORTIVA),41.3468,1.6866,192.0,Spain,VILAFRANCA DEL PENEDÈS,urban-periphery,background,UTC,01/09/2023 00:00:00,,CCAA Cataluña,NET_ES209A
ES1816A,MATARÓ (PASSEIG DELS MOLINS),41.5472,2.4433,40.0,Spain,MATARÓ,urban-centre,background,UTC,31/12/2005 00:00:00,,CCAA Cataluña,NET_ES209A
ES1817A,SANTA PERPÈTUA DE MOGODA (ONZE DE SETEMBRE),41.5267,2.1838,84.0,Spain,SANTA PERPÈTUA DE MOGODA,urban-periphery,traffic,UTC,31/12/2006 00:00:00,,CCAA Cataluña,NET_ES209A
ES1818A,TOLEDO2,39.8681,-4.0208,500.0,Spain,TOLEDO,urban-periphery,background,UTC,15/03/2006 00:00:00,,CCAA Cast. la Mancha,NET_ES207A
ES1819A,MERIDA,38.90622,-6.33923,214.0,Spain,MÉRIDA,urban-centre,background,UTC,27/07/2006 00:00:00,,CCAA Extremadura,NET_ES211A
ES1820A,ZAFRA,38.42795,-6.39735,551.0,Spain,ZAFRA,urban-periphery,background,UTC,14/06/2006 00:00:00,,CCAA Extremadura,NET_ES211A
ES1821A,ARCOS,36.73975,-5.74372,216.0,Spain,ARCOS DE LA FRONTERA,urban-periphery,industrial,UTC,19/04/2005 00:00:00,,CCAA Andalucía,NET_ES201A
ES1822A,PRADO REY,36.79449,-5.53162,390.0,Spain,PRADO DEL REY,rural,industrial,UTC,06/04/2005 00:00:00,,CCAA Andalucía,NET_ES201A
ES1824A,LAS FUENTEZUELAS,37.78444,-3.81032,376.0,Spain,JAÉN,urban-periphery,background,UTC,23/02/2006 00:00:00,,CCAA Andalucía,NET_ES201A
ES1825A,SANT ANTONI DE PORTMANY,38.99439,1.31014,65.0,Spain,SANT ANTONI DE PORTMANY,urban-periphery,background,UTC,01/01/2006 00:00:00,,CCAA Islas Baleares,NET_ES204A
ES1826A,PATERNA-CEAM,39.55139,-0.46083,122.0,Spain,PATERNA,urban-periphery,background,UTC,03/12/2005 00:00:00,,CCAA Com. Valenciana,NET_ES210A
ES1827A,HOSPITAL JOAN MARCH,39.67883,2.68778,172.0,Spain,BUNYOLA,rural,background,UTC,01/05/2005 00:00:00,,CCAA Islas Baleares,NET_ES204A
ES1828A,CIUTADELLA DE MENORCA,40.01061,3.85758,30.0,Spain,CIUTADELLA DE MENORCA,urban-periphery,background,UTC,05/11/2021 00:00:00,,CCAA Islas Baleares,NET_ES204A
ES1829A,UIB-PARC BIT,39.63556,2.64806,109.0,Spain,PALMA DE MALLORCA,rural,background,UTC,01/07/2006 00:00:00,,CCAA Islas Baleares,NET_ES204A
ES1831A,TORRENT-SANTA EULALIA,38.9358,1.43291,12.0,Spain,SANTA EULALIA DEL RÍO,rural,background,UTC,01/03/2007 00:00:00,,CCAA Islas Baleares,NET_ES204A
ES1832A,CEMENTOS PORTLAND 1,41.93278,-4.47,721.0,Spain,VENTA DE BAÑOS,rural,industrial,UTC,01/01/2006 00:00:00,,CCAA Castilla y León,NET_ES208A
ES1833A,CEMENTOS PORTLAND 2,41.94806,-4.46583,732.0,Spain,VENTA DE BAÑOS,rural,industrial,UTC,01/01/2006 00:00:00,,CCAA Castilla y León,NET_ES208A
ES1834A,CASTELLÓ-PATRONAT D'ESPORTS,39.98889,-0.02611,18.0,Spain,CASTELLÓN DE LA PLANA/CASTELLÓ DE LA PLANA,urban-centre,traffic,UTC,02/02/2006 00:00:00,,CCAA Com. Valenciana,NET_ES210A
ES1835A,LA JOYA,36.95,-1.96148,51.0,Spain,NÍJAR,rural,industrial,UTC,22/05/2006 00:00:00,,CCAA Andalucía,NET_ES201A
ES1836A,LAS FUENTES,41.64222,-0.86194,198.0,Spain,ZARAGOZA,urban-centre,traffic,UTC,01/01/2006 00:00:00,,Ayto Zaragoza,NET_ES021A
ES1837A,CENTRO,41.64833,-0.88389,210.0,Spain,ZARAGOZA,urban-centre,traffic,UTC,01/01/2006 00:00:00,,Ayto Zaragoza,NET_ES021A
ES1841A,MATARÓ (LABORATORI D'AIGÜES),41.5519,2.4373,30.0,Spain,MATARÓ,urban-periphery,background,UTC,01/07/2005 00:00:00,,CCAA Cataluña,NET_ES209A
ES1842A,TIANA (AJUNTAMENT),41.4815,2.2692,111.0,Spain,TIANA,urban-periphery,background,UTC,01/06/2005 00:00:00,,CCAA Cataluña,NET_ES209A
ES1845A,PZA. DEL CASTILLO,36.9968,-1.8954,5.0,Spain,CARBONERAS,urban-centre,industrial,UTC,20/07/2005 00:00:00,,CCAA Andalucía,NET_ES201A
ES1847A,AGOST,38.43606,-0.63804,310.0,Spain,AGOST,urban-centre,industrial,UTC,06/09/2005 00:00:00,,CCAA Com. Valenciana,NET_ES210A
ES1849A,ELX-PARC DE BOMBERS,38.25917,-0.7175,99.0,Spain,ELCHE/ELX,urban-centre,traffic,UTC,17/07/2007 00:00:00,,CCAA Com. Valenciana,NET_ES210A
ES1851A,BERGA (POLIESPORTIU),42.0979,1.8482,661.0,Spain,BERGA,urban-periphery,background,UTC,30/04/2007 00:00:00,,CCAA Cataluña,NET_ES209A
ES1855A,VANDELLÒS I L'HOSPITALET DE L'INFANT (VIVER),41.0095,0.9129,60.0,Spain,VANDELLÒS I L'HOSPITALET DE L'INFANT,rural,industrial,UTC,31/12/2006 00:00:00,,CCAA Cataluña,NET_ES209A
ES1856A,BARCELONA (PARC DE LA VALL D'HEBRON),41.4261,2.148,136.0,Spain,BARCELONA,urban-centre,background,UTC,31/12/2007 00:00:00,,CCAA Cataluña,NET_ES209A
ES1857A,CIUDAD REAL,38.9939,-3.9378,635.0,Spain,CIUDAD REAL,urban-periphery,background,UTC,29/11/2007 00:00:00,,CCAA Cast. la Mancha,NET_ES207A
ES1858A,CUENCA,40.0619,-2.1297,948.0,Spain,CUENCA,urban-periphery,background,UTC,03/12/2007 00:00:00,,CCAA Cast. la Mancha,NET_ES207A
ES1860A,COBRE LAS CRUCES,37.55502,-6.03616,1.0,Spain,GUILLENA,rural,industrial,UTC,09/10/2007 00:00:00,,CCAA Andalucía,NET_ES201A
ES1863A,ARRECIFE,28.97699,-13.54758,44.0,Spain,ARRECIFE,urban-centre,industrial,UTC,10/05/2003 00:00:00,,CCAA Islas Canarias,NET_ES205A
ES1864A,COSTA TEGUISE,28.99031,-13.51655,36.0,Spain,TEGUISE,urban-periphery,industrial,UTC,10/05/2003 00:00:00,,CCAA Islas Canarias,NET_ES205A
ES1865A,CENTRO DE ARTE JUAN ISMAEL,28.50026,-13.8524,20.0,Spain,PUERTO DEL ROSARIO,urban-centre,industrial,UTC,01/05/2006 00:00:00,,CCAA Islas Canarias,NET_ES205A
ES1866A,PARQUE DE LA PIEDRA,28.50276,-13.8537,15.0,Spain,PUERTO DEL ROSARIO,urban-centre,industrial,UTC,01/05/2006 00:00:00,,CCAA Islas Canarias,NET_ES205A
ES1867A,FERROL,43.4815,-8.24312,5.0,Spain,FERROL,urban-centre,traffic,UTC,30/08/2007 00:00:00,,CCAA Galicia,NET_ES212A
ES1868A,COMPOSTELA,42.876,-8.5591,220.0,Spain,SANTIAGO DE COMPOSTELA,urban-periphery,background,UTC,01/12/2007 00:00:00,,CCAA Galicia,NET_ES212A
ES1870A,BARCELONA (EL PORT VELL),41.3749,2.1868,1.0,Spain,BARCELONA,urban-periphery,industrial,UTC,01/01/2006 00:00:00,,CCAA Cataluña,NET_ES209A
ES1877A,ALMASSORA-C. P. OCHANDO,39.94528,-0.05639,27.0,Spain,ALMAZORA/ALMASSORA,urban-centre,industrial,UTC,10/10/2006 00:00:00,,CCAA Com. Valenciana,NET_ES210A
ES1878A,MATALASCAÑAS,37.0161,-6.57042,22.0,Spain,ALMONTE,rural,background,UTC,31/01/2008 00:00:00,,CCAA Andalucía,NET_ES201A
ES1879A,CASTELNOU,41.22528,-0.36472,201.0,Spain,CASTELNOU,rural,industrial,UTC,23/03/2006 00:00:00,,CCAA Aragón,NET_ES202A
ES1882A,CARAVACA,38.1147,-1.8687,1.0,Spain,CARAVACA DE LA CRUZ,rural,background,UTC,11/02/2025 00:00:00,,CCAA Murcia,NET_ES214A
ES1883A,TORRELISA,42.4578,0.1819,1005.0,Spain,PUEYO DE ARAGUÁS (EL),rural,background,UTC,01/02/2008 00:00:00,,CCAA Aragón,NET_ES202A
ES1884A,SAGUNT CEA,39.63417,-0.26583,3.0,Spain,SAGUNTO/SAGUNT,urban-periphery,industrial,UTC,01/01/2008 00:00:00,,CCAA Com. Valenciana,NET_ES210A
ES1885A,VALÈNCIA-POLITÈCNIC,39.4803,-0.3364,7.0,Spain,VALENCIA,urban-periphery,background,UTC,04/04/2008 00:00:00,,CCAA Com. Valenciana,NET_ES210A
ES1886A,BUÑOL CEMEX,39.42722,-0.78389,400.0,Spain,BUÑOL,urban-periphery,industrial,UTC,21/05/2007 00:00:00,,CCAA Com. Valenciana,NET_ES210A
ES1889A,SALAMANCA 6,40.96083,-5.63972,743.0,Spain,SALAMANCA,urban-periphery,background,UTC,21/12/2006 00:00:00,,CCAA Castilla y León,NET_ES208A
ES1892A,BADALONA (MONT-ROIG - AUSIÀS MARCH),41.444,2.2379,7.0,Spain,BADALONA,urban-centre,background,UTC,01/12/2008 00:00:00,,CCAA Cataluña,NET_ES209A
ES1893A,CENTRO CULTURAL ALFREDO KRAUSS,40.49083,-3.72111,669.0,Spain,MADRID,urban-centre,background,UTC,30/01/2009 00:00:00,,Ayto Madrid,NET_ES131A
ES1894A,JUNTA MUNICIPAL DE MORATALAZ,40.39861,-3.63694,687.0,Spain,MADRID,urban-centre,background,UTC,30/12/2008 00:00:00,,Ayto Madrid,NET_ES131A
ES1896A,SANTA MARGARIDA I ELS MONJOS (ELS MONJOS),41.32052,1.6642,170.0,Spain,SANTA MARGARIDA I ELS MONJOS,urban-periphery,industrial,UTC,04/06/2008 00:00:00,,CCAA Cataluña,NET_ES209A
ES1897A,CAMPANILLAS CIFA,36.72785,-4.56095,55.0,Spain,MÁLAGA,urban-periphery,industrial,UTC,01/08/2008 00:00:00,,CCAA Andalucía,NET_ES201A
ES1898A,CAMPILLOS,36.9623,-4.84483,359.0,Spain,CAMPILLOS,rural,background,UTC,01/01/2010 00:00:00,,CCAA Andalucía,NET_ES201A
ES1899A,SANTA MARGARIDA I ELS MONJOS (LA RÀPITA),41.3084,1.6473,155.0,Spain,SANTA MARGARIDA I ELS MONJOS,rural,industrial,UTC,29/01/2009 00:00:00,,CCAA Cataluña,NET_ES209A
ES1900A,BARCELONA (IES VERDAGUER),41.3872,2.1867,7.0,Spain,BARCELONA,urban-centre,background,UTC,01/01/2009 00:00:00,,CCAA Cataluña,NET_ES209A
ES1901A,SAN CAETANO,42.8878,-8.5311,260.0,Spain,SANTIAGO DE COMPOSTELA,urban-centre,traffic,UTC,01/09/2008 00:00:00,,CCAA Galicia,NET_ES212A
ES1903A,VILADECANS (ATRIUM),41.3135,2.0138,14.0,Spain,VILADECANS,urban-periphery,background,UTC,01/05/2009 00:00:00,,CCAA Cataluña,NET_ES209A
ES1905A,LUGO-FINGOY,42.9979,-7.5509,450.0,Spain,LUGO,urban-centre,traffic,UTC,01/07/2008 00:00:00,,CCAA Galicia,NET_ES212A
ES1907A,CENTRO CIVICO,43.3023,-8.506,100.0,Spain,ARTEIXO,urban-periphery,industrial,UTC,01/04/2008 00:00:00,,CCAA Galicia,NET_ES212A
ES1909A,L'AMETLLA DE MAR (ESCOLA NÀUTICA),40.8807,0.7992,2.0,Spain,AMETLLA DE MAR (L'),rural,background,UTC,12/03/2009 00:00:00,,CCAA Cataluña,NET_ES209A
ES1910A,GAVÀ (PARC DEL MIL·LENI),41.3031,1.9915,25.0,Spain,GAVÀ,urban-periphery,background,UTC,01/05/2009 00:00:00,,CCAA Cataluña,NET_ES209A
ES1911A,ALBALAT DELS TARONGERS,39.70528,-0.33667,320.0,Spain,ALBALAT DELS TARONGERS,urban-periphery,industrial,UTC,18/02/2009 00:00:00,,CCAA Com. Valenciana,NET_ES210A
ES1912A,VALÈNCIA - AVD. FRANCIA,39.4575,-0.34278,7.0,Spain,VALENCIA,urban-centre,traffic,UTC,01/01/2009 00:00:00,,CCAA Com. Valenciana,NET_ES210A
ES1913A,EL PINÓS,38.45167,-1.06472,642.0,Spain,PINOSO,rural,background,UTC,18/01/2006 00:00:00,,CCAA Com. Valenciana,NET_ES210A
ES1914A,ELDA-LACY,38.45472,-0.80333,355.0,Spain,ELDA,urban-periphery,background,UTC,04/09/2008 00:00:00,,CCAA Com. Valenciana,NET_ES210A
ES1915A,ALACANT-FLORIDA-BABEL,38.34028,-0.50667,55.0,Spain,ALICANTE/ALACANT,urban-centre,background,UTC,18/07/2008 00:00:00,,CCAA Com. Valenciana,NET_ES210A
ES1916A,CASTELLÓ - ITC,39.99583,-0.065,30.0,Spain,CASTELLÓN DE LA PLANA/CASTELLÓ DE LA PLANA,urban-centre,background,UTC,01/01/2009 00:00:00,,CCAA Com. Valenciana,NET_ES210A
ES1917A,TORREBAJA,40.09944,-1.25389,728.0,Spain,TORREBAJA,rural,background,UTC,17/08/2006 00:00:00,,CCAA Com. Valenciana,NET_ES210A
ES1918A,VALL D'ALBA PM,40.175,-0.03444,305.0,Spain,VALL D'ALBA,urban-centre,industrial,UTC,02/05/2008 00:00:00,,CCAA Com. Valenciana,NET_ES210A
ES1919A,PARQUE DE SAN JUAN-TELDE,28.00365,-15.41185,113.0,Spain,TELDE,urban-centre,background,UTC,23/01/2008 00:00:00,,CCAA Islas Canarias,NET_ES205A
ES1920A,LA HIDALGA-ARAFO,28.33722,-16.39972,275.0,Spain,ARAFO,urban-periphery,background,UTC,24/01/2008 00:00:00,,CCAA Islas Canarias,NET_ES205A
ES1921A,MOMPEAN,37.6018,-0.9762,10.0,Spain,CARTAGENA,urban-centre,background,UTC,03/08/2005 00:00:00,,CCAA Murcia,NET_ES214A
ES1922A,PALENCIA 3,42.0194,-4.5383,953.0,Spain,PALENCIA,urban-centre,traffic,UTC,06/03/2009 00:00:00,,CCAA Castilla y León,NET_ES208A
ES1923A,TONA (ZONA ESPORTIVA),41.846,2.2176,620.0,Spain,TONA,rural,background,UTC,01/01/2019 00:00:00,,CCAA Cataluña,NET_ES209A
ES1924A,PALACIO CONGRESOS,37.16568,-3.6001,666.0,Spain,GRANADA,urban-centre,background,UTC,17/06/2009 00:00:00,,CCAA Andalucía,NET_ES201A
ES1925A,PUENTE MAYORGA,36.1801,-5.3825,3.0,Spain,SAN ROQUE,urban-centre,industrial,UTC,19/05/2009 00:00:00,,CCAA Andalucía,NET_ES201A
ES1926A,VALÈNCIA - MOLÍ DEL SOL,39.4811,-0.4083,11.0,Spain,VALENCIA,urban-periphery,traffic,UTC,06/08/2009 00:00:00,,CCAA Com. Valenciana,NET_ES210A
ES1927A,ZAMORA 2,41.50972,-5.74639,720.0,Spain,ZAMORA,urban-centre,traffic,UTC,03/07/2009 00:00:00,,CCAA Castilla y León,NET_ES208A
ES1929A,EL PRAT DE LLOBREGAT (JARDINS DE LA PAU),41.3215,2.0977,5.0,Spain,PRAT DE LLOBREGAT (EL),urban-periphery,background,UTC,01/11/2009 00:00:00,,CCAA Cataluña,NET_ES209A
ES1930A,L'AMETLLA DE MAR (DEIXALLERIA),40.9027,0.8098,34.0,Spain,AMETLLA DE MAR (L'),rural,background,UTC,01/09/2009 00:00:00,,CCAA Cataluña,NET_ES209A
ES1931A,MONTCADA I REIXAC (CAN SANT JOAN),41.4698,2.1842,29.0,Spain,MONTCADA I REIXAC,urban-periphery,industrial,UTC,01/09/2023 00:00:00,,CCAA Cataluña,NET_ES209A
ES1937A,MENDEZ ALVARO,40.39806,-3.68667,609.0,Spain,MADRID,urban-centre,background,UTC,21/12/2009 00:00:00,,Ayto Madrid,NET_ES131A
ES1938A,CASTELLANA,40.43972,-3.69028,676.0,Spain,MADRID,urban-centre,traffic,UTC,01/02/2010 00:00:00,,Ayto Madrid,NET_ES131A
ES1939A,RETIRO,40.40972,-3.68556,672.0,Spain,MADRID,urban-centre,background,UTC,01/01/2010 00:00:00,,Ayto Madrid,NET_ES131A
ES1940A,PLAZA CASTILLA-CANAL,40.46583,-3.68833,729.0,Spain,MADRID,urban-centre,traffic,UTC,01/02/2010 00:00:00,,Ayto Madrid,NET_ES131A
ES1941A,ENSANCHE DE VALLECAS,40.37278,-3.61194,630.0,Spain,MADRID,urban-centre,background,UTC,01/01/2025 00:00:00,,Ayto Madrid,NET_ES131A
ES1942A,URBANIZACION EMBAJADA,40.4625,-3.58056,619.0,Spain,MADRID,urban-centre,background,UTC,20/01/2010 00:00:00,,Ayto Madrid,NET_ES131A
ES1943A,PLAZA ELÍPTICA,40.3847,-3.7186,605.0,Spain,MADRID,urban-centre,traffic,UTC,01/01/2018 00:00:00,,Ayto Madrid,NET_ES131A
ES1945A,EL PARDO,40.51806,-3.77444,700.0,Spain,MADRID,urban-periphery,background,UTC,01/12/2009 00:00:00,,Ayto Madrid,NET_ES131A
ES1946A,JUAN CARLOS I,40.465,-3.60889,669.0,Spain,MADRID,urban-periphery,background,UTC,14/12/2009 00:00:00,,Ayto Madrid,NET_ES131A
ES1947A,TRES OLIVOS,40.50056,-3.68972,715.0,Spain,MADRID,urban-centre,background,UTC,14/01/2010 00:00:00,,Ayto Madrid,NET_ES131A
ES1952A,POLIDEPORTIVO AFONSO-ARUCAS,28.11127,-15.52092,226.0,Spain,ARUCAS,urban-periphery,background,UTC,30/12/2009 00:00:00,,CCAA Islas Canarias,NET_ES205A
ES1954A,BALSA DE ZAMORA-LOS REALEJOS,28.3831,-16.57067,371.0,Spain,REALEJOS (LOS),rural,background,UTC,02/11/2008 00:00:00,,CCAA Islas Canarias,NET_ES205A
ES1955A,CIUDAD DEPORTIVA-ARRECIFE,28.96787,-13.55586,22.0,Spain,ARRECIFE,urban-centre,background,UTC,12/11/2008 00:00:00,,CCAA Islas Canarias,NET_ES205A
ES1956A,SAN ANTONIO-BREÑA BAJA,28.6454,-17.77155,208.0,Spain,BREÑA BAJA,urban-periphery,background,UTC,18/01/2010 00:00:00,,CCAA Islas Canarias,NET_ES205A
ES1957A,TORRE DE HÉRCULES,43.3828,-8.4092,25.0,Spain,CORUÑA (A),urban-periphery,background,UTC,31/12/2008 00:00:00,,CCAA Galicia,NET_ES212A
ES1958A,MACIÑEIRA,43.4454,-7.9181,418.0,Spain,PONTES DE GARCÍA RODRÍGUEZ (AS),rural,industrial,UTC,31/12/2008 00:00:00,,CCAA Galicia,NET_ES212A
ES1960A,A CABANA,43.4916,-8.2522,33.0,Spain,FERROL,urban-periphery,industrial,UTC,31/12/2008 00:00:00,,CCAA Galicia,NET_ES212A
ES1963A,ESTACIÓN DE LA SAGRA (ILLESCAS),40.1192,-3.8328,548.0,Spain,ILLESCAS,urban-periphery,background,UTC,13/05/2010 00:00:00,,CCAA Cast. la Mancha,NET_ES207A
ES1966A,ALCAÑIZ CAPUCHINOS,41.05417,-0.13889,340.0,Spain,ALCAÑIZ,urban-centre,industrial,UTC,01/09/2006 00:00:00,,CCAA Aragón,NET_ES202A
ES1967A,SEGOVIA 2,40.95556,-4.11056,952.0,Spain,SEGOVIA,urban-centre,traffic,UTC,03/02/2010 00:00:00,,CCAA Castilla y León,NET_ES208A
ES1968A,ALACANT - RABASSA,38.35111,-0.51389,20.0,Spain,ALICANTE/ALACANT,urban-periphery,industrial,UTC,20/01/2010 00:00:00,,CCAA Com. Valenciana,NET_ES210A
ES1969A,LA VALL D'UIXÓ,39.82361,-0.24444,250.0,Spain,VALL D'UIXÓ (LA),urban-periphery,background,UTC,20/04/2010 00:00:00,,CCAA Com. Valenciana,NET_ES210A
ES1970A,VALÈNCIA - BULEVARD SUD,39.45028,-0.39639,15.0,Spain,VALENCIA,urban-centre,traffic,UTC,24/05/2010 00:00:00,,CCAA Com. Valenciana,NET_ES210A
ES1973A,CIUDAD DEPORTIVA,37.1356,-3.6193,684.0,Spain,ARMILLA,urban-periphery,background,UTC,07/03/2010 00:00:00,,CCAA Andalucía,NET_ES201A
ES1974A,MONTEVIL,43.5166,-5.6707,51.0,Spain,GIJÓN,urban-centre,background,UTC,27/04/2010 00:00:00,,CCAA Asturias,NET_ES203A
ES1975A,DEPÓSITO TRISTÁN-STA CRUZ DE TF,28.45816,-16.27878,200.0,Spain,SANTA CRUZ DE TENERIFE,urban-centre,background,UTC,05/04/2010 00:00:00,,CCAA Islas Canarias,NET_ES205A
ES1976A,VUELTA LOS PÁJAROS-STA CRUZ DE TF,28.46179,-16.27662,158.0,Spain,SANTA CRUZ DE TENERIFE,urban-centre,industrial,UTC,25/02/2010 00:00:00,,CCAA Islas Canarias,NET_ES205A
ES1978A,CASA PALACIO-PUERTO DEL ROSARIO,28.49838,-13.86083,23.0,Spain,PUERTO DEL ROSARIO,urban-centre,background,UTC,18/06/2010 00:00:00,,CCAA Islas Canarias,NET_ES205A
ES1979A,LA GRAMA-BREÑA ALTA,28.66771,-17.77555,245.0,Spain,BREÑA ALTA,urban-periphery,industrial,UTC,01/05/2010 00:00:00,,CCAA Islas Canarias,NET_ES205A
ES1980A,EL PILAR-STA CRUZ DE LA PALMA,28.68598,-17.76459,52.0,Spain,SANTA CRUZ DE LA PALMA,urban-centre,industrial,UTC,01/05/2010 00:00:00,,CCAA Islas Canarias,NET_ES205A
ES1982A,MONTSEC (OAM),42.0513,0.7296,1570.0,Spain,SANT ESTEVE DE LA SARGA,rural,background,UTC,31/12/2010 00:00:00,,CCAA Cataluña,NET_ES209A
ES1983A,EL PRAT DE LLOBREGAT (CEM SAGNIER),41.3218,2.0821,7.0,Spain,PRAT DE LLOBREGAT (EL),urban-periphery,background,UTC,01/01/2011 00:00:00,,CCAA Cataluña,NET_ES209A
ES1984A,SARIÑENA ESCUELAS,41.79778,-0.15611,286.0,Spain,SARIÑENA,urban-centre,industrial,UTC,01/08/2008 00:00:00,,CCAA Aragón,NET_ES202A
ES1986A,ARANDA DE DUERO 2,41.66556,-3.68889,801.0,Spain,ARANDA DE DUERO,urban-centre,traffic,UTC,12/01/2010 00:00:00,,CCAA Castilla y León,NET_ES208A
ES1987A,MEDINA DE POMAR,42.9519,-3.4753,613.0,Spain,MEDINA DE POMAR,rural,background,UTC,08/04/2010 00:00:00,,CCAA Castilla y León,NET_ES208A
ES1988A,LEÓN 4,42.5753,-5.5664,814.0,Spain,LEÓN,urban-periphery,background,UTC,01/01/2010 00:00:00,,CCAA Castilla y León,NET_ES208A
ES1989A,LARIO,43.0414,-5.0897,1140.0,Spain,BURÓN,rural,background,UTC,06/05/2010 00:00:00,,CCAA Castilla y León,NET_ES208A
ES1990A,EL MAILLO,40.56972,-6.22389,985.0,Spain,MAÍLLO (EL),rural,background,UTC,01/07/2010 00:00:00,,CCAA Castilla y León,NET_ES208A
ES1991A,MURIEL DE LA FUENTE,41.72361,-2.85694,1017.0,Spain,MURIEL DE LA FUENTE,rural,background,UTC,27/01/2010 00:00:00,,CCAA Castilla y León,NET_ES208A
ES1992A,BARCELONA (PALAU REIAL),41.3875,2.1151,81.0,Spain,BARCELONA,urban-centre,background,UTC,17/03/2011 00:00:00,,CCAA Cataluña,NET_ES209A
ES1993A,PARQUE JOYERO,37.87522,-4.81583,119.0,Spain,CÓRDOBA,urban-periphery,industrial,UTC,01/01/2010 00:00:00,,CCAA Andalucía,NET_ES201A
ES1994A,LA MISERICÒRDIA,39.57439,2.64761,15.0,Spain,PALMA DE MALLORCA,urban-centre,background,UTC,01/07/2010 00:00:00,,CCAA Islas Baleares,NET_ES204A
ES1995A,SANT JOAN DE DÉU,39.54769,2.70111,2.0,Spain,PALMA DE MALLORCA,urban-centre,industrial,UTC,01/01/2011 00:00:00,,CCAA Islas Baleares,NET_ES204A
ES1996A,BÉDAR,37.19299,-1.97908,380.0,Spain,BÉDAR,urban-periphery,background,UTC,10/02/2011 00:00:00,,CCAA Andalucía,NET_ES201A
ES1997A,PLASENCIA,40.04374,-6.08481,181.0,Spain,PLASENCIA,urban-periphery,background,UTC,01/01/2011 00:00:00,,CCAA Extremadura,NET_ES211A
ES1998A,CENTRO INTEGRADO ARGANZUELA,40.4025,-3.695,600.0,Spain,MADRID,urban-centre,background,UTC,01/01/2010 00:00:00,,Ayto Madrid,NET_ES131A
ES1999A,GIRONA (ESCOLA DE MÚSICA),41.9764,2.8165,73.0,Spain,GIRONA,urban-centre,traffic,UTC,19/05/2011 00:00:00,,CCAA Cataluña,NET_ES209A
ES2000A,PISCINA MUNICIPAL-STA CRUZ DE TF,28.45795,-16.26333,68.0,Spain,SANTA CRUZ DE TENERIFE,urban-centre,industrial,UTC,15/12/2010 00:00:00,,CCAA Islas Canarias,NET_ES205A
ES2001A,CORTES DE PALLÁS,39.26083,-0.93444,493.0,Spain,CORTES DE PALLÁS,rural,background,UTC,14/07/2010 00:00:00,,CCAA Com. Valenciana,NET_ES210A
ES2002A,TEFÍA-PUERTO DEL ROSARIO,28.52722,-14.00444,160.0,Spain,PUERTO DEL ROSARIO,rural,background,UTC,01/01/2026 00:00:00,,CCAA Islas Canarias,NET_ES205A
ES2003A,TENA ARTIGAS-STA CRUZ DE TENERIFE,28.45537,-16.27675,169.0,Spain,SANTA CRUZ DE TENERIFE,urban-centre,background,UTC,22/10/2010 00:00:00,,CCAA Islas Canarias,NET_ES205A
ES2004A,LA LOMA-TELDE,28.02632,-15.41466,115.0,Spain,TELDE,urban-centre,industrial,UTC,01/01/2011 00:00:00,,CCAA Islas Canarias,NET_ES205A
ES2005A,CEE,42.9536,-9.1861,29.0,Spain,CEE,urban-centre,industrial,UTC,30/06/2011 00:00:00,,CCAA Galicia,NET_ES212A
ES2006A,DUMBRIA,43.0089,-9.1189,198.0,Spain,DUMBRÍA,rural,industrial,UTC,30/06/2011 00:00:00,,CCAA Galicia,NET_ES212A
ES2007A,VALLE DE ESCOMBRERAS,37.5744,-0.92654,10.0,Spain,CARTAGENA,urban-periphery,industrial,UTC,31/12/2010 00:00:00,,CCAA Murcia,NET_ES214A
ES2010A,LA RUBIA II,41.63,-4.74056,683.0,Spain,VALLADOLID,urban-centre,traffic,UTC,01/04/2011 00:00:00,,CCAA Castilla y León,NET_ES208A
ES2011A,SANT VICENÇ DELS HORTS (ÀLABA),41.4008,1.9996,65.0,Spain,SANT VICENÇ DELS HORTS,urban-periphery,industrial,UTC,01/03/2012 00:00:00,,CCAA Cataluña,NET_ES209A
ES2012A,PALLEJÀ (ROCA DE VILANA),41.4153,1.9905,82.0,Spain,PALLEJÀ,urban-periphery,industrial,UTC,01/03/2012 00:00:00,,CCAA Cataluña,NET_ES209A
ES2014A,LAZA,42.0616,-7.4089,760.0,Spain,LAZA,rural,background,UTC,31/12/2010 00:00:00,,CCAA Galicia,NET_ES212A
ES2015A,PONTEAREAS,42.1814,-8.5239,42.0,Spain,PONTEAREAS,urban-periphery,background,UTC,01/01/2016 00:00:00,,CCAA Galicia,NET_ES212A
ES2017A,ALCANAR (LLAR DE JUBILATS),40.5528,0.53,7.0,Spain,ALCANAR,rural,industrial,UTC,01/03/2012 00:00:00,,CCAA Cataluña,NET_ES209A
ES2018A,ALGAR DE PALÀNCIA,39.78222,-0.35917,200.0,Spain,ALGAR DE PALANCIA,rural,background,UTC,12/03/2012 00:00:00,,CCAA Com. Valenciana,NET_ES210A
ES2019A,VILAMARXANT,39.56472,-0.62556,510.0,Spain,VILAMARXANT,urban-periphery,background,UTC,01/01/2012 00:00:00,,CCAA Com. Valenciana,NET_ES210A
ES2020A,GARCÍA ESCÁMEZ-STA CRUZ DE TF,28.45666,-16.27184,119.0,Spain,SANTA CRUZ DE TENERIFE,urban-centre,industrial,UTC,25/09/2011 00:00:00,,CCAA Islas Canarias,NET_ES205A
ES2021A,PARQUE LA GRANJA-STA CRUZ DE TF,28.46301,-16.26488,78.0,Spain,SANTA CRUZ DE TENERIFE,urban-centre,industrial,UTC,25/09/2011 00:00:00,,CCAA Islas Canarias,NET_ES205A
ES2022A,DEPÓSITO LA GUANCHA-CANDELARIA ,28.38016,-16.36833,128.0,Spain,CANDELARIA,urban-periphery,industrial,UTC,15/02/2012 00:00:00,,CCAA Islas Canarias,NET_ES205A
ES2024A,ECHEDO-VALVERDE,27.83177,-17.92167,375.0,Spain,VALVERDE,urban-periphery,background,UTC,01/01/2013 00:00:00,,CCAA Islas Canarias,NET_ES205A
ES2025A,EL CHARCO-PTO DEL ROSARIO,28.50616,-13.84898,15.0,Spain,PUERTO DEL ROSARIO,urban-centre,industrial,UTC,06/03/2012 00:00:00,,CCAA Islas Canarias,NET_ES205A
ES2027A,BADALONA (ASSEMBLEA DE CATALUNYA),41.4513,2.2482,6.0,Spain,BADALONA,urban-centre,background,UTC,01/01/2012 00:00:00,,CCAA Cataluña,NET_ES209A
ES2028A,GETAFE,40.31452,-3.71687,622.0,Spain,GETAFE,urban-centre,traffic,UTC,15/02/2013 00:00:00,,CCAA Madrid,NET_ES213A
ES2029A,ÁVILA 2,40.66472,-4.70083,1150.0,Spain,ÁVILA,urban-periphery,background,UTC,27/03/2012 00:00:00,,CCAA Castilla y León,NET_ES208A
ES2030A,MARBELLA ARCO,36.511,-4.863,39.0,Spain,MARBELLA,urban-centre,traffic,UTC,30/10/2012 00:00:00,,CCAA Andalucía,NET_ES201A
ES2031A,AVENIDA JUAN XXIII,36.7073,-4.446,380.0,Spain,MÁLAGA,urban-centre,traffic,UTC,12/12/2018 00:00:00,,CCAA Andalucía,NET_ES201A
ES2032A,TUDELA VEGUÍN,42.80167,-5.64889,1.0,Spain,ROBLA (LA),rural,industrial,UTC,01/01/2012 00:00:00,,CCAA Castilla y León,NET_ES208A
ES2034A,JUNEDA (PLA DEL MOLÍ),41.5441,0.8299,255.0,Spain,JUNEDA,rural,background,UTC,01/09/2023 00:00:00,,CCAA Cataluña,NET_ES209A
ES2036A,VINARÒS PLANTA,40.54611,0.425,105.0,Spain,VINARÒS,rural,industrial,UTC,01/01/2013 00:00:00,,CCAA Com. Valenciana,NET_ES210A
ES2037A,VINARÒS PLATAFORMA,40.38333,0.70917,22.0,Spain,VINARÒS,rural,industrial,UTC,01/01/2013 00:00:00,,CCAA Com. Valenciana,NET_ES210A
ES2038A,TIO PINO-STA CRUZ DE TENERIFE,28.45931,-16.27021,104.0,Spain,SANTA CRUZ DE TENERIFE,urban-centre,industrial,UTC,27/02/2013 00:00:00,,CCAA Islas Canarias,NET_ES205A
ES2041A,MONZÓN CENTRO,41.91614,0.1911,308.0,Spain,MONZÓN,urban-centre,background,UTC,03/10/2013 00:00:00,,CCAA Aragón,NET_ES202A
ES2042A,VALLADOLID SUR,41.6142,-4.7722,690.0,Spain,VALLADOLID,urban-centre,traffic,UTC,01/01/2013 00:00:00,,CCAA Castilla y León,NET_ES208A
ES2044A,RESIDENCIA ESCOLAR-SS GOMERA,28.09905,-17.12051,20.0,Spain,SAN SEBASTIÁN DE LA GOMERA,urban-centre,background,UTC,07/11/2013 00:00:00,,CCAA Islas Canarias,NET_ES205A
ES2047A,AVDA. AL-NASIR,37.8926,-4.7801,120.0,Spain,CÓRDOBA,urban-centre,traffic,UTC,17/07/2013 00:00:00,,CCAA Andalucía,NET_ES201A
ES2048A,SAN PEDRO (AIR LIQUIDE),43.3774,-8.4369,130.0,Spain,CORUÑA (A),urban-periphery,industrial,UTC,26/12/2013 00:00:00,,CCAA Galicia,NET_ES212A
ES2049A,BUSCÁS,43.116,-8.3513,408.0,Spain,ORDES,rural,industrial,UTC,02/10/2003 00:00:00,,CCAA Galicia,NET_ES212A
ES2051A,LUGONES INSTITUTO,43.4015,-5.8028,170.0,Spain,SIERO,urban-periphery,industrial,UTC,01/01/2014 00:00:00,,CCAA Asturias,NET_ES203A
ES2052A,VALENCIA-ALBUFERA,39.31556,-0.31861,1.0,Spain,VALENCIA,rural,background,UTC,01/01/2014 00:00:00,,CCAA Com. Valenciana,NET_ES210A
ES2053A,LAS GALANAS -SS GOMERA,28.09012,-17.1181,49.0,Spain,SAN SEBASTIÁN DE LA GOMERA,urban-centre,industrial,UTC,19/03/2014 00:00:00,,CCAA Islas Canarias,NET_ES205A
ES2054A,SALINAS,43.5705,-5.9583,8.0,Spain,AVILÉS,urban-periphery,background,UTC,01/11/2014 00:00:00,,CCAA Asturias,NET_ES203A
ES2055A,TORRENT-EL VEDAT,39.42528,-0.4825,100.0,Spain,TORRENT,urban-periphery,background,UTC,18/07/2014 00:00:00,,CCAA Com. Valenciana,NET_ES210A
ES2058A,CASTREJANA,43.25811,-2.97344,175.0,Spain,BARAKALDO,urban-periphery,industrial,UTC,14/08/2012 00:00:00,,CCAA País Vasco,NET_ES216A
ES2061A,CAMPOLONGO,42.42593,-8.644,15.0,Spain,PONTEVEDRA,urban-centre,traffic,UTC,01/01/2015 00:00:00,,CCAA Galicia,NET_ES212A
ES2063A,LOPE DE VEGA,42.2224,-8.7111,30.0,Spain,VIGO,urban-centre,traffic,UTC,01/01/2015 00:00:00,,CCAA Galicia,NET_ES212A
ES2064A,AVENIDA SORIA,41.65917,-0.9068,208.0,Spain,ZARAGOZA,urban-periphery,traffic,UTC,01/05/2015 00:00:00,,Ayto Zaragoza,NET_ES021A
ES2065A,MENUT,39.83025,2.90072,584.0,Spain,ESCORCA,rural,background,UTC,01/08/2024 00:00:00,,CCAA Islas Baleares,NET_ES204A
ES2066A,LA GRANATILLA,36.9581,-2.1592,200.0,Spain,NÍJAR,urban-periphery,industrial,UTC,13/07/2015 00:00:00,,CCAA Andalucía,NET_ES201A
ES2068A,LEITZA,43.082,-1.913,473.0,Spain,LEITZA,urban-periphery,background,UTC,01/12/2015 00:00:00,,CCAA Navarra,NET_ES215A
ES2069A,SANTA BÁRBARA,43.5229,-5.6895,40.0,Spain,GIJÓN,urban-periphery,background,UTC,01/01/2016 00:00:00,,CCAA Asturias,NET_ES203A
ES2070A,MONAGREGAGRAV,40.94667,-0.29083,570.0,Spain,CALANDA,rural,background,UTC,01/01/2015 00:00:00,,CCAA Aragón,NET_ES202A
ES2071A,TARRAGONA (SALUT),41.1201,1.2545,53.0,Spain,TARRAGONA,urban-centre,background,UTC,01/01/2016 00:00:00,,CCAA Cataluña,NET_ES209A
ES2074A,PALMETUM,28.47544,-16.25853,2.0,Spain,SANTA CRUZ DE TENERIFE,urban-centre,industrial,UTC,30/04/2015 00:00:00,,CCAA Islas Canarias,NET_ES205A
ES2075A,TRUBIA PISCINAS,43.3457,-5.9697,89.0,Spain,OVIEDO,urban-periphery,industrial,UTC,17/06/2016 00:00:00,,CCAA Asturias,NET_ES203A
ES2076A,SAN DIEGO,43.35444,-8.38944,1.0,Spain,CORUÑA (A),urban-centre,background,UTC,01/01/2017 00:00:00,,CCAA Galicia,NET_ES212A
ES2077A,CASTRILLÓN,43.34833,-8.39722,1.0,Spain,CORUÑA (A),urban-centre,background,UTC,01/01/2017 00:00:00,,CCAA Galicia,NET_ES212A
ES2078A,SANTA MARGARITA,43.36306,-8.41083,1.0,Spain,CORUÑA (A),urban-centre,background,UTC,01/01/2017 00:00:00,,CCAA Galicia,NET_ES212A
ES2080A,LAS CALETAS-TEGUISE,28.98287,-13.51403,10.0,Spain,TEGUISE,urban-periphery,traffic,UTC,01/05/2016 00:00:00,,CCAA Islas Canarias,NET_ES205A
ES2082A,OLITE,42.49,-1.656,389.0,Spain,OLITE,urban-periphery,background,UTC,01/10/2011 00:00:00,,CCAA Navarra,NET_ES215A
ES2083A,SOMIEDO,43.0696,-6.1926,1253.0,Spain,SOMIEDO,rural,background,UTC,13/03/2018 00:00:00,,CCAA Asturias,NET_ES203A
ES2084A,LALÍN,42.6563,-8.1071,600.0,Spain,LALÍN,urban-periphery,background,UTC,01/01/2018 00:00:00,,CCAA Galicia,NET_ES212A
ES2085A,XINZO DE LIMIA,42.0607,-7.7299,620.0,Spain,XINZO DE LIMIA,urban-periphery,traffic,UTC,01/01/2018 00:00:00,,CCAA Galicia,NET_ES212A
ES2086A,SABÓN-EMBALSE,43.3223,-8.4997,15.0,Spain,ARTEIXO,urban-periphery,industrial,UTC,01/01/2018 00:00:00,,CCAA Galicia,NET_ES212A
ES2087A,VIC (MASFERRER),41.9293,2.2573,495.0,Spain,VIC,urban-centre,background,UTC,17/01/2018 00:00:00,,CCAA Cataluña,NET_ES209A
ES2089A,ACTUR,41.6752,-0.8869,200.0,Spain,ZARAGOZA,urban-centre,background,UTC,15/03/2018 00:00:00,,Ayto Zaragoza,NET_ES021A
ES2090A,BARCELONA (OBSERVATORI FABRA),41.4189,2.1237,411.0,Spain,BARCELONA,urban-periphery,background,UTC,01/09/2023 00:00:00,,CCAA Cataluña,NET_ES209A
ES2091A,ALCANAR (EB04 - MONTECARLO),40.5799,0.5535,6.0,Spain,ALCANAR,rural,industrial,UTC,26/03/2018 00:00:00,,CCAA Cataluña,NET_ES209A
ES2092A,PORT DE MAO,39.89259,4.25703,42.0,Spain,MAHÓN,urban-periphery,industrial,UTC,21/01/2019 00:00:00,,CCAA Islas Baleares,NET_ES204A
ES2093A,PUERTO DE COTOS,40.8251,-3.9612,1200.0,Spain,RASCAFRÍA,rural,background,UTC,01/01/2019 00:00:00,,CCAA Madrid,NET_ES213A
ES2094A,TUDELA - CENTRO,42.06,-1.601,262.0,Spain,TUDELA,urban-centre,background,UTC,01/01/2019 00:00:00,,CCAA Navarra,NET_ES215A
ES2095A,VALÈNCIA-CENTRE,39.44833,-0.37647,2.0,Spain,VALENCIA,urban-centre,traffic,UTC,01/01/2019 00:00:00,,CCAA Com. Valenciana,NET_ES210A
ES2096A,ISCAR,41.36134,-4.5321,763.0,Spain,ÍSCAR,urban-centre,traffic,UTC,01/01/2017 00:00:00,,CCAA Castilla y León,NET_ES208A
ES2097A,SAN NICOLÁS,28.1033,-15.4228,115.0,Spain,PALMAS DE GRAN CANARIA (LAS),urban-centre,background,UTC,01/01/2019 00:00:00,,CCAA Islas Canarias,NET_ES205A
ES2098A,CANTALEJO,41.2559,-3.9221,964.0,Spain,CANTALEJO,urban-centre,traffic,UTC,01/06/2018 00:00:00,,CCAA Castilla y León,NET_ES208A
ES2099A,BREDA (CENTRE DE DIA),41.75,2.56,162.0,Spain,BREDA,urban-periphery,background,UTC,15/03/2019 00:00:00,,CCAA Cataluña,NET_ES209A
ES2100A,PUERTO ESPAÑA,35.893,-5.3147,1.0,Spain,CEUTA,urban-centre,background,UTC,01/01/2020 00:00:00,,CA Ceuta,NET_ES218A
ES2101A,EASO,43.31217,-1.98083,6.0,Spain,DONOSTIA-SAN SEBASTIÁN,urban-centre,traffic,UTC,18/01/2021 00:00:00,,CCAA País Vasco,NET_ES216A
ES2102A,TEIXEIRO,43.1407,-8.0331,498.0,Spain,CURTIS,urban-periphery,industrial,UTC,01/02/2020 00:00:00,,CCAA Galicia,NET_ES212A
ES2103A,ZUMARRAGA,43.12518,-2.31811,357.0,Spain,ZUMARRAGA,urban-centre,background,UTC,01/01/2020 00:00:00,,CCAA País Vasco,NET_ES216A
ES2104A,URKIOLA,43.10049,-2.65088,752.0,Spain,MAÑARIA,rural,background,UTC,01/01/2020 00:00:00,,CCAA País Vasco,NET_ES216A
ES2105A,COCA,41.21472,-4.52028,785.0,Spain,COCA,urban-centre,traffic,UTC,17/12/2019 00:00:00,,CCAA Castilla y León,NET_ES208A
ES2106A,VALDERAS,42.0797,-5.4489,738.0,Spain,VALDERAS,urban-periphery,background,UTC,01/05/2020 00:00:00,,CCAA Castilla y León,NET_ES208A
ES2107A,MÁLAGA-ESTE,36.7261,-4.35573,39.0,Spain,MÁLAGA,urban-periphery,background,UTC,01/01/2020 00:00:00,,CCAA Andalucía,NET_ES201A
ES2108A,PAMPLONA - MILAGROSA,42.807,-1.644,444.0,Spain,PAMPLONA/IRUÑA,urban-centre,traffic,UTC,18/09/2020 00:00:00,,CCAA Navarra,NET_ES215A
ES2109A,VILA-SECA (IES VILA-SECA),41.1024,1.1496,33.0,Spain,VILA-SECA,urban-periphery,background,UTC,25/09/2020 00:00:00,,CCAA Cataluña,NET_ES209A
ES2110A,BURGUILLOS DEL CERRO,38.37031,-6.58865,395.0,Spain,BURGUILLOS DEL CERRO,urban-periphery,background,UTC,01/01/2021 00:00:00,,CCAA Extremadura,NET_ES211A
ES2111A,JEREZ DE LOS CABALLEROS,38.32656,-6.75742,395.0,Spain,JEREZ DE LOS CABALLEROS,urban-periphery,background,UTC,01/01/2021 00:00:00,,CCAA Extremadura,NET_ES211A
ES2112A,MEDINA DE LAS TORRES,38.33897,-6.41548,524.0,Spain,MEDINA DE LAS TORRES,urban-periphery,background,UTC,01/01/2021 00:00:00,,CCAA Extremadura,NET_ES211A
ES2113A,ITC,27.8155,-15.4276,15.0,Spain,SANTA LUCÍA DE TIRAJANA,urban-centre,industrial,UTC,01/01/2021 00:00:00,,CCAA Islas Canarias,NET_ES205A
ES2115A,AGENCIA TRIBUTARIA-PORTATIL 2,28.4631,-16.2484,4.0,Spain,SANTA CRUZ DE TENERIFE,urban-centre,traffic,UTC,01/01/2021 00:00:00,,CCAA Islas Canarias,NET_ES205A
ES2117A,CENTRO DE VISITANTES,28.0892,-17.1126,1.0,Spain,SAN SEBASTIÁN DE LA GOMERA,urban-centre,industrial,UTC,01/01/2021 00:00:00,,CCAA Islas Canarias,NET_ES205A
ES2118A,USURBIL,43.27379,-2.05051,35.0,Spain,USURBIL,urban-centre,industrial,UTC,01/01/2021 00:00:00,,CCAA País Vasco,NET_ES216A
ES2119A,LASARTE-ORIA,43.26874,-2.01913,36.0,Spain,LASARTE-ORIA,urban-centre,background,UTC,01/01/2021 00:00:00,,CCAA País Vasco,NET_ES216A
ES2120A,ZUBIETA,43.27209,-2.03131,25.0,Spain,DONOSTIA-SAN SEBASTIÁN,urban-periphery,background,UTC,01/01/2021 00:00:00,,CCAA País Vasco,NET_ES216A
ES2121A,ANDOAIN,43.2213,-2.02328,65.0,Spain,ANDOAIN,urban-centre,traffic,UTC,01/01/2021 00:00:00,,CCAA País Vasco,NET_ES216A
ES2122A,JAIZKIBEL,43.34289,-1.85943,543.0,Spain,HONDARRIBIA,rural,background,UTC,01/01/2021 00:00:00,,CCAA País Vasco,NET_ES216A
ES2123A,SAN JULIAN,43.33275,-3.11298,10.0,Spain,MUSKIZ,urban-centre,industrial,UTC,01/01/2021 00:00:00,,CCAA País Vasco,NET_ES216A
ES2124A,LAS CARRERAS,43.31962,-3.0974,91.0,Spain,ABANTO Y CIÉRVANA/ABANTO ZIERBENA,urban-centre,industrial,UTC,01/01/2021 00:00:00,,CCAA País Vasco,NET_ES216A
ES2125A,ZELAIETA,43.21901,-2.73453,74.0,Spain,AMOREBIETA-ETXANO,urban-centre,background,UTC,01/01/2021 00:00:00,,CCAA País Vasco,NET_ES216A
ES2126A,ARRAIZ,43.24558,-2.96048,345.0,Spain,BILBAO,urban-periphery,background,UTC,01/01/2021 00:00:00,,CCAA País Vasco,NET_ES216A
ES2127A,SANTURCE,43.33306,-3.04256,31.0,Spain,SANTURTZI,urban-centre,background,UTC,01/01/2021 00:00:00,,CCAA País Vasco,NET_ES216A
ES2128A,SESTAO,43.30776,-2.99596,62.0,Spain,SESTAO,urban-centre,traffic,UTC,01/01/2022 00:00:00,,CCAA País Vasco,NET_ES216A
ES2129A,ALGORTA,43.3621,-3.0228,35.0,Spain,GETXO,urban-centre,background,UTC,01/01/2021 00:00:00,,CCAA País Vasco,NET_ES216A
ES2130A,ZIERBANA,43.35307,-3.08099,2.0,Spain,ZIERBENA,urban-centre,background,UTC,01/01/2021 00:00:00,,CCAA País Vasco,NET_ES216A
ES2131A,EST-OU,42.7172,-7.4456,596.0,Spain,SARRIA,urban-periphery,industrial,UTC,12/02/2021 00:00:00,,CCAA Galicia,NET_ES212A
ES2132A,EL LAUREDAL,43.5427,-5.7093,12.0,Spain,GIJÓN,urban-periphery,industrial,UTC,01/01/2022 00:00:00,,CCAA Asturias,NET_ES203A
ES2133A,AZUQUECA - IES,40.5684,-3.2702,634.0,Spain,AZUQUECA DE HENARES,urban-periphery,background,UTC,11/11/2021 00:00:00,,CCAA Cast. la Mancha,NET_ES207A
ES2134A,RAMPAS MECÁNICAS,38.69,-4.1134,730.0,Spain,PUERTOLLANO,urban-centre,traffic,UTC,23/11/2021 00:00:00,,CCAA Cast. la Mancha,NET_ES207A
ES2135A,ALMACÉN MUNICIPAL,38.6791,-4.1078,681.0,Spain,PUERTOLLANO,urban-periphery,industrial,UTC,22/11/2021 00:00:00,,CCAA Cast. la Mancha,NET_ES207A
ES2136A,TALAVERA DE LA REINA - PÍO XII,39.9638,-4.8257,380.0,Spain,TALAVERA DE LA REINA,urban-centre,traffic,UTC,11/11/2021 00:00:00,,CCAA Cast. la Mancha,NET_ES207A
ES2137A,LOS YÉBENES,39.5769,-3.8652,780.0,Spain,YÉBENES (LOS),urban-periphery,background,UTC,17/11/2021 00:00:00,,CCAA Cast. la Mancha,NET_ES207A
ES2138A,ALBACETE - PARQUE TECNOLOGICO,38.9808,-1.8452,691.0,Spain,ALBACETE,urban-periphery,background,UTC,17/11/2021 00:00:00,,CCAA Cast. la Mancha,NET_ES207A
ES2139A,BARCELONA (LA SAGRERA),41.427,2.186,37.0,Spain,BARCELONA,urban-centre,traffic,UTC,01/01/2022 00:00:00,,CCAA Cataluña,NET_ES209A
ES2140A,PARQUE DA CEGA,43.34305,-8.44914,100.0,Spain,ARTEIXO,urban-periphery,industrial,UTC,01/01/2022 00:00:00,,CCAA Galicia,NET_ES212A
ES2141A,PONFERRADA 6,42.5507,-6.6036,544.0,Spain,PONFERRADA,urban-centre,traffic,UTC,01/01/2022 00:00:00,,CCAA Castilla y León,NET_ES208A
ES2142A,CUBILLOS DEL SIL-FESE,42.61797,-6.56827,577.0,Spain,CUBILLOS DEL SIL,rural,industrial,UTC,01/01/2021 00:00:00,,CCAA Castilla y León,NET_ES208A
ES2143A,ESCOLA DE MÚSICA,43.6591,-7.3632,173.0,Spain,BURELA,urban-centre,background,UTC,01/01/2022 00:00:00,,CCAA Galicia,NET_ES212A
ES2144A,VILLENA PARQUE FERIA,38.63943,-0.87241,500.0,Spain,VILLENA,urban-centre,background,UTC,01/01/2022 00:00:00,,CCAA Com. Valenciana,NET_ES210A
ES2145A,CUETO,42.6321,-6.6497,673.0,Spain,SANCEDO,rural,background,UTC,01/07/2021 00:00:00,,CCAA Castilla y León,NET_ES208A
ES2146A,CASTELLO CEIP LA MARINA,39.9694,0.0089,0.0,Spain,CASTELLÓN DE LA PLANA/CASTELLÓ DE LA PLANA,urban-periphery,industrial,UTC,01/01/2022 00:00:00,,CCAA Com. Valenciana,NET_ES210A
ES2148A,UNIDAD MOVIL EL PASO,28.65278,-17.88056,24.0,Spain,PASO (EL),urban-centre,background,UTC,01/09/2021 00:00:00,,CCAA Islas Canarias,NET_ES205A
ES2151A,SALAS DE LOS INFANTES,42.02331,-3.28726,964.0,Spain,SALAS DE LOS INFANTES,urban-periphery,traffic,UTC,01/03/2021 00:00:00,,CCAA Castilla y León,NET_ES208A
ES2152A,LEÓN-IES JUAN DEL ENCINA,42.599,-5.5708,837.0,Spain,LEÓN,urban-centre,traffic,UTC,01/03/2021 00:00:00,,CCAA Castilla y León,NET_ES208A
ES2153A,UM1 SABIÑANIGO,42.52739,-0.36627,846.0,Spain,SABIÑÁNIGO,urban-periphery,industrial,UTC,01/06/2021 00:00:00,,CCAA Aragón,NET_ES202A
ES2154A,SSOO,35.27306,-2.94083,10.0,Spain,MELILLA,urban-centre,traffic,UTC,01/07/2022 00:00:00,,CA Melilla,NET_ES219A
ES2155A,ETAP,35.3097,-2.9569,110.0,Spain,MELILLA,urban-periphery,background,UTC,01/07/2022 00:00:00,,CA Melilla,NET_ES219A
ES2156A,SON LLATZER,39.5727,2.7031,16.0,Spain,PALMA DE MALLORCA,urban-periphery,industrial,UTC,18/12/2023 00:00:00,,CCAA Islas Baleares,NET_ES204A
ES2157A,SA BLANCA DONA,38.92324,1.42589,18.0,Spain,EIVISSA,urban-periphery,industrial,UTC,01/01/2023 00:00:00,,CCAA Islas Baleares,NET_ES204A
ES2158A,LAS ROZAS,40.5014,-3.8862,718.0,Spain,ROZAS DE MADRID (LAS),urban-periphery,traffic,UTC,01/02/2023 00:00:00,,CCAA Madrid,NET_ES213A
ES2159A,POZUELO DE ALARCÓN,40.4491,-3.8037,690.0,Spain,POZUELO DE ALARCÓN,urban-periphery,traffic,UTC,01/02/2023 00:00:00,,CCAA Madrid,NET_ES213A
ES2160A,PARLA,40.23356,-3.7694,648.0,Spain,PARLA,urban-periphery,traffic,UTC,01/02/2023 00:00:00,,CCAA Madrid,NET_ES213A
ES2161A,SAN SEBASTIAN DE LOS REYES,40.56067,-3.62562,672.0,Spain,SAN SEBASTIÁN DE LOS REYES,urban-periphery,background,UTC,01/02/2023 00:00:00,,CCAA Madrid,NET_ES213A
ES2162A,CALATAYUD,41.35457,-1.65257,600.0,Spain,CALATAYUD,rural,background,UTC,01/07/2023 00:00:00,,CCAA Aragón,NET_ES202A
ES2163A,VALÈNCIA OLIVERETA,39.46922,-0.40605,24.0,Spain,VALENCIA,urban-centre,traffic,UTC,02/05/2022 00:00:00,,CCAA Com. Valenciana,NET_ES210A
ES2164A,TORAL DEL LOS VADOS-B(A)P,42.54529,-6.77554,431.0,Spain,VILLADECANES,urban-periphery,industrial,UTC,01/01/2023 00:00:00,,CCAA Castilla y León,NET_ES208A
ES2165A,SALAMANCA-B(A)P,40.9615,-5.6518,802.0,Spain,SALAMANCA,urban-centre,traffic,UTC,01/01/2023 00:00:00,,CCAA Castilla y León,NET_ES208A
ES2166A,PENEDO,43.45921,-8.24423,2.0,Spain,MUGARDOS,urban-periphery,industrial,UTC,01/01/2023 00:00:00,,CCAA Galicia,NET_ES212A
ES2168A,PAMPLONA - UPNA,42.792,-1.63,435.0,Spain,PAMPLONA/IRUÑA,urban-periphery,background,UTC,13/11/2024 00:00:00,,CCAA Navarra,NET_ES215A
ES2169A,OLMEDO,41.28389,-4.68465,740.0,Spain,OLMEDO,urban-periphery,traffic,UTC,01/03/2022 00:00:00,,CCAA Castilla y León,NET_ES208A
ES2170A,MOLINA DE SEGURA,38.05737,-1.20481,125.0,Spain,MOLINA DE SEGURA,urban-periphery,traffic,UTC,04/10/2023 00:00:00,,CCAA Murcia,NET_ES214A
ES2171A,SON AMETLER,39.612,2.7264,65.0,Spain,MARRATXÍ,urban-periphery,background,UTC,01/01/2024 00:00:00,,CCAA Islas Baleares,NET_ES204A
ES2172A,Cuíña,42.9573,-7.5047,450.0,Spain,LUGO,rural,industrial,UTC,01/01/2024 00:00:00,,CCAA Galicia,NET_ES212A
ES2173A,RONDA SUR,37.9701,-1.1277,41.0,Spain,MURCIA,urban-periphery,traffic,UTC,01/01/2024 00:00:00,,CCAA Murcia,NET_ES214A
ES2174A,BURGOS 6,42.3477,-3.6878,929.0,Spain,BURGOS,urban-centre,traffic,UTC,01/01/2024 00:00:00,,CCAA Castilla y León,NET_ES208A
ES2175A,ALMAZAN,41.48311,-2.5266,960.0,Spain,ALMAZÁN,urban-periphery,traffic,UTC,01/01/2024 00:00:00,,CCAA Castilla y León,NET_ES208A
ES2176A,Monte Xalo,43.20364,-8.41414,375.0,Spain,CERCEDA,rural,industrial,UTC,01/01/2024 00:00:00,,CCAA Galicia,NET_ES212A
ES2177A,Puigcerdà (Museu Cerdà),42.4338,1.9304,1185.0,Spain,PUIGCERDÀ,urban-periphery,background,UTC,01/01/2024 00:00:00,,CCAA Cataluña,NET_ES209A
ES2178A,LA LIEBRE 2,37.35944,-5.86911,5.0,Spain,ALCALÁ DE GUADAIRA,urban-periphery,industrial,UTC,01/01/2024 00:00:00,,CCAA Andalucía,NET_ES201A
ES2180A,ÓLVEGA,41.778,-1.9847,1040.0,Spain,ÓLVEGA,urban-centre,traffic,UTC,01/01/2023 00:00:00,,CCAA Castilla y León,NET_ES208A
ES2181A,PUERTO DE ALMERÍA,36.8368,-2.4779,4.0,Spain,ALMERÍA,urban-centre,industrial,UTC,01/01/2024 00:00:00,,CCAA Andalucía,NET_ES201A
ES2182A,SUR,42.71528,-7.44944,600.0,Spain,SARRIA,rural,industrial,UTC,01/01/2024 00:00:00,,CCAA Galicia,NET_ES212A
ES2183A,JUMILLA,38.4717,-1.3285,500.0,Spain,JUMILLA,urban-periphery,background,UTC,01/01/2024 00:00:00,,CCAA Murcia,NET_ES214A
ES2184A,BELLVER DE CERDANYA (EL TALLÓ),42.3629,1.7797,1057.0,Spain,BELLVER DE CERDANYA,rural,background,UTC,16/10/2024 00:00:00,,CCAA Cataluña,NET_ES209A
ES2185A,MANZANARES,38.9957,-3.3588,661.0,Spain,MANZANARES,urban-periphery,background,UTC,01/01/2025 00:00:00,,CCAA Cast. la Mancha,NET_ES207A
ES2186A,JARDÍN DE CANTOS,43.568,-5.9244,10.0,Spain,AVILÉS,urban-periphery,background,UTC,01/01/2025 00:00:00,,CCAA Asturias,NET_ES203A
ES2187A,OBSERVATORIO TEMISAS,27.8998,-15.50793,850.0,Spain,AGÜIMES,rural,background,UTC,01/01/2025 00:00:00,,CCAA Islas Canarias,NET_ES205A
ES2188A,LA ISLETA,28.15106,-15.42905,14.0,Spain,PALMAS DE GRAN CANARIA (LAS),urban-centre,industrial,UTC,01/01/2025 00:00:00,,CCAA Islas Canarias,NET_ES205A
ES2189A,MANRESA (CEIP LA FONT),41.7277,1.8385,238.0,Spain,MANRESA,urban-periphery,background,UTC,01/01/2025 00:00:00,,CCAA Cataluña,NET_ES209A
ES2190A,IGUALADA (VIRTUT-DELICIES),41.5776,1.6259,284.0,Spain,IGUALADA,urban-periphery,background,UTC,01/01/2025 00:00:00,,CCAA Cataluña,NET_ES209A
ES2191A,SURIA (CEIP FRANCESC MACIA),41.831,1.7553,325.0,Spain,SÚRIA,urban-periphery,traffic,UTC,01/01/2025 00:00:00,,CCAA Cataluña,NET_ES209A
ES2192A,SANT VICENC DELS HORTS (CEIP MARE DE DEU DEL ROCIO),41.3988,2.0021,30.0,Spain,SANT VICENÇ DELS HORTS,urban-periphery,background,UTC,01/01/2025 00:00:00,,CCAA Cataluña,NET_ES209A
ES2193A,CUBELLES (POLIESPORTIU),41.2022,1.6722,5.0,Spain,CUBELLES,urban-periphery,background,UTC,01/01/2025 00:00:00,,CCAA Cataluña,NET_ES209A
ES2194A,AIGUAFREDA (CAN BELLIT),41.7711,2.2507,427.0,Spain,AIGUAFREDA,urban-periphery,background,UTC,01/01/2025 00:00:00,,CCAA Cataluña,NET_ES209A
ES2195A,PIGNATELLI,41.6541,-0.89065,215.0,Spain,ZARAGOZA,urban-centre,background,UTC,01/01/2025 00:00:00,,CCAA Aragón,NET_ES202A
ES2196A,OBSERVATORI EIVISSA,38.9057,1.4292,33.0,Spain,EIVISSA,urban-centre,industrial,UTC,21/01/2026 00:00:00,,CCAA Islas Baleares,NET_ES204A
FI00080,Rautionkylä,61.23807,28.87369,101.0,Finland,Imatra,urban-periphery,industrial,UTC+02,01/02/1997 00:00:00,,Etelä-Karjalan verkko,NET-FI020A
FI00179,Pirkkala,61.33164,22.14306,39.0,Finland,Harjavalta,urban-periphery,industrial,UTC+02,09/11/1990 00:00:00,,Harjavallan verkko,NET-FI026A
FI00184,Kaleva,61.3135,22.135,38.0,Finland,Harjavalta,urban-periphery,industrial,UTC+02,01/05/1978 00:00:00,,Harjavallan verkko,NET-FI026A
FI00208,Luukki,60.31439,24.68486,55.0,Finland,Espoo,rural,background,UTC+02,23/09/1987 00:00:00,,Helsingin seudun verkko (HSY),NET-FI004A
FI00227,Ykspihlaja,63.84157,23.04219,7.0,Finland,Kokkola,urban-periphery,industrial,UTC+02,01/01/1992 00:00:00,,Kokkolan verkko,NET-FI022A
FI00273,Pelkolan tulliasema Raja,61.12838,28.83776,60.0,Finland,Imatra,rural,traffic,UTC+02,01/01/1998 00:00:00,,Etelä-Karjalan verkko,NET-FI020A
FI00280,Tirilä Pekkasenkatu,61.05748,28.24585,91.0,Finland,Lappeenranta,urban-periphery,background,UTC+02,01/08/2008 00:00:00,,Etelä-Karjalan verkko,NET-FI020A
FI00294,Sorsasalo,62.95529,27.69797,90.0,Finland,Kuopio,urban-periphery,industrial,UTC+02,01/01/1991 00:00:00,,Kuopion verkko,NET-FI016A
FI00301,Pyykösjärvi,65.04338,25.4979,18.0,Finland,Oulu,urban-periphery,background,UTC+02,01/02/1991 00:00:00,,Oulun verkko,NET-FI006A
FI00339,Mustijoki,60.36005,25.56605,13.0,Finland,Porvoo,rural,industrial,UTC+02,21/08/1991 00:00:00,,Neste Oyj -verkko,NET-FI009A
FI00349,Utö,59.77923,21.37395,7.0,Finland,Parainen,rural,background,UTC+02,17/11/1993 00:00:00,,Ilmatieteen laitoksen verkko,NET-FI002A
FI00352,Oulanka,66.3217,29.40157,310.0,Finland,Kuusamo,rural,background,UTC+02,26/04/1994 00:00:00,,Ilmatieteen laitoksen verkko,NET-FI002A
FI00356,Sammaltunturi,67.96715,24.11233,566.0,Finland,Muonio,rural,background,UTC+02,05/09/1991 00:00:00,,Ilmatieteen laitoksen verkko,NET-FI002A
FI00359,Lapaluoto,64.66769,24.41928,11.0,Finland,Raahe,urban-periphery,industrial,UTC+02,01/01/2005 00:00:00,,Raahen verkko,NET-FI001A
FI00397,Bottenviksvägen,63.67912,22.71837,8.0,Finland,Pietarsaari,urban-centre,traffic,UTC+02,01/04/1997 00:00:00,,Pietarsaaren seudun verkko,NET-FI029A
FI00424,Mansikkala,61.18892,28.77012,75.0,Finland,Imatra,urban-centre,traffic,UTC+02,01/09/1999 00:00:00,,Etelä-Karjalan verkko,NET-FI020A
FI00425,Kallio 2,60.18739,24.9506,18.0,Finland,Helsinki,urban-centre,background,UTC+02,20/01/2014 00:00:00,,Helsingin seudun verkko (HSY),NET-FI004A
FI00427,Matorova,68.00049,24.24566,340.0,Finland,Kittilä,rural-regional,background,UTC+02,17/11/2021 00:00:00,,Ilmatieteen laitoksen verkko,NET-FI002A
FI00433,Teppanala,61.15304,28.81014,62.0,Finland,Imatra,urban-periphery,industrial,UTC+02,01/08/1994 00:00:00,,Etelä-Karjalan verkko,NET-FI020A
FI00444,Naantalin keskusta,60.46744,22.0284,14.0,Finland,Naantali,urban-centre,traffic,UTC+02,01/01/1999 00:00:00,,Turun seudun verkko,NET-FI013A
FI00446,Oulun keskusta 2,65.00997,25.47132,5.0,Finland,Oulu,urban-centre,traffic,UTC+02,10/12/1997 00:00:00,,Oulun verkko,NET-FI006A
FI00455,Laune,60.96704,25.65489,85.0,Finland,Lahti,urban-periphery,traffic,UTC+02,01/01/2002 00:00:00,,Lahden verkko,NET-FI012A
FI00460,Ruissalo Saaronniemi,60.42532,22.09611,6.0,Finland,Turku,rural,background,UTC+02,01/01/1999 00:00:00,,Turun seudun verkko,NET-FI013A
FI00465,Vaasan keskusta,63.09515,21.61832,15.0,Finland,Vaasa,urban-centre,traffic,UTC+02,01/09/2001 00:00:00,,Vaasan verkko,NET-FI028A
FI00511,Koskikatu 1,62.59909,29.7634,80.0,Finland,Joensuu,urban-centre,background,UTC+02,01/01/2003 00:00:00,,Joensuun verkko,NET-FI032A
FI00544,Sodankylä 2,67.36185,26.63781,180.0,Finland,Sodankylä,rural,background,UTC+02,01/01/2014 00:00:00,,Ilmatieteen laitoksen verkko,NET-FI002A
FI00546,Porrassalmenkatu,61.68636,27.27334,89.0,Finland,Mikkeli,urban-centre,traffic,UTC+02,06/03/2003 00:00:00,,Etelä-Savon verkko,NET-FI017A
FI00549,Pirkankatu,61.49873,23.73569,120.0,Finland,Tampere,urban-centre,traffic,UTC+02,19/03/2004 00:00:00,,Tampereen verkko,NET-FI003A
FI00558,Maaherrankatu,62.89334,27.68688,87.0,Finland,Kuopio,urban-centre,traffic,UTC+02,07/03/2006 00:00:00,,Kuopion verkko,NET-FI016A
FI00564,Mannerheimintie,60.16964,24.93924,7.0,Finland,Helsinki,urban-centre,traffic,UTC+02,04/01/2005 00:00:00,,Helsingin seudun verkko (HSY),NET-FI004A
FI00570,Raahen keskusta 2,64.68337,24.48162,3.0,Finland,Raahe,urban-centre,traffic,UTC+02,01/01/2005 00:00:00,,Raahen verkko,NET-FI001A
FI00606,Lappeenrannan keskusta 4,61.05576,28.18431,106.0,Finland,Lappeenranta,urban-centre,traffic,UTC+02,16/06/2008 00:00:00,,Etelä-Karjalan verkko,NET-FI020A
FI00621,Hyytiälä,61.8463,24.2949,170.0,Finland,Juupajoki,rural-remote,background,UTC+02,06/11/2016 00:00:00,,Ilmatieteen laitoksen verkko,NET-FI002A
FI00781,Vartiokylä Huivipolku,60.22393,25.10244,14.0,Finland,Helsinki,urban-periphery,background,UTC+02,22/01/2009 00:00:00,,Helsingin seudun verkko (HSY),NET-FI004A
FI00801,Kaleva,61.4991,23.80221,109.0,Finland,Tampere,urban-centre,background,UTC+02,30/01/2009 00:00:00,,Tampereen verkko,NET-FI003A
FI00838,Epila 2,61.50854,23.67583,100.0,Finland,Tampere,urban-periphery,traffic,UTC+02,18/11/2009 00:00:00,,Tampereen verkko,NET-FI003A
FI00839,Tasavallankatu,62.88198,27.66193,107.0,Finland,Kuopio,urban-centre,traffic,UTC+02,21/12/2009 00:00:00,,Kuopion verkko,NET-FI016A
FI00841,Leppävaara 4,60.22024,24.81133,9.0,Finland,Espoo,urban-centre,traffic,UTC+02,08/01/2010 00:00:00,,Helsingin seudun verkko (HSY),NET-FI004A
FI00867,Satulakatu,60.97907,25.59109,155.0,Finland,Lahti,urban-periphery,background,UTC+02,19/12/2011 00:00:00,,Lahden verkko,NET-FI012A
FI00889,Saimaankatu,60.99129,25.66579,85.0,Finland,Lahti,urban-centre,traffic,UTC+02,10/05/2013 00:00:00,,Lahden verkko,NET-FI012A
FI00892,Kankaan Koulu,60.87045,26.701,75.0,Finland,Kouvola,urban-centre,traffic,UTC+02,06/11/2013 00:00:00,,Kouvolan verkko,NET-FI024A
FI00919,Kuopio Niirala,62.88875,27.65397,122.0,Finland,Kuopio,urban-periphery,background,UTC+02,12/12/2018 00:00:00,,Kuopion verkko,NET-FI016A
FI00928,Pori Paanakedonkatu,61.48226,21.81329,2.0,Finland,Pori,urban-centre,traffic,UTC+02,27/10/2016 00:00:00,,Porin verkko,NET-FI018A
FI00952,Jyväskylä Hannikaisenkatu,62.23817,25.74788,82.0,Finland,Jyväskylä,urban-centre,traffic,UTC+02,31/08/2018 00:00:00,,Jyväskylän verkko,NET-FI011A
FI00955,Kuopio Savilahti KYS,62.89553,27.64725,102.0,Finland,Kuopio,urban-centre,traffic,UTC+02,15/01/2019 00:00:00,,Kuopion verkko,NET-FI016A
FI00972,Lohja Harjula,60.24903,24.06947,70.0,Finland,Lohja,urban-centre,background,UTC+02,01/01/2020 00:00:00,,Lohjan verkko,NET-FI021A
FI00981,Lahti Mustamäenkatu,60.96271,25.64369,83.0,Finland,Lahti,urban-periphery,background,UTC+02,01/01/2020 00:00:00,,Lahden verkko,NET-FI012A
FI00992,Järvenpää Helsingintie,60.46972,25.08735,41.0,Finland,Järvenpää,urban-centre,traffic,UTC+02,01/01/2022 00:00:00,,Uudenmaan verkko,NET-FI033A
FI01004,Virolahti Harju,60.53774,27.55872,20.0,Finland,Virolahti,rural,background,UTC+02,01/01/2024 00:00:00,,Ilmatieteen laitoksen verkko,NET-FI002A
FI01020,Tampere Lakalaiva,61.45519,23.76355,122.0,Finland,Tampere,urban-centre,traffic,UTC+02,01/12/2025 00:00:00,,Tampereen verkko,NET-FI003A
FR01011,Metz-Centre,49.11944,6.18083,192.0,France,METZ,urban-centre,background,UTC,01/01/1989 00:00:00,,ATMO GRAND EST,NET-FR075A
FR01018,Scy-Chazelles,49.1075,6.12278,170.0,France,SCY-CHAZELLES,urban-periphery,background,UTC,28/09/2000 00:00:00,,ATMO GRAND EST,NET-FR075A
FR01061,Florange_Bétange_HAP,49.3331,6.1147,167.0,France,FLORANGE,urban-periphery,background,UTC,01/01/2012 00:00:00,,ATMO GRAND EST,NET-FR075A
FR01065,Belleville sur Meuse,49.16778,5.38746,195.0,France,BELLEVILLE-SUR-MEUSE,urban-centre,traffic,UTC,10/01/2014 00:00:00,,ATMO GRAND EST,NET-FR075A
FR02004,Martigues P. Central,43.41666,5.04273,107.0,France,MARTIGUES,urban-centre,industrial,UTC,01/10/1976 00:00:00,,ATMO SUD,NET-FR070A
FR02008,Port de Bouc Leque,43.40195,4.98192,3.0,France,PORT-DE-BOUC,urban-centre,industrial,UTC,01/10/1976 00:00:00,,ATMO SUD,NET-FR070A
FR02011,Fos sur Mer,43.43786,4.94512,21.0,France,FOS-SUR-MER,urban-periphery,industrial,UTC,01/09/1976 00:00:00,,ATMO SUD,NET-FR070A
FR02013,Fos Les Carabins,43.45893,4.93457,4.0,France,FOS-SUR-MER,urban-periphery,industrial,UTC,09/06/1997 00:00:00,,ATMO SUD,NET-FR070A
FR02028,Martigues Lavera,43.38656,5.02687,49.0,France,MARTIGUES,urban-periphery,industrial,UTC,27/02/2006 00:00:00,,ATMO SUD,NET-FR070A
FR03006,MARSEILLE RABATAU,43.27645,5.39736,17.0,France,MARSEILLE 8E ARRONDISSEMENT,urban-centre,traffic,UTC,22/01/2008 00:00:00,,ATMO SUD,NET-FR070A
FR03027,PLAN AUPS/STE  BAUME,43.3352,5.72737,682.0,France,PLAN-D'AUPS-SAINTE-BAUME,unknown,background,UTC,22/12/2022 00:00:00,,ATMO SUD,NET-FR070A
FR03037,VALLEE HUVEAUNE,43.28334,5.51138,74.0,France,LA PENNE-SUR-HUVEAUNE,urban-periphery,industrial,UTC,06/01/2011 00:00:00,,ATMO SUD,NET-FR070A
FR03043,MARSEILLE 5 AVENUES,43.30529,5.39472,73.0,France,MARSEILLE 4E ARRONDISSEMENT,urban-centre,background,UTC,08/06/1995 00:00:00,,ATMO SUD,NET-FR070A
FR03048,AIX PLATANES,43.55578,5.46123,296.0,France,AIX-EN-PROVENCE,urban-periphery,background,UTC,02/06/2000 00:00:00,,ATMO SUD,NET-FR070A
FR03070,ESTEREL,43.43787,6.76839,5.0,France,FRÉJUS,urban-periphery,background,UTC,15/10/2015 00:00:00,,ATMO SUD,NET-FR070A
FR03071,TOULON CLARET,43.13111,5.92418,26.0,France,TOULON,urban-centre,background,UTC,26/11/2016 00:00:00,,ATMO SUD,NET-FR070A
FR03088,CARPENTRAS,44.06035,5.06741,115.0,France,CARPENTRAS,urban-periphery,background,UTC,16/03/2012 00:00:00,,ATMO SUD,NET-FR070A
FR03091,Avignon Rocade De Gaulle,43.9314,4.82688,21.0,France,AVIGNON,urban-centre,traffic,UTC,26/09/2022 00:00:00,,ATMO SUD,NET-FR070A
FR04002,GENNEVILLIERS,48.93032,2.29435,28.0,France,GENNEVILLIERS,urban-centre,background,UTC,24/08/1993 00:00:00,,AIRPARIF,NET-FR004A
FR04014,PARIS 12eme,48.83722,2.3939,40.0,France,PARIS 12E ARRONDISSEMENT,urban-centre,background,UTC,11/09/1991 00:00:00,,AIRPARIF,NET-FR004A
FR04023,CERGY-PONTOISE,49.04639,2.04306,85.0,France,CERGY,urban-centre,background,UTC,25/01/2000 00:00:00,,AIRPARIF,NET-FR004A
FR04024,GONESSE,48.99083,2.44472,65.0,France,GONESSE,urban-periphery,background,UTC,07/07/2004 00:00:00,,AIRPARIF,NET-FR004A
FR04029,VERSAILLES,48.79917,2.13056,125.0,France,VERSAILLES,urban-periphery,background,UTC,09/06/1992 00:00:00,,AIRPARIF,NET-FR004A
FR04031,Av Champs Elysees,48.86877,2.31123,34.0,France,PARIS 8E ARRONDISSEMENT,urban-centre,traffic,UTC,24/12/1990 00:00:00,,AIRPARIF,NET-FR004A
FR04037,PARIS 13eme,48.82861,2.36028,57.0,France,PARIS 13E ARRONDISSEMENT,urban-centre,background,UTC,11/09/1991 00:00:00,,AIRPARIF,NET-FR004A
FR04038,Zone Rurale SO,48.58194,1.88333,152.0,France,SONCHAMP,rural-regional,background,UTC,15/06/1992 00:00:00,,AIRPARIF,NET-FR004A
FR04048,Zone Rurale Nord,49.10028,2.34389,140.0,France,SAINT-MARTIN-DU-TERTRE,rural-regional,background,UTC,01/01/2024 00:00:00,,AIRPARIF,NET-FR004A
FR04049,LES ULIS,48.67944,2.16556,159.0,France,LES ULIS,urban-periphery,background,UTC,10/05/2000 00:00:00,,AIRPARIF,NET-FR004A
FR04051,ARGENTEUIL,48.95139,2.22361,56.0,France,ARGENTEUIL,urban-centre,background,UTC,19/12/1992 00:00:00,,AIRPARIF,NET-FR004A
FR04055,PARIS 1er Les Halles,48.86212,2.34462,35.0,France,PARIS 1ER ARRONDISSEMENT,urban-centre,background,UTC,16/05/2002 00:00:00,,AIRPARIF,NET-FR004A
FR04059,SAINT-DENIS,48.93722,2.36167,31.0,France,SAINT-DENIS,urban-centre,background,UTC,16/06/1994 00:00:00,,AIRPARIF,NET-FR004A
FR04060,PARIS 7eme,48.8572,2.2933,31.0,France,PARIS 7E ARRONDISSEMENT,urban-centre,background,UTC,27/02/1992 00:00:00,,AIRPARIF,NET-FR004A
FR04063,MANTES-LA-JOLIE,48.9964,1.7033,32.0,France,MANTES-LA-JOLIE,urban-periphery,background,UTC,27/02/1992 00:00:00,,AIRPARIF,NET-FR004A
FR04066,Zone rurale Sud,48.36417,2.23694,134.0,France,BOIS-HERPIN,rural-regional,background,UTC,12/04/2008 00:00:00,,AIRPARIF,NET-FR004A
FR04069,MELUN,48.54139,2.66139,56.0,France,MELUN,urban-periphery,background,UTC,19/11/1993 00:00:00,,AIRPARIF,NET-FR004A
FR04098,LOGNES,48.84028,2.63528,80.0,France,LOGNES,urban-centre,background,UTC,07/01/2004 00:00:00,,AIRPARIF,NET-FR004A
FR04099,NOGENT-SUR-MARNE,48.84056,2.48444,88.0,France,NOGENT-SUR-MARNE,urban-centre,background,UTC,01/01/2004 00:00:00,,AIRPARIF,NET-FR004A
FR04100,VILLEMOMBLE,48.88195,2.50722,85.0,France,VILLEMOMBLE,urban-centre,background,UTC,19/03/2004 00:00:00,,AIRPARIF,NET-FR004A
FR04101,CHAMPIGNY-SUR-MARNE,48.81639,2.5175,74.0,France,CHAMPIGNY-SUR-MARNE,urban-centre,background,UTC,18/01/2005 00:00:00,,AIRPARIF,NET-FR004A
FR04118,Place de l'Opéra,48.87027,2.3325,45.0,France,PARIS 2E ARRONDISSEMENT,urban-centre,traffic,UTC,31/12/2012 00:00:00,,AIRPARIF,NET-FR004A
FR04123,RN2-PANTIN,48.90222,2.39083,44.0,France,PANTIN,urban-centre,traffic,UTC,27/04/2009 00:00:00,,AIRPARIF,NET-FR004A
FR04141,Quai des Celestins,48.85278,2.36056,35.0,France,PARIS 4E ARRONDISSEMENT,urban-centre,traffic,UTC,24/08/1993 00:00:00,,AIRPARIF,NET-FR004A
FR04142,Zone Rurale Nord-Est,49.02806,2.75028,162.0,France,MONTGÉ-EN-GOËLE,rural-regional,background,UTC,15/05/1993 00:00:00,,AIRPARIF,NET-FR004A
FR04149,MONTGERON,48.7067,2.4572,68.0,France,MONTGERON,urban-centre,background,UTC,06/06/1994 00:00:00,,AIRPARIF,NET-FR004A
FR04150,LA DEFENSE,48.89139,2.24056,58.0,France,PUTEAUX,urban-centre,background,UTC,02/05/1995 00:00:00,,AIRPARIF,NET-FR004A
FR04156,BOBIGNY,48.9025,2.4525,51.0,France,BOBIGNY,urban-centre,background,UTC,04/09/1995 00:00:00,,AIRPARIF,NET-FR004A
FR04158,Zone Rurale NO,49.06309,1.86638,122.0,France,FRÉMAINVILLE,rural-regional,background,UTC,08/07/2009 00:00:00,,AIRPARIF,NET-FR004A
FR04173,RD934 Coulommiers,48.8059,3.08416,73.0,France,COULOMMIERS,urban-periphery,traffic,UTC,27/02/2013 00:00:00,,AIRPARIF,NET-FR004A
FR04179,PARIS Stade Lenglen,48.83039,2.26989,32.0,France,PARIS 15E ARRONDISSEMENT,urban-centre,background,UTC,24/12/2013 00:00:00,,AIRPARIF,NET-FR004A
FR04180,RN20 - MONTLHERY,48.64093,2.26872,81.0,France,MONTLHÉRY,urban-periphery,traffic,UTC,06/12/2014 00:00:00,,AIRPARIF,NET-FR004A
FR04181,RAMBOUILLET,48.63373,1.83053,164.0,France,RAMBOUILLET,urban-periphery,background,UTC,15/12/2014 00:00:00,,AIRPARIF,NET-FR004A
FR04184,BAGNEAUX-SUR-LOING,48.23148,2.70618,62.0,France,BAGNEAUX-SUR-LOING,urban-periphery,industrial,UTC,05/01/2016 00:00:00,,AIRPARIF,NET-FR004A
FR04185,POMMEUSE,48.81588,2.99125,72.0,France,POMMEUSE,urban-centre,background,UTC,24/11/2016 00:00:00,,AIRPARIF,NET-FR004A
FR04319,TREMBLAY-EN-FRANCE,48.95555,2.57528,65.0,France,TREMBLAY-EN-FRANCE,urban-periphery,background,UTC,14/05/1998 00:00:00,,AIRPARIF,NET-FR004A
FR04323,EVRY,48.62722,2.42917,81.0,France,ÉVRY-COURCOURONNES,urban-centre,background,UTC,17/12/1998 00:00:00,,AIRPARIF,NET-FR004A
FR04324,Zone Rurale Est,48.76167,3.05833,120.0,France,BEAUTHEIL-SAINTS,rural-regional,background,UTC,06/01/1999 00:00:00,,AIRPARIF,NET-FR004A
FR04331,LIMAY,48.98552,1.75414,35.0,France,LIMAY,urban-periphery,industrial,UTC,30/12/2014 00:00:00,,AIRPARIF,NET-FR004A
FR05037,Caucriauville,49.50391,0.17573,70.0,France,LE HAVRE,urban-centre,background,UTC,01/01/1976 00:00:00,,ATMO NORMANDIE,NET-FR069A
FR05040,Honfleur Sce Tech.,49.41511,0.2437,24.0,France,HONFLEUR,urban-centre,background,UTC,01/01/2021 00:00:00,,ATMO NORMANDIE,NET-FR069A
FR05056,Quillebeuf Phare,49.47372,0.52616,5.0,France,QUILLEBEUF-SUR-SEINE,unknown,industrial,UTC,19/09/1991 00:00:00,,ATMO NORMANDIE,NET-FR069A
FR05069,Tancarville Mairie,49.48768,0.45176,96.0,France,TANCARVILLE,unknown,industrial,UTC,08/09/1997 00:00:00,,ATMO NORMANDIE,NET-FR069A
FR05070,Harfleur Ecole Coty,49.505,0.20169,15.0,France,HARFLEUR,urban-centre,background,UTC,16/04/1998 00:00:00,,ATMO NORMANDIE,NET-FR069A
FR05074,Le Havre Ec. Herriot,49.48963,0.1007,5.0,France,LE HAVRE,urban-centre,background,UTC,28/04/1999 00:00:00,,ATMO NORMANDIE,NET-FR069A
FR05080,Rogerville Mairie,49.50362,0.26687,92.0,France,ROGERVILLE,urban-periphery,industrial,UTC,03/12/1999 00:00:00,,ATMO NORMANDIE,NET-FR069A
FR05081,La Cerlangue,49.50404,0.41159,120.0,France,LA CERLANGUE,unknown,industrial,UTC,11/05/2001 00:00:00,,ATMO NORMANDIE,NET-FR069A
FR05082,Touques,49.348,0.10925,45.0,France,TOUQUES,urban-periphery,background,UTC,28/05/2003 00:00:00,,ATMO NORMANDIE,NET-FR069A
FR05083,Gonfreville l Orcher,49.50273,0.23249,80.0,France,GONFREVILLE-L'ORCHER,urban-centre,industrial,UTC,19/07/2000 00:00:00,,ATMO NORMANDIE,NET-FR069A
FR05084,NDGravenchon Pasteur,49.49333,0.57185,35.0,France,PORT-JÉRÔME-SUR-SEINE,urban-centre,industrial,UTC,23/05/2003 00:00:00,,ATMO NORMANDIE,NET-FR069A
FR05085,Lillebonne,49.51215,0.53904,18.0,France,LILLEBONNE,urban-centre,industrial,UTC,17/10/2008 00:00:00,,ATMO NORMANDIE,NET-FR069A
FR05087,Maison Parc Brotonne,49.49842,0.7587,10.0,France,NOTRE-DAME-DE-BLIQUETUIT,rural-regional,background,UTC,10/01/2014 00:00:00,,ATMO NORMANDIE,NET-FR069A
FR05090,Le Havre ville-haute,49.51469,0.10065,92.0,France,LE HAVRE,urban-centre,background,UTC,15/01/2015 00:00:00,,ATMO NORMANDIE,NET-FR069A
FR05500,Gonfreville l Orcher Côte Blanche,49.4989,0.2296,5.0,France,GONFREVILLE-L'ORCHER,urban-centre,industrial,UTC,05/01/2007 00:00:00,,ATMO NORMANDIE,NET-FR069A
FR05501,Gonfreville Pissotière à Madame,49.4975,0.2531,6.0,France,ROGERVILLE,urban-centre,industrial,UTC,05/01/2007 00:00:00,,ATMO NORMANDIE,NET-FR069A
FR05502,Quillebeuf sur Seine rue Féret,49.4675,0.531,20.0,France,QUILLEBEUF-SUR-SEINE,unknown,industrial,UTC,02/01/2008 00:00:00,,ATMO NORMANDIE,NET-FR069A
FR05503,Notre Dame de Gravenchon Prevert,49.4811,0.57461,9.0,France,PORT-JÉRÔME-SUR-SEINE,urban-centre,industrial,UTC,02/01/2008 00:00:00,,ATMO NORMANDIE,NET-FR069A
FR06003,Douai Theuriet,50.37822,3.06586,28.0,France,DOUAI,urban-centre,background,UTC,01/01/2004 00:00:00,,ATMO HAUTS DE FRANCE,NET-FR074A
FR06133,Cartignies,50.09225,3.85003,151.0,France,CARTIGNIES,unknown,background,UTC,29/12/2017 00:00:00,,ATMO HAUTS DE FRANCE,NET-FR074A
FR07004,Montferrand,45.79728,3.11383,340.0,France,CLERMONT-FERRAND,urban-centre,background,UTC,01/01/2004 00:00:00,,ATMO AUVERGNE-RHÔNE-ALPES,NET-FR071A
FR07022,Paray le Fresil,46.65267,3.60067,235.0,France,PARAY-LE-FRÉSIL,rural-regional,background,UTC,22/02/2011 00:00:00,,ATMO AUVERGNE-RHÔNE-ALPES,NET-FR071A
FR07031,Rageade,45.10472,3.27736,1040.0,France,RAGEADE,rural-regional,background,UTC,25/06/2013 00:00:00,,ATMO AUVERGNE-RHÔNE-ALPES,NET-FR071A
FR07051,Beaulieu,45.769,3.155,344.0,France,CLERMONT-FERRAND,urban-periphery,industrial,UTC,05/03/2015 00:00:00,,ATMO AUVERGNE-RHÔNE-ALPES,NET-FR071A
FR07052,Aurillac-Lagarde,44.92008,2.44108,640.0,France,AURILLAC,urban-centre,background,UTC,28/12/2015 00:00:00,,ATMO AUVERGNE-RHÔNE-ALPES,NET-FR071A
FR07053,Edouard Michelin,45.78043,3.11159,354.0,France,CLERMONT-FERRAND,urban-centre,traffic,UTC,06/11/2015 00:00:00,,ATMO AUVERGNE-RHÔNE-ALPES,NET-FR071A
FR07054,Le Puy-Causans,45.039,3.887,629.0,France,LE PUY-EN-VELAY,urban-centre,background,UTC,17/02/2015 00:00:00,,ATMO AUVERGNE-RHÔNE-ALPES,NET-FR071A
FR07057,Moulins Centre,46.56197,3.34064,221.0,France,MOULINS,urban-centre,background,UTC,13/12/2016 00:00:00,,ATMO AUVERGNE-RHÔNE-ALPES,NET-FR071A
FR07058,Montluçon,46.34072,2.59395,203.0,France,MONTLUÇON,urban-centre,background,UTC,01/01/2017 00:00:00,,ATMO AUVERGNE-RHÔNE-ALPES,NET-FR071A
FR07059,Vichy,46.13043,3.42569,257.0,France,VICHY,urban-centre,background,UTC,26/01/2018 00:00:00,,ATMO AUVERGNE-RHÔNE-ALPES,NET-FR071A
FR07060,Royat Périurbaine,45.76411,3.04611,519.0,France,ROYAT,urban-periphery,background,UTC,11/01/2018 00:00:00,,ATMO AUVERGNE-RHÔNE-ALPES,NET-FR071A
FR07061,Riom Périurbaine,45.89674,3.12225,329.0,France,RIOM,urban-periphery,background,UTC,04/01/2019 00:00:00,,ATMO AUVERGNE-RHÔNE-ALPES,NET-FR071A
FR08003,Montpellier Chaptal,43.6113,3.86626,42.0,France,MONTPELLIER,urban-centre,background,UTC,01/01/1986 00:00:00,,ATMO OCCITANIE,NET-FR068A
FR08016,Montpellier Prés d'Arènes,43.5915,3.88681,23.0,France,MONTPELLIER,urban-centre,background,UTC,06/08/1998 00:00:00,,ATMO OCCITANIE,NET-FR068A
FR08017,Montpellier Périurbaine Sud (Lattes),43.5705,3.9118,6.0,France,LATTES,urban-periphery,background,UTC,12/08/1999 00:00:00,,ATMO OCCITANIE,NET-FR068A
FR08020,Lunel Viel,43.6758,4.08838,15.0,France,LUNEL-VIEL,urban-periphery,industrial,UTC,09/06/2004 00:00:00,,ATMO OCCITANIE,NET-FR068A
FR08022,Agathois-piscénois,43.2875,3.50484,19.0,France,AGDE,urban-periphery,background,UTC,21/02/2011 00:00:00,,ATMO OCCITANIE,NET-FR068A
FR08023,Biterrois-Narbonnais,43.4068,3.18878,76.0,France,CORNEILHAN,rural-regional,background,UTC,20/05/2003 00:00:00,,ATMO OCCITANIE,NET-FR068A
FR08712,Perpignan St Esteve,42.7198,2.83988,60.0,France,SAINT-ESTÈVE,urban-periphery,industrial,UTC,02/01/2008 00:00:00,,ATMO OCCITANIE,NET-FR068A
FR08714,Perpignan Les Carmes,42.6955,2.90053,48.0,France,PERPIGNAN,urban-centre,background,UTC,16/12/1999 00:00:00,,ATMO OCCITANIE,NET-FR068A
FR09008,Aytré,46.13514,-1.11709,10.0,France,AYTRÉ,urban-periphery,background,UTC,01/01/2004 00:00:00,,ATMO NOUVELLE-AQUITAINE,NET-FR058A
FR09015,Les Couronneries,46.58696,0.35846,119.0,France,POITIERS,urban-centre,background,UTC,01/01/2004 00:00:00,,ATMO NOUVELLE-AQUITAINE,NET-FR058A
FR09302,Zoodyssée Chizé,46.14323,-0.39591,93.0,France,VILLIERS-EN-BOIS,rural-regional,background,UTC,06/05/2009 00:00:00,,ATMO NOUVELLE-AQUITAINE,NET-FR058A
FR09303,Niort Venise,46.32003,-0.48286,19.0,France,NIORT,urban-centre,background,UTC,01/01/2020 00:00:00,,ATMO NOUVELLE-AQUITAINE,NET-FR058A
FR09304,AIRVAULT - Stade Laillé,46.8238,-0.13563,100.0,France,AIRVAULT,urban-periphery,industrial,UTC,09/02/2021 00:00:00,,ATMO NOUVELLE-AQUITAINE,NET-FR058A
FR09305,Niort - Tassigny,46.33388,-0.47188,23.0,France,NIORT,urban-centre,traffic,UTC,01/01/2022 00:00:00,,ATMO NOUVELLE-AQUITAINE,NET-FR058A
FR09403,Poitiers-Le Nain,46.59123,0.34039,77.0,France,POITIERS,urban-centre,traffic,UTC,10/01/2017 00:00:00,,ATMO NOUVELLE-AQUITAINE,NET-FR058A
FR09404,Poitiers Centre  Augouard,46.584,0.34558,110.0,France,POITIERS,urban-centre,background,UTC,09/01/2015 00:00:00,,ATMO NOUVELLE-AQUITAINE,NET-FR058A
FR10012,Mardyck,51.01943,2.25099,1.0,France,DUNKERQUE,urban-periphery,industrial,UTC,01/01/1992 00:00:00,,ATMO HAUTS DE FRANCE,NET-FR074A
FR10017,St Pol mer - cheminots,51.03276,2.33236,4.0,France,DUNKERQUE,urban-centre,background,UTC,01/01/2018 00:00:00,,ATMO HAUTS DE FRANCE,NET-FR074A
FR10030,Boulogne Diderot,50.71703,1.60591,7.0,France,BOULOGNE-SUR-MER,urban-centre,traffic,UTC,20/01/2016 00:00:00,,ATMO HAUTS DE FRANCE,NET-FR074A
FR10034,Grande-synthe,51.02446,2.30215,3.0,France,GRANDE-SYNTHE,urban-centre,industrial,UTC,20/08/2009 00:00:00,,ATMO HAUTS DE FRANCE,NET-FR074A
FR10132,Campagne les B.,50.61048,1.99145,170.0,France,CAMPAGNE-LÈS-BOULONNAIS,rural-regional,background,UTC,06/01/2025 00:00:00,,ATMO HAUTS DE FRANCE,NET-FR074A
FR11026,Halluin stade,50.77548,3.12568,24.0,France,HALLUIN,urban-periphery,background,UTC,01/01/2004 00:00:00,,ATMO HAUTS DE FRANCE,NET-FR074A
FR11038,Tourcoing Houpline,50.73333,3.17361,42.0,France,TOURCOING,urban-centre,background,UTC,27/01/2023 00:00:00,,ATMO HAUTS DE FRANCE,NET-FR074A
FR11114,Wattignies,50.59774,3.04946,51.0,France,WATTIGNIES,urban-periphery,background,UTC,06/12/2024 00:00:00,,ATMO HAUTS DE FRANCE,NET-FR074A
FR12004,Toulouse école m. Jacquier,43.57569,1.41806,144.0,France,TOULOUSE,urban-centre,background,UTC,10/02/1994 00:00:00,,ATMO OCCITANIE,NET-FR068A
FR12015,Saint Gaudens Miramont,43.09361,0.74361,355.0,France,MIRAMONT-DE-COMMINGES,urban-centre,industrial,UTC,01/01/1997 00:00:00,,ATMO OCCITANIE,NET-FR068A
FR12016,Saint Gaudens Daurat,43.10616,0.71955,408.0,France,SAINT-GAUDENS,urban-centre,industrial,UTC,01/01/1997 00:00:00,,ATMO OCCITANIE,NET-FR068A
FR12020,Peyrusse Vieille,43.6287,0.17907,230.0,France,PEYRUSSE-VIEILLE,rural-remote,background,UTC,01/01/2023 00:00:00,,ATMO OCCITANIE,NET-FR068A
FR12029,Gaudonville,43.88393,0.84562,217.0,France,GAUDONVILLE,rural-regional,background,UTC,19/06/1998 00:00:00,,ATMO OCCITANIE,NET-FR068A
FR12031,Belesta en Lauragais,43.44139,1.82194,250.0,France,BÉLESTA-EN-LAURAGAIS,rural-regional,background,UTC,26/07/1999 00:00:00,,ATMO OCCITANIE,NET-FR068A
FR12039,Toulouse-SETMI Eisenhower,43.56158,1.39326,159.0,France,TOULOUSE,urban-centre,industrial,UTC,26/12/2006 00:00:00,,ATMO OCCITANIE,NET-FR068A
FR12040,Toulouse SETMI Chapitre,43.55637,1.40396,147.0,France,TOULOUSE,urban-centre,industrial,UTC,26/12/2006 00:00:00,,ATMO OCCITANIE,NET-FR068A
FR12041,Montgiscard SICOVAL,43.45731,1.57147,194.0,France,MONTGISCARD,urban-periphery,background,UTC,25/06/2003 00:00:00,,ATMO OCCITANIE,NET-FR068A
FR12042,Lourdes Lapaca,43.09625,-0.0405,403.0,France,LOURDES,urban-centre,background,UTC,16/06/2004 00:00:00,,ATMO OCCITANIE,NET-FR068A
FR12047,Bessières-ECONOTRE,43.80314,1.59548,106.0,France,BESSIÈRES,unknown,industrial,UTC,21/12/2006 00:00:00,,ATMO OCCITANIE,NET-FR068A
FR12050,VIVIEZ-Place du 8 Mai,44.56054,2.22617,200.0,France,VIVIEZ,urban-centre,industrial,UTC,04/01/2010 00:00:00,,ATMO OCCITANIE,NET-FR068A
FR12053,Castres stadeTravet,43.6105,2.23015,183.0,France,CASTRES,urban-centre,background,UTC,21/03/2011 00:00:00,,ATMO OCCITANIE,NET-FR068A
FR12054,Toulouse Rte Albi,43.64394,1.46824,149.0,France,TOULOUSE,urban-centre,traffic,UTC,14/11/2012 00:00:00,,ATMO OCCITANIE,NET-FR068A
FR12085,Toulouse Port de l'Embouchure,43.61039,1.4152,147.0,France,TOULOUSE,urban-centre,traffic,UTC,01/01/2019 00:00:00,,ATMO OCCITANIE,NET-FR068A
FR12095,Rodez Camonil,44.35699,2.5707,587.0,France,RODEZ,urban-centre,background,UTC,25/09/2020 00:00:00,,ATMO OCCITANIE,NET-FR068A
FR14008,REVIN,49.90778,4.63,394.0,France,LES MAZURES,rural-remote,background,UTC,01/01/2023 00:00:00,,ATMO GRAND EST,NET-FR075A
FR14010,BETHENY,49.28222,4.05111,91.0,France,BÉTHENY,urban-periphery,background,UTC,17/10/2005 00:00:00,,ATMO GRAND EST,NET-FR075A
FR14011,DOUMER,49.25073,4.02306,80.0,France,REIMS,urban-centre,traffic,UTC,11/01/2013 00:00:00,,ATMO GRAND EST,NET-FR075A
FR14012,Jean d Aulan,49.22417,4.02056,96.0,France,REIMS,urban-centre,background,UTC,01/09/2011 00:00:00,,ATMO GRAND EST,NET-FR075A
FR14028,Rempart Perrier,49.0461,3.95591,74.0,France,ÉPERNAY,urban-centre,traffic,UTC,22/01/2014 00:00:00,,ATMO GRAND EST,NET-FR075A
FR14032,ST PARRES AUX TERTRE,48.29917,4.11722,122.0,France,SAINT-PARRES-AUX-TERTRES,urban-periphery,background,UTC,14/06/1999 00:00:00,,ATMO GRAND EST,NET-FR075A
FR14033,STE SAVINE,48.295,4.05028,119.0,France,SAINTE-SAVINE,urban-centre,background,UTC,01/10/1999 00:00:00,,ATMO GRAND EST,NET-FR075A
FR14048,HAP Bourbonne,47.9542,5.7491,277.0,France,BOURBONNE-LES-BAINS,urban-periphery,background,UTC,17/03/2008 00:00:00,,ATMO GRAND EST,NET-FR075A
FR14801,Métaux BSN,49.23361,4.05694,90.0,France,REIMS,urban-periphery,background,UTC,23/01/2008 00:00:00,,ATMO GRAND EST,NET-FR075A
FR15018,Voiron Urbain,45.36018,5.58942,286.0,France,VOIRON,urban-centre,background,UTC,25/11/2010 00:00:00,,ATMO AUVERGNE-RHÔNE-ALPES,NET-FR071A
FR15031,Le Casset2,44.997,6.4694,1750.0,France,LE MONÊTIER-LES-BAINS,rural-remote,background,UTC,15/01/1997 00:00:00,,ATMO AUVERGNE-RHÔNE-ALPES,NET-FR071A
FR15043,Grenoble Les Frenes,45.1619,5.7356,219.0,France,GRENOBLE,urban-centre,background,UTC,30/01/2001 00:00:00,,ATMO AUVERGNE-RHÔNE-ALPES,NET-FR071A
FR15045,Grenoble PeriurbSud,45.0578,5.6767,310.0,France,VIF,urban-periphery,background,UTC,16/01/2008 00:00:00,,ATMO AUVERGNE-RHÔNE-ALPES,NET-FR071A
FR15048,Gresivaudan Periurb,45.2797,5.8822,260.0,France,CROLLES,urban-periphery,background,UTC,08/01/2008 00:00:00,,ATMO AUVERGNE-RHÔNE-ALPES,NET-FR071A
FR15053,Rocade Sud Eybens,45.15467,5.74523,223.0,France,EYBENS,urban-centre,traffic,UTC,01/01/2021 00:00:00,,ATMO AUVERGNE-RHÔNE-ALPES,NET-FR071A
FR16029,Strasbourg Nord,48.61036,7.78163,114.0,France,STRASBOURG,urban-centre,background,UTC,01/02/1998 00:00:00,,ATMO GRAND EST,NET-FR075A
FR16041,Strasbourg Sud 2,48.5157,7.68782,144.0,France,GEISPOLSHEIM,urban-periphery,background,UTC,30/09/2008 00:00:00,,ATMO GRAND EST,NET-FR075A
FR16060,C.C.3 Frontières,47.59491,7.56818,247.0,France,VILLAGE-NEUF,urban-periphery,background,UTC,15/09/1989 00:00:00,,ATMO GRAND EST,NET-FR075A
FR16064,Colmar Sud,48.06541,7.33314,200.0,France,COLMAR,urban-periphery,background,UTC,29/11/1993 00:00:00,,ATMO GRAND EST,NET-FR075A
FR16065,Mulhouse Est,47.72311,7.3416,355.0,France,BRUNSTATT-DIDENHEIM,urban-periphery,background,UTC,30/01/1998 00:00:00,,ATMO GRAND EST,NET-FR075A
FR16066,Mulhouse Sud 2,47.73742,7.30908,267.0,France,MULHOUSE,urban-centre,background,UTC,24/06/1999 00:00:00,,ATMO GRAND EST,NET-FR075A
FR16067,Vieux Thann 3,47.80221,7.12284,327.0,France,VIEUX-THANN,urban-centre,background,UTC,02/06/2013 00:00:00,,ATMO GRAND EST,NET-FR075A
FR16069,Mulhouse-Briand,47.74768,7.32136,255.0,France,MULHOUSE,urban-centre,traffic,UTC,06/01/2015 00:00:00,,ATMO GRAND EST,NET-FR075A
FR16215,Strasbourg A35 Remparts,48.58805,7.72972,144.0,France,STRASBOURG,urban-centre,traffic,UTC,01/01/2022 00:00:00,,ATMO GRAND EST,NET-FR075A
FR16302,Donon Vosges Moyennes 2,48.49299,7.1298,770.0,France,GRANDFONTAINE,rural-remote,background,UTC,06/01/2021 00:00:00,,ATMO GRAND EST,NET-FR075A
FR18035,Salouel,49.86889,2.23981,30.0,France,SALOUËL,urban-periphery,background,UTC,01/01/2004 00:00:00,,ATMO HAUTS DE FRANCE,NET-FR074A
FR18039,Arrest,50.12945,1.61083,33.0,France,ARREST,rural-regional,background,UTC,19/05/2001 00:00:00,,ATMO HAUTS DE FRANCE,NET-FR074A
FR18053,St Pierre Amiens,49.90167,2.3046,26.0,France,AMIENS,urban-centre,background,UTC,05/01/2011 00:00:00,,ATMO HAUTS DE FRANCE,NET-FR074A
FR18055,Creil République,49.26034,2.475,35.0,France,CREIL,urban-centre,traffic,UTC,01/01/2018 00:00:00,,ATMO HAUTS DE FRANCE,NET-FR074A
FR18057,Neuilly-Saint-Front,49.17493,3.26082,113.0,France,NEUILLY-SAINT-FRONT,rural-regional,background,UTC,02/02/2021 00:00:00,,ATMO HAUTS DE FRANCE,NET-FR074A
FR18058,Gaudechart,49.61563,1.96326,119.0,France,GAUDECHART,rural-regional,background,UTC,01/01/2024 00:00:00,,ATMO HAUTS DE FRANCE,NET-FR074A
FR18079,TRAFIC AMIENS,49.87722,2.2825,68.0,France,AMIENS,urban-centre,traffic,UTC,01/01/2012 00:00:00,,ATMO HAUTS DE FRANCE,NET-FR074A
FR18080,TRAF Saint Quent 14,49.84282,3.28144,78.0,France,SAINT-QUENTIN,urban-centre,traffic,UTC,19/01/2017 00:00:00,,ATMO HAUTS DE FRANCE,NET-FR074A
FR19002,Rennes Laennec,48.10861,-1.66586,28.0,France,RENNES,urban-centre,traffic,UTC,01/09/1993 00:00:00,,AIR BREIZH,NET-FR072A
FR19016,BREST Plouzané,48.35944,-4.56806,66.0,France,PLOUZANÉ,urban-periphery,background,UTC,18/11/2019 00:00:00,,AIR BREIZH,NET-FR072A
FR19018,MORDELLES BELLAIS,48.08288,-1.83458,45.0,France,MORDELLES,urban-periphery,background,UTC,17/11/2018 00:00:00,,AIR BREIZH,NET-FR072A
FR19019,Rennes Rue Saint Malo,48.12659,-1.68606,42.0,France,RENNES,urban-centre,traffic,UTC,01/01/2010 00:00:00,,AIR BREIZH,NET-FR072A
FR19020,Kergoff,48.26196,-2.94363,307.0,France,MERLÉAC,rural-remote,background,UTC,06/01/2020 00:00:00,,AIR BREIZH,NET-FR072A
FR19037,Lorient Normandie,47.75895,-3.36938,19.0,France,LORIENT,urban-centre,traffic,UTC,03/12/2020 00:00:00,,AIR BREIZH,NET-FR072A
FR19039,Rennes Thabor,48.11521,-1.67309,54.0,France,RENNES,urban-centre,background,UTC,08/12/2022 00:00:00,,AIR BREIZH,NET-FR072A
FR19053,Quimper Zola,47.98661,-4.09766,61.0,France,QUIMPER,urban-centre,background,UTC,18/09/2017 00:00:00,,AIR BREIZH,NET-FR072A
FR19082,StMalo Rocabey,48.65306,-2.00268,5.0,France,SAINT-MALO,urban-periphery,background,UTC,21/06/2018 00:00:00,,AIR BREIZH,NET-FR072A
FR20029,FEYZIN STADE,45.6639,4.8459,160.0,France,FEYZIN,urban-periphery,industrial,UTC,01/01/1984 00:00:00,,ATMO AUVERGNE-RHÔNE-ALPES,NET-FR071A
FR20037,TERNAY,45.6019,4.8022,235.0,France,TERNAY,urban-periphery,background,UTC,01/01/2004 00:00:00,,ATMO AUVERGNE-RHÔNE-ALPES,NET-FR071A
FR20048,SAINT EXUPERY,45.7533,5.0722,217.0,France,PUSIGNAN,urban-periphery,background,UTC,14/12/2001 00:00:00,,ATMO AUVERGNE-RHÔNE-ALPES,NET-FR071A
FR20069,Lyon Périphérique,45.77482,4.89857,170.0,France,VILLEURBANNE,urban-centre,traffic,UTC,26/11/2014 00:00:00,,ATMO AUVERGNE-RHÔNE-ALPES,NET-FR071A
FR20070,LYON TRAFIC JAURES,45.74969,4.84439,167.0,France,LYON 7E ARRONDISSEMENT,urban-centre,traffic,UTC,09/12/2015 00:00:00,,ATMO AUVERGNE-RHÔNE-ALPES,NET-FR071A
FR20077,Villefranche Centre,45.99011,4.71557,184.0,France,VILLEFRANCHE-SUR-SAÔNE,urban-centre,background,UTC,21/12/2017 00:00:00,,ATMO AUVERGNE-RHÔNE-ALPES,NET-FR071A
FR21019,IFS Caen sud,49.15167,-0.35278,22.0,France,IFS,urban-centre,background,UTC,01/01/2004 00:00:00,,ATMO NORMANDIE,NET-FR069A
FR21038,Cherbourg Hotel de Ville,49.64225,-1.62436,6.0,France,CHERBOURG-EN-COTENTIN,urban-centre,background,UTC,06/09/2018 00:00:00,,ATMO NORMANDIE,NET-FR069A
FR21039,Cherbourg PMF,49.63389,-1.62472,7.0,France,CHERBOURG-EN-COTENTIN,urban-centre,traffic,UTC,12/01/2023 00:00:00,,ATMO NORMANDIE,NET-FR069A
FR21041,Ouistreham Baie de l Orne,49.27832,-0.24707,4.0,France,OUISTREHAM,urban-periphery,background,UTC,10/01/2025 00:00:00,,ATMO NORMANDIE,NET-FR069A
FR21050,La Coulonche MERA,48.645,-0.45833,309.0,France,LA COULONCHE,rural-remote,background,UTC,20/06/2009 00:00:00,,ATMO NORMANDIE,NET-FR069A
FR21101,Caen Montalivet,49.17983,-0.32975,5.0,France,MONDEVILLE,urban-centre,traffic,UTC,12/01/2023 00:00:00,,ATMO NORMANDIE,NET-FR069A
FR22009,Ecole de Carling(9),49.16573,6.71689,210.0,France,CARLING,urban-periphery,industrial,UTC,01/01/1982 00:00:00,,ATMO GRAND EST,NET-FR075A
FR23001,AMPERE,47.32426,-2.08143,17.0,France,DONGES,urban-periphery,industrial,UTC,18/07/1984 00:00:00,,AIR PAYS DE LA LOIRE,NET-FR035A
FR23003,LA MEGRETAIS,47.3227,-2.03924,7.0,France,DONGES,urban-periphery,industrial,UTC,01/06/1982 00:00:00,,AIR PAYS DE LA LOIRE,NET-FR035A
FR23004,PASTEUR,47.31735,-2.07333,10.0,France,DONGES,urban-periphery,industrial,UTC,15/06/1984 00:00:00,,AIR PAYS DE LA LOIRE,NET-FR035A
FR23068,FROSSAY,47.24735,-1.93652,26.0,France,FROSSAY,unknown,industrial,UTC,10/01/1992 00:00:00,,AIR PAYS DE LA LOIRE,NET-FR035A
FR23069,SAVENAY,47.36021,-1.95359,20.0,France,SAVENAY,urban-periphery,industrial,UTC,10/01/1992 00:00:00,,AIR PAYS DE LA LOIRE,NET-FR035A
FR23070,S ETIENNE DE MONTLUC,47.28313,-1.78308,63.0,France,SAINT-ÉTIENNE-DE-MONTLUC,urban-periphery,industrial,UTC,10/01/1992 00:00:00,,AIR PAYS DE LA LOIRE,NET-FR035A
FR23075,JULES VERNE,47.31564,-2.19041,7.0,France,TRIGNAC,urban-periphery,industrial,UTC,01/01/2004 00:00:00,,AIR PAYS DE LA LOIRE,NET-FR035A
FR23078,SAINT EXUPERY,47.05583,-0.88358,83.0,France,CHOLET,urban-centre,background,UTC,30/05/1996 00:00:00,,AIR PAYS DE LA LOIRE,NET-FR035A
FR23110,LEON BLUM,47.26411,-2.25015,26.0,France,SAINT-NAZAIRE,urban-centre,background,UTC,05/07/1999 00:00:00,,AIR PAYS DE LA LOIRE,NET-FR035A
FR23123,MAZAGRAN,48.0693,-0.76813,48.0,France,LAVAL,urban-centre,background,UTC,23/01/2001 00:00:00,,AIR PAYS DE LA LOIRE,NET-FR035A
FR23124,LA TARDIERE,46.65662,-0.74338,142.0,France,LA TARDIÈRE,rural-remote,background,UTC,24/02/2004 00:00:00,,AIR PAYS DE LA LOIRE,NET-FR035A
FR23149,CUTULLIC2,47.28616,-2.03245,7.0,France,PAIMBŒUF,urban-periphery,industrial,UTC,28/11/2005 00:00:00,,AIR PAYS DE LA LOIRE,NET-FR035A
FR23150,APPENTIS,47.44734,-0.5501,31.0,France,ANGERS,urban-centre,background,UTC,15/12/2004 00:00:00,,AIR PAYS DE LA LOIRE,NET-FR035A
FR23152,DELACROIX,46.66065,-1.43686,68.0,France,LA ROCHE-SUR-YON,urban-centre,background,UTC,07/02/2005 00:00:00,,AIR PAYS DE LA LOIRE,NET-FR035A
FR23157,EPINETTES,47.14609,-1.69027,22.0,France,BOUAYE,urban-periphery,background,UTC,07/02/2005 00:00:00,,AIR PAYS DE LA LOIRE,NET-FR035A
FR23163,Fillé,47.92193,0.1519,43.0,France,SPAY,urban-periphery,background,UTC,06/09/2005 00:00:00,,AIR PAYS DE LA LOIRE,NET-FR035A
FR23174,GUEDOU,47.98895,0.19605,45.0,France,LE MANS,urban-centre,background,UTC,30/01/2006 00:00:00,,AIR PAYS DE LA LOIRE,NET-FR035A
FR23175,CLOS DES BEAUVAIS,47.43012,-0.61001,51.0,France,BOUCHEMAINE,urban-periphery,background,UTC,27/02/2006 00:00:00,,AIR PAYS DE LA LOIRE,NET-FR035A
FR23177,SAINT-DENIS D'ANJOU,47.78833,-0.44476,54.0,France,SAINT-DENIS-D'ANJOU,rural-regional,background,UTC,15/09/2005 00:00:00,,AIR PAYS DE LA LOIRE,NET-FR035A
FR23178,PARSCAU DU PLESSIS,47.31889,-2.06688,9.0,France,DONGES,urban-periphery,industrial,UTC,06/07/2006 00:00:00,,AIR PAYS DE LA LOIRE,NET-FR035A
FR23181,PARC PAYSAGER,47.27313,-2.22317,5.0,France,SAINT-NAZAIRE,urban-centre,background,UTC,15/01/2007 00:00:00,,AIR PAYS DE LA LOIRE,NET-FR035A
FR23182,SOURCES,47.97115,0.22136,84.0,France,LE MANS,urban-centre,background,UTC,03/01/2007 00:00:00,,AIR PAYS DE LA LOIRE,NET-FR035A
FR23188,CIM BOUTEILLERIE,47.22219,-1.53743,13.0,France,NANTES,urban-centre,background,UTC,20/12/2007 00:00:00,,AIR PAYS DE LA LOIRE,NET-FR035A
FR23230,GASPARD,47.25304,-2.33203,7.0,France,PORNICHET,urban-periphery,background,UTC,27/01/2011 00:00:00,,AIR PAYS DE LA LOIRE,NET-FR035A
FR23242,BD DU ROI RENE,47.46699,-0.55469,44.0,France,ANGERS,urban-centre,traffic,UTC,01/01/2022 00:00:00,,AIR PAYS DE LA LOIRE,NET-FR035A
FR23249,LA CAME,47.32113,-2.12734,4.0,France,MONTOIR-DE-BRETAGNE,urban-periphery,industrial,UTC,01/01/2021 00:00:00,,AIR PAYS DE LA LOIRE,NET-FR035A
FR23251,FRERES GONCOURT,47.23356,-1.56481,28.0,France,NANTES,urban-centre,traffic,UTC,30/12/2021 00:00:00,,AIR PAYS DE LA LOIRE,NET-FR035A
FR23252,LA PAIX,48.07104,-0.76699,52.0,France,LAVAL,urban-centre,traffic,UTC,01/01/2024 00:00:00,,AIR PAYS DE LA LOIRE,NET-FR035A
FR24007,ANTIBES JEAN MOULIN,43.5988,7.09315,81.0,France,ANTIBES,urban-periphery,background,UTC,01/01/2004 00:00:00,,ATMO SUD,NET-FR070A
FR24011,NICE OUEST BOTANIQUE,43.68519,7.21117,118.0,France,NICE,urban-periphery,background,UTC,04/07/1998 00:00:00,,ATMO SUD,NET-FR070A
FR24014,CIANS,44.09469,6.98898,1454.0,France,BEUIL,rural-regional,background,UTC,26/06/2000 00:00:00,,ATMO SUD,NET-FR070A
FR24021,PEILLON,43.78658,7.37328,196.0,France,PEILLON,urban-periphery,industrial,UTC,09/12/2002 00:00:00,,ATMO SUD,NET-FR070A
FR25036,Espace du Palais,49.44236,1.09379,17.0,France,ROUEN,urban-centre,background,UTC,25/10/2000 00:00:00,,ATMO NORMANDIE,NET-FR069A
FR25040,Mesnil Esnard,49.40619,1.15515,160.0,France,LE MESNIL-ESNARD,urban-periphery,background,UTC,13/09/1999 00:00:00,,ATMO NORMANDIE,NET-FR069A
FR25049,Base loisirs Poses,49.30487,1.21437,21.0,France,VAL-DE-REUIL,unknown,background,UTC,28/06/2007 00:00:00,,ATMO NORMANDIE,NET-FR069A
FR25050,Bures-en-bray,49.78122,1.34508,65.0,France,BURES-EN-BRAY,rural-regional,background,UTC,28/05/2013 00:00:00,,ATMO NORMANDIE,NET-FR069A
FR25053,Rouen Proxi Quai de Paris,49.4367,1.09884,9.0,France,ROUEN,urban-centre,traffic,UTC,09/01/2018 00:00:00,,ATMO NORMANDIE,NET-FR069A
FR25055,Dieppe Golf,49.92049,1.04789,89.0,France,DIEPPE,urban-periphery,background,UTC,30/12/2021 00:00:00,,ATMO NORMANDIE,NET-FR069A
FR26005,Dijon Péjoces,47.30737,5.06588,238.0,France,DIJON,urban-periphery,background,UTC,01/01/2004 00:00:00,,ATMO BOURGOGNE-FRANCHE-COMTE,NET-FR076A
FR26012,Morvan,47.27476,4.09948,638.0,France,SAINT-BRISSON,rural-remote,background,UTC,21/05/2012 00:00:00,,ATMO BOURGOGNE-FRANCHE-COMTE,NET-FR076A
FR26016,Sens,48.20044,3.2773,70.0,France,SENS,urban-centre,background,UTC,01/01/2004 00:00:00,,ATMO BOURGOGNE-FRANCHE-COMTE,NET-FR076A
FR26017,Nevers,46.99683,3.17109,190.0,France,NEVERS,urban-centre,background,UTC,01/01/2004 00:00:00,,ATMO BOURGOGNE-FRANCHE-COMTE,NET-FR076A
FR26094,Dijon Ardennes,47.35137,5.07071,238.0,France,DIJON,urban-centre,traffic,UTC,01/01/2023 00:00:00,,ATMO BOURGOGNE-FRANCHE-COMTE,NET-FR076A
FR27003,ROCHES DE CONDRIEU,45.45452,4.76653,152.0,France,LES ROCHES-DE-CONDRIEU,urban-periphery,industrial,UTC,07/12/1992 00:00:00,,ATMO AUVERGNE-RHÔNE-ALPES,NET-FR071A
FR27005,Sablons,45.32185,4.7707,136.0,France,SABLONS,urban-periphery,background,UTC,01/01/2004 00:00:00,,ATMO AUVERGNE-RHÔNE-ALPES,NET-FR071A
FR27007,Bourgoin-Jallieu,45.60822,5.27087,227.0,France,BOURGOIN-JALLIEU,urban-centre,background,UTC,20/07/2004 00:00:00,,ATMO AUVERGNE-RHÔNE-ALPES,NET-FR071A
FR27010,Plateau de Bonnevaux,45.4609,5.18108,520.0,France,LIEUDIEU,unknown,background,UTC,24/12/2013 00:00:00,,ATMO AUVERGNE-RHÔNE-ALPES,NET-FR071A
FR27011,A7 Salaise Ouest,45.34408,4.80748,157.0,France,SALAISE-SUR-SANNE,urban-periphery,traffic,UTC,01/01/2020 00:00:00,,ATMO AUVERGNE-RHÔNE-ALPES,NET-FR071A
FR28115,Lens Varsovie,50.4286,2.83611,33.0,France,LENS,urban-centre,traffic,UTC,23/12/2015 00:00:00,,ATMO HAUTS DE FRANCE,NET-FR074A
FR29439,LA TALAUDIERE,45.48178,4.42967,520.0,France,LA TALAUDIÈRE,urban-periphery,background,UTC,21/01/2010 00:00:00,,ATMO AUVERGNE-RHÔNE-ALPES,NET-FR071A
FR29441,ST ETIENNE BD URBAIN,45.44798,4.38876,498.0,France,SAINT-ÉTIENNE,urban-centre,traffic,UTC,02/12/2015 00:00:00,,ATMO AUVERGNE-RHÔNE-ALPES,NET-FR071A
FR30027,Frolois,48.56544,6.12958,285.0,France,FROLOIS,urban-centre,industrial,UTC,01/01/2013 00:00:00,,ATMO GRAND EST,NET-FR075A
FR30032,Heming,48.69473,6.96528,280.0,France,HÉMING,unknown,industrial,UTC,01/01/2013 00:00:00,,ATMO GRAND EST,NET-FR075A
FR30033,Jonville en Woevre,49.06583,5.78556,213.0,France,JONVILLE-EN-WOËVRE,rural-regional,background,UTC,01/01/2013 00:00:00,,ATMO GRAND EST,NET-FR075A
FR30034,Nancy-Charles III,48.68817,6.19043,200.0,France,NANCY,urban-centre,background,UTC,02/08/2004 00:00:00,,ATMO GRAND EST,NET-FR075A
FR31002,TALENCE,44.80046,-0.5894,20.0,France,TALENCE,urban-centre,background,UTC,01/01/2004 00:00:00,,ATMO NOUVELLE-AQUITAINE,NET-FR058A
FR31006,Mérignac - Yser,44.84137,-0.65107,36.0,France,MÉRIGNAC,urban-centre,traffic,UTC,01/01/2004 00:00:00,,ATMO NOUVELLE-AQUITAINE,NET-FR058A
FR31007,BASSENS,44.90029,-0.51584,36.0,France,BASSENS,urban-centre,industrial,UTC,01/07/1997 00:00:00,,ATMO NOUVELLE-AQUITAINE,NET-FR058A
FR31008,LE TEMPLE,44.86581,-0.94,43.0,France,LE TEMPLE,rural-regional,background,UTC,01/01/2004 00:00:00,,ATMO NOUVELLE-AQUITAINE,NET-FR058A
FR31020,LACQ,43.41123,-0.61773,107.0,France,LACQ,unknown,industrial,UTC,25/11/1998 00:00:00,,ATMO NOUVELLE-AQUITAINE,NET-FR058A
FR31021,LABASTIDE CEZERACQ,43.37628,-0.53821,123.0,France,LABASTIDE-CÉZÉRACQ,unknown,industrial,UTC,09/05/1998 00:00:00,,ATMO NOUVELLE-AQUITAINE,NET-FR058A
FR31022,LAGOR,43.40986,-0.67316,202.0,France,MONT,unknown,industrial,UTC,17/01/1998 00:00:00,,ATMO NOUVELLE-AQUITAINE,NET-FR058A
FR31023,MASLACQ,43.43646,-0.69504,76.0,France,MASLACQ,unknown,industrial,UTC,01/01/1998 00:00:00,,ATMO NOUVELLE-AQUITAINE,NET-FR058A
FR31024,MOURENX,43.37719,-0.61028,106.0,France,MOURENX,unknown,industrial,UTC,01/05/1998 00:00:00,,ATMO NOUVELLE-AQUITAINE,NET-FR058A
FR31026,TARTAS Pelletrin,43.83888,-0.81203,22.0,France,TARTAS,urban-periphery,industrial,UTC,07/02/1998 00:00:00,,ATMO NOUVELLE-AQUITAINE,NET-FR058A
FR31033,PERIGUEUX,45.18982,0.72718,142.0,France,PÉRIGUEUX,urban-centre,background,UTC,01/01/2004 00:00:00,,ATMO NOUVELLE-AQUITAINE,NET-FR058A
FR31039,PAU TOURASSE,43.31109,-0.35212,218.0,France,PAU,urban-centre,traffic,UTC,18/03/2011 00:00:00,,ATMO NOUVELLE-AQUITAINE,NET-FR058A
FR31040,MARMANDE,44.50878,0.1427,17.0,France,MARMANDE,urban-periphery,traffic,UTC,19/12/2012 00:00:00,,ATMO NOUVELLE-AQUITAINE,NET-FR058A
FR31043,Biarritz-hippodrome,43.47024,-1.55388,70.0,France,BIARRITZ,urban-periphery,background,UTC,16/12/2015 00:00:00,,ATMO NOUVELLE-AQUITAINE,NET-FR058A
FR31045,Bordeaux_GAUTIER,44.83382,-0.59853,15.0,France,BORDEAUX,urban-centre,traffic,UTC,04/01/2018 00:00:00,,ATMO NOUVELLE-AQUITAINE,NET-FR058A
FR31055,MONT-DE-MARSAN - MIDOUZE,43.88897,-0.50703,35.0,France,MONT-DE-MARSAN,urban-centre,background,UTC,13/02/2023 00:00:00,,ATMO NOUVELLE-AQUITAINE,NET-FR058A
FR31057,Floirac Branne,44.84341,-0.50698,75.0,France,FLOIRAC,urban-centre,traffic,UTC,17/05/2023 00:00:00,,ATMO NOUVELLE-AQUITAINE,NET-FR058A
FR32006,Macon Paul Bert,46.31617,4.83999,172.0,France,MÂCON,urban-periphery,background,UTC,01/01/2004 00:00:00,,ATMO BOURGOGNE-FRANCHE-COMTE,NET-FR076A
FR33101,PASTEUR,45.56472,5.92833,280.0,France,CHAMBÉRY,urban-centre,background,UTC,19/03/1998 00:00:00,,ATMO AUVERGNE-RHÔNE-ALPES,NET-FR071A
FR33105,Chambéry Trafic,45.56943,5.93299,277.0,France,CHAMBÉRY,urban-centre,traffic,UTC,01/01/2015 00:00:00,,ATMO AUVERGNE-RHÔNE-ALPES,NET-FR071A
FR33113,Maurienne Trafic,45.20937,6.48033,742.0,France,SAINT-MICHEL-DE-MAURIENNE,urban-periphery,traffic,UTC,04/01/2019 00:00:00,,ATMO AUVERGNE-RHÔNE-ALPES,NET-FR071A
FR33120,CHAMONIX,45.9225,6.87,1038.0,France,CHAMONIX-MONT-BLANC,urban-centre,background,UTC,01/01/2004 00:00:00,,ATMO AUVERGNE-RHÔNE-ALPES,NET-FR071A
FR33121,Albertville,45.675,6.38972,352.0,France,ALBERTVILLE,urban-centre,background,UTC,01/01/2004 00:00:00,,ATMO AUVERGNE-RHÔNE-ALPES,NET-FR071A
FR33122,La Léchère,45.53583,6.47111,423.0,France,LÉCHÈRE,unknown,industrial,UTC,23/12/2010 00:00:00,,ATMO AUVERGNE-RHÔNE-ALPES,NET-FR071A
FR33201,LOVERCHY,45.89528,6.11833,453.0,France,ANNECY,urban-centre,background,UTC,12/05/1998 00:00:00,,ATMO AUVERGNE-RHÔNE-ALPES,NET-FR071A
FR33202,NOVEL,45.91694,6.13556,461.0,France,ANNECY,urban-centre,background,UTC,07/04/1998 00:00:00,,ATMO AUVERGNE-RHÔNE-ALPES,NET-FR071A
FR33203,ANNECY Rocade,45.9097,6.11825,452.0,France,ANNECY,urban-centre,traffic,UTC,01/01/2015 00:00:00,,ATMO AUVERGNE-RHÔNE-ALPES,NET-FR071A
FR33211,ANNEMASSE,46.19583,6.24056,441.0,France,ANNEMASSE,urban-centre,background,UTC,01/01/2004 00:00:00,,ATMO AUVERGNE-RHÔNE-ALPES,NET-FR071A
FR33232,BOSSONS,45.90722,6.84583,1044.0,France,CHAMONIX-MONT-BLANC,urban-centre,traffic,UTC,20/03/2006 00:00:00,,ATMO AUVERGNE-RHÔNE-ALPES,NET-FR071A
FR33302,St Germain/Rhône,46.07222,5.82083,477.0,France,SAINT-GERMAIN-SUR-RHÔNE,unknown,background,UTC,29/10/2002 00:00:00,,ATMO AUVERGNE-RHÔNE-ALPES,NET-FR071A
FR33305,Bourg-en-Bresse,46.21167,5.22639,220.0,France,BOURG-EN-BRESSE,urban-centre,background,UTC,01/01/2009 00:00:00,,ATMO AUVERGNE-RHÔNE-ALPES,NET-FR071A
FR34017,Marigny-les-usages,47.95897,2.00928,123.0,France,MARIGNY-LES-USAGES,urban-periphery,background,UTC,18/07/2005 00:00:00,,LIG'AIR,NET-FR061A
FR34024,Joué lès Tours,47.34414,0.65378,90.0,France,JOUÉ-LÈS-TOURS,urban-centre,background,UTC,01/01/2004 00:00:00,,LIG'AIR,NET-FR061A
FR34025,La Bruyère,47.41908,0.68294,100.0,France,TOURS,urban-centre,background,UTC,01/01/2004 00:00:00,,LIG'AIR,NET-FR061A
FR34026,Tours péri-urbaine,47.46925,0.71733,108.0,France,CHANCEAUX-SUR-CHOISILLE,urban-periphery,background,UTC,01/02/2008 00:00:00,,LIG'AIR,NET-FR061A
FR34029,La_Source-CNRS,47.83775,1.94467,109.0,France,ORLÉANS,urban-centre,background,UTC,29/12/2015 00:00:00,,LIG'AIR,NET-FR061A
FR34032,Leblanc,47.08278,2.40533,133.0,France,BOURGES,urban-centre,background,UTC,01/01/2004 00:00:00,,LIG'AIR,NET-FR061A
FR34038,Verneuil,46.81469,2.61007,182.0,France,VERNEUIL,rural-remote,background,UTC,01/01/2020 00:00:00,,LIG'AIR,NET-FR061A
FR34041,Fulbert,48.44442,1.51014,145.0,France,CHARTRES,urban-centre,background,UTC,23/06/1999 00:00:00,,LIG'AIR,NET-FR061A
FR34043,Oysonville,48.39114,1.95561,150.0,France,OYSONVILLE,rural-regional,background,UTC,01/01/2022 00:00:00,,LIG'AIR,NET-FR061A
FR34046,Dreux Centre,48.72969,1.35847,90.0,France,DREUX,urban-centre,background,UTC,24/06/2004 00:00:00,,LIG'AIR,NET-FR061A
FR34047,Saint-Remy,48.76089,1.23364,99.0,France,SAINT-RÉMY-SUR-AVRE,urban-periphery,traffic,UTC,01/01/2016 00:00:00,,LIG'AIR,NET-FR061A
FR34048,Chartres_trafic,48.44916,1.49247,129.0,France,CHARTRES,urban-centre,traffic,UTC,02/01/2019 00:00:00,,LIG'AIR,NET-FR061A
FR34051,Chateauroux Sud,46.79828,1.69314,156.0,France,CHÂTEAUROUX,urban-centre,background,UTC,01/01/2004 00:00:00,,LIG'AIR,NET-FR061A
FR34054,Faverolles,47.17017,1.40969,130.0,France,VILLENTROIS-FAVEROLLES-EN-BERRY,rural-regional,background,UTC,30/08/2005 00:00:00,,LIG'AIR,NET-FR061A
FR34056,Montierchaume,46.86453,1.77194,161.0,France,MONTIERCHAUME,urban-periphery,background,UTC,02/10/2012 00:00:00,,LIG'AIR,NET-FR061A
FR34061,Blois nord,47.59426,1.30267,118.0,France,BLOIS,urban-centre,background,UTC,13/12/2001 00:00:00,,LIG'AIR,NET-FR061A
FR34063,Blois_trafic,47.58654,1.32653,88.0,France,BLOIS,urban-centre,traffic,UTC,17/12/2020 00:00:00,,LIG'AIR,NET-FR061A
FR34064,Montargis_trafic,48.00694,2.74011,88.0,France,MONTARGIS,urban-centre,traffic,UTC,07/01/2019 00:00:00,,LIG'AIR,NET-FR061A
FR34066,Montargis Les Cites,48.00145,2.72618,106.0,France,MONTARGIS,urban-centre,background,UTC,04/01/2023 00:00:00,,LIG'AIR,NET-FR061A
FR34067,St Jean de la Ruelle,47.9103,1.87343,115.0,France,SAINT-JEAN-DE-LA-RUELLE,urban-centre,background,UTC,30/01/2023 00:00:00,,LIG'AIR,NET-FR061A
FR34108,Bazoches_CC,48.16606,2.04403,130.0,France,BAZOCHES-LES-GALLERANDES,unknown,industrial,UTC,01/02/2019 00:00:00,,LIG'AIR,NET-FR061A
FR35002,ST JUNIEN - Fontaine,45.88485,0.89843,227.0,France,SAINT-JUNIEN,urban-centre,background,UTC,17/12/1997 00:00:00,,ATMO NOUVELLE-AQUITAINE,NET-FR058A
FR35004,BRIVE - Dalton,45.15874,1.53726,121.0,France,BRIVE-LA-GAILLARDE,urban-centre,background,UTC,01/01/2004 00:00:00,,ATMO NOUVELLE-AQUITAINE,NET-FR058A
FR35006,TULLE - Hugo,45.26267,1.76275,264.0,France,TULLE,urban-centre,background,UTC,01/01/2004 00:00:00,,ATMO NOUVELLE-AQUITAINE,NET-FR058A
FR35012,LA NOUAILLE - MERA,45.80509,2.06233,810.0,France,LA NOUAILLE,rural-remote,background,UTC,10/07/2004 00:00:00,,ATMO NOUVELLE-AQUITAINE,NET-FR058A
FR35019,SAILLAT - Ipaper,45.87583,0.82395,187.0,France,SAILLAT-SUR-VIENNE,unknown,industrial,UTC,16/07/2008 00:00:00,,ATMO NOUVELLE-AQUITAINE,NET-FR058A
FR36001,Valence Périurb. Sud,44.87024,4.87629,125.0,France,PORTES-LÈS-VALENCE,urban-periphery,background,UTC,05/10/1999 00:00:00,,ATMO AUVERGNE-RHÔNE-ALPES,NET-FR071A
FR36007,Saint Bauzile CEC,44.67594,4.67359,460.0,France,SAINT-BAUZILE,rural-regional,industrial,UTC,01/04/2007 00:00:00,,ATMO AUVERGNE-RHÔNE-ALPES,NET-FR071A
FR36021,Drôme Rurale Sud-SND,44.56944,5.27897,605.0,France,SAINT-NAZAIRE-LE-DÉSERT,rural-remote,background,UTC,02/01/2024 00:00:00,,ATMO AUVERGNE-RHÔNE-ALPES,NET-FR071A
FR36032,A7 Valence Est,44.9492,4.89013,113.0,France,BOURG-LÈS-VALENCE,urban-centre,traffic,UTC,28/12/2017 00:00:00,,ATMO AUVERGNE-RHÔNE-ALPES,NET-FR071A
FR37001,ST de Baie mahault,16.25731,-61.59172,18.0,France,BAIE-MAHAULT,urban-periphery,background,UTC-04,01/01/2004 00:00:00,,GWAD'AIR,NET-FR064A
FR37006,PTP-VICTOIRE,16.23674,-61.5341,7.0,France,POINTE-À-PITRE,urban-centre,background,UTC-04,23/02/2017 00:00:00,,GWAD'AIR,NET-FR064A
FR37010,BT_PICHON,15.99435,-61.7272,37.0,France,BASSE-TERRE,urban-centre,background,UTC-04,01/01/2019 00:00:00,,GWAD'AIR,NET-FR064A
FR37038,SXM Marigot,18.07011,-63.08148,99.0,France,SAINT-MARTIN,urban-centre,background,UTC-04,27/09/2021 00:00:00,,GWAD'AIR,NET-FR064A
FR37040,ABYMES RN1,16.25409,-61.53713,13.0,France,LES ABYMES,urban-periphery,traffic,UTC-04,17/12/2022 00:00:00,,GWAD'AIR,NET-FR064A
FR37041,Anse-Bertrand Campêche,16.4545,-61.4281,33.0,France,ANSE-BERTRAND,rural-regional,background,UTC-04,01/01/2024 00:00:00,,GWAD'AIR,NET-FR064A
FR38001,LYC. LISLET GEOFFROY,-20.88989,55.46884,20.0,France,SAINT-DENIS,urban-centre,background,UTC+04,17/11/1999 00:00:00,,ATMO REUNION,NET-FR060A
FR38002,MONTGAILLARD,-20.90329,55.46833,150.0,France,SAINT-DENIS,urban-periphery,background,UTC+04,23/11/1999 00:00:00,,ATMO REUNION,NET-FR060A
FR38009,Ecole La Marine,-20.91058,55.61898,5.0,France,SAINTE-SUZANNE,urban-periphery,industrial,UTC+04,22/07/2003 00:00:00,,ATMO REUNION,NET-FR060A
FR38011,Station Luther King,-21.33441,55.45906,10.0,France,SAINT-PIERRE,urban-centre,background,UTC+04,04/04/2007 00:00:00,,ATMO REUNION,NET-FR060A
FR38014,Ligne Paradis,-21.3129,55.47419,142.0,France,SAINT-PIERRE,urban-periphery,background,UTC+04,03/06/2011 00:00:00,,ATMO REUNION,NET-FR060A
FR38016,Station Bourg-Murat,-21.20482,55.58262,1601.0,France,LE TAMPON,rural-regional,background,UTC+04,22/02/2008 00:00:00,,ATMO REUNION,NET-FR060A
FR38017,Grand Coude,-21.29433,55.62793,1141.0,France,SAINT-JOSEPH,rural-regional,background,UTC+04,14/10/2010 00:00:00,,ATMO REUNION,NET-FR060A
FR38018,Centre Penitencier,-20.9498,55.31383,147.0,France,LE PORT,urban-periphery,industrial,UTC+04,17/08/2012 00:00:00,,ATMO REUNION,NET-FR060A
FR38020,Plateau Caillou,-21.02211,55.26677,165.0,France,SAINT-PAUL,urban-centre,background,UTC+04,31/07/2014 00:00:00,,ATMO REUNION,NET-FR060A
FR38021,Grand Fond,-21.03214,55.23256,253.0,France,SAINT-PAUL,urban-periphery,background,UTC+04,14/08/2014 00:00:00,,ATMO REUNION,NET-FR060A
FR38022,Chaussée Royale,-20.99858,55.28062,11.0,France,SAINT-PAUL,urban-centre,traffic,UTC+04,28/02/2017 00:00:00,,ATMO REUNION,NET-FR060A
FR38024,RDT SAINT-LEU,-21.21321,55.30285,105.0,France,SAINT-LEU,unknown,traffic,UTC+04,01/01/2023 00:00:00,,ATMO REUNION,NET-FR060A
FR38091,Terrain de Sel,-20.92869,55.33258,19.0,France,LA POSSESSION,urban-centre,industrial,UTC+04,29/08/2014 00:00:00,,ATMO REUNION,NET-FR060A
FR38098,Sarda Garriga,-21.27708,55.40306,65.0,France,SAINT-LOUIS,urban-centre,industrial,UTC+04,09/03/2005 00:00:00,,ATMO REUNION,NET-FR060A
FR39003,Etang Zabricot,14.6035,-61.04121,25.0,France,FORT-DE-FRANCE,urban-centre,industrial,UTC-04,21/02/2008 00:00:00,,MADININAIR,NET-FR062A
FR39008,Ville de Schoelcher,14.61639,-61.10079,20.0,France,SCHŒLCHER,urban-centre,background,UTC-04,25/02/2003 00:00:00,,MADININAIR,NET-FR062A
FR39009,Lamentin,14.61065,-61.00259,5.0,France,LE LAMENTIN,urban-centre,background,UTC-04,03/04/2003 00:00:00,,MADININAIR,NET-FR062A
FR39010,Concorde,14.61384,-61.06349,80.0,France,FORT-DE-FRANCE,urban-centre,traffic,UTC-04,04/07/2007 00:00:00,,MADININAIR,NET-FR062A
FR39011,Reneville,14.61411,-61.05308,15.0,France,FORT-DE-FRANCE,urban-centre,traffic,UTC-04,01/01/2013 00:00:00,,MADININAIR,NET-FR062A
FR39014,Sainte_Luce,14.46887,-60.92742,46.0,France,SAINTE-LUCE,urban-periphery,background,UTC-04,14/01/2016 00:00:00,,MADININAIR,NET-FR062A
FR40006,Kourou Gaston Monnerville Brady,5.16425,-52.64649,6.0,France,KOUROU,urban-centre,background,UTC-03,01/01/2019 00:00:00,,ATMO GUYANE,NET-FR063A
FR40007,Kalou,4.84816,-52.3238,12.0,France,MATOURY,urban-periphery,background,UTC-03,22/07/2014 00:00:00,,ATMO GUYANE,NET-FR063A
FR40008,Caiena3,4.93785,-52.32093,5.0,France,CAYENNE,urban-centre,background,UTC-03,01/01/2024 00:00:00,,ATMO GUYANE,NET-FR063A
FR41017,BASTIA MONTESORO,42.67133,9.43464,15.0,France,BASTIA,urban-periphery,background,UTC,23/05/2006 00:00:00,,QUALITAIR CORSE,NET-FR065A
FR41063,AJACCIO CONFINA 2,41.94769,8.79616,70.0,France,AJACCIO,urban-periphery,background,UTC,31/01/2024 00:00:00,,QUALITAIR CORSE,NET-FR065A
FR41073,AJACCIO NAPOLEON,41.92997,8.73936,10.0,France,AJACCIO,urban-centre,traffic,UTC,08/09/2025 00:00:00,,QUALITAIR CORSE,NET-FR065A
FR42010,Strasbourg Neudorf Ecoquartier Danube,48.57281,7.76783,135.0,France,STRASBOURG,urban-centre,background,UTC,16/11/2019 00:00:00,,ATMO GRAND EST,NET-FR075A
FR42011,Haguenau-Place marché aux bestiaux,48.81835,7.78641,143.0,France,HAGUENAU,urban-centre,background,UTC,30/03/2021 00:00:00,,ATMO GRAND EST,NET-FR075A
FR43001,Kawéni Village,-12.77294,45.22321,7.0,France,MAMOUDZOU,urban-centre,traffic,UTC+03,18/02/2022 00:00:00,,HAWA MAYOTTE,NET-FR077A
FR43002,Convalescence,-12.77819,45.22023,117.0,France,MAMOUDZOU,urban-centre,background,UTC+03,07/03/2023 00:00:00,,HAWA MAYOTTE,NET-FR077A
FR50060,Montauban - Ramierou,44.01286,1.37531,451.0,France,MONTAUBAN,urban-centre,background,UTC,10/10/2020 00:00:00,,ATMO OCCITANIE,NET-FR068A
FR50224,Perpignan bd Pyrénées,42.69587,2.88848,37.0,France,PERPIGNAN,urban-centre,traffic,UTC,01/01/2021 00:00:00,,ATMO OCCITANIE,NET-FR068A
FR50225,Montpellier Liberté,43.61161,3.82787,56.0,France,MONTPELLIER,urban-centre,traffic,UTC,10/06/2022 00:00:00,,ATMO OCCITANIE,NET-FR068A
FR50227,Montpellier Antigone,43.60883,3.89572,40.0,France,MONTPELLIER,urban-centre,traffic,UTC,01/01/2024 00:00:00,,ATMO OCCITANIE,NET-FR068A
FR82005,Montfaucon,47.23461,6.07647,490.0,France,MONTFAUCON,urban-periphery,background,UTC,15/09/2005 00:00:00,,ATMO BOURGOGNE-FRANCHE-COMTE,NET-FR076A
FR82006,Besançon Prévoyance,47.2474,6.01542,321.0,France,BESANÇON,urban-centre,background,UTC,26/08/2013 00:00:00,,ATMO BOURGOGNE-FRANCHE-COMTE,NET-FR076A
FR82010,Montbéliard centre,47.51031,6.794,331.0,France,MONTBÉLIARD,urban-centre,background,UTC,01/01/2004 00:00:00,,ATMO BOURGOGNE-FRANCHE-COMTE,NET-FR076A
FR82012,Dambenois Citoyen,47.53819,6.86836,365.0,France,DAMBENOIS,urban-periphery,background,UTC,03/12/1999 00:00:00,,ATMO BOURGOGNE-FRANCHE-COMTE,NET-FR076A
FR82021,Belfort centre,47.63076,6.85894,357.0,France,BELFORT,urban-centre,background,UTC,29/09/2011 00:00:00,,ATMO BOURGOGNE-FRANCHE-COMTE,NET-FR076A
FR82030,Montandon Baresans,47.29464,6.82586,746.0,France,MONTANDON,rural-remote,background,UTC,01/06/2011 00:00:00,,ATMO BOURGOGNE-FRANCHE-COMTE,NET-FR076A
FR82040,Dole centre,47.09672,5.49639,223.0,France,DOLE,urban-centre,background,UTC,01/01/2004 00:00:00,,ATMO BOURGOGNE-FRANCHE-COMTE,NET-FR076A
FR82041,Tavaux,47.0426,5.40094,192.0,France,TAVAUX,urban-periphery,industrial,UTC,26/06/2000 00:00:00,,ATMO BOURGOGNE-FRANCHE-COMTE,NET-FR076A
FR82042,Damparis,47.06563,5.41506,210.0,France,DAMPARIS,urban-periphery,industrial,UTC,28/07/1994 00:00:00,,ATMO BOURGOGNE-FRANCHE-COMTE,NET-FR076A
FR82043,Chatenois,47.14723,5.55621,213.0,France,CHÂTENOIS,unknown,industrial,UTC,01/04/1995 00:00:00,,ATMO BOURGOGNE-FRANCHE-COMTE,NET-FR076A
FR82060,Vesoul Pres Caillet,47.62002,6.15764,217.0,France,VESOUL,urban-centre,background,UTC,01/01/2004 00:00:00,,ATMO BOURGOGNE-FRANCHE-COMTE,NET-FR076A
FR82070,Baume-les-Dames,47.35129,6.35972,273.0,France,BAUME-LES-DAMES,urban-centre,traffic,UTC,01/01/2021 00:00:00,,ATMO BOURGOGNE-FRANCHE-COMTE,NET-FR076A
GB0002R,Eskdalemuir - UKA00130,55.31531,-3.20611,255.0,United Kingdom,,rural,background,UTC,17/05/1983 00:00:00,,UK Air Quality e-Reporting monitoring network for compliance & informative reporting,GB_Network_1
GB0004R,Stoke Ferry - UKA00317,52.55985,0.50615,3.0,United Kingdom,,rural,background,UTC,13/09/2007 00:00:00,,UK Air Quality e-Reporting monitoring network for compliance & informative reporting,GB_Network_1
GB0006R,Lough Navar - UKA00166,54.43951,-7.90033,130.0,United Kingdom,,rural,background,UTC,02/04/1987 00:00:00,,UK Air Quality e-Reporting monitoring network for compliance & informative reporting,GB_Network_1
GB0013R,Yarner Wood - UKA00168,50.5976,-3.71651,119.0,United Kingdom,,rural,background,UTC,26/06/1987 00:00:00,,UK Air Quality e-Reporting monitoring network for compliance & informative reporting,GB_Network_1
GB0014R,High Muffles - UKA00169,54.33494,-0.80855,267.0,United Kingdom,,rural,background,UTC,16/07/1987 00:00:00,,UK Air Quality e-Reporting monitoring network for compliance & informative reporting,GB_Network_1
GB0015R,Strathvaich - UKA00162,57.73446,-4.77658,270.0,United Kingdom,,rural,background,UTC,18/03/1987 00:00:00,,UK Air Quality e-Reporting monitoring network for compliance & informative reporting,GB_Network_1
GB0017R,Heigham Holmes - UKA00461,52.72715,1.61481,5.0,United Kingdom,,rural,background,UTC,21/08/2003 00:00:00,,UK Air Quality e-Reporting monitoring network for compliance & informative reporting,GB_Network_1
GB0031R,Aston Hill - UKA00137,52.50385,-3.03418,370.0,United Kingdom,,rural,background,UTC,26/06/1986 00:00:00,,UK Air Quality e-Reporting monitoring network for compliance & informative reporting,GB_Network_1
GB0033R,Bush Estate - UKA00128,55.86228,-3.20578,180.0,United Kingdom,,rural,background,UTC,09/10/2003 00:00:00,,UK Air Quality e-Reporting monitoring network for compliance & informative reporting,GB_Network_1
GB0034R,Glazebury - UKA00170,53.46008,-2.47206,21.0,United Kingdom,,rural,background,UTC,26/01/2004 00:00:00,,UK Air Quality e-Reporting monitoring network for compliance & informative reporting,GB_Network_1
GB0037R,Ladybower - UKA00171,53.40337,-1.75201,420.0,United Kingdom,,rural,background,UTC,27/10/1988 00:00:00,,UK Air Quality e-Reporting monitoring network for compliance & informative reporting,GB_Network_1
GB0038R,Lullington Heath - UKA00152,50.7937,0.18125,125.0,United Kingdom,,rural,background,UTC,29/09/1988 00:00:00,,UK Air Quality e-Reporting monitoring network for compliance & informative reporting,GB_Network_1
GB0039R,Sibton - UKA00012,52.2944,1.4635,46.0,United Kingdom,,rural,background,UTC,01/07/1973 00:00:00,,UK Air Quality e-Reporting monitoring network for compliance & informative reporting,GB_Network_1
GB0043R,Narberth - UKA00323,51.78178,-4.69146,160.0,United Kingdom,,rural,background,UTC,20/01/1997 00:00:00,,UK Air Quality e-Reporting monitoring network for compliance & informative reporting,GB_Network_1
GB0045R,Wicken Fen - UKA00362,52.2985,0.29092,5.0,United Kingdom,,rural,background,UTC,12/11/1997 00:00:00,,UK Air Quality e-Reporting monitoring network for compliance & informative reporting,GB_Network_1
GB0048R,Auchencorth Moss - UKA00451,55.79216,-3.2429,260.0,United Kingdom,,rural,background,UTC,01/11/2006 00:00:00,,UK Air Quality e-Reporting monitoring network for compliance & informative reporting,GB_Network_1
GB0050A,Rosia Road,36.13332,-5.35318,12.5,United Kingdom,,urban-centre,traffic,UTC+01,02/02/2005 12:00:00,,UK Air Quality e-Reporting monitoring network for compliance & informative reporting,GIB_Network_1
GB0051A,Bleak House,36.11282,-5.35019,20.3,United Kingdom,,urban-periphery,background,UTC+01,16/05/2008 12:00:00,,UK Air Quality e-Reporting monitoring network for compliance & informative reporting,GIB_Network_1
GB0421A,Billingham - UKA00153,54.60537,-1.27504,10.0,United Kingdom,,urban-centre,industrial,UTC,01/01/1987 00:00:00,,UK Air Quality e-Reporting monitoring network for compliance & informative reporting,GB_Network_1
GB0538A,Sheffield Tinsley - UKA00181,53.41058,-1.39614,90.0,United Kingdom,,urban-centre,background,UTC,28/11/1990 00:00:00,,UK Air Quality e-Reporting monitoring network for compliance & informative reporting,GB_Network_1
GB0566A,London Bloomsbury - UKA00211,51.52229,-0.12589,20.0,United Kingdom,,urban-centre,background,UTC,23/01/1992 00:00:00,,UK Air Quality e-Reporting monitoring network for compliance & informative reporting,GB_Network_1
GB0567A,Belfast Centre - UKA00212,54.59965,-5.92883,10.0,United Kingdom,,urban-centre,background,UTC,08/03/1992 00:00:00,,UK Air Quality e-Reporting monitoring network for compliance & informative reporting,GB_Network_1
GB0568A,Newcastle Centre - UKA00213,54.97825,-1.61053,45.0,United Kingdom,,urban-centre,background,UTC,08/03/1992 00:00:00,,UK Air Quality e-Reporting monitoring network for compliance & informative reporting,GB_Network_1
GB0580A,Cardiff Centre - UKA00217,51.48178,-3.17625,12.0,United Kingdom,,urban-centre,background,UTC,12/05/1992 00:00:00,,UK Air Quality e-Reporting monitoring network for compliance & informative reporting,GB_Network_1
GB0583A,Middlesbrough - UKA00220,54.5693,-1.22087,10.0,United Kingdom,,urban-centre,industrial,UTC,21/04/1995 00:00:00,,UK Air Quality e-Reporting monitoring network for compliance & informative reporting,GB_Network_1
GB0584A,Leeds Centre - UKA00222,53.80378,-1.54647,78.0,United Kingdom,,urban-centre,background,UTC,04/01/1993 00:00:00,,UK Air Quality e-Reporting monitoring network for compliance & informative reporting,GB_Network_1
GB0586A,London Eltham - UKA00230,51.45258,0.07077,60.0,United Kingdom,,urban-periphery,background,UTC,01/04/1996 00:00:00,,UK Air Quality e-Reporting monitoring network for compliance & informative reporting,GB_Network_1
GB0598A,Southampton Centre - UKA00235,50.90814,-1.39578,7.0,United Kingdom,,urban-centre,background,UTC,04/01/1994 00:00:00,,UK Air Quality e-Reporting monitoring network for compliance & informative reporting,GB_Network_1
GB0608A,London Bexley - UKA00238,51.46603,0.18481,13.0,United Kingdom,,urban-periphery,background,UTC,01/05/1994 00:00:00,,UK Air Quality e-Reporting monitoring network for compliance & informative reporting,GB_Network_1
GB0613A,Manchester Piccadilly - UKA00248,53.48152,-2.23788,57.0,United Kingdom,,urban-centre,background,UTC,18/12/1995 00:00:00,,UK Air Quality e-Reporting monitoring network for compliance & informative reporting,GB_Network_1
GB0617A,Rochester Stoke - UKA00251,51.45617,0.63489,14.0,United Kingdom,,rural,background,UTC,26/01/1996 00:00:00,,UK Air Quality e-Reporting monitoring network for compliance & informative reporting,GB_Network_1
GB0620A,London N. Kensington - UKA00253,51.52105,-0.21349,5.0,United Kingdom,,urban-centre,background,UTC,01/04/1996 00:00:00,,UK Air Quality e-Reporting monitoring network for compliance & informative reporting,GB_Network_1
GB0624A,Tower Hamlets Roadside - UKA00257,51.52253,-0.04216,20.0,United Kingdom,,urban-centre,traffic,UTC,01/04/1996 00:00:00,,UK Air Quality e-Reporting monitoring network for compliance & informative reporting,GB_Network_1
GB0633A,Oxford Centre Roadside - UKA00258,51.75174,-1.25746,60.0,United Kingdom,,urban-centre,traffic,UTC,15/04/1996 00:00:00,,UK Air Quality e-Reporting monitoring network for compliance & informative reporting,GB_Network_1
GB0636A,Camden Kerbside - UKA00259,51.54421,-0.17527,50.0,United Kingdom,,urban-centre,traffic,UTC,16/05/1996 00:00:00,,UK Air Quality e-Reporting monitoring network for compliance & informative reporting,GB_Network_1
GB0637A,Haringey Roadside - UKA00260,51.5993,-0.06822,10.0,United Kingdom,,urban-centre,traffic,UTC,16/05/1996 00:00:00,,UK Air Quality e-Reporting monitoring network for compliance & informative reporting,GB_Network_1
GB0640A,Exeter Roadside - UKA00263,50.72508,-3.53246,43.0,United Kingdom,,urban-centre,traffic,UTC,02/07/1996 00:00:00,,UK Air Quality e-Reporting monitoring network for compliance & informative reporting,GB_Network_1
GB0642A,London Hillingdon - UKA00266,51.49633,-0.46086,34.0,United Kingdom,,urban-centre,background,UTC,02/08/1996 00:00:00,,UK Air Quality e-Reporting monitoring network for compliance & informative reporting,GB_Network_1
GB0643A,Leamington Spa - UKA00265,52.28881,-1.53312,55.0,United Kingdom,,urban-centre,background,UTC,26/07/1996 00:00:00,,UK Air Quality e-Reporting monitoring network for compliance & informative reporting,GB_Network_1
GB0645A,Thurrock - UKA00272,51.47707,0.31797,8.0,United Kingdom,,urban-centre,background,UTC,01/09/1996 00:00:00,,UK Air Quality e-Reporting monitoring network for compliance & informative reporting,GB_Network_1
GB0646A,Nottingham Centre - UKA00274,52.95473,-1.14645,41.0,United Kingdom,,urban-centre,background,UTC,02/09/1996 00:00:00,,UK Air Quality e-Reporting monitoring network for compliance & informative reporting,GB_Network_1
GB0657A,Glasgow Kerbside - UKA00336,55.85917,-4.25889,10.0,United Kingdom,,urban-centre,traffic,UTC,10/03/1997 00:00:00,,UK Air Quality e-Reporting monitoring network for compliance & informative reporting,GB_Network_1
GB0658A,Stoke-on-Trent Centre - UKA00337,53.02821,-2.17513,172.0,United Kingdom,,urban-centre,background,UTC,11/03/1997 00:00:00,,UK Air Quality e-Reporting monitoring network for compliance & informative reporting,GB_Network_1
GB0660A,Salford Eccles - UKA00339,53.48481,-2.33414,30.0,United Kingdom,,urban-centre,background,UTC,20/03/1997 00:00:00,,UK Air Quality e-Reporting monitoring network for compliance & informative reporting,GB_Network_1
GB0681A,Barnsley Gawber - UKA00353,53.56292,-1.51044,100.0,United Kingdom,,urban-centre,background,UTC,07/07/1997 00:00:00,,UK Air Quality e-Reporting monitoring network for compliance & informative reporting,GB_Network_1
GB0682A,London Marylebone Road - UKA00315,51.52253,-0.15461,35.0,United Kingdom,,urban-centre,traffic,UTC,17/07/1997 00:00:00,,UK Air Quality e-Reporting monitoring network for compliance & informative reporting,GB_Network_1
GB0687A,Plymouth Centre - UKA00360,50.37167,-4.14236,18.0,United Kingdom,,urban-centre,background,UTC,29/09/1997 00:00:00,,UK Air Quality e-Reporting monitoring network for compliance & informative reporting,GB_Network_1
GB0700A,Bolsover - UKA00376,53.25637,-1.29708,130.0,United Kingdom,,urban-centre,background,UTC,14/12/2006 00:00:00,,UK Air Quality e-Reporting monitoring network for compliance & informative reporting,GB_Network_1
GB0702A,Hazelrigg - UKA00507,54.01364,-2.7754,98.0,United Kingdom,,rural,background,UTC,18/09/2007 00:00:00,,UK Air Quality e-Reporting monitoring network for compliance & informative reporting,GB_Network_1
GB0705A,Kinlochleven - UKA00378,56.71445,-4.96418,40.0,United Kingdom,,urban-centre,background,UTC,28/03/2007 00:00:00,,UK Air Quality e-Reporting monitoring network for compliance & informative reporting,GB_Network_1
GB0723A,Strabane 2 - UKA00393,54.82143,-7.45392,28.0,United Kingdom,,urban-periphery,background,UTC,29/10/2008 00:00:00,,UK Air Quality e-Reporting monitoring network for compliance & informative reporting,GB_Network_1
GB0726A,Cambridge Roadside - UKA00396,52.20237,0.12446,19.0,United Kingdom,,urban-centre,traffic,UTC,26/06/1999 00:00:00,,UK Air Quality e-Reporting monitoring network for compliance & informative reporting,GB_Network_1
GB0728A,Southend-on-Sea - UKA00409,51.54421,0.67841,37.0,United Kingdom,,urban-centre,background,UTC,24/07/2000 00:00:00,,UK Air Quality e-Reporting monitoring network for compliance & informative reporting,GB_Network_1
GB0729A,Aberdeen - UKA00399,57.15736,-2.09428,20.0,United Kingdom,,urban-centre,background,UTC,18/09/1999 00:00:00,,UK Air Quality e-Reporting monitoring network for compliance & informative reporting,GB_Network_1
GB0730A,Wirral Tranmere - UKA00406,53.37287,-3.02272,38.0,United Kingdom,,urban-centre,background,UTC,14/05/2000 00:00:00,,UK Air Quality e-Reporting monitoring network for compliance & informative reporting,GB_Network_1
GB0731A,Preston - UKA00408,53.76559,-2.68035,40.0,United Kingdom,,urban-centre,background,UTC,06/06/2000 00:00:00,,UK Air Quality e-Reporting monitoring network for compliance & informative reporting,GB_Network_1
GB0733A,Portsmouth - UKA00421,50.82881,-1.06858,5.0,United Kingdom,,urban-centre,background,UTC,01/01/2001 00:00:00,,UK Air Quality e-Reporting monitoring network for compliance & informative reporting,GB_Network_1
GB0735A,Grangemouth - UKA00420,56.01032,-3.7044,4.0,United Kingdom,,urban-centre,industrial,UTC,01/01/2001 00:00:00,,UK Air Quality e-Reporting monitoring network for compliance & informative reporting,GB_Network_1
GB0737A,Canterbury - UKA00424,51.27399,1.09806,35.0,United Kingdom,,urban-centre,background,UTC,01/02/2001 00:00:00,,UK Air Quality e-Reporting monitoring network for compliance & informative reporting,GB_Network_1
GB0740A,Dumfries - UKA00428,55.07003,-3.61423,10.0,United Kingdom,,urban-centre,traffic,UTC,01/03/2001 00:00:00,,UK Air Quality e-Reporting monitoring network for compliance & informative reporting,GB_Network_1
GB0741A,Bournemouth - UKA00429,50.73957,-1.82674,30.0,United Kingdom,,urban-centre,background,UTC,05/03/2001 00:00:00,,UK Air Quality e-Reporting monitoring network for compliance & informative reporting,GB_Network_1
GB0742A,Inverness - UKA00434,57.48131,-4.24145,6.0,United Kingdom,,urban-centre,traffic,UTC,17/07/2001 00:00:00,,UK Air Quality e-Reporting monitoring network for compliance & informative reporting,GB_Network_1
GB0743A,London Westminster - UKA00435,51.49467,-0.13193,5.0,United Kingdom,,urban-centre,background,UTC,17/07/2001 00:00:00,,UK Air Quality e-Reporting monitoring network for compliance & informative reporting,GB_Network_1
GB0745A,Weybourne - UKA00433,52.95049,1.12202,16.0,United Kingdom,,rural,background,UTC,30/05/2001 00:00:00,,UK Air Quality e-Reporting monitoring network for compliance & informative reporting,GB_Network_1
GB0754A,St Osyth - UKA00445,51.77798,1.04903,8.0,United Kingdom,,rural,background,UTC,11/05/2002 00:00:00,,UK Air Quality e-Reporting monitoring network for compliance & informative reporting,GB_Network_1
GB0776A,Hull Freetown - UKA00450,53.74878,-0.34122,4.0,United Kingdom,,urban-centre,background,UTC,06/11/2002 00:00:00,,UK Air Quality e-Reporting monitoring network for compliance & informative reporting,GB_Network_1
GB0777A,Liverpool Speke - UKA00247,53.34633,-2.84433,26.0,United Kingdom,,urban-centre,industrial,UTC,21/05/2003 00:00:00,,UK Air Quality e-Reporting monitoring network for compliance & informative reporting,GB_Network_1
GB0837A,London Harlington - UKA00472,51.48879,-0.44161,35.0,United Kingdom,,urban-centre,industrial,UTC,01/01/2004 00:00:00,,UK Air Quality e-Reporting monitoring network for compliance & informative reporting,GB_Network_1
GB0839A,Edinburgh St Leonards - UKA00454,55.94559,-3.18219,81.0,United Kingdom,,urban-centre,background,UTC,24/11/2003 00:00:00,,UK Air Quality e-Reporting monitoring network for compliance & informative reporting,GB_Network_1
GB0840A,Reading New Town - UKA00462,51.45309,-0.94407,58.0,United Kingdom,,urban-centre,background,UTC,17/10/2003 00:00:00,,UK Air Quality e-Reporting monitoring network for compliance & informative reporting,GB_Network_1
GB0841A,Scunthorpe Town - UKA00381,53.58634,-0.63681,36.0,United Kingdom,,urban-centre,industrial,UTC,06/06/2004 00:00:00,,UK Air Quality e-Reporting monitoring network for compliance & informative reporting,GB_Network_1
GB0849A,London Brent - UKA00059,51.58977,-0.27622,25.0,United Kingdom,,urban-centre,background,UTC,11/10/2007 00:00:00,,UK Air Quality e-Reporting monitoring network for compliance & informative reporting,GB_Network_1
GB0854A,Cwmystwyth - UKA00325,52.35244,-3.80532,260.0,United Kingdom,,rural,background,UTC,13/03/2003 00:00:00,,UK Air Quality e-Reporting monitoring network for compliance & informative reporting,GB_Network_1
GB0860A,Brighton Preston Park - UKA00483,50.84084,-0.14757,10.0,United Kingdom,,urban-centre,background,UTC,03/11/2004 00:00:00,,UK Air Quality e-Reporting monitoring network for compliance & informative reporting,GB_Network_1
GB0861A,Leominster - UKA00489,52.22174,-2.73667,75.0,United Kingdom,,urban-periphery,background,UTC,18/07/2005 00:00:00,,UK Air Quality e-Reporting monitoring network for compliance & informative reporting,GB_Network_1
GB0863A,Sunderland Silksworth - UKA00484,54.88361,-1.40688,110.0,United Kingdom,,urban-centre,background,UTC,09/12/2004 00:00:00,,UK Air Quality e-Reporting monitoring network for compliance & informative reporting,GB_Network_1
GB0864A,Wigan Centre - UKA00482,53.54914,-2.63814,45.0,United Kingdom,,urban-centre,background,UTC,08/10/2004 00:00:00,,UK Air Quality e-Reporting monitoring network for compliance & informative reporting,GB_Network_1
GB0867A,Leeds Millshaw - UKA00480,53.76611,-1.57862,48.0,United Kingdom,,urban-centre,background,UTC,06/12/2006 00:00:00,,UK Air Quality e-Reporting monitoring network for compliance & informative reporting,GB_Network_1
GB0869A,Cardiff Lakeside - UKA00452,51.51241,-3.16934,43.0,United Kingdom,,urban-centre,background,UTC,07/12/2006 00:00:00,,UK Air Quality e-Reporting monitoring network for compliance & informative reporting,GB_Network_1
GB0881A,Lerwick - UKA00486,60.13922,-1.18532,80.0,United Kingdom,,rural,background,UTC,25/05/2005 00:00:00,,UK Air Quality e-Reporting monitoring network for compliance & informative reporting,GB_Network_1
GB0882A,Blackpool Marton - UKA00488,53.80489,-3.00718,16.0,United Kingdom,,urban-centre,background,UTC,14/06/2005 00:00:00,,UK Air Quality e-Reporting monitoring network for compliance & informative reporting,GB_Network_1
GB0884A,Bristol St Pauls - UKA00494,51.46284,-2.58448,15.0,United Kingdom,,urban-centre,background,UTC,15/06/2006 00:00:00,,UK Air Quality e-Reporting monitoring network for compliance & informative reporting,GB_Network_1
GB0885A,Fort William - UKA00495,56.82266,-5.1011,5.0,United Kingdom,,urban-periphery,background,UTC,22/06/2006 00:00:00,,UK Air Quality e-Reporting monitoring network for compliance & informative reporting,GB_Network_1
GB0886A,Detling - UKA00481,51.30794,0.58265,182.0,United Kingdom,,rural,background,UTC,01/10/2004 00:00:00,,UK Air Quality e-Reporting monitoring network for compliance & informative reporting,GB_Network_1
GB0896A,Swansea Roadside - UKA00497,51.6327,-3.94737,61.0,United Kingdom,,urban-centre,traffic,UTC,20/09/2006 00:00:00,,UK Air Quality e-Reporting monitoring network for compliance & informative reporting,GB_Network_1
GB0906A,Port Talbot Margam - UKA00501,51.58395,-3.77082,5.0,United Kingdom,,urban-centre,industrial,UTC,24/07/2007 00:00:00,,UK Air Quality e-Reporting monitoring network for compliance & informative reporting,GB_Network_1
GB0916A,Horley - UKA00511,51.16586,-0.16773,40.0,United Kingdom,,urban-periphery,industrial,UTC,21/11/2007 00:00:00,,UK Air Quality e-Reporting monitoring network for compliance & informative reporting,GB_Network_1
GB0918A,York Bootham - UKA00523,53.96751,-1.08651,15.0,United Kingdom,,urban-centre,background,UTC,01/01/2008 00:00:00,,UK Air Quality e-Reporting monitoring network for compliance & informative reporting,GB_Network_1
GB0919A,York Fishergate - UKA00524,53.95189,-1.07586,16.0,United Kingdom,,urban-centre,traffic,UTC,01/01/2008 00:00:00,,UK Air Quality e-Reporting monitoring network for compliance & informative reporting,GB_Network_1
GB0920A,Oxford St Ebbes - UKA00518,51.74481,-1.26028,58.0,United Kingdom,,urban-centre,background,UTC,01/01/2008 00:00:00,,UK Air Quality e-Reporting monitoring network for compliance & informative reporting,GB_Network_1
GB0921A,Chepstow A48 - UKA00515,51.63809,-2.67873,67.0,United Kingdom,,urban-centre,traffic,UTC,01/01/2008 00:00:00,,UK Air Quality e-Reporting monitoring network for compliance & informative reporting,GB_Network_1
GB0923A,Aberdeen Union Street Roadside - UKA00513,57.14455,-2.10647,27.0,United Kingdom,,urban-centre,traffic,UTC,01/01/2008 00:00:00,,UK Air Quality e-Reporting monitoring network for compliance & informative reporting,GB_Network_1
GB0924A,Stanford-le-Hope Roadside - UKA00525,51.51817,0.43955,18.0,United Kingdom,,urban-centre,traffic,UTC,22/01/2008 00:00:00,,UK Air Quality e-Reporting monitoring network for compliance & informative reporting,GB_Network_1
GB0925A,Carlisle Roadside - UKA00526,54.89483,-2.94531,11.0,United Kingdom,,urban-centre,traffic,UTC,14/02/2008 00:00:00,,UK Air Quality e-Reporting monitoring network for compliance & informative reporting,GB_Network_1
GB0926A,Leeds Headingley Kerbside - UKA00527,53.81997,-1.57636,85.0,United Kingdom,,urban-centre,traffic,UTC,17/02/2008 00:00:00,,UK Air Quality e-Reporting monitoring network for compliance & informative reporting,GB_Network_1
GB0927A,Newcastle Cradlewell Roadside - UKA00528,54.9864,-1.59536,42.0,United Kingdom,,urban-centre,traffic,UTC,10/03/2008 00:00:00,,UK Air Quality e-Reporting monitoring network for compliance & informative reporting,GB_Network_1
GB0928A,Chesterfield Roadside - UKA00529,53.23172,-1.45694,96.0,United Kingdom,,urban-centre,traffic,UTC,11/03/2008 00:00:00,,UK Air Quality e-Reporting monitoring network for compliance & informative reporting,GB_Network_1
GB0934A,Ballymena Ballykeel - UKA00503,54.86159,-6.25087,59.0,United Kingdom,,urban-centre,background,UTC,01/01/2010 00:00:00,,UK Air Quality e-Reporting monitoring network for compliance & informative reporting,GB_Network_1
GB0940A,Royston - UKA00508,53.60028,-1.43945,54.0,United Kingdom,,urban-centre,industrial,UTC,20/09/2007 00:00:00,,UK Air Quality e-Reporting monitoring network for compliance & informative reporting,GB_Network_1
GB0942A,South Hiendley - UKA00509,53.61194,-1.40084,92.0,United Kingdom,,urban-centre,industrial,UTC,10/10/2007 00:00:00,,UK Air Quality e-Reporting monitoring network for compliance & informative reporting,GB_Network_1
GB0943A,Swansea Cwm Level Park - UKA00510,51.64584,-3.93945,31.0,United Kingdom,,urban-centre,background,UTC,16/11/2007 00:00:00,,UK Air Quality e-Reporting monitoring network for compliance & informative reporting,GB_Network_1
GB0944A,Derry Brandywell - UKA00499,54.99234,-7.33213,15.0,United Kingdom,,urban-centre,background,UTC,14/12/2006 00:00:00,,UK Air Quality e-Reporting monitoring network for compliance & informative reporting,GB_Network_1
GB0951A,Withams Road,36.12807,-5.35125,29.6,United Kingdom,,urban-centre,traffic,UTC+01,15/05/2008 12:00:00,,UK Air Quality e-Reporting monitoring network for compliance & informative reporting,GIB_Network_1
GB0954A,Sandy Roadside - UKA00533,52.13242,-0.30031,22.0,United Kingdom,,urban-centre,traffic,UTC,28/07/2008 00:00:00,,UK Air Quality e-Reporting monitoring network for compliance & informative reporting,GB_Network_1
GB0956A,Stockton-on-Tees Eaglescliffe - UKA00535,54.51667,-1.35855,29.0,United Kingdom,,urban-centre,traffic,UTC,30/09/2008 00:00:00,,UK Air Quality e-Reporting monitoring network for compliance & informative reporting,GB_Network_1
GB0957A,Charlton Mackrell - UKA00537,51.05625,-2.68345,54.0,United Kingdom,,rural,background,UTC,03/09/2008 00:00:00,,UK Air Quality e-Reporting monitoring network for compliance & informative reporting,GB_Network_1
GB0958A,Warrington - UKA00538,53.38928,-2.61536,11.0,United Kingdom,,urban-centre,industrial,UTC,21/10/2008 00:00:00,,UK Air Quality e-Reporting monitoring network for compliance & informative reporting,GB_Network_1
GB0962A,Newport - UKA00380,51.6012,-2.97728,24.0,United Kingdom,,urban-centre,background,UTC,01/01/2008 00:00:00,,UK Air Quality e-Reporting monitoring network for compliance & informative reporting,GB_Network_1
GB0979A,Swansea Morriston - UKA00521,51.66212,-3.9213,16.0,United Kingdom,,urban-centre,traffic,UTC,01/01/2008 00:00:00,,UK Air Quality e-Reporting monitoring network for compliance & informative reporting,GB_Network_1
GB0981A,Swansea Coedgwilym - UKA00520,51.70168,-3.87401,30.0,United Kingdom,,urban-centre,background,UTC,01/01/2008 00:00:00,,UK Air Quality e-Reporting monitoring network for compliance & informative reporting,GB_Network_1
GB0985A,Chadwell St Mary - UKA00514,51.48196,0.37021,30.0,United Kingdom,,urban-centre,background,UTC,01/01/2008 00:00:00,,UK Air Quality e-Reporting monitoring network for compliance & informative reporting,GB_Network_1
GB0995A,Norwich Lakenfields - UKA00549,52.61419,1.30198,36.0,United Kingdom,,urban-centre,background,UTC,01/09/2009 00:00:00,,UK Air Quality e-Reporting monitoring network for compliance & informative reporting,GB_Network_1
GB0996A,Armagh Roadside - UKA00541,54.35373,-6.65456,41.0,United Kingdom,,urban-centre,traffic,UTC,01/01/2009 00:00:00,,UK Air Quality e-Reporting monitoring network for compliance & informative reporting,GB_Network_1
GB0997A,Grangemouth Moray - UKA00544,56.01314,-3.71083,4.0,United Kingdom,,urban-centre,industrial,UTC,01/06/2009 00:00:00,,UK Air Quality e-Reporting monitoring network for compliance & informative reporting,GB_Network_1
GB0998A,Peebles - UKA00551,55.65747,-3.19653,167.0,United Kingdom,,urban-centre,background,UTC,06/11/2009 00:00:00,,UK Air Quality e-Reporting monitoring network for compliance & informative reporting,GB_Network_1
GB1004A,Scunthorpe Low Santon - UKA00506,53.59583,-0.59724,30.0,United Kingdom,,urban-centre,industrial,UTC,01/01/2008 00:00:00,,UK Air Quality e-Reporting monitoring network for compliance & informative reporting,GB_Network_1
GB1005A,Eastbourne - UKA00546,50.80578,0.27161,7.0,United Kingdom,,urban-centre,background,UTC,01/07/2009 00:00:00,,UK Air Quality e-Reporting monitoring network for compliance & informative reporting,GB_Network_1
GB1007A,Chatham Roadside - UKA00553,51.37426,0.54797,80.0,United Kingdom,,urban-centre,traffic,UTC,01/07/2010 00:00:00,,UK Air Quality e-Reporting monitoring network for compliance & informative reporting,GB_Network_1
GB1008A,Dumbarton Roadside - UKA00555,55.9432,-4.55973,3.0,United Kingdom,,urban-centre,traffic,UTC,01/09/2010 00:00:00,,UK Air Quality e-Reporting monitoring network for compliance & informative reporting,GB_Network_1
GB1010A,Lynemouth 2 - UKA00556,55.21136,-1.53674,20.0,United Kingdom,,urban-periphery,industrial,UTC,01/09/2010 00:00:00,,UK Air Quality e-Reporting monitoring network for compliance & informative reporting,GB_Network_1
GB1012A,Southwark A2 Old Kent Road - UKA00558,51.4805,-0.05955,10.0,United Kingdom,,urban-centre,traffic,UTC,01/01/2011 00:00:00,,UK Air Quality e-Reporting monitoring network for compliance & informative reporting,GB_Network_1
GB1013A,Birmingham Acocks Green - UKA00559,52.43716,-1.83,134.0,United Kingdom,,urban-centre,background,UTC,18/03/2011 00:00:00,,UK Air Quality e-Reporting monitoring network for compliance & informative reporting,GB_Network_1
GB1014A,Lincoln Canwick Road - UKA00561,53.22137,-0.53419,7.0,United Kingdom,,urban-centre,traffic,UTC,27/07/2011 00:00:00,,UK Air Quality e-Reporting monitoring network for compliance & informative reporting,GB_Network_1
GB1015A,Pontardawe Brecon Road - UKA00560,51.72651,-3.84344,53.0,United Kingdom,,urban-periphery,industrial,UTC,10/08/2011 00:00:00,,UK Air Quality e-Reporting monitoring network for compliance & informative reporting,GB_Network_1
GB1016A,Pontardawe Tawe Terrace - UKA00557,51.72001,-3.84722,34.0,United Kingdom,,urban-centre,industrial,UTC,01/01/2011 00:00:00,,UK Air Quality e-Reporting monitoring network for compliance & informative reporting,GB_Network_1
GB1017A,Honiton - UKA00566,50.79229,-3.1967,122.0,United Kingdom,,urban-centre,background,UTC,21/06/2012 00:00:00,,UK Air Quality e-Reporting monitoring network for compliance & informative reporting,GB_Network_1
GB1018A,Leamington Spa Rugby Road - UKA00564,52.29488,-1.54291,66.0,United Kingdom,,urban-centre,traffic,UTC,01/06/2012 00:00:00,,UK Air Quality e-Reporting monitoring network for compliance & informative reporting,GB_Network_1
GB1020A,Walsall Woodlands - UKA00565,52.60562,-2.03052,149.0,United Kingdom,,urban-centre,background,UTC,19/06/2012 00:00:00,,UK Air Quality e-Reporting monitoring network for compliance & informative reporting,GB_Network_1
GB1022A,Saltash Callington Road - UKA00569,50.41146,-4.22768,65.0,United Kingdom,,urban-centre,traffic,UTC,01/01/2013 00:00:00,,UK Air Quality e-Reporting monitoring network for compliance & informative reporting,GB_Network_1
GB1023A,Kilmakee Leisure Centre - UKA00570,54.54376,-6.00834,35.0,United Kingdom,,urban-centre,background,UTC,25/07/2012 00:00:00,,UK Air Quality e-Reporting monitoring network for compliance & informative reporting,GB_Network_1
GB1024A,London Haringey Priory Park South - UKA00568,51.58413,-0.12525,37.0,United Kingdom,,urban-centre,background,UTC,26/10/2012 00:00:00,,UK Air Quality e-Reporting monitoring network for compliance & informative reporting,GB_Network_1
GB1025A,London Teddington Bushy Park - UKA00572,51.42529,-0.34561,11.0,United Kingdom,,urban-centre,background,UTC,09/08/2013 00:00:00,,UK Air Quality e-Reporting monitoring network for compliance & informative reporting,GB_Network_1
GB1026A,Leicester University - UKA00573,52.61982,-1.12731,83.0,United Kingdom,,urban-centre,background,UTC,01/10/2013 00:00:00,,UK Air Quality e-Reporting monitoring network for compliance & informative reporting,GB_Network_1
GB1027A,Sheffield Devonshire Green - UKA00575,53.37862,-1.4781,89.0,United Kingdom,,urban-centre,background,UTC,31/10/2013 00:00:00,,UK Air Quality e-Reporting monitoring network for compliance & informative reporting,GB_Network_1
GB1028A,Glasgow Townhead - UKA00576,55.86578,-4.24363,40.0,United Kingdom,,urban-centre,background,UTC,07/10/2013 00:00:00,,UK Air Quality e-Reporting monitoring network for compliance & informative reporting,GB_Network_1
GB1029A,Barnstaple A39 - UKA00574,51.07479,-4.04192,13.0,United Kingdom,,urban-centre,traffic,UTC,14/11/2013 00:00:00,,UK Air Quality e-Reporting monitoring network for compliance & informative reporting,GB_Network_1
GB1031A,Shaw Crompton Way - UKA00579,53.57928,-2.09379,193.0,United Kingdom,,urban-centre,traffic,UTC,01/04/2014 00:00:00,,UK Air Quality e-Reporting monitoring network for compliance & informative reporting,GB_Network_1
GB1032A,Blackburn Accrington Road - UKA00590,53.74775,-2.45272,142.0,United Kingdom,,urban-centre,traffic,UTC,12/05/2014 00:00:00,,UK Air Quality e-Reporting monitoring network for compliance & informative reporting,GB_Network_1
GB1033A,Ealing Horn Lane - UKA00591,51.51895,-0.26562,30.0,United Kingdom,,urban-centre,traffic,UTC,21/05/2014 00:00:00,,UK Air Quality e-Reporting monitoring network for compliance & informative reporting,GB_Network_1
GB1034A,Coventry Allesley - UKA00592,52.41156,-1.56023,98.0,United Kingdom,,urban-centre,background,UTC,17/06/2014 00:00:00,,UK Air Quality e-Reporting monitoring network for compliance & informative reporting,GB_Network_1
GB1035A,Glasgow Great Western Road - UKA00593,55.87204,-4.27094,27.0,United Kingdom,,urban-centre,traffic,UTC,05/06/2014 00:00:00,,UK Air Quality e-Reporting monitoring network for compliance & informative reporting,GB_Network_1
GB1036A,Belfast Stockmans Lane - UKA00594,54.57259,-5.97494,9.0,United Kingdom,,urban-centre,traffic,UTC,07/06/2014 00:00:00,,UK Air Quality e-Reporting monitoring network for compliance & informative reporting,GB_Network_1
GB1037A,Oldbury Birmingham Road - UKA00595,52.50244,-2.0035,151.0,United Kingdom,,urban-centre,traffic,UTC,01/09/2014 00:00:00,,UK Air Quality e-Reporting monitoring network for compliance & informative reporting,GB_Network_1
GB1038A,Hafod-yr-ynys Roadside - UKA00596,51.68058,-3.13351,153.0,United Kingdom,,urban-centre,traffic,UTC,14/10/2014 00:00:00,,UK Air Quality e-Reporting monitoring network for compliance & informative reporting,GB_Network_1
GB1040A,Bury Whitefield Roadside - UKA00598,53.55903,-2.29377,102.0,United Kingdom,,urban-centre,traffic,UTC,11/07/2014 00:00:00,,UK Air Quality e-Reporting monitoring network for compliance & informative reporting,GB_Network_1
GB1041A,Stockton-on-Tees A1305 Roadside - UKA00599,54.56582,-1.3159,15.0,United Kingdom,,urban-centre,traffic,UTC,01/05/2015 00:00:00,,UK Air Quality e-Reporting monitoring network for compliance & informative reporting,GB_Network_1
GB1042A,Hull Holderness Road - UKA00600,53.75897,-0.30575,4.0,United Kingdom,,urban-centre,traffic,UTC,01/01/2015 00:00:00,,UK Air Quality e-Reporting monitoring network for compliance & informative reporting,GB_Network_1
GB1043A,Sunderland Wessington Way - UKA00601,54.91839,-1.40839,29.0,United Kingdom,,urban-centre,traffic,UTC,15/01/2015 00:00:00,,UK Air Quality e-Reporting monitoring network for compliance & informative reporting,GB_Network_1
GB1044A,Glasgow High Street - UKA00602,55.86094,-4.23821,35.0,United Kingdom,,urban-centre,traffic,UTC,27/01/2015 00:00:00,,UK Air Quality e-Reporting monitoring network for compliance & informative reporting,GB_Network_1
GB1045A,Widnes Milton Road - UKA00603,53.36539,-2.73168,13.0,United Kingdom,,urban-centre,traffic,UTC,09/03/2015 00:00:00,,UK Air Quality e-Reporting monitoring network for compliance & informative reporting,GB_Network_1
GB1046A,Chesterfield Loundsley Green - UKA00604,53.24413,-1.45495,98.0,United Kingdom,,urban-centre,background,UTC,01/03/2015 00:00:00,,UK Air Quality e-Reporting monitoring network for compliance & informative reporting,GB_Network_1
GB1047A,Luton A505 Roadside - UKA00605,51.89229,-0.46211,136.0,United Kingdom,,urban-centre,traffic,UTC,11/03/2015 00:00:00,,UK Air Quality e-Reporting monitoring network for compliance & informative reporting,GB_Network_1
GB1048A,Fenny Compton - UKA00606,52.16698,-1.38985,115.0,United Kingdom,,rural,background,UTC,01/01/2014 00:00:00,,UK Air Quality e-Reporting monitoring network for compliance & informative reporting,GB_Network_1
GB1051A,Leicester A594 Roadside - UKA00609,52.63868,-1.12423,59.0,United Kingdom,,urban-centre,traffic,UTC,01/06/2015 00:00:00,,UK Air Quality e-Reporting monitoring network for compliance & informative reporting,GB_Network_1
GB1052A,Stoke-on-Trent A50 Roadside - UKA00610,52.98044,-2.1119,179.0,United Kingdom,,urban-centre,traffic,UTC,22/05/2015 00:00:00,,UK Air Quality e-Reporting monitoring network for compliance & informative reporting,GB_Network_1
GB1053A,Bradford Mayo Avenue - UKA00611,53.77124,-1.75977,187.0,United Kingdom,,urban-centre,traffic,UTC,24/04/2015 00:00:00,,UK Air Quality e-Reporting monitoring network for compliance & informative reporting,GB_Network_1
GB1054A,Doncaster A630 Cleveland Street - UKA00612,53.51824,-1.13806,15.0,United Kingdom,,urban-centre,traffic,UTC,07/05/2015 00:00:00,,UK Air Quality e-Reporting monitoring network for compliance & informative reporting,GB_Network_1
GB1055R,Chilbolton Observatory - UKA00614,51.14962,-1.43823,78.0,United Kingdom,,rural,background,UTC,11/01/2016 00:00:00,,UK Air Quality e-Reporting monitoring network for compliance & informative reporting,GB_Network_1
GB1056A,Southampton A33 - UKA00613,50.92026,-1.46348,5.0,United Kingdom,,urban-centre,traffic,UTC,01/01/2016 00:00:00,,UK Air Quality e-Reporting monitoring network for compliance & informative reporting,GB_Network_1
GB1057A,Aberdeen Wellington Road - UKA00615,57.13389,-2.0942,19.0,United Kingdom,,urban-centre,traffic,UTC,09/02/2016 00:00:00,,UK Air Quality e-Reporting monitoring network for compliance & informative reporting,GB_Network_1
GB1058A,Manchester Sharston - UKA00617,53.37131,-2.23922,67.0,United Kingdom,,urban-periphery,industrial,UTC,27/01/2016 00:00:00,,UK Air Quality e-Reporting monitoring network for compliance & informative reporting,GB_Network_1
GB1059A,Nottingham Western Boulevard - UKA00618,52.96938,-1.18885,43.0,United Kingdom,,urban-centre,traffic,UTC,01/03/2016 00:00:00,,UK Air Quality e-Reporting monitoring network for compliance & informative reporting,GB_Network_1
GB1060A,Derry Rosemount - UKA00619,55.00282,-7.33118,54.0,United Kingdom,,urban-centre,background,UTC,21/03/2016 00:00:00,,UK Air Quality e-Reporting monitoring network for compliance & informative reporting,GB_Network_1
GB1061A,Reading London Road - UKA00620,51.4549,-0.94038,45.0,United Kingdom,,urban-centre,traffic,UTC,04/03/2016 00:00:00,,UK Air Quality e-Reporting monitoring network for compliance & informative reporting,GB_Network_1
GB1062A,Greenock A8 Roadside - UKA00621,55.94408,-4.73442,9.0,United Kingdom,,urban-centre,traffic,UTC,04/05/2016 00:00:00,,UK Air Quality e-Reporting monitoring network for compliance & informative reporting,GB_Network_1
GB1063A,Sheffield Barnsley Road - UKA00622,53.40495,-1.45581,82.0,United Kingdom,,urban-centre,traffic,UTC,01/08/2016 00:00:00,,UK Air Quality e-Reporting monitoring network for compliance & informative reporting,GB_Network_1
GB1064A,Cannock A5190 Roadside - UKA00623,52.6873,-1.98082,182.0,United Kingdom,,urban-centre,traffic,UTC,10/08/2016 00:00:00,,UK Air Quality e-Reporting monitoring network for compliance & informative reporting,GB_Network_1
GB1065A,Christchurch Barrack Road - UKA00624,50.73545,-1.78089,3.0,United Kingdom,,urban-centre,traffic,UTC,01/09/2016 00:00:00,,UK Air Quality e-Reporting monitoring network for compliance & informative reporting,GB_Network_1
GB1066A,Birkenhead Borough Road - UKA00625,53.38851,-3.02501,7.0,United Kingdom,,urban-centre,traffic,UTC,18/08/2016 00:00:00,,UK Air Quality e-Reporting monitoring network for compliance & informative reporting,GB_Network_1
GB1067A,Birmingham A4540 Roadside - UKA00626,52.47609,-1.87502,109.0,United Kingdom,,urban-centre,traffic,UTC,09/09/2016 00:00:00,,UK Air Quality e-Reporting monitoring network for compliance & informative reporting,GB_Network_1
GB1068A,St Helens Linkway - UKA00627,53.45183,-2.74213,32.0,United Kingdom,,urban-centre,traffic,UTC,27/09/2016 00:00:00,,UK Air Quality e-Reporting monitoring network for compliance & informative reporting,GB_Network_1
GB1069A,Worthing A27 Roadside - UKA00628,50.83295,-0.37992,14.0,United Kingdom,,urban-centre,traffic,UTC,01/10/2016 00:00:00,,UK Air Quality e-Reporting monitoring network for compliance & informative reporting,GB_Network_1
GB1070A,Plymouth Tavistock Road - UKA00629,50.41106,-4.13029,107.0,United Kingdom,,urban-centre,traffic,UTC,01/01/2017 00:00:00,,UK Air Quality e-Reporting monitoring network for compliance & informative reporting,GB_Network_1
GB1071A,Derby St Alkmunds Way - UKA00630,52.92298,-1.46951,51.0,United Kingdom,,urban-centre,traffic,UTC,01/01/2017 00:00:00,,UK Air Quality e-Reporting monitoring network for compliance & informative reporting,GB_Network_1
GB1072A,Bristol Temple Way - UKA00631,51.45797,-2.58398,13.0,United Kingdom,,urban-centre,traffic,UTC,01/04/2017 00:00:00,,UK Air Quality e-Reporting monitoring network for compliance & informative reporting,GB_Network_1
GB1073A,Northampton Spring Park - UKA00632,52.27226,-0.91661,88.0,United Kingdom,,urban-centre,background,UTC,01/04/2017 00:00:00,,UK Air Quality e-Reporting monitoring network for compliance & informative reporting,GB_Network_1
GB1074A,Ballymena Antrim Road - UKA00633,54.85149,-6.27496,53.0,United Kingdom,,urban-centre,traffic,UTC,01/04/2017 00:00:00,,UK Air Quality e-Reporting monitoring network for compliance & informative reporting,GB_Network_1
GB1075A,Coventry Binley Road - UKA00634,52.40771,-1.49008,82.0,United Kingdom,,urban-centre,traffic,UTC,01/04/2017 00:00:00,,UK Air Quality e-Reporting monitoring network for compliance & informative reporting,GB_Network_1
GB1085A,Dundee Mains Loan - UKA00643,56.47543,-2.95986,84.0,United Kingdom,,urban-centre,background,UTC,01/10/2017 00:00:00,,UK Air Quality e-Reporting monitoring network for compliance & informative reporting,GB_Network_1
GB1086A,Borehamwood Meadow Park - UKA00644,51.66123,-0.27067,85.0,United Kingdom,,urban-centre,background,UTC,01/10/2017 00:00:00,,UK Air Quality e-Reporting monitoring network for compliance & informative reporting,GB_Network_1
GB1087A,Hartlepool St Abbs Walk - UKA00645,54.68324,-1.20384,7.0,United Kingdom,,urban-centre,background,UTC,17/10/2017 00:00:00,,UK Air Quality e-Reporting monitoring network for compliance & informative reporting,GB_Network_1
GB1088R,Ruardean - UKA00646,51.85668,-2.54906,213.0,United Kingdom,,rural,background,UTC,15/03/2017 00:00:00,,UK Air Quality e-Reporting monitoring network for compliance & informative reporting,GB_Network_1
GB1089A,Immingham Woodlands Avenue - UKA00647,53.61924,-0.21332,3.0,United Kingdom,,urban-centre,background,UTC,01/11/2017 00:00:00,,UK Air Quality e-Reporting monitoring network for compliance & informative reporting,GB_Network_1
GB1090A,Telford Hollinswood - UKA00648,52.67347,-2.43669,134.0,United Kingdom,,urban-centre,background,UTC,01/11/2017 00:00:00,,UK Air Quality e-Reporting monitoring network for compliance & informative reporting,GB_Network_1
GB1091A,Edinburgh Nicolson Street - UKA00649,55.94476,-3.18399,85.0,United Kingdom,,urban-centre,traffic,UTC,01/12/2017 00:00:00,,UK Air Quality e-Reporting monitoring network for compliance & informative reporting,GB_Network_1
GB1092A,Swindon Walcot - UKA00650,51.55806,-1.76568,104.0,United Kingdom,,urban-centre,background,UTC,01/01/2018 00:00:00,,UK Air Quality e-Reporting monitoring network for compliance & informative reporting,GB_Network_1
GB1093A,Portsmouth Anglesea Road - UKA00651,50.79834,-1.09556,6.0,United Kingdom,,urban-centre,traffic,UTC,01/01/2018 00:00:00,,UK Air Quality e-Reporting monitoring network for compliance & informative reporting,GB_Network_1
GB1094A,Burton-on-Trent Horninglow - UKA00652,52.82105,-1.63572,46.0,United Kingdom,,urban-centre,background,UTC,01/02/2018 00:00:00,,UK Air Quality e-Reporting monitoring network for compliance & informative reporting,GB_Network_1
GB1095A,Cardiff Newport Road - UKA00653,51.49096,-3.15231,8.0,United Kingdom,,urban-centre,traffic,UTC,01/04/2018 00:00:00,,UK Air Quality e-Reporting monitoring network for compliance & informative reporting,GB_Network_1
GB1096A,Dewsbury Ashworth Grove - UKA00654,53.6931,-1.63711,69.0,United Kingdom,,urban-centre,background,UTC,01/04/2018 00:00:00,,UK Air Quality e-Reporting monitoring network for compliance & informative reporting,GB_Network_1
GB1097A,Birmingham Ladywood - UKA00655,52.48135,-1.91824,134.0,United Kingdom,,urban-centre,background,UTC,01/01/2020 00:00:00,,UK Air Quality e-Reporting monitoring network for compliance & informative reporting,GB_Network_1
GB1098A,London Honor Oak Park - UKA00656,51.44967,-0.03742,36.0,United Kingdom,,urban-centre,background,UTC,01/01/2019 00:00:00,,UK Air Quality e-Reporting monitoring network for compliance & informative reporting,GB_Network_1
GB1099A,West Bromwich Kenrick Park - UKA00658,52.50834,-1.98601,156.0,United Kingdom,,urban-centre,background,UTC,01/04/2019 00:00:00,,UK Air Quality e-Reporting monitoring network for compliance & informative reporting,GB_Network_1
GB1100A,Crewe Coppenhall - UKA00659,53.11594,-2.45349,54.0,United Kingdom,,urban-centre,background,UTC,15/10/2019 00:00:00,,UK Air Quality e-Reporting monitoring network for compliance & informative reporting,GB_Network_1
GB1101A,Bath A4 Roadside - UKA00660,51.39092,-2.35503,27.0,United Kingdom,,urban-centre,traffic,UTC,24/10/2019 00:00:00,,UK Air Quality e-Reporting monitoring network for compliance & informative reporting,GB_Network_1
GB1260A,Cwmbran Crownbridge - UKA00819,51.65382,-3.00637,71.0,United Kingdom,,urban-centre,background,UTC,01/10/2020 00:00:00,,UK Air Quality e-Reporting monitoring network for compliance & informative reporting,GB_Network_1
GE0001A,BTUM,41.64341,41.6399,9.0,Georgia,Batumi,urban-centre,background,UTC+04,29/11/2017 22:00:00,,National Network of Georgia,NET_GE001
GE0002A,TBL01,41.75029,44.76929,558.0,Georgia,Tbilisi,urban-centre,background,UTC+04,15/04/2018 12:00:00,,National Network of Georgia,NET_GE001
GE0003A,RST18,41.5462,45.0145,332.0,Georgia,Rustavi,urban-centre,background,UTC+04,30/01/2019 14:00:00,,National Network of Georgia,NET_GE001
GE0004A,VRKT,41.7017,44.87564,518.0,Georgia,Tbilisi,urban-centre,background,UTC+04,28/03/2016 18:00:00,,National Network of Georgia,NET_GE001
GE0005A,KZBG,41.7249,44.75426,451.0,Georgia,Tbilisi,urban-centre,background,UTC+04,28/03/2016 18:00:00,,National Network of Georgia,NET_GE001
GE0006A,TSRT,41.7419,44.77931,412.0,Georgia,Tbilisi,urban-centre,background,UTC+04,01/03/2016 14:00:00,,National Network of Georgia,NET_GE001
GE0007A,KUTS,42.26791,42.69459,142.0,Georgia,Kutaisi,urban-centre,background,UTC+04,28/04/2017 13:00:00,,National Network of Georgia,NET_GE001
GR0002A,ATHINAS,37.9782,23.72685,100.0,Greece,,urban-centre,traffic,UTC+02,01/01/1988 00:00:00,,monitoring network of Athens,NET-GR016A
GR0008A,PATRA-1,38.25311,21.73818,16.0,Greece,,urban-centre,traffic,UTC+02,01/01/2001 00:00:00,,monitoring network of Patra,NET-GR010A
GR0045A,NEOCHOROUDA,40.7398,22.87606,229.0,Greece,,urban-periphery,background,UTC+02,01/01/2016 00:00:00,,monitoring network of Central Macedonia Region,NET-GR007A
GR0241A,KAVALA-2,40.93666,24.41242,2.0,Greece,,urban-centre,traffic,UTC+02,01/01/2019 00:00:00,,monitoring network of Kavala,NET-GR018A
GR0401A,LIVADIA,38.44061,22.87752,140.0,Greece,,urban-centre,background,UTC+01,01/01/2018 00:00:00,,monitoring network of Sterea Ellada,NET-GR019A
GR0402A,LAMIA,38.90217,22.43171,105.0,Greece,,urban-centre,background,UTC+01,01/01/2018 00:00:00,,monitoring network of Sterea Ellada,NET-GR019A
GR0403A,HALKIDA,38.46988,23.61202,12.0,Greece,,urban-centre,background,UTC+01,01/01/2018 00:00:00,,monitoring network of Sterea Ellada,NET-GR019A
GR0404A,KARPENISI,38.91659,21.79182,960.0,Greece,,urban-centre,background,UTC+01,01/01/2018 00:00:00,,monitoring network of Sterea Ellada,NET-GR019A
GR0405A,AMFISSA,38.52837,22.38041,180.0,Greece,,urban-centre,background,UTC+01,01/01/2018 00:00:00,,monitoring network of Sterea Ellada,NET-GR019A
GR0410A,IOANNINA-2,39.67117,20.8466,481.0,Greece,,urban-centre,background,UTC+01,01/01/2019 00:00:00,,monitoring network of Epirus,NET-GR017A
GR0421A,VOLOS-3,39.36585,22.95084,16.0,Greece,,urban-centre,traffic,UTC+01,01/01/2024 00:00:00,,Region of Thessaly,NET-GR022A
GR0422A,TRIKALA,39.56082,21.77015,112.0,Greece,,urban-centre,traffic,UTC+01,01/01/2024 00:00:00,,Region of Thessaly,NET-GR022A
GR0423A,KARDITSA,39.36581,21.91922,112.0,Greece,,urban-centre,traffic,UTC+01,01/01/2024 00:00:00,,Region of Thessaly,NET-GR022A
GR0424A,VOLOS-4,39.35983,22.96926,44.0,Greece,,urban-periphery,background,UTC+01,01/01/2024 00:00:00,,Region of Thessaly,NET-GR022A
GR0425A,LARISA-2,39.61426,22.43045,83.0,Greece,,urban-periphery,background,UTC+01,01/01/2024 00:00:00,,Region of Thessaly,NET-GR022A
GR0426A,LARISA-3,39.62729,22.39744,86.0,Greece,,urban-centre,background,UTC+01,01/01/2024 00:00:00,,Region of Thessaly,NET-GR022A
GR0431A,CHANIA-2,35.51423,24.02567,15.0,Greece,,urban-centre,traffic,UTC+02,01/01/2022 00:00:00,,monitoring network of Crete,NET-GR020A
GR0432A,AKROTIRI,35.53289,24.07074,100.0,Greece,,urban-periphery,background,UTC+02,01/01/2023 00:00:00,,monitoring network of Crete,NET-GR020A
GR0433A,HERAKLION-2,35.33282,25.13823,60.0,Greece,,urban-centre,traffic,UTC+02,01/01/2022 00:00:00,,monitoring network of Crete,NET-GR020A
GR0434A,VOUTES,35.30854,25.08008,240.0,Greece,,urban-periphery,background,UTC+02,01/01/2022 00:00:00,,monitoring network of Crete,NET-GR020A
GR0435R,FINOKALIAS,35.33333,25.66667,250.0,Greece,,rural,background,UTC+02,01/01/2022 00:00:00,,monitoring network of Crete,NET-GR020A
GR0440A,AGRINIO,38.61977,21.40955,98.0,Greece,,urban-centre,background,UTC+02,01/01/2020 00:00:00,,monitoring network of Patra,NET-GR010A
GR0441E,PATRA-IND,40.24623,21.73651,35.0,Greece,,urban-centre,traffic,UTC+02,01/01/2023 00:00:00,,monitoring network of Patra,NET-GR010A
GR0451A,KOZANI,40.29408,21.7909,675.0,Greece,,urban-centre,background,UTC+01,01/01/2023 00:00:00,,monitoring network of Western Macedonia,NET-GR021A
GR0452A,PTOLEMAIDA,40.50802,21.68605,597.0,Greece,,urban-centre,industrial,UTC+01,01/01/2020 00:00:00,,monitoring network of Western Macedonia,NET-GR021A
GR0453A,AKRINI,40.43149,21.90009,799.0,Greece,,urban-periphery,industrial,UTC+01,01/01/2020 00:00:00,,monitoring network of Western Macedonia,NET-GR021A
GR0454A,KARYOHORI,40.50003,21.77327,713.0,Greece,,urban-periphery,industrial,UTC+01,01/01/2020 00:00:00,,monitoring network of Western Macedonia,NET-GR021A
GR0455A,GREVENA,40.0847,21.43868,520.0,Greece,,urban-periphery,background,UTC+01,01/01/2023 00:00:00,,monitoring network of Western Macedonia,NET-GR021A
GR0456A,KASTORIA,40.5133,21.25326,633.0,Greece,,urban-periphery,background,UTC+01,01/01/2023 00:00:00,,monitoring network of Western Macedonia,NET-GR021A
GR0461A,AUTH,40.63314,22.95544,29.0,Greece,,urban-centre,traffic,UTC+02,01/01/2023 00:00:00,,monitoring network of Central Macedonia Region,NET-GR007A
GR0462A,PKM,40.64136,22.91737,4.0,Greece,,urban-centre,traffic,UTC+02,01/01/2023 00:00:00,,monitoring network of Central Macedonia Region,NET-GR007A
GR0463A,STAVROUPOLI,40.66923,22.93779,42.0,Greece,,urban-centre,traffic,UTC+02,01/01/2023 00:00:00,,monitoring network of Central Macedonia Region,NET-GR007A
HR0002A,KUTINA-1,45.47906,16.78067,0.0,Croatia,Kutina,urban-centre,traffic,UTC+01,01/12/2021 00:00:00,,Državna mreža za trajno praćenje kvalitete zraka,HR_DOC_TYPE_D_NET_58
HR0003A,OSIJEK-1,45.55879,18.69877,0.0,Croatia,Osijek,urban-centre,traffic,UTC+01,01/01/2022 00:00:00,,Državna mreža za trajno praćenje kvalitete zraka,HR_DOC_TYPE_D_NET_58
HR0005A,RIJEKA-2,45.32079,14.48351,0.0,Croatia,Rijeka,urban-centre,background,UTC+01,23/02/2021 00:00:00,,Državna mreža za trajno praćenje kvalitete zraka,HR_DOC_TYPE_D_NET_58
HR0006A,SISAK-1,45.45813,16.38836,0.0,Croatia,Sisak,urban-periphery,industrial,UTC+01,14/02/2022 00:00:00,,Državna mreža za trajno praćenje kvalitete zraka,HR_DOC_TYPE_D_NET_58
HR0007A,ZAGREB-1,45.80034,15.97407,0.0,Croatia,Zagreb,urban-centre,traffic,UTC+01,01/01/2023 00:00:00,,Državna mreža za trajno praćenje kvalitete zraka,HR_DOC_TYPE_D_NET_58
HR0009A,ZAGREB-3,45.76495,16.00647,0.0,Croatia,Zagreb,urban-centre,background,UTC+01,16/03/2022 00:00:00,,Državna mreža za trajno praćenje kvalitete zraka,HR_DOC_TYPE_D_NET_58
HR0010A,SLAVONSKI BROD-1,45.15947,17.9951,0.0,Croatia,Slavonski Brod,urban-periphery,background,UTC+01,30/01/2010 00:00:00,,Državna mreža za trajno praćenje kvalitete zraka,HR_DOC_TYPE_D_NET_58
HR0011A,KOPAČKI RIT,45.69803,18.83464,0.0,Croatia,Lug,rural-regional,background,UTC+01,01/01/2013 00:00:00,,Državna mreža za trajno praćenje kvalitete zraka,HR_DOC_TYPE_D_NET_58
HR0012A,DESINIĆ,46.16906,15.66064,0.0,Croatia,Desinić,rural-regional,background,UTC+01,01/01/2013 00:00:00,,Državna mreža za trajno praćenje kvalitete zraka,HR_DOC_TYPE_D_NET_58
HR0014A,PARG,45.59348,14.63046,0.0,Croatia,Zagreb,rural-regional,background,UTC+01,13/03/2014 00:00:00,,Državna mreža za trajno praćenje kvalitete zraka,HR_DOC_TYPE_D_NET_58
HR0015A,VIŠNJAN,45.2912,13.74978,0.0,Croatia,Višnjan,rural,background,UTC+01,01/01/2013 00:00:00,,Državna mreža za trajno praćenje kvalitete zraka,HR_DOC_TYPE_D_NET_58
HR0017A,POLAČA (Ravni kotari),44.02109,15.51611,0.0,Croatia,Polača,rural-regional,background,UTC+01,19/10/2022 00:00:00,,Državna mreža za trajno praćenje kvalitete zraka,HR_DOC_TYPE_D_NET_58
HR0018A,HUM (otok Vis),43.03133,16.11597,0.0,Croatia,Podšpilje,rural-regional,background,UTC+01,01/01/2013 00:00:00,,Državna mreža za trajno praćenje kvalitete zraka,HR_DOC_TYPE_D_NET_58
HR0021A,"ZAGREB PPI PM2,5 - Ksaverska cesta",45.83437,15.97839,0.0,Croatia,Zagreb,urban-periphery,background,UTC+01,01/01/2005 00:00:00,,Državna mreža za trajno praćenje kvalitete zraka,HR_DOC_TYPE_D_NET_58
HR0022A,Split-1,43.51065,16.44934,0.0,Croatia,Split,urban-centre,traffic,UTC+01,18/01/2014 00:00:00,,Mjerna mreža Cemex Hrvatska d.o.o.,HR_DOC_TYPE_D_NET_65
HR0023A,AMS1 Kaštel Sućurac,43.54812,16.43496,0.0,Croatia,Kaštel Sućurac,urban-periphery,traffic,UTC+01,18/01/2014 00:00:00,,Mjerna mreža Cemex Hrvatska d.o.o.,HR_DOC_TYPE_D_NET_65
HR0024A,SLAVONSKI BROD-2,45.14911,18.02345,0.0,Croatia,Slavonski Brod,urban-centre,background,UTC+01,01/08/2014 00:00:00,,Državna mreža za trajno praćenje kvalitete zraka,HR_DOC_TYPE_D_NET_58
HR0027A,VARAŽDIN-1,46.28291,16.3638,0.0,Croatia,Varaždin,urban-periphery,background,UTC+01,01/02/2016 00:00:00,,Državna mreža za trajno praćenje kvalitete zraka,HR_DOC_TYPE_D_NET_58
HR0028A,KARLOVAC-1,45.49353,15.56513,0.0,Croatia,Karlovac,urban-periphery,background,UTC+01,01/02/2016 00:00:00,,Državna mreža za trajno praćenje kvalitete zraka,HR_DOC_TYPE_D_NET_58
HR0031A,"RIJEKA - PPI PM2,5",45.32079,14.48351,0.0,Croatia,Rijeka,urban-periphery,background,UTC+01,01/01/2017 00:00:00,,Državna mreža za trajno praćenje kvalitete zraka,HR_DOC_TYPE_D_NET_58
HR0034A,PULA FIŽELA,44.86247,13.81686,0.0,Croatia,Pula,urban-periphery,background,UTC+01,01/01/2018 00:00:00,,Državna mreža za trajno praćenje kvalitete zraka,HR_DOC_TYPE_D_NET_58
HR0035A,KUTINA-2,45.48563,16.76852,0.0,Croatia,Kutina,urban-centre,background,UTC+01,01/01/2021 00:00:00,,Državna mreža za trajno praćenje kvalitete zraka,HR_DOC_TYPE_D_NET_58
HR0036A,KOPRIVNICA-1,46.15439,16.83666,0.0,Croatia,Koprivnica,urban-centre,traffic,UTC+01,01/01/2021 00:00:00,,Državna mreža za trajno praćenje kvalitete zraka,HR_DOC_TYPE_D_NET_58
HR0037A,KOPRIVNICA-2,46.16129,16.84325,0.0,Croatia,Koprivnica,urban-periphery,background,UTC+01,01/01/2021 00:00:00,,Državna mreža za trajno praćenje kvalitete zraka,HR_DOC_TYPE_D_NET_58
HR0038A,OSIJEK-2,45.55772,18.73086,0.0,Croatia,Osijek,urban-periphery,background,UTC+01,16/11/2021 00:00:00,,Državna mreža za trajno praćenje kvalitete zraka,HR_DOC_TYPE_D_NET_58
HR0039A,"OSIJEK-2 PPI PM2,5",45.55772,18.73086,0.0,Croatia,Osijek,urban-periphery,background,UTC+01,01/01/2022 00:00:00,,Državna mreža za trajno praćenje kvalitete zraka,HR_DOC_TYPE_D_NET_58
HR0041A,ZAGREB-4,45.77444,15.93111,0.0,Croatia,Zagreb,urban-periphery,background,UTC+01,29/12/2022 00:00:00,,Državna mreža za trajno praćenje kvalitete zraka,HR_DOC_TYPE_D_NET_58
HR0042A,SPLIT-2,43.51833,16.44222,0.0,Croatia,Split,urban-periphery,traffic,UTC+01,26/01/2023 00:00:00,,Državna mreža za trajno praćenje kvalitete zraka,HR_DOC_TYPE_D_NET_58
HR0043A,SPLIT-3,43.50417,16.45333,0.0,Croatia,Split,urban-periphery,background,UTC+01,29/12/2022 00:00:00,,Državna mreža za trajno praćenje kvalitete zraka,HR_DOC_TYPE_D_NET_58
HR0044A,"SPLIT-3 PPI PM2,5",43.50417,16.45333,0.0,Croatia,Split,urban-periphery,background,UTC+01,24/02/2023 00:00:00,,Državna mreža za trajno praćenje kvalitete zraka,HR_DOC_TYPE_D_NET_58
HR0045A,DUBROVNIK,42.64483,18.08517,0.0,Croatia,Dubrovnik,urban-periphery,background,UTC+01,01/09/2023 00:00:00,,Državna mreža za trajno praćenje kvalitete zraka,HR_DOC_TYPE_D_NET_58
HR0046A,VELIKA GORICA,45.71485,16.06829,0.0,Croatia,Velika Gorica,urban-periphery,background,UTC+01,16/09/2022 00:00:00,,Državna mreža za trajno praćenje kvalitete zraka,HR_DOC_TYPE_D_NET_58
HU0002R,"""K-puszta""",46.96667,19.55,125.0,Hungary,Kecskemét,rural,background,UTC+01,01/01/2019 00:00:00,,"""Hungarian Regional Background Air Pollution  Monitoring Network""",NET-HU001A
HU0022A,"""Budapest Gilice""",47.43083,19.18418,153.0,Hungary,Budapest,urban-periphery,background,UTC+01,01/01/2003 00:00:00,,"""Hungarian Air Quality Network""",NET-HU004A
HU0023A,"""Debrecen Kalotaszeg""",47.51333,21.62444,111.0,Hungary,Debrecen,urban-centre,background,UTC+01,01/01/2003 00:00:00,,"""Hungarian Air Quality Network""",NET-HU004A
HU0024A,"""Gyor Szent Istvan""",47.68528,17.63944,101.0,Hungary,Gyr,urban-centre,traffic,UTC+01,01/01/1994 00:00:00,,"""Hungarian Air Quality Network""",NET-HU004A
HU0025A,"""Gyor Ifjusag""",47.67611,17.64974,101.0,Hungary,Gyr,urban-centre,background,UTC+01,01/01/1994 00:00:00,,"""Hungarian Air Quality Network""",NET-HU004A
HU0026A,"""Kazincbarcika""",48.24722,20.6164,155.0,Hungary,Kazincbarcika,urban-centre,background,UTC+01,01/01/1994 00:00:00,,"""Hungarian Air Quality Network""",NET-HU004A
HU0027A,"""Miskolc Buza""",48.10694,20.79001,125.0,Hungary,Miskolc,urban-centre,traffic,UTC+01,01/01/1994 00:00:00,,"""Hungarian Air Quality Network""",NET-HU004A
HU0028A,"""Nyiregyhaza""",47.96111,21.70584,115.0,Hungary,Nyíregyháza,urban-centre,traffic,UTC+01,02/01/1996 00:00:00,,"""Hungarian Air Quality Network""",NET-HU004A
HU0029A,"""Pecs Boszorkany""",46.08028,18.21112,200.0,Hungary,Pécs,urban-periphery,background,UTC+01,01/01/1994 00:00:00,,"""Hungarian Air Quality Network""",NET-HU004A
HU0030A,"""Pecs Szabadsag""",46.07111,18.22529,120.0,Hungary,Pécs,urban-centre,traffic,UTC+01,01/01/1994 00:00:00,,"""Hungarian Air Quality Network""",NET-HU004A
HU0031A,"""Tatabanya Sagvari""",47.55722,18.42084,199.0,Hungary,Tatabánya,urban-centre,traffic,UTC+01,01/01/1994 00:00:00,,"""Hungarian Air Quality Network""",NET-HU004A
HU0032A,"""Szazhalombatta""",47.30667,18.92,99.0,Hungary,Százhalombatta,urban-periphery,background,UTC+01,11/01/2002 00:00:00,,"""Hungarian Air Quality Network""",NET-HU004A
HU0033A,"""Dunaujvaros""",46.97611,18.93611,215.0,Hungary,Dunaújváros,urban-centre,industrial,UTC+01,01/06/2003 00:00:00,,"""Hungarian Air Quality Network""",NET-HU004A
HU0034A,"""Veszprem""",47.09111,17.90112,274.0,Hungary,Veszprém,urban-periphery,background,UTC+01,01/01/2004 00:00:00,,"""Hungarian Air Quality Network""",NET-HU004A
HU0035A,"""Sopron""",47.69194,16.57501,241.0,Hungary,Sopron,urban-centre,background,UTC+01,01/01/2004 00:00:00,,"""Hungarian Air Quality Network""",NET-HU004A
HU0036A,"""Budapest Pesthidegkut""",47.56194,18.96001,265.0,Hungary,Budapest,urban-periphery,background,UTC+01,07/01/2003 00:00:00,,"""Hungarian Air Quality Network""",NET-HU004A
HU0037A,"""Ajka""",47.10528,17.55667,248.0,Hungary,Ajka,urban-periphery,background,UTC+01,01/01/2003 00:00:00,,"""Hungarian Air Quality Network""",NET-HU004A
HU0038A,"""Sajoszentpeter""",48.21806,20.70306,135.0,Hungary,Sajószentpéter,urban-periphery,background,UTC+01,01/01/1994 00:00:00,,"""Hungarian Air Quality Network""",NET-HU004A
HU0039A,"""Esztergom""",47.79,18.74612,122.0,Hungary,Esztergom,urban-centre,background,UTC+01,01/01/2004 00:00:00,,"""Hungarian Air Quality Network""",NET-HU004A
HU0040A,"""Sarrod""",47.67194,16.83889,113.0,Hungary,Sarród,rural,background,UTC+01,01/01/1996 00:00:00,,"""Hungarian Air Quality Network""",NET-HU004A
HU0041A,"""Budapest Szena""",47.50806,19.02807,123.0,Hungary,Budapest,urban-centre,traffic,UTC+01,01/07/2003 00:00:00,,"""Hungarian Air Quality Network""",NET-HU004A
HU0042A,"""Budapest Korakas""",47.54194,19.14612,122.0,Hungary,Budapest,urban-centre,background,UTC+01,01/07/2003 00:00:00,,"""Hungarian Air Quality Network""",NET-HU004A
HU0043A,"""Szigetujfalu""",47.23972,18.92723,100.0,Hungary,Szigetújfalu,rural,industrial,UTC+01,26/04/2004 00:00:00,,"""Hungarian Air Quality Network""",NET-HU004A
HU0044A,"""Hernadszurdok""",48.47389,21.21168,162.0,Hungary,Hernádszurdok,rural,background,UTC+01,14/10/2003 00:00:00,,"""Hungarian Air Quality Network""",NET-HU004A
HU0045A,"""Budapest Teleki""",47.49194,19.08778,90.0,Hungary,Budapest,urban-centre,traffic,UTC+01,23/08/2007 00:00:00,,"""Hungarian Air Quality Network""",NET-HU004A
HU0046A,"""Kecskemet""",46.90228,19.68883,115.0,Hungary,Kecskemét,urban-centre,background,UTC+01,01/01/2019 00:00:00,,"""Hungarian Air Quality Network""",NET-HU004A
HU0047A,"""Tab""",46.73278,18.0325,200.0,Hungary,Tab,urban-centre,traffic,UTC+01,01/01/2019 00:00:00,,"""Hungarian Air Quality Network""",NET-HU004A
HU0048A,"""Szombathely""",47.23833,16.60806,220.0,Hungary,Szombathely,urban-centre,background,UTC+01,01/01/2019 00:00:00,,"""Hungarian Air Quality Network""",NET-HU004A
HU0049A,"""Halmajugra""",47.765,20.04806,162.0,Hungary,Halmajugra,rural,industrial,UTC+01,01/01/2019 00:00:00,,"""Hungarian Air Quality Network""",NET-HU004A
HU0050A,"""Dunaujvaros Apaczai""",46.97,18.93694,176.0,Hungary,Dunaújváros,urban-centre,background,UTC+01,01/01/2019 00:00:00,,"""Hungarian Air Quality Network""",NET-HU004A
HU0052A,"""Veszprem Patak""",47.1075,17.90278,239.0,Hungary,Veszprém,urban-centre,background,UTC+01,01/01/2019 00:00:00,,"""Hungarian Air Quality Network""",NET-HU004A
HU0053A,"""Tapolca""",46.88528,17.45111,109.0,Hungary,Tapolca,urban-centre,background,UTC+01,01/01/2019 00:00:00,,"""Hungarian Air Quality Network""",NET-HU004A
HU0054A,"""Hajduboszormeny""",47.67733,21.49119,117.0,Hungary,Hajdúböszörmény,urban-periphery,background,UTC+01,01/01/2019 00:00:00,,"""Hungarian Air Quality Network""",NET-HU004A
HU0055A,"""Kistelek""",46.46393,19.98542,92.0,Hungary,Kistelek,urban-periphery,traffic,UTC+01,01/01/2019 00:00:00,,"""Hungarian Air Quality Network""",NET-HU004A
HU0056A,"""Budapest Honved""",47.52278,19.06972,111.0,Hungary,Budapest,urban-centre,background,UTC+01,29/09/2009 00:00:00,,"""Hungarian Air Quality Network""",NET-HU004A
HU0057A,"""Szeged2""",46.26661,20.15305,79.0,Hungary,Szeged,urban-centre,background,UTC+01,26/03/2011 00:00:00,,"""Hungarian Air Quality Network""",NET-HU004A
IE0001R,Kerry Valentia Observatory,51.93806,-10.24083,10.0,Ireland,,rural-remote,background,UTC,01/01/2001 00:00:00,,Ireland Air Quality e-Reporting monitoring network for compliance and informative reporting,NET.IE001
IE001AP,Dublin Inchicore Davitt Road,53.33629,-6.30902,10.0,Ireland,,urban-periphery,traffic,UTC,01/12/2013 00:00:00,,Ireland Air Quality e-Reporting monitoring network for compliance and informative reporting,NET.IE001
IE001BP,Cork South Link Road Landfill,51.91111,-8.475,12.0,Ireland,,urban-periphery,background,UTC,01/01/2013 00:00:00,,Ireland Air Quality e-Reporting monitoring network for compliance and informative reporting,NET.IE001
IE001CM,Laois Portlaoise Dublin Road,53.03612,-7.28867,107.0,Ireland,,urban-periphery,background,UTC,02/07/2014 00:00:00,,Ireland Air Quality e-Reporting monitoring network for compliance and informative reporting,NET.IE001
IE001DM,Wexford Enniscorthy Parnell Road,52.4985,-6.57075,30.0,Ireland,,urban-periphery,background,UTC,07/08/2014 00:00:00,,Ireland Air Quality e-Reporting monitoring network for compliance and informative reporting,NET.IE001
IE001DP,Donegal Malin Head,55.3722,-7.3389,25.0,Ireland,,rural-remote,background,UTC,01/01/2018 00:00:00,,Ireland Air Quality e-Reporting monitoring network for compliance and informative reporting,NET.IE001
IE001LM,Leitrim Carrick-on-Shannon,53.94455,-8.08649,16.0,Ireland,,urban-periphery,background,UTC,23/10/2020 00:00:00,,Ireland Air Quality e-Reporting monitoring network for compliance and informative reporting,NET.IE001
IE001WD,Wateford Merchants Quay,52.26381,-7.11791,5.0,Ireland,,urban-centre,traffic,UTC,13/01/2023 00:00:00,,Ireland Air Quality e-Reporting monitoring network for compliance and informative reporting,NET.IE001
IE0028A,Dublin Rathmines Wynnefield Road,53.322,-6.2672,27.0,Ireland,,urban-centre,background,UTC,01/01/1975 00:00:00,,Ireland Air Quality e-Reporting monitoring network for compliance and informative reporting,NET.IE001
IE0029D,Dublin Amiens Street,53.35241,-6.24899,3.0,Ireland,,urban-centre,traffic,UTC,01/01/2024 00:00:00,,Ireland Air Quality e-Reporting monitoring network for compliance and informative reporting,NET.IE001
IE002AP,Dublin Raheny Saint Anne's Park,53.36879,-6.17264,10.0,Ireland,,urban-periphery,background,UTC,01/01/2008 00:00:00,,Ireland Air Quality e-Reporting monitoring network for compliance and informative reporting,NET.IE001
IE002BP,Cork Bishopstown MTU,51.88409,-8.53304,21.0,Ireland,,urban-periphery,background,UTC,01/09/2016 00:00:00,,Ireland Air Quality e-Reporting monitoring network for compliance and informative reporting,NET.IE001
IE002CM,Louth Dundalk Meadow Grove,54.00313,-6.39263,1.0,Ireland,,urban-periphery,background,UTC,01/01/2018 00:00:00,,Ireland Air Quality e-Reporting monitoring network for compliance and informative reporting,NET.IE001
IE002DP,Roscommon Roscommon Town County Council Offices,53.62944,-8.19444,61.0,Ireland,,urban-periphery,background,UTC,01/01/2018 00:00:00,,Ireland Air Quality e-Reporting monitoring network for compliance and informative reporting,NET.IE001
IE002LH,Louth Drogheda,53.7322,-6.32,23.0,Ireland,,urban-periphery,background,UTC,28/04/2021 00:00:00,,Ireland Air Quality e-Reporting monitoring network for compliance and informative reporting,NET.IE001
IE002SO,Sligo Sligo Town,54.26733,-8.48043,24.0,Ireland,,urban-periphery,traffic,UTC,01/01/2024 00:00:00,,Ireland Air Quality e-Reporting monitoring network for compliance and informative reporting,NET.IE001
IE0030D,Dublin Lucan,53.34916,-6.45031,50.0,Ireland,,urban-periphery,traffic,UTC,09/12/2022 00:00:00,,Ireland Air Quality e-Reporting monitoring network for compliance and informative reporting,NET.IE001
IE0031R,Galway Mace Head,53.32669,-9.90444,8.0,Ireland,,rural-remote,background,UTC,01/01/1987 00:00:00,,Ireland Air Quality e-Reporting monitoring network for compliance and informative reporting,NET.IE001
IE0036A,Dublin Ballyfermot Library,53.34048,-6.35226,43.0,Ireland,,urban-periphery,background,UTC,01/01/2002 00:00:00,,Ireland Air Quality e-Reporting monitoring network for compliance and informative reporting,NET.IE001
IE003AP,Dublin Finglas Mellowes Road,53.39025,-6.30527,64.0,Ireland,,urban-periphery,background,UTC,01/01/2008 00:00:00,,Ireland Air Quality e-Reporting monitoring network for compliance and informative reporting,NET.IE001
IE003CP,Carlow Carlow Town County Council Offices,52.83972,-6.93167,50.0,Ireland,,urban-periphery,background,UTC,01/01/2018 00:00:00,,Ireland Air Quality e-Reporting monitoring network for compliance and informative reporting,NET.IE001
IE003DP,Wexford Carnsore Point,52.19333,-6.37667,5.0,Ireland,,rural-remote,background,UTC,01/01/2018 00:00:00,,Ireland Air Quality e-Reporting monitoring network for compliance and informative reporting,NET.IE001
IE003WW,Wicklow Greystones,53.14987,-6.07031,50.0,Ireland,,urban-periphery,background,UTC,01/06/2021 00:00:00,,Ireland Air Quality e-Reporting monitoring network for compliance and informative reporting,NET.IE001
IE004AP,Dublin Ringsend recycling Centre,53.34188,-6.21408,4.0,Ireland,,urban-centre,traffic,UTC,07/07/2005 00:00:00,,Ireland Air Quality e-Reporting monitoring network for compliance and informative reporting,NET.IE001
IE004BP,Cork UCC Distillery Fields,51.90012,-8.48637,7.0,Ireland,,urban-periphery,background,UTC,01/01/2018 00:00:00,,Ireland Air Quality e-Reporting monitoring network for compliance and informative reporting,NET.IE001
IE004CP,Galway Galway City Rahoon Road,53.27357,-9.08589,20.0,Ireland,,urban-periphery,background,UTC,01/01/2018 00:00:00,,Ireland Air Quality e-Reporting monitoring network for compliance and informative reporting,NET.IE001
IE004DP,Tipperary Town,52.4792,-8.15638,100.0,Ireland,,urban-periphery,background,UTC,23/01/2020 00:00:00,,Ireland Air Quality e-Reporting monitoring network for compliance and informative reporting,NET.IE001
IE004KY,Kerry Killarney,52.05828,-9.50488,35.0,Ireland,,urban-periphery,background,UTC,06/07/2021 00:00:00,,Ireland Air Quality e-Reporting monitoring network for compliance and informative reporting,NET.IE001
IE005AP,Dublin Kilmainham St. John's Road West,53.34584,-6.2948,7.0,Ireland,,urban-centre,traffic,UTC,01/01/2018 00:00:00,,Ireland Air Quality e-Reporting monitoring network for compliance and informative reporting,NET.IE001
IE005CP,Waterford Waterford City Paddy Brownes Road,52.24706,-7.15163,21.0,Ireland,,urban-periphery,background,UTC,01/01/2018 00:00:00,,Ireland Air Quality e-Reporting monitoring network for compliance and informative reporting,NET.IE001
IE005DP,Cork Cobh Carrignafoy,51.855,-8.28778,79.0,Ireland,,urban-periphery,background,UTC,01/01/2018 00:00:00,,Ireland Air Quality e-Reporting monitoring network for compliance and informative reporting,NET.IE001
IE005OY,Offaly Edenderry,53.3425,-7.0475,93.0,Ireland,,urban-periphery,background,UTC,01/09/2021 00:00:00,,Ireland Air Quality e-Reporting monitoring network for compliance and informative reporting,NET.IE001
IE006AP,Dublin Pearse St.,53.34502,-6.25431,11.0,Ireland,,urban-centre,traffic,UTC,01/11/2019 00:00:00,,Ireland Air Quality e-Reporting monitoring network for compliance and informative reporting,NET.IE001
IE006CP,Donegal Letterkenny Library,54.95445,-7.73515,48.0,Ireland,,urban-periphery,background,UTC,29/06/2019 00:00:00,,Ireland Air Quality e-Reporting monitoring network for compliance and informative reporting,NET.IE001
IE006KE,Kildare Naas,53.21809,-6.65909,95.0,Ireland,,urban-periphery,background,UTC,22/04/2021 00:00:00,,Ireland Air Quality e-Reporting monitoring network for compliance and informative reporting,NET.IE001
IE007CP,Limerick Peoples Park,52.65856,-8.6287,16.0,Ireland,,urban-centre,background,UTC,01/07/2019 00:00:00,,Ireland Air Quality e-Reporting monitoring network for compliance and informative reporting,NET.IE001
IE007DP,Cork Macroom Council Yard,51.90467,-8.95293,76.0,Ireland,,urban-periphery,background,UTC,18/09/2019 00:00:00,,Ireland Air Quality e-Reporting monitoring network for compliance and informative reporting,NET.IE001
IE007GY,Galway Eyre Square,53.274,-9.0485,12.0,Ireland,,urban-centre,traffic,UTC,21/11/2021 00:00:00,,Ireland Air Quality e-Reporting monitoring network for compliance and informative reporting,NET.IE001
IE007KE,Kildare Leixlip,53.3719,-6.4867,53.0,Ireland,,urban-periphery,background,UTC,24/02/2021 00:00:00,,Ireland Air Quality e-Reporting monitoring network for compliance and informative reporting,NET.IE001
IE008CP,Meath Navan,53.6556,-6.68933,50.0,Ireland,,urban-periphery,traffic,UTC,10/11/2019 00:00:00,,Ireland Air Quality e-Reporting monitoring network for compliance and informative reporting,NET.IE001
IE008DP,Cavan Cavan Town Court House,53.9936,-7.3628,56.0,Ireland,,urban-periphery,background,UTC,03/07/2020 00:00:00,,Ireland Air Quality e-Reporting monitoring network for compliance and informative reporting,NET.IE001
IE008GY,Galway Ballinalsoe,53.32871,-8.22409,44.0,Ireland,,urban-periphery,background,UTC,31/07/2023 00:00:00,,Ireland Air Quality e-Reporting monitoring network for compliance and informative reporting,NET.IE001
IE0090A,Monaghan Kilkitt Waterworks,54.06611,-6.88306,170.0,Ireland,,rural-remote,background,UTC,03/01/1994 00:00:00,,Ireland Air Quality e-Reporting monitoring network for compliance and informative reporting,NET.IE001
IE0095A,Dublin Phoenix Park Ordnance Survey Road,53.36443,-6.34898,35.0,Ireland,,urban-periphery,background,UTC,01/01/1996 00:00:00,,Ireland Air Quality e-Reporting monitoring network for compliance and informative reporting,NET.IE001
IE0098A,Dublin Winetavern Street,53.34167,-6.28889,9.0,Ireland,,urban-centre,background,UTC,01/01/1997 00:00:00,,Ireland Air Quality e-Reporting monitoring network for compliance and informative reporting,NET.IE001
IE009CP,Kerry Tralee Library,52.26726,-9.69792,8.0,Ireland,,urban-periphery,background,UTC,01/07/2019 00:00:00,,Ireland Air Quality e-Reporting monitoring network for compliance and informative reporting,NET.IE001
IE009DP,Offaly Birr,53.09452,-7.9085,52.0,Ireland,,urban-periphery,traffic,UTC,18/06/2020 00:00:00,,Ireland Air Quality e-Reporting monitoring network for compliance and informative reporting,NET.IE001
IE009GY,Galway Briarhill,53.29209,-8.98703,45.0,Ireland,,urban-periphery,traffic,UTC,15/12/2022 00:00:00,,Ireland Air Quality e-Reporting monitoring network for compliance and informative reporting,NET.IE001
IE0105A,Dublin Coleraine Street,53.34722,-6.26667,20.0,Ireland,,urban-centre,traffic,UTC,02/01/2000 00:00:00,,Ireland Air Quality e-Reporting monitoring network for compliance and informative reporting,NET.IE001
IE0106A,Dublin Marino Brian Road,53.36818,-6.22786,14.0,Ireland,,urban-periphery,background,UTC,01/09/2000 00:00:00,,Ireland Air Quality e-Reporting monitoring network for compliance and informative reporting,NET.IE001
IE0108A,Limerick Shannon Estuary Asketon,52.63917,-8.95417,18.0,Ireland,,rural-regional,industrial,UTC,01/03/1997 00:00:00,,Ireland Air Quality e-Reporting monitoring network for compliance and informative reporting,NET.IE001
IE010CK,Cork Cobh Carrig House,51.8495,-8.29744,16.0,Ireland,,urban-periphery,background,UTC,11/12/2019 00:00:00,,Ireland Air Quality e-Reporting monitoring network for compliance and informative reporting,NET.IE001
IE010CP,Tipperary Clonmel,52.35466,-7.69942,22.0,Ireland,,urban-periphery,background,UTC,23/01/2020 00:00:00,,Ireland Air Quality e-Reporting monitoring network for compliance and informative reporting,NET.IE001
IE010LK,Limerick Henry Street,52.6613,-8.6316,10.0,Ireland,,urban-centre,traffic,UTC,14/05/2021 00:00:00,,Ireland Air Quality e-Reporting monitoring network for compliance and informative reporting,NET.IE001
IE0110A,Cork Ballinlough Heatherton Park,51.88194,-8.45713,4.0,Ireland,,urban-periphery,background,UTC,01/01/2002 00:00:00,,Ireland Air Quality e-Reporting monitoring network for compliance and informative reporting,NET.IE001
IE0111A,Laois Emo Court,53.10694,-7.19639,103.0,Ireland,,rural-regional,background,UTC,16/06/2004 00:00:00,,Ireland Air Quality e-Reporting monitoring network for compliance and informative reporting,NET.IE001
IE0118A,Mayo Castlebar John Moore Road,53.85111,-9.29972,41.0,Ireland,,urban-periphery,background,UTC,07/07/2005 00:00:00,,Ireland Air Quality e-Reporting monitoring network for compliance and informative reporting,NET.IE001
IE011CP,Westmeath Athlone,53.42478,-7.93766,40.0,Ireland,,urban-periphery,background,UTC,20/11/2019 00:00:00,,Ireland Air Quality e-Reporting monitoring network for compliance and informative reporting,NET.IE001
IE0125A,Galway City Bodkin Roundabout,53.28167,-9.04917,7.0,Ireland,,urban-periphery,traffic,UTC,01/07/2006 00:00:00,,Ireland Air Quality e-Reporting monitoring network for compliance and informative reporting,NET.IE001
IE0127A,Dublin Clonskeagh Road Richview,53.31184,-6.23532,25.0,Ireland,,urban-periphery,background,UTC,01/01/1994 00:00:00,,Ireland Air Quality e-Reporting monitoring network for compliance and informative reporting,NET.IE001
IE012CK,Cork Mallow,52.13405,-8.64071,49.0,Ireland,,urban-periphery,background,UTC,02/10/2020 00:00:00,,Ireland Air Quality e-Reporting monitoring network for compliance and informative reporting,NET.IE001
IE012CP,Wexford Wexford Town Opera House,52.33742,-6.46162,13.0,Ireland,,urban-periphery,background,UTC,24/09/2020 00:00:00,,Ireland Air Quality e-Reporting monitoring network for compliance and informative reporting,NET.IE001
IE0131A,Dublin Blanchardstown River Road,53.38564,-6.36993,51.0,Ireland,,urban-periphery,traffic,UTC,01/01/2008 00:00:00,,Ireland Air Quality e-Reporting monitoring network for compliance and informative reporting,NET.IE001
IE0132A,Dublin Dun Laoghaire The Glen,53.28583,-6.13194,29.0,Ireland,,urban-periphery,background,UTC,01/01/2008 00:00:00,,Ireland Air Quality e-Reporting monitoring network for compliance and informative reporting,NET.IE001
IE0136A,Dublin Tallaght Old Bawn Road,53.28054,-6.35884,102.0,Ireland,,urban-periphery,background,UTC,01/01/2008 00:00:00,,Ireland Air Quality e-Reporting monitoring network for compliance and informative reporting,NET.IE001
IE0137A,Clare Ennis Drumbiggle Road,52.8432,-8.9893,5.0,Ireland,,urban-periphery,background,UTC,01/03/2009 00:00:00,,Ireland Air Quality e-Reporting monitoring network for compliance and informative reporting,NET.IE001
IE013CK,Cork Lower Glanmire Road,51.90168,-8.46206,10.0,Ireland,,urban-centre,traffic,UTC,10/11/2021 00:00:00,,Ireland Air Quality e-Reporting monitoring network for compliance and informative reporting,NET.IE001
IE0140A,Dublin Swords Watery Lane,53.4638,-6.2235,21.0,Ireland,,urban-periphery,background,UTC,01/01/2010 00:00:00,,Ireland Air Quality e-Reporting monitoring network for compliance and informative reporting,NET.IE001
IE0141A,Wicklow Bray Wurzburg Road,53.18722,-6.12167,47.0,Ireland,,urban-periphery,background,UTC,02/04/2010 00:00:00,,Ireland Air Quality e-Reporting monitoring network for compliance and informative reporting,NET.IE001
IE0142A,Longford Town Dublin Road Railway,53.72556,-7.79139,48.0,Ireland,,urban-periphery,traffic,UTC,01/01/2018 00:00:00,,Ireland Air Quality e-Reporting monitoring network for compliance and informative reporting,NET.IE001
IE0143A,Dublin Clonskeagh Rosemount,53.30617,-6.23236,30.0,Ireland,,urban-periphery,background,UTC,01/03/2008 00:00:00,,Ireland Air Quality e-Reporting monitoring network for compliance and informative reporting,NET.IE001
IE0145A,Mayo Claremorris,53.70389,-9.01267,44.0,Ireland,,rural-regional,background,UTC,16/02/2011 00:00:00,,Ireland Air Quality e-Reporting monitoring network for compliance and informative reporting,NET.IE001
IE0147A,Kilkenny Seville Lodge,52.6388,-7.26811,68.0,Ireland,,urban-periphery,background,UTC,05/01/2012 00:00:00,,Ireland Air Quality e-Reporting monitoring network for compliance and informative reporting,NET.IE001
IE014CK,Cork Clonakilty,51.62246,-8.88922,4.0,Ireland,,urban-periphery,background,UTC,02/03/2023 00:00:00,,Ireland Air Quality e-Reporting monitoring network for compliance and informative reporting,NET.IE001
IE015CK,Cork Airport,51.85187,-8.48936,161.0,Ireland,,urban-periphery,background,UTC,24/05/2023 00:00:00,,Ireland Air Quality e-Reporting monitoring network for compliance and informative reporting,NET.IE001
IE016CK,Cork Cork Port,51.83057,-8.32085,4.0,Ireland,,urban-periphery,background,UTC,24/05/2023 00:00:00,,Ireland Air Quality e-Reporting monitoring network for compliance and informative reporting,NET.IE001
IE017CK,Cork Carrigaline,51.81538,-8.38758,6.0,Ireland,,urban-periphery,background,UTC,22/12/2022 00:00:00,,Ireland Air Quality e-Reporting monitoring network for compliance and informative reporting,NET.IE001
IE027D,Dublin Dublin Airport,53.43443,-6.23044,61.0,Ireland,,urban-periphery,background,UTC,31/07/2020 00:00:00,,Ireland Air Quality e-Reporting monitoring network for compliance and informative reporting,NET.IE001
IE028D,Dublin Dublin Port,53.35274,-6.20385,4.0,Ireland,,urban-centre,traffic,UTC,20/04/2020 00:00:00,,Ireland Air Quality e-Reporting monitoring network for compliance and informative reporting,NET.IE001
IS0025A,Grundartangi Kríuvarða,64.37358,-21.75914,10.0,Iceland,,rural,industrial,UTC,15/04/2010 00:00:00,,Norðurál (Century Aluminium),NET-IS006A
IS0027A,Reyðarfjörður Hjallaleyra stöð 1,65.0304,-14.24192,3.0,Iceland,,urban-periphery,industrial,UTC,01/01/2007 00:00:00,,Alcoa Fjarðaál,NET-IS007A
IS0028A,Reyðarfjörður Ljósá stöð 2,65.03032,-14.16246,20.0,Iceland,,rural,industrial,UTC,01/01/2007 00:00:00,,Alcoa Fjarðaál,NET-IS007A
IS0029A,Reyðarfjörður Hólmar stöð 3,65.04007,-14.04761,20.0,Iceland,,rural,industrial,UTC,01/01/2007 00:00:00,,Alcoa Fjarðaál,NET-IS007A
IS0030A,Reyðarfjörður Miðstrandareyri stöð 4,65.01254,-14.13044,20.0,Iceland,,rural,industrial,UTC,01/01/2007 00:00:00,,Alcoa Fjarðaál,NET-IS007A
IS0032A,Nesjavellir,64.11632,-21.23674,160.0,Iceland,,rural,industrial,UTC,01/01/2013 00:00:00,,Orkuveita Reykjavíkur (Reykjavík Energy),NET-IS005A
IS0036A,Kópavogur Lækjarbotnar Waldorfskóli ,64.07015,-21.65839,145.0,Iceland,,urban-periphery,industrial,UTC,22/02/2015 00:00:00,,Orkuveita Reykjavíkur (Reykjavík Energy),NET-IS005A
IS0037A,Kópavogur Dalsmári,64.10495,-21.889,10.0,Iceland,,urban-periphery,background,UTC,29/05/2014 00:00:00,,HHGK-netið,NET-IS009A
IS0041A,Grundartangi Gröf,64.33416,-21.83569,55.0,Iceland,,rural,industrial,UTC,12/02/2014 00:00:00,,Norðurál (Century Aluminium),NET-IS006A
IS0046A,Hafnarfjörður Norðurhella,64.04416,-21.98535,19.0,Iceland,,urban-periphery,background,UTC,09/05/2016 00:00:00,,HHGK-netið,NET-IS009A
IS0048A,Grundartangi Melahverfi,64.38165,-21.84,20.0,Iceland,,rural,industrial,UTC,16/05/2017 00:00:00,,Norðurál (Century Aluminium),NET-IS006A
IS0049A,PCC norður,66.07928,-17.34217,6.0,Iceland,,urban-periphery,industrial,UTC,01/12/2016 00:00:00,,PCC BakkiSilicon hf,NET-IS012A
IS0050A,PCC suður,66.05486,-17.34755,47.0,Iceland,,urban-periphery,industrial,UTC,01/12/2016 00:00:00,,PCC BakkiSilicon hf,NET-IS012A
IS0051A,Þeystareykjarvirkjun,65.89784,-16.96299,328.0,Iceland,,rural,industrial,UTC,14/08/2014 00:00:00,,Landsvirkjun,NET-IS004A
IS0052A,Akureyri Strandgata (við Hof),65.68409,-18.08821,8.0,Iceland,,urban-centre,traffic,UTC,30/01/2018 00:00:00,,Environment and Energy Agency of Iceland,NET-IS002A
IS0053A,"Eyjavellir, Reykjanesbær",64.00421,-22.58399,319.0,Iceland,,urban-periphery,traffic,UTC,10/07/2017 00:00:00,,Isavia Mælinet,NET-IS0013
IS0054A,Úlfarsárdalur Lambhaga OR,64.13231,-21.75077,51.0,Iceland,,urban-periphery,industrial,UTC,01/02/2019 00:00:00,,Orkuveita Reykjavíkur (Reykjavík Energy),NET-IS005A
IS0056A,Portable Farstöð 1,64.142,-21.946,10.0,Iceland,,urban-periphery,background,UTC,01/01/1991 00:00:00,,Reykjavik City Environmental Health and Protection Office,NET-IS003A
IS0057A,Portable Farstöð 2,64.145,-21.774,25.0,Iceland,,urban-centre,background,UTC,01/01/1991 00:00:00,,Reykjavik City Environmental Health and Protection Office,NET-IS003A
IS0061A,Reykjavík Laugarnes,64.15335,-21.886,7.0,Iceland,,urban-centre,industrial,UTC,30/11/2021 00:00:00,,Faxaflóahafnir,NET-IS013A
IS0062A,Reykjaheiði Skíðaskáli,66.00194,-17.1955,309.0,Iceland,,rural-regional,industrial,UTC,05/01/2020 00:00:00,,Landsvirkjun,NET-IS004A
IS0063A,Kópavogur Hörðuvallaskóli,64.08564,-21.82489,106.0,Iceland,,urban-periphery,background,UTC,01/06/2023 00:00:00,,HHGK-netið,NET-IS009A
IS0064A,Garðabær Garðaholt,64.08799,-21.99609,31.0,Iceland,,urban-periphery,industrial,UTC,19/09/2023 00:00:00,,HHGK-netið,NET-IS009A
IS0065A,Hafnarfjörður Lónakot Rio Tinto,64.034,-22.087,10.0,Iceland,,urban-periphery,background,UTC,27/03/2023 00:00:00,,ISAL Rio Tinto mælinet,NET-IS0014
IS0066A,Garður,64.071,-22.65,10.0,Iceland,,urban-centre,background,UTC,14/01/2024 00:00:00,,Environment and Energy Agency of Iceland,NET-IS002A
IS0067A,Ásbrú,63.969,-22.589,10.0,Iceland,,urban-centre,background,UTC,15/01/2024 00:00:00,,Environment and Energy Agency of Iceland,NET-IS002A
IS0068A,Sandgerði,64.034,-22.699,10.0,Iceland,,urban-centre,background,UTC,01/01/2024 00:00:00,,Environment and Energy Agency of Iceland,NET-IS002A
IS0069A,Hafnir,63.932,-22.684,10.0,Iceland,,urban-centre,background,UTC,28/02/2024 00:00:00,,Environment and Energy Agency of Iceland,NET-IS002A
IS0070A,Keflavík Vatnaveröld,63.993,-22.56,10.0,Iceland,,urban-centre,background,UTC,28/02/2024 00:00:00,,Environment and Energy Agency of Iceland,NET-IS002A
IS0071A,Njarðvík Stapaskóli,63.973,-22.494,10.0,Iceland,,urban-centre,background,UTC,28/02/2024 00:00:00,,Environment and Energy Agency of Iceland,NET-IS002A
IS0072A,Vogar,63.985,-22.38,10.0,Iceland,,urban-centre,background,UTC,29/02/2024 00:00:00,,Environment and Energy Agency of Iceland,NET-IS002A
IS0073A,Selfoss,63.929,-21.021,10.0,Iceland,,urban-centre,background,UTC,24/06/2021 00:00:00,,Environment and Energy Agency of Iceland,NET-IS002A
IS0074A,Kirkjubæjarklaustur,63.795,-18.043,10.0,Iceland,,rural,background,UTC,25/08/2021 00:00:00,,Environment and Energy Agency of Iceland,NET-IS002A
IT0063A,LI-COTONE,42.93917,10.53417,37.0,Italy,MAGAZZINI COMUNALI - LOC. COTONE - Piombino (LI),urban-periphery,industrial,UTC+01,30/09/2001 23:00:00,,RETE REGIONALE QUALITA' DELL'ARIA DELLA TOSCANA,NET.IT279A
IT0267A,TAVAZZANO,45.32944,9.41472,80.0,Italy,Cascina Bagnolo - Tavazzano con Villavesco (LO),urban-periphery,background,UTC+01,01/01/1983 00:00:00,,Rete di Rilevamento della Qualit� dell'Aria della Provincia di Lodi,NET.IT158A
IT0448A,VE - Sacca Fisola,45.42944,12.31389,1.0,Italy,"SACCA FISOLA, VENEZIA",urban-centre,background,UTC+01,01/01/1994 01:00:00,,RETE REGIONALE QUALITA' ARIA DEL VENETO,NET.IT281A
IT0459A,CHIARAVALLE2,43.59889,13.34194,15.0,Italy,VIA GRANCETTA - Chiaravalle (AN),urban-periphery,background,UTC+01,01/09/1997 23:00:00,,RETE REGIONALE QUALIT� ARIA AMBIENTE,NET.IT282A
IT0460A,JESI,43.52694,13.245,100.0,Italy,VIA DEL LAVORO - Jesi (AN),urban-centre,traffic,UTC+01,01/12/2006 00:00:00,,RETE REGIONALE QUALIT� ARIA AMBIENTE,NET.IT282A
IT0461A,FALCONARA SCUOLA,43.63333,13.3875,10.0,Italy,VIA CAMPANELLA C/O SCUOLA ELEMENTARE - Falconara Marittima (AN),urban-periphery,industrial,UTC+01,15/05/1985 23:00:00,,RETE REGIONALE QUALIT� ARIA AMBIENTE,NET.IT282A
IT0462A,FALCONARA ACQUEDOTTO,43.63611,13.37056,5.0,Italy,VIA FIUMESINO - Falconara Marittima (AN),urban-periphery,industrial,UTC+01,07/05/1990 23:00:00,,RETE REGIONALE QUALIT� ARIA AMBIENTE,NET.IT282A
IT0463A,FALCONARA ALTA,43.62056,13.39,90.0,Italy,VIA 8 MARZO - Falconara Marittima (AN),urban-periphery,industrial,UTC+01,01/09/1997 23:00:00,,RETE REGIONALE QUALIT� ARIA AMBIENTE,NET.IT282A
IT0469A,Torino - Consolata,45.0758,7.6782,243.0,Italy,"Via Consolata 10, Torino",urban-centre,traffic,UTC+01,01/01/1996 00:00:00,,PIEMONTE - SISTEMA REGIONALE DI RILEVAMENTO DELLA QUALITA' DELL'ARIA,NET.IT224A
IT0470A,Torino - Rebaudengo,45.10407,7.69534,233.0,Italy,Piazza Rebaudengo 23,urban-centre,traffic,UTC+01,11/03/2010 00:00:00,,PIEMONTE - SISTEMA REGIONALE DI RILEVAMENTO DELLA QUALITA' DELL'ARIA,NET.IT224A
IT0477A,MILANO - V.LE MARCHE,45.49556,9.19139,122.0,Italy,VIALE MARCHE 71 - Milano (MI),urban-centre,traffic,UTC+01,30/06/1988 23:00:00,,Rete di Rilevamento della Qualit� dell'Aria della Provincia di Milano,NET.IT082A
IT0480A,SESTO S.GIOVANNI,45.53389,9.23639,137.0,Italy,VIA FANTI D.ITALIA - Sesto San Giovanni (MI),urban-centre,traffic,UTC+01,01/10/1989 00:00:00,,Rete di Rilevamento della Qualit� dell'Aria della Provincia di Milano,NET.IT082A
IT0502A,BZ4 Bolzano,46.48231,11.34183,247.0,Italy,VIA CLAUDIA AUGUSTA - Bolzano (BZ),urban-centre,traffic,UTC+01,08/12/2005 00:00:00,,PROVINCIAL MONITORING NETWORK OF BOLZANO,NET.IT085A
IT0505A,RE1 Renon,46.58967,11.43317,1770.0,Italy,"Via TANN, LOC. GRUENWALD - Renon (BZ)",unknown,background,UTC+01,01/02/1990 00:00:00,,PROVINCIAL MONITORING NETWORK OF BOLZANO,NET.IT085A
IT0507A,BX1 Bressanone,46.71492,11.65408,564.0,Italy,VIALE RATISBONA - Bressanone (BZ),urban-centre,background,UTC+01,24/10/1990 00:00:00,,PROVINCIAL MONITORING NETWORK OF BOLZANO,NET.IT085A
IT0508A,BR1 Brunico,46.79735,11.94403,830.0,Italy,VIA GOETHE - Brunico (BZ),urban-centre,background,UTC+01,27/09/1990 00:00:00,,PROVINCIAL MONITORING NETWORK OF BOLZANO,NET.IT085A
IT0544A,LUGAGNANO,44.82389,9.83028,210.0,Italy,"V. FERMI, 9 - Lugagnano Val d'Arda (PC)",urban-periphery,background,UTC+01,02/08/1995 23:00:00,,RETE REGIONALE DI QUALITÀ DELL'ARIA DELLA REGIONE EMILIA-ROMAGNA,NET.IT255A
IT0591A,ROVERETO LGP,45.89244,11.03941,200.0,Italy,via Manzoni - Rovereto (TN),urban-centre,background,UTC+01,05/01/1983 00:00:00,,TRENTINO URBAN AND REGION NETWORK,NET.IT090A
IT0611A,Melilli,37.18237,15.12883,300.0,Italy,"Melilli, Strada Provinciale 37 c/o Scuola Don Bosco",urban-centre,background,UTC+01,01/05/1983 23:00:00,,RETE REGIONALE DI RILEVAMENTO DELLA QUALITA' DELL'ARIA DI ARPA SICILIA,NET.IT250A
IT0614A,Priolo,37.15612,15.19087,35.0,Italy,"Priolo Gargallo, Via del Fico c/o Centro Polivalente",urban-centre,background,UTC+01,24/03/1992 00:00:00,,RETE REGIONALE DI RILEVAMENTO DELLA QUALITA' DELL'ARIA DI ARPA SICILIA,NET.IT250A
IT0618A,Augusta,37.2184,15.2205,15.0,Italy,"Augusta, Viale Risorgimento c/o Comando Marina",urban-centre,background,UTC+01,01/05/1983 23:00:00,,RETE REGIONALE DI RILEVAMENTO DELLA QUALITA' DELL'ARIA DI ARPA SICILIA,NET.IT250A
IT0620A,SR - Via Gela,37.09845,15.26251,60.0,Italy,"Siracusa, Via Gela n.11 c/o Istituto Emanuele Giaracà",urban-periphery,background,UTC+01,24/03/1992 00:00:00,,RETE REGIONALE DI RILEVAMENTO DELLA QUALITA' DELL'ARIA DI ARPA SICILIA,NET.IT250A
IT0643A,Alessandria - D'Annunzio,44.9066,8.612,95.0,Italy,Piazza D'Annunzio,urban-centre,traffic,UTC+01,01/01/2006 00:00:00,,PIEMONTE - SISTEMA REGIONALE DI RILEVAMENTO DELLA QUALITA' DELL'ARIA,NET.IT224A
IT0689A,MEZZANA BIGLI - CASONI BORRONI,45.06833,8.86889,73.0,Italy,VIA AGOGNA 38 - Mezzana Bigli (PV),rural,industrial,UTC+01,20/01/2006 00:00:00,,Rete di Rilevamento della Qualit� dell'Aria della Provincia di Pavia,NET.IT100A
IT0692A,SANNAZZARO,45.10167,8.90556,87.0,Italy,VIA ANTONA TRAVERSI 10 - Sannazzaro de' Burgondi (PV),urban-centre,industrial,UTC+01,01/01/1989 00:00:00,,Rete di Rilevamento della Qualit� dell'Aria della Provincia di Pavia,NET.IT100A
IT0694A,CINISELLO B.,45.55139,9.22806,154.0,Italy,VIA LINCOLN - Cinisello Balsamo (MI),urban-centre,traffic,UTC+01,01/11/1988 00:00:00,,Rete di Rilevamento della Qualit� dell'Aria della Provincia di Milano,NET.IT082A
IT0703A,BORGO VAL,46.05184,11.45389,380.0,Italy,VIA 4 NOVEMBRE - Borgo Valsugana (TN),urban-periphery,background,UTC+01,24/10/1989 00:00:00,,TRENTINO URBAN AND REGION NETWORK,NET.IT090A
IT0705A,MILANO - VERZIERE,45.46278,9.19583,122.0,Italy,VIA BECCARIA 19 - Milano (MI),urban-centre,traffic,UTC+01,01/11/1989 00:00:00,,Rete di Rilevamento della Qualit� dell'Aria della Provincia di Milano,NET.IT082A
IT0709A,MANTOVA - VIA ARIOSTO,45.14444,10.80333,18.0,Italy,VIA ARIOSTO - Mantova (MN),urban-centre,industrial,UTC+01,01/01/1990 00:00:00,,Rete di Rilevamento della Qualit� dell'Aria della Provincia di Mantova,NET.IT099A
IT0732A,VARESE - VIA VIDOLETTI,45.83611,8.80417,382.0,Italy,VIA MANIN - Varese (VA),urban-centre,background,UTC+01,01/12/1991 00:00:00,,Rete di Rilevamento della Qualit� dell'Aria della Provincia di Varese,NET.IT110A
IT0737A,TAVERNOLA,45.71361,10.04111,291.0,Italy,VIA RIVA DI SOLTO - Tavernola Bergamasca (BG),urban-periphery,industrial,UTC+01,01/11/1990 00:00:00,,Rete di Rilevamento della Qualit� dell'Aria della Provincia di Bergamo,NET.IT091A
IT0741A,GAMBARA,45.24889,10.29944,51.0,Italy,VIA PARMA - Gambara (BS),rural,background,UTC+01,01/01/1990 00:00:00,,Rete di Rilevamento della Qualit� dell'Aria della Provincia di Brescia,NET.IT092A
IT0742A,ODOLO,45.63944,10.38583,345.0,Italy,VIA PRAES - Odolo (BS),urban-periphery,background,UTC+01,31/05/2000 23:00:00,,Rete di Rilevamento della Qualit� dell'Aria della Provincia di Brescia,NET.IT092A
IT0743A,LONATO,45.46333,10.48083,188.0,Italy,VIA DEL MARCHESINO - Lonato del Garda (BS),urban-centre,background,UTC+01,01/11/1990 00:00:00,,Rete di Rilevamento della Qualit� dell'Aria della Provincia di Brescia,NET.IT092A
IT0753A,RIVA GAR,45.89147,10.84449,73.0,Italy,VIA TRENTO - Riva del Garda (TN),urban-periphery,background,UTC+01,02/01/1991 00:00:00,,TRENTINO URBAN AND REGION NETWORK,NET.IT090A
IT0771A,COMO - VIALE CATTANEO,45.80444,9.08361,201.0,Italy,VIALE CATTANEO - Como (CO),urban-centre,traffic,UTC+01,01/11/1991 00:00:00,,Rete di Rilevamento della Qualit� dell'Aria della Provincia di Como,NET.IT108A
IT0776A,LECCO VIA AMENDOLA,45.84944,9.39583,214.0,Italy,VIA AMENDOLA - SCUOLA DE AMICIS - Lecco (LC),urban-centre,traffic,UTC+01,01/11/1991 00:00:00,,Rete di Rilevamento della Qualit� dell'Aria della Provincia di Lecco,NET.IT107A
IT0792A,Santa Lucia del Mela,38.1605,15.27503,70.0,Italy,"Santa Lucia del Mela, Via Serri s.n.",unknown,background,UTC+01,01/01/2016 00:00:00,,RETE REGIONALE DI RILEVAMENTO DELLA QUALITA' DELL'ARIA DI ARPA SICILIA,NET.IT250A
IT0794A,a2a - Pace del Mela,38.183,15.3015,100.0,Italy,"Pace del Mela, Via Auditorium n.16",urban-periphery,background,UTC+01,31/12/2017 23:00:00,,RETE REGIONALE DI RILEVAMENTO DELLA QUALITA' DELL'ARIA DI ARPA SICILIA,NET.IT250A
IT0804A,CITTADELLA,44.79361,10.33167,60.0,Italy,PARCO CITTADELLA - Parma (PR),urban-centre,background,UTC+01,01/01/2005 00:00:00,,RETE REGIONALE DI QUALITÀ DELL'ARIA DELLA REGIONE EMILIA-ROMAGNA,NET.IT255A
IT0815A,Gela - Enimed,37.06222,14.28422,13.0,Italy,"Gela, Strada Provinciale 82 c/o Parcheggio Eni",urban-periphery,background,UTC+01,18/01/1992 00:00:00,,RETE REGIONALE DI RILEVAMENTO DELLA QUALITA' DELL'ARIA DI ARPA SICILIA,NET.IT250A
IT0825A,C.SO FRANCIA,41.94745,12.46956,35.0,Italy,CORSO FRANCIA - Roma (RM),urban-centre,traffic,UTC+01,25/07/2006 23:00:00,,Regione Lazio,NET.IT112A
IT0828A,L.GO MAGNA GRECIA,41.88307,12.50895,37.0,Italy,LARGO MAGNA GRECIA - Roma (RM),urban-centre,traffic,UTC+01,01/01/1993 00:00:00,,Regione Lazio,NET.IT112A
IT0832A,AR-REPUBBLICA,43.4625,11.87667,256.0,Italy,VIALE MICHELANGELO - Arezzo (AR),urban-centre,traffic,UTC+01,01/01/1995 00:00:00,,RETE REGIONALE QUALITA' DELL'ARIA DELLA TOSCANA,NET.IT279A
IT0837A,FILAGO,45.63306,9.55639,190.0,Italy,VIA DON MILANI - Filago (BG),urban-centre,background,UTC+01,01/01/1992 00:00:00,,Rete di Rilevamento della Qualit� dell'Aria della Provincia di Bergamo,NET.IT091A
IT0840A,SORESINA,45.28472,9.86417,70.0,Italy,INCROCIO V.LANDRIANI/V.PIAVE - Soresina (CR),urban-periphery,traffic,UTC+01,01/11/1999 00:00:00,,Rete di Rilevamento della Qualit� dell'Aria della Provincia di Cremona,NET.IT109A
IT0842A,CORTE DEI CORTESI,45.27917,10.00722,61.0,Italy,V.VILLA - STRADA FORCA - Corte de' Cortesi con Cignone (CR),rural,industrial,UTC+01,30/04/1996 23:00:00,,Rete di Rilevamento della Qualit� dell'Aria della Provincia di Cremona,NET.IT109A
IT0854A,CORSO FIRENZE - GENOVA,44.41816,8.92737,105.0,Italy,C.SO FIRENZE - GENOVA (GE),urban-centre,background,UTC+01,01/01/2010 00:00:00,,PROVINCIA DI GENOVA,NET.IT101A
IT0858A,QUARTO - GENOVA,44.39489,8.99154,85.0,Italy,"VIA MAGGIO, 3 - PROVINCIA - GENOVA (GE)",urban-centre,background,UTC+01,01/08/1993 00:00:00,,PROVINCIA DI GENOVA,NET.IT101A
IT0860A,FI-MOSSE,43.78583,11.23139,41.0,Italy,"VIA PONTE ALLE MOSSE, 211 - Firenze (FI)",urban-centre,traffic,UTC+01,18/12/1992 00:00:00,,RETE REGIONALE QUALITA' DELL'ARIA DELLA TOSCANA,NET.IT279A
IT0861A,FI-GRAMSCI,43.77306,11.27222,49.0,Italy,VIALE ANTONIO GRAMSCI - Firenze (FI),urban-centre,traffic,UTC+01,22/12/1992 00:00:00,,RETE REGIONALE QUALITA' DELL'ARIA DELLA TOSCANA,NET.IT279A
IT0862A,FI-BASSI,43.78667,11.2875,61.0,Italy,VIALE UGO BASSI - Firenze (FI),urban-centre,background,UTC+01,30/12/1992 00:00:00,,RETE REGIONALE QUALITA' DELL'ARIA DELLA TOSCANA,NET.IT279A
IT0865A,APRILIA 2,41.59536,12.65329,81.0,Italy,VIA DEI LARICI - Aprilia (LT),urban-centre,background,UTC+01,02/01/1993 00:00:00,,Regione Lazio,NET.IT112A
IT0867A,RIETI,42.40469,12.85779,392.0,Italy,V. L. CANALI - Rieti (RI),urban-centre,traffic,UTC+01,08/04/1992 23:00:00,,Regione Lazio,NET.IT112A
IT0869A,LT TASSO,41.46403,12.91304,18.0,Italy,VIA TASSO - Latina (LT),urban-centre,background,UTC+01,01/01/1993 00:00:00,,Regione Lazio,NET.IT112A
IT0872A,CECCANO,41.57159,13.33871,134.0,Italy,P.ZZA AFFARI - Ceccano (FR),urban-centre,traffic,UTC+01,30/06/1992 23:00:00,,Regione Lazio,NET.IT112A
IT0883A,FI-SETTIGNANO,43.78917,11.32389,195.0,Italy,VIA DESIDERIO DA SETTIGNANO - Firenze (FI),urban-periphery,background,UTC+01,25/04/1993 23:00:00,,RETE REGIONALE QUALITA' DELL'ARIA DELLA TOSCANA,NET.IT279A
IT0884A,ALLUMIERE,42.15786,11.90895,532.0,Italy,VIA DEL FAGGETO - Allumiere (RM),rural,background,UTC+01,24/05/1993 23:00:00,,Regione Lazio,NET.IT112A
IT0887A,GUIDONIA,41.99563,12.72662,89.0,Italy,P.ZZA STAZIONE FERROVIARIA - Guidonia Montecelio (RM),urban-periphery,traffic,UTC+01,01/01/1993 00:00:00,,Regione Lazio,NET.IT112A
IT0888A,COLLEFERRO OBERDAN,41.73045,13.00406,217.0,Italy,P.ZZA OBERDAN - Colleferro (RM),urban-periphery,background,UTC+01,08/01/1993 00:00:00,,Regione Lazio,NET.IT112A
IT0889A,COLLEFERRO EUROPA,41.725,13.00967,220.0,Italy,V.LE EUROPA - Colleferro (RM),urban-periphery,background,UTC+01,01/01/1993 00:00:00,,Regione Lazio,NET.IT112A
IT0892A,GIARDINI MARGHERITA,44.48333,11.355,43.0,Italy,VIA MEDARDO BOTTONELLI - Bologna (BO),urban-centre,background,UTC+01,01/01/2001 00:00:00,,RETE REGIONALE DI QUALITÀ DELL'ARIA DELLA REGIONE EMILIA-ROMAGNA,NET.IT255A
IT0895A,ZALAMELLA,44.42861,12.18667,4.0,Italy,Via Giuseppe Zalamella - Ravenna (RA),urban-centre,traffic,UTC+01,01/06/1993 23:00:00,,RETE REGIONALE DI QUALITÀ DELL'ARIA DELLA REGIONE EMILIA-ROMAGNA,NET.IT255A
IT0898A,NA06 MUSEO NAZIONALE,40.85419,14.25133,46.0,Italy,"PIAZZA MUSEO NAZIONALE,1 - Napoli (NA)",urban-centre,traffic,UTC+01,01/06/1993 23:00:00,,MONITORAGGIO AMBIENTALE DELLA REGIONE CAMPANIA A CURA DELL'A.R.P.A.C.,NET.IT116A
IT0903A,CASTELLARANO,44.51611,10.73389,150.0,Italy,VIA REVERBERI - Castellarano (RE),urban-periphery,background,UTC+01,27/11/1993 00:00:00,,RETE REGIONALE DI QUALITÀ DELL'ARIA DELLA REGIONE EMILIA-ROMAGNA,NET.IT255A
IT0906A,SONDRIO - VIA MAZZINI,46.16722,9.87056,307.0,Italy,VIA MAZZINI - Sondrio (SO),urban-centre,traffic,UTC+01,01/11/1993 00:00:00,,Rete di Rilevamento della Qualit� dell'Aria della Provincia di Sondrio,NET.IT114A
IT0908A,BORMIO,46.47028,10.3725,1225.0,Italy,VIA MONTE BRAULIO - Bormio (SO),urban-centre,background,UTC+01,01/11/1993 00:00:00,,Rete di Rilevamento della Qualit� dell'Aria della Provincia di Sondrio,NET.IT114A
IT0912A,PAVIA - VIA FOLPERTI,45.19389,9.16472,77.0,Italy,VIA FOLPERTI - Pavia (PV),urban-centre,background,UTC+01,01/11/1993 00:00:00,,Rete di Rilevamento della Qualit� dell'Aria della Provincia di Pavia,NET.IT100A
IT0940A,S. LAZZARO,44.69083,10.66472,50.0,Italy,VIA AMENDOLA - Reggio nell'Emilia (RE),urban-centre,background,UTC+01,25/01/1994 00:00:00,,RETE REGIONALE DI QUALITÀ DELL'ARIA DELLA REGIONE EMILIA-ROMAGNA,NET.IT255A
IT0945A,PO-FERRUCCI,43.87472,11.10528,62.0,Italy,VIA FERRUCCI - Prato (PO),urban-centre,traffic,UTC+01,01/01/1996 00:00:00,,RETE REGIONALE QUALITA' DELL'ARIA DELLA TOSCANA,NET.IT279A
IT0948A,FI-BOBOLI,43.76528,11.24917,75.0,Italy,"PIAZZA PITTI, 1 - Firenze (FI)",urban-centre,background,UTC+01,31/03/1994 23:00:00,,RETE REGIONALE QUALITA' DELL'ARIA DELLA TOSCANA,NET.IT279A
IT0950A,AR-ACROPOLI,43.46111,11.88889,260.0,Italy,VIA BENEDETTO ANGELICO - Arezzo (AR),urban-centre,industrial,UTC+01,23/01/2018 23:00:00,,RETE REGIONALE QUALITA' DELL'ARIA DELLA TOSCANA,NET.IT279A
IT0952A,CASTEL DI GUIDO,41.88945,12.26633,66.0,Italy,VIA AURELIA KM 20 CASTEL DI GUIDO - Roma (RM),rural,background,UTC+01,03/01/1997 00:00:00,,Regione Lazio,NET.IT112A
IT0953A,VILLA ADA,41.93289,12.50695,50.0,Italy,VIA SALARIA - Roma (RM),urban-centre,background,UTC+01,01/01/1997 00:00:00,,Regione Lazio,NET.IT112A
IT0956A,CINECITTA,41.85772,12.56865,48.0,Italy,LGO. BELOLLI - Roma (RM),urban-centre,background,UTC+01,13/01/1998 00:00:00,,Regione Lazio,NET.IT112A
IT0957A,TENUTA DEL CAVALIERE,41.92947,12.65848,56.0,Italy,VIA TENUTA DEL CAVALIERE 102 - Roma (RM),urban-periphery,background,UTC+01,01/01/1997 00:00:00,,Regione Lazio,NET.IT112A
IT0963A,VE - Parco Bissuola,45.49917,12.26222,1.0,Italy,VIA BISSUOLA,urban-centre,background,UTC+01,16/05/1994 01:00:00,,RETE REGIONALE QUALITA' ARIA DEL VENETO,NET.IT281A
IT0966A,Udine - via Cairoli,46.06611,13.24056,100.0,Italy,VIA CAIROLI - Udine (UD),urban-centre,background,UTC+01,13/11/2013 00:00:00,,RETE DI RILEVAMENTO QA DELLA ZONA DI PIANURA,NET.IT276A
IT0977A,LA THUILE,45.72917,6.97778,1640.0,Italy,LOC. LES GRANGES - LA THUILE (AO) - La Thuile (AO),rural-remote,background,UTC+01,01/01/2008 00:00:00,,Aosta Valley Air Quality Network,NET.IT119A
IT0988A,DONNAS,45.5966,7.76643,371.0,Italy,LOC. MONTEY - DONNAS (AO) - Donnas (AO),rural,background,UTC+01,15/11/2001 00:00:00,,Aosta Valley Air Quality Network,NET.IT119A
IT0989A,LEONESSA,42.57259,12.96206,948.0,Italy,STRADA PROVINCIALE - Leonessa (RI),rural,background,UTC+01,28/12/2022 00:00:00,,Regione Lazio,NET.IT112A
IT0992A,FONTECHIARI,41.66917,13.67433,388.0,Italy,VIA REGINA MARGHERITA - Fontechiari (FR),rural,background,UTC+01,01/01/1995 00:00:00,,Regione Lazio,NET.IT112A
IT0997A,BERGAMO - VIA GARIBALDI,45.69569,9.66167,249.0,Italy,"VIA G.GARIBALDI , 11/13 - Bergamo (BG)",urban-centre,traffic,UTC+01,31/05/1994 23:00:00,,Rete di Rilevamento della Qualit� dell'Aria della Provincia di Bergamo,NET.IT091A
IT1011A,CARRARA,42.56,12.65083,128.0,Italy,V.LE CAMPOFREGOSO/P.TE CARRARA - Terni (TR),urban-centre,traffic,UTC+01,30/06/1996 23:00:00,,RETE REGIONALE UMBRIA,NET.IT252A
IT1016A,MILANO - SENATO,45.46972,9.19806,122.0,Italy,VIA SENATO ANG MARINA - Milano (MI),urban-centre,traffic,UTC+01,31/05/1995 23:00:00,,Rete di Rilevamento della Qualit� dell'Aria della Provincia di Milano,NET.IT082A
IT1037A,TRENTO PSC,46.06293,11.1262,203.0,Italy,PARCO SANTA CHIARA - Trento (TN),urban-centre,background,UTC+01,01/01/1996 00:00:00,,TRENTINO URBAN AND REGION NETWORK,NET.IT090A
IT1043A,MARECCHIA,44.0625,12.55333,6.0,Italy,PARCO XXV APRILE - Rimini (RN),urban-centre,background,UTC+01,01/01/2001 00:00:00,,RETE REGIONALE DI QUALITÀ DELL'ARIA DELLA REGIONE EMILIA-ROMAGNA,NET.IT255A
IT1044A,FLAMINIA,44.05222,12.57556,3.0,Italy,VIA FLAMINIA - Rimini (RN),urban-centre,traffic,UTC+01,01/01/2001 00:00:00,,RETE REGIONALE DI QUALITÀ DELL'ARIA DELLA REGIONE EMILIA-ROMAGNA,NET.IT255A
IT1048A,PARCO RESISTENZA,44.21917,12.04889,29.0,Italy,"VIALE SPAZZOLI,15 - Forlì (FC)",urban-centre,background,UTC+01,01/01/2001 00:00:00,,RETE REGIONALE DI QUALITÀ DELL'ARIA DELLA REGIONE EMILIA-ROMAGNA,NET.IT255A
IT1065A,BASSANO DEL GRAPPA,45.76083,11.73667,114.0,Italy,VIA MUHLACKER,urban-centre,background,UTC+01,02/06/1996 01:00:00,,RETE REGIONALE QUALITA' ARIA DEL VENETO,NET.IT281A
IT1071A,PI-SANTA-CROCE-COOP,43.71306,10.77167,16.0,Italy,VIA DEL CONCILIO - Santa Croce sull'Arno (PI),urban-periphery,industrial,UTC+01,01/01/1997 00:00:00,,RETE REGIONALE QUALITA' DELL'ARIA DELLA TOSCANA,NET.IT279A
IT1097A,Brugnera - via Villa Varda,45.89865,12.53631,21.0,Italy,via Villa Varda - Brugnera (PN),urban-periphery,background,UTC+01,25/11/2013 00:00:00,,RETE DI RILEVAMENTO QA DELLA ZONA DI PIANURA,NET.IT276A
IT1104A,PAVIA - P.ZZA MINERVA,45.18556,9.14694,77.0,Italy,P.ZZA MINERVA - Pavia (PV),urban-centre,traffic,UTC+01,11/02/1997 00:00:00,,Rete di Rilevamento della Qualit� dell'Aria della Provincia di Pavia,NET.IT100A
IT1110A,PI-PASSI,43.73889,10.40167,5.0,Italy,PIAZZA I. NIEVO - Pisa (PI),urban-centre,background,UTC+01,10/03/1998 00:00:00,,RETE REGIONALE QUALITA' DELL'ARIA DELLA TOSCANA,NET.IT279A
IT1114A,Susa - Repubblica,45.1391,7.0501,499.0,Italy,Piazza delle Repubblica,urban-periphery,background,UTC+01,18/09/2008 00:00:00,,PIEMONTE - SISTEMA REGIONALE DI RILEVAMENTO DELLA QUALITA' DELL'ARIA,NET.IT224A
IT1120A,Orbassano - Gozzano,45.0069,7.5496,268.0,Italy,Via Gozzano c/o Complesso Sportivo Comunale,urban-periphery,background,UTC+01,05/09/2001 00:00:00,,PIEMONTE - SISTEMA REGIONALE DI RILEVAMENTO DELLA QUALITA' DELL'ARIA,NET.IT224A
IT1121A,Druento - La Mandria,45.1758,7.5602,335.0,Italy,parco La Mandria c/o cascina Peppinella,rural,background,UTC+01,05/09/2001 00:00:00,,PIEMONTE - SISTEMA REGIONALE DI RILEVAMENTO DELLA QUALITA' DELL'ARIA,NET.IT224A
IT1125A,Vinovo - Volontari,44.9513,7.6362,231.0,Italy,Via Garibaldi angolo via Volontari Italiani,urban-periphery,background,UTC+01,22/07/2011 00:00:00,,PIEMONTE - SISTEMA REGIONALE DI RILEVAMENTO DELLA QUALITA' DELL'ARIA,NET.IT224A
IT1128A,Borgaro T. - Caduti,45.1546,7.658,257.0,Italy,Via Italia c/o Giardini dei caduti Borgaresi,urban-periphery,background,UTC+01,25/09/2012 00:00:00,,PIEMONTE - SISTEMA REGIONALE DI RILEVAMENTO DELLA QUALITA' DELL'ARIA,NET.IT224A
IT1130A,Settimo T. - Vivaldi,45.1432,7.7782,202.0,Italy,Via Milano 3 c/o Scuola Elementare Vivaldi,urban-centre,traffic,UTC+01,01/10/2012 00:00:00,,PIEMONTE - SISTEMA REGIONALE DI RILEVAMENTO DELLA QUALITA' DELL'ARIA,NET.IT224A
IT1143A,VIA AURELIA - VIA FERRARIS - VADO L.,44.27253,8.43892,0.0,Italy,INCROCIO VIA AURELIA - VIA FERRARIS - VADO LIGURE (SV),urban-centre,traffic,UTC+01,16/10/1997 00:00:00,,PROVINCIA DI SAVONA,NET.IT127A
IT1145A,CORSO RICCI - SAVONA,44.31268,8.47293,12.0,Italy,CORSO RICCI (IPERCOOP) - SAVONA (SV),urban-centre,traffic,UTC+01,16/10/1997 00:00:00,,PROVINCIA DI SAVONA,NET.IT127A
IT1149A,PI-MONTECERBOLI,43.24778,10.88167,353.0,Italy,VIA MANZONI  C/O CAMPO SPORTIVO - Pomarance (PI),urban-periphery,background,UTC+01,02/06/2002 23:00:00,,RETE REGIONALE QUALITA' DELL'ARIA DELLA TOSCANA,NET.IT279A
IT1152A,REMESINA,44.79943,10.88365,25.0,Italy,V. REMESINA - ANG. V. MAGAZZENO - Carpi (MO),urban-periphery,background,UTC+01,01/01/2001 00:00:00,,RETE REGIONALE DI QUALITÀ DELL'ARIA DELLA REGIONE EMILIA-ROMAGNA,NET.IT255A
IT1153A,CREMONA - P.ZZA CADORNA,45.13278,10.01667,45.0,Italy,P.ZZA CADORNA - Cremona (CR),urban-centre,traffic,UTC+01,01/12/1997 00:00:00,,Rete di Rilevamento della Qualit� dell'Aria della Provincia di Cremona,NET.IT109A
IT1159A,PORTA SAN FELICE,44.49972,11.32833,54.0,Italy,PIAZZA DI PORTA SAN FELICE - Bologna (BO),urban-centre,traffic,UTC+01,02/01/1998 00:00:00,,RETE REGIONALE DI QUALITÀ DELL'ARIA DELLA REGIONE EMILIA-ROMAGNA,NET.IT255A
IT1163A,SAN LAZZARO,44.47222,11.41639,64.0,Italy,VIA POGGI - San Lazzaro di Savena (BO),urban-centre,traffic,UTC+01,01/01/2001 00:00:00,,RETE REGIONALE DI QUALITÀ DELL'ARIA DELLA REGIONE EMILIA-ROMAGNA,NET.IT255A
IT1166A,Tolmezzo - IFS,46.40194,13.01111,316.0,Italy,Via Divisione Osoppo c/o IPSIA - Tolmezzo (UD),urban-centre,industrial,UTC+01,30/01/1998 00:00:00,,RETE DI RILEVAMENTO QA DELLA ZONA DI MONTAGNA,NET.IT275A
IT1174A,MOTTA VISCONTI,45.28278,8.98944,100.0,Italy,VIA A. DE GASPERI - Motta Visconti (MI),rural,background,UTC+01,23/02/2023 11:00:00,,Rete di Rilevamento della Qualit� dell'Aria della Provincia di Milano,NET.IT082A
IT1176A,L.GO PERESTRELLO,41.88602,12.54162,28.0,Italy,LARGO PERESTRELLO - Roma (RM),urban-centre,background,UTC+01,17/03/1998 00:00:00,,Regione Lazio,NET.IT112A
IT1177A,VI - Quartiere Italia,45.56056,11.53972,36.0,Italy,VIA TOMMASEO,urban-centre,background,UTC+01,25/03/1998 01:00:00,,RETE REGIONALE QUALITA' ARIA DEL VENETO,NET.IT281A
IT1179A,GHERARDI,44.83972,11.96111,-2.0,Italy,LOCALITA' GHERARDI - Jolanda di Savoia (FE),rural,background,UTC+01,01/01/2001 00:00:00,,RETE REGIONALE DI QUALITÀ DELL'ARIA DELLA REGIONE EMILIA-ROMAGNA,NET.IT255A
IT1180A,CORTONESE,43.10306,12.36611,290.0,Italy,VIA GUERRA - Perugia (PG),urban-centre,background,UTC+01,01/06/1998 23:00:00,,RETE REGIONALE UMBRIA,NET.IT252A
IT1182A,P.S.GIOVANNI,43.08889,12.44194,197.0,Italy,VIA DELLA SCUOLA - Perugia (PG),urban-centre,traffic,UTC+01,01/06/1998 23:00:00,,RETE REGIONALE UMBRIA,NET.IT252A
IT1184A,LATINA SCALO,41.53141,12.9466,15.0,Italy,VIA DELLE INDUSTRIE - Latina (LT),urban-periphery,background,UTC+01,08/07/1998 23:00:00,,Regione Lazio,NET.IT112A
IT1186A,LU-VIAREGGIO,43.88389,10.245,3.0,Italy,VIA MARONCELLI - Viareggio (LU),urban-centre,background,UTC+01,31/07/1998 23:00:00,,RETE REGIONALE QUALITA' DELL'ARIA DELLA TOSCANA,NET.IT279A
IT1187A,LU-CAPANNORI,43.84083,10.57389,10.0,Italy,VIA PIAGGIA - Capannori (LU),urban-centre,background,UTC+01,19/12/2012 00:00:00,,RETE REGIONALE QUALITA' DELL'ARIA DELLA TOSCANA,NET.IT279A
IT1191A,MONTE GAZA,46.08253,10.95804,1601.0,Italy,MALGA GAZA - Vallelaghi (TN),rural,background,UTC+01,30/09/1998 23:00:00,,TRENTINO URBAN AND REGION NETWORK,NET.IT090A
IT1192A,CARCARE,44.36533,8.29011,350.0,Italy,VIA NAZIONALE - CARCARE (SV),urban-periphery,industrial,UTC+01,16/10/1998 00:00:00,,PROVINCIA DI SAVONA,NET.IT127A
IT1193A,MELFI,40.9841,15.63997,561.0,Italy,AREA AIAS - Melfi (PZ),urban-periphery,industrial,UTC+01,02/12/1998 00:00:00,,MONITORING NETWORK OF REGIONE BASILICATA,NET.IT133A
IT1200A,FROSINONE SCALO,41.62431,13.33092,162.0,Italy,VIA VERDI ANGOLO VIA PUCCINI - Frosinone (FR),urban-centre,traffic,UTC+01,29/12/1998 00:00:00,,Regione Lazio,NET.IT112A
IT1203A,ARCONATE,45.54667,8.84861,184.0,Italy,Via De Gasperi angolo via dell'Usignolo - Arconate (MI),urban-periphery,background,UTC+01,20/01/1999 00:00:00,,Rete di Rilevamento della Qualit� dell'Aria della Provincia di Milano,NET.IT082A
IT1204A,CAORLE,44.42,12.22556,4.0,Italy,VIA CAORLE - Ravenna (RA),urban-centre,background,UTC+01,09/01/2009 00:00:00,,RETE REGIONALE DI QUALITÀ DELL'ARIA DELLA REGIONE EMILIA-ROMAGNA,NET.IT255A
IT1208A,PE - VIA SACCO,42.45194,14.1975,8.0,Italy,VIA SACCO - Pescara (PE),urban-centre,traffic,UTC+01,07/06/2007 23:00:00,,RETE DI RILEVAMENTO DELLA QUALITA' DELL'ARIA DELLA CITTA' DI PESCARA,NET.IT137A
IT1213A,ADRIA,45.04667,12.06194,4.0,Italy,Via Bettinazzi,urban-centre,background,UTC+01,01/01/2015 01:00:00,,RETE REGIONALE QUALITA' ARIA DEL VENETO,NET.IT281A
IT1214A,RO - Borsea,45.03972,11.79111,3.0,Italy,VIA GROTTO,urban-centre,background,UTC+01,02/01/1990 01:00:00,,RETE REGIONALE QUALITA' ARIA DEL VENETO,NET.IT281A
IT1215A,RO - Largo Martiri,45.07472,11.78333,7.0,Italy,LARGO MARTIRI,urban-centre,traffic,UTC+01,02/01/2001 01:00:00,,RETE REGIONALE QUALITA' ARIA DEL VENETO,NET.IT281A
IT1222A,SAN DONA' DI PIAVE,45.63028,12.59167,3.0,Italy,VIA TURATI,urban-centre,background,UTC+01,18/09/2003 01:00:00,,RETE REGIONALE QUALITA' ARIA DEL VENETO,NET.IT281A
IT1243A,CENS12,40.71028,8.55139,192.0,Italy,VIA BUDAPEST - Sassari (SS),urban-periphery,traffic,UTC+01,01/01/2006 00:00:00,,RETE MONITORAGGIO ARIA REGIONE SARDEGNA,NET.IT280A
IT1251A,BRESCIA - VIA TURATI,45.53861,10.23194,170.0,Italy,VIA TURATI - Brescia (BS),urban-centre,traffic,UTC+01,01/01/1999 00:00:00,,Rete di Rilevamento della Qualit� dell'Aria della Provincia di Brescia,NET.IT092A
IT1264A,PE - VIA FIRENZE,42.46639,14.21306,9.0,Italy,VIA FIRENZE c/o LICEO GINNASIO - Pescara (PE),urban-centre,traffic,UTC+01,01/01/2014 00:00:00,,RETE DI RILEVAMENTO DELLA QUALITA' DELL'ARIA DELLA CITTA' DI PESCARA,NET.IT137A
IT1269A,CENSA2,39.07,9.01667,22.0,Italy,PALESTRA - Sarroch (CA),urban-periphery,industrial,UTC+01,02/03/1998 00:00:00,,RETE MONITORAGGIO ARIA REGIONE SARDEGNA,NET.IT280A
IT1273A,CENPS4,39.20861,8.39,18.0,Italy,CIMITERO - Portoscuso (CI),urban-periphery,background,UTC+01,02/03/1998 00:00:00,,RETE MONITORAGGIO ARIA REGIONE SARDEGNA,NET.IT280A
IT1277A,CENSN1,40.575,9.69444,39.0,Italy,VIA NAPOLI - Siniscola (NU),urban-centre,background,UTC+01,01/03/1998 00:00:00,,RETE MONITORAGGIO ARIA REGIONE SARDEGNA,NET.IT280A
IT1286A,LODI Vignati,45.30528,9.48556,80.0,Italy,via vignati - Lodi (LO),urban-centre,traffic,UTC+01,01/01/1983 00:00:00,,Rete di Rilevamento della Qualit� dell'Aria della Provincia di Lodi,NET.IT158A
IT1288A,ABBADIA CERRETO,45.30861,9.58611,64.0,Italy,Via Fanfulla - Abbadia Cerreto (LO),rural,background,UTC+01,01/10/1993 00:00:00,,Rete di Rilevamento della Qualit� dell'Aria della Provincia di Lodi,NET.IT158A
IT1290A,S. GIULIANO,45.39528,9.28278,97.0,Italy,via Milano - San Giuliano Milanese (MI),urban-centre,traffic,UTC+01,01/02/1994 00:00:00,,Rete di Rilevamento della Qualit� dell'Aria della Provincia di Milano,NET.IT082A
IT1309A,CENS10,40.92833,9.50167,15.0,Italy,VIA ROMA - Olbia (OT),urban-centre,traffic,UTC+01,01/01/2006 00:00:00,,RETE MONITORAGGIO ARIA REGIONE SARDEGNA,NET.IT280A
IT1328A,CONEGLIANO,45.89056,12.30806,72.0,Italy,VIA KENNEDY,urban-centre,background,UTC+01,15/07/2003 01:00:00,,RETE REGIONALE QUALITA' ARIA DEL VENETO,NET.IT281A
IT1334A,BZ5 Bolzano,46.49547,11.33997,260.0,Italy,PIAZZA ADRIANO - Bolzano (BZ),urban-centre,traffic,UTC+01,21/10/1998 00:00:00,,PROVINCIAL MONITORING NETWORK OF BOLZANO,NET.IT085A
IT1336A,VR - Borgo Milano,45.44528,10.96389,62.0,Italy,CORSO MILANO,urban-centre,traffic,UTC+01,02/01/1994 01:00:00,,RETE REGIONALE QUALITA' ARIA DEL VENETO,NET.IT281A
IT1340A,SAN BONIFACIO,45.4,11.28611,30.0,Italy,VIA FIUME,urban-centre,traffic,UTC+01,02/01/1985 01:00:00,,RETE REGIONALE QUALITA' ARIA DEL VENETO,NET.IT281A
IT1347A,CENSS3,40.815,8.36028,15.0,Italy,BIVIO ROSARIO - S.P. PORTO TORRES - STINTINO - Porto Torres (SS),urban-periphery,industrial,UTC+01,30/08/1994 23:00:00,,RETE MONITORAGGIO ARIA REGIONE SARDEGNA,NET.IT280A
IT1361A,VIA MONTEGRAPPA,43.83972,13.01861,20.0,Italy,VIA MONTEGRAPPA - Fano (PU),urban-centre,traffic,UTC+01,01/01/1997 00:00:00,,RETE REGIONALE QUALIT� ARIA AMBIENTE,NET.IT282A
IT1365A,BORGO RIVO,42.58194,12.62361,156.0,Italy,"VIA TERRE ARNOLFE, 10 - Terni (TR)",urban-centre,background,UTC+01,02/01/2000 00:00:00,,RETE REGIONALE UMBRIA,NET.IT252A
IT1375A,CENNM1,39.44361,9.01528,124.0,Italy,HOTEL GARDEN - Nuraminis (CA),rural,background,UTC+01,02/12/2000 00:00:00,,RETE MONITORAGGIO ARIA REGIONE SARDEGNA,NET.IT280A
IT1383A,CENSS4,40.83194,8.39389,18.0,Italy,RIO MANNU - CIRCONVALLAZIONE PORTO TORRES - Porto Torres (SS),urban-periphery,background,UTC+01,01/01/2016 00:00:00,,RETE MONITORAGGIO ARIA REGIONE SARDEGNA,NET.IT280A
IT1388A,PONTI SUL MINCIO,45.41083,10.69194,113.0,Italy,piazza Paolini 21 - Ponti sul Mincio (MN),urban-periphery,background,UTC+01,19/12/2006 00:00:00,,Rete di Rilevamento della Qualit� dell'Aria della Provincia di Mantova,NET.IT099A
IT1397A,CENAS8,39.22694,8.99583,9.0,Italy,MACCHIAREDDU - STRADA DORSALE - Assemini (CA),urban-periphery,industrial,UTC+01,02/03/1998 00:00:00,,RETE MONITORAGGIO ARIA REGIONE SARDEGNA,NET.IT280A
IT1407A,CENOT3,40.23722,9.0325,181.0,Italy,LOCALIT� SA SERRA - Ottana (NU),urban-periphery,industrial,UTC+01,01/03/1998 00:00:00,,RETE MONITORAGGIO ARIA REGIONE SARDEGNA,NET.IT280A
IT1409A,PI-BORGHETTO,43.71389,10.41056,5.0,Italy,PIAZZA DEL ROSSO - Pisa (PI),urban-centre,traffic,UTC+01,11/01/2001 00:00:00,,RETE REGIONALE QUALITA' DELL'ARIA DELLA TOSCANA,NET.IT279A
IT1420A,ATESSA,42.14167,14.44111,61.0,Italy,Loc. Piazzano - Atessa (CH),urban-periphery,industrial,UTC+01,01/01/2016 00:00:00,,EX MNS,NET.IT152A
IT1423A,PE - TEATRO D'ANNUNZIO,42.45639,14.23472,4.0,Italy,LUNGOMARE C. COLOMBO 120 - Pescara (PE),urban-centre,background,UTC+01,02/01/1998 00:00:00,,RETE DI RILEVAMENTO DELLA QUALITA' DELL'ARIA DELLA CITTA' DI PESCARA,NET.IT137A
IT1440A,SR - Belvedere,37.09397,15.20871,150.0,Italy,"Siracusa, Via Maria Montessori",urban-periphery,background,UTC+01,01/05/1983 23:00:00,,RETE REGIONALE DI RILEVAMENTO DELLA QUALITA' DELL'ARIA DI ARPA SICILIA,NET.IT250A
IT1449A,a2a - San Filippo del Mela,38.17462,15.27144,50.0,Italy,"San Filippo del Mela, Via Alessandro Cocuzza s.n.",urban-periphery,background,UTC+01,31/12/2017 23:00:00,,RETE REGIONALE DI RILEVAMENTO DELLA QUALITA' DELL'ARIA DI ARPA SICILIA,NET.IT250A
IT1451A,SAN PIETRO CAPOFIUME,44.66222,11.63944,11.0,Italy,VIA IDICE ABBANDONATO - Molinella (BO),rural,background,UTC+01,01/01/2001 00:00:00,,RETE REGIONALE DI QUALITÀ DELL'ARIA DELLA REGIONE EMILIA-ROMAGNA,NET.IT255A
IT1456A,SAN CIPRIANO - LIBERTA - LA SPEZIA,44.11081,9.83211,2.0,Italy,VIALE S.CIPRIANO ANGOLO PIAZZA LIBERTA - LA SPEZIA (SP),urban-centre,traffic,UTC+01,01/01/2011 00:00:00,,PROVINCIA DELLA SPEZIA,NET.IT123A
IT1459A,BUSTO ARSIZIO - ACCAM,45.58289,8.83449,206.0,Italy,via Novara angolo via Liguria - Busto Arsizio (VA),urban-periphery,background,UTC+01,01/02/1999 00:00:00,,Rete di Rilevamento della Qualit� dell'Aria della Provincia di Varese,NET.IT110A
IT1463A,OSIO SOTTO,45.62058,9.61154,182.0,Italy,"VIA PER LEVANTE, 40 - Osio Sotto (BG)",urban-periphery,background,UTC+01,19/06/2000 23:00:00,,Rete di Rilevamento della Qualit� dell'Aria della Provincia di Bergamo,NET.IT091A
IT1464A,CASIRATE D'ADDA,45.4975,9.55639,115.0,Italy,VIA CIMITERO - Casirate d'Adda (BG),rural,background,UTC+01,01/01/2006 00:00:00,,Rete di Rilevamento della Qualit� dell'Aria della Provincia di Milano,NET.IT082A
IT1486A,CE51 ISTITUTO MANZONI,41.08444,14.34472,68.0,Italy,VIA DE GASPERI - Caserta (CE),urban-centre,background,UTC+01,09/03/2016 22:00:00,,MONITORAGGIO AMBIENTALE DELLA REGIONE CAMPANIA A CURA DELL'A.R.P.A.C.,NET.IT116A
IT1488A,CE54 SCUOLA SETTEMBRINI,41.04592,14.37809,71.0,Italy,"Vi Brecciame, 46 - Maddaloni (CE)",urban-periphery,traffic,UTC+01,22/06/2015 23:00:00,,MONITORAGGIO AMBIENTALE DELLA REGIONE CAMPANIA A CURA DELL'A.R.P.A.C.,NET.IT116A
IT1491A,NA07 ENTE FERROVIE,40.85361,14.27167,13.0,Italy,"CORSO NOVARA,10 - Napoli (NA)",urban-centre,traffic,UTC+01,01/01/2017 00:00:00,,MONITORAGGIO AMBIENTALE DELLA REGIONE CAMPANIA A CURA DELL'A.R.P.A.C.,NET.IT116A
IT1493A,NA09 I.T.I.S. ARGINE,40.86427,14.34108,33.0,Italy,"VIA ARGINE, 902 - Napoli (NA)",urban-periphery,traffic,UTC+01,24/02/2014 00:00:00,,MONITORAGGIO AMBIENTALE DELLA REGIONE CAMPANIA A CURA DELL'A.R.P.A.C.,NET.IT116A
IT1495A,NA08 OSPEDALE NUOVO PELLEGRINI,40.87234,14.27547,143.0,Italy,VIA FILIPPO MARIA BRIGANTI - Napoli (NA),urban-centre,traffic,UTC+01,02/03/1996 00:00:00,,MONITORAGGIO AMBIENTALE DELLA REGIONE CAMPANIA A CURA DELL'A.R.P.A.C.,NET.IT116A
IT1496A,NA02 OSPEDALE SANTOBONO,40.84936,14.23111,173.0,Italy,VIA MARIO FIORE 6 - Napoli (NA),urban-centre,traffic,UTC+01,15/06/2016 15:00:00,,MONITORAGGIO AMBIENTALE DELLA REGIONE CAMPANIA A CURA DELL'A.R.P.A.C.,NET.IT116A
IT1497A,NA01 OSSERVATORIO ASTRONOMICO,40.86369,14.25451,145.0,Italy,SALITA MOIARIELLO 16 - Napoli (NA),urban-centre,background,UTC+01,01/06/1993 23:00:00,,MONITORAGGIO AMBIENTALE DELLA REGIONE CAMPANIA A CURA DELL'A.R.P.A.C.,NET.IT116A
IT1504A,SA22 Ospedale via Vernieri,40.68389,14.76972,35.0,Italy,Via Pio XI - Salerno (SA),urban-centre,traffic,UTC+01,02/01/1994 00:00:00,,MONITORAGGIO AMBIENTALE DELLA REGIONE CAMPANIA A CURA DELL'A.R.P.A.C.,NET.IT116A
IT1509A,Cerano - Bagno,45.4097,8.7861,124.0,Italy,Via Bagno 10 c/o campo sportivo,urban-periphery,background,UTC+01,01/10/1998 00:00:00,,PIEMONTE - SISTEMA REGIONALE DI RILEVAMENTO DELLA QUALITA' DELL'ARIA,NET.IT224A
IT1510A,Verbania - Gabardi,45.9303,8.5655,203.0,Italy,Via Filatoio 36 c/o asilo Gabardi,urban-centre,background,UTC+01,18/05/2012 00:00:00,,PIEMONTE - SISTEMA REGIONALE DI RILEVAMENTO DELLA QUALITA' DELL'ARIA,NET.IT224A
IT1519A,Saliceto - Moizo,44.4122,8.1695,392.0,Italy,Via Monsignor G.Moizio,rural,background,UTC+01,01/07/2000 00:00:00,,PIEMONTE - SISTEMA REGIONALE DI RILEVAMENTO DELLA QUALITA' DELL'ARIA,NET.IT224A
IT1523A,Asti - D'Acquisto,44.9089,8.2055,150.0,Italy,Via Salvo D'Acquisto 18,urban-centre,background,UTC+01,17/03/2002 00:00:00,,PIEMONTE - SISTEMA REGIONALE DI RILEVAMENTO DELLA QUALITA' DELL'ARIA,NET.IT224A
IT1524A,Alba - Tanaro,44.7037,8.0333,164.0,Italy,Via Tanaro nei pressi del mercato ortofrutticolo,urban-centre,background,UTC+01,01/01/2004 00:00:00,,PIEMONTE - SISTEMA REGIONALE DI RILEVAMENTO DELLA QUALITA' DELL'ARIA,NET.IT224A
IT1532A,Borgosesia - Tonella,45.7132,8.2835,344.0,Italy,Via V. Veneto - Area Tonella,urban-centre,background,UTC+01,01/01/2004 00:00:00,,PIEMONTE - SISTEMA REGIONALE DI RILEVAMENTO DELLA QUALITA' DELL'ARIA,NET.IT224A
IT1533A,Vercelli - Gastaldi,45.3284,8.4151,130.0,Italy,"Corso Gastaldi, 16",urban-centre,traffic,UTC+01,01/01/2006 00:00:00,,PIEMONTE - SISTEMA REGIONALE DI RILEVAMENTO DELLA QUALITA' DELL'ARIA,NET.IT224A
IT1535A,LEGNAGO,45.18361,11.31139,25.0,Italy,VIA TOGLIATTI,urban-centre,background,UTC+01,01/07/2001 01:00:00,,RETE REGIONALE QUALITA' ARIA DEL VENETO,NET.IT281A
IT1536A,MAGGIOLINA - LA SPEZIA,44.11603,9.84394,6.0,Italy,"INTERNO PARCO MAGGIOLINA, VIALE ITALIA - LA SPEZIA (SP)",urban-centre,background,UTC+01,09/08/2002 00:00:00,,PROVINCIA DELLA SPEZIA,NET.IT123A
IT1539A,Sutrio - M.te Zoncolan,46.50722,12.93167,1717.0,Italy,monte Zoncolan - Sutrio (UD),rural,background,UTC+01,01/01/2001 00:00:00,,RETE DI RILEVAMENTO QA DELLA ZONA DI MONTAGNA,NET.IT275A
IT1540A,JESI 3 - COPPETELLA,43.5775,13.30639,35.0,Italy,VIA AIA MURATA - Jesi (AN),urban-periphery,industrial,UTC+01,14/09/2000 23:00:00,,RETE COMUNALE DI RILEVAMENTO QUALIT� DELL'ARIA,NET.IT189A
IT1541A,JESI 1 - MURRI,43.53306,13.21889,168.0,Italy,VIA AGRARIA - Jesi (AN),urban-periphery,industrial,UTC+01,14/09/2000 23:00:00,,RETE COMUNALE DI RILEVAMENTO QUALIT� DELL'ARIA,NET.IT189A
IT1544A,FOSSAMASTRA - LA SPEZIA,44.10666,9.8577,3.0,Italy,"VIALE S.BARTOLOMEO, CO SCUOLA SCARPATO - LA SPEZIA (SP)",urban-centre,industrial,UTC+01,26/09/2002 00:00:00,,PROVINCIA DELLA SPEZIA,NET.IT123A
IT1549A,CAMPORA - CAMPOMORONE,44.51859,8.87383,120.0,Italy,VIA ALLA CAFFARELLA - CAMPOMORONE (GE),urban-periphery,background,UTC+01,01/01/2016 00:00:00,,PROVINCIA DI GENOVA,NET.IT101A
IT1551A,FI-SCANDICCI,43.75694,11.19278,45.0,Italy,VIA BUOZZI - Scandicci (FI),urban-centre,background,UTC+01,31/03/1993 23:00:00,,RETE REGIONALE QUALITA' DELL'ARIA DELLA TOSCANA,NET.IT279A
IT1553A,PT-MONTALE,43.91611,11.00694,48.0,Italy,VIA PACINOTTI - Montale (PT),rural,background,UTC+01,01/12/2000 00:00:00,,RETE REGIONALE QUALITA' DELL'ARIA DELLA TOSCANA,NET.IT279A
IT1557A,LI-CAPPIELLO,43.52,10.32167,13.0,Italy,PIAZZA CAPPIELLO - Livorno (LI),urban-centre,background,UTC+01,01/01/2002 00:00:00,,RETE REGIONALE QUALITA' DELL'ARIA DELLA TOSCANA,NET.IT279A
IT1560A,LI-CARDUCCI,43.55472,10.32972,9.0,Italy,VIALE CARDUCCI - Livorno (LI),urban-centre,traffic,UTC+01,15/01/2002 00:00:00,,RETE REGIONALE QUALITA' DELL'ARIA DELLA TOSCANA,NET.IT279A
IT1563A,JESI 2 - ZIPA,43.53806,13.27333,55.0,Italy,VIA LEONE XIII - Jesi (AN),urban-periphery,industrial,UTC+01,14/09/2000 23:00:00,,RETE COMUNALE DI RILEVAMENTO QUALIT� DELL'ARIA,NET.IT189A
IT1571A,PT-SIGNORELLI,43.94083,10.90528,80.0,Italy,VIA SIGNORELLI - Pistoia (PT),urban-centre,background,UTC+01,01/12/2000 00:00:00,,RETE REGIONALE QUALITA' DELL'ARIA DELLA TOSCANA,NET.IT279A
IT1575A,CENPS6,39.17722,8.43028,16.0,Italy,VIA SARDEGNA - PARINGIANU - Portoscuso (CI),urban-periphery,industrial,UTC+01,22/03/2001 00:00:00,,RETE MONITORAGGIO ARIA REGIONE SARDEGNA,NET.IT280A
IT1576A,CENPS7,39.20333,8.38611,25.0,Italy,VIA 1� MAGGIO - NORD OVEST DALLA Z.I. - Portoscuso (CI),urban-periphery,background,UTC+01,28/03/2001 23:00:00,,RETE MONITORAGGIO ARIA REGIONE SARDEGNA,NET.IT280A
IT1578A,VIA SCARPELLINI,43.89333,12.91889,20.0,Italy,VIA SCARPELLINI - Pesaro (PU),urban-periphery,background,UTC+01,31/01/2003 00:00:00,,RETE REGIONALE QUALIT� ARIA AMBIENTE,NET.IT282A
IT1583A,POTENZA - VIALE FIRENZE,40.64921,15.7952,742.0,Italy,VIALE FIRENZE - Potenza (PZ),urban-centre,traffic,UTC+01,27/05/2003 23:00:00,,MONITORING NETWORK OF REGIONE BASILICATA,NET.IT133A
IT1585A,POTENZA - VIALE UNICEF,40.62788,15.79642,673.0,Italy,VIALE UNICEF - Potenza (PZ),urban-centre,traffic,UTC+01,28/05/2003 23:00:00,,MONITORING NETWORK OF REGIONE BASILICATA,NET.IT133A
IT1586A,POTENZA - C.DA ROSSELLINO,40.62541,15.81173,705.0,Italy,PARCO ROSSELLINO - Potenza (PZ),urban-periphery,industrial,UTC+01,29/05/2003 23:00:00,,MONITORING NETWORK OF REGIONE BASILICATA,NET.IT133A
IT1588A,VARESE - VIA COPELLI,45.81694,8.82028,388.0,Italy,"Via Copelli, 9 - Varese (VA)",urban-centre,traffic,UTC+01,06/08/2003 23:00:00,,Rete di Rilevamento della Qualit� dell'Aria della Provincia di Varese,NET.IT110A
IT1592A,GR-SONNINO,42.7625,11.11,10.0,Italy,VIALE SONNINO - Grosseto (GR),urban-centre,traffic,UTC+01,14/01/2016 00:00:00,,RETE REGIONALE QUALITA' DELL'ARIA DELLA TOSCANA,NET.IT279A
IT1593A,GR-URSS,42.77861,11.11917,10.0,Italy,VIA URSS - Grosseto (GR),urban-centre,background,UTC+01,01/01/2010 00:00:00,,RETE REGIONALE QUALITA' DELL'ARIA DELLA TOSCANA,NET.IT279A
IT1596A,MANSUE',45.83694,12.51028,14.0,Italy,VIA CORNARE',rural,background,UTC+01,01/06/2004 01:00:00,,RETE REGIONALE QUALITA' ARIA DEL VENETO,NET.IT281A
IT1598A,Manfredonia VIA DEI MANDORLI,41.62833,15.90944,20.0,Italy,via dei mandorli,urban-periphery,traffic,UTC+01,01/01/2005 00:00:00,,REGIONE PUGLIA,NET.IT223A
IT1601A,Monte S. Angelo SUOLO CIUFFREDA,41.66528,15.945,30.0,Italy,SUOLO CIUFFREDA,rural,background,UTC+01,27/04/2009 00:00:00,,REGIONE PUGLIA,NET.IT223A
IT1603A,molfetta VERDI,41.20028,16.605,10.0,Italy,PIAZZA VERDI,urban-centre,traffic,UTC+01,01/01/2021 00:00:00,,REGIONE PUGLIA,NET.IT223A
IT1606A,Caldarola,41.11361,16.88806,10.0,Italy,via caldarola,urban-centre,traffic,UTC+01,01/05/2004 00:00:00,,REGIONE PUGLIA,NET.IT223A
IT1607A,taranto WIND,40.52611,17.17361,10.0,Italy,SS 7,urban-periphery,traffic,UTC+01,01/05/2004 00:00:00,,RETE SIMAGE,NET.IT219A
IT1608A,STATTE,40.5625,17.20333,10.0,Italy,VIA DELLE SORGENTI,urban-periphery,industrial,UTC+01,01/05/2004 00:00:00,,REGIONE PUGLIA,NET.IT223A
IT1609A,Taranto CISI,40.52111,17.2536,10.0,Italy,CISI,urban-periphery,industrial,UTC+01,01/05/2005 00:00:00,,RETE SIMAGE,NET.IT219A
IT1610A,taranto SAN VITO,40.42333,17.22528,10.0,Italy,san vito,urban-centre,background,UTC+01,01/01/2009 00:00:00,,REGIONE PUGLIA,NET.IT223A
IT1611A,taranto MACHIAVELLI,40.48861,17.22583,10.0,Italy,via machiavelli,urban-periphery,industrial,UTC+01,01/05/2004 00:00:00,,REGIONE PUGLIA,NET.IT223A
IT1613A,taranto ADIGE,40.46056,17.26333,10.0,Italy,via alto adige,urban-centre,traffic,UTC+01,01/05/2004 00:00:00,,REGIONE PUGLIA,NET.IT223A
IT1614A,TALSANO,40.41194,17.28389,10.0,Italy,talsano,urban-centre,background,UTC+01,01/01/2010 00:00:00,,RETE SIMAGE,NET.IT219A
IT1618A,Brindisi VIA TARANTO,40.63417,17.94777,10.0,Italy,via taranto,urban-centre,traffic,UTC+01,01/05/2004 00:00:00,,REGIONE PUGLIA,NET.IT223A
IT1619A,AREA FELTRINA,46.03083,11.90583,263.0,Italy,"VIA COLOMBO, 18",urban-periphery,background,UTC+01,04/05/2004 01:00:00,,RETE REGIONALE QUALITA' ARIA DEL VENETO,NET.IT281A
IT1621A,CAVOUR,41.12333,16.87333,10.0,Italy,corso cavour bari,urban-centre,traffic,UTC+01,01/07/2009 00:00:00,,COMUNE DI BARI,NET.IT218A
IT1624A,KENNEDY,41.10056,16.85972,10.0,Italy,via R. KENNEDY BARI,urban-centre,background,UTC+01,01/01/2009 00:00:00,,COMUNE DI BARI,NET.IT218A
IT1644A,LU-CARIGNANO,43.86889,10.45361,120.0,Italy,LOC. CARIGNANO - Lucca (LU),rural,background,UTC+01,14/06/2011 23:00:00,,RETE REGIONALE QUALITA' DELL'ARIA DELLA TOSCANA,NET.IT279A
IT1647A,JESI 4 - EX SEMINARIO,43.50694,13.22028,105.0,Italy,VIA CLEMENTINA - Jesi (AN),urban-periphery,industrial,UTC+01,14/09/2000 23:00:00,,RETE COMUNALE DI RILEVAMENTO QUALIT� DELL'ARIA,NET.IT189A
IT1650A,SARONNO - SANTUARIO,45.62694,9.02417,212.0,Italy,VIA SANTUARIO - Saronno (VA),urban-centre,background,UTC+01,09/12/2003 00:00:00,,Rete di Rilevamento della Qualit� dell'Aria della Provincia di Varese,NET.IT110A
IT1654A,PO-ROMA,43.87278,11.09194,54.0,Italy,VIA ROMA - Prato (PO),urban-centre,background,UTC+01,01/01/2014 00:00:00,,RETE REGIONALE QUALITA' DELL'ARIA DELLA TOSCANA,NET.IT279A
IT1658A,TORCHIAROLO,40.48806,18.05361,10.0,Italy,piazza don minzoni,urban-periphery,industrial,UTC+01,01/05/2004 00:00:00,,REGIONE PUGLIA,NET.IT223A
IT1660A,Taranto ARCHIMEDE,40.49444,17.23306,10.0,Italy,via archimede,urban-periphery,industrial,UTC+01,01/05/2004 00:00:00,,REGIONE PUGLIA,NET.IT223A
IT1662A,CHIAPPA - LA SPEZIA,44.12365,9.79871,20.0,Italy,VIA BENDICENTI PRESSO SCUOLA ELEMENTARE - LA SPEZIA (SP),urban-periphery,background,UTC+01,01/01/2004 00:00:00,,PROVINCIA DELLA SPEZIA,NET.IT123A
IT1663A,Mesagne,40.56556,17.80833,10.0,Italy,MESAGNE,urban-periphery,background,UTC+01,01/04/2009 00:00:00,,REGIONE PUGLIA,NET.IT223A
IT1664A,GUAGNANO - villa baldassarri,40.41852,17.96447,10.0,Italy,villa baldassarri,urban-periphery,background,UTC+01,01/03/2005 00:00:00,,REGIONE PUGLIA,NET.IT223A
IT1665A,LECCE - S. M. Cerrate,40.45889,18.11611,10.0,Italy,ABBAZIA DI SM CERRATE,rural,background,UTC+01,01/04/2009 00:00:00,,REGIONE PUGLIA,NET.IT223A
IT1666A,Campi Salentina,40.40444,18.02972,10.0,Italy,campi salentina,urban-periphery,background,UTC+01,01/01/2009 00:00:00,,PROVINCIA DI LECCE,NET.IT237A
IT1670A,FRANCHINI ANGELONI,44.13917,12.23917,37.0,Italy,PIAZZA FRANCHINI ANGELONI - Cesena (FC),urban-centre,background,UTC+01,19/01/2005 00:00:00,,RETE REGIONALE DI QUALITÀ DELL'ARIA DELLA REGIONE EMILIA-ROMAGNA,NET.IT255A
IT1672A,FEBBIO,44.29972,10.43028,1120.0,Italy,VIA PROVINCIALE - Villa Minozzo (RE),rural,background,UTC+01,06/10/2004 23:00:00,,RETE REGIONALE DI QUALITÀ DELL'ARIA DELLA REGIONE EMILIA-ROMAGNA,NET.IT255A
IT1674A,Potenza - S.L.Branca,40.64389,15.87289,720.0,Italy,Contrada San Luca Branca - Potenza (PZ),urban-periphery,industrial,UTC+01,16/03/2005 00:00:00,,MONITORING NETWORK OF REGIONE BASILICATA,NET.IT133A
IT1676A,Novara - Roma,45.4403,8.6197,157.0,Italy,Viale Roma 7/e,urban-centre,traffic,UTC+01,08/09/2011 00:00:00,,PIEMONTE - SISTEMA REGIONALE DI RILEVAMENTO DELLA QUALITA' DELL'ARIA,NET.IT224A
IT1680A,Martina Franca,40.70083,17.33194,400.0,Italy,piazza stazione,urban-centre,traffic,UTC+01,23/07/2016 00:00:00,,PROVINCIA DI TARANTO,NET.IT230A
IT1681A,AR-CASA-STABBI,43.66028,11.90167,650.0,Italy,- LOC. CASA STABBI - Chitignano (AR),rural,background,UTC+01,22/04/2005 23:00:00,,RETE REGIONALE QUALITA' DELL'ARIA DELLA TOSCANA,NET.IT279A
IT1687A,ARNESANO - Riesci,40.34627,18.09507,10.0,Italy,quartiere Riesci,urban-periphery,background,UTC+01,01/03/2005 00:00:00,,REGIONE PUGLIA,NET.IT223A
IT1692A,MILANO PASCAL CITT� STUDI,45.47833,9.23583,122.0,Italy,via Pascal - Milano (MI),urban-centre,background,UTC+01,22/06/2007 23:00:00,,Rete di Rilevamento della Qualit� dell'Aria della Provincia di Milano,NET.IT082A
IT1696A,LS1 Laives,46.43483,11.34014,230.0,Italy,VIA GALIZIA - Laives (BZ),urban-periphery,background,UTC+01,16/02/2008 00:00:00,,PROVINCIAL MONITORING NETWORK OF BOLZANO,NET.IT085A
IT1698A,CORSO EUROPA - VIA S. MARTINO - GENOVA,44.40492,8.96819,50.0,Italy,CONFLUENZA C.SO EUROPA VIA S.MARTINO - GENOVA (GE),urban-centre,traffic,UTC+01,01/01/2005 00:00:00,,PROVINCIA DI GENOVA,NET.IT101A
IT1701A,brindisi VIA DEI MILLE,40.63806,17.93833,10.0,Italy,via dei mille,urban-periphery,traffic,UTC+01,16/03/2015 00:00:00,,RETE SIMAGE BRINDISI,NET.IT236A
IT1704A,brindisi SISRI,40.62028,17.97806,10.0,Italy,BRINDISI ZI,urban-periphery,industrial,UTC+01,01/05/2004 00:00:00,,RETE SIMAGE BRINDISI,NET.IT236A
IT1727A,Saracena,39.74245,16.20373,383.0,Italy,C/da Zaccalia - Saracena (CS),rural,industrial,UTC+01,01/01/2004 00:00:00,,EDISON,NET.IT245A
IT1734A,VALMADRERA,45.84083,9.34889,237.0,Italy,via Monsignor Pozzi - Valmadrera (LC),urban-periphery,background,UTC+01,15/02/2006 00:00:00,,Rete di Rilevamento della Qualit� dell'Aria della Provincia di Lecco,NET.IT107A
IT1735A,VOGHERA - VIA POZZONI,45.00028,9.00944,90.0,Italy,Via Pozzoni - Voghera (PV),urban-centre,background,UTC+01,27/07/2005 23:00:00,,Rete di Rilevamento della Qualit� dell'Aria della Provincia di Pavia,NET.IT100A
IT1736A,CORNALE,45.04083,8.915,74.0,Italy,via Libert� co cimitero comunale - Cornale (PV),rural,background,UTC+01,27/07/2005 23:00:00,,Rete di Rilevamento della Qualit� dell'Aria della Provincia di Pavia,NET.IT100A
IT1737A,BRESCIA VILLAGGIO SERENO,45.51528,10.21944,70.0,Italy,Traversa IV - Brescia (BS),urban-centre,background,UTC+01,01/01/2006 00:00:00,,Rete di Rilevamento della Qualit� dell'Aria della Provincia di Brescia,NET.IT092A
IT1740A,San Nicola di Melfi,41.06705,15.72275,187.0,Italy,Zona Industriale - Melfi (PZ),rural,industrial,UTC+01,08/03/2006 00:00:00,,MONITORING NETWORK OF REGIONE BASILICATA,NET.IT133A
IT1741A,Ferrandina,40.48585,16.49621,63.0,Italy,Zona Industriale - Ferrandina (MT),rural,industrial,UTC+01,14/04/2006 23:00:00,,MONITORING NETWORK OF REGIONE BASILICATA,NET.IT133A
IT1742A,Viggiano,40.31407,15.90458,604.0,Italy,C.da Guardemauro - Viggiano (PZ),rural,industrial,UTC+01,06/03/2006 00:00:00,,MONITORING NETWORK OF REGIONE BASILICATA,NET.IT133A
IT1743A,MONZA - VIA  MACHIAVELLI,45.58111,9.27444,162.0,Italy,via MACHIAVELLI - Monza (MB),urban-centre,background,UTC+01,10/02/2011 00:00:00,,Rete di Rilevamento della Qualit� dell'Aria della Provincia di Milano,NET.IT082A
IT1744A,La Martella,40.68665,16.54715,245.0,Italy,Zona Industriale La Martella - Matera (MT),urban-periphery,industrial,UTC+01,29/05/2006 23:00:00,,MONITORING NETWORK OF REGIONE BASILICATA,NET.IT133A
IT1746A,FERRERA ERBOGNONE - Eni,45.11444,8.875,88.0,Italy,via Vigne - Circonvallazione sud - Ferrera Erbognone (PV),rural,industrial,UTC+01,20/01/2006 00:00:00,,Rete di Rilevamento della Qualit� dell'Aria della Provincia di Pavia,NET.IT100A
IT1751A,SARISSOLA - BUSALLA,44.57402,8.95104,400.0,Italy,VIA MACCIO - BUSALLA (GE),urban-periphery,industrial,UTC+01,01/01/2006 00:00:00,,PROVINCIA DI GENOVA,NET.IT101A
IT1753A,CAMPOBASSO1,41.55778,14.66333,686.0,Italy,P.ZZA CUOCO - Campobasso (CB),urban-centre,traffic,UTC+01,01/02/2006 00:00:00,,ARPA MOLISE,NET.IT232A
IT1766A,Firmo,39.71376,16.19397,325.0,Italy,Contrada Cerzitello - Firmo (CS),unknown,industrial,UTC+01,01/01/2004 00:00:00,,EDISON,NET.IT245A
IT1771A,PARCO FERRARI,44.65061,10.90633,34.0,Italy,PARCO FERRARI - Modena (MO),urban-centre,background,UTC+01,22/06/2006 23:00:00,,RETE REGIONALE DI QUALITÀ DELL'ARIA DELLA REGIONE EMILIA-ROMAGNA,NET.IT255A
IT1773A,Genga -Parco Gola della Rossa,43.46806,12.95222,550.0,Italy,Piani di Rocchetta - Genga (AN),rural-regional,background,UTC+01,30/09/2006 23:00:00,,RETE REGIONALE QUALIT� ARIA AMBIENTE,NET.IT282A
IT1788A,Ivrea - Liberazione,45.4512,7.878,240.0,Italy,"Viale della Liberazione, 1",urban-periphery,background,UTC+01,07/11/2006 00:00:00,,PIEMONTE - SISTEMA REGIONALE DI RILEVAMENTO DELLA QUALITA' DELL'ARIA,NET.IT224A
IT1790A,PIEVE D'ALPAGO,46.1625,12.36083,615.0,Italy,"località Villa, via 1 maggio",rural,background,UTC+01,01/02/2012 01:00:00,,RETE REGIONALE QUALITA' ARIA DEL VENETO,NET.IT281A
IT1791A,ASIAGO - CIMA EKAR,45.84833,11.56917,1366.0,Italy,Cima Ekar,rural,background,UTC+01,18/07/2006 01:00:00,,RETE REGIONALE QUALITA' ARIA DEL VENETO,NET.IT281A
IT1792A,CASSANO VIA MILANO,45.52806,9.50333,133.0,Italy,VIA MILANO - Cassano d'Adda (MI),urban-centre,traffic,UTC+01,21/04/2006 23:00:00,,Rete di Rilevamento della Qualit� dell'Aria della Provincia di Milano,NET.IT082A
IT1794A,Pace del Mela,38.20556,15.31006,10.0,Italy,"Pace del Mela, Frazione Giammoro, c.da Gabbia c/o Scuola ",urban-centre,background,UTC+01,18/01/2005 00:00:00,,RETE REGIONALE DI RILEVAMENTO DELLA QUALITA' DELL'ARIA DI ARPA SICILIA,NET.IT250A
IT1795A,Macerata COLLEVARIO,43.285,13.42861,225.0,Italy,Via G. Verga - Macerata (MC),urban-periphery,background,UTC+01,20/02/2006 00:00:00,,RETE REGIONALE QUALIT� ARIA AMBIENTE,NET.IT282A
IT1798A,CAMPOBASSO3,41.55417,14.67472,650.0,Italy,VIA LOMBARDIA - Campobasso (CB),urban-centre,background,UTC+01,29/11/2007 00:00:00,,ARPA MOLISE,NET.IT232A
IT1800A,TERMOLI1,42.00111,14.99361,24.0,Italy,P.ZZA GARIBALDI - Termoli (CB),urban-centre,traffic,UTC+01,01/02/2006 00:00:00,,ARPA MOLISE,NET.IT232A
IT1802A,ISERNIA1,41.59722,14.23361,472.0,Italy,P.ZZA PUCCINI - Isernia (IS),urban-centre,traffic,UTC+01,01/02/2006 00:00:00,,ARPA MOLISE,NET.IT232A
IT1804A,VENAFRO1,41.48417,14.04722,182.0,Italy,VIA COLONIA GIULIA - Venafro (IS),urban-centre,traffic,UTC+01,01/02/2006 00:00:00,,ARPA MOLISE,NET.IT232A
IT1806A,GUARDIAREGIA,41.41889,14.52556,884.0,Italy,LOC. ARCICHIARO (DIGA) - Guardiaregia (CB),rural,background,UTC+01,01/02/2006 00:00:00,,ARPA MOLISE,NET.IT232A
IT1812A,MOGGIO,45.91306,9.49694,1192.0,Italy,Localit� Penscei - Moggio (LC),rural,background,UTC+01,23/02/2023 11:00:00,,Rete di Rilevamento della Qualit� dell'Aria della Provincia di Lecco,NET.IT107A
IT1817A,MONOPOLI,40.95667,17.29028,10.0,Italy,viale Aldo Moro,urban-periphery,traffic,UTC+01,01/07/2009 00:00:00,,PROVINCIA DI BARI,NET.IT247A
IT1819A,MS-COLOMBAROTTO,44.07833,10.09722,98.0,Italy,PIAZZA 2 GIUGNO - Carrara (MS),urban-centre,background,UTC+01,31/05/2007 23:00:00,,RETE REGIONALE QUALITA' DELL'ARIA DELLA TOSCANA,NET.IT279A
IT1822A,ANDRIA,41.23167,16.29167,10.0,Italy,via vaccina,urban-centre,traffic,UTC+01,01/07/2009 00:00:00,,PROVINCIA DI BARI,NET.IT247A
IT1826A,LECCO VIA SORA,45.84944,9.39583,267.0,Italy,VIA SORA - Lecco (LC),urban-centre,background,UTC+01,15/07/2007 23:00:00,,Rete di Rilevamento della Qualit� dell'Aria della Provincia di Lecco,NET.IT107A
IT1827A,Ancona Cittadella,43.61167,13.50861,100.0,Italy,Parco Cittadella - Ancona (AN),urban-centre,background,UTC+01,01/01/2007 00:00:00,,RETE REGIONALE QUALIT� ARIA AMBIENTE,NET.IT282A
IT1830A,Alessandria - Volta,44.9203,8.6232,91.0,Italy,"via Spalto Marengo, 38",urban-centre,background,UTC+01,01/01/2006 00:00:00,,PIEMONTE - SISTEMA REGIONALE DI RILEVAMENTO DELLA QUALITA' DELL'ARIA,NET.IT224A
IT1833A,CHIAMPO,45.53636,11.29328,200.0,Italy,Via dei Laghi,urban-centre,industrial,UTC+01,01/01/2007 01:00:00,,RETE REGIONALE QUALITA' ARIA DEL VENETO,NET.IT281A
IT1834A,TIBURTINA,41.91027,12.54885,26.0,Italy,"VIA TIBURTINA, ADIACENTE CIVICO 654 - Roma (RM)",urban-centre,traffic,UTC+01,06/12/2006 00:00:00,,Regione Lazio,NET.IT112A
IT1836A,CIPRO,41.90636,12.44759,24.0,Italy,"VIA DELLA MELORIA, FRONTE CIVICO 27 - Roma (RM)",urban-centre,background,UTC+01,17/12/2006 00:00:00,,Regione Lazio,NET.IT112A
IT1837A,FERMI,41.86399,12.46957,17.0,Italy,"P.ZZA E. FERMI, FRONTE CIVICO16 - Roma (RM)",urban-centre,traffic,UTC+01,17/12/2006 00:00:00,,Regione Lazio,NET.IT112A
IT1838A,VI - San Felice,45.54583,11.53417,35.0,Italy,Corso San Felice - Vicenza,urban-centre,traffic,UTC+01,01/01/2010 01:00:00,,RETE REGIONALE QUALITA' ARIA DEL VENETO,NET.IT281A
IT1841A,CIAMPINO,41.79788,12.60703,134.0,Italy,Via mura dei francesi fronte ingresso parco Aldo Moro - Ciampino (RM),urban-centre,traffic,UTC+01,04/12/2006 00:00:00,,Regione Lazio,NET.IT112A
IT1843A,MONTICELLI,42.84861,13.61944,150.0,Italy,Quartiere Monticelli - Zona Velodromo - Ascoli Piceno (AP),urban-centre,background,UTC+01,01/01/2006 00:00:00,,RETE REGIONALE QUALIT� ARIA AMBIENTE,NET.IT282A
IT1847A,Oulx - Roma,45.0348,6.8359,1077.0,Italy,Via Roma angolo via Des Moines,urban-periphery,traffic,UTC+01,22/03/2006 00:00:00,,PIEMONTE - SISTEMA REGIONALE DI RILEVAMENTO DELLA QUALITA' DELL'ARIA,NET.IT224A
IT1848A,BOSCOCHIESANUOVA,45.59,11.03778,824.0,Italy,Loc. Zambelli,rural,background,UTC+01,15/01/2007 01:00:00,,RETE REGIONALE QUALITA' ARIA DEL VENETO,NET.IT281A
IT1856A,AQ - Amiternum,42.36417,13.38306,673.0,Italy,Via Amiternum - L'Aquila (AQ),urban-centre,background,UTC+01,01/01/2013 00:00:00,,RETE DI RILEVAMENTO DELLA QUALITA' DELL'ARIA DELLA CITTA' DI L'AQUILA,NET.IT249A
IT1857A,TE - Porta Madonna,42.65722,13.70944,257.0,Italy,Viale Crispi - Teramo (TE),urban-centre,traffic,UTC+01,30/06/2015 23:00:00,,RETE DI RILEVAMENTO DELLA QUALITA' DELL'ARIA DELLA CITTA' DI TERAMO,NET.IT248A
IT1859A,TRENTO VBZ,46.10434,11.11023,197.0,Italy,Via Bolzano - Trento (TN),urban-centre,traffic,UTC+01,17/11/2007 00:00:00,,TRENTINO URBAN AND REGION NETWORK,NET.IT090A
IT1860A,Piazza Vittoria,42.73972,12.73722,319.0,Italy,Piazza Vittoria - Spoleto (PG),urban-centre,background,UTC+01,19/06/2012 23:00:00,,RETE REGIONALE UMBRIA,NET.IT252A
IT1863A,VASTOGIRARDI,41.75944,14.20889,954.0,Italy,FORESTA MAB MONTE DI MEZZO - Vastogirardi (IS),rural,background,UTC+01,01/01/2007 00:00:00,,ARPA MOLISE,NET.IT232A
IT1865A,SCHIVENOGLIA,44.99694,11.07083,16.0,Italy,lott.ne artigianale - Schivenoglia (MN),rural,background,UTC+01,30/11/2006 00:00:00,,Rete di Rilevamento della Qualit� dell'Aria della Provincia di Mantova,NET.IT099A
IT1868A,MANTOVA SANT'AGNESE,45.16056,10.79556,22.0,Italy,Vicolo Sant'Agnese - Mantova (MN),urban-centre,background,UTC+01,27/12/2004 00:00:00,,Rete di Rilevamento della Qualit� dell'Aria della Provincia di Mantova,NET.IT099A
IT1869A,MANTOVA - piazza GRAMSCI,45.16444,10.78194,19.0,Italy,P.zzale Gramsci - Mantova (MN),urban-centre,traffic,UTC+01,28/10/2006 23:00:00,,Rete di Rilevamento della Qualit� dell'Aria della Provincia di Mantova,NET.IT099A
IT1870A,PARCO COLLI EUGANEI,45.29,11.64306,18.0,Italy,Via Roma,rural,background,UTC+01,24/01/2008 01:00:00,,RETE REGIONALE QUALITA' ARIA DEL VENETO,NET.IT281A
IT1874A,PARONA,45.28111,8.75472,6.0,Italy,Via della Miseria 3 - Parona (PV),urban-centre,industrial,UTC+01,07/08/2007 23:00:00,,Rete di Rilevamento della Qualit� dell'Aria della Provincia di Pavia,NET.IT100A
IT1876A,CALUSCO,45.68333,9.46667,273.0,Italy,Via caduti sul lavoro - Calusco d'Adda (BG),urban-periphery,background,UTC+01,29/06/2006 23:00:00,,Rete di Rilevamento della Qualit� dell'Aria della Provincia di Bergamo,NET.IT091A
IT1877A,Torino - Rubino,45.0419,7.6259,260.0,Italy,via Edoardo Rubino c/o giardini Rubino,urban-centre,background,UTC+01,19/01/2010 00:00:00,,PIEMONTE - SISTEMA REGIONALE DI RILEVAMENTO DELLA QUALITA' DELL'ARIA,NET.IT224A
IT1878A,Vercelli - CONI,45.3189,8.4024,131.0,Italy,"via Donizetti, 15 c/o campo CONI",urban-periphery,background,UTC+01,02/02/2007 00:00:00,,PIEMONTE - SISTEMA REGIONALE DI RILEVAMENTO DELLA QUALITA' DELL'ARIA,NET.IT224A
IT1880A,PD - Arcella,45.43333,11.89056,11.0,Italy,Via Guido Reni,urban-centre,traffic,UTC+01,01/12/2007 01:00:00,,RETE REGIONALE QUALITA' ARIA DEL VENETO,NET.IT281A
IT1882A,PIAZZA BATTISTI - SANREMO,43.81413,7.77273,16.0,Italy,PIAZZA CESARE BATTISTI - SAN REMO (IM),urban-centre,traffic,UTC+01,01/01/2019 00:00:00,,PROVINCIA DI IMPERIA,NET.IT139A
IT1883A,VARALDO - SAVONA,44.31538,8.48542,55.0,Italy,VIA AMENDOLA 10 - SAVONA (SV),urban-centre,background,UTC+01,01/01/2007 00:00:00,,PROVINCIA DI SAVONA,NET.IT127A
IT1884A,CORSO BUENOS AIRES - GENOVA,44.40309,8.95013,7.0,Italy,C.SO BUENOS AIRES -P.ZZA PAOLO DA NOVI - GENOVA (GE),urban-centre,traffic,UTC+01,01/01/2007 00:00:00,,PROVINCIA DI GENOVA,NET.IT101A
IT1888A,Partinico,38.05016,13.11859,187.0,Italy,"Partinico, Piazza Vittorio Emanuele n.51",urban-centre,background,UTC+01,17/04/2008 23:00:00,,RETE REGIONALE DI RILEVAMENTO DELLA QUALITA' DELL'ARIA DI ARPA SICILIA,NET.IT250A
IT1889A,Termini Imerese,37.97791,13.68799,101.0,Italy,"Termini Imerese, Via Vito Jevolella n.2",urban-centre,background,UTC+01,17/04/2008 23:00:00,,RETE REGIONALE DI RILEVAMENTO DELLA QUALITA' DELL'ARIA DI ARPA SICILIA,NET.IT250A
IT1890A,Enna,37.56412,14.28146,925.0,Italy,"Enna, Via Valverde n.104",urban-centre,background,UTC+01,13/05/2008 23:00:00,,RETE REGIONALE DI RILEVAMENTO DELLA QUALITA' DELL'ARIA DI ARPA SICILIA,NET.IT250A
IT1894A,RIPATRANSONE,42.99222,13.78472,412.0,Italy,Contrada Petrella - Ripatransone (AP),rural-regional,background,UTC+01,19/03/2015 00:00:00,,RETE REGIONALE QUALIT� ARIA AMBIENTE,NET.IT282A
IT1895A,Pisticci,40.42038,16.54843,55.0,Italy,Pisticci Scalo - Pisticci (MT),rural,industrial,UTC+01,10/01/2007 00:00:00,,MONITORING NETWORK OF REGIONE BASILICATA,NET.IT133A
IT1897A,Lavello,41.046,15.78763,319.0,Italy,Via Lombardia - Lavello (PZ),urban-centre,industrial,UTC+01,01/01/2008 00:00:00,,MONITORING NETWORK OF REGIONE BASILICATA,NET.IT133A
IT1898A,Trapani,38.01237,12.54689,40.0,Italy,"Trapani, Viale Marche n.4 c/o Villa Comunale",urban-centre,background,UTC+01,15/09/2008 23:00:00,,RETE REGIONALE DI RILEVAMENTO DELLA QUALITA' DELL'ARIA DI ARPA SICILIA,NET.IT250A
IT1902A,BRUFA,43.06694,12.46806,209.0,Italy,LOCALITA' BRUFA - Torgiano (PG),rural,background,UTC+01,30/04/2008 23:00:00,,RETE REGIONALE UMBRIA,NET.IT252A
IT1903A,Asti - Baussano,44.8942,8.1975,119.0,Italy,c.so Don G. Minzoni c/o cortile Scuola Baussano,urban-centre,traffic,UTC+01,16/11/2009 00:00:00,,PIEMONTE - SISTEMA REGIONALE DI RILEVAMENTO DELLA QUALITA' DELL'ARIA,NET.IT224A
IT1904A,Dernice - Costa,44.7633,9.0524,620.0,Italy,Strada Comunale della Costa,rural,background,UTC+01,05/01/2009 00:00:00,,PIEMONTE - SISTEMA REGIONALE DI RILEVAMENTO DELLA QUALITA' DELL'ARIA,NET.IT224A
IT1905A,VI - Ferrovieri,45.53194,11.52194,33.0,Italy,Via Baracca,urban-centre,background,UTC+01,01/04/2008 01:00:00,,RETE REGIONALE QUALITA' ARIA DEL VENETO,NET.IT281A
IT1906A,ARENULA,41.89397,12.47539,17.0,Italy,Piazza Cairoli adiacente via dei Giubbonari - Roma (RM),urban-centre,background,UTC+01,03/02/2008 00:00:00,,Regione Lazio,NET.IT112A
IT1908A,SAVIGNANO,44.09583,12.4025,32.0,Italy,Via Donati 2 - Savignano sul Rubicone (FC),urban-periphery,background,UTC+01,31/07/2008 23:00:00,,RETE REGIONALE DI QUALITÀ DELL'ARIA DELLA REGIONE EMILIA-ROMAGNA,NET.IT255A
IT1910A,SARAGAT,44.92611,10.37083,30.0,Italy,VIA SARAGAT - Colorno (PR),urban-periphery,background,UTC+01,04/03/2008 00:00:00,,RETE REGIONALE DI QUALITÀ DELL'ARIA DELLA REGIONE EMILIA-ROMAGNA,NET.IT255A
IT1911A,BADIA,44.6575,10.28889,202.0,Italy,"VIA DELLA BADIA, BADIA DI TORRECHIARA - Langhirano (PR)",rural,background,UTC+01,02/02/2008 00:00:00,,RETE REGIONALE DI QUALITÀ DELL'ARIA DELLA REGIONE EMILIA-ROMAGNA,NET.IT255A
IT1914A,SAN ROCCO,44.87306,10.66389,22.0,Italy,Via della Madonnina - Guastalla (RE),rural,background,UTC+01,30/04/2008 23:00:00,,RETE REGIONALE DI QUALITÀ DELL'ARIA DELLA REGIONE EMILIA-ROMAGNA,NET.IT255A
IT1915A,SAN CLEMENTE,43.93278,12.6275,165.0,Italy,Via Moretti - San Clemente (RN),rural,background,UTC+01,29/01/2008 00:00:00,,RETE REGIONALE DI QUALITÀ DELL'ARIA DELLA REGIONE EMILIA-ROMAGNA,NET.IT255A
IT1916A,VERUCCHIO,44.01306,12.42,78.0,Italy,Parco del Marecchia - Verucchio (RN),urban-periphery,background,UTC+01,22/09/2008 23:00:00,,RETE REGIONALE DI QUALITÀ DELL'ARIA DELLA REGIONE EMILIA-ROMAGNA,NET.IT255A
IT1917A,CENTO,44.73833,11.29972,16.0,Italy,Via Parco del Reno - Cento (FE),urban-periphery,background,UTC+01,01/01/2008 00:00:00,,RETE REGIONALE DI QUALITÀ DELL'ARIA DELLA REGIONE EMILIA-ROMAGNA,NET.IT255A
IT1918A,VILLA FULVIA,44.825,11.64972,9.0,Italy,Via Mandriole - Ferrara (FE),urban-centre,background,UTC+01,17/09/2008 23:00:00,,RETE REGIONALE DI QUALITÀ DELL'ARIA DELLA REGIONE EMILIA-ROMAGNA,NET.IT255A
IT1919A,OSTELLATO,44.74167,11.94222,0.0,Italy,Strada Mezzano - Ostellato (FE),rural,background,UTC+01,17/12/2008 00:00:00,,RETE REGIONALE DI QUALITÀ DELL'ARIA DELLA REGIONE EMILIA-ROMAGNA,NET.IT255A
IT1921A,GAVELLO,44.92784,11.17795,4.0,Italy,VIA I.GAZZI LOC GAVELLLO - Mirandola (MO),rural,background,UTC+01,01/07/2008 23:00:00,,RETE REGIONALE DI QUALITÀ DELL'ARIA DELLA REGIONE EMILIA-ROMAGNA,NET.IT255A
IT1923A,GIORDANI FARNESE,45.04889,9.69333,61.0,Italy,"VIA GIORDANI, 11 - Piacenza (PC)",urban-centre,traffic,UTC+01,01/02/2006 00:00:00,,RETE REGIONALE DI QUALITÀ DELL'ARIA DELLA REGIONE EMILIA-ROMAGNA,NET.IT255A
IT1924A,BESENZONE,44.98944,10.01917,48.0,Italy,VIA PAVESA BERSANO DI BESENZONE - Besenzone (PC),rural,background,UTC+01,10/01/2008 00:00:00,,RETE REGIONALE DI QUALITÀ DELL'ARIA DELLA REGIONE EMILIA-ROMAGNA,NET.IT255A
IT1927A,BALLIRANA,44.52649,11.98138,1.0,Italy,VIA CANAL FUSIGNANO - Alfonsine (RA),rural,background,UTC+01,20/07/2008 23:00:00,,RETE REGIONALE DI QUALITÀ DELL'ARIA DELLA REGIONE EMILIA-ROMAGNA,NET.IT255A
IT1928A,DELTA CERVIA,44.28389,12.33222,0.0,Italy,"VIA JELENIA GORA, 6 - Cervia (RA)",urban-periphery,background,UTC+01,25/02/2009 00:00:00,,RETE REGIONALE DI QUALITÀ DELL'ARIA DELLA REGIONE EMILIA-ROMAGNA,NET.IT255A
IT1930A,PIANA ROTALIANA,46.19684,11.11343,227.0,Italy,Sette Pergole - Mezzolombardo (TN),rural,background,UTC+01,03/06/2008 23:00:00,,TRENTINO URBAN AND REGION NETWORK,NET.IT090A
IT1931A,AVIO A22,45.74216,10.97044,131.0,Italy,LOCALITA' ISCHIAFORANA - Avio (TN),urban-periphery,traffic,UTC+01,17/06/2008 23:00:00,,TRENTINO URBAN AND REGION NETWORK,NET.IT090A
IT1932A,GARIGLIANO,40.36444,18.17306,58.0,Italy,Via Garigliano,urban-centre,traffic,UTC+01,01/01/2008 00:00:00,,COMUNE DI LECCE,NET.IT229A
IT1934A,VE - Via Beccaria,45.47556,12.22083,2.0,Italy,Via Beccaria,urban-centre,traffic,UTC+01,01/01/2014 01:00:00,,RETE REGIONALE QUALITA' ARIA DEL VENETO,NET.IT281A
IT1936A,VE - Malcontenta,45.43833,12.20556,1.0,Italy,Via Lago di Garda,urban-periphery,industrial,UTC+01,14/10/2008 01:00:00,,RETE REGIONALE QUALITA' ARIA DEL VENETO,NET.IT281A
IT1938A,Città dei ragazzi,39.3134,16.24517,230.0,Italy,Via Panebianco - Cosenza (CS),urban-centre,background,UTC+01,01/03/2009 00:00:00,,ARPACAL,NET.IT253A
IT1940A,Locri,38.22976,16.25518,11.0,Italy,"C/o Scuola Primaria C. Scarfò. C.da Riposo,Via Matteotti N. 157 - Locri (RC)",urban-centre,background,UTC+01,01/03/2009 00:00:00,,ARPACAL,NET.IT253A
IT1942A,GR-MAREMMA,42.67056,11.09417,40.0,Italy,LOC. ALBERESE - Grosseto (GR),rural,background,UTC+01,01/01/2010 00:00:00,,RETE REGIONALE QUALITA' DELL'ARIA DELLA TOSCANA,NET.IT279A
IT1947A,CENSA3,39.06667,9.00889,56.0,Italy,VIA ROSSINI - Sarroch (CA),urban-centre,background,UTC+01,13/07/2009 23:00:00,,RETE MONITORAGGIO ARIA REGIONE SARDEGNA,NET.IT280A
IT1948A,Vinchio - San Michele,44.808,8.3103,258.0,Italy,via San Michele c/o cimitero,rural,background,UTC+01,30/01/2009 00:00:00,,PIEMONTE - SISTEMA REGIONALE DI RILEVAMENTO DELLA QUALITA' DELL'ARIA,NET.IT224A
IT1953A,La Porta,40.16805,18.17361,50.0,Italy,VIA LA PORTA,urban-periphery,industrial,UTC+01,01/01/2009 00:00:00,,PROVINCIA DI LECCE,NET.IT237A
IT1961A,Baceno - Alpe Devero,46.3148,8.2559,1639.0,Italy,Ai Ponti s.n.c. - fraz. Alpe Devero,rural,background,UTC+01,10/05/2011 00:00:00,,PIEMONTE - SISTEMA REGIONALE DI RILEVAMENTO DELLA QUALITA' DELL'ARIA,NET.IT224A
IT1962A,VENAFRO2,41.47889,14.03333,170.0,Italy,Via Campania - Venafro (IS),urban-centre,traffic,UTC+01,01/01/2024 00:00:00,,ARPA MOLISE,NET.IT232A
IT1963A,Ceresole Reale - Diga,45.4302,7.2454,1576.0,Italy,presso la diga di Ceresole Reale (TO),rural,background,UTC+01,15/01/2009 00:00:00,,PIEMONTE - SISTEMA REGIONALE DI RILEVAMENTO DELLA QUALITA' DELL'ARIA,NET.IT224A
IT1964A,BERTONICO,45.235,9.66694,63.0,Italy,Via Aldo Moro - Bertonico (LO),rural,background,UTC+01,14/03/2009 00:00:00,,Rete di Rilevamento della Qualit� dell'Aria della Provincia di Lodi,NET.IT158A
IT1965A,LODI S.ALBERTO,45.30279,9.49529,76.0,Italy,via vittime della violenza - Lodi (LO),urban-centre,background,UTC+01,14/03/2009 00:00:00,,Rete di Rilevamento della Qualit� dell'Aria della Provincia di Lodi,NET.IT158A
IT1967A,SONDRIO - VIA PARIBELLI,46.16861,9.88028,290.0,Italy,Via Paribelli - Sondrio (SO),urban-centre,background,UTC+01,01/01/2009 00:00:00,,Rete di Rilevamento della Qualit� dell'Aria della Provincia di Sondrio,NET.IT114A
IT1975A,PARCO MONTECUCCO,45.03833,9.66917,61.0,Italy,VIA R. DE LONGE - Piacenza (PC),urban-centre,background,UTC+01,30/07/2009 23:00:00,,RETE REGIONALE DI QUALITÀ DELL'ARIA DELLA REGIONE EMILIA-ROMAGNA,NET.IT255A
IT1977A,MONTESILVANO,42.5175,14.14833,5.0,Italy,C.so Umberto - Montesilvano (PE),urban-centre,traffic,UTC+01,14/06/2009 23:00:00,,RETE DI RILEVAMENTO QUALITA' DELL'ARIA DISTRETTI CHIETI-PESCARA,NET.IT256A
IT1989A,Piazza Castello,38.10591,15.64524,40.0,Italy,PIAZZA CASTELLO - Reggio di Calabria (RC),urban-centre,traffic,UTC+01,31/08/2014 23:00:00,,RETE COMUNALE DI REGGIO CALABRIA,NET.IT258A
IT1993A,CENMO1,39.26056,9.13639,15.0,Italy,via Sant'Angelo - Monserrato (CA),urban-centre,background,UTC+01,23/05/2010 23:00:00,,RETE MONITORAGGIO ARIA REGIONE SARDEGNA,NET.IT280A
IT1996A,CENMA1,40.25639,8.77306,532.0,Italy,via Caria - Macomer (NU),unknown,background,UTC+01,29/04/2010 23:00:00,,RETE MONITORAGGIO ARIA REGIONE SARDEGNA,NET.IT280A
IT1997A,Milazzo - Termica,38.19061,15.24911,28.0,Italy,"Milazzo, Via Carrubbaro n.2-18",urban-periphery,background,UTC+01,01/01/2009 00:00:00,,RETE REGIONALE DI RILEVAMENTO DELLA QUALITA' DELL'ARIA DI ARPA SICILIA,NET.IT250A
IT2001A,Bra - Madonna Fiori,44.7061,7.8431,283.0,Italy,"viale Madonna dei Fiori,55",urban-centre,traffic,UTC+01,24/07/2019 00:00:00,,PIEMONTE - SISTEMA REGIONALE DI RILEVAMENTO DELLA QUALITA' DELL'ARIA,NET.IT224A
IT2003A,stadio casardi,41.31667,16.28611,15.0,Italy,via casardi,urban-centre,background,UTC+01,01/01/2014 00:00:00,,COMUNE DI BARLETTA,NET.IT259A
IT2004A,FONTIVEGGE1,43.10444,12.37472,305.0,Italy,Stazione Minimetrò - Perugia (PG),urban-centre,traffic,UTC+01,26/02/2010 00:00:00,,RETE REGIONALE UMBRIA,NET.IT252A
IT2005A,CEOLB1,40.9275,9.49167,17.0,Italy,OLBIA - PARCO OLBIA - VICINO VIA FAUSTO NOCE - Olbia (OT),urban-periphery,background,UTC+01,13/10/2010 23:00:00,,RETE MONITORAGGIO ARIA REGIONE SARDEGNA,NET.IT280A
IT2006A,CENCB2,39.16556,8.52139,96.0,Italy,CARBONIA  - VIA BRIGATA SASSARI - Carbonia (CI),urban-periphery,background,UTC+01,30/10/2010 23:00:00,,RETE MONITORAGGIO ARIA REGIONE SARDEGNA,NET.IT280A
IT2008A,CESGI1,39.88528,8.60528,4.0,Italy,via Pauli Figu S.GIUSTA - Santa Giusta (OR),urban-centre,background,UTC+01,17/02/2011 00:00:00,,RETE MONITORAGGIO ARIA REGIONE SARDEGNA,NET.IT280A
IT2009A,CENS16,40.72444,8.57611,275.0,Italy,VIA DE CAROLIS - SASSARI  (SS) - Sassari (SS),urban-centre,background,UTC+01,09/02/2011 00:00:00,,RETE MONITORAGGIO ARIA REGIONE SARDEGNA,NET.IT280A
IT2010A,CENPT1,40.83139,8.40528,16.0,Italy,via Pascoli PORTO TORRES (SS) - Porto Torres (SS),urban-centre,background,UTC+01,04/02/2011 00:00:00,,RETE MONITORAGGIO ARIA REGIONE SARDEGNA,NET.IT280A
IT2011A,CENSE0,39.8425,9.21639,736.0,Italy,Ente Foreste presso Complesso Forestale di Nusaunu -SEULO - Seulo (CA),rural-remote,background,UTC+01,05/04/2011 23:00:00,,RETE MONITORAGGIO ARIA REGIONE SARDEGNA,NET.IT280A
IT2012A,MALAGROTTA,41.87478,12.34559,62.0,Italy,VIA PAOLO EMILIO PAVOLINI 69/71 - Roma (RM),urban-periphery,background,UTC+01,02/10/2010 23:00:00,,Regione Lazio,NET.IT112A
IT2013A,FROSINONE MAZZINI,41.63961,13.34898,242.0,Italy,VIA MAZZINI - Frosinone (FR),urban-centre,background,UTC+01,28/12/2022 00:00:00,,Regione Lazio,NET.IT112A
IT2014A,PERLEDO,46.01583,9.28611,211.0,Italy,PIAZZA DELLA STAZIONE - Perledo (LC),rural,background,UTC+01,01/01/2011 00:00:00,,Rete di Rilevamento della Qualit� dell'Aria della Provincia di Lecco,NET.IT107A
IT2018A,Filzi,40.5275,17.5875,139.0,Italy,via Fabio Filzi,urban-periphery,traffic,UTC+01,01/01/2010 00:00:00,,PROVINCIA DI BRINDISI,NET.IT254A
IT2019A,Rosati,41.45389,15.54778,76.0,Italy,via Rosati 139,urban-centre,background,UTC+01,08/02/2011 00:00:00,,REGIONE PUGLIA,NET.IT223A
IT2021A,Massafra,40.59194,17.11583,118.0,Italy,via Frappietro,urban-centre,traffic,UTC+01,01/01/2014 00:00:00,,PROVINCIA DI TARANTO,NET.IT230A
IT2022A,PROPATA,44.56468,9.18487,965.0,Italy,PROPATA CAPOLUOGO - PROPATA (GE),rural-regional,background,UTC+01,30/09/2024 00:00:00,,PROVINCIA DI GENOVA,NET.IT101A
IT2023A,ACQUAPENDENTE,42.73657,11.87643,436.0,Italy,-9999 - Acquapendente (VT),rural,background,UTC+01,23/07/2010 23:00:00,,Regione Lazio,NET.IT112A
IT2026A,Polistena,38.39986,16.07022,224.0,Italy,Zona campo sportivo - Polistena (RC),urban-periphery,industrial,UTC+01,11/01/2007 00:00:00,,RIZZICONI ENERGIA S.P.A.,NET.IT260A
IT2027A,SAVIGNANO DI RIGO,43.9275,12.22472,615.0,Italy,VIA DEL CIMITERO - LOC. SAVIGNANO DI RIGO - Sogliano al Rubicone (FC),rural,background,UTC+01,20/04/2010 23:00:00,,RETE REGIONALE DI QUALITÀ DELL'ARIA DELLA REGIONE EMILIA-ROMAGNA,NET.IT255A
IT2028A,Villa Comunale,38.10495,15.63879,20.0,Italy,Villa Comunale - Reggio di Calabria (RC),urban-centre,background,UTC+01,31/08/2014 23:00:00,,RETE COMUNALE DI REGGIO CALABRIA,NET.IT258A
IT2029A,GIARDINI REGINA ELENA - SANREMO,43.82001,7.77434,80.0,Italy,GIARDINI REGINA ELENA - SAN REMO (IM),urban-centre,background,UTC+01,01/01/2011 00:00:00,,PROVINCIA DI IMPERIA,NET.IT139A
IT2030A,Gela - Ex Autoparco,37.05587,14.29714,9.0,Italy,"Gela, Strada Statale 115 Ex Autoparco Comunale s.n.",urban-periphery,background,UTC+01,01/01/2010 00:00:00,,RETE REGIONALE DI RILEVAMENTO DELLA QUALITA' DELL'ARIA DI ARPA SICILIA,NET.IT250A
IT2031A,Gioacchino da Fiore (via),39.06808,17.11417,37.0,Italy,Via Gioacchino da Fiore - Crotone (KR),urban-centre,background,UTC+01,14/12/2009 00:00:00,,ARPACAL,NET.IT253A
IT2032A,SI-POGGIBONSI,43.47278,11.14194,105.0,Italy,VIA DE AMICIS - Poggibonsi (SI),urban-centre,background,UTC+01,31/03/2022 23:00:00,,RETE REGIONALE QUALITA' DELL'ARIA DELLA TOSCANA,NET.IT279A
IT2033A,RG - Campo Atletica,36.91712,14.73402,501.0,Italy,"Ragusa, Largio Caduti sul Lavoro c/o Campo di Atletica Petrulli",urban-periphery,background,UTC+01,01/01/2011 00:00:00,,RETE REGIONALE DI RILEVAMENTO DELLA QUALITA' DELL'ARIA DI ARPA SICILIA,NET.IT250A
IT2039A,CAMPO SPORTIVO MACERA - RAPALLO,44.35173,9.22261,2.8,Italy,VIA DELLA LIBERTA' - RAPALLO (GE),urban-centre,traffic,UTC+01,01/01/2010 00:00:00,,PROVINCIA DI GENOVA,NET.IT101A
IT2040A,CENQU1,39.23278,9.18806,8.0,Italy,via Perdalonga - Quartu Sant'Elena (CA),urban-centre,background,UTC+01,18/05/2011 23:00:00,,RETE MONITORAGGIO ARIA REGIONE SARDEGNA,NET.IT280A
IT2044A,LIBERTINI,40.35194,18.17667,50.0,Italy,piazza libertini,urban-centre,traffic,UTC+01,01/01/2012 00:00:00,,COMUNE DI LECCE,NET.IT229A
IT2049A,CENAS9,39.28639,9.01139,5.0,Italy,"VIA SICILIA, ASSEMINI - Assemini (CA)",urban-centre,background,UTC+01,04/10/2011 23:00:00,,RETE MONITORAGGIO ARIA REGIONE SARDEGNA,NET.IT280A
IT2051A,Carbonara,41.07694,16.86583,130.0,Italy,via Francesco Pepe C/o CD 8 Giovanni Paolo  II,urban-periphery,background,UTC+01,06/10/2011 00:00:00,,COMUNE DI BARI,NET.IT218A
IT2052A,CT - Parco Gioeni,37.52926,15.08112,135.0,Italy,"Catania, Via Antonino Ferrarotto, 42-50",urban-centre,background,UTC+01,01/01/2013 00:00:00,,RETE REGIONALE DI RILEVAMENTO DELLA QUALITA' DELL'ARIA DI ARPA SICILIA,NET.IT250A
IT2056A,CENCA1,39.23583,9.115,33.0,Italy,via Cadello  CAGLIARI - Cagliari (CA),urban-centre,traffic,UTC+01,13/10/2011 23:00:00,,RETE MONITORAGGIO ARIA REGIONE SARDEGNA,NET.IT280A
IT2058A,CUS,41.1347,16.84526,5.0,Italy,LUNGOMARE STARITA,urban-periphery,background,UTC+01,01/01/2013 00:00:00,,COMUNE DI BARI,NET.IT218A
IT2059A,CEALG1,40.55333,8.32472,25.0,Italy,"VIA MATTEOTTI, ALGHERO (SS) - Alghero (SS)",urban-centre,background,UTC+01,01/02/2012 00:00:00,,RETE MONITORAGGIO ARIA REGIONE SARDEGNA,NET.IT280A
IT2061A,URBINO - LOC.PIANSEVERO - Via Neruda,43.73056,12.63639,380.0,Italy,Via Neruda - Loc.Piansevero - Urbino - Urbino (PU),urban-periphery,background,UTC+01,09/03/2012 00:00:00,,RETE REGIONALE QUALIT� ARIA AMBIENTE,NET.IT282A
IT2062A,DALMiNE - Via Verdi,45.64389,9.61472,207.0,Italy,Via Verdi - Dalmine (BG),urban-centre,background,UTC+01,11/02/2010 00:00:00,,Rete di Rilevamento della Qualit� dell'Aria della Provincia di Bergamo,NET.IT091A
IT2063A,SPINADESCO,45.14833,9.94028,48.0,Italy,"via Cesare Battisti, 1 - Spinadesco (CR)",rural,industrial,UTC+01,07/02/2011 00:00:00,,Rete di Rilevamento della Qualit� dell'Aria della Provincia di Cremona,NET.IT109A
IT2064A,Ghigiano,43.27389,12.61167,516.0,Italy,Loc Ghigiano - Gubbio (PG),urban-periphery,industrial,UTC+01,19/06/2009 23:00:00,,RETE REGIONALE UMBRIA,NET.IT252A
IT2066A,Leonardo da Vinci,43.35833,12.55722,475.0,Italy,Via Leonado da Vinci - Gubbio (PG),urban-periphery,industrial,UTC+01,19/06/2009 23:00:00,,RETE REGIONALE UMBRIA,NET.IT252A
IT2067A,Padule,43.31778,12.61861,498.0,Italy,Loc Padule - Gubbio (PG),urban-periphery,industrial,UTC+01,19/06/2009 23:00:00,,RETE REGIONALE UMBRIA,NET.IT252A
IT2068A,S. Martino in Trignano,42.74333,12.66639,318.0,Italy,Loc San Martino in Trignano - Spoleto (PG),urban-periphery,industrial,UTC+01,01/03/2011 00:00:00,,RETE REGIONALE UMBRIA,NET.IT252A
IT2070A,PD - Granze,45.3775,11.94,9.0,Italy,Camin - Via Borso,urban-centre,industrial,UTC+01,01/01/2011 01:00:00,,RETE REGIONALE QUALITA' ARIA DEL VENETO,NET.IT281A
IT2071A,ALTA PADOVANA,45.60028,11.90222,25.0,Italy,Loc. Fontanebianche,rural,background,UTC+01,01/01/2011 01:00:00,,RETE REGIONALE QUALITA' ARIA DEL VENETO,NET.IT281A
IT2072A,BADIA POLESINE,45.10389,11.55333,6.0,Italy,Loc. Villafora,rural,background,UTC+01,01/01/2011 01:00:00,,RETE REGIONALE QUALITA' ARIA DEL VENETO,NET.IT281A
IT2073A,PARCO EDILCARANI,44.53944,10.79139,118.0,Italy,"Parco Edilcarani, Sassuolo (MO) - Sassuolo (MO)",urban-centre,background,UTC+01,16/02/2010 00:00:00,,RETE REGIONALE DI QUALITÀ DELL'ARIA DELLA REGIONE EMILIA-ROMAGNA,NET.IT255A
IT2074A,CORTE BRUGNATELLA,44.73473,9.36693,765.0,Italy,Loc. Carana - Corte Brugnatella (PC) - Corte Brugnatella (PC),rural,background,UTC+01,19/05/2010 23:00:00,,RETE REGIONALE DI QUALITÀ DELL'ARIA DELLA REGIONE EMILIA-ROMAGNA,NET.IT255A
IT2075A,VIA CHIARINI,44.5,11.28611,56.0,Italy,"Via Chiarini, Bologna - Bologna (BO)",urban-periphery,background,UTC+01,21/12/2010 00:00:00,,RETE REGIONALE DI QUALITÀ DELL'ARIA DELLA REGIONE EMILIA-ROMAGNA,NET.IT255A
IT2078A,Pietropaolo,38.8705,16.66921,82.0,Italy,loc Pietropaolo c/o vasca di accumulo del Consorzio di Bonifica - Simeri Crichi (CZ),unknown,industrial,UTC+01,09/09/2007 23:00:00,,EDISON,NET.IT245A
IT2079A,VIGEVANO - VIA VALLETTA,45.30444,8.84583,109.0,Italy,Via Valletta Fogliano 70 - Vigevano (PV),urban-centre,background,UTC+01,06/08/2007 23:00:00,,Rete di Rilevamento della Qualit� dell'Aria della Provincia di Pavia,NET.IT100A
IT2086A,Università,39.33893,16.24334,223.0,Italy,Via Camillo Benso Conte di Cavour - Rende (CS),urban-centre,traffic,UTC+01,31/12/2014 00:00:00,,ARPACAL,NET.IT253A
IT2087A,Municipio,38.95955,16.29517,140.0,Italy,c/o Municipio - Lamezia Terme (CZ),urban-periphery,background,UTC+01,13/10/2014 23:00:00,,ARPACAL,NET.IT253A
IT2088A,Tribunale,39.07973,17.12285,15.0,Italy,Via Vittorio Veneto - Crotone (KR),urban-centre,traffic,UTC+01,31/12/2014 00:00:00,,ARPACAL,NET.IT253A
IT2089A,Parco della biodiversità mediterranea,38.91829,16.57925,370.0,Italy,Parco della biodiversità mediterranea - Catanzaro (CZ),urban-centre,background,UTC+01,13/10/2014 23:00:00,,ARPACAL,NET.IT253A
IT2091A,Santa Maria,38.86898,16.60832,87.0,Italy,Quartiere Santa Maria - Catanzaro (CZ),urban-centre,traffic,UTC+01,03/11/2014 00:00:00,,COMUNE DI CATANZARO,NET.IT266A
IT2092A,Via Argentaria,38.6758,16.09825,479.0,Italy,Via Argentaria - Vibo Valentia (VV),urban-centre,traffic,UTC+01,31/12/2014 00:00:00,,COMUNE DI VIBO VALENTIA,NET.IT267A
IT2093A,Parco Urbano,38.66458,16.08024,467.0,Italy,Via M. Durant - Parco Urbano - Vibo Valentia (VV),urban-centre,background,UTC+01,31/12/2014 00:00:00,,COMUNE DI VIBO VALENTIA,NET.IT267A
IT2094A,Mammola,38.39092,16.23452,660.0,Italy,Loc. Brancati Malconsiglio - Mammola (RC),rural-regional,background,UTC+01,10/09/2015 23:00:00,,ARPACAL,NET.IT253A
IT2095A,CREMONA GERRE BORGHI,45.10954,10.06924,36.0,Italy,via Gerre Borghi - Cremona (CR),rural,background,UTC+01,01/01/2012 00:00:00,,Rete di Rilevamento della Qualit� dell'Aria della Provincia di Cremona,NET.IT109A
IT2096A,BZ6 Bolzano,46.49917,11.34197,260.0,Italy,VIA AMBA ALAGI 5 - Bolzano (BZ),urban-centre,background,UTC+01,09/03/2012 00:00:00,,PROVINCIAL MONITORING NETWORK OF BOLZANO,NET.IT085A
IT2097A,CASTELLUCCIO,44.15,10.92611,811.0,Italy,Via Montecavallo - Porretta Terme (BO),rural,background,UTC+01,01/01/2012 00:00:00,,RETE REGIONALE DI QUALITÀ DELL'ARIA DELLA REGIONE EMILIA-ROMAGNA,NET.IT255A
IT2098A,MONZA PARCO,45.60222,9.27611,181.0,Italy,Via Mirabellino - Monza (MB),urban-periphery,background,UTC+01,08/02/2013 00:00:00,,Rete di Rilevamento della Qualit� dell'Aria della Provincia di Milano,NET.IT082A
IT2099A,M Martani,42.80472,12.56611,1038.0,Italy,Monti Martani - Giano dell'Umbria (PG),rural,background,UTC+01,01/01/2012 00:00:00,,RETE REGIONALE UMBRIA,NET.IT252A
IT2100A,Magione,43.13306,12.20583,242.0,Italy,Via della Libertà - Magione (PG),urban-periphery,background,UTC+01,01/01/2013 00:00:00,,RETE REGIONALE UMBRIA,NET.IT252A
IT2101A,Chieri - Bersezio,45.0028,7.8375,271.0,Italy,"c/o la Scuola Infanzia B.go Venezia, via Bersezio",urban-periphery,background,UTC+01,21/12/2011 00:00:00,,PIEMONTE - SISTEMA REGIONALE DI RILEVAMENTO DELLA QUALITA' DELL'ARIA,NET.IT224A
IT2104A,Trivero - Ronco,45.6642,8.1598,666.0,Italy,Plesso scolastico fraz. Ronco Trivero (BI),urban-periphery,background,UTC+01,14/12/2011 00:00:00,,PIEMONTE - SISTEMA REGIONALE DI RILEVAMENTO DELLA QUALITA' DELL'ARIA,NET.IT224A
IT2105A,C Castello,43.45694,12.24583,284.0,Italy,Via Luca della Robbia  - Città di Castello (PG),urban-centre,background,UTC+01,01/01/2013 00:00:00,,RETE REGIONALE UMBRIA,NET.IT252A
IT2107A,LOCALITA' MAZZUCCA - CAIRO MONTENOTTE,44.38325,8.2838,343.0,Italy,CORSO BRIGATE PARTIGIANE - CAIRO MONTENOTTE (SV),urban-periphery,industrial,UTC+01,01/01/2012 00:00:00,,PROVINCIA DI SAVONA,NET.IT127A
IT2108A,LOCALITA' BRAGNO - CAIRO MONTENOTTE,44.37494,8.29868,344.0,Italy,VIA SCAIOLA - CAIRO MONTENOTTE (SV),urban-periphery,industrial,UTC+01,01/01/2012 00:00:00,,PROVINCIA DI SAVONA,NET.IT127A
IT2110A,Acri,39.48963,16.3868,758.0,Italy,Viale Beato Angelo presso Belvedere di Acri - Acri (CS),urban-centre,background,UTC+01,15/12/2014 00:00:00,,ARPACAL,NET.IT253A
IT2111A,Martirano Lombardo,39.07497,16.23145,518.0,Italy,Via Brescia - Martirano Lombardo (CZ),urban-centre,traffic,UTC+01,13/10/2014 23:00:00,,ARPACAL,NET.IT253A
IT2112A,Rocca di Neto,39.18752,17.01034,71.0,Italy,﻿c/o istituto comprensivo - Rocca di Neto (KR),urban-periphery,background,UTC+01,13/10/2014 23:00:00,,ARPACAL,NET.IT253A
IT2114A,Semonte Alta,43.3675,12.54694,623.0,Italy,Località Semonte - Gubbio (PG),urban-periphery,industrial,UTC+01,06/02/2013 00:00:00,,RETE REGIONALE UMBRIA,NET.IT252A
IT2116A,Cigliano-Autostrada,45.2948,8.0434,211.0,Italy,ex casello Cigliano autostrada TO-MI Strada Provinciale 2,rural,traffic,UTC+01,24/05/2013 00:00:00,,PIEMONTE - SISTEMA REGIONALE DI RILEVAMENTO DELLA QUALITA' DELL'ARIA,NET.IT224A
IT2117A,Leinì (ACEA) - Grande Torino,45.1763,7.7116,246.0,Italy,"via delle vittime di Bologna, 12 - c/o Grande Torino",urban-periphery,background,UTC+01,27/07/2006 00:00:00,,PIEMONTE - SISTEMA REGIONALE DI RILEVAMENTO DELLA QUALITA' DELL'ARIA,NET.IT224A
IT2118A,Mondovì Aragno,44.4018,7.8146,409.0,Italy,via Borgo Aragno angolo via Torino,urban-centre,traffic,UTC+01,05/02/2014 00:00:00,,PIEMONTE - SISTEMA REGIONALE DI RILEVAMENTO DELLA QUALITA' DELL'ARIA,NET.IT224A
IT2119A,Revello - Staffarda,44.7197,7.4262,268.0,Italy,Via Cascinetta - localita' Staffarda,rural,background,UTC+01,12/12/2013 00:00:00,,PIEMONTE - SISTEMA REGIONALE DI RILEVAMENTO DELLA QUALITA' DELL'ARIA,NET.IT224A
IT2121A,Borgomanero - Molli,45.6894,8.4584,301.0,Italy,Angolo via Molli - Borgomanero (NO),urban-centre,traffic,UTC+01,28/06/2012 00:00:00,,PIEMONTE - SISTEMA REGIONALE DI RILEVAMENTO DELLA QUALITA' DELL'ARIA,NET.IT224A
IT2128A,Domodossola - Curotti,46.1276,8.2921,281.0,Italy,piazzale Curotti,urban-periphery,background,UTC+01,18/12/2013 00:00:00,,PIEMONTE - SISTEMA REGIONALE DI RILEVAMENTO DELLA QUALITA' DELL'ARIA,NET.IT224A
IT2129A,Monfalcone - via Natisone,45.80518,13.52205,5.0,Italy,via Natisone 4 - Monfalcone (GO),urban-centre,industrial,UTC+01,12/12/2013 00:00:00,,A2A,NET.IT268A
IT2130A,Doberd? d.L. - via Vallone,45.84299,13.54308,114.0,Italy,via Vallone 26 - Doberdo del Lago (GO),rural,industrial,UTC+01,19/12/2013 00:00:00,,A2A,NET.IT268A
IT2131A,Fossalon - via Eraclea,45.73162,13.48636,0.0,Italy,via Eraclea - Grado (GO),rural,background,UTC+01,16/12/2013 00:00:00,,A2A,NET.IT268A
IT2132A,Vermegliano - via Mostegane,45.83643,13.50112,10.0,Italy,"via delle Mostegane, Vermigliano - Ronchi dei Legionari (GO)",rural,background,UTC+01,18/12/2013 00:00:00,,A2A,NET.IT268A
IT2133A,Fiumicello - via Brancolo,45.79944,13.42333,4.0,Italy,"via Brancolo 79, Papariano - Fiumicello (UD)",rural,industrial,UTC+01,21/12/2013 00:00:00,,A2A,NET.IT268A
IT2134A,Narni Scalo,42.53417,12.52194,95.0,Italy,Loc Narni Scalo - Narni (TR),urban-periphery,background,UTC+01,05/02/2013 00:00:00,,RETE REGIONALE UMBRIA,NET.IT252A
IT2137A,PERRINO,40.63139,17.95472,20.0,Italy,rione perrino,urban-periphery,background,UTC+01,01/01/2014 00:00:00,,ENIPOWER,NET.IT269A
IT2139A,TERMINAL PASSEGGERI,40.64583,17.96055,20.0,Italy,terminal passeggeri,urban-periphery,industrial,UTC+01,01/01/2014 00:00:00,,ENEL_EDIPOWER,NET.IT270A
IT2141A,Posta del Principe,41.63083,15.38667,150.0,Italy,posta del principe,rural,background,UTC+01,01/01/2013 00:00:00,,ENPLUS-CTE-S.SEVERO-FG,NET.IT263A
IT2142A,Azienda Russo,41.54666,15.44083,150.0,Italy,azienda russo,rural,background,UTC+01,01/01/2013 00:00:00,,ENPLUS-CTE-S.SEVERO-FG,NET.IT263A
IT2143A,Monopoli Italgreen,40.96139,17.28417,15.0,Italy,Via Cosimo Pisonio,urban-periphery,traffic,UTC+01,01/01/2014 00:00:00,,ITALGREEN,NET.IT271A
IT2144A,EN02 - ass. ecologia,41.10778,16.76611,40.0,Italy,"viale delle magnolie, 6",urban-periphery,industrial,UTC+01,01/01/2010 00:00:00,,SORGENIA,NET.IT272A
IT2145A,EN03 - VIGILI URBANI,41.08722,16.78167,55.0,Italy,sede vigili urbani,urban-centre,industrial,UTC+01,01/01/2010 00:00:00,,SORGENIA,NET.IT272A
IT2146A,EN04 - SAN PAOLO,41.11444,16.78778,35.0,Italy,via alto adige,urban-periphery,industrial,UTC+01,01/01/2010 00:00:00,,SORGENIA,NET.IT272A
IT2148A,Ceglie Messapica,40.64917,17.5125,100.0,Italy,ceglie messapica,urban-periphery,background,UTC+01,01/04/2014 00:00:00,,ENEL BRINDISI,NET.IT273A
IT2149A,Cisternino,40.74278,17.41583,200.0,Italy,cisterinino,rural,background,UTC+01,01/04/2014 00:00:00,,ENEL BRINDISI,NET.IT273A
IT2150A,Surbo ENEL,40.40333,18.125,100.0,Italy,Via B. Croce,rural,background,UTC+01,01/01/2014 00:00:00,,ENEL BRINDISI,NET.IT273A
IT2151A,Torchiarolo ENEL,40.48944,18.04722,50.0,Italy,via fanin,urban-periphery,background,UTC+01,01/01/2014 00:00:00,,ENEL BRINDISI,NET.IT273A
IT2153A,FI-SIGNA,43.79306,11.09778,41.0,Italy,VIA MAESTRO DA SIGNA - Signa (FI),urban-centre,background,UTC+01,01/01/2014 00:00:00,,RETE REGIONALE QUALITA' DELL'ARIA DELLA TOSCANA,NET.IT279A
IT2156A,TIMAVO,44.70028,10.62278,59.0,Italy,VIALE TIMAVO - Reggio nell'Emilia (RE),urban-centre,traffic,UTC+01,01/01/2014 00:00:00,,RETE REGIONALE DI QUALITÀ DELL'ARIA DELLA REGIONE EMILIA-ROMAGNA,NET.IT255A
IT2158A,SAN LEO,43.90806,12.40167,540.0,Italy,CASTELLO DI MONTEMAGGIO C/O CIMITERO - San Leo (RN),rural,background,UTC+01,31/05/2014 23:00:00,,RETE REGIONALE DI QUALITÀ DELL'ARIA DELLA REGIONE EMILIA-ROMAGNA,NET.IT255A
IT2159A,San Gregorio,42.33,13.48944,584.0,Italy,loc. S. Gregorio - L'Aquila (AQ),urban-periphery,background,UTC+01,01/01/2017 00:00:00,,RETE DI RILEVAMENTO DELLA QUALITA' DELL'ARIA DELLA CITTA' DI L'AQUILA,NET.IT249A
IT2160A,Arischia,42.41278,13.35083,794.0,Italy,Campo Sportivo - L'Aquila (AQ),rural,background,UTC+01,01/01/2019 00:00:00,,RETE DI RILEVAMENTO DELLA QUALITA' DELL'ARIA DELLA CITTA' DI L'AQUILA,NET.IT249A
IT2161A,Castel di Sangro,41.77944,14.10361,803.0,Italy,Via  Sangro - Castel di Sangro (AQ),urban-periphery,background,UTC+01,01/01/2022 00:00:00,,RETE DI RILEVAMENTO DELLA QUALITA' DELL'ARIA DELLA CITTA' DI L'AQUILA,NET.IT249A
IT2162A,Gammarana,42.66556,13.72611,228.0,Italy,Via Gammarana - Teramo (TE),urban-centre,background,UTC+01,01/01/2017 00:00:00,,RETE DI RILEVAMENTO DELLA QUALITA' DELL'ARIA DELLA CITTA' DI TERAMO,NET.IT248A
IT2163A,Parco Nazionale Maiella,42.11944,14.02889,913.0,Italy,SS487 - Loc Orto Botanico - Sant'Eufemia a Maiella (PE),rural,background,UTC+01,01/01/2017 00:00:00,,RETE DI RILEVAMENTO QUALITA' DELL'ARIA DISTRETTI CHIETI-PESCARA,NET.IT256A
IT2164A,ASL CEPAGATTI,42.35806,14.06778,132.0,Italy,Via Piano Ripa - Cepagatti (PE),rural,background,UTC+01,01/01/2017 00:00:00,,RETE DI RILEVAMENTO QUALITA' DELL'ARIA DISTRETTI CHIETI-PESCARA,NET.IT256A
IT2165A,Villa Caldari,42.29306,14.35583,201.0,Italy,SS 538 - Ortona (CH),urban-periphery,background,UTC+01,01/01/2017 00:00:00,,RETE DI RILEVAMENTO QUALITA' DELL'ARIA DISTRETTI CHIETI-PESCARA,NET.IT256A
IT2166A,Scuola Antonelli,42.34611,14.13778,50.0,Italy,Via Feltrino - Chieti (CH),urban-centre,background,UTC+01,01/01/2017 00:00:00,,RETE DI RILEVAMENTO QUALITA' DELL'ARIA DISTRETTI CHIETI-PESCARA,NET.IT256A
IT2167A,Francavilla,42.42139,14.27917,6.0,Italy,SS 16 -loc Stadio - Francavilla al Mare (CH),urban-periphery,background,UTC+01,01/01/2017 00:00:00,,RETE DI RILEVAMENTO QUALITA' DELL'ARIA DISTRETTI CHIETI-PESCARA,NET.IT256A
IT2168A,Torino Lingotto,45.0249,7.6491,243.0,Italy,"Viale Augusto Monti, 21 zona Lingotto",urban-centre,background,UTC+01,22/07/2011 00:00:00,,PIEMONTE - SISTEMA REGIONALE DI RILEVAMENTO DELLA QUALITA' DELL'ARIA,NET.IT224A
IT2171A,Civitavecchia- via Roma,42.09413,11.79541,20.0,Italy,via Roma - Civitavecchia (RM),urban-centre,traffic,UTC+01,21/03/2013 00:00:00,,Regione Lazio,NET.IT112A
IT2172A,Civitavecchia- Villa Albani,42.0993,11.79834,33.0,Italy,via Pecorelli - Civitavecchia (RM),urban-centre,traffic,UTC+01,30/10/2012 00:00:00,,Regione Lazio,NET.IT112A
IT2173A,Gaeta Porto,41.22308,13.57049,3.0,Italy,lungomare Caboto - Gaeta (LT),urban-centre,background,UTC+01,06/10/2013 23:00:00,,Regione Lazio,NET.IT112A
IT2174A,Latina De Chirico,41.45113,12.89173,21.0,Italy,via De Chirico - Latina (LT),urban-centre,traffic,UTC+01,18/12/2013 00:00:00,,Regione Lazio,NET.IT112A
IT2175A,Civita Castellana via Petrarca,42.30181,12.4132,145.0,Italy,via Petrarca - Civita Castellana (VT),urban-centre,background,UTC+01,28/05/2014 23:00:00,,Regione Lazio,NET.IT112A
IT2177A,San Benedetto del Tronto,42.94444,13.87944,7.0,Italy,Via Asiago 106 - San Benedetto del Tronto (AP),urban-centre,traffic,UTC+01,30/04/2013 23:00:00,,RETE REGIONALE QUALIT� ARIA AMBIENTE,NET.IT282A
IT2183A,LI-LA-PIRA,43.5689,10.3327,8.0,Italy,via la Pira - Livorno (LI),urban-centre,background,UTC+01,25/09/2014 23:00:00,,RETE REGIONALE QUALITA' DELL'ARIA DELLA TOSCANA,NET.IT279A
IT2184A,SI-BRACCI,43.3378,11.325,316.0,Italy,Viale Bracci - Siena (SI),urban-centre,traffic,UTC+01,01/11/2014 00:00:00,,RETE REGIONALE QUALITA' DELL'ARIA DELLA TOSCANA,NET.IT279A
IT2198A,Fratte,40.70351,14.77793,72.0,Italy,Fratte - Salerno (SA),urban-periphery,traffic,UTC+01,22/05/2014 23:00:00,,MONITORAGGIO AMBIENTALE DELLA REGIONE CAMPANIA A CURA DELL'A.R.P.A.C.,NET.IT116A
IT2202A,GRUMENTO 3,40.28839,15.89143,735.0,Italy,C.da Carpineto Mancoso - Grumento Nova (PZ),urban-periphery,industrial,UTC+01,01/03/2013 00:00:00,,MONITORING NETWORK OF REGIONE BASILICATA,NET.IT133A
IT2203A,VIGGIANO 1,40.33486,15.9007,820.0,Italy,Contrada Santa Caterina - Viggiano (PZ),rural,industrial,UTC+01,01/03/2013 00:00:00,,MONITORING NETWORK OF REGIONE BASILICATA,NET.IT133A
IT2204A,VIGGIANO - MASSERIA DE BLASIIS,40.32423,15.86736,603.0,Italy,Masseria De Blasiis - Viggiano (PZ),rural,industrial,UTC+01,01/03/2013 00:00:00,,MONITORING NETWORK OF REGIONE BASILICATA,NET.IT133A
IT2205A,VIGGIANO - COSTA MOLINA SUD 1,40.31562,15.9548,690.0,Italy,Costa Molina Sud - Viggiano (PZ),rural,industrial,UTC+01,01/03/2013 00:00:00,,MONITORING NETWORK OF REGIONE BASILICATA,NET.IT133A
IT2206A,Gela - Biviere,37.02249,14.34497,0.0,Italy,"Gela, Strada Provinciale 51 c/o Riserva Biviere",unknown,background,UTC+01,01/02/2014 00:00:00,,RETE REGIONALE DI RILEVAMENTO DELLA QUALITA' DELL'ARIA DI ARPA SICILIA,NET.IT250A
IT2207A,Gela - Capo Soprano,37.07569,14.22384,0.0,Italy,"Gela, Via delle Ande c/o I.T.I. Morselli",urban-centre,background,UTC+01,01/02/2014 00:00:00,,RETE REGIONALE DI RILEVAMENTO DELLA QUALITA' DELL'ARIA DI ARPA SICILIA,NET.IT250A
IT2209A,PARCO BERTOZZI,44.28561,11.8734,35.0,Italy,Via Dino Campana - Faenza (RA),urban-centre,background,UTC+01,01/01/2016 00:00:00,,RETE REGIONALE DI QUALITÀ DELL'ARIA DELLA REGIONE EMILIA-ROMAGNA,NET.IT255A
IT2210A,Solofra Zona Industriale,40.83555,14.82459,303.0,Italy,trav. via De Maio - Solofra (AV),urban-periphery,industrial,UTC+01,01/01/2015 00:00:00,,MONITORAGGIO AMBIENTALE DELLA REGIONE CAMPANIA A CURA DELL'A.R.P.A.C.,NET.IT116A
IT2211A,Acerra Zona Industriale,40.97971,14.401,29.0,Italy,via dei Normanni 90 - Acerra (NA),urban-periphery,industrial,UTC+01,01/01/2015 00:00:00,,MONITORAGGIO AMBIENTALE DELLA REGIONE CAMPANIA A CURA DELL'A.R.P.A.C.,NET.IT116A
IT2212A,San Vitaliano Scuola Elementare Marconi,40.92431,14.48133,31.0,Italy,via Roma - San Vitaliano (NA),urban-centre,background,UTC+01,01/01/2015 00:00:00,,MONITORAGGIO AMBIENTALE DELLA REGIONE CAMPANIA A CURA DELL'A.R.P.A.C.,NET.IT116A
IT2213A,Cava de' Tirreni Stadio,40.71099,14.70244,191.0,Italy,via G. Palumbo - Cava de' Tirreni (SA),urban-periphery,background,UTC+01,01/01/2015 00:00:00,,MONITORAGGIO AMBIENTALE DELLA REGIONE CAMPANIA A CURA DELL'A.R.P.A.C.,NET.IT116A
IT2214A,Nocera Inferiore scuola Solimene,40.7404,14.64345,48.0,Italy,via F. Nola - Nocera Inferiore (SA),urban-centre,traffic,UTC+01,01/01/2015 00:00:00,,MONITORAGGIO AMBIENTALE DELLA REGIONE CAMPANIA A CURA DELL'A.R.P.A.C.,NET.IT116A
IT2215A,Benevento Zona Industriale,41.14691,14.83614,128.0,Italy,z.i. Ponte Valentino - Benevento (BN),urban-periphery,background,UTC+01,01/01/2015 00:00:00,,MONITORAGGIO AMBIENTALE DELLA REGIONE CAMPANIA A CURA DELL'A.R.P.A.C.,NET.IT116A
IT2216A,Casoria Scuola Palizzi (CAM),40.91463,14.29866,57.0,Italy,via Duca D'Aosta - Casoria (NA),urban-periphery,background,UTC+01,01/01/2015 00:00:00,,MONITORAGGIO AMBIENTALE DELLA REGIONE CAMPANIA A CURA DELL'A.R.P.A.C.,NET.IT116A
IT2217A,Torre Annunziata Scuola Media Pascoli,40.7606,14.43815,45.0,Italy,via Tagliamonte 18 - Torre Annunziata (NA),urban-periphery,background,UTC+01,01/01/2015 00:00:00,,MONITORAGGIO AMBIENTALE DELLA REGIONE CAMPANIA A CURA DELL'A.R.P.A.C.,NET.IT116A
IT2218A,San Felice a Cancello Complesso scolastico,40.99052,14.42397,39.0,Italy,via Polvica - San Felice a Cancello (CE),urban-periphery,traffic,UTC+01,01/01/2015 00:00:00,,MONITORAGGIO AMBIENTALE DELLA REGIONE CAMPANIA A CURA DELL'A.R.P.A.C.,NET.IT116A
IT2219A,Acerra scuola Caporale,40.94108,14.36981,27.0,Italy,via Carlo Petrella - Acerra (NA),urban-centre,traffic,UTC+01,01/01/2015 00:00:00,,MONITORAGGIO AMBIENTALE DELLA REGIONE CAMPANIA A CURA DELL'A.R.P.A.C.,NET.IT116A
IT2220A,Pignataro,41.16857,14.15079,45.0,Italy,ss7 Appia - Pignataro Maggiore (CE),urban-periphery,industrial,UTC+01,01/01/2015 00:00:00,,MONITORAGGIO AMBIENTALE DELLA REGIONE CAMPANIA A CURA DELL'A.R.P.A.C.,NET.IT116A
IT2221A,Tirrenopower Via Epomeo,40.84495,14.20567,83.0,Italy,via Epomeo - Napoli (NA),urban-centre,industrial,UTC+01,01/01/2015 00:00:00,,MONITORAGGIO AMBIENTALE DELLA REGIONE CAMPANIA A CURA DELL'A.R.P.A.C.,NET.IT116A
IT2222A,Sparanise,41.18529,14.09215,59.0,Italy,trav. via Posta Vecchia - Sparanise (CE),urban-periphery,industrial,UTC+01,01/01/2015 00:00:00,,MONITORAGGIO AMBIENTALE DELLA REGIONE CAMPANIA A CURA DELL'A.R.P.A.C.,NET.IT116A
IT2223A,Tirrenopower Volla,40.8864,14.34998,20.0,Italy,via Filichito - Volla (NA),urban-periphery,industrial,UTC+01,01/01/2015 00:00:00,,MONITORAGGIO AMBIENTALE DELLA REGIONE CAMPANIA A CURA DELL'A.R.P.A.C.,NET.IT116A
IT2224A,Teverola SET,40.99096,14.20275,29.0,Italy,via Vecchia di Teverola - Teverola (CE),urban-periphery,industrial,UTC+01,01/01/2015 00:00:00,,MONITORAGGIO AMBIENTALE DELLA REGIONE CAMPANIA A CURA DELL'A.R.P.A.C.,NET.IT116A
IT2225A,Marcianise SET,40.99513,14.28704,21.0,Italy,depuratore area ASI Pascarola - Orta di Atella (CE),urban-periphery,industrial,UTC+01,01/01/2015 00:00:00,,MONITORAGGIO AMBIENTALE DELLA REGIONE CAMPANIA A CURA DELL'A.R.P.A.C.,NET.IT116A
IT2226A,Pomigliano d'Arco Area ASI,40.92087,14.38946,29.0,Italy,Via vicinale Passatiello - Pomigliano d'Arco (NA),urban-periphery,industrial,UTC+01,30/04/2015 23:00:00,,MONITORAGGIO AMBIENTALE DELLA REGIONE CAMPANIA A CURA DELL'A.R.P.A.C.,NET.IT116A
IT2227A,Avellino Scuola Alighieri,40.91882,14.78553,357.0,Italy,via Piave - Avellino (AV),urban-centre,traffic,UTC+01,30/04/2015 23:00:00,,MONITORAGGIO AMBIENTALE DELLA REGIONE CAMPANIA A CURA DELL'A.R.P.A.C.,NET.IT116A
IT2228A,Benevento Campo Sportivo,41.11575,14.77998,125.0,Italy,strada Casale Maccabei - Benevento (BN),urban-centre,background,UTC+01,30/04/2015 23:00:00,,MONITORAGGIO AMBIENTALE DELLA REGIONE CAMPANIA A CURA DELL'A.R.P.A.C.,NET.IT116A
IT2229A,LARGO PERTINI - SARZANA,44.11094,9.95503,25.0,Italy,LARGO PERTINI - VIA PIETRO GORI - SARZANA (SP),urban-centre,traffic,UTC+01,01/01/2016 00:00:00,,PROVINCIA DELLA SPEZIA,NET.IT123A
IT2230A,VIADANA,44.92467,10.5172,26.0,Italy,Via Cavalli - Viadana (MN),urban-centre,background,UTC+01,20/01/2023 00:00:00,,Rete di Rilevamento della Qualit� dell'Aria della Provincia di Mantova,NET.IT099A
IT2231A,TV - Strada S. Agnese,45.65877,12.2161,15.0,Italy,Strada S. Agnese,urban-centre,traffic,UTC+01,01/01/2016 01:00:00,,RETE REGIONALE QUALITA' ARIA DEL VENETO,NET.IT281A
IT2233A,Aosta Liconi,45.73444,7.30433,583.0,Italy,"Via Rue Liconi, 11 - Aosta (AO)",urban-centre,background,UTC+01,01/01/2015 00:00:00,,Aosta Valley Air Quality Network,NET.IT119A
IT2239A,LU-FORNOLI,44.00555,10.55988,130.0,Italy,Fornoli - Bagni di Lucca (LU),urban-centre,background,UTC+01,09/01/2009 00:00:00,,RETE REGIONALE QUALITA' DELL'ARIA DELLA TOSCANA,NET.IT279A
IT2240A,LU-SAN-CONCORDIO,43.83281,10.50048,13.0,Italy,San Concordio - Lucca (LU),urban-centre,background,UTC+01,15/04/2015 23:00:00,,RETE REGIONALE QUALITA' DELL'ARIA DELLA TOSCANA,NET.IT279A
IT2241A,MS-MARINA-VECCHIA,44.0311,10.13276,42.0,Italy,Massa - Massa (MS),urban-centre,traffic,UTC+01,28/04/2015 23:00:00,,RETE REGIONALE QUALITA' DELL'ARIA DELLA TOSCANA,NET.IT279A
IT2242A,FI-FIGLINE,43.62303,11.46694,121.0,Italy,VIA MORANDI - Figline e Incisa Valdarno (FI),urban-centre,background,UTC+01,24/03/2016 00:00:00,,RETE REGIONALE QUALITA' DELL'ARIA DELLA TOSCANA,NET.IT279A
IT2243A,VR- Giarol Grande,45.43301,11.0301,48.0,Italy,Via Belluno,urban-centre,background,UTC+01,01/01/2016 01:00:00,,RETE REGIONALE QUALITA' ARIA DEL VENETO,NET.IT281A
IT2246A,Fiumicino Porto,41.77484,12.2234,3.0,Italy,porto di fiumicino - Fiumicino (RM),urban-periphery,industrial,UTC+01,23/12/2022 00:00:00,,Regione Lazio,NET.IT112A
IT2247A,Villa Guglielmi,41.76823,12.23704,2.0,Italy,via di Villa Guglielmi - Fiumicino (RM),urban-centre,background,UTC+01,07/02/2017 00:00:00,,Regione Lazio,NET.IT112A
IT2249A,S. Agostino,42.15998,11.74271,11.0,Italy,via di Torrevaldaliga - Civitavecchia (RM),rural,background,UTC+01,21/03/2019 00:00:00,,Regione Lazio,NET.IT112A
IT2250A,Fiumaretta,42.10216,11.7844,3.0,Italy,"via Tarquinia, 30 - Civitavecchia (RM)",urban-centre,traffic,UTC+01,05/05/2016 23:00:00,,Regione Lazio,NET.IT112A
IT2251A,Faro,42.09884,11.81765,124.0,Italy,Via Nuova di S.Liborio snc - Civitavecchia (RM),urban-centre,background,UTC+01,13/05/2016 23:00:00,,Regione Lazio,NET.IT112A
IT2252A,Campo dell'Oro,42.08179,11.80937,19.0,Italy,Via A. De Gasperi - Civitavecchia (RM),urban-centre,background,UTC+01,17/05/2016 23:00:00,,Regione Lazio,NET.IT112A
IT2254A,Allumiere Aldo Moro,42.16097,11.9,465.0,Italy,via Aldo Moro snc - Allumiere (RM),rural,background,UTC+01,01/06/2016 23:00:00,,Regione Lazio,NET.IT112A
IT2259A,VIA UNGARETTI - PEGLI - GENOVA,44.4284,8.79768,50.0,Italy,VIA UNGARETTI 64 - GENOVA (GE),urban-periphery,background,UTC+01,01/01/2016 00:00:00,,PROVINCIA DI GENOVA,NET.IT101A
IT2260A,Trieste - Sincrotrone,45.64731,13.85497,366.0,Italy,Basovizza - Trieste (TS),unknown,background,UTC+01,01/04/2016 00:00:00,,RETE DI RILEVAMENTO QA DELLA ZONA TRIESTINA,NET.IT274A
IT2261A,Trieste - P.zza Volontari Giuliani,45.65439,13.78895,24.0,Italy,Piazza Volontari Giuliani - Trieste (TS),urban-centre,traffic,UTC+01,20/05/2016 00:00:00,,RETE DI RILEVAMENTO QA DELLA ZONA TRIESTINA,NET.IT274A
IT2262A,Trieste - P.zza Carlo Alberto,45.64232,13.75605,26.0,Italy,piazza Carlo Alberto - Trieste (TS),urban-centre,background,UTC+01,26/01/2016 00:00:00,,RETE DI RILEVAMENTO QA DELLA ZONA TRIESTINA,NET.IT274A
IT2264A,Civitavecchia Porto,42.09687,11.78828,9.0,Italy,via turco 3 - Civitavecchia (RM),urban-centre,industrial,UTC+01,05/05/2012 23:00:00,,Regione Lazio,NET.IT112A
IT2265A,Civitavecchia via Morandi,42.08678,11.80646,22.0,Italy,via Rodolfo Morandi - Civitavecchia (RM),urban-centre,traffic,UTC+01,30/09/2012 23:00:00,,Regione Lazio,NET.IT112A
IT2268A,Battipaglia parco fiume,40.61107,14.97584,70.0,Italy,Parco Fiume - Battipaglia (SA),urban-centre,background,UTC+01,01/01/2016 00:00:00,,MONITORAGGIO AMBIENTALE DELLA REGIONE CAMPANIA A CURA DELL'A.R.P.A.C.,NET.IT116A
IT2269A,Parco Mercatello,40.66142,14.80449,11.0,Italy,parco Mercatello - Salerno (SA),urban-centre,background,UTC+01,09/03/2016 00:00:00,,MONITORAGGIO AMBIENTALE DELLA REGIONE CAMPANIA A CURA DELL'A.R.P.A.C.,NET.IT116A
IT2270A,Portici parco reggia,40.81588,14.34927,75.0,Italy,Rampa Bosco Reggia di Portici - Portici (NA),urban-centre,background,UTC+01,30/06/2016 23:00:00,,MONITORAGGIO AMBIENTALE DELLA REGIONE CAMPANIA A CURA DELL'A.R.P.A.C.,NET.IT116A
IT2271A,Aversa scuola Cirillo,40.97548,14.2114,38.0,Italy,Via Ettore Corcioni 58 - Aversa (CE),urban-centre,traffic,UTC+01,22/04/2016 23:00:00,,MONITORAGGIO AMBIENTALE DELLA REGIONE CAMPANIA A CURA DELL'A.R.P.A.C.,NET.IT116A
IT2272A,Pozzuoli Villa Avellino,40.82291,14.12254,39.0,Italy,Via Capomazza 8 - Pozzuoli (NA),urban-centre,background,UTC+01,27/09/2016 13:00:00,,MONITORAGGIO AMBIENTALE DELLA REGIONE CAMPANIA A CURA DELL'A.R.P.A.C.,NET.IT116A
IT2273A,Polla Area tritovagliatore,40.48701,15.52825,445.0,Italy,Area industriale - Polla (SA),urban-periphery,industrial,UTC+01,18/11/2016 00:00:00,,MONITORAGGIO AMBIENTALE DELLA REGIONE CAMPANIA A CURA DELL'A.R.P.A.C.,NET.IT116A
IT2274A,Porto Empedocle,37.29189,13.53254,0.0,Italy,"Porto Empedocle, Via Spinola n.27",urban-periphery,background,UTC+01,15/06/2016 23:00:00,,RETE REGIONALE DI RILEVAMENTO DELLA QUALITA' DELL'ARIA DI ARPA SICILIA,NET.IT250A
IT2275A,ME - Villa Dante,38.17434,15.54651,0.0,Italy,"Messina, Villa Dante s.n.",urban-centre,background,UTC+01,01/01/2019 23:00:00,,RETE REGIONALE DI RILEVAMENTO DELLA QUALITA' DELL'ARIA DI ARPA SICILIA,NET.IT250A
IT2276A,Villa Comunale,41.15604,15.09675,792.0,Italy,Contrada Loreto - Ariano Irpino (AV),urban-centre,background,UTC+01,01/01/2019 00:00:00,,MONITORAGGIO AMBIENTALE DELLA REGIONE CAMPANIA A CURA DELL'A.R.P.A.C.,NET.IT116A
IT2277A,Parco Virgiliano,40.79889,14.17941,150.0,Italy,Viale Virgilio - Napoli (NA),urban-periphery,background,UTC+01,31/08/2017 23:00:00,,MONITORAGGIO AMBIENTALE DELLA REGIONE CAMPANIA A CURA DELL'A.R.P.A.C.,NET.IT116A
IT2279A,AB3 Autostrada del Brennero A22,46.68756,11.63331,570.0,Italy,PRE DEI ZIGGLER - Bressanone (BZ),urban-periphery,traffic,UTC+01,01/01/2018 00:00:00,,PROVINCIAL MONITORING NETWORK OF BOLZANO,NET.IT085A
IT2282A,Novara - Arpa,45.4397,8.6204,154.0,Italy,Viale Roma 7,urban-centre,background,UTC+01,01/01/2019 00:00:00,,PIEMONTE - SISTEMA REGIONALE DI RILEVAMENTO DELLA QUALITA' DELL'ARIA,NET.IT224A
IT2283A,Ottati Alburni,40.47059,15.29873,650.0,Italy,OTTATI,rural-regional,background,UTC+01,01/01/2019 00:00:00,,MONITORAGGIO AMBIENTALE DELLA REGIONE CAMPANIA A CURA DELL'A.R.P.A.C.,NET.IT116A
IT2284A,AOSTA I maggio,45.7324,7.32189,583.0,Italy,Via I maggio,urban-periphery,industrial,UTC+01,01/01/2019 00:00:00,,Aosta Valley Air Quality Network,NET.IT119A
IT2285A,CR2 Cortina sulla strada del vino,46.26406,11.22324,212.0,Italy,VIA PALUDI - Cortina ssdv (BZ),urban-periphery,background,UTC+01,01/01/2019 00:00:00,,PROVINCIAL MONITORING NETWORK OF BOLZANO,NET.IT085A
IT2286A,VIA DE LITTA - VADO LIGURE,44.26179,8.44565,10.0,Italy,SOTTOVENTO PIATTAFORMA MAERSK - VADO LIGURE (SV),urban-periphery,industrial,UTC+01,01/01/2018 00:00:00,,PROVINCIA DI SAVONA,NET.IT127A
IT2288A,a2a - Milazzo,38.23147,15.24757,10.0,Italy,"Milazzo, Salita Cappuccini s.n.",urban-centre,background,UTC+01,31/12/2017 23:00:00,,RETE REGIONALE DI RILEVAMENTO DELLA QUALITA' DELL'ARIA DI ARPA SICILIA,NET.IT250A
IT2289A,LABORATORIO MOBILE,43.6059,13.4923,5.0,Italy,PALOMBELLA - Ancona (AN),urban-centre,industrial,UTC+01,01/01/2018 00:00:00,,RETE REGIONALE QUALIT� ARIA AMBIENTE,NET.IT282A
IT2290A,GuardiaPerticara 1,40.36404,16.09754,720.0,Italy,Via Serrone ? Guardia Perticara (PZ),rural,industrial,UTC+01,18/02/2018 00:00:00,,MONITORING NETWORK OF REGIONE BASILICATA,NET.IT133A
IT2292A,COLLE DI NAVA,44.08196,7.86394,950.0,Italy,PRESSO COLONIA STATALE 28 - PORNASSIO (IM),rural-regional,background,UTC+01,01/10/2024 00:00:00,,PROVINCIA DI IMPERIA,NET.IT139A
IT2293A,Monfalcone - Area verde,45.80296,13.5445,0.0,Italy,,urban-centre,background,UTC+01,30/04/2019 00:00:00,,RETE DI RILEVAMENTO QA DELLA ZONA DI PIANURA,NET.IT276A
IT2294A,Cavallermaggiore - Galilei,44.7043,7.6853,284.0,Italy,viale Galileo Galilei - Cavallermaggiore (CN),urban-periphery,background,UTC+01,01/01/2021 00:00:00,,PIEMONTE - SISTEMA REGIONALE DI RILEVAMENTO DELLA QUALITA' DELL'ARIA,NET.IT224A
IT2297A,PA - UNIPA,38.1051,13.34653,10.0,Italy,"Palermo, Viale delle Scienze c/o Universita degli studi di Palermo ",urban-centre,background,UTC+01,27/02/2020 23:00:00,,RETE REGIONALE DI RILEVAMENTO DELLA QUALITA' DELL'ARIA DI ARPA SICILIA,NET.IT250A
IT2298A,MASONE GE,44.50842,8.70463,380.0,Italy,INCROCIO SS456 VIA PIAN PINEROLO - MASONE (GE),urban-periphery,background,UTC+01,01/05/2019 00:00:00,,PROVINCIA DI GENOVA,NET.IT101A
IT2299A,CAIRO M. SV - VILLA SANGUINETTI,44.39951,8.28096,330.0,Italy,VIA TORINO - CAIRO MONTENOTTE (SV),urban-centre,background,UTC+01,01/01/2021 00:00:00,,PROVINCIA DI SAVONA,NET.IT127A
IT2300A,BRESCIA – VIA TARTAGLIA,45.53861,10.23194,151.0,Italy,VIA TARTAGLIA - Brescia (BS),urban-centre,traffic,UTC+01,03/01/2023 16:00:00,,Rete di Rilevamento della Qualit� dell'Aria della Provincia di Brescia,NET.IT092A
IT2301A,BRESCIA SAN POLO,45.50867,10.25637,124.0,Italy, Brescia Via San Polo,urban-centre,background,UTC+01,01/01/2021 00:00:00,,Rete di Rilevamento della Qualit� dell'Aria della Provincia di Brescia,NET.IT092A
IT2303A,BERGEGGI SV - CAPO VADO,44.25306,8.44256,230.0,Italy,LOCALITA SCOGLIO BIANCO - BERGEGGI (SV),urban-periphery,industrial,UTC+01,01/01/2021 00:00:00,,PROVINCIA DI SAVONA,NET.IT127A
IT2304A,SAVONA - MONTE SAN GIORGIO,44.37759,8.41,730.0,Italy,LOCALITA NASO DI GATTO - SAVONA (SV),rural,industrial,UTC+01,01/01/2021 00:00:00,,PROVINCIA DI SAVONA,NET.IT127A
IT2305A,Tolfa Braccianese,42.15286,11.9235,458.0,Italy,via Braccianese-Claudia-tennis club - Tolfa (RM),rural,background,UTC+01,03/03/2022 16:00:00,,Regione Lazio,NET.IT112A
IT2306A,AG - Centro,37.30641,13.5899,235.4,Italy,"Agrigento, Salita Coniglio n.181",urban-centre,background,UTC+01,23/03/2021 00:00:00,,RETE REGIONALE DI RILEVAMENTO DELLA QUALITA' DELL'ARIA DI ARPA SICILIA,NET.IT250A
IT2307A,AG - Monserrato,37.29924,13.5516,96.3,Italy,"Villasete (AG), Via Fra Simone da Lentini s.n.",urban-periphery,background,UTC+01,22/03/2021 00:00:00,,RETE REGIONALE DI RILEVAMENTO DELLA QUALITA' DELL'ARIA DI ARPA SICILIA,NET.IT250A
IT2308A,Bagheria,38.08611,13.5041,51.0,Italy,"Bagheria, Via Orazio Costantino c/o Piazza Carlo Doglio",urban-centre,background,UTC+01,20/04/2021 00:00:00,,RETE REGIONALE DI RILEVAMENTO DELLA QUALITA' DELL'ARIA DI ARPA SICILIA,NET.IT250A
IT2309A,Barcellona Pozzo di Gotto,38.16029,15.23121,34.6,Italy,"Barcellona Pozzo di Gotto, Via Ragusa n.20",urban-periphery,background,UTC+01,30/04/2021 00:00:00,,RETE REGIONALE DI RILEVAMENTO DELLA QUALITA' DELL'ARIA DI ARPA SICILIA,NET.IT250A
IT2310A,Caltanissetta,37.48985,14.05111,585.5,Italy,"Caltanissetta, Piazza Mons. A. Garsia s.n.",urban-centre,traffic,UTC+01,01/04/2021 00:00:00,,RETE REGIONALE DI RILEVAMENTO DELLA QUALITA' DELL'ARIA DI ARPA SICILIA,NET.IT250A
IT2311A,CT - Ospedale Garibaldi,37.51159,15.07523,46.4,Italy,"Catania, Viale Mario Rapisardi n.3",urban-centre,traffic,UTC+01,29/03/2021 00:00:00,,RETE REGIONALE DI RILEVAMENTO DELLA QUALITA' DELL'ARIA DI ARPA SICILIA,NET.IT250A
IT2312A,Gela - Tribunale,37.06511,14.26125,7.0,Italy,"Gela, Via Generale Cascino n.359",urban-centre,background,UTC+01,24/03/2021 00:00:00,,RETE REGIONALE DI RILEVAMENTO DELLA QUALITA' DELL'ARIA DI ARPA SICILIA,NET.IT250A
IT2313A,Lampedusa,35.5028,12.59792,20.0,Italy,"Lampedusa, c/o Corpo Forestale str. di Ponente s.n.",rural-remote,background,UTC+01,26/05/2021 00:00:00,,RETE REGIONALE DI RILEVAMENTO DELLA QUALITA' DELL'ARIA DI ARPA SICILIA,NET.IT250A
IT2314A,Pozzallo,36.72947,14.83865,15.8,Italy,"Pozzallo, Viale Australia n. 25 c/o Istituto Giorgio La Pira",urban-centre,background,UTC+01,29/03/2021 00:00:00,,RETE REGIONALE DI RILEVAMENTO DELLA QUALITA' DELL'ARIA DI ARPA SICILIA,NET.IT250A
IT2315A,San Giovanni La Punta,37.57867,15.10106,333.6,Italy,"San Giovanni La Punta, Strada Provinciale 8v c/o Istituto Fermi",urban-periphery,background,UTC+01,29/03/2021 00:00:00,,RETE REGIONALE DI RILEVAMENTO DELLA QUALITA' DELL'ARIA DI ARPA SICILIA,NET.IT250A
IT2316A,Solarino,37.09628,15.13175,129.4,Italy,"Solarino, Circonvallazione Padre Serafino Maria Paolo Gozzo c/o Isola Ecologica",urban-periphery,background,UTC+01,30/03/2021 00:00:00,,RETE REGIONALE DI RILEVAMENTO DELLA QUALITA' DELL'ARIA DI ARPA SICILIA,NET.IT250A
IT2317A,SR - ASP Pizzuta,37.08575,15.26801,68.0,Italy,"Siracusa, Traversa la Pizzuta c/o ASP ",urban-periphery,background,UTC+01,28/04/2021 00:00:00,,RETE REGIONALE DI RILEVAMENTO DELLA QUALITA' DELL'ARIA DI ARPA SICILIA,NET.IT250A
IT2318A,TP - Diga Rubino,37.88248,12.71802,186.0,Italy,"Trapani, c/o Diga Rubino",rural-regional,background,UTC+01,15/03/2021 00:00:00,,RETE REGIONALE DI RILEVAMENTO DELLA QUALITA' DELL'ARIA DI ARPA SICILIA,NET.IT250A
IT2319A,VE - Rio Novo,45.43557,12.32313,1.0,Italy,Venezia,urban-centre,traffic,UTC+01,01/01/2018 01:00:00,,RETE REGIONALE QUALITA' ARIA DEL VENETO,NET.IT281A
IT2320A,ZERMEGHEDO,45.47841,11.37824,133.0,Italy,Via Marconi,urban-periphery,industrial,UTC+01,01/01/2021 00:00:00,,RETE REGIONALE QUALITA' ARIA DEL VENETO,NET.IT281A
IT2321A,Sacile - via Gramsci,45.95746,12.50816,23.0,Italy,via Gramsci - Sacile (PN),urban-centre,background,UTC+01,13/01/2023 00:00:00,,RETE DI RILEVAMENTO QA DELLA ZONA DI PIANURA,NET.IT276A
IT2322A,PRISCIANO,42.5723,12.67886,148.0,Italy,"VIA DEI FORGIATORI, 12 - Terni (TR)",urban-periphery,industrial,UTC+01,01/01/2022 00:00:00,,RETE REGIONALE UMBRIA,NET.IT252A
IT2323A,BUSALLA GE - SUARDI,44.56784,8.94896,366.0,Italy,VIA SUARDI - BUSALLA (GE),urban-centre,traffic,UTC+01,01/01/2022 00:00:00,,PROVINCIA DI GENOVA,NET.IT101A
IT2324A,Gorizia - via Duca D'Aosta 117,45.93648,13.61613,79.0,Italy,via Duca D'Aosta 117 - Gorizia (GO),urban-centre,background,UTC+01,20/10/2022 07:00:00,,RETE DI RILEVAMENTO QA DELLA ZONA DI PIANURA,NET.IT276A
IT2325A,Carlino - Bosco Bando,45.79561,13.14656,4.0,Italy,Bosco Bando - Carlino (UD),rural,background,UTC+01,01/01/2014 00:00:00,,SISECAM SRL,NET.IT283A
IT2326A,S.Giorgio di Nogaro - via dell'Istria,45.8202,13.21748,7.0,Italy,via dell'Istria - San Giorgio di Nogaro (UD),urban-periphery,background,UTC+01,01/01/2014 00:00:00,,SISECAM SRL,NET.IT283A
IT2327A,GENOVA - RIVAROLO CERVETTO,44.43438,8.89251,50.0,Italy,Biblioteca Civica Cervetto - Via Jori 60 - GENOVA (GE),urban-centre,background,UTC+01,07/04/2022 00:00:00,,PROVINCIA DI GENOVA,NET.IT101A
IT2329A,ANAGNI San Francesco,41.73194,13.14037,174.0,Italy,Via San Francesco- Anagni (FR),urban-centre,background,UTC+01,01/01/2023 00:00:00,,Regione Lazio,NET.IT112A
IT2333A,DARFO_BT,45.87626,10.17884,221.0,Italy,VIA OSPEDALE/VIA GOLGI - Darfo Boario Terme (BS),urban-periphery,background,UTC+01,27/02/2024 01:00:00,,Rete di Rilevamento della Qualit� dell'Aria della Provincia di Brescia,NET.IT092A
IT2334A,SANTA MARINELLA,42.02501,11.95337,3.0,Italy,Piazza Carlo Garbieri 1- Santa Severa(RM),urban-periphery,background,UTC+01,01/01/2024 23:00:00,,Regione Lazio,NET.IT112A
IT2335A,Corleto Perticara,40.38838,16.03495,834.0,Italy,Corleto Perticara (PZ),urban-periphery,industrial,UTC+01,01/01/2024 00:00:00,,MONITORING NETWORK OF REGIONE BASILICATA,NET.IT133A
IT2336A,GORGOGLIONE,40.40444,16.1191,1045.0,Italy,Gorgoglione (MT),urban-periphery,industrial,UTC+01,01/01/2024 00:00:00,,MONITORING NETWORK OF REGIONE BASILICATA,NET.IT133A
IT2337A,PORTO VENERE SP - PEZZINO,44.06453,9.83874,16.0,Italy,PUNTA PEZZINO - PORTOVENERE (SP),urban-periphery,industrial,UTC+01,17/11/2023 00:00:00,,PROVINCIA DELLA SPEZIA,NET.IT123A
IT2338A,GENOVA - BOLZANETO,44.46361,8.90393,51.0,Italy, - GENOVA (GE),urban-centre,traffic,UTC+01,01/01/2024 00:00:00,,PROVINCIA DI GENOVA,NET.IT101A
IT2339A,GENOVA - GASTALDI EX SAIWA,44.40444,8.96563,40.0,Italy,Corso Gastaldi 161 - GENOVA (GE),urban-centre,traffic,UTC+01,01/03/2023 00:00:00,,PROVINCIA DI GENOVA,NET.IT101A
LT00002,"""Vilnius - Lazdynai""",54.68611,25.21083,170.0,Lithuania,Karolini ki seninija,urban-centre,background,UTC+02,01/10/2002 00:00:00,,"""National Air Monitoring Network""",NET-LT001A
LT00004,"""Vilnius - Savanoriu""",54.67333,25.2489,124.0,Lithuania,Vilkpds seninija,urban-centre,industrial,UTC+02,01/01/2007 00:00:00,,"""National Air Monitoring Network""",NET-LT001A
LT00012,"""Panevezys - Centras""",55.725,24.36557,52.0,Lithuania,UNK,urban-centre,background,UTC+02,01/01/2007 00:00:00,,"""National Air Monitoring Network""",NET-LT001A
LT00031,"""Klaipeda - Centras""",55.70778,21.14111,6.0,Lithuania,UNK,urban-centre,traffic,UTC+02,28/08/2003 00:00:00,,"""National Air Monitoring Network""",NET-LT001A
LT00033,"""Klaipeda - Silutes""",55.69,21.17946,12.0,Lithuania,UNK,urban-centre,traffic,UTC+02,01/01/2006 00:00:00,,"""National Air Monitoring Network""",NET-LT001A
LT00041,"""Kaunas - Petrasiunai""",54.89513,23.98622,31.0,Lithuania,Petra in seninija,urban-centre,traffic,UTC+02,09/03/2003 00:00:00,,"""National Air Monitoring Network""",NET-LT001A
LT00044,"""Kaunas - Noreikiskes""",54.88361,23.83583,73.0,Lithuania,Ringaud seninija,urban-centre,background,UTC+02,01/01/2009 00:00:00,,"""National Air Monitoring Network""",NET-LT001A
LT00051,"""Aukstaitija""",55.46333,26.00417,180.0,Lithuania,Tauragn seninija,rural,background,UTC+02,01/01/1993 00:00:00,,"""Integrated Monitoring Network""",NET-LT002A
LT00052,"""Dzukija N""",54.0925,24.28973,130.0,Lithuania,Marcinkoni seninija,rural-remote,background,UTC+02,01/01/2015 00:00:00,,"""Integrated Monitoring Network""",NET-LT002A
LT00054,"""Preila""",55.37639,21.03085,5.0,Lithuania,UNK,rural,background,UTC+02,01/01/1981 00:00:00,,"""Integrated Monitoring Network""",NET-LT002A
LU0106A,Walferdange,49.65897,6.13024,230.0,Luxembourg,,urban-periphery,background,UTC,04/05/2007 00:00:00,,Air Quality Luxembourg,NET-LU005A
LU0109A,Luxembourg Pl. Winston Churchill,49.61157,6.11847,303.0,Luxembourg,,urban-centre,traffic,UTC,10/06/2015 00:00:00,,Air Quality Luxembourg,NET-LU005A
LU0110A,Esch Gare,49.49416,5.98476,289.0,Luxembourg,,urban-centre,traffic,UTC,14/03/2018 00:00:00,,Air Quality Luxembourg,NET-LU005A
LU0111A,Bascharage,49.5671,5.91095,284.0,Luxembourg,,urban-centre,traffic,UTC,01/01/2018 00:00:00,,Air Quality Luxembourg,NET-LU005A
LU0113A,Differdange,49.52269,5.90324,297.0,Luxembourg,,urban-centre,industrial,UTC,02/02/2020 00:00:00,,Air Quality Luxembourg,NET-LU005A
LU0114A,Luxembourg Gasperich,49.59349,6.11715,293.0,Luxembourg,,urban-centre,traffic,UTC,27/04/2022 00:00:00,,Air Quality Luxembourg,NET-LU005A
LU0601P,Bettembourg - route dEsch,49.51769,6.09534,273.7,Luxembourg,,urban-centre,traffic,UTC,10/01/2018 00:00:00,,NO2 passive sampler network - Luxembourg,NET-LU006A
LU0602P,Diekirch - Stavelot,49.86793,6.15897,195.6,Luxembourg,,urban-centre,traffic,UTC,10/01/2018 00:00:00,,NO2 passive sampler network - Luxembourg,NET-LU006A
LU0603P,Niederkorn - Libert,49.53157,5.89155,314.1,Luxembourg,,urban-centre,traffic,UTC,10/01/2018 00:00:00,,NO2 passive sampler network - Luxembourg,NET-LU006A
LU0604P,Niederkorn - Ecoles,49.53698,5.89114,303.0,Luxembourg,,urban-centre,traffic,UTC,10/01/2018 00:00:00,,NO2 passive sampler network - Luxembourg,NET-LU006A
LU0605P,Echternach - Remparts,49.81092,6.41784,164.9,Luxembourg,,urban-centre,traffic,UTC,10/01/2018 00:00:00,,NO2 passive sampler network - Luxembourg,NET-LU006A
LU0606P,Esch - rue de Luxembourg,49.50872,5.98948,289.4,Luxembourg,,urban-centre,traffic,UTC,10/01/2018 00:00:00,,NO2 passive sampler network - Luxembourg,NET-LU006A
LU0607P,Hesperange - rue de Gasperich,49.57153,6.1512,275.1,Luxembourg,,urban-centre,traffic,UTC,10/01/2018 00:00:00,,NO2 passive sampler network - Luxembourg,NET-LU006A
LU0608P,Hesperange - route de Thionville,49.57474,6.15332,261.9,Luxembourg,,urban-centre,traffic,UTC,10/01/2018 00:00:00,,NO2 passive sampler network - Luxembourg,NET-LU006A
LU0609P,Luxembourg - route dEsch,49.59345,6.11698,293.2,Luxembourg,,urban-centre,traffic,UTC,09/01/2019 00:00:00,,NO2 passive sampler network - Luxembourg,NET-LU006A
LU0610P,Luxembourg - Royal,49.61263,6.12613,305.1,Luxembourg,,urban-centre,traffic,UTC,17/10/2018 00:00:00,,NO2 passive sampler network - Luxembourg,NET-LU006A
LU0611P,Luxembourg - Libert 22,49.60464,6.13,290.8,Luxembourg,,urban-centre,traffic,UTC,17/10/2018 00:00:00,,NO2 passive sampler network - Luxembourg,NET-LU006A
LU0612P,Luxembourg - Libert 2-4,49.60688,6.12807,293.0,Luxembourg,,urban-centre,traffic,UTC,10/01/2018 00:00:00,,NO2 passive sampler network - Luxembourg,NET-LU006A
LU0613P,Wasserbillig - Grand-Rue,49.71449,6.50306,138.8,Luxembourg,,urban-centre,traffic,UTC,10/01/2018 00:00:00,,NO2 passive sampler network - Luxembourg,NET-LU006A
LU0614P,Remich - Enz,49.54548,6.36702,157.5,Luxembourg,,urban-centre,traffic,UTC,17/10/2018 00:00:00,,NO2 passive sampler network - Luxembourg,NET-LU006A
LU0615P,Bascharage - 273 avenue de Luxemburg,49.57275,5.92305,310.0,Luxembourg,,urban-centre,traffic,UTC,05/01/2022 00:00:00,,NO2 passive sampler network - Luxembourg,NET-LU006A
LU0616P,Bascharage - 91 avenue de Luxembourg,49.56467,5.90603,277.6,Luxembourg,,urban-centre,traffic,UTC,05/01/2022 00:00:00,,NO2 passive sampler network - Luxembourg,NET-LU006A
LU0617P,Bascharage - rue de la Rsistance,49.56691,5.90815,282.1,Luxembourg,,urban-centre,traffic,UTC,05/01/2022 00:00:00,,NO2 passive sampler network - Luxembourg,NET-LU006A
LU0618P,Clemency - rue Basse,49.59676,5.87569,334.0,Luxembourg,,urban-centre,traffic,UTC,05/01/2022 00:00:00,,NO2 passive sampler network - Luxembourg,NET-LU006A
LU0619P,Clemency - rue de la Gare,49.5946,5.87833,332.7,Luxembourg,,urban-centre,traffic,UTC,05/01/2022 00:00:00,,NO2 passive sampler network - Luxembourg,NET-LU006A
LU0621P,Beaufort - Grand Rue,49.83602,6.2922,357.0,Luxembourg,,urban-centre,traffic,UTC,09/01/2019 00:00:00,,NO2 passive sampler network - Luxembourg,NET-LU006A
LU0622P,Dillingen - route de Grundhof,49.8528,6.31968,178.0,Luxembourg,,urban-centre,traffic,UTC,09/01/2019 00:00:00,,NO2 passive sampler network - Luxembourg,NET-LU006A
LU0623P,Oberpallen - Dikrecherstrooss,49.73185,5.84713,291.0,Luxembourg,,urban-centre,traffic,UTC,26/06/2019 00:00:00,,NO2 passive sampler network - Luxembourg,NET-LU006A
LU0624P,Oberpallen - Dikrecherstrooss,49.73185,5.84713,291.0,Luxembourg,,urban-centre,traffic,UTC,26/06/2019 00:00:00,,NO2 passive sampler network - Luxembourg,NET-LU006A
LU0626P,Bertrange - Shared Space de la Mairie,49.61109,6.05174,284.0,Luxembourg,,urban-centre,traffic,UTC,10/01/2018 00:00:00,,NO2 passive sampler network - Luxembourg,NET-LU006A
LU0629P,Bertrange - route de Longwy,49.60151,6.07012,288.0,Luxembourg,,urban-centre,traffic,UTC,10/01/2018 00:00:00,,NO2 passive sampler network - Luxembourg,NET-LU006A
LU0631P,Bettembourg - route de Luxembourg,49.52024,6.09984,280.0,Luxembourg,,urban-centre,traffic,UTC,10/01/2017 00:00:00,,NO2 passive sampler network - Luxembourg,NET-LU006A
LU0632P,Bettembourg - route de Mondorf,49.516,6.10404,284.0,Luxembourg,,urban-centre,traffic,UTC,10/01/2018 00:00:00,,NO2 passive sampler network - Luxembourg,NET-LU006A
LU0635P,Olingen - Cit op Eien,49.68296,6.31549,248.0,Luxembourg,,urban-centre,traffic,UTC,10/01/2018 00:00:00,,NO2 passive sampler network - Luxembourg,NET-LU006A
LU0636P,Roodt/Syre - route de Luxembourg,49.66524,6.30217,242.0,Luxembourg,,urban-centre,traffic,UTC,10/01/2018 00:00:00,,NO2 passive sampler network - Luxembourg,NET-LU006A
LU0637P,Roodt/Syre - rue de la Montagne,49.66542,6.3102,273.0,Luxembourg,,urban-centre,traffic,UTC,10/01/2018 00:00:00,,NO2 passive sampler network - Luxembourg,NET-LU006A
LU0638P,Roodt/Syre - a Millesch,49.66729,6.30062,245.0,Luxembourg,,urban-centre,traffic,UTC,08/01/2020 00:00:00,,NO2 passive sampler network - Luxembourg,NET-LU006A
LU0641P,Clervaux - Grand-Rue,50.05488,6.03042,355.0,Luxembourg,,urban-centre,traffic,UTC,09/01/2019 00:00:00,,NO2 passive sampler network - Luxembourg,NET-LU006A
LU0642P,Colmar-Berg - rue dEttelbruck,49.81215,6.09767,208.0,Luxembourg,,urban-centre,traffic,UTC,10/01/2018 00:00:00,,NO2 passive sampler network - Luxembourg,NET-LU006A
LU0643P,Contern- rue de Luxembourg,49.58513,6.22497,317.0,Luxembourg,,urban-centre,traffic,UTC,04/01/2023 00:00:00,,NO2 passive sampler network - Luxembourg,NET-LU006A
LU0644P,Moutfort - route de Remich,49.58907,6.25685,255.6,Luxembourg,,urban-centre,traffic,UTC,04/01/2023 00:00:00,,NO2 passive sampler network - Luxembourg,NET-LU006A
LU0645P,Oetrange - Monte dOetrange,49.60135,6.25901,208.0,Luxembourg,,urban-centre,traffic,UTC,10/01/2018 00:00:00,,NO2 passive sampler network - Luxembourg,NET-LU006A
LU0646P,Dalheim - Kettegaass,49.54248,6.25768,293.6,Luxembourg,,urban-centre,traffic,UTC,05/01/2022 00:00:00,,NO2 passive sampler network - Luxembourg,NET-LU006A
LU0647P,Dalheim - Waasserklapp,49.54393,6.2569,304.7,Luxembourg,,urban-centre,traffic,UTC,05/01/2022 00:00:00,,NO2 passive sampler network - Luxembourg,NET-LU006A
LU0648P,Filsdorf - Munnereferstrooss,49.53374,6.24815,292.3,Luxembourg,,urban-centre,traffic,UTC,05/01/2022 00:00:00,,NO2 passive sampler network - Luxembourg,NET-LU006A
LU0649P,Filsdorf - am Eck,49.53234,6.24777,286.8,Luxembourg,,urban-centre,traffic,UTC,05/01/2022 00:00:00,,NO2 passive sampler network - Luxembourg,NET-LU006A
LU0650P,Welfrange - Munnereferwee,49.53756,6.28217,296.7,Luxembourg,,urban-centre,traffic,UTC,05/01/2022 00:00:00,,NO2 passive sampler network - Luxembourg,NET-LU006A
LU0651P,Welfrange - Schleiwegaass,49.53947,6.28624,293.4,Luxembourg,,urban-centre,traffic,UTC,05/01/2022 00:00:00,,NO2 passive sampler network - Luxembourg,NET-LU006A
LU0652P,Diekirch - Esplanade,49.87003,6.15949,203.0,Luxembourg,,urban-centre,traffic,UTC,09/01/2019 00:00:00,,NO2 passive sampler network - Luxembourg,NET-LU006A
LU0653P,Diekirch - rue Alexis Heck,49.86755,6.16139,196.0,Luxembourg,,urban-centre,traffic,UTC,09/01/2019 00:00:00,,NO2 passive sampler network - Luxembourg,NET-LU006A
LU0657P,Differdange - rue Emile Mark,49.52271,5.88997,306.0,Luxembourg,,urban-centre,traffic,UTC,09/01/2019 00:00:00,,NO2 passive sampler network - Luxembourg,NET-LU006A
LU0658P,Differdange - av. Charlotte,49.51787,5.89011,309.0,Luxembourg,,urban-centre,traffic,UTC,09/01/2019 00:00:00,,NO2 passive sampler network - Luxembourg,NET-LU006A
LU0659P,Oberkorn - av. Charlotte,49.51547,5.89422,316.0,Luxembourg,,urban-centre,traffic,UTC,09/01/2019 00:00:00,,NO2 passive sampler network - Luxembourg,NET-LU006A
LU0660P,Fousbann - rue Woiwer,49.52122,5.9081,302.0,Luxembourg,,urban-centre,traffic,UTC,09/01/2019 00:00:00,,NO2 passive sampler network - Luxembourg,NET-LU006A
LU0661P,Fousbann - rue Woiwer,49.52178,5.90819,299.0,Luxembourg,,urban-centre,traffic,UTC,06/01/2021 00:00:00,,NO2 passive sampler network - Luxembourg,NET-LU006A
LU0662P,Niederkorn - rue de Longwy,49.53416,5.8877,312.0,Luxembourg,,urban-centre,traffic,UTC,06/01/2021 00:00:00,,NO2 passive sampler network - Luxembourg,NET-LU006A
LU0664P,Dudelange - rte de Burange - rte de Lux.,49.49345,6.08487,287.0,Luxembourg,,urban-centre,traffic,UTC,10/01/2018 00:00:00,,NO2 passive sampler network - Luxembourg,NET-LU006A
LU0667P,Dudelange - rue du Commerce,49.47799,6.08591,293.0,Luxembourg,,urban-centre,traffic,UTC,10/01/2018 00:00:00,,NO2 passive sampler network - Luxembourg,NET-LU006A
LU0668P,Dudelange - route de Luxemborug,49.49317,6.08471,288.0,Luxembourg,,urban-centre,traffic,UTC,09/01/2019 00:00:00,,NO2 passive sampler network - Luxembourg,NET-LU006A
LU0669P,Dudelange - av. Grande-Duchesse Charlotte,49.48084,6.08487,288.0,Luxembourg,,urban-centre,traffic,UTC,09/01/2019 00:00:00,,NO2 passive sampler network - Luxembourg,NET-LU006A
LU0670P,Dudelange - rue de la Lib - rue Centenaire,49.47483,6.08402,294.0,Luxembourg,,urban-centre,traffic,UTC,06/01/2021 00:00:00,,NO2 passive sampler network - Luxembourg,NET-LU006A
LU0671P,Dudelange - route de Boudersberg,49.48676,6.07273,318.9,Luxembourg,,urban-centre,traffic,UTC,05/01/2022 00:00:00,,NO2 passive sampler network - Luxembourg,NET-LU006A
LU0674P,Echternach - rue Ermesinde,49.81566,6.41562,163.0,Luxembourg,,urban-centre,traffic,UTC,10/01/2018 00:00:00,,NO2 passive sampler network - Luxembourg,NET-LU006A
LU0675P,Ell - Ridenerstrooss,49.7635,5.85937,274.0,Luxembourg,,urban-centre,traffic,UTC,08/01/2020 00:00:00,,NO2 passive sampler network - Luxembourg,NET-LU006A
LU0676P,Roodt - Haaptstrooss,49.7946,5.82142,437.0,Luxembourg,,urban-centre,traffic,UTC,08/01/2020 00:00:00,,NO2 passive sampler network - Luxembourg,NET-LU006A
LU0678P,Esch-Alzette - Neudorf,49.49598,5.98994,296.0,Luxembourg,,urban-centre,traffic,UTC,08/01/2020 00:00:00,,NO2 passive sampler network - Luxembourg,NET-LU006A
LU0682P,Esch-Alzette - boulevard Kennedy,49.49404,5.98458,291.0,Luxembourg,,urban-centre,traffic,UTC,10/01/2017 00:00:00,,NO2 passive sampler network - Luxembourg,NET-LU006A
LU0685P,Esch-Alzette - rue Arthur Useldinger,49.50504,5.97689,287.0,Luxembourg,,urban-centre,background,UTC,28/06/2017 00:00:00,,NO2 passive sampler network - Luxembourg,NET-LU006A
LU0686P,Esch-Alzette - boulevard Kennedy LE,49.49404,5.98458,297.0,Luxembourg,,urban-centre,traffic,UTC,13/11/2019 00:00:00,,NO2 passive sampler network - Luxembourg,NET-LU006A
LU0687P,Esch-Alzette - boulevard Kennedy LE,49.49404,5.98458,297.0,Luxembourg,,urban-centre,traffic,UTC,13/11/2019 00:00:00,,NO2 passive sampler network - Luxembourg,NET-LU006A
LU0688P,Esch/Alzette - rue Arthur Useldinger LE,49.50504,5.97689,286.0,Luxembourg,,urban-centre,traffic,UTC,13/11/2019 00:00:00,,NO2 passive sampler network - Luxembourg,NET-LU006A
LU0689P,Esch/Alzette - rue Arthur Useldinger LE,49.50504,5.97689,286.0,Luxembourg,,urban-centre,traffic,UTC,13/11/2019 00:00:00,,NO2 passive sampler network - Luxembourg,NET-LU006A
LU0690P,Esch-Alzette - boulevard Kennedy,49.49404,5.98458,291.0,Luxembourg,,urban-centre,traffic,UTC,09/01/2019 00:00:00,,NO2 passive sampler network - Luxembourg,NET-LU006A
LU0691P,Esch/Alzette - rue Arthur Useldinger,49.50504,5.97689,287.0,Luxembourg,,urban-centre,traffic,UTC,09/01/2019 00:00:00,,NO2 passive sampler network - Luxembourg,NET-LU006A
LU0692P,Ettelbruck - place de lHotel de Ville,49.84612,6.09967,199.0,Luxembourg,,urban-centre,traffic,UTC,08/01/2020 00:00:00,,NO2 passive sampler network - Luxembourg,NET-LU006A
LU0693P,Ettelbruck - route de Bastogne,49.84642,6.09611,200.0,Luxembourg,,urban-centre,traffic,UTC,08/01/2020 00:00:00,,NO2 passive sampler network - Luxembourg,NET-LU006A
LU0694P,Ettelbruck - avenue Kennedy,49.84816,6.10435,199.0,Luxembourg,,urban-centre,traffic,UTC,08/01/2020 00:00:00,,NO2 passive sampler network - Luxembourg,NET-LU006A
LU0695P,Niederfeulen - route de Bastogne,49.85427,6.0447,298.0,Luxembourg,,urban-centre,traffic,UTC,09/01/2019 00:00:00,,NO2 passive sampler network - Luxembourg,NET-LU006A
LU0696P,Niederfeulen - route de Bastogne,49.85219,6.04927,301.0,Luxembourg,,urban-centre,traffic,UTC,09/01/2019 00:00:00,,NO2 passive sampler network - Luxembourg,NET-LU006A
LU0697P,Flaxweiler - rue Hicht,49.66604,6.34143,258.0,Luxembourg,,urban-centre,traffic,UTC,04/01/2023 00:00:00,,NO2 passive sampler network - Luxembourg,NET-LU006A
LU0702P,Gostingen - rue Bildgen,49.62078,6.3559,232.0,Luxembourg,,urban-centre,traffic,UTC,04/01/2023 00:00:00,,NO2 passive sampler network - Luxembourg,NET-LU006A
LU0703P,Frisange - Ltzebuergerstrooss,49.51669,6.18787,251.0,Luxembourg,,urban-centre,traffic,UTC,10/01/2018 00:00:00,,NO2 passive sampler network - Luxembourg,NET-LU006A
LU0704P,Frisange - Munnerferstrooss,49.51639,6.19165,253.0,Luxembourg,,urban-centre,traffic,UTC,10/01/2018 00:00:00,,NO2 passive sampler network - Luxembourg,NET-LU006A
LU0705P,Dahlem - rue des 3 Cantons,49.59921,5.94761,354.0,Luxembourg,,urban-centre,traffic,UTC,09/01/2019 00:00:00,,NO2 passive sampler network - Luxembourg,NET-LU006A
LU0706P,Garnich - rue des Trois Cantons,49.61487,5.95154,327.0,Luxembourg,,urban-centre,traffic,UTC,09/01/2019 00:00:00,,NO2 passive sampler network - Luxembourg,NET-LU006A
LU0707P,Hivange - rue de Kahler,49.60492,5.92557,372.0,Luxembourg,,urban-centre,traffic,UTC,09/01/2019 00:00:00,,NO2 passive sampler network - Luxembourg,NET-LU006A
LU0708P,Grevenmacher - rue du Centenaire,49.68132,6.44424,144.2,Luxembourg,,urban-centre,traffic,UTC,05/01/2022 00:00:00,,NO2 passive sampler network - Luxembourg,NET-LU006A
LU0709P,Grevenmacher - rue Kummert,49.67727,6.44077,140.0,Luxembourg,,urban-centre,traffic,UTC,09/01/2019 00:00:00,,NO2 passive sampler network - Luxembourg,NET-LU006A
LU0710P,Grevenmacher - route de Trves,49.6835,6.4487,141.0,Luxembourg,,urban-centre,traffic,UTC,09/01/2019 00:00:00,,NO2 passive sampler network - Luxembourg,NET-LU006A
LU0711P,Grevenmacher - rue de Wecker,49.68225,6.43697,163.0,Luxembourg,,urban-centre,traffic,UTC,09/01/2019 00:00:00,,NO2 passive sampler network - Luxembourg,NET-LU006A
LU0712P,Grevenmacher - rue de Manternach,49.68666,6.44196,169.0,Luxembourg,,urban-centre,traffic,UTC,06/01/2021 00:00:00,,NO2 passive sampler network - Luxembourg,NET-LU006A
LU0713P,Grevenmacher - rue Kahlenberg,49.67844,6.43362,179.0,Luxembourg,,urban-centre,traffic,UTC,06/01/2021 00:00:00,,NO2 passive sampler network - Luxembourg,NET-LU006A
LU0714P,Grevenmacher - rue de Machtum,49.672,6.43374,141.0,Luxembourg,,urban-centre,traffic,UTC,06/01/2021 00:00:00,,NO2 passive sampler network - Luxembourg,NET-LU006A
LU0715P,Grevenmacher - rue des Fleurs,49.67683,6.43838,141.2,Luxembourg,,urban-centre,traffic,UTC,05/01/2022 00:00:00,,NO2 passive sampler network - Luxembourg,NET-LU006A
LU0716P,Grevenmacher - Potaschbierg,49.67862,6.39332,261.0,Luxembourg,,urban-centre,traffic,UTC,05/01/2022 00:00:00,,NO2 passive sampler network - Luxembourg,NET-LU006A
LU0717P,Brouch - route dArlon,49.73574,6.02193,294.0,Luxembourg,,urban-centre,traffic,UTC,09/01/2019 00:00:00,,NO2 passive sampler network - Luxembourg,NET-LU006A
LU0718P,Tuntange - rue de Luxembourg,49.7162,6.0107,315.0,Luxembourg,,urban-centre,traffic,UTC,09/01/2019 00:00:00,,NO2 passive sampler network - Luxembourg,NET-LU006A
LU0719P,Alzingen - route de Thionville,49.56778,6.16091,265.0,Luxembourg,,urban-centre,traffic,UTC,10/01/2018 00:00:00,,NO2 passive sampler network - Luxembourg,NET-LU006A
LU0722P,Kayl - Grand-Rue,49.48666,6.04084,281.0,Luxembourg,,urban-centre,traffic,UTC,10/01/2018 00:00:00,,NO2 passive sampler network - Luxembourg,NET-LU006A
LU0723P,Ttange - rue de Rumelange,49.47257,6.03947,287.0,Luxembourg,,urban-centre,traffic,UTC,10/01/2018 00:00:00,,NO2 passive sampler network - Luxembourg,NET-LU006A
LU0726P,Bridel - rue de Luxembourg,49.65809,6.08217,353.0,Luxembourg,,urban-centre,traffic,UTC,09/01/2019 00:00:00,,NO2 passive sampler network - Luxembourg,NET-LU006A
LU0727P,Bridel - rue J.-F. Kennedy,49.65738,6.07945,352.0,Luxembourg,,urban-centre,traffic,UTC,09/01/2019 00:00:00,,NO2 passive sampler network - Luxembourg,NET-LU006A
LU0728P,Kopstal - rue de Luxembourg,49.66422,6.07291,253.0,Luxembourg,,urban-centre,traffic,UTC,09/01/2019 00:00:00,,NO2 passive sampler network - Luxembourg,NET-LU006A
LU0729P,Ernzen - monte dErnzen,49.77223,6.21655,311.0,Luxembourg,,urban-centre,traffic,UTC,09/01/2019 00:00:00,,NO2 passive sampler network - Luxembourg,NET-LU006A
LU0730P,Larochette - rue de Mersch,49.78494,6.21621,282.0,Luxembourg,,urban-centre,traffic,UTC,09/01/2019 00:00:00,,NO2 passive sampler network - Luxembourg,NET-LU006A
LU0731P,Larochette - rue de Medernach,49.78582,6.22062,269.0,Luxembourg,,urban-centre,traffic,UTC,09/01/2019 00:00:00,,NO2 passive sampler network - Luxembourg,NET-LU006A
LU0732P,Canach - rue dOetrange,49.60881,6.32155,240.0,Luxembourg,,urban-centre,traffic,UTC,06/01/2021 00:00:00,,NO2 passive sampler network - Luxembourg,NET-LU006A
LU0733P,Lenningen - rue de Canach,49.60074,6.36698,183.0,Luxembourg,,urban-centre,traffic,UTC,06/01/2021 00:00:00,,NO2 passive sampler network - Luxembourg,NET-LU006A
LU0734P,Leudelange - rue de la Valle,49.58015,6.05814,285.0,Luxembourg,,urban-centre,traffic,UTC,09/01/2019 00:00:00,,NO2 passive sampler network - Luxembourg,NET-LU006A
LU0735P,Leudelange - rue de Cessange,49.56855,6.06707,311.0,Luxembourg,,urban-centre,traffic,UTC,09/01/2019 00:00:00,,NO2 passive sampler network - Luxembourg,NET-LU006A
LU0736P,Leudelange - rue de Luxembourg,49.56319,6.0688,331.0,Luxembourg,,urban-centre,traffic,UTC,09/01/2019 00:00:00,,NO2 passive sampler network - Luxembourg,NET-LU006A
LU0737P,Leudelange - rue du Lavoir,49.56611,6.06512,315.5,Luxembourg,,urban-centre,traffic,UTC,05/01/2022 00:00:00,,NO2 passive sampler network - Luxembourg,NET-LU006A
LU0738P,Lintgen - rue de Diekirch,49.7213,6.12458,222.0,Luxembourg,,urban-centre,traffic,UTC,10/01/2018 00:00:00,,NO2 passive sampler network - Luxembourg,NET-LU006A
LU0741P,Lorentzweiler - route de Luxembourg,49.69909,6.1408,227.0,Luxembourg,,urban-centre,traffic,UTC,10/01/2018 00:00:00,,NO2 passive sampler network - Luxembourg,NET-LU006A
LU0744P,Luxembourg - boulevard Royal,49.60997,6.12603,297.0,Luxembourg,,urban-centre,traffic,UTC,10/01/2018 00:00:00,,NO2 passive sampler network - Luxembourg,NET-LU006A
LU0747P,Luxembourg - rue de Bonnevoie,49.59771,6.13759,275.0,Luxembourg,,urban-centre,traffic,UTC,01/01/2021 00:00:00,,NO2 passive sampler network - Luxembourg,NET-LU006A
LU0748P,Luxembourg - boulevard Royal,49.61357,6.12704,307.0,Luxembourg,,urban-centre,traffic,UTC,25/07/2018 00:00:00,,NO2 passive sampler network - Luxembourg,NET-LU006A
LU0749P,Luxembourg - route de longwy,49.60522,6.09625,282.0,Luxembourg,,urban-centre,traffic,UTC,09/01/2019 00:00:00,,NO2 passive sampler network - Luxembourg,NET-LU006A
LU0750P,Luxembourg - rue dEich,49.62922,6.13132,243.0,Luxembourg,,urban-centre,traffic,UTC,09/01/2019 00:00:00,,NO2 passive sampler network - Luxembourg,NET-LU006A
LU0751P,Luxembourg - rue de Bonnevoie,49.59771,6.13759,275.0,Luxembourg,,urban-centre,traffic,UTC,26/06/2019 00:00:00,,NO2 passive sampler network - Luxembourg,NET-LU006A
LU0752P,Luxembourg - rue de Bonnevoie,49.59771,6.13759,275.0,Luxembourg,,urban-centre,traffic,UTC,26/06/2019 00:00:00,,NO2 passive sampler network - Luxembourg,NET-LU006A
LU0753P,Luxembourg - route dEsch,49.59236,6.11671,291.0,Luxembourg,,urban-centre,traffic,UTC,03/02/2021 00:00:00,,NO2 passive sampler network - Luxembourg,NET-LU006A
LU0754P,Luxembourg - route dEsch,49.5935,6.11715,293.0,Luxembourg,,urban-centre,traffic,UTC,05/01/2022 00:00:00,,NO2 passive sampler network - Luxembourg,NET-LU006A
LU0755P,Luxembourg - route dEsch,49.5935,6.11715,293.0,Luxembourg,,urban-centre,traffic,UTC,05/01/2022 00:00:00,,NO2 passive sampler network - Luxembourg,NET-LU006A
LU0758P,Capellen - route dArlon,49.6459,5.98574,322.0,Luxembourg,,urban-centre,traffic,UTC,08/01/2020 00:00:00,,NO2 passive sampler network - Luxembourg,NET-LU006A
LU0759P,Capellen - rue Pafebruch,49.64026,6.01139,302.0,Luxembourg,,urban-centre,traffic,UTC,08/01/2020 00:00:00,,NO2 passive sampler network - Luxembourg,NET-LU006A
LU0760P,Holzem - route de Garnich,49.61537,5.99243,303.0,Luxembourg,,urban-centre,traffic,UTC,08/01/2020 00:00:00,,NO2 passive sampler network - Luxembourg,NET-LU006A
LU0762P,Mamer - route dArlon,49.62901,6.02824,296.0,Luxembourg,,urban-centre,traffic,UTC,10/01/2018 00:00:00,,NO2 passive sampler network - Luxembourg,NET-LU006A
LU0763P,Mamer - rue Dang St. Romain,49.62532,6.03456,292.0,Luxembourg,,urban-centre,traffic,UTC,08/01/2020 00:00:00,,NO2 passive sampler network - Luxembourg,NET-LU006A
LU0764P,Mamer - route dArlon,49.63054,6.02418,307.0,Luxembourg,,urban-centre,traffic,UTC,08/01/2020 00:00:00,,NO2 passive sampler network - Luxembourg,NET-LU006A
LU0765P,Mamer - rue du Commerce,49.62869,6.02099,296.0,Luxembourg,,urban-centre,traffic,UTC,08/01/2020 00:00:00,,NO2 passive sampler network - Luxembourg,NET-LU006A
LU0766P,Mersch - rue Grande-Duchesse Charlotte,49.75038,6.10656,218.6,Luxembourg,,urban-centre,traffic,UTC,05/01/2022 00:00:00,,NO2 passive sampler network - Luxembourg,NET-LU006A
LU0767P,Mersch - rue de Beringen,49.7537,6.1078,230.0,Luxembourg,,urban-centre,traffic,UTC,05/01/2022 00:00:00,,NO2 passive sampler network - Luxembourg,NET-LU006A
LU0768P,Mersch - rue Agrocentre,49.74844,6.11083,219.0,Luxembourg,,urban-centre,traffic,UTC,05/01/2022 00:00:00,,NO2 passive sampler network - Luxembourg,NET-LU006A
LU0772P,Wasserbillig - route de Luxembourg,49.71257,6.49651,145.0,Luxembourg,,urban-centre,traffic,UTC,10/01/2018 00:00:00,,NO2 passive sampler network - Luxembourg,NET-LU006A
LU0773P,Foetz - rue du Brill,49.5229,6.00791,279.0,Luxembourg,,urban-centre,traffic,UTC,06/01/2021 00:00:00,,NO2 passive sampler network - Luxembourg,NET-LU006A
LU0774P,Mondercange - rue dEsch,49.53193,5.98672,295.0,Luxembourg,,urban-centre,traffic,UTC,09/01/2019 00:00:00,,NO2 passive sampler network - Luxembourg,NET-LU006A
LU0775P,Mondercange - Grand-Rue,49.53256,5.98815,288.0,Luxembourg,,urban-centre,traffic,UTC,09/01/2019 00:00:00,,NO2 passive sampler network - Luxembourg,NET-LU006A
LU0776P,Mondercange - rue dEhlerange,49.53055,5.98443,290.0,Luxembourg,,urban-centre,traffic,UTC,06/01/2021 00:00:00,,NO2 passive sampler network - Luxembourg,NET-LU006A
LU0777P,Pontpierre - rue de Schifflange,49.53406,6.02413,285.0,Luxembourg,,urban-centre,traffic,UTC,09/01/2019 00:00:00,,NO2 passive sampler network - Luxembourg,NET-LU006A
LU0778P,Altwies - route Mondorf,49.50817,6.25842,207.0,Luxembourg,,urban-centre,traffic,UTC,09/01/2019 00:00:00,,NO2 passive sampler network - Luxembourg,NET-LU006A
LU0779P,Ellange - rue dErpeldange,49.52139,6.2981,223.0,Luxembourg,,urban-centre,traffic,UTC,09/01/2019 00:00:00,,NO2 passive sampler network - Luxembourg,NET-LU006A
LU0780P,Mondorf - route de Remich,49.50462,6.27906,190.0,Luxembourg,,urban-centre,traffic,UTC,09/01/2019 00:00:00,,NO2 passive sampler network - Luxembourg,NET-LU006A
LU0781P,Hostert - rue Principale,49.65777,6.23416,321.0,Luxembourg,,urban-centre,traffic,UTC,09/01/2019 00:00:00,,NO2 passive sampler network - Luxembourg,NET-LU006A
LU0782P,Hostert - rue de la Gare,49.65811,6.23219,340.0,Luxembourg,,urban-centre,traffic,UTC,04/01/2023 00:00:00,,NO2 passive sampler network - Luxembourg,NET-LU006A
LU0783P,Niederanven - route de Trves,49.65179,6.25667,257.0,Luxembourg,,urban-centre,traffic,UTC,09/01/2019 00:00:00,,NO2 passive sampler network - Luxembourg,NET-LU006A
LU0784P,Niederanven - rue Gabriel Lippmann,49.64304,6.26471,259.0,Luxembourg,,urban-centre,traffic,UTC,04/01/2023 00:00:00,,NO2 passive sampler network - Luxembourg,NET-LU006A
LU0785P,Rameldange - rue Principale,49.67009,6.2351,354.0,Luxembourg,,urban-centre,traffic,UTC,04/01/2023 00:00:00,,NO2 passive sampler network - Luxembourg,NET-LU006A
LU0786P,Senningerberg - rue du Golf,49.64926,6.22576,400.0,Luxembourg,,urban-centre,traffic,UTC,09/01/2019 00:00:00,,NO2 passive sampler network - Luxembourg,NET-LU006A
LU0787P,Senningerberg - route de Trves,49.63932,6.21726,382.0,Luxembourg,,urban-centre,traffic,UTC,04/01/2023 00:00:00,,NO2 passive sampler network - Luxembourg,NET-LU006A
LU0788P,Cruchten - rue Principale,49.80019,6.13112,212.0,Luxembourg,,urban-centre,traffic,UTC,10/01/2018 00:00:00,,NO2 passive sampler network - Luxembourg,NET-LU006A
LU0790P,Schrondweiler - CR115 - Eglise,49.8062,6.15654,256.0,Luxembourg,,urban-centre,traffic,UTC,10/01/2018 00:00:00,,NO2 passive sampler network - Luxembourg,NET-LU006A
LU0800P,Consthum - rue de Kautenbach,49.97222,6.04991,484.0,Luxembourg,,urban-centre,traffic,UTC,09/01/2019 00:00:00,,NO2 passive sampler network - Luxembourg,NET-LU006A
LU0801P,Eisenbach - Haaptstrooss,50.00003,6.1439,249.0,Luxembourg,,urban-centre,traffic,UTC,09/01/2019 00:00:00,,NO2 passive sampler network - Luxembourg,NET-LU006A
LU0802P,Hosingen - Haaptstrooss,50.01549,6.09192,505.0,Luxembourg,,urban-centre,traffic,UTC,10/01/2017 00:00:00,,NO2 passive sampler network - Luxembourg,NET-LU006A
LU0803P,Ptange - route Longwy,49.55549,5.87255,278.0,Luxembourg,,urban-centre,traffic,UTC,10/01/2018 00:00:00,,NO2 passive sampler network - Luxembourg,NET-LU006A
LU0804P,Pratz - rue de Folschette,49.80498,5.93266,292.0,Luxembourg,,urban-centre,traffic,UTC,05/01/2022 00:00:00,,NO2 passive sampler network - Luxembourg,NET-LU006A
LU0805P,Limpach - rue Centrale,49.55829,5.97943,314.0,Luxembourg,,urban-centre,traffic,UTC,05/01/2022 00:00:00,,NO2 passive sampler network - Luxembourg,NET-LU006A
LU0806P,Reckange - Rservoir deau,49.55984,6.03044,353.0,Luxembourg,,urban-centre,traffic,UTC,05/01/2022 00:00:00,,NO2 passive sampler network - Luxembourg,NET-LU006A
LU0808P,Reckange - rue des 3 Cantons,49.57142,5.99831,313.0,Luxembourg,,urban-centre,traffic,UTC,05/01/2022 00:00:00,,NO2 passive sampler network - Luxembourg,NET-LU006A
LU0809P,Roedgen - rue de Luxembourg,49.5736,6.03456,321.0,Luxembourg,,urban-centre,traffic,UTC,05/01/2022 00:00:00,,NO2 passive sampler network - Luxembourg,NET-LU006A
LU0810P,Wickrange - rue des 3 Cantons,49.54471,6.00319,295.0,Luxembourg,,urban-centre,traffic,UTC,05/01/2022 00:00:00,,NO2 passive sampler network - Luxembourg,NET-LU006A
LU0811P,Rdange/Attert - Grand-Rue,49.76415,5.88475,274.0,Luxembourg,,urban-centre,traffic,UTC,06/01/2021 00:00:00,,NO2 passive sampler network - Luxembourg,NET-LU006A
LU0814P,Remich - rue Enz,49.54562,6.36687,157.5,Luxembourg,,urban-centre,traffic,UTC,05/01/2022 00:00:00,,NO2 passive sampler network - Luxembourg,NET-LU006A
LU0815P,Remich - rue Enz,49.54584,6.36647,162.0,Luxembourg,,urban-centre,traffic,UTC,07/08/2019 00:00:00,,NO2 passive sampler network - Luxembourg,NET-LU006A
LU0816P,Berchem - rue de Bettembourg,49.54189,6.13669,268.0,Luxembourg,,urban-centre,traffic,UTC,10/01/2018 00:00:00,,NO2 passive sampler network - Luxembourg,NET-LU006A
LU0817P,Bivange - rue Edward Steichen,49.54633,6.13786,269.0,Luxembourg,,urban-centre,traffic,UTC,06/01/2021 00:00:00,,NO2 passive sampler network - Luxembourg,NET-LU006A
LU0818P,Crauthem - rue Schintgen,49.5383,6.14693,277.0,Luxembourg,,urban-centre,traffic,UTC,09/01/2019 00:00:00,,NO2 passive sampler network - Luxembourg,NET-LU006A
LU0819P,Crauthem - rue de Bettembourg,49.53631,6.14426,270.0,Luxembourg,,urban-centre,traffic,UTC,06/01/2021 00:00:00,,NO2 passive sampler network - Luxembourg,NET-LU006A
LU0820P,Livange - rue de Peppange,49.52903,6.11947,270.0,Luxembourg,,urban-centre,traffic,UTC,06/01/2021 00:00:00,,NO2 passive sampler network - Luxembourg,NET-LU006A
LU0821P,Peppange - rue de Crauthem,49.52457,6.13055,280.0,Luxembourg,,urban-centre,traffic,UTC,10/01/2018 00:00:00,,NO2 passive sampler network - Luxembourg,NET-LU006A
LU0822P,Roeser - rue du Brill,49.54481,6.14818,267.0,Luxembourg,,urban-centre,traffic,UTC,10/01/2018 00:00:00,,NO2 passive sampler network - Luxembourg,NET-LU006A
LU0823P,Roeser - Grand-Rue,49.54166,6.146,269.0,Luxembourg,,urban-centre,traffic,UTC,09/01/2019 00:00:00,,NO2 passive sampler network - Luxembourg,NET-LU006A
LU0824P,Rumelange - rue de lUsine,49.46105,6.03388,298.0,Luxembourg,,urban-centre,traffic,UTC,05/01/2022 00:00:00,,NO2 passive sampler network - Luxembourg,NET-LU006A
LU0825P,Rumelange - Grand-Rue,49.46108,6.0299,292.0,Luxembourg,,urban-centre,traffic,UTC,05/01/2022 00:00:00,,NO2 passive sampler network - Luxembourg,NET-LU006A
LU0826P,Rumelange - rue dEsch,49.46362,6.01569,314.0,Luxembourg,,urban-centre,traffic,UTC,05/01/2022 00:00:00,,NO2 passive sampler network - Luxembourg,NET-LU006A
LU0827P,Rumelange - rue des Martyrs,49.45668,6.03032,295.0,Luxembourg,,urban-centre,traffic,UTC,05/01/2022 00:00:00,,NO2 passive sampler network - Luxembourg,NET-LU006A
LU0828P,Rumelange - rue du Cimetire,49.46467,6.03158,299.0,Luxembourg,,urban-centre,traffic,UTC,05/01/2022 00:00:00,,NO2 passive sampler network - Luxembourg,NET-LU006A
LU0829P,Rumelange - rue du Parc - Terrain de Foot,49.4564,6.03331,329.0,Luxembourg,,urban-centre,traffic,UTC,05/01/2022 00:00:00,,NO2 passive sampler network - Luxembourg,NET-LU006A
LU0830P,Saeul - rue Principale,49.72667,5.98597,297.0,Luxembourg,,urban-centre,traffic,UTC,09/01/2019 00:00:00,,NO2 passive sampler network - Luxembourg,NET-LU006A
LU0831P,Saeul - rue de Nersch,49.72658,5.98701,299.0,Luxembourg,,urban-centre,traffic,UTC,09/01/2019 00:00:00,,NO2 passive sampler network - Luxembourg,NET-LU006A
LU0832P,Sandweiler - rue Principale,49.61692,6.21674,353.0,Luxembourg,,urban-centre,traffic,UTC,10/01/2018 00:00:00,,NO2 passive sampler network - Luxembourg,NET-LU006A
LU0833P,Sandweiler - rue de Remich - rue dOetrange,49.61359,6.22628,332.0,Luxembourg,,urban-centre,traffic,UTC,10/01/2018 00:00:00,,NO2 passive sampler network - Luxembourg,NET-LU006A
LU0834P,Belvaux - route dEsch,49.50993,5.94035,311.0,Luxembourg,,urban-centre,traffic,UTC,10/01/2018 00:00:00,,NO2 passive sampler network - Luxembourg,NET-LU006A
LU0837P,Wellenstein - route de Mondorf,49.52368,6.33793,184.0,Luxembourg,,urban-centre,traffic,UTC,04/01/2023 00:00:00,,NO2 passive sampler network - Luxembourg,NET-LU006A
LU0838P,Schieren - route de Luxembourg,49.82753,6.09632,206.0,Luxembourg,,urban-centre,traffic,UTC,09/01/2019 00:00:00,,NO2 passive sampler network - Luxembourg,NET-LU006A
LU0839P,Schieren - route de Stegen,49.83117,6.09741,208.0,Luxembourg,,urban-centre,traffic,UTC,09/01/2019 00:00:00,,NO2 passive sampler network - Luxembourg,NET-LU006A
LU0840P,Schieren - Kreuzberg,49.82585,6.1045,279.0,Luxembourg,,urban-centre,traffic,UTC,05/01/2022 00:00:00,,NO2 passive sampler network - Luxembourg,NET-LU006A
LU0841P,Schifflange - rue de la Libration,49.50551,6.01045,290.0,Luxembourg,,urban-centre,traffic,UTC,10/01/2018 00:00:00,,NO2 passive sampler network - Luxembourg,NET-LU006A
LU0842P,Schifflange - rue du Moulin,49.50737,6.00564,284.0,Luxembourg,,urban-centre,traffic,UTC,10/01/2018 00:00:00,,NO2 passive sampler network - Luxembourg,NET-LU006A
LU0844P,Munsbach - rue Principale,49.62962,6.26792,250.0,Luxembourg,,urban-centre,traffic,UTC,10/01/2018 00:00:00,,NO2 passive sampler network - Luxembourg,NET-LU006A
LU0845P,Schuttrange - rue Principale,49.62204,6.26647,252.0,Luxembourg,,urban-centre,traffic,UTC,10/01/2018 00:00:00,,NO2 passive sampler network - Luxembourg,NET-LU006A
LU0851P,Grass - rue Principale,49.63047,5.89166,321.0,Luxembourg,,urban-centre,traffic,UTC,06/01/2021 00:00:00,,NO2 passive sampler network - Luxembourg,NET-LU006A
LU0852P,Hagen - rue Principale,49.64856,5.93085,311.0,Luxembourg,,urban-centre,traffic,UTC,06/01/2021 00:00:00,,NO2 passive sampler network - Luxembourg,NET-LU006A
LU0853P,Kleinbettingen - rue de Hagen,49.64613,5.9164,312.0,Luxembourg,,urban-centre,traffic,UTC,06/01/2021 00:00:00,,NO2 passive sampler network - Luxembourg,NET-LU006A
LU0854P,Kleinbettingen - rue de la Gare,49.64457,5.91548,313.0,Luxembourg,,urban-centre,traffic,UTC,06/01/2021 00:00:00,,NO2 passive sampler network - Luxembourg,NET-LU006A
LU0855P,Steinfort - rue de Hobscheid,49.66039,5.91523,303.0,Luxembourg,,urban-centre,traffic,UTC,06/01/2021 00:00:00,,NO2 passive sampler network - Luxembourg,NET-LU006A
LU0856P,Steinfort - Ecole,49.65852,5.91441,302.0,Luxembourg,,urban-centre,traffic,UTC,06/01/2021 00:00:00,,NO2 passive sampler network - Luxembourg,NET-LU006A
LU0857P,Heisdorf - rue de Luxembourg,49.67401,6.13715,233.0,Luxembourg,,urban-centre,traffic,UTC,10/01/2018 00:00:00,,NO2 passive sampler network - Luxembourg,NET-LU006A
LU0858P,Mullendorf - rue des Champs,49.68143,6.12329,241.0,Luxembourg,,urban-centre,traffic,UTC,10/01/2018 00:00:00,,NO2 passive sampler network - Luxembourg,NET-LU006A
LU0859P,Steinsel - rue Paul Eyschen,49.67726,6.12502,238.0,Luxembourg,,urban-centre,traffic,UTC,10/01/2018 00:00:00,,NO2 passive sampler network - Luxembourg,NET-LU006A
LU0866P,Strassen - rue des Romains,49.61851,6.06331,305.0,Luxembourg,,urban-centre,traffic,UTC,10/01/2018 00:00:00,,NO2 passive sampler network - Luxembourg,NET-LU006A
LU0867P,Strassen - Chausse Blanche,49.62303,6.06442,326.0,Luxembourg,,urban-centre,traffic,UTC,10/01/2018 00:00:00,,NO2 passive sampler network - Luxembourg,NET-LU006A
LU0868P,Strassen - rue de Reckenthal,49.62036,6.09069,318.0,Luxembourg,,urban-centre,traffic,UTC,10/01/2018 00:00:00,,NO2 passive sampler network - Luxembourg,NET-LU006A
LU0887P,Troisvirges - Grand-Rue,50.12065,5.99928,437.0,Luxembourg,,urban-centre,traffic,UTC,09/01/2019 00:00:00,,NO2 passive sampler network - Luxembourg,NET-LU006A
LU0888P,Christnach - Moellerdallerstrooss,49.78804,6.27437,310.0,Luxembourg,,urban-centre,traffic,UTC,08/01/2020 00:00:00,,NO2 passive sampler network - Luxembourg,NET-LU006A
LU0889P,Christnach - Schoulstrooss,49.78893,6.27315,309.0,Luxembourg,,urban-centre,traffic,UTC,08/01/2020 00:00:00,,NO2 passive sampler network - Luxembourg,NET-LU006A
LU0890P,Haller - rue Hallerbach,49.82023,6.28352,328.0,Luxembourg,,urban-centre,traffic,UTC,08/01/2020 00:00:00,,NO2 passive sampler network - Luxembourg,NET-LU006A
LU0891P,Mllerthal - rue des Rochers,49.79028,6.30763,215.0,Luxembourg,,urban-centre,traffic,UTC,08/01/2020 00:00:00,,NO2 passive sampler network - Luxembourg,NET-LU006A
LU0892P,Waldbillig - A Kilker,49.79685,6.27813,306.0,Luxembourg,,urban-centre,traffic,UTC,08/01/2020 00:00:00,,NO2 passive sampler network - Luxembourg,NET-LU006A
LU0893P,Waldbillig - rue de Christnach,49.79644,6.28148,302.0,Luxembourg,,urban-centre,traffic,UTC,08/01/2020 00:00:00,,NO2 passive sampler network - Luxembourg,NET-LU006A
LU0894P,Trintange - rue de Remich,49.57528,6.27841,201.0,Luxembourg,,urban-centre,traffic,UTC,09/01/2019 00:00:00,,NO2 passive sampler network - Luxembourg,NET-LU006A
LU0895P,Trintange - rue Principale,49.57117,6.2789,201.0,Luxembourg,,urban-centre,traffic,UTC,09/01/2019 00:00:00,,NO2 passive sampler network - Luxembourg,NET-LU006A
LU0896P,Waldbredimus - rue Principale,49.55611,6.28536,190.0,Luxembourg,,urban-centre,traffic,UTC,09/01/2019 00:00:00,,NO2 passive sampler network - Luxembourg,NET-LU006A
LU0897P,Helmsange - route de Diekirch,49.6592,6.1308,232.0,Luxembourg,,urban-centre,traffic,UTC,04/01/2016 00:00:00,,NO2 passive sampler network - Luxembourg,NET-LU006A
LU0898P,Syren - rue de Moutfort,49.56589,6.21974,266.0,Luxembourg,,urban-centre,traffic,UTC,06/01/2021 00:00:00,,NO2 passive sampler network - Luxembourg,NET-LU006A
LU0899P,Wiltz - op der Lann,49.96748,5.93038,331.0,Luxembourg,,urban-centre,traffic,UTC,10/01/2018 00:00:00,,NO2 passive sampler network - Luxembourg,NET-LU006A
LU0902P,Wincrange - Maison 65,50.05461,5.91712,501.0,Luxembourg,,urban-centre,traffic,UTC,09/01/2019 00:00:00,,NO2 passive sampler network - Luxembourg,NET-LU006A
LU0903P,Wormeldange - rue de Dreiborn,49.61208,6.40573,151.0,Luxembourg,,urban-centre,traffic,UTC,10/01/2018 00:00:00,,NO2 passive sampler network - Luxembourg,NET-LU006A
LU0904P,CR129 Eschweiler - Beidweiler,49.72225,6.30533,320.1,Luxembourg,,urban-centre,traffic,UTC,04/01/2023 00:00:00,,NO2 passive sampler network - Luxembourg,NET-LU006A
LU0905P,CR129 Eschweiler - Beidweiler,49.72225,6.30533,320.1,Luxembourg,,urban-centre,traffic,UTC,04/01/2023 00:00:00,,NO2 passive sampler network - Luxembourg,NET-LU006A
LU0906P,Burden - rue St Hubert,49.88244,6.09012,389.8,Luxembourg,,urban-centre,traffic,UTC,04/01/2023 00:00:00,,NO2 passive sampler network - Luxembourg,NET-LU006A
LU0907P,Erpeldange-sur-Sre - Porte des Ardennes,49.86448,6.11284,202.2,Luxembourg,,urban-centre,traffic,UTC,04/01/2023 00:00:00,,NO2 passive sampler network - Luxembourg,NET-LU006A
LU0908P,Ettelbrck - rue Grande-Duchesse J Charlotte,49.84285,6.09218,200.5,Luxembourg,,urban-centre,traffic,UTC,04/01/2023 00:00:00,,NO2 passive sampler network - Luxembourg,NET-LU006A
LU0909P,Ettelbrck - rue Pierre Wiser,49.84826,6.09967,200.3,Luxembourg,,urban-centre,traffic,UTC,04/01/2023 00:00:00,,NO2 passive sampler network - Luxembourg,NET-LU006A
LU0910P,Ettelbrck - rue Philippe Manternach,49.85018,6.08813,283.4,Luxembourg,,urban-centre,traffic,UTC,04/01/2023 00:00:00,,NO2 passive sampler network - Luxembourg,NET-LU006A
LU0911P,Ettelbrck - rue du Deich,49.84374,6.09714,198.8,Luxembourg,,urban-centre,traffic,UTC,04/01/2023 00:00:00,,NO2 passive sampler network - Luxembourg,NET-LU006A
LU0912P,Ingeldorf - route dEttelbrck,49.85327,6.13109,194.9,Luxembourg,,urban-centre,traffic,UTC,04/01/2023 00:00:00,,NO2 passive sampler network - Luxembourg,NET-LU006A
LU0913P,Ingeldorf - rue de la Sre,49.8513,6.13306,194.3,Luxembourg,,urban-centre,traffic,UTC,04/01/2023 00:00:00,,NO2 passive sampler network - Luxembourg,NET-LU006A
LU0914P,Warken - rue de Welscheid,49.85711,6.08913,208.8,Luxembourg,,urban-centre,traffic,UTC,04/01/2023 00:00:00,,NO2 passive sampler network - Luxembourg,NET-LU006A
LU0915P,Beidweiler,49.72226,6.30533,319.0,Luxembourg,,rural,traffic,UTC,03/01/2024 00:00:00,,NO2 passive sampler network - Luxembourg,NET-LU006A
LU0916P,Assel - rue de Luxembourg,49.55504,6.31272,167.3,Luxembourg,,rural,traffic,UTC,03/01/2024 00:00:00,,NO2 passive sampler network - Luxembourg,NET-LU006A
LU0917P,Bereldange - route de Luxembourg,49.65622,6.12709,231.2,Luxembourg,,urban-centre,traffic,UTC,03/01/2024 00:00:00,,NO2 passive sampler network - Luxembourg,NET-LU006A
LU0918P,Bereldange - rue de Bridel,49.65296,6.12005,249.5,Luxembourg,,urban-centre,traffic,UTC,03/01/2024 00:00:00,,NO2 passive sampler network - Luxembourg,NET-LU006A
LU0919P,Bissen - route de Mersch,49.78766,6.06638,220.8,Luxembourg,,urban-centre,traffic,UTC,03/01/2024 00:00:00,,NO2 passive sampler network - Luxembourg,NET-LU006A
LU0920P,Bissen - route de Boevange,49.78855,6.06187,226.6,Luxembourg,,urban-centre,traffic,UTC,03/01/2024 00:00:00,,NO2 passive sampler network - Luxembourg,NET-LU006A
LU0921P,Colmar-Berg - rue de lEcole,49.80938,6.09271,205.9,Luxembourg,,urban-centre,traffic,UTC,03/01/2024 00:00:00,,NO2 passive sampler network - Luxembourg,NET-LU006A
LU0922P,Eppeldorf - Gich,49.84478,6.24716,285.3,Luxembourg,,rural,traffic,UTC,03/01/2024 00:00:00,,NO2 passive sampler network - Luxembourg,NET-LU006A
LU0923P,Erpeldange - Emeringerhaff,49.5397,6.32355,175.4,Luxembourg,,rural,traffic,UTC,03/01/2024 00:00:00,,NO2 passive sampler network - Luxembourg,NET-LU006A
LU0924P,Ermsdorf - Gilsduerferstrooss,49.82902,6.22076,250.6,Luxembourg,,rural,traffic,UTC,03/01/2024 00:00:00,,NO2 passive sampler network - Luxembourg,NET-LU006A
LU0925P,Ettelbruck - Avenue des Allies,49.84126,6.09863,200.9,Luxembourg,,urban-centre,traffic,UTC,03/01/2024 00:00:00,,NO2 passive sampler network - Luxembourg,NET-LU006A
LU0926P,Fennange - route dEsch,49.51918,6.07815,277.0,Luxembourg,,urban-centre,traffic,UTC,03/01/2024 00:00:00,,NO2 passive sampler network - Luxembourg,NET-LU006A
LU0927P,Folkendange - Maison 2,49.84231,6.20263,313.9,Luxembourg,,rural,traffic,UTC,03/01/2024 00:00:00,,NO2 passive sampler network - Luxembourg,NET-LU006A
LU0928P,Helmsange - Millewee,49.66831,6.13278,230.8,Luxembourg,,urban-centre,traffic,UTC,03/01/2024 00:00:00,,NO2 passive sampler network - Luxembourg,NET-LU006A
LU0929P,Helmsange - rue Prince Henri,49.65946,6.13907,250.7,Luxembourg,,urban-centre,traffic,UTC,03/01/2024 00:00:00,,NO2 passive sampler network - Luxembourg,NET-LU006A
LU0930P,Hunsdorf - rue de Steinsel,49.69676,6.13013,225.6,Luxembourg,,urban-centre,traffic,UTC,03/01/2024 00:00:00,,NO2 passive sampler network - Luxembourg,NET-LU006A
LU0931P,Merdernach - rue de Larochette,49.80581,6.21387,257.9,Luxembourg,,rural,traffic,UTC,03/01/2024 00:00:00,,NO2 passive sampler network - Luxembourg,NET-LU006A
LU0932P,Mensdorf - rue Principale,49.65423,6.30471,249.9,Luxembourg,,rural,traffic,UTC,03/01/2024 00:00:00,,NO2 passive sampler network - Luxembourg,NET-LU006A
LU0933P,Noertzange - route Principale,49.50945,6.06046,275.0,Luxembourg,,urban-centre,traffic,UTC,03/01/2024 00:00:00,,NO2 passive sampler network - Luxembourg,NET-LU006A
LU0934P,Platen - rue Principale,49.79306,5.93737,269.7,Luxembourg,,rural,traffic,UTC,03/01/2024 00:00:00,,NO2 passive sampler network - Luxembourg,NET-LU006A
LU0935P,Roodt/Syre - route de Grevenmacher,49.66695,6.30513,240.3,Luxembourg,,rural,traffic,UTC,03/01/2024 00:00:00,,NO2 passive sampler network - Luxembourg,NET-LU006A
LU0936P,Roost - route de Luxembourg,49.78861,6.09673,281.4,Luxembourg,,urban-centre,traffic,UTC,03/01/2024 00:00:00,,NO2 passive sampler network - Luxembourg,NET-LU006A
LU0937P,Savelborn - Maison 3,49.81131,6.25238,366.2,Luxembourg,,rural,traffic,UTC,03/01/2024 00:00:00,,NO2 passive sampler network - Luxembourg,NET-LU006A
LU0938P,Stegen - Haaptstrooss,49.8292,6.17085,322.6,Luxembourg,,rural,traffic,UTC,03/01/2024 00:00:00,,NO2 passive sampler network - Luxembourg,NET-LU006A
LU0939P,Walferdange - rue de lEglise,49.65378,6.13272,233.8,Luxembourg,,urban-centre,traffic,UTC,03/01/2024 00:00:00,,NO2 passive sampler network - Luxembourg,NET-LU006A
LV0010R,Rucava,56.16235,21.17333,18.0,Latvia,Rucava,rural-regional,background,UTC+02,01/01/2022 00:00:00,,Regional GAW/EMEP Monitoring Network,NET-LV001A
LV0026A,Riga Kronvalda boulevard,56.95485,24.10476,3.0,Latvia,Riga,urban-centre,background,UTC+02,01/01/2022 00:00:00,,Air Quality Monitoring Network,NET-LV002A
LV0027A,Riga-Valdemara street,56.96088,24.12117,5.0,Latvia,Riga,urban-centre,traffic,UTC+02,01/01/2022 00:00:00,,Air Quality Monitoring Network,NET-LV002A
LV0028A,"Liepaja, Ezerlicu street",56.48668,21.0167,1.0,Latvia,Liepaja,urban-centre,traffic,UTC+02,01/01/2022 00:00:00,,Air Quality Monitoring Network,NET-LV002A
LV0029A,"Liepaja, Ganibu street",56.49628,21.01441,2.0,Latvia,Liepaja,urban-centre,background,UTC+02,01/01/2022 00:00:00,,Air Quality Monitoring Network,NET-LV002A
LV0030A,"Rezekne, Atbrivosanas alea",56.51351,27.33462,152.0,Latvia,Rezekne,urban-centre,traffic,UTC+02,01/01/2022 00:00:00,,Air Quality Monitoring Network,NET-LV002A
LV0031A,"Rezekne, Darzu street",56.51101,27.33775,157.0,Latvia,Rezekne,urban-centre,background,UTC+02,01/01/2022 00:00:00,,Air Quality Monitoring Network,NET-LV002A
ME0001A,Pljevlja,43.35722,19.34913,777.0,Montenegro,Pljevlja,urban-centre,background,UTC+01,01/05/2009 00:00:00,,National Monitoring Network Montenegro,NET-ME001A
ME0007A,Gradina,43.27336,19.28057,1094.0,Montenegro,Pljevlja,urban-periphery,background,UTC+01,31/12/2023 00:00:00,,National Monitoring Network Montenegro,NET-ME001A
ME0009A,Niksic2,42.78121,18.94291,629.0,Montenegro,Nik_i_,urban-centre,background,UTC+01,04/04/2012 00:00:00,,National Monitoring Network Montenegro,NET-ME001A
ME0010A,Podgorica 2 (UB),42.44802,19.24095,49.0,Montenegro,Podgorica,urban-centre,background,UTC+01,01/10/2019 00:00:00,,National Monitoring Network Montenegro,NET-ME001A
ME0011A,Podgorica 3 (UT),42.42021,19.25525,49.0,Montenegro,Podgorica,urban-centre,traffic,UTC+01,01/10/2019 00:00:00,,National Monitoring Network Montenegro,NET-ME001A
ME0012A,Podgorica 4 (RB),42.5176,19.32774,221.0,Montenegro,Podgorica,rural,background,UTC+01,01/10/2019 00:00:00,,National Monitoring Network Montenegro,NET-ME001A
ME0013A,Bijelo Polje,43.02955,19.7424,572.0,Montenegro,Bijelo Polje,urban-centre,background,UTC+01,01/10/2019 00:00:00,,National Monitoring Network Montenegro,NET-ME001A
ME0014A,Kotor,42.46591,18.76468,7.0,Montenegro,Kotor,urban-centre,traffic,UTC+01,01/10/2019 00:00:00,,National Monitoring Network Montenegro,NET-ME001A
MK0030A,Gazi Baba,42.00361,21.46362,250.0,North Macedonia,,urban-periphery,background,UTC+01,28/03/1998 00:00:00,,State Air Quality Monitoring Network,NET-MK005A
MK0031A,Lisice,41.97833,21.47,235.0,North Macedonia,,urban-centre,industrial,UTC+01,28/03/1998 00:00:00,,State Air Quality Monitoring Network,NET-MK005A
MK0034A,Kocani,41.91389,22.41585,349.0,North Macedonia,,urban-centre,traffic,UTC+01,10/12/2002 00:00:00,,State Air Quality Monitoring Network,NET-MK005A
MK0035A,Kicevo,41.51445,20.95862,620.0,North Macedonia,,urban-centre,industrial,UTC+01,10/12/2002 00:00:00,,State Air Quality Monitoring Network,NET-MK005A
MK0036A,Kumanovo,42.13556,21.71474,337.0,North Macedonia,,urban-centre,background,UTC+01,10/12/2002 00:00:00,,State Air Quality Monitoring Network,NET-MK005A
MK0037A,Bitola 1 UHMR,41.04,21.3564,586.0,North Macedonia,,urban-centre,industrial,UTC+01,13/05/2004 00:00:00,,State Air Quality Monitoring Network,NET-MK005A
MK0038A,Bitola 2 Strezevo,41.03028,21.33667,600.0,North Macedonia,,urban-centre,traffic,UTC+01,13/05/2004 00:00:00,,State Air Quality Monitoring Network,NET-MK005A
MK0040A,Veles 2 Gradinka,41.70583,21.76529,191.0,North Macedonia,,urban-centre,traffic,UTC+01,13/05/2004 00:00:00,,State Air Quality Monitoring Network,NET-MK005A
MK0041A,Tetovo,41.99759,20.96518,84.0,North Macedonia,,urban-centre,traffic,UTC+01,13/05/2004 00:00:00,,State Air Quality Monitoring Network,NET-MK005A
MK0042A,Lazaropole,41.53583,20.6989,1333.0,North Macedonia,,rural,background,UTC+01,13/05/2004 00:00:00,,State Air Quality Monitoring Network,NET-MK005A
MK0043A,Rektorat,41.99917,21.44084,270.0,North Macedonia,,urban-centre,traffic,UTC+01,06/04/2005 00:00:00,,State Air Quality Monitoring Network,NET-MK005A
MK0044A,Kavadarci,41.44056,22.00723,269.0,North Macedonia,,urban-centre,industrial,UTC+01,07/04/2005 00:00:00,,State Air Quality Monitoring Network,NET-MK005A
MK0045A,Miladinovci,41.98744,21.6525,268.0,North Macedonia,,urban-periphery,industrial,UTC+01,01/01/2009 00:00:00,,State Air Quality Monitoring Network,NET-MK005A
MK0047A,Centar,41.992,21.423,246.0,North Macedonia,,urban-centre,traffic,UTC+01,01/01/2012 00:00:00,,State Air Quality Monitoring Network,NET-MK005A
MK0048A,Karpos,42.006,21.387,255.0,North Macedonia,,urban-centre,background,UTC+01,01/01/2012 00:00:00,,State Air Quality Monitoring Network,NET-MK005A
MK0049A,Strumica,41.43913,22.64316,230.0,North Macedonia,,urban-centre,background,UTC+01,01/01/2018 00:00:00,,State Air Quality Monitoring Network,NET-MK005A
MK0050A,Gostivar,41.79974,20.90973,510.0,North Macedonia,,urban-centre,background,UTC+01,01/01/2018 00:00:00,,State Air Quality Monitoring Network,NET-MK005A
MK0051A,Gevgelija,41.13914,22.49604,60.0,North Macedonia,Gevgelija,urban-centre,background,UTC+01,01/11/2020 00:00:00,,State Air Quality Monitoring Network,NET-MK005A
MK0052A,Prilep,41.343,21.56286,650.0,North Macedonia,Prilep,urban-centre,background,UTC+01,01/01/2022 00:00:00,,State Air Quality Monitoring Network,NET-MK005A
MK0053A,Berovo,41.70731,22.85271,800.0,North Macedonia,Berovo,urban-centre,background,UTC+01,01/01/2022 00:00:00,,State Air Quality Monitoring Network,NET-MK005A
MK0054A,Ohrid,41.11422,20.80664,695.0,North Macedonia,Ohrid,urban-centre,traffic,UTC+01,01/11/2022 00:00:00,,State Air Quality Monitoring Network,NET-MK005A
MT00004,Zejtun Station,35.85227,14.53894,56.0,Malta,Zejtun,urban-centre,background,UTC+01,01/07/2006 00:00:00,,Maltese Islands Network,NET-MT001A
MT00007,Gharb Station,36.06705,14.19707,114.0,Malta,Gharb,rural-regional,background,UTC+01,01/06/2007 00:00:00,,Maltese Islands Network,NET-MT001A
MT00008,Attard Station,35.89009,14.43457,86.0,Malta,Attard,urban-centre,background,UTC+01,16/01/2024 00:00:00,,Maltese Islands Network,NET-MT001A
MT00009,St. Paul's Bay Station,35.94485,14.38574,7.0,Malta,Saint Paul's Bay,urban-centre,traffic,UTC+01,15/02/2022 00:00:00,,Maltese Islands Network,NET-MT001A
MT00011,Msida Station,35.89556,14.49322,2.0,Malta,Msida,urban-centre,traffic,UTC+01,17/01/2024 00:00:00,,Maltese Islands Network,NET-MT001A
NL00002,Amsterdam-Haarlemmerweg,52.38542,4.87575,1.0,Netherlands,Amsterdam,urban-centre,traffic,UTC+01,01/01/1998 00:00:00,,Landelijk Meetnet Luchtkwaliteit,NET-NL010A
NL00003,Amsterdam-Nieuwendammerdijk,52.38931,4.94382,4.0,Netherlands,Amsterdam,urban-centre,background,UTC+01,01/01/1998 00:00:00,,Amsterdamse Meetnet Luchtkwaliteit,NET-NL049A
NL00007,Amsterdam-Einsteinweg,52.38133,4.84523,2.0,Netherlands,Amsterdam,urban-centre,traffic,UTC+01,01/12/1999 00:00:00,,Amsterdamse Meetnet Luchtkwaliteit,NET-NL049A
NL00012,Amsterdam-Van Diemenstraat,52.38998,4.88781,3.0,Netherlands,Amsterdam,urban-centre,traffic,UTC+01,01/01/2008 00:00:00,,Amsterdamse Meetnet Luchtkwaliteit,NET-NL049A
NL00014,Amsterdam-Vondelpark,52.35971,4.86621,2.0,Netherlands,Amsterdam,urban-centre,background,UTC+01,01/01/1999 00:00:00,,Amsterdamse Meetnet Luchtkwaliteit,NET-NL049A
NL00016,Amsterdam-Westerpark,52.39397,4.87016,3.0,Netherlands,Amsterdam,urban-centre,background,UTC+01,01/01/2001 00:00:00,,Amsterdamse Meetnet Luchtkwaliteit,NET-NL049A
NL00017,Amsterdam-Stadhouderskade,52.35804,4.8997,5.0,Netherlands,Amsterdam,urban-centre,traffic,UTC+01,01/01/1999 00:00:00,,Amsterdamse Meetnet Luchtkwaliteit,NET-NL049A
NL00019,Amsterdam-Oude Schans,52.37206,4.9044,6.0,Netherlands,Amsterdam,urban-centre,background,UTC+01,01/01/2007 00:00:00,,Amsterdamse Meetnet Luchtkwaliteit,NET-NL049A
NL00020,Amsterdam-Jan van Galenstraat,52.37479,4.86032,1.0,Netherlands,Amsterdam,urban-centre,traffic,UTC+01,01/01/2007 00:00:00,,Amsterdamse Meetnet Luchtkwaliteit,NET-NL049A
NL00021,Amsterdam-Kantershof (Zuid Oost),52.32069,4.9884,0.0,Netherlands,Amsterdam,urban-centre,background,UTC+01,01/01/2007 00:00:00,,Amsterdamse Meetnet Luchtkwaliteit,NET-NL049A
NL00022,Amsterdam-Sportpark Ookmeer (Osdorp),52.36681,4.79334,2.0,Netherlands,Amsterdam,urban-centre,background,UTC+01,01/01/2007 00:00:00,,Amsterdamse Meetnet Luchtkwaliteit,NET-NL049A
NL00133,Wijnandsrade-Opfergeltstraat,50.90233,5.88169,91.0,Netherlands,Wijnandsrade,urban-periphery,background,UTC+01,01/07/1987 00:00:00,,Landelijk Meetnet Luchtkwaliteit,NET-NL010A
NL00138,Heerlen-Jamboreepad,50.90032,5.98685,99.0,Netherlands,Heerlen,urban-centre,background,UTC+01,01/11/2013 00:00:00,,Landelijk Meetnet Luchtkwaliteit,NET-NL010A
NL00236,Eindhoven-Genovevalaan,51.46863,5.47231,20.0,Netherlands,Eindhoven,urban-centre,traffic,UTC+01,01/03/1993 00:00:00,,Landelijk Meetnet Luchtkwaliteit,NET-NL010A
NL00240,Breda-Tilburgseweg,51.59354,4.82499,8.0,Netherlands,Breda,urban-centre,traffic,UTC+01,01/04/2005 00:00:00,,Landelijk Meetnet Luchtkwaliteit,NET-NL010A
NL00241,Breda-Bastenakenstraat,51.60308,4.78102,1.0,Netherlands,Breda,urban-centre,background,UTC+01,01/02/2005 00:00:00,,Landelijk Meetnet Luchtkwaliteit,NET-NL010A
NL00246,Fijnaart-Zwingelspaansedijk,51.65372,4.5153,2.0,Netherlands,Fijnaart,rural,background,UTC+01,01/09/2007 00:00:00,,Landelijk Meetnet Luchtkwaliteit,NET-NL010A
NL00247,Veldhoven-Europalaan,51.40737,5.39333,26.0,Netherlands,Veldhoven,urban-centre,background,UTC+01,01/09/2009 00:00:00,,Landelijk Meetnet Luchtkwaliteit,NET-NL010A
NL00318,Philippine-Stelleweg,51.29447,3.74941,5.0,Netherlands,Braakman,rural,background,UTC+01,01/04/1986 00:00:00,,Landelijk Meetnet Luchtkwaliteit,NET-NL010A
NL00442,Dordrecht-Bamendaweg,51.80066,4.70824,1.0,Netherlands,Dordrecht,urban-centre,background,UTC+01,01/11/2010 00:00:00,,Landelijk Meetnet Luchtkwaliteit,NET-NL010A
NL00444,De Zilk-Vogelaarsdreef,52.29656,4.51082,4.0,Netherlands,De Zilk,rural,background,UTC+01,01/05/1994 00:00:00,,Landelijk Meetnet Luchtkwaliteit,NET-NL010A
NL00445,Den Haag-Veerkade,52.07507,4.31587,0.0,Netherlands,Den Haag,urban-centre,traffic,UTC+01,01/09/2003 00:00:00,,Landelijk Meetnet Luchtkwaliteit,NET-NL010A
NL00446,Den Haag-Bleriotlaan,52.03902,4.35938,0.0,Netherlands,Den Haag,urban-centre,background,UTC+01,01/11/2005 00:00:00,,Landelijk Meetnet Luchtkwaliteit,NET-NL010A
NL00449,Vlaardingen-Riouwlaan,51.91488,4.32943,0.0,Netherlands,Vlaardingen,urban-centre,traffic,UTC+01,01/04/2019 00:00:00,,Landelijk Meetnet Luchtkwaliteit,NET-NL010A
NL00450,Den Haag-Neherkade,52.06254,4.31855,1.0,Netherlands,Den Haag,urban-centre,traffic,UTC+01,01/10/2022 00:00:00,,Landelijk Meetnet Luchtkwaliteit,NET-NL010A
NL00484,Botlek-Oude Maasweg,51.88889,4.3125,5.0,Netherlands,Botlek,urban-centre,industrial,UTC+01,01/07/1999 00:00:00,,DCMR Luchtkwaliteit Meetnet Rijnmond,NET-NL001A
NL00485,Hoogvliet-Leemkuil,51.86741,4.35524,3.0,Netherlands,Hoogvliet,urban-centre,background,UTC+01,01/01/2003 00:00:00,,DCMR Luchtkwaliteit Meetnet Rijnmond,NET-NL001A
NL00487,Rotterdam Zuid-Pleinweg,51.89115,4.48069,3.0,Netherlands,Rotterdam,urban-centre,traffic,UTC+01,01/06/2010 00:00:00,,DCMR Luchtkwaliteit Meetnet Rijnmond,NET-NL001A
NL00488,Rotterdam Zuid-Zwartewaalstraat,51.89363,4.48758,2.0,Netherlands,Rotterdam,urban-centre,background,UTC+01,01/06/2010 00:00:00,,DCMR Luchtkwaliteit Meetnet Rijnmond,NET-NL001A
NL00489,Ridderkerk-Hogeweg,51.86943,4.58006,2.0,Netherlands,Ridderkerk,urban-centre,traffic,UTC+01,01/07/2004 00:00:00,,DCMR Luchtkwaliteit Meetnet Rijnmond,NET-NL001A
NL00491,Rotterdam-Oost Sidelinge A13,51.93859,4.43071,-1.0,Netherlands,Rotterdam,urban-centre,traffic,UTC+01,01/01/2003 00:00:00,,DCMR Luchtkwaliteit Meetnet Rijnmond,NET-NL001A
NL00492,Rotterdam-Vasteland,51.91423,4.48,1.0,Netherlands,Rotterdam,urban-centre,traffic,UTC+01,01/06/2007 00:00:00,,DCMR Luchtkwaliteit Meetnet Rijnmond,NET-NL001A
NL00493,Rotterdam Noord-Statenweg,51.92711,4.46134,2.0,Netherlands,Rotterdam,urban-centre,traffic,UTC+01,01/04/2005 00:00:00,,DCMR Luchtkwaliteit Meetnet Rijnmond,NET-NL001A
NL00495,Maassluis-Kwartellaan,51.93204,4.22803,4.0,Netherlands,Maassluis,urban-centre,background,UTC+01,01/01/2003 00:00:00,,DCMR Luchtkwaliteit Meetnet Rijnmond,NET-NL001A
NL00496,Hoek v. Holland-Berghaven,51.97783,4.1219,6.0,Netherlands,Hoek v. Holland,urban-periphery,industrial,UTC+01,01/01/2007 00:00:00,,DCMR Luchtkwaliteit Meetnet Rijnmond,NET-NL001A
NL00546,Zaanstad-Hemkade,52.42023,4.83206,4.0,Netherlands,Zaandam,urban-centre,industrial,UTC+01,01/01/2012 00:00:00,,Meetnet provincie Noord Holland,NET-NL052A
NL00550,Haarlem-Schipholweg,52.37052,4.64231,2.0,Netherlands,Haarlem,urban-centre,traffic,UTC+01,01/12/2014 00:00:00,,Landelijk Meetnet Luchtkwaliteit,NET-NL010A
NL00551,IJmuiden-Kanaaldijk,52.46304,4.60178,10.0,Netherlands,IJmuiden,urban-centre,industrial,UTC+01,01/01/2002 00:00:00,,Meetnet provincie Noord Holland,NET-NL052A
NL00553,Wijk aan Zee-Burgemeester Rothestraat,52.494,4.60238,11.0,Netherlands,Wijk aan Zee,urban-centre,industrial,UTC+01,01/01/1997 00:00:00,,Meetnet provincie Noord Holland,NET-NL052A
NL00556,De Rijp-Oostdijkje,52.56364,4.86164,3.0,Netherlands,De Rijp,rural,background,UTC+01,01/01/2002 00:00:00,,Meetnet provincie Noord Holland,NET-NL052A
NL00561,Badhoevedorp-Sloterweg,52.33362,4.77347,-2.0,Netherlands,Badhoevedorp,urban-centre,background,UTC+01,01/08/2002 00:00:00,,Meetnet provincie Noord Holland,NET-NL052A
NL00564,Hoofddorp-Hoofdweg,52.32746,4.71501,-4.0,Netherlands,Hoofddorp,rural,background,UTC+01,01/12/2000 00:00:00,,Meetnet provincie Noord Holland,NET-NL052A
NL00565,Oude Meer-Aalsmeerderdijk,52.27995,4.77067,2.0,Netherlands,Schiphol-Rijk,rural,background,UTC+01,01/09/2010 00:00:00,,Meetnet provincie Noord Holland,NET-NL052A
NL00570,Beverwijk West-Creutzberglaan,52.48927,4.64054,6.0,Netherlands,Beverwijk,urban-centre,background,UTC+01,01/01/2007 00:00:00,,Meetnet provincie Noord Holland,NET-NL052A
NL00572,Velsen-Staalstraat,52.4744,4.62853,4.0,Netherlands,Velsen-Noord,urban-centre,industrial,UTC+01,01/01/2011 00:00:00,,Meetnet provincie Noord Holland,NET-NL052A
NL00573,Velsen-Reijndersweg,52.478,4.57877,11.0,Netherlands,Velsen-Noord,rural,industrial,UTC+01,01/01/2011 00:00:00,,Meetnet provincie Noord Holland,NET-NL052A
NL00639,Utrecht-Constant Erzeijstraat,52.06775,5.12051,4.0,Netherlands,Utrecht,urban-centre,traffic,UTC+01,01/09/1992 00:00:00,,Landelijk Meetnet Luchtkwaliteit,NET-NL010A
NL00643,Utrecht-Griftpark,52.10133,5.12821,5.0,Netherlands,Utrecht,urban-centre,background,UTC+01,01/03/2011 00:00:00,,Landelijk Meetnet Luchtkwaliteit,NET-NL010A
NL00644,Cabauw-Wielsekade,51.97449,4.9233,0.0,Netherlands,Cabauw,rural,background,UTC+01,01/04/2011 00:00:00,,Landelijk Meetnet Luchtkwaliteit,NET-NL010A
NL00701,Zaandam-Wagenschotpad,52.44801,4.81671,2.0,Netherlands,Zaandam,urban-centre,background,UTC+01,01/05/2006 00:00:00,,Amsterdamse Meetnet Luchtkwaliteit,NET-NL049A
NL00703,Amsterdam-Spaarnwoude,52.39857,4.72859,-1.0,Netherlands,Halfweg NH,rural,background,UTC+01,01/01/2009 00:00:00,,Amsterdamse Meetnet Luchtkwaliteit,NET-NL049A
NL00704,Amsterdam-Hoogtij,52.42806,4.77322,1.0,Netherlands,Amsterdam,urban-centre,industrial,UTC+01,01/01/2009 00:00:00,,Amsterdamse Meetnet Luchtkwaliteit,NET-NL049A
NL00722,Eibergen-Lintveldseweg,52.09174,6.60535,20.0,Netherlands,Eibergen,rural,background,UTC+01,01/04/1986 00:00:00,,Landelijk Meetnet Luchtkwaliteit,NET-NL010A
NL00741,Nijmegen-Graafseweg,51.84138,5.85777,31.0,Netherlands,Nijmegen,urban-centre,traffic,UTC+01,01/05/2003 00:00:00,,Landelijk Meetnet Luchtkwaliteit,NET-NL010A
NL00821,Enschede-Winkelhorst.,52.23453,6.91945,58.0,Netherlands,Enschede,urban-centre,background,UTC+01,01/05/2015 00:00:00,,Landelijk Meetnet Luchtkwaliteit,NET-NL010A
NL00934,Kollumerwaard-Hooge Zuidwal,53.33043,6.27694,1.0,Netherlands,Kollumerwaard,rural,background,UTC+01,01/01/1990 00:00:00,,Landelijk Meetnet Luchtkwaliteit,NET-NL010A
NL00937,Groningen-Europaweg,53.21783,6.57889,5.0,Netherlands,Groningen,urban-centre,traffic,UTC+01,01/05/2003 00:00:00,,Landelijk Meetnet Luchtkwaliteit,NET-NL010A
NL00938,Groningen-Nijensteinheerd,53.2465,6.60904,0.0,Netherlands,Groningen,urban-centre,background,UTC+01,01/05/2005 00:00:00,,Landelijk Meetnet Luchtkwaliteit,NET-NL010A
NL01437,Westmaas-Groeneweg,51.78658,4.45045,0.0,Netherlands,Westmaas,rural,background,UTC+01,01/12/2017 00:00:00,,DCMR Luchtkwaliteit Meetnet Rijnmond,NET-NL001A
NL01497,Maasvlakte,51.93352,3.99972,21.0,Netherlands,Rotterdam,rural,background,UTC+01,01/12/2021 00:00:00,,DCMR Luchtkwaliteit Meetnet Rijnmond,NET-NL001A
NL01912,Ridderkerk-Voorweg,51.86169,4.56377,2.0,Netherlands,Ridderkerk,urban-centre,background,UTC+01,01/01/2021 00:00:00,,DCMR Luchtkwaliteit Meetnet Rijnmond,NET-NL001A
NL01913,Sluiskil-Stroodorpestraat,51.27938,3.83859,2.0,Netherlands,Sluiskil,rural,industrial,UTC+01,01/12/2020 00:00:00,,DCMR Luchtkwaliteit Meetnet Rijnmond,NET-NL001A
NL10248,Nistelrode-Gagelstraat,51.69816,5.54332,8.0,Netherlands,Nistelrode,rural,background,UTC+01,01/01/2023 00:00:00,,Landelijk Meetnet Luchtkwaliteit,NET-NL010A
NL10320,Burgh-Haamstede-Torenweg,51.70644,3.7145,6.0,Netherlands,Burgh-Haamstede,rural,background,UTC+01,01/08/2023 00:00:00,,Landelijk Meetnet Luchtkwaliteit,NET-NL010A
NL11444,De Zilk-Vogelaarsdreef,52.29656,4.51082,4.0,Netherlands,De Zilk,rural,background,UTC+01,01/01/2013 00:00:00,,Europees Monitoring en Evaluatie Project,NET-NL011A
NL12131,Vredepeel-Vredeweg,51.54048,5.85309,30.0,Netherlands,Vredepeel,rural,background,UTC+01,01/01/1988 00:00:00,,Landelijk Meetnet Regenwater,NET-NL012A
NL12230,Biest Houtakker-Biestsestraat,51.51839,5.14845,15.0,Netherlands,Houtakker,rural,background,UTC+01,01/01/2013 00:00:00,,Landelijk Meetnet Regenwater,NET-NL012A
NL12318,Philippine-Stelleweg,51.29447,3.74941,5.0,Netherlands,Braakman,rural,background,UTC+01,01/01/1983 00:00:00,,Landelijk Meetnet Regenwater,NET-NL012A
NL12444,De Zilk-Vogelaarsdreef,52.29656,4.51082,4.0,Netherlands,De Zilk,rural,background,UTC+01,01/09/2013 00:00:00,,Landelijk Meetnet Regenwater,NET-NL012A
NL12538,Wieringerwerf-Medemblikkerweg,52.80342,5.04899,-2.0,Netherlands,Wieringerwerf,rural,background,UTC+01,01/01/1988 00:00:00,,Landelijk Meetnet Regenwater,NET-NL012A
NL12628,De Bilt-Wilhelminalaan,52.09952,5.1765,2.0,Netherlands,De Bilt,urban-periphery,background,UTC+01,01/01/1978 00:00:00,,Landelijk Meetnet Regenwater,NET-NL012A
NL12732,Speuld-Garderenseweg,52.27176,5.72065,23.0,Netherlands,Speuld,rural,background,UTC+01,01/01/1993 00:00:00,,Landelijk Meetnet Regenwater,NET-NL012A
NL12746,Wageningen-Veensteeg,51.9814,5.6219,6.0,Netherlands,Wageningen,rural,background,UTC+01,01/11/2023 00:00:00,,Landelijk Meetnet Regenwater,NET-NL012A
NL12822,Haaksbergerveen-Stratersdijk,52.12294,6.78694,35.0,Netherlands,Haaksbergen,rural,background,UTC+01,01/09/2023 00:00:00,,Landelijk Meetnet Regenwater,NET-NL012A
NL12929,Valthermond-Noorderdiep,52.87572,6.93269,11.0,Netherlands,Valthermond,rural,background,UTC+01,01/02/2000 00:00:00,,Landelijk Meetnet Regenwater,NET-NL012A
NL49557,Wijk aan Zee-Bosweg,52.49005,4.59931,22.0,Netherlands,Wijk aan Zee,rural,industrial,UTC+01,01/12/2020 00:00:00,,Amsterdamse Meetnet Luchtkwaliteit,NET-NL049A
NL49680,Almere-Boomgaardweg,52.37357,5.23926,0.0,Netherlands,Almere,rural,background,UTC+01,01/05/2024 00:00:00,,Amsterdamse Meetnet Luchtkwaliteit,NET-NL049A
NL49980,Baamsum- Oude Ae,53.29032,7.03889,0.0,Netherlands,Termunten,rural,background,UTC+01,01/07/2025 00:00:00,,Amsterdamse Meetnet Luchtkwaliteit,NET-NL049A
NO0002R,Birkenesobservatoriet,58.38846,8.2519,200.0,Norway,Birkenes,rural-regional,background,UTC+01,01/10/2012 08:00:00,,NO002R,NET_NO002R
NO0015R,Tustervatn,65.83089,13.90655,440.0,Norway,Hemnes,rural-regional,background,UTC+01,01/10/2012 08:00:00,,NO002R,NET_NO002R
NO0039R,Kårvatn,62.78246,8.87658,210.0,Norway,Sunndal,rural-regional,background,UTC+01,01/10/2012 08:00:00,,NO002R,NET_NO002R
NO0042R,Zeppelinfjellet,78.90669,11.88899,290.0,Norway,Svalbard,rural-remote,background,UTC+01,01/10/2012 08:00:00,,NO002R,NET_NO002R
NO0043R,Prestebakke,58.99652,11.52767,180.0,Norway,Halden,rural-regional,background,UTC+01,17/12/1985 17:00:00,,NO002R,NET_NO002R
NO0052R,Sandve,59.19722,5.20148,30.0,Norway,Karmøy,rural-regional,background,UTC+01,19/06/1996 12:00:00,,NO002R,NET_NO002R
NO0056R,Hurdal25,60.37288,11.07407,280.0,Norway,Hurdal,rural-regional,background,UTC+01,01/10/2012 08:00:00,,NO002R,NET_NO002R
NO0057A,Alnabru,59.92769,10.84655,95.0,Norway,Oslo,urban-periphery,traffic,UTC+01,01/01/2001 00:00:00,,NO003A,NET_NO003A
NO0060A,Elgeseter,63.41745,10.39677,20.0,Norway,Trondheim,urban-centre,traffic,UTC+01,01/01/2007 00:00:00,,NO006A,NET_NO006A
NO0061A,Lensmannsdalen,59.1593,9.63573,14.0,Norway,Grenland,urban-periphery,traffic,UTC+01,01/01/2007 00:00:00,,NO007A,NET_NO007A
NO0062A,Haukenes,59.20243,9.4871,25.0,Norway,Grenland,unknown,background,UTC+01,13/06/2005 16:00:00,,NO007A,NET_NO007A
NO0063A,Stener Heyerdahl,58.14888,7.99183,12.0,Norway,Kristiansand,urban-centre,background,UTC+01,01/01/2007 00:00:00,,NO008A,NET_NO008A
NO0070A,Grimmerhaugen,62.47217,6.15682,25.0,Norway,Ålesund,urban-centre,background,UTC+01,07/05/2004 00:00:00,,NO010A,NET_NO010A
NO0072A,Skøyen,59.91975,10.68973,5.0,Norway,Oslo,urban-centre,background,UTC+01,15/02/2004 12:00:00,,NO003A,NET_NO003A
NO0073A,Sofienbergparken,59.92305,10.76574,24.0,Norway,Oslo,urban-centre,background,UTC+01,08/02/2019 14:00:00,,NO003A,NET_NO003A
NO0075A,Lillehammer barnehage,61.12087,10.46563,212.0,Norway,Lillehammer,urban-periphery,background,UTC+01,07/10/2004 14:00:00,,NO011A,NET_NO011A
NO0079A,Hansjordnesbukta,69.65625,18.96372,11.0,Norway,Tromsø,urban-periphery,traffic,UTC+01,17/03/2004 23:00:00,,NO013A,NET_NO013A
NO0083A,Bygdøy Alle,59.9193,10.69651,17.0,Norway,Oslo,urban-centre,traffic,UTC+01,19/03/2008 17:00:00,,NO003A,NET_NO003A
NO0084A,St.Croix,59.21028,10.94535,5.0,Norway,Fredrikstad,urban-periphery,traffic,UTC+01,19/09/2011 00:00:00,,NO014A,NET_NO014A
NO0091A,Hennig Olsen,58.13677,7.9676,3.0,Norway,Kristiansand,urban-periphery,industrial,UTC+01,01/01/2009 00:00:00,,NO008A,NET_NO008A
NO0093A,Hjortnes,59.91126,10.70398,8.0,Norway,Oslo,urban-centre,traffic,UTC+01,11/10/2008 23:00:00,,NO001A,NET_NO001A
NO0095A,Smestad,59.9325,10.66987,60.0,Norway,Oslo,urban-periphery,traffic,UTC+01,01/01/2009 00:00:00,,NO001A,NET_NO001A
NO0098A,Vollgata,59.279,11.12217,52.0,Norway,Sarpsborg,urban-periphery,industrial,UTC+01,03/12/2010 18:00:00,,NO018A,NET_NO018A
NO0100A,Holta,58.25602,8.35935,20.0,Norway,Lillesand,urban-periphery,industrial,UTC+01,07/01/2014 10:00:00,,NO019A,NET_NO019A
NO0102A,E6-Tiller,63.35761,10.37174,153.0,Norway,Trondheim,urban-periphery,traffic,UTC+01,20/12/2013 11:00:00,,NO006A,NET_NO006A
NO0103A,"Minnesundvegen, Gjøvik",60.79089,10.6967,130.0,Norway,Gjøvik,urban-periphery,traffic,UTC+01,31/10/2014 13:00:00,,NO026A,NET_NO026A
NO0106A,Sverresgate,59.13816,9.6522,15.0,Norway,Grenland,urban-periphery,traffic,UTC+01,04/04/2011 23:00:00,,NO007A,NET_NO007A
NO0108A,"Rolland, Åsane",60.46267,5.33245,95.0,Norway,Bergen,urban-periphery,background,UTC+01,16/10/2015 11:00:00,,NO004A,NET_NO004A
NO0109A,Loddefjord,60.36114,5.23686,7.0,Norway,Bergen,urban-periphery,traffic,UTC+01,16/10/2015 11:00:00,,NO004A,NET_NO004A
NO0110A,Alvim,59.27378,11.08919,25.0,Norway,Sarpsborg,urban-periphery,traffic,UTC+01,22/09/2015 10:00:00,,NO018A,NET_NO018A
NO0114A,Bekkestua,59.91822,10.58393,62.0,Norway,Bærum,urban-periphery,background,UTC+01,21/06/2016 15:00:00,,NO017A,NET_NO017A
NO0115A,Furulund,59.0573,9.69557,35.0,Norway,Grenland,urban-periphery,industrial,UTC+01,15/06/2016 17:00:00,,NO007A,NET_NO007A
NO0116A,Karl Eriksens plass,62.47062,6.1535,5.0,Norway,Ålesund,urban-centre,traffic,UTC+01,01/01/2017 00:00:00,,NO010A,NET_NO010A
NO0118A,Knarrdalstranda,59.13354,9.6219,5.0,Norway,Grenland,urban-periphery,background,UTC+01,21/03/2017 07:00:00,,NO007A,NET_NO007A
NO0119A,Leiret,60.88364,11.5593,187.0,Norway,Elverum,urban-periphery,traffic,UTC+01,21/12/2016 09:00:00,,NO025A,NET_NO025A
NO0120A,Klosterhaugen,60.39593,5.31267,35.0,Norway,Bergen,urban-centre,background,UTC+01,30/10/2017 13:00:00,,NO004A,NET_NO004A
NO0121A,Rådal,60.29427,5.32462,35.0,Norway,Bergen,urban-periphery,traffic,UTC+01,13/09/2017 16:00:00,,NO004A,NET_NO004A
NO0122A,E6 Alna senter,59.92556,10.85037,95.0,Norway,Oslo,urban-periphery,traffic,UTC+01,29/10/2017 20:00:00,,NO001A,NET_NO001A
NO0124A,Rambergan,69.65428,18.95636,34.0,Norway,Tromsø,urban-periphery,background,UTC+01,19/12/2017 13:00:00,,NO013A,NET_NO013A
NO0125A,Schancheholen,58.95188,5.72188,4.5,Norway,Stavanger,urban-periphery,traffic,UTC+01,01/06/2018 11:00:00,,NO009A,NET_NO009A
NO0128A,Nedre Langgate,59.26373,10.41117,100.0,Norway,Tønsberg,urban-periphery,traffic,UTC+01,24/01/2018 19:00:00,,NO030A,NET_NO030A
NO0129A,Solheim,59.92861,10.9532,100.0,Norway,Lørenskog,urban-periphery,traffic,UTC+01,03/11/2017 16:00:00,,NO031A,NET_NO031A
NO0133A,Bærum Golfklubb,59.96018,10.49023,151.0,Norway,Bærum,unknown,background,UTC+01,11/12/2019 13:00:00,,NO001A,NET_NO001A
NO0134A,Bjørndalssletta,58.16232,8.02378,10.0,Norway,Kristiansand,urban-periphery,traffic,UTC+01,01/01/2020 00:00:00,,NO008A,NET_NO008A
NO0135A,Backeparken,59.74953,10.1653,4.0,Norway,Drammen,urban-periphery,background,UTC+01,01/02/2020 00:00:00,,NO005A,NET_NO005A
NO0136A,Vårveien,59.75362,10.1444,100.0,Norway,Drammen,urban-periphery,traffic,UTC+01,01/02/2020 00:00:00,,NO005A,NET_NO005A
NO0137A,Konsul Wilds vei,58.1293,7.97289,100.0,Norway,Kristiansand,urban-periphery,industrial,UTC+01,14/05/2019 11:00:00,,NO008A,NET_NO008A
NO0138A,Holta øst,58.25635,8.36007,39.0,Norway,Lillesand,urban-periphery,industrial,UTC+01,01/01/2019 00:00:00,,NO0036A,NET_NO0036A
NO0140A,Spikersuppa,59.91405,10.73598,6.0,Norway,Oslo,urban-centre,background,UTC+01,18/02/2021 17:00:00,,NO003A,NET_NO003A
NO0141A,Vågen,58.97265,5.7265,100.0,Norway,Stavanger,urban-periphery,background,UTC+01,14/06/2021 06:00:00,,NO009A,NET_NO009A
NO0143A,Vahl skole,59.91694,10.766,8.6,Norway,Oslo,urban-centre,traffic,UTC+01,01/12/2023 11:00:00,,NO003A,NET_NO003A
NO0144A,Oslo Rådhus,59.91219,10.73367,0.0,Norway,Oslo,urban-centre,background,UTC+01,01/03/2022 00:00:00,,NO003A,NET_NO003A
NO0145A,Omkjøringsvegen,63.41049,10.44435,100.0,Norway,Trondheim,urban-centre,traffic,UTC+01,26/11/2018 23:00:00,,NO006A,NET_NO006A
NO0148A,Kongens gate,68.43541,17.42491,33.0,Norway,Narvik,urban-periphery,traffic,UTC+01,15/12/2022 14:00:00,,NO028A,NET_NO028A
NO0149A,Brynbanen,59.9156,10.82517,88.0,Norway,Oslo,urban-periphery,background,UTC+01,03/01/2023 15:00:00,,NO003A,NET_NO003A
NO0150A,Ring 3 Økern,59.92845,10.80186,91.0,Norway,Oslo,urban-centre,traffic,UTC+01,09/11/2023 15:00:00,,NO003A,NET_NO003A
NO0151A,Vangsvegen-Disen,60.79646,11.09676,130.0,Norway,Hamar,urban-centre,traffic,UTC+01,03/01/2024 16:00:00,,NO027A,NET_NO027A
NO0152A,Langkaia,59.90826,10.74947,2.0,Norway,Oslo,urban-centre,industrial,UTC+01,02/02/2024 13:00:00,,NO003A,NET_NO003A
NO0153A,E18 Høvik stasjon,59.9014,10.58839,22.0,Norway,Bærum,urban-periphery,traffic,UTC+01,28/06/2024 08:00:00,,NO017A,NET_NO017A
NO0154A,Fylkets hus,63.42922,10.39453,100.0,Norway,Trondheim,urban-centre,background,UTC+01,01/09/2024 00:00:00,,NO006A,NET_NO006A
NO0155A,Rv4 Linderud senter,59.94379,10.83462,150.0,Norway,Oslo,urban-periphery,traffic,UTC+01,23/12/2024 09:00:00,,NO003A,NET_NO003A
NO0156A,Fiskå,58.12543,7.96635,14.0,Norway,Kristiansand,urban-periphery,industrial,UTC+01,31/01/2025 11:00:00,,NO008A,NET_NO008A
PL0002R,"Jarczew, IMGW",51.81437,21.97238,177.0,Poland,Jarczew,rural,background,UTC+01,01/10/1985 00:00:00,,Lubelska Sieć Monitoringu Powietrza,NET_PL_LB_AQ
PL0004R,"Łeba, IMGW",54.75414,17.53453,2.0,Poland,,urban-periphery,background,UTC+01,01/01/2005 00:00:00,,Pomorska Sieć Monitoringu Powietrza,NET_PL_PM_AQ
PL0008A,"Katowice, ul. Kossutha",50.26461,18.97503,273.0,Poland,Katowice,urban-centre,background,UTC+01,01/01/1992 00:00:00,,Śląska Sieć Monitoringu Powietrza,NET_PL_SL_AQ
PL0014A,"Belsk Duży, IGF PAN",51.83524,20.79191,176.0,Poland,Belsk Duży,rural,background,UTC+01,01/07/1991 00:00:00,,Mazowiecka Sieć Monitoringu Powietrza,NET_PL_MZ_AQ
PL0039A,"Kraków, ul. Bulwarowa",50.06931,20.05349,195.0,Poland,Kraków,urban-centre,industrial,UTC+01,20/08/2004 00:00:00,,Małopolska Sieć Monitoringu Powietrza,NET_PL_MP_AQ
PL0045A,"Gdańsk, ul. Powstańców Warszawskich",54.3532,18.63527,25.0,Poland,Gdańsk,urban-centre,background,UTC+01,01/03/1998 00:00:00,,Pomorska Sieć Monitoringu Powietrza,NET_PL_PM_AQ
PL0047A,"Gdańsk, ul. Wyzwolenia",54.40079,18.65733,3.0,Poland,Gdańsk,urban-centre,background,UTC+01,01/09/1998 00:00:00,,Pomorska Sieć Monitoringu Powietrza,NET_PL_PM_AQ
PL0048A,"Gdynia, ul. Porębskiego",54.56084,18.49333,78.0,Poland,Gdynia,urban-centre,background,UTC+01,01/03/1997 00:00:00,,Pomorska Sieć Monitoringu Powietrza,NET_PL_PM_AQ
PL0052A,"Gdańsk, ul. Leczkowa",54.38014,18.61977,7.0,Poland,Gdańsk,urban-centre,background,UTC+01,01/10/1998 00:00:00,,Pomorska Sieć Monitoringu Powietrza,NET_PL_PM_AQ
PL0057A,"Polkowice, ul. Kasztanowa",51.50237,16.07505,180.0,Poland,Polkowice,urban-centre,background,UTC+01,01/05/2004 00:00:00,,Dolnośląska Sieć Monitoringu Powietrza,NET_PL_DS_AQ
PL0064A,"Bydgoszcz, ul. Warszawska",53.13408,17.99571,49.0,Poland,Bydgoszcz,urban-centre,background,UTC+01,21/01/1995 00:00:00,,Kujawsko-Pomorska Sieć Monitoringu Powietrza,NET_PL_KP_AQ
PL0071A,"Toruń, ul. Dziewulskiego",53.02865,18.6661,64.0,Poland,Toruń,urban-centre,background,UTC+01,20/04/1993 00:00:00,,Kujawsko-Pomorska Sieć Monitoringu Powietrza,NET_PL_KP_AQ
PL0077A,"Zielonka, Bory Tucholskie",53.66212,17.93402,121.0,Poland,,rural,background,UTC+01,01/06/2004 00:00:00,,Kujawsko-Pomorska Sieć Monitoringu Powietrza,NET_PL_KP_AQ
PL0085A,"Lublin, ul. Śliwińskiego",51.27308,22.55168,207.0,Poland,Lublin,urban-centre,background,UTC+01,01/01/2010 00:00:00,,Lubelska Sieć Monitoringu Powietrza,NET_PL_LB_AQ
PL0091A,"Zamość, ul. Hrubieszowska",50.71663,23.29025,226.0,Poland,Zamość,urban-centre,background,UTC+01,01/01/2011 00:00:00,,Lubelska Sieć Monitoringu Powietrza,NET_PL_LB_AQ
PL0094A,"Gajew, Ujęcie Wody",52.14326,19.23322,177.0,Poland,Gajew,rural,background,UTC+01,15/01/2009 00:00:00,,Łódzka Sieć Monitoringu Powietrza,NET_PL_LD_AQ
PL0100A,"Łódź, ul. Legionów",51.77642,19.45294,206.0,Poland,Łódź,urban-centre,background,UTC+01,01/01/2004 00:00:00,,Łódzka Sieć Monitoringu Powietrza,NET_PL_LD_AQ
PL0105A,"Parzniewice, Ujęcie Wody",51.29118,19.51756,166.0,Poland,Parzniewice,rural,background,UTC+01,17/10/2003 00:00:00,,Łódzka Sieć Monitoringu Powietrza,NET_PL_LD_AQ
PL0115A,"Zgierz, ul. Mielczarskiego",51.85669,19.42123,189.0,Poland,Zgierz,urban-centre,background,UTC+01,01/09/2003 00:00:00,,Łódzka Sieć Monitoringu Powietrza,NET_PL_LD_AQ
PL0121A,Szymbark,49.63371,21.11683,327.0,Poland,,rural,background,UTC+01,01/11/2004 00:00:00,,Małopolska Sieć Monitoringu Powietrza,NET_PL_MP_AQ
PL0125A,"Niepołomice, ul. 3 Maja",50.03512,20.21269,201.0,Poland,Niepołomice,urban-centre,background,UTC+01,01/01/2003 00:00:00,,Małopolska Sieć Monitoringu Powietrza,NET_PL_MP_AQ
PL0128A,"Granica, KPN",52.28586,20.45465,72.0,Poland,Granica,rural,background,UTC+01,01/08/2003 00:00:00,,Mazowiecka Sieć Monitoringu Powietrza,NET_PL_MZ_AQ
PL0129A,"Legionowo, ul. Zegrzyńska",52.40758,20.95593,91.0,Poland,Legionowo,urban-periphery,background,UTC+01,01/08/2003 00:00:00,,Mazowiecka Sieć Monitoringu Powietrza,NET_PL_MZ_AQ
PL0134A,"Piastów, ul. Pułaskiego",52.19173,20.83749,99.0,Poland,Piastów,urban-periphery,background,UTC+01,01/08/2003 00:00:00,,Mazowiecka Sieć Monitoringu Powietrza,NET_PL_MZ_AQ
PL0136A,"Płock, ul. Reja",52.55094,19.70979,101.0,Poland,Płock,urban-centre,background,UTC+01,01/08/2003 00:00:00,,Mazowiecka Sieć Monitoringu Powietrza,NET_PL_MZ_AQ
PL0137A,"Radom, ul. 25 Czerwca",51.40608,21.16682,170.0,Poland,Radom,urban-centre,background,UTC+01,01/07/2010 00:00:00,,Mazowiecka Sieć Monitoringu Powietrza,NET_PL_MZ_AQ
PL0138A,"Radom, ul. Tochtermana",51.39908,21.14747,159.0,Poland,Radom,urban-centre,background,UTC+01,01/08/2003 00:00:00,,Mazowiecka Sieć Monitoringu Powietrza,NET_PL_MZ_AQ
PL0140A,"Warszawa, al. Niepodległości",52.2193,21.00472,103.0,Poland,Warszawa,urban-centre,traffic,UTC+01,01/08/2003 00:00:00,,Mazowiecka Sieć Monitoringu Powietrza,NET_PL_MZ_AQ
PL0150A,"Borsukowizna, Szkółka Leśna",53.21549,23.64215,180.0,Poland,,rural,background,UTC+01,01/09/2005 00:00:00,,Podlaska Sieć Monitoringu Powietrza,NET_PL_PD_AQ
PL0151A,"Łomża, ul. Sikorskiego",53.18139,22.05438,128.0,Poland,Łomża,urban-centre,background,UTC+01,01/06/2005 00:00:00,,Podlaska Sieć Monitoringu Powietrza,NET_PL_PD_AQ
PL0175A,"Olsztyn, ul. Puszkina",53.78923,20.48608,120.0,Poland,Olsztyn,urban-centre,background,UTC+01,01/01/2005 00:00:00,,Warmińsko-Mazurska Sieć Monitoringu Powietrza,NET_PL_WM_AQ
PL0181A,"Poznań, ul. Szymanowskiego",52.45919,16.9062,104.0,Poland,Poznań,urban-centre,background,UTC+01,01/04/2004 00:00:00,,Wielkopolska Sieć Monitoringu Powietrza,NET_PL_WP_AQ
PL0182A,Widuchowa,53.12233,14.38225,2.0,Poland,Widuchowa,rural,background,UTC+01,01/01/2003 00:00:00,,Zachodniopomorska Sieć Monitoringu Powietrza,NET_PL_ZP_AQ
PL0184A,"Częstochowa, ul. Baczyńskiego",50.83639,19.13011,265.0,Poland,Częstochowa,urban-centre,background,UTC+01,01/07/2004 00:00:00,,Śląska Sieć Monitoringu Powietrza,NET_PL_SL_AQ
PL0190A,"Legnica, al. Rzeczypospolitej",51.2045,16.18051,122.0,Poland,Legnica,urban-centre,background,UTC+01,01/01/2005 00:00:00,,Dolnośląska Sieć Monitoringu Powietrza,NET_PL_DS_AQ
PL0192A,"Wałbrzych, ul. Wysockiego",50.76873,16.26968,424.0,Poland,Wałbrzych,urban-centre,background,UTC+01,01/01/2005 00:00:00,,Dolnośląska Sieć Monitoringu Powietrza,NET_PL_DS_AQ
PL0193A,"Wrocław, ul. Bartnicza",51.11593,17.14113,118.0,Poland,Wrocław,urban-periphery,background,UTC+01,01/01/2005 00:00:00,,Dolnośląska Sieć Monitoringu Powietrza,NET_PL_DS_AQ
PL0194A,"Wrocław, wyb. Conrada-Korzeniowskiego",51.12938,17.02925,114.0,Poland,Wrocław,urban-centre,background,UTC+01,01/01/2005 00:00:00,,Dolnośląska Sieć Monitoringu Powietrza,NET_PL_DS_AQ
PL0196A,"Wrocław, ul. Orzechowa",51.07752,17.04282,124.0,Poland,Wrocław,urban-centre,background,UTC+01,01/01/2011 00:00:00,,Dolnośląska Sieć Monitoringu Powietrza,NET_PL_DS_AQ
PL0209A,Gorzów Wlkp. ul. Kosynierów Gdyńskich,52.73821,15.22867,22.0,Poland,Gorzów Wielkopolski,urban-centre,background,UTC+01,01/01/2005 00:00:00,,Lubuska Sieć Monitoringu Powietrza,NET_PL_LU_AQ
PL0211A,Smolary Bytnickie,52.17222,15.20667,77.0,Poland,,rural,background,UTC+01,01/01/2005 00:00:00,,Lubuska Sieć Monitoringu Powietrza,NET_PL_LU_AQ
PL0213A,Zielona Góra ul. Krótka,51.93978,15.51886,150.0,Poland,Zielona Góra,urban-centre,background,UTC+01,01/01/2005 00:00:00,,Lubuska Sieć Monitoringu Powietrza,NET_PL_LU_AQ
PL0214A,"Warszawa, ul. Krzywoń",52.22865,20.91751,112.0,Poland,Warszawa,urban-centre,background,UTC+01,01/01/2011 00:00:00,,Mazowiecka Sieć Monitoringu Powietrza,NET_PL_MZ_AQ
PL0218A,"Kędzierzyn-Koźle, ul. Śmiałego",50.34961,18.23658,181.0,Poland,Kędzierzyn-Koźle,urban-centre,background,UTC+01,01/01/2005 00:00:00,,Opolska Sieć Monitoringu Powietrza,NET_PL_OP_AQ
PL0234A,"Bielsko-Biała, ul. Kossak-Szczuckiej",49.81346,19.02732,365.0,Poland,Bielsko-Biała,urban-centre,background,UTC+01,01/01/2005 00:00:00,,Śląska Sieć Monitoringu Powietrza,NET_PL_SL_AQ
PL0237A,"Dąbrowa Górnicza, ul. Tysiąclecia",50.32911,19.23122,293.0,Poland,Dąbrowa Górnicza,urban-centre,background,UTC+01,01/01/2005 00:00:00,,Śląska Sieć Monitoringu Powietrza,NET_PL_SL_AQ
PL0239A,"Rybnik, ul. Borki",50.11118,18.51614,245.0,Poland,Rybnik,urban-centre,background,UTC+01,01/01/2005 00:00:00,,Śląska Sieć Monitoringu Powietrza,NET_PL_SL_AQ
PL0240A,"Tychy, ul. Tołstoja",50.0999,18.99024,252.0,Poland,Tychy,urban-centre,background,UTC+01,01/01/2005 00:00:00,,Śląska Sieć Monitoringu Powietrza,NET_PL_SL_AQ
PL0241A,"Wodzisław Śląski, ul. Gałczyńskiego",50.00763,18.45555,271.0,Poland,Wodzisław Śląski,urban-centre,background,UTC+01,01/01/2005 00:00:00,,Śląska Sieć Monitoringu Powietrza,NET_PL_SL_AQ
PL0243A,"Złoty Potok, Leśniczówka",50.71089,19.4588,291.0,Poland,Złoty Potok,rural,background,UTC+01,01/01/2005 00:00:00,,Śląska Sieć Monitoringu Powietrza,NET_PL_SL_AQ
PL0247A,"Piaski, Krzyżówka",52.50132,17.77318,122.0,Poland,,rural,background,UTC+01,21/04/2005 00:00:00,,Wielkopolska Sieć Monitoringu Powietrza,NET_PL_WP_AQ
PL0249A,"Szczecin, ul. Piłsudskiego",53.43217,14.5539,26.0,Poland,Szczecin,urban-centre,traffic,UTC+01,31/12/2004 00:00:00,,Zachodniopomorska Sieć Monitoringu Powietrza,NET_PL_ZP_AQ
PL0251A,"Szczecin, ul. Łączna",53.47089,14.55625,94.0,Poland,Szczecin,urban-centre,background,UTC+01,31/12/2004 00:00:00,,Zachodniopomorska Sieć Monitoringu Powietrza,NET_PL_ZP_AQ
PL0270A,"Radzyń Podlaski, ul. Sitkowskiego",51.78,22.62594,150.0,Poland,Radzyń Podlaski,urban-periphery,background,UTC+01,08/11/2006 00:00:00,,Lubelska Sieć Monitoringu Powietrza,NET_PL_LB_AQ
PL0273A,"Skawina, os. Ogrody",49.97105,19.83042,225.0,Poland,Skawina,urban-centre,background,UTC+01,31/12/2003 00:00:00,,Małopolska Sieć Monitoringu Powietrza,NET_PL_MP_AQ
PL0294A,"Żywiec, ul. Kopernika",49.6716,19.23445,368.0,Poland,Żywiec,urban-centre,background,UTC+01,01/01/2015 00:00:00,,Śląska Sieć Monitoringu Powietrza,NET_PL_SL_AQ
PL0295A,"Elbląg, ul. Bażyńskiego",54.16785,19.41094,15.0,Poland,Elbląg,urban-centre,background,UTC+01,15/06/2005 00:00:00,,Warmińsko-Mazurska Sieć Monitoringu Powietrza,NET_PL_WM_AQ
PL0366A,"Brzeziny, ul. Reformacka",51.79781,19.75609,185.0,Poland,Brzeziny,urban-centre,background,UTC+01,23/09/2011 00:00:00,,Łódzka Sieć Monitoringu Powietrza,NET_PL_LD_AQ
PL0398A,"Płock, ul. Królowej Jadwigi",52.55628,19.68767,97.0,Poland,Płock,urban-centre,industrial,UTC+01,01/01/1993 00:00:00,,Mazowiecka Sieć Monitoringu Powietrza,NET_PL_MZ_AQ
PL0413A,"Krosno, ul. Kletówki",49.69017,21.7497,277.0,Poland,Krosno,urban-centre,background,UTC+01,01/01/2008 00:00:00,,Podkarpacka Sieć Monitoringu Powietrza,NET_PL_PK_AQ
PL0468A,"Pila, ul. Kusocińskiego",53.15441,16.75957,63.0,Poland,Piła,urban-centre,background,UTC+01,01/01/2003 00:00:00,,Wielkopolska Sieć Monitoringu Powietrza,NET_PL_WP_AQ
PL0476A,"Oleśnica, ul. Brzozowa",51.21748,17.39,151.0,Poland,Oleśnica,urban-centre,background,UTC+01,01/01/2011 00:00:00,,Dolnośląska Sieć Monitoringu Powietrza,NET_PL_DS_AQ
PL0478A,"Gorlice, ul. Krasińskiego",49.65889,21.16334,302.0,Poland,Gorlice,urban-centre,background,UTC+01,01/01/2009 00:00:00,,Małopolska Sieć Monitoringu Powietrza,NET_PL_MP_AQ
PL0481A,"Tuchów, ul. Chopina",49.89417,21.05106,239.0,Poland,Tuchów,urban-centre,background,UTC+01,01/01/2009 00:00:00,,Małopolska Sieć Monitoringu Powietrza,NET_PL_MP_AQ
PL0483A,"Knurów, ul. Jedności Narodowej",50.23317,18.65572,240.0,Poland,Knurów,urban-centre,background,UTC+01,29/04/2009 00:00:00,,Śląska Sieć Monitoringu Powietrza,NET_PL_SL_AQ
PL0484A,"Myszków, ul. Miedziana",50.57973,19.3267,300.0,Poland,Myszków,urban-centre,background,UTC+01,29/05/2009 00:00:00,,Śląska Sieć Monitoringu Powietrza,NET_PL_SL_AQ
PL0488A,Wilczopole,51.16354,22.59861,202.0,Poland,,rural,background,UTC+01,01/09/2006 00:00:00,,Lubelska Sieć Monitoringu Powietrza,NET_PL_LB_AQ
PL0490A,"Wrocław, ul. Na Grobli",51.10346,17.05923,119.0,Poland,Wrocław,urban-centre,background,UTC+01,01/01/2010 00:00:00,,Dolnośląska Sieć Monitoringu Powietrza,NET_PL_DS_AQ
PL0491A,"Bydgoszcz, ul. Fieldorfa",53.15145,18.13206,53.0,Poland,Bydgoszcz,urban-periphery,background,UTC+01,10/04/2010 00:00:00,,Kujawsko-Pomorska Sieć Monitoringu Powietrza,NET_PL_KP_AQ
PL0492A,Gorzów Wlkp. ul. Piłsudskiego,52.74704,15.24629,22.0,Poland,Gorzów Wielkopolski,urban-centre,background,UTC+01,08/01/2010 00:00:00,,Lubuska Sieć Monitoringu Powietrza,NET_PL_LU_AQ
PL0493A,"Radom, ul. Hallera",51.41532,21.17129,156.0,Poland,Radom,urban-centre,background,UTC+01,23/06/2010 00:00:00,,Mazowiecka Sieć Monitoringu Powietrza,NET_PL_MZ_AQ
PL0494A,"Opole, os. Armii Krajowej",50.67686,17.95028,173.0,Poland,Opole,urban-centre,background,UTC+01,01/01/2016 00:00:00,,Opolska Sieć Monitoringu Powietrza,NET_PL_OP_AQ
PL0495A,"Rzeszów, ul. Rejtana",50.02424,22.01058,203.0,Poland,Rzeszów,urban-centre,background,UTC+01,01/01/2013 00:00:00,,Podkarpacka Sieć Monitoringu Powietrza,NET_PL_PK_AQ
PL0496A,"Białystok, ul. Warszawska",53.12931,23.18174,145.0,Poland,Białystok,urban-centre,background,UTC+01,01/01/2011 00:00:00,,Podlaska Sieć Monitoringu Powietrza,NET_PL_PD_AQ
PL0497A,"Gdańsk, ul. Powstańców Wielkopolskich",54.39864,18.61433,6.0,Poland,Gdańsk,urban-centre,background,UTC+01,01/01/2010 00:00:00,,Pomorska Sieć Monitoringu Powietrza,NET_PL_PM_AQ
PL0498A,"Częstochowa, ul. Zana",50.80192,19.10696,262.0,Poland,Częstochowa,urban-centre,background,UTC+01,01/01/2010 00:00:00,,Śląska Sieć Monitoringu Powietrza,NET_PL_SL_AQ
PL0499A,"Bielsko-Biała, ul. Sternicza",49.80639,19.02319,372.0,Poland,Bielsko-Biała,urban-centre,background,UTC+01,30/12/2009 00:00:00,,Śląska Sieć Monitoringu Powietrza,NET_PL_SL_AQ
PL0501A,"Kraków, ul. Bujaka",50.01058,19.94919,223.0,Poland,Kraków,urban-centre,background,UTC+01,01/01/2010 00:00:00,,Małopolska Sieć Monitoringu Powietrza,NET_PL_MP_AQ
PL0502A,"Tarnów, ul. Bitwy pod Studziankami",50.02017,21.00417,228.0,Poland,Tarnów,urban-centre,background,UTC+01,01/01/2010 00:00:00,,Małopolska Sieć Monitoringu Powietrza,NET_PL_MP_AQ
PL0503A,"Kalisz, ul. Wyszyńskiego",51.74795,18.04906,140.0,Poland,Kalisz,urban-centre,background,UTC+01,01/01/2010 00:00:00,,Wielkopolska Sieć Monitoringu Powietrza,NET_PL_WP_AQ
PL0505A,Osieczów,51.31763,15.43172,179.0,Poland,,rural,background,UTC+01,01/01/2010 00:00:00,,Dolnośląska Sieć Monitoringu Powietrza,NET_PL_DS_AQ
PL0507A,"Lublin, ul. Obywatelska",51.25943,22.56913,191.0,Poland,Lublin,urban-centre,background,UTC+01,21/05/2010 00:00:00,,Lubelska Sieć Monitoringu Powietrza,NET_PL_LB_AQ
PL0523A,"Busko-Zdrój, ul. Rokosza",50.45362,20.71564,212.0,Poland,Busko-Zdrój,urban-centre,background,UTC+01,01/01/2010 00:00:00,,Świętokrzyska Sieć Monitoringu Powietrza,NET_PL_SK_AQ
PL0527A,"Godów, ul. Gliniki",49.92188,18.47128,204.0,Poland,Godów,rural,background,UTC+01,01/01/2011 00:00:00,,Śląska Sieć Monitoringu Powietrza,NET_PL_SL_AQ
PL0530A,"Tarnowskie Góry, ul. Litewska",50.44474,18.82964,319.0,Poland,Tarnowskie Góry,urban-centre,background,UTC+01,01/01/2010 00:00:00,,Śląska Sieć Monitoringu Powietrza,NET_PL_SL_AQ
PL0531A,"Nidzica, ul.Traugutta",53.36111,20.42205,172.0,Poland,Nidzica,urban-centre,background,UTC+01,01/01/2010 00:00:00,,Warmińsko-Mazurska Sieć Monitoringu Powietrza,NET_PL_WM_AQ
PL0533A,"Wągrowiec, ul. Lipowa",52.81526,17.20838,87.0,Poland,,urban-centre,background,UTC+01,01/01/2010 00:00:00,,Wielkopolska Sieć Monitoringu Powietrza,NET_PL_WP_AQ
PL0534A,"Myślibórz, ul. Za Bramką",52.92628,14.86281,63.0,Poland,Myślibórz,urban-centre,background,UTC+01,01/01/2014 00:00:00,,Zachodniopomorska Sieć Monitoringu Powietrza,NET_PL_ZP_AQ
PL0535A,"Szczecinek, ul. 1 Maja",53.71211,16.69252,134.0,Poland,Szczecinek,urban-centre,background,UTC+01,11/12/2009 00:00:00,,Zachodniopomorska Sieć Monitoringu Powietrza,NET_PL_ZP_AQ
PL0537A,"Pabianice, ul. Kilińskiego",51.66333,19.35606,186.0,Poland,Pabianice,urban-centre,background,UTC+01,08/12/2009 00:00:00,,Łódzka Sieć Monitoringu Powietrza,NET_PL_LD_AQ
PL0539A,"Otwock, ul. Brzozowa",52.11572,21.2373,95.0,Poland,Otwock,urban-periphery,background,UTC+01,01/01/2016 00:00:00,,Mazowiecka Sieć Monitoringu Powietrza,NET_PL_MZ_AQ
PL0541A,"Szczawno-Zdrój, ul. Kolejowa",50.80419,16.25411,424.0,Poland,Szczawno-Zdrój,urban-centre,background,UTC+01,01/01/2012 00:00:00,,Dolnośląska Sieć Monitoringu Powietrza,NET_PL_DS_AQ
PL0542A,"Grudziądz, ul. Sienkiewicza",53.49183,18.7525,29.0,Poland,Grudziądz,urban-centre,background,UTC+01,29/04/2011 00:00:00,,Kujawsko-Pomorska Sieć Monitoringu Powietrza,NET_PL_KP_AQ
PL0543A,"Łódź, ul. Gdańska",51.77538,19.45099,206.0,Poland,Łódź,urban-centre,background,UTC+01,01/01/2012 00:00:00,,Łódzka Sieć Monitoringu Powietrza,NET_PL_LD_AQ
PL0544A,"Radomsko, ul. Rolna",51.06742,19.44871,223.0,Poland,Radomsko,urban-centre,background,UTC+01,26/02/2015 00:00:00,,Łódzka Sieć Monitoringu Powietrza,NET_PL_LD_AQ
PL0547A,Tomaszów Mazowiecki ul. Św. Antoniego,51.52623,20.01686,175.0,Poland,Tomaszów Mazowiecki,urban-centre,background,UTC+01,01/08/2011 00:00:00,,Łódzka Sieć Monitoringu Powietrza,NET_PL_LD_AQ
PL0548A,"Zduńska Wola, ul. Królewska",51.60138,18.94012,181.0,Poland,Zduńska Wola,urban-centre,background,UTC+01,16/08/2011 00:00:00,,Łódzka Sieć Monitoringu Powietrza,NET_PL_LD_AQ
PL0549A,"Bochnia, ul. Konfederatów Barskich",49.96902,20.43951,202.0,Poland,Bochnia,urban-centre,background,UTC+01,01/01/2011 00:00:00,,Małopolska Sieć Monitoringu Powietrza,NET_PL_MP_AQ
PL0550A,"Nowy Sącz, ul. Nadbrzeżna",49.61928,20.7144,305.0,Poland,Nowy Sącz,urban-centre,background,UTC+01,01/09/2010 00:00:00,,Małopolska Sieć Monitoringu Powietrza,NET_PL_MP_AQ
PL0552A,"Trzebinia, os. Związku Walki Młodych",50.15941,19.47746,340.0,Poland,Trzebinia,urban-centre,background,UTC+01,01/09/2010 00:00:00,,Małopolska Sieć Monitoringu Powietrza,NET_PL_MP_AQ
PL0554A,"Jarosław, ul. Pruchnicka",50.01208,22.67477,216.0,Poland,Jarosław,urban-centre,background,UTC+01,01/01/2012 00:00:00,,Podkarpacka Sieć Monitoringu Powietrza,NET_PL_PK_AQ
PL0555A,"Sanok, ul. Sadowa",49.57173,22.19589,287.0,Poland,Sanok,urban-centre,background,UTC+01,01/01/2012 00:00:00,,Podkarpacka Sieć Monitoringu Powietrza,NET_PL_PK_AQ
PL0561A,Liniewko Kościerskie,54.10411,18.18297,192.0,Poland,,rural,background,UTC+01,01/01/2012 00:00:00,,Pomorska Sieć Monitoringu Powietrza,NET_PL_PM_AQ
PL0562A,"Kwidzyn, ul. Sportowa",53.72236,18.93692,52.0,Poland,Kwidzyn,urban-centre,background,UTC+01,20/11/2010 00:00:00,,Pomorska Sieć Monitoringu Powietrza,NET_PL_PM_AQ
PL0564A,"Ożarów, os. Wzgórze",50.88713,21.66073,182.0,Poland,Ożarów,urban-centre,background,UTC+01,01/01/2012 00:00:00,,Świętokrzyska Sieć Monitoringu Powietrza,NET_PL_SK_AQ
PL0565A,"Połaniec, ul. Ruszczańska",50.42901,21.27737,188.0,Poland,Połaniec,urban-centre,background,UTC+01,01/01/2012 00:00:00,,Świętokrzyska Sieć Monitoringu Powietrza,NET_PL_SK_AQ
PL0566A,"Starachowice, ul. Złota",51.05061,21.08418,264.0,Poland,Starachowice,urban-centre,background,UTC+01,02/01/2025 00:00:00,,Świętokrzyska Sieć Monitoringu Powietrza,NET_PL_SK_AQ
PL0568A,"Ustroń, ul. Sanatoryjna",49.71973,18.82672,411.0,Poland,Ustroń,urban-periphery,background,UTC+01,01/01/2012 00:00:00,,Śląska Sieć Monitoringu Powietrza,NET_PL_SL_AQ
PL0569A,"Gniezno, ul. Paczkowskiego",52.53928,17.61224,121.0,Poland,Gniezno,urban-centre,background,UTC+01,01/01/2011 00:00:00,,Wielkopolska Sieć Monitoringu Powietrza,NET_PL_WP_AQ
PL0571A,"Nowy Tomyśl, ul. Sienkiewicza",52.31675,16.14215,75.0,Poland,Nowy Tomyśl,urban-centre,background,UTC+01,01/01/2012 00:00:00,,Wielkopolska Sieć Monitoringu Powietrza,NET_PL_WP_AQ
PL0572A,"Poznań, ul. Spychalskiego",52.39287,16.92844,59.0,Poland,Poznań,urban-centre,background,UTC+01,01/01/2012 00:00:00,,Wielkopolska Sieć Monitoringu Powietrza,NET_PL_WP_AQ
PL0574A,"Szczecinek, ul. Przemysłowa",53.6989,16.70456,141.0,Poland,Szczecinek,urban-centre,industrial,UTC+01,01/01/2011 00:00:00,,Zachodniopomorska Sieć Monitoringu Powietrza,NET_PL_ZP_AQ
PL0585A,"Jelenia Góra, ul. Ogińskiego",50.91343,15.76561,345.0,Poland,58-506 Jelenia Góra,urban-centre,background,UTC+01,20/10/2014 00:00:00,,Dolnośląska Sieć Monitoringu Powietrza,NET_PL_DS_AQ
PL0586A,"Jelenia Góra, ul. Sokoliki",50.87121,15.70095,339.0,Poland,Jelenia Góra,urban-centre,background,UTC+01,29/01/2014 00:00:00,,Dolnośląska Sieć Monitoringu Powietrza,NET_PL_DS_AQ
PL0590A,"Wieluń, ul. POW",51.21783,18.58183,186.0,Poland,Wieluń,urban-centre,background,UTC+01,01/01/2013 00:00:00,,Łódzka Sieć Monitoringu Powietrza,NET_PL_LD_AQ
PL0591A,"Żary, ul. Szymanowskiego ",51.64266,15.12781,160.0,Poland,Żary,urban-centre,background,UTC+01,01/09/2012 00:00:00,,Lubuska Sieć Monitoringu Powietrza,NET_PL_LU_AQ
PL0594A,"Przemyśl, ul. Grunwaldzka",49.78434,22.75624,201.0,Poland,Przemyśl,urban-centre,background,UTC+01,01/01/2013 00:00:00,,Podkarpacka Sieć Monitoringu Powietrza,NET_PL_PK_AQ
PL0595A,"Tarnobrzeg, ul. Dąbrowskiej",50.57574,21.68837,158.0,Poland,Tarnobrzeg,urban-centre,background,UTC+01,01/04/2012 00:00:00,,Podkarpacka Sieć Monitoringu Powietrza,NET_PL_PK_AQ
PL0597A,"Czerwionka-Leszczyny, ul. Kopalniana",50.16385,18.65998,244.0,Poland,,urban-centre,background,UTC+01,22/12/2013 00:00:00,,Śląska Sieć Monitoringu Powietrza,NET_PL_SL_AQ
PL0598A,"Iława, ul.Andersa",53.58787,19.56491,117.0,Poland,Iława,urban-centre,background,UTC+01,01/01/2013 00:00:00,,Warmińsko-Mazurska Sieć Monitoringu Powietrza,NET_PL_WM_AQ
PL0603A,"Głogów, ul. Wita Stwosza",51.65702,16.09782,88.0,Poland,Głogów,urban-centre,background,UTC+01,01/01/2015 00:00:00,,Dolnośląska Sieć Monitoringu Powietrza,NET_PL_DS_AQ
PL0606A,"Brodnica, ul. Kochanowskiego",53.24926,19.41509,83.0,Poland,Brodnica,urban-centre,background,UTC+01,01/01/2015 00:00:00,,Kujawsko-Pomorska Sieć Monitoringu Powietrza,NET_PL_KP_AQ
PL0611A,"Skierniewice, ul. Konopnickiej",51.9543,20.14946,131.0,Poland,,urban-centre,background,UTC+01,01/07/2014 00:00:00,,Łódzka Sieć Monitoringu Powietrza,NET_PL_LD_AQ
PL0620A,"Ostrołęka, ul. Hallera",53.08374,21.57932,96.0,Poland,Ostrołeka,urban-centre,background,UTC+01,01/01/2015 00:00:00,,Mazowiecka Sieć Monitoringu Powietrza,NET_PL_MZ_AQ
PL0621A,"Dębica, ul.Grottgera",50.05479,21.41626,195.0,Poland,Dębica,urban-centre,background,UTC+01,01/01/2015 00:00:00,,Podkarpacka Sieć Monitoringu Powietrza,NET_PL_PK_AQ
PL0622A,"Krempna, Ośrodek edukacyjno-muzealny MPN",49.5113,21.49861,371.0,Poland,,rural,background,UTC+01,06/10/2014 00:00:00,,Podkarpacka Sieć Monitoringu Powietrza,NET_PL_PK_AQ
PL0624A,"Pleszew, Al. Mickiewicza",51.88492,17.79111,117.0,Poland,Pleszew,urban-centre,background,UTC+01,24/11/2014 00:00:00,,Wielkopolska Sieć Monitoringu Powietrza,NET_PL_WP_AQ
PL0635A,"Łódź, al. Jana Pawła II",51.75461,19.43493,197.0,Poland,,urban-centre,traffic,UTC+01,27/10/2015 00:00:00,,Łódzka Sieć Monitoringu Powietrza,NET_PL_LD_AQ
PL0636A,"Sieradz, ul. Polna",51.59206,18.73481,140.0,Poland,,urban-centre,background,UTC+01,01/01/2016 00:00:00,,Łódzka Sieć Monitoringu Powietrza,NET_PL_LD_AQ
PL0640A,Kaszów,50.02503,19.72683,260.0,Poland,,urban-periphery,background,UTC+01,01/01/2016 00:00:00,,Małopolska Sieć Monitoringu Powietrza,NET_PL_MP_AQ
PL0642A,"Kraków, os. Piastów",50.09851,20.01827,239.0,Poland,,urban-centre,background,UTC+01,01/01/2016 00:00:00,,Małopolska Sieć Monitoringu Powietrza,NET_PL_MP_AQ
PL0643A,"Kraków, ul. Złoty Róg",50.0812,19.89536,218.0,Poland,,urban-centre,background,UTC+01,01/01/2016 00:00:00,,Małopolska Sieć Monitoringu Powietrza,NET_PL_MP_AQ
PL0646A,"Sucha Beskidzka, ul. Nieszczyńskiej",49.74313,19.60034,333.0,Poland,,urban-centre,background,UTC+01,02/12/2017 00:00:00,,Małopolska Sieć Monitoringu Powietrza,NET_PL_MP_AQ
PL0647A,"Tarnów, ul. Ks. Romana Sitko",50.01825,20.99258,216.0,Poland,,urban-centre,traffic,UTC+01,01/01/2016 00:00:00,,Małopolska Sieć Monitoringu Powietrza,NET_PL_MP_AQ
PL0649A,Guty Duże,52.94317,21.28817,134.0,Poland,,rural,background,UTC+01,01/01/2016 00:00:00,,Mazowiecka Sieć Monitoringu Powietrza,NET_PL_MZ_AQ
PL0650A,"Głubczyce, ul. Ratuszowa",50.20078,17.83051,269.0,Poland,,urban-centre,background,UTC+01,01/01/2016 00:00:00,,Opolska Sieć Monitoringu Powietrza,NET_PL_OP_AQ
PL0652A,"Mielec, ul. Pogodna",50.31804,21.48637,168.0,Poland,,urban-centre,industrial,UTC+01,01/01/2016 00:00:00,,Podkarpacka Sieć Monitoringu Powietrza,NET_PL_PK_AQ
PL0653A,"Kielce, ul. Warszawska 210",50.89437,20.65799,319.0,Poland,,urban-centre,background,UTC+01,29/09/2015 00:00:00,,Świętokrzyska Sieć Monitoringu Powietrza,NET_PL_SK_AQ
PL0660A,"Świdnica, ul. Folwarczna",50.84443,16.49401,234.0,Poland,,urban-centre,background,UTC+01,01/01/2017 00:00:00,,Dolnośląska Sieć Monitoringu Powietrza,NET_PL_DS_AQ
PL0664A,"Włocławek, ul. Kaliska",52.63739,19.04449,60.0,Poland,,urban-centre,background,UTC+01,02/01/2020 00:00:00,,Kujawsko-Pomorska Sieć Monitoringu Powietrza,NET_PL_KP_AQ
PL0665A,"Bełchatów, ul. Edwardów",51.35669,19.3659,205.0,Poland,,urban-centre,background,UTC+01,01/01/2017 00:00:00,,Łódzka Sieć Monitoringu Powietrza,NET_PL_LD_AQ
PL0666A,"Opoczno, ul. Skłodowskiej-Curie",51.37913,20.28217,200.0,Poland,,urban-centre,background,UTC+01,01/01/2017 00:00:00,,Łódzka Sieć Monitoringu Powietrza,NET_PL_LD_AQ
PL0667A,"Uniejów, ul. Zamkowa",51.97171,18.79029,105.0,Poland,,urban-periphery,background,UTC+01,01/01/2017 00:00:00,,Łódzka Sieć Monitoringu Powietrza,NET_PL_LD_AQ
PL0670A,"Kraków, os. Wadów",50.10057,20.12256,218.0,Poland,,urban-centre,industrial,UTC+01,01/01/2017 00:00:00,,Małopolska Sieć Monitoringu Powietrza,NET_PL_MP_AQ
PL0672A,"Rabka-Zdrój, ul. Orkana",49.60865,19.96601,495.0,Poland,,urban-centre,background,UTC+01,01/01/2017 00:00:00,,Małopolska Sieć Monitoringu Powietrza,NET_PL_MP_AQ
PL0674A,"Opole, ul. Koszyka",50.66674,17.89914,153.0,Poland,,urban-centre,background,UTC+01,01/01/2017 00:00:00,,Opolska Sieć Monitoringu Powietrza,NET_PL_OP_AQ
PL0676A,"Iwonicz Zdrój, ul. Rąba",49.56518,21.79131,395.0,Poland,,urban-periphery,background,UTC+01,01/01/2017 00:00:00,,Podkarpacka Sieć Monitoringu Powietrza,NET_PL_PK_AQ
PL0678A,"Rymanów Zdrój, ul. Parkowa",49.54654,21.85101,367.0,Poland,,urban-periphery,background,UTC+01,01/01/2017 00:00:00,,Podkarpacka Sieć Monitoringu Powietrza,NET_PL_PK_AQ
PL0681A,"Ełk, ul. Piłsudskiego",53.82839,22.34834,133.0,Poland,,urban-centre,background,UTC+01,01/01/2017 00:00:00,,Warmińsko-Mazurska Sieć Monitoringu Powietrza,NET_PL_WM_AQ
PL0683A,"Nakło nad Notecią, ul. Św. Wawrzyńca",53.13668,17.59154,63.0,Poland,,urban-centre,background,UTC+01,28/12/2022 00:00:00,,Kujawsko-Pomorska Sieć Monitoringu Powietrza,NET_PL_KP_AQ
PL0689A,"Wieniec Zdrój, ul. Wieniecka",52.65677,18.98746,64.0,Poland,,urban-periphery,background,UTC+01,01/01/2018 00:00:00,,Kujawsko-Pomorska Sieć Monitoringu Powietrza,NET_PL_KP_AQ
PL0690A,"Włocławek, ul. Gniazdowskiego",52.65156,19.05189,60.0,Poland,,urban-periphery,background,UTC+01,01/04/2017 00:00:00,,Kujawsko-Pomorska Sieć Monitoringu Powietrza,NET_PL_KP_AQ
PL0691A,"Florianka, RPN",50.55189,22.98286,270.0,Poland,,rural,background,UTC+01,01/01/2018 00:00:00,,Lubelska Sieć Monitoringu Powietrza,NET_PL_LB_AQ
PL0693A,"Złockie, szkoła podstawowa",49.37415,20.87958,510.0,Poland,,rural,background,UTC+01,01/01/2018 00:00:00,,Małopolska Sieć Monitoringu Powietrza,NET_PL_MP_AQ
PL0694A,"Oświęcim, ul. J. Bema",50.03308,19.24528,241.0,Poland,,urban-centre,background,UTC+01,01/01/2020 00:00:00,,Małopolska Sieć Monitoringu Powietrza,NET_PL_MP_AQ
PL0696A,"Stalowa Wola, ul. Wojska Polskiego",50.57783,22.05434,164.0,Poland,,urban-centre,background,UTC+01,01/01/2018 00:00:00,,Podkarpacka Sieć Monitoringu Powietrza,NET_PL_PK_AQ
PL0698A,"Małogoszcz, ul. Słoneczna",50.80961,20.26603,285.0,Poland,,urban-centre,background,UTC+01,01/10/2017 00:00:00,,Świętokrzyska Sieć Monitoringu Powietrza,NET_PL_SK_AQ
PL0700A,"Koziegłowy, os.Leśne",52.44929,16.99963,93.0,Poland,,urban-centre,background,UTC+01,01/01/2018 00:00:00,,Wielkopolska Sieć Monitoringu Powietrza,NET_PL_WP_AQ
PL0701A,"Poznan, ul. Hetmańska",52.38429,16.91816,56.0,Poland,,urban-centre,traffic,UTC+01,01/01/2026 00:00:00,,Wielkopolska Sieć Monitoringu Powietrza,NET_PL_WP_AQ
PL0702A,"Kołobrzeg, ul. Żółkiewskiego",54.17938,15.59635,4.0,Poland,,urban-centre,background,UTC+01,01/01/2018 00:00:00,,Zachodniopomorska Sieć Monitoringu Powietrza,NET_PL_ZP_AQ
PL0704A,"Kielce, ul. Targowa",50.879,20.63369,269.0,Poland,,urban-centre,background,UTC+01,01/07/2018 00:00:00,,Świętokrzyska Sieć Monitoringu Powietrza,NET_PL_SK_AQ
PL0705A,"Bielsko-Biała, ul.Partyzantów",49.80208,19.04861,333.0,Poland,,urban-centre,traffic,UTC+01,01/01/2018 00:00:00,,Śląska Sieć Monitoringu Powietrza,NET_PL_SL_AQ
PL0706A,"Suwałki, ul. Pułaskiego 26",54.1159,22.93846,169.0,Poland,,urban-centre,background,UTC+01,01/08/2018 00:00:00,,Podlaska Sieć Monitoringu Powietrza,NET_PL_PD_AQ
PL0707A,"Lubliniec, ul. ks. Szymały",50.67569,18.68207,259.0,Poland,,urban-centre,background,UTC+01,01/02/2020 00:00:00,,Śląska Sieć Monitoringu Powietrza,NET_PL_SL_AQ
PL0709A,"Białystok, ul. 42 Pułku Piechoty",53.14412,23.21632,146.0,Poland,,urban-periphery,background,UTC+01,22/08/2022 00:00:00,,Podlaska Sieć Monitoringu Powietrza,NET_PL_PD_AQ
PL0711A,"Zielona Góra,ul.Wyszyńskiego",51.93625,15.48108,147.0,Poland,,urban-centre,traffic,UTC+01,14/07/2022 00:00:00,,Lubuska Sieć Monitoringu Powietrza,NET_PL_LU_AQ
PL0712A,"Biała, ul. Kmicica",52.60253,19.6451,99.0,Poland,,urban-periphery,industrial,UTC+01,01/01/2019 00:00:00,,Mazowiecka Sieć Monitoringu Powietrza,NET_PL_MZ_AQ
PL0717A,"Warszawa, ul. Bajkowa",52.18847,21.17623,90.0,Poland,,urban-centre,background,UTC+01,01/01/2019 00:00:00,,Mazowiecka Sieć Monitoringu Powietrza,NET_PL_MZ_AQ
PL0728A,"Zabierzów, ul. Wapienna",50.11603,19.80064,238.0,Poland,,urban-centre,background,UTC+01,01/01/2019 00:00:00,,Małopolska Sieć Monitoringu Powietrza,NET_PL_MP_AQ
PL0735A,"Kraków, os. Swoszowice",49.99144,19.93679,236.0,Poland,,urban-centre,background,UTC+01,01/01/2019 00:00:00,,Małopolska Sieć Monitoringu Powietrza,NET_PL_MP_AQ
PL0736A,"Rzeszów, ul. Piłsudskiego",50.04068,22.00466,202.0,Poland,,urban-centre,traffic,UTC+01,01/01/2019 00:00:00,,Podkarpacka Sieć Monitoringu Powietrza,NET_PL_PK_AQ
PL0738A,"Legnica, ul. Polarna",51.2081,16.18378,123.0,Poland,,urban-centre,background,UTC+01,01/01/2019 00:00:00,,Dolnośląska Sieć Monitoringu Powietrza,NET_PL_DS_AQ
PL0739A,"Warszawa, ul. Chrościckiego",52.20774,20.90607,110.0,Poland,,urban-centre,background,UTC+01,01/01/2019 00:00:00,,Mazowiecka Sieć Monitoringu Powietrza,NET_PL_MZ_AQ
PL0742A,"Goczałkowice Zdrój, ul. Parkowa",49.93785,18.97559,248.0,Poland,,urban-periphery,background,UTC+01,22/04/2019 00:00:00,,Śląska Sieć Monitoringu Powietrza,NET_PL_SL_AQ
PL0744A,"Chełm, ul. Połaniecka",51.12215,23.47308,192.0,Poland,,urban-centre,background,UTC+01,01/01/2019 00:00:00,,Lubelska Sieć Monitoringu Powietrza,NET_PL_LB_AQ
PL0745A,"Nowa Ruda, ul. Jeziorna",50.58149,16.49825,383.0,Poland,,urban-centre,background,UTC+01,01/01/2019 00:00:00,,Dolnośląska Sieć Monitoringu Powietrza,NET_PL_DS_AQ
PL0746A,"Zawiercie, ul. K.I.Gałczyńskiego",50.49304,19.43901,335.0,Poland,,urban-centre,background,UTC+01,12/08/2019 00:00:00,,Śląska Sieć Monitoringu Powietrza,NET_PL_SL_AQ
PL0754A,"Olkusz, ul. Cegielniana",50.284,19.56404,373.0,Poland,,urban-centre,background,UTC+01,01/01/2019 00:00:00,,Małopolska Sieć Monitoringu Powietrza,NET_PL_MP_AQ
PL0756A,"Koszalin, ul. Chopina",54.19411,16.21167,44.0,Poland,,urban-centre,background,UTC+01,20/12/2019 00:00:00,,Zachodniopomorska Sieć Monitoringu Powietrza,NET_PL_ZP_AQ
PL0759A,"Racibórz, Wojska Polskiego",50.09114,18.21626,193.0,Poland,,urban-centre,background,UTC+01,01/06/2019 00:00:00,,Śląska Sieć Monitoringu Powietrza,NET_PL_SL_AQ
PL0760A,"Bydgoszcz, ul. Jeździecka",53.17521,18.04416,90.0,Poland,,urban-periphery,background,UTC+01,05/01/2024 00:00:00,,Kujawsko-Pomorska Sieć Monitoringu Powietrza,NET_PL_KP_AQ
PL0762A,"Lublin, ul. Okopowa",51.24546,22.55499,196.0,Poland,,urban-centre,traffic,UTC+01,01/01/2026 00:00:00,,Lubelska Sieć Monitoringu Powietrza,NET_PL_LB_AQ
PL0768A,"Augustów, Uzdrowisko",53.85255,22.98469,130.0,Poland,,urban-periphery,background,UTC+01,15/04/2020 00:00:00,,Podlaska Sieć Monitoringu Powietrza,NET_PL_PD_AQ
PL0769A,"Białystok, al.Piłsudskiego",53.13529,23.16133,130.0,Poland,,urban-centre,traffic,UTC+01,01/01/2023 00:00:00,,Podlaska Sieć Monitoringu Powietrza,NET_PL_PD_AQ
PL0771A,"Gołuchów, Ujęcie Wody",50.62148,20.61406,270.0,Poland,,rural,background,UTC+01,01/01/2020 00:00:00,,Świętokrzyska Sieć Monitoringu Powietrza,NET_PL_SK_AQ
PL0773A,"Jastrzębie-Zdrój, Al.J.Piłsudskiego/Harcerska",49.95254,18.60795,269.0,Poland,,urban-centre,traffic,UTC+01,28/03/2022 00:00:00,,Śląska Sieć Monitoringu Powietrza,NET_PL_SL_AQ
PL0775A,"Gdańsk, Al. Grunwaldzka",54.38068,18.60156,21.0,Poland,,urban-centre,traffic,UTC+01,01/01/2025 00:00:00,,Pomorska Sieć Monitoringu Powietrza,NET_PL_PM_AQ
PL0779A,"Trzebnica, ul. 3 Maja",51.30482,17.07137,187.0,Poland,,urban-centre,background,UTC+01,01/01/2021 00:00:00,,Dolnośląska Sieć Monitoringu Powietrza,NET_PL_DS_AQ
PL0783A,Nowa Sól,51.8091,15.70804,67.0,Poland,,urban-centre,background,UTC+01,01/01/2021 00:00:00,,Lubuska Sieć Monitoringu Powietrza,NET_PL_LU_AQ
PL0787A,"Warszawa, IMGW",52.2813,20.96338,95.0,Poland,,urban-centre,background,UTC+01,01/01/2021 00:00:00,,Mazowiecka Sieć Monitoringu Powietrza,NET_PL_MZ_AQ
PL0790A,"Sopot, ul. Bitwy Pod Płowcami",54.43451,18.57884,3.0,Poland,,urban-centre,background,UTC+01,17/03/2021 00:00:00,,Pomorska Sieć Monitoringu Powietrza,NET_PL_PM_AQ
PL0791A,"Wejherowo, ul. Dworcowa",54.60453,18.22776,32.0,Poland,,urban-centre,background,UTC+01,01/01/2022 00:00:00,,Pomorska Sieć Monitoringu Powietrza,NET_PL_PM_AQ
PL0792A,"Kielce, ul. Jurajska",50.88761,20.57997,258.0,Poland,,urban-centre,background,UTC+01,01/01/2021 00:00:00,,Świętokrzyska Sieć Monitoringu Powietrza,NET_PL_SK_AQ
PL0796A,"Cieszyn, ul. Chopina",49.75599,18.63408,310.0,Poland,,urban-centre,background,UTC+01,01/12/2020 00:00:00,,Śląska Sieć Monitoringu Powietrza,NET_PL_SL_AQ
PL0797A,"Nowe Miasto Lubawskie, ul. Działyńskich",53.42681,19.59234,83.0,Poland,,urban-centre,background,UTC+01,01/04/2021 00:00:00,,Warmińsko-Mazurska Sieć Monitoringu Powietrza,NET_PL_WM_AQ
PL0798A,"Mosina, ul. Czereśniowa",52.2415,16.86513,64.0,Poland,,urban-centre,background,UTC+01,16/11/2020 00:00:00,,Wielkopolska Sieć Monitoringu Powietrza,NET_PL_WP_AQ
PL0800A,Poznań ul. Szwajcarska,52.39088,16.99805,77.0,Poland,,urban-centre,background,UTC+01,01/01/2025 00:00:00,,Wielkopolska Sieć Monitoringu Powietrza,NET_PL_WP_AQ
PL0806A,Myślenice,49.83124,19.92359,300.0,Poland,,urban-centre,background,UTC+01,17/03/2021 00:00:00,,Małopolska Sieć Monitoringu Powietrza,NET_PL_MP_AQ
PL0807A,"Nowy Targ, al. Tysiąclecia ",49.47668,20.03488,594.0,Poland,,urban-centre,background,UTC+01,08/12/2021 00:00:00,,Małopolska Sieć Monitoringu Powietrza,NET_PL_MP_AQ
PL0814A,"Pszczyna, ul. Batorego",49.97577,18.94769,248.0,Poland,,urban-centre,background,UTC+01,01/01/2024 00:00:00,,Śląska Sieć Monitoringu Powietrza,NET_PL_SL_AQ
PL0819A,"Kraków, ul. Kamieńskiego",50.02461,19.97846,218.0,Poland,,urban-centre,traffic,UTC+01,22/03/2024 00:00:00,,Małopolska Sieć Monitoringu Powietrza,NET_PL_MP_AQ
PL0821A,"Konstancin-Jeziorna, ul. Żeromskiego",52.08228,21.1246,96.0,Poland,,urban-periphery,background,UTC+01,01/01/2023 00:00:00,,Mazowiecka Sieć Monitoringu Powietrza,NET_PL_MZ_AQ
PL0825A,"Rzeszów, ul. Starzyńskiego",50.06038,21.98051,221.0,Poland,,urban-centre,background,UTC+01,01/01/2023 00:00:00,,Podkarpacka Sieć Monitoringu Powietrza,NET_PL_PK_AQ
PL0828A,"Łagów, ul. Zapłotnia",50.77848,21.08122,297.0,Poland,,urban-centre,background,UTC+01,01/01/2023 00:00:00,,Świętokrzyska Sieć Monitoringu Powietrza,NET_PL_SK_AQ
PL0836A,"Chojnów, ul. S. Małachowskiego ",51.27428,15.9298,150.0,Poland,,urban-centre,background,UTC+01,08/01/2025 01:00:00,,Dolnośląska Sieć Monitoringu Powietrza,NET_PL_DS_AQ
PL0840A,"Wysowa-Zdrój, Park Zdrojowy",49.44017,21.17809,456.0,Poland,,urban-periphery,background,UTC+01,19/12/2023 00:00:00,,Małopolska Sieć Monitoringu Powietrza,NET_PL_MP_AQ
PL0841A,"Białystok, ul. Upalna",53.1296,23.10805,130.0,Poland,,urban-centre,background,UTC+01,23/10/2025 00:00:00,,Podlaska Sieć Monitoringu Powietrza,NET_PL_PD_AQ
PL0843A,"Bytów, ul. Miła",54.1727,17.49299,149.0,Poland,,urban-centre,background,UTC+01,01/01/2024 00:00:00,,Pomorska Sieć Monitoringu Powietrza,NET_PL_PM_AQ
PL0845A,"Zabrze, ul. M. Skłodowskiej-Curie",50.31707,18.77126,255.0,Poland,,urban-centre,background,UTC+01,01/01/2024 00:00:00,,Śląska Sieć Monitoringu Powietrza,NET_PL_SL_AQ
PL0847A,Kępno ul. Sportowa,51.28299,17.98674,166.0,Poland,,urban-centre,background,UTC+01,12/09/2023 00:00:00,,Wielkopolska Sieć Monitoringu Powietrza,NET_PL_WP_AQ
PL0850A,"Leszno, ul. Bolesława Prusa",51.83368,16.59212,90.0,Poland,,urban-centre,background,UTC+01,08/12/2023 00:00:00,,Wielkopolska Sieć Monitoringu Powietrza,NET_PL_WP_AQ
PL0851A,"Lubań, ul. Ludowa",51.12009,15.29819,210.0,Poland,,urban-centre,background,UTC+01,03/01/2025 01:00:00,,Dolnośląska Sieć Monitoringu Powietrza,NET_PL_DS_AQ
PL0852A,"Tomaszów Lubelski, ul. Janusza Petera",50.44413,23.42155,268.0,Poland,,urban-centre,background,UTC+01,08/01/2025 00:00:00,,Lubelska Sieć Monitoringu Powietrza,NET_PL_LB_AQ
PL0853A,"Sulechów, ul. Licealna",52.08483,15.63325,81.0,Poland,,urban-centre,background,UTC+01,02/01/2025 01:00:00,,Lubuska Sieć Monitoringu Powietrza,NET_PL_LU_AQ
PL0854A,"Ciechanów, ul. Kraszewskiego",52.88554,20.60251,122.0,Poland,,urban-centre,background,UTC+01,01/01/2025 00:00:00,,Mazowiecka Sieć Monitoringu Powietrza,NET_PL_MZ_AQ
PL0855A,"Nysa, ul. Rodziewiczówny 1",50.46099,17.3315,192.0,Poland,,urban-centre,background,UTC+01,01/01/2025 00:00:00,,Opolska Sieć Monitoringu Powietrza,NET_PL_OP_AQ
PL0856A,"Wysokie Mazowieckie, ul. 1 Maja",52.91388,22.50927,150.0,Poland,,urban-centre,background,UTC+01,01/01/2025 00:00:00,,Podlaska Sieć Monitoringu Powietrza,NET_PL_PD_AQ
PL0857A,"Kolbuszowa, ul. Jana Pawła II",50.2459,21.76949,205.0,Poland,,urban-centre,background,UTC+01,01/01/2025 00:00:00,,Podkarpacka Sieć Monitoringu Powietrza,NET_PL_PK_AQ
PL0858A,"Rzeszów, ul. Kwiatkowskiego",49.99841,21.99218,205.0,Poland,,urban-centre,background,UTC+01,01/01/2025 00:00:00,,Podkarpacka Sieć Monitoringu Powietrza,NET_PL_PK_AQ
PL0859A,"Gdańsk, ul. Lawendowe Wzgórze",54.32883,18.56882,80.0,Poland,,urban-centre,background,UTC+01,01/01/2025 00:00:00,,Pomorska Sieć Monitoringu Powietrza,NET_PL_PM_AQ
PL0860A,"Giżycko, ul. Wodociągowa",54.04321,21.78486,135.0,Poland,,urban-centre,background,UTC+01,03/01/2025 01:00:00,,Warmińsko-Mazurska Sieć Monitoringu Powietrza,NET_PL_WM_AQ
PL0861A,"Krotoszyn, ul. Olimpijska",51.69731,17.44126,132.0,Poland,,urban-centre,background,UTC+01,19/12/2024 00:00:00,,Wielkopolska Sieć Monitoringu Powietrza,NET_PL_WP_AQ
PL0862A,"Świnoujście, ul. Białoruska",53.90381,14.27963,3.0,Poland,,urban-centre,background,UTC+01,18/12/2024 01:00:00,,Zachodniopomorska Sieć Monitoringu Powietrza,NET_PL_ZP_AQ
PL0863A,ul. Sportowa 15,50.97489,16.92965,141.0,Poland,,urban-centre,background,UTC+01,01/01/2026 00:00:00,,Dolnośląska Sieć Monitoringu Powietrza,NET_PL_DS_AQ
PL0864A,"Solec Kujawski, ul. Tartaczna 10",53.07931,18.24844,44.0,Poland,,urban-centre,background,UTC+01,01/01/2026 00:00:00,,Kujawsko-Pomorska Sieć Monitoringu Powietrza,NET_PL_KP_AQ
PL0865A,"Szlichtyngowa, ul. Przemysłowa",51.71004,16.23953,80.0,Poland,,urban-centre,background,UTC+01,01/01/2026 00:00:00,,Lubuska Sieć Monitoringu Powietrza,NET_PL_LU_AQ
PL0866A,"Kraków, ul. Półłanki",50.0347,20.04439,198.0,Poland,,urban-periphery,background,UTC+01,01/01/2025 00:00:00,,Małopolska Sieć Monitoringu Powietrza,NET_PL_MP_AQ
PL0867A,"Warszawa, ul. Grochowska",52.2457,21.08043,85.0,Poland,,urban-centre,traffic,UTC+01,15/07/2025 00:00:00,,Mazowiecka Sieć Monitoringu Powietrza,NET_PL_MZ_AQ
PL0868A,"Warszawa, al. Solidarności",52.24357,20.99921,112.0,Poland,,urban-centre,traffic,UTC+01,15/07/2025 00:00:00,,Mazowiecka Sieć Monitoringu Powietrza,NET_PL_MZ_AQ
PL0869A,Krasne,50.04394,22.09074,231.0,Poland,,rural,background,UTC+01,01/01/2026 00:00:00,,Podkarpacka Sieć Monitoringu Powietrza,NET_PL_PK_AQ
PL0870A,"Tczew, ul. Czyżykowska",54.08194,18.80445,20.0,Poland,,urban-centre,background,UTC+01,01/01/2026 00:00:00,,Pomorska Sieć Monitoringu Powietrza,NET_PL_PM_AQ
PL0871A,"Ostrowiec Świętokrzyski, ul. Polna",50.94533,21.38241,194.0,Poland,,urban-centre,background,UTC+01,01/01/2026 00:00:00,,Świętokrzyska Sieć Monitoringu Powietrza,NET_PL_SK_AQ
PL0872A,"Solec-Zdrój, ul. Leśna",50.36608,20.88477,193.0,Poland,,urban-periphery,background,UTC+01,01/01/2026 00:00:00,,Świętokrzyska Sieć Monitoringu Powietrza,NET_PL_SK_AQ
PL0873A,"Katowice, ul. Dudy-Gracza",50.25848,19.03622,262.0,Poland,,urban-centre,traffic,UTC+01,01/01/2026 00:00:00,,Śląska Sieć Monitoringu Powietrza,NET_PL_SL_AQ
PT01021,Custóias-Matosinhos,41.19972,-8.64472,100.0,Portugal,,urban-periphery,background,UTC,01/09/1998 00:00:00,,Rede de Qualidade do Ar do Norte,NET-PT00015
PT01023,Ermesinde-Valongo,41.20667,-8.55278,140.0,Portugal,,urban-centre,background,UTC,01/10/1998 00:00:00,,Rede de Qualidade do Ar do Norte,NET-PT00015
PT01024,D.Manuel II-Vermoim,41.23556,-8.61861,90.0,Portugal,,urban-centre,traffic,UTC,01/11/1999 00:00:00,,Rede de Qualidade do Ar do Norte,NET-PT00015
PT01028,Francisco Sá Carneiro-Campanha,41.16444,-8.58944,146.0,Portugal,,urban-centre,traffic,UTC,01/11/2000 00:00:00,,Rede de Qualidade do Ar do Norte,NET-PT00015
PT01030,João Gomes Laranjo-S.Hora,41.18611,-8.66306,72.0,Portugal,,urban-centre,traffic,UTC,01/09/2001 00:00:00,,Rede de Qualidade do Ar do Norte,NET-PT00015
PT01031,VNTelha-Maia,41.25222,-8.66056,88.0,Portugal,,urban-periphery,background,UTC,01/10/1998 00:00:00,,Rede de Qualidade do Ar do Norte,NET-PT00015
PT01034,Leça do Balio-Matosinhos,41.21806,-8.63222,40.0,Portugal,,urban-periphery,background,UTC,01/10/1999 00:00:00,,Rede de Qualidade do Ar do Norte,NET-PT00015
PT01041,Fr Bartolomeu Mártires-S.Vitor,41.54972,-8.40583,175.0,Portugal,,urban-centre,traffic,UTC,09/05/2004 00:00:00,,Rede de Qualidade do Ar do Norte,NET-PT00015
PT01043,Pe Moreira Neves-Castelões de Cepeda,41.2075,-8.33806,184.0,Portugal,,urban-centre,traffic,UTC,07/01/2004 00:00:00,,Rede de Qualidade do Ar do Norte,NET-PT00015
PT01044,Paços de Ferreira,41.27417,-8.37611,300.0,Portugal,,urban-centre,background,UTC,20/02/2004 00:00:00,,Rede de Qualidade do Ar do Norte,NET-PT00015
PT01046,Cónego Dr. Manuel Faria-Azurém,41.44972,-8.29639,185.0,Portugal,,urban-centre,traffic,UTC,07/04/2004 00:00:00,,Rede de Qualidade do Ar do Norte,NET-PT00015
PT01047,Minho-Lima,41.80222,-8.69389,777.0,Portugal,,rural,background,UTC,11/03/2005 00:00:00,,Rede de Qualidade do Ar do Norte,NET-PT00015
PT01050,Sobreiras-Lordelo do Ouro,41.1475,-8.65889,17.0,Portugal,,urban-centre,background,UTC,01/12/2007 00:00:00,,Rede de Qualidade do Ar do Norte,NET-PT00015
PT01051,Mindelo-Vila do Conde,41.30861,-8.72083,25.0,Portugal,,urban-periphery,background,UTC,22/12/2009 00:00:00,,Rede de Qualidade do Ar do Norte,NET-PT00015
PT01052,Burgães-Santo Tirso,41.35389,-8.46083,47.0,Portugal,,urban-centre,background,UTC,17/12/2009 00:00:00,,Rede de Qualidade do Ar do Norte,NET-PT00015
PT01053,Avintes,41.09667,-8.55583,88.0,Portugal,,urban-centre,background,UTC,13/07/2010 00:00:00,,Rede de Qualidade do Ar do Norte,NET-PT00015
PT01054,Anta-Espinho,40.99944,-8.62333,0.0,Portugal,,urban-periphery,background,UTC,25/02/2011 00:00:00,,Rede de Qualidade do Ar do Norte,NET-PT00015
PT01055,Seara-Matosinhos,41.18778,-8.67194,0.0,Portugal,,urban-centre,industrial,UTC,23/01/2013 00:00:00,,Rede de Qualidade do Ar do Norte,NET-PT00015
PT01100,Santa Combinha,41.57194,-6.88722,661.0,Portugal,,rural,background,UTC,15/05/2019 00:00:00,,Rede de Qualidade do Ar do Norte,NET-PT00015
PT02004,Estarreja,40.75861,-8.56722,14.0,Portugal,,urban-periphery,background,UTC,01/05/1990 00:00:00,,Rede de Qualidade do Ar do Centro,NET-PT00006
PT02006,Coimbra/ Avenida Fernão Magalhães,40.21472,-8.40167,20.0,Portugal,,urban-centre,traffic,UTC,08/07/2008 00:00:00,,Rede de Qualidade do Ar do Centro,NET-PT00006
PT02017,Aveiro,40.63556,-8.64667,16.0,Portugal,,urban-centre,traffic,UTC,15/01/2003 00:00:00,,Rede de Qualidade do Ar do Centro,NET-PT00006
PT02018,Ílhavo,40.58972,-8.67056,14.0,Portugal,,urban-periphery,background,UTC,27/03/2003 00:00:00,,Rede de Qualidade do Ar do Centro,NET-PT00006
PT02019,Ervedeira,39.92389,-8.89167,68.0,Portugal,,rural,background,UTC,03/01/2003 00:00:00,,Rede de Qualidade do Ar do Centro,NET-PT00006
PT03055,Lavradio,38.66667,-9.04778,31.0,Portugal,,urban-centre,industrial,UTC,01/06/1993 00:00:00,,Rede de Qualidade do Ar de Lisboa e Vale do Tejo,NET-PT00002
PT03063,Paio Pires,38.61944,-9.08111,47.0,Portugal,,urban-periphery,industrial,UTC,23/05/2000 00:00:00,,Rede de Qualidade do Ar de Lisboa e Vale do Tejo,NET-PT00002
PT03070,Beato,38.89472,-9.1175,56.0,Portugal,,urban-centre,background,UTC,26/06/2020 00:00:00,,Rede de Qualidade do Ar de Lisboa e Vale do Tejo,NET-PT00002
PT03071,Olivais,38.76889,-9.10806,32.0,Portugal,,urban-centre,background,UTC,01/03/1992 00:00:00,,Rede de Qualidade do Ar de Lisboa e Vale do Tejo,NET-PT00002
PT03072,Entrecampos,38.74861,-9.14889,86.0,Portugal,,urban-centre,traffic,UTC,01/03/1992 00:00:00,,Rede de Qualidade do Ar de Lisboa e Vale do Tejo,NET-PT00002
PT03075,Avenida da Liberdade,38.72028,-9.14583,44.0,Portugal,,urban-centre,traffic,UTC,01/02/1998 00:00:00,,Rede de Qualidade do Ar de Lisboa e Vale do Tejo,NET-PT00002
PT03082,Alfragide/Amadora,38.73889,-9.2075,109.0,Portugal,,urban-centre,background,UTC,01/01/1998 00:00:00,,Rede de Qualidade do Ar de Lisboa e Vale do Tejo,NET-PT00002
PT03083,Laranjeiro,38.66361,-9.15778,63.0,Portugal,,urban-centre,background,UTC,16/01/2001 00:00:00,,Rede de Qualidade do Ar de Lisboa e Vale do Tejo,NET-PT00002
PT03084,Reboleira,38.75417,-9.23083,132.0,Portugal,,urban-centre,background,UTC,20/02/2001 00:00:00,,Rede de Qualidade do Ar de Lisboa e Vale do Tejo,NET-PT00002
PT03085,Loures-Centro,38.82972,-9.16444,10.0,Portugal,,urban-centre,background,UTC,01/06/2001 00:00:00,,Rede de Qualidade do Ar de Lisboa e Vale do Tejo,NET-PT00002
PT03089,Mem Martins,38.785,-9.34722,173.0,Portugal,,urban-centre,background,UTC,01/10/2002 00:00:00,,Rede de Qualidade do Ar de Lisboa e Vale do Tejo,NET-PT00002
PT03091,Quinta do Marquês,38.6975,-9.32333,48.0,Portugal,,urban-centre,background,UTC,01/09/2002 00:00:00,,Rede de Qualidade do Ar de Lisboa e Vale do Tejo,NET-PT00002
PT03092,Camarinha,38.53056,-8.87306,15.0,Portugal,,urban-centre,background,UTC,01/10/2002 00:00:00,,Rede de Qualidade do Ar de Lisboa e Vale do Tejo,NET-PT00002
PT03093,Arcos,38.52917,-8.89417,2.0,Portugal,,urban-centre,background,UTC,26/06/2008 00:00:00,,Rede de Qualidade do Ar de Lisboa e Vale do Tejo,NET-PT00002
PT03094,Quebedo,38.52417,-8.89417,16.0,Portugal,,urban-centre,traffic,UTC,01/05/2002 00:00:00,,Rede de Qualidade do Ar de Lisboa e Vale do Tejo,NET-PT00002
PT03095,Escavadeira,38.65861,-9.06694,30.0,Portugal,,urban-centre,background,UTC,01/09/2001 00:00:00,,Rede de Qualidade do Ar de Lisboa e Vale do Tejo,NET-PT00002
PT03096,Chamusca,39.3525,-8.46611,143.0,Portugal,,rural,background,UTC,23/04/2008 00:00:00,,Rede de Qualidade do Ar de Lisboa e Vale do Tejo,NET-PT00002
PT03097,Odivelas-Ramada,38.80222,-9.18222,124.0,Portugal,,urban-centre,traffic,UTC,01/12/2003 00:00:00,,Rede de Qualidade do Ar de Lisboa e Vale do Tejo,NET-PT00002
PT03099,Fernando Pó,38.63556,-8.69056,57.0,Portugal,,rural,background,UTC,18/04/2007 00:00:00,,Rede de Qualidade do Ar de Lisboa e Vale do Tejo,NET-PT00002
PT03100,Santa Cruz de Benfica,38.74806,-9.2025,76.0,Portugal,,urban-centre,traffic,UTC,16/12/2008 00:00:00,,Rede de Qualidade do Ar de Lisboa e Vale do Tejo,NET-PT00002
PT03101,Alverca,38.89611,-9.04028,22.0,Portugal,,urban-centre,background,UTC,31/12/2008 00:00:00,,Rede de Qualidade do Ar de Lisboa e Vale do Tejo,NET-PT00002
PT03102,Lourinhã,39.27833,-9.24556,143.0,Portugal,,rural,background,UTC,05/12/2008 00:00:00,,Rede de Qualidade do Ar de Lisboa e Vale do Tejo,NET-PT00002
PT03104,Cascais - Escola da Cidadela,38.70139,-9.42944,41.0,Portugal,,urban-centre,background,UTC,22/01/2016 00:00:00,,Rede de Qualidade do Ar de Lisboa e Vale do Tejo,NET-PT00002
PT04001,Monte Chãos,37.95417,-8.83806,129.0,Portugal,,urban-periphery,industrial,UTC,01/01/1987 00:00:00,,Rede de Qualidade do Ar do Alentejo,NET-PT00014
PT04002,Monte Velho,38.07694,-8.79861,53.0,Portugal,,rural,background,UTC,01/01/1987 00:00:00,,Rede de Qualidade do Ar do Alentejo,NET-PT00014
PT04003,Sonega,37.87111,-8.72389,235.0,Portugal,,rural,industrial,UTC,01/01/1987 00:00:00,,Rede de Qualidade do Ar do Alentejo,NET-PT00014
PT04004,Santiago do Cacém,38.02,-8.6975,261.0,Portugal,,urban-centre,industrial,UTC,23/02/2011 00:00:00,,Rede de Qualidade do Ar do Alentejo,NET-PT00014
PT04006,Terena,38.615,-7.3975,187.0,Portugal,,rural,background,UTC,15/02/2005 00:00:00,,Rede de Qualidade do Ar do Alentejo,NET-PT00014
PT05007,Joaquim Magalhães,37.015,-7.92667,4.0,Portugal,,urban-centre,background,UTC,11/08/2004 00:00:00,,Rede de Qualidade do Ar do Algarve,NET-PT00017
PT05008,Malpique,37.09167,-8.24972,45.0,Portugal,,urban-centre,background,UTC,04/09/2004 00:00:00,,Rede de Qualidade do Ar do Algarve,NET-PT00017
PT05011,David Neto,37.13833,-8.54222,6.0,Portugal,,urban-centre,traffic,UTC,30/06/2004 00:00:00,,Rede de Qualidade do Ar do Algarve,NET-PT00017
PT05012,Cerro,37.3125,-7.67861,300.0,Portugal,,rural,background,UTC,15/10/2004 00:00:00,,Rede de Qualidade do Ar do Algarve,NET-PT00017
PT06004,São João,32.64889,-16.88306,0.0,Portugal,,urban-centre,traffic,UTC,07/07/2003 00:00:00,,Rede de Qualidade do Ar da Região Autónoma da Madeira,NET-PT00031
PT06005,São Gonçalo,32.64972,-16.91833,0.0,Portugal,,urban-centre,background,UTC,07/07/2003 00:00:00,,Rede de Qualidade do Ar da Região Autónoma da Madeira,NET-PT00031
PT06008,Santana,32.80778,-16.88639,0.0,Portugal,,rural,background,UTC,20/07/2018 00:00:00,,Rede de Qualidade do Ar da Região Autónoma da Madeira,NET-PT00031
PT07001,Faial,38.605,-28.63139,310.0,Portugal,,rural,background,UTC,06/04/2006 00:00:00,,Rede da Qualidade do Ar da DRA - Açores,NET-PT00032
PT07002,Ponta Delgada,37.75029,-25.66402,55.0,Portugal,,urban-centre,background,UTC,19/05/2012 00:00:00,,Rede da Qualidade do Ar da DRA - Açores,NET-PT00032
PT07003,Ribeira Grande,37.81692,-25.51947,44.0,Portugal,,urban-centre,traffic,UTC,21/05/2012 00:00:00,,Rede da Qualidade do Ar da DRA - Açores,NET-PT00032
PT07004,Angra do Heroísmo,38.66369,-27.20429,101.0,Portugal,,urban-centre,traffic,UTC,20/08/2019 00:00:00,,Rede da Qualidade do Ar da DRA - Açores,NET-PT00032
RO0008R,EM-3,47.32469,25.13484,912.0,Romania,POIANA STAMPEI,rural,background,UTC+02,01/01/2010 00:00:00,,Suceava-RNMCA,NET-RO051A
RO0009R,EM-2 (Semenic),45.18114,22.05565,1420.0,Romania,VALIUG,rural,background,UTC+02,01/01/2011 00:00:00,,Caras-RNMCA,NET-RO032A
RO0010R,EM-1,45.43611,25.3059,1233.0,Romania,FUNDATA,rural,background,UTC+02,31/08/2018 00:00:00,,Brasov-RNMCA,NET-RO029A
RO0065A,B-1,44.44727,26.03669,91.0,Romania,BUCURESTI,urban-centre,background,UTC+02,01/01/2008 00:00:00,,Bucuresti-RNMCA,NET-RO016A
RO0066A,B-2,44.41797,26.16079,71.0,Romania,BUCURESTI,urban-centre,industrial,UTC+02,01/01/2008 00:00:00,,Bucuresti-RNMCA,NET-RO016A
RO0067A,B-3,44.44492,26.12729,81.0,Romania,BUCURESTI,urban-centre,traffic,UTC+02,01/01/2008 00:00:00,,Bucuresti-RNMCA,NET-RO016A
RO0068A,B-4,44.38391,26.12502,80.0,Romania,BUCURESTI,urban-centre,industrial,UTC+02,01/01/2021 00:00:00,,Bucuresti-RNMCA,NET-RO016A
RO0069A,B-5,44.41949,26.03364,87.0,Romania,BUCURESTI,urban-centre,industrial,UTC+02,01/01/2021 00:00:00,,Bucuresti-RNMCA,NET-RO016A
RO0070A,B-6,44.43504,26.0983,79.0,Romania,BUCURESTI,urban-centre,traffic,UTC+02,01/01/2008 00:00:00,,Bucuresti-RNMCA,NET-RO016A
RO0071A,B-7,44.34922,26.03083,80.0,Romania,MAGURELE,urban-periphery,background,UTC+02,01/01/2008 00:00:00,,Bucuresti-RNMCA,NET-RO016A
RO0072A,B-8,44.64903,26.14448,93.0,Romania,BUCURESTI,rural,background,UTC+02,01/01/2008 00:00:00,,Bucuresti-RNMCA,NET-RO016A
RO0073A,CJ-1,46.77825,23.61562,336.0,Romania,CLUJ-NAPOCA,urban-centre,traffic,UTC+02,01/01/2008 00:00:00,,Cluj-RNMCA,NET-RO017A
RO0074A,CJ-2,46.77503,23.59662,336.0,Romania,CLUJ,urban-centre,background,UTC+02,01/01/2008 00:00:00,,Cluj-RNMCA,NET-RO017A
RO0075A,CJ-3,46.76543,23.55026,346.0,Romania,CLUJ,urban-periphery,background,UTC+02,01/01/2008 00:00:00,,Cluj-RNMCA,NET-RO017A
RO0076A,CJ-4,46.78218,23.63059,323.0,Romania,CLUJ-NAPOCA,urban-centre,industrial,UTC+02,01/01/2008 00:00:00,,Cluj-RNMCA,NET-RO017A
RO0077A,CJ-5,47.14501,23.87739,234.0,Romania,DEJ,urban-centre,background,UTC+02,01/01/2024 00:00:00,,Cluj-RNMCA,NET-RO017A
RO0078A,DJ-1,44.31857,23.80624,118.0,Romania,CRAIOVA,urban-centre,traffic,UTC+02,01/01/2024 00:00:00,,Dolj-RNMCA,NET-RO018A
RO0079A,DJ-2,44.31914,23.79671,120.0,Romania,CRAIOVA,urban-centre,background,UTC+02,01/01/2008 00:00:00,,Dolj-RNMCA,NET-RO018A
RO0080A,DJ-3,44.32677,23.77869,83.0,Romania,CRAIOVA,urban-centre,industrial,UTC+02,01/01/2008 00:00:00,,Dolj-RNMCA,NET-RO018A
RO0082A,DJ-5,44.34222,23.71972,123.0,Romania,BREASTA,rural,background,UTC+02,01/01/2008 00:00:00,,Dolj-RNMCA,NET-RO018A
RO0083A,IS-1,47.15684,27.57491,40.0,Romania,IASI,urban-centre,traffic,UTC+02,01/01/2024 00:00:00,,Iasi-RNMCA,NET-RO019A
RO0084A,IS-2,47.15095,27.58192,42.0,Romania,IASI,urban-centre,background,UTC+02,03/01/2023 00:00:00,,Iasi-RNMCA,NET-RO019A
RO0085A,IS-3,47.15779,27.61269,64.0,Romania,IASI,urban-centre,industrial,UTC+02,01/01/2008 00:00:00,,Iasi-RNMCA,NET-RO019A
RO0086A,IS-4,47.21331,27.61108,186.0,Romania,IASI,rural,background,UTC+02,01/01/2016 00:00:00,,Iasi-RNMCA,NET-RO019A
RO0087A,IS-5,47.13574,27.69309,37.0,Romania,TOMESTI,urban-periphery,background,UTC+02,01/01/2024 00:00:00,,Iasi-RNMCA,NET-RO019A
RO0092A,AB-1,46.06428,23.56352,242.0,Romania,ALBA IULIA,urban-centre,background,UTC+02,01/01/2024 00:00:00,,Alba-RNMCA,NET-RO021A
RO0093A,AB-2,45.96641,23.55989,249.0,Romania,SEBES,urban-centre,industrial,UTC+02,01/01/2024 00:00:00,,Alba-RNMCA,NET-RO021A
RO0094A,AB-3,46.10964,23.22639,410.0,Romania,ZLATNA,urban-centre,industrial,UTC+02,01/01/2008 00:00:00,,Alba-RNMCA,NET-RO021A
RO0095A,AR-1,46.18114,21.33502,107.0,Romania,ARAD,urban-centre,traffic,UTC+02,01/01/2009 00:00:00,,Arad-RNMCA,NET-RO022A
RO0096A,AR-2,46.19046,21.30253,106.0,Romania,ARAD,urban-centre,background,UTC+02,01/01/2009 00:00:00,,Arad-RNMCA,NET-RO022A
RO0097A,AR-3,46.16685,20.7366,83.0,Romania,NADLAC,urban-periphery,traffic,UTC+02,01/01/2010 00:00:00,,Arad-RNMCA,NET-RO022A
RO0098A,AG-1,44.87014,24.85459,283.0,Romania,PITESTI,urban-centre,traffic,UTC+02,01/01/2024 00:00:00,,Arges-RNMCA,NET-RO023A
RO0099A,AG-2,44.85817,24.87152,280.0,Romania,"PITESTI,Str.Victoriei Nr.20, Cod Poştal 110017",urban-centre,background,UTC+02,01/01/2008 00:00:00,,Arges-RNMCA,NET-RO023A
RO0100A,AG-3,44.86342,25.00738,292.0,Romania,"RADU NEGRU, Com.Călineşti, Cod Poştal 117201",urban-periphery,background,UTC+02,01/01/2009 00:00:00,,Arges-RNMCA,NET-RO023A
RO0101A,AG-4,44.97883,24.76126,321.0,Romania,CALOTESTI,urban-periphery,background,UTC+02,03/01/2023 00:00:00,,Arges-RNMCA,NET-RO023A
RO0102A,AG-5,44.75566,24.97553,266.0,Romania,OARJA,urban-periphery,industrial,UTC+02,01/01/2009 00:00:00,,Arges-RNMCA,NET-RO023A
RO0103A,AG-6,45.28565,25.07966,688.0,Romania,CAMPULUNG,urban-periphery,industrial,UTC+02,01/01/2024 00:00:00,,Arges-RNMCA,NET-RO023A
RO0104A,BC-1,46.56437,26.91067,169.0,Romania,BACAU,urban-centre,background,UTC+02,01/01/2009 00:00:00,,Bacau-RNMCA,NET-RO024A
RO0105A,BC-2,46.55584,26.92694,158.0,Romania,BACAU,urban-periphery,industrial,UTC+02,01/01/2024 00:00:00,,Bacau-RNMCA,NET-RO024A
RO0106A,BC-3,46.25662,26.79289,201.0,Romania,ONESTI,urban-periphery,industrial,UTC+02,01/01/2024 00:00:00,,Bacau-RNMCA,NET-RO024A
RO0107A,BH-1,47.06872,21.92723,128.0,Romania,ORADEA,urban-centre,background,UTC+02,01/01/2024 00:00:00,,Bihor-RNMCA,NET-RO025A
RO0108A,BH-2,47.0976,21.90117,113.0,Romania,ORADEA,urban-centre,industrial,UTC+02,01/01/2008 00:00:00,,Bihor-RNMCA,NET-RO025A
RO0109A,BH-3,47.03248,21.95049,136.0,Romania,ORADEA,urban-centre,traffic,UTC+02,01/01/2024 00:00:00,,Bihor-RNMCA,NET-RO025A
RO0110A,BH-4,47.04379,22.33191,213.0,Romania,TETCHEA,rural,industrial,UTC+02,01/01/2010 00:00:00,,Bihor-RNMCA,NET-RO025A
RO0111A,BN-1,47.12737,24.49549,357.0,Romania,BISTRITA,urban-centre,background,UTC+02,03/01/2023 00:00:00,,Bistrita-RNMCA,NET-RO026A
RO0112A,BT-1,47.73992,26.65852,167.0,Romania,BOTOSANI,urban-centre,background,UTC+02,01/01/2008 00:00:00,,Botosani-RNMCA,NET-RO027A
RO0113A,BR-1,45.28376,27.9711,21.0,Romania,BRAILA,urban-centre,traffic,UTC+02,01/01/2008 00:00:00,,Braila-RNMCA,NET-RO028A
RO0114A,BR-2,45.26314,27.96951,19.0,Romania,BRAILA,urban-centre,background,UTC+02,01/01/2021 00:00:00,,Braila-RNMCA,NET-RO028A
RO0115A,BR-3,45.27087,27.88921,13.0,Romania,SAT CAZASU,rural,background,UTC+02,01/01/2024 00:00:00,,Braila-RNMCA,NET-RO028A
RO0116A,BR-4,45.29732,27.94946,22.0,Romania,BRAILA,urban-periphery,industrial,UTC+02,01/01/2008 00:00:00,,Braila-RNMCA,NET-RO028A
RO0118A,BV-1,45.63767,25.63075,600.0,Romania,BRASOV,urban-centre,traffic,UTC+02,01/01/2008 00:00:00,,Brasov-RNMCA,NET-RO029A
RO0119A,BV-2,45.65222,25.58306,570.0,Romania,BRASOV,urban-centre,background,UTC+02,20/11/2018 00:00:00,,Brasov-RNMCA,NET-RO029A
RO0120A,BV-3,45.6594,25.61599,565.0,Romania,BRASOV,urban-centre,traffic,UTC+02,20/11/2009 00:00:00,,Brasov-RNMCA,NET-RO029A
RO0121A,BV-4,45.71808,25.62419,518.0,Romania,SANPETRU,urban-periphery,background,UTC+02,20/11/2009 00:00:00,,Brasov-RNMCA,NET-RO029A
RO0122A,BV-5,45.6516,25.62565,580.0,Romania,BRASOV,urban-centre,industrial,UTC+02,01/01/2009 00:00:00,,Brasov-RNMCA,NET-RO029A
RO0123A,BZ-1,45.15408,26.81862,98.0,Romania,BUZAU,urban-centre,background,UTC+02,03/01/2023 00:00:00,,Buzau-RNMCA,NET-RO030A
RO0124A,BZ-2,45.39212,27.04462,141.0,Romania,RAMNICU SARAT,urban-periphery,traffic,UTC+02,01/01/2016 00:00:00,,Buzau-RNMCA,NET-RO030A
RO0125A,CL-1,44.20418,27.31367,18.0,Romania,CALARASI,urban-centre,traffic,UTC+02,01/01/2024 00:00:00,,Calarasi-RNMCA,NET-RO014A
RO0126A,CL-2,44.20176,27.32796,20.0,Romania,CALARASI,urban-periphery,background,UTC+02,01/01/2010 00:00:00,,Calarasi-RNMCA,NET-RO014A
RO0128A,CS-2,45.51858,22.3527,261.0,Romania,OTELU ROSU,urban-centre,industrial,UTC+02,01/01/2009 00:00:00,,Caras-RNMCA,NET-RO032A
RO0129A,CS-3,44.72331,21.63348,80.0,Romania,MOLDOVA NOUA,urban-periphery,traffic,UTC+02,01/01/2010 00:00:00,,Caras-RNMCA,NET-RO032A
RO0130A,CS-4,45.36313,22.24319,226.0,Romania,BUCHIN,rural,traffic,UTC+02,01/01/2010 00:00:00,,Caras-RNMCA,NET-RO032A
RO0131A,CT-1,44.17799,28.63621,45.0,Romania,CONSTANTA,urban-centre,traffic,UTC+02,01/01/2009 00:00:00,,Constanta-RNMCA,NET-RO033A
RO0132A,CT-2,44.17648,28.64968,36.0,Romania,CONSTANTA,urban-centre,background,UTC+02,01/01/2009 00:00:00,,Constanta-RNMCA,NET-RO033A
RO0133A,CT-3,44.31226,28.62294,8.0,Romania,NAVODARI,urban-periphery,background,UTC+02,01/01/2024 00:00:00,,Constanta-RNMCA,NET-RO033A
RO0134A,CT-4,43.81512,28.58264,16.0,Romania,MANGALIA,urban-centre,traffic,UTC+02,01/01/2008 00:00:00,,Constanta-RNMCA,NET-RO033A
RO0135A,CT-5,44.14938,28.62382,39.0,Romania,CONSTANTA,urban-centre,industrial,UTC+02,01/01/2008 00:00:00,,Constanta-RNMCA,NET-RO033A
RO0136A,CT-6,44.31964,28.61029,20.0,Romania,NAVODARI,urban-centre,industrial,UTC+02,01/01/2008 00:00:00,,Constanta-RNMCA,NET-RO033A
RO0137A,CT-7,44.24566,28.27169,19.0,Romania,MEDGIDIA,urban-centre,industrial,UTC+02,01/01/2008 00:00:00,,Constanta-RNMCA,NET-RO033A
RO0138A,CV-1,45.87509,25.80442,526.0,Romania,SFANTU GHEORGHE,rural,background,UTC+02,03/01/2023 00:00:00,,Covasna-RNMCA,NET-RO034A
RO0140A,DB-2,45.13136,25.42179,463.0,Romania,FIENI,urban-centre,industrial,UTC+02,03/01/2023 00:00:00,,Dimbovita-RNMCA,NET-RO035A
RO0141A,GL-1,45.42041,28.01859,51.0,Romania,GALATI,urban-centre,traffic,UTC+02,01/01/2009 00:00:00,,Galati-RNMCA,NET-RO036A
RO0142A,GL-2,45.43154,28.05474,33.0,Romania,GALATI,urban-centre,background,UTC+02,01/01/2008 00:00:00,,Galati-RNMCA,NET-RO036A
RO0143A,GL-3,45.47416,28.03441,68.0,Romania,GALATI,urban-periphery,background,UTC+02,01/01/2009 00:00:00,,Galati-RNMCA,NET-RO036A
RO0144A,GL-4,45.41186,28.00597,45.0,Romania,GALATI,urban-periphery,industrial,UTC+02,01/01/2009 00:00:00,,Galati-RNMCA,NET-RO036A
RO0151A,GJ-2,44.89718,23.17087,154.0,Romania,ROVINARI,urban-periphery,industrial,UTC+02,01/01/2024 00:00:00,,Gorj-RNMCA,NET-RO038A
RO0152A,GJ-3,44.68062,23.37358,124.0,Romania,TURCENI,urban-periphery,industrial,UTC+02,03/01/2023 00:00:00,,Gorj-RNMCA,NET-RO038A
RO0153A,HR-1,46.32672,25.81125,697.0,Romania,MIERCUREA CIUC,rural,background,UTC+02,01/01/2009 00:00:00,,Harghita-RNMCA,NET-RO039A
RO0154A,HD-1,45.87141,22.90859,191.0,Romania,DEVA,urban-centre,background,UTC+02,03/01/2023 00:00:00,,Hunedoara-RNMCA,NET-RO040A
RO0155A,HD-2,45.89593,22.89867,183.0,Romania,DEVA,urban-periphery,industrial,UTC+02,01/01/2008 00:00:00,,Hunedoara-RNMCA,NET-RO040A
RO0156A,HD-3,45.77681,22.91681,219.0,Romania,HUNEDOARA,urban-periphery,industrial,UTC+02,01/01/2018 00:00:00,,Hunedoara-RNMCA,NET-RO040A
RO0158A,HD-5,45.37279,23.27796,617.0,Romania,VULCAN,urban-periphery,industrial,UTC+02,01/01/2010 00:00:00,,Hunedoara-RNMCA,NET-RO040A
RO0159A,IL-1,44.56497,27.36608,24.0,Romania,SLOBOZIA,urban-centre,background,UTC+02,01/01/2024 00:00:00,,Ialomita-RNMCA,NET-RO041A
RO0160A,IL-2,44.72304,26.65146,56.0,Romania,URZICENI,urban-periphery,industrial,UTC+02,01/01/2008 00:00:00,,Ialomita-RNMCA,NET-RO041A
RO0161A,MM-1,47.65212,23.55488,211.0,Romania,BAIA MARE,urban-centre,traffic,UTC+02,01/01/2008 00:00:00,,Maramures-RNMCA,NET-RO042A
RO0162A,MM-2,47.65172,23.57051,223.0,Romania,BAIA MARE,urban-centre,background,UTC+02,01/01/2008 00:00:00,,Maramures-RNMCA,NET-RO042A
RO0163A,MM-3,47.75147,23.60533,387.0,Romania,FIRIZA,urban-periphery,background,UTC+02,01/01/2009 00:00:00,,Maramures-RNMCA,NET-RO042A
RO0166A,MH-1,44.62663,22.66198,53.0,Romania,DROBETA TURNU SEVERIN,urban-centre,industrial,UTC+02,01/01/2008 00:00:00,,Mehedinti-RNMCA,NET-RO043A
RO0167A,MS-1,46.54105,24.55964,329.0,Romania,TARGU MURES,urban-centre,background,UTC+02,01/01/2024 00:00:00,,Mures-RNMCA,NET-RO044A
RO0168A,MS-2,46.53357,24.53432,303.0,Romania,TARGU MURES,urban-periphery,industrial,UTC+02,01/01/2009 00:00:00,,Mures-RNMCA,NET-RO044A
RO0170A,MS-4,46.33383,24.30773,283.0,Romania,TARNAVENI,urban-periphery,industrial,UTC+02,01/01/2024 00:00:00,,Mures-RNMCA,NET-RO044A
RO0171A,NT-1,46.93413,26.38925,357.0,Romania,PIATRA NEAMT,urban-centre,background,UTC+02,01/01/2008 00:00:00,,Neamt-RNMCA,NET-RO045A
RO0172A,NT-2,46.9488,26.91803,208.0,Romania,ROMAN,urban-centre,industrial,UTC+02,01/01/2008 00:00:00,,Neamt-RNMCA,NET-RO045A
RO0173A,NT-3,46.89868,26.03413,491.0,Romania,TASCA,rural,industrial,UTC+02,01/01/2009 00:00:00,,Neamt-RNMCA,NET-RO045A
RO0174A,OT-1,44.42949,24.35139,160.0,Romania,SLATINA,urban-centre,industrial,UTC+02,01/01/2008 00:00:00,,Olt-RNMCA,NET-RO046A
RO0175A,PH-1,44.93799,25.99509,167.0,Romania,PLOIESTI,urban-centre,traffic,UTC+02,01/01/2009 00:00:00,,Prahova-RNMCA,NET-RO047A
RO0176A,PH-2,44.93924,26.02583,158.0,Romania,PLOIESTI,urban-centre,background,UTC+02,01/01/2009 00:00:00,,Prahova-RNMCA,NET-RO047A
RO0177A,PH-3,44.98375,26.01521,183.0,Romania,BLEJOI,urban-periphery,background,UTC+02,03/01/2023 00:00:00,,Prahova-RNMCA,NET-RO047A
RO0178A,PH-4,44.84948,26.0235,126.0,Romania,BRAZI,urban-periphery,industrial,UTC+02,01/01/2008 00:00:00,,Prahova-RNMCA,NET-RO047A
RO0179A,PH-5,44.92203,26.03399,145.0,Romania,PLOIESTI,urban-centre,traffic,UTC+02,01/01/2009 00:00:00,,Prahova-RNMCA,NET-RO047A
RO0180A,PH-6,44.93812,26.04499,144.0,Romania,PLOIESTI,urban-centre,industrial,UTC+02,01/01/2008 00:00:00,,Prahova-RNMCA,NET-RO047A
RO0182A,SM-1,47.79753,22.87617,125.0,Romania,SATU MARE,urban-centre,background,UTC+02,01/01/2008 00:00:00,,Satu Mare-RNMCA,NET-RO049A
RO0183A,SM-2,47.68973,22.4585,129.0,Romania,CAREI,urban-periphery,traffic,UTC+02,01/01/2010 00:00:00,,Satu Mare-RNMCA,NET-RO049A
RO0184A,SB-1,45.78505,24.15351,432.0,Romania,SIBIU,urban-centre,background,UTC+02,01/01/2008 00:00:00,,Sibiu-RNMCA,NET-RO050A
RO0186A,SB-3,46.11277,24.22805,286.0,Romania,COPSA MICA,urban-centre,industrial,UTC+02,01/01/2008 00:00:00,,Sibiu-RNMCA,NET-RO050A
RO0187A,SB-4,46.1587,24.33851,291.0,Romania,MEDIAS,urban-periphery,industrial,UTC+02,01/01/2009 00:00:00,,Sibiu-RNMCA,NET-RO050A
RO0188A,SV-1,47.64926,26.24901,375.0,Romania,SUCEAVA,urban-centre,background,UTC+02,01/01/2008 00:00:00,,Suceava-RNMCA,NET-RO051A
RO0189A,SV-2,47.66883,26.2814,289.0,Romania,SUCEAVA,urban-centre,industrial,UTC+02,01/01/2009 00:00:00,,Suceava-RNMCA,NET-RO051A
RO0190A,SV-3,47.95319,26.06808,316.0,Romania,SIRET,urban-centre,traffic,UTC+02,01/01/2010 00:00:00,,Suceava-RNMCA,NET-RO051A
RO0191A,TR-1,43.98037,25.31248,49.0,Romania,ALEXANDRIA,urban-centre,background,UTC+02,01/01/2010 00:00:00,,Teleorman-RNMCA,NET-RO058A
RO0193A,TM-1,45.72787,21.20484,88.0,Romania,TIMISOARA,urban-centre,traffic,UTC+02,01/01/2009 00:00:00,,Timis-RNMCA,NET-RO053A
RO0194A,TM-2,45.75473,21.23489,92.0,Romania,TIMISOARA,urban-centre,background,UTC+02,01/01/2009 00:00:00,,Timis-RNMCA,NET-RO053A
RO0195A,TM-3,45.91343,21.15178,117.0,Romania,COMUNA SINANDREI,urban-periphery,background,UTC+02,01/01/2009 00:00:00,,Timis-RNMCA,NET-RO053A
RO0196A,TM-4,45.73669,21.25081,86.0,Romania,TIMISOARA,urban-centre,industrial,UTC+02,01/01/2009 00:00:00,,Timis-RNMCA,NET-RO053A
RO0197A,TM-5,45.77764,21.22052,89.0,Romania,TIMISOARA,urban-centre,traffic,UTC+02,01/01/2009 00:00:00,,Timis-RNMCA,NET-RO053A
RO0198A,TM-6,45.25793,21.2671,86.0,Romania,MORAVITA,urban-periphery,background,UTC+02,01/01/2011 00:00:00,,Timis-RNMCA,NET-RO053A
RO0200A,TL-1,45.17954,28.78689,7.0,Romania,TULCEA,urban-centre,traffic,UTC+02,01/01/2009 00:00:00,,Tulcea-RNMCA,NET-RO054A
RO0201A,TL-2,45.17524,28.77439,35.0,Romania,TULCEA,urban-periphery,industrial,UTC+02,01/01/2009 00:00:00,,Tulcea-RNMCA,NET-RO054A
RO0202A,TL-3,45.27104,28.42446,4.0,Romania,ISACCEA,urban-periphery,traffic,UTC+02,01/01/2010 00:00:00,,Tulcea-RNMCA,NET-RO054A
RO0203A,VL-1,45.08273,24.36979,226.0,Romania,RAMNICU VALCEA,urban-centre,background,UTC+02,01/01/2008 00:00:00,,Valcea-RNMCA,NET-RO055A
RO0204A,VL-2,45.03883,24.29863,219.0,Romania,RAMNICU VALCEA,urban-periphery,industrial,UTC+02,03/01/2023 00:00:00,,Valcea-RNMCA,NET-RO055A
RO0205A,VS-1,46.63214,27.73089,110.0,Romania,VASLUI,urban-centre,background,UTC+02,01/01/2008 00:00:00,,Vaslui-RNMCA,NET-RO056A
RO0206A,VN-1,45.69674,27.21162,45.0,Romania,FOCSANI,urban-periphery,background,UTC+02,01/01/2008 00:00:00,,Vrancea-RNMCA,NET-RO057A
RO0207A,GR-1,43.91146,25.97207,24.0,Romania,GIURGIU,urban-centre,traffic,UTC+02,01/01/2010 00:00:00,,Giurgiu-RNMCA,NET-RO037A
RO0208A,GR-2,43.89555,25.95657,22.0,Romania,GIURGIU,urban-centre,background,UTC+02,01/01/2010 00:00:00,,Giurgiu-RNMCA,NET-RO037A
RO0209A,GR-3,43.87546,25.93168,24.0,Romania,GIURGIU,urban-periphery,industrial,UTC+02,01/01/2010 00:00:00,,Giurgiu-RNMCA,NET-RO037A
RO0210A,GR-4,43.96342,26.03693,20.0,Romania,OINACU,rural,background,UTC+02,01/01/2010 00:00:00,,Giurgiu-RNMCA,NET-RO037A
RO0211A,IS-6,47.21564,27.76873,34.0,Romania,UNGHENI,rural,background,UTC+02,01/01/2010 00:00:00,,Iasi-RNMCA,NET-RO019A
RO0213A,CL-3,44.19681,27.39134,22.0,Romania,MODELU,rural,background,UTC+02,26/10/2016 00:00:00,,Calarasi-RNMCA,NET-RO014A
RO0214A,DJ-6,43.99705,22.95319,58.0,Romania,CALAFAT,rural,traffic,UTC+02,11/08/2016 00:00:00,,Dolj-RNMCA,NET-RO018A
RO0215A,TR-3,43.74558,24.86998,37.0,Romania,TURNU MAGURELE,urban-centre,background,UTC+02,07/08/2016 00:00:00,,Teleorman-RNMCA,NET-RO058A
RO0216A,TR-4,43.71212,24.85989,25.0,Romania,TURNU MAGURELE,rural,industrial,UTC+02,07/08/2016 00:00:00,,Teleorman-RNMCA,NET-RO058A
RO0217A,TR-5,43.65072,25.36358,35.0,Romania,ZIMNICEA,urban-centre,background,UTC+02,07/08/2016 00:00:00,,Teleorman-RNMCA,NET-RO058A
RO0218A,CS-5,44.71669,21.62164,20.0,Romania,MOLDOVA NOUA,urban-periphery,industrial,UTC+02,01/08/2018 00:00:00,,Caras-RNMCA,NET-RO032A
RO0219A,AG-7,45.13399,24.67663,432.0,Romania,CURTEA DE ARGES,urban-centre,background,UTC+02,01/01/2021 00:00:00,,Arges-RNMCA,NET-RO023A
RO0220A,OT-2,44.42884,24.36884,308.0,Romania,SLATINA,urban-centre,background,UTC+02,13/05/2021 00:00:00,,Olt-RNMCA,NET-RO046A
RO0221A,HR-2,46.3521,25.80684,690.0,Romania,MIERCUREA CIUC,urban-centre,background,UTC+02,23/12/2023 00:00:00,,Harghita-RNMCA,NET-RO039A
RO0222A,PH-7,45.13581,25.74695,441.0,Romania,CAMPINA,urban-centre,background,UTC+02,13/05/2021 00:00:00,,Prahova-RNMCA,NET-RO047A
RO0223A,BV-6,45.70226,25.44714,567.0,Romania,CODLEA,urban-centre,background,UTC+02,31/03/2021 00:00:00,,Brasov-RNMCA,NET-RO029A
RO0224A,BC-4,46.57309,26.9141,173.0,Romania,BACAU,urban-centre,traffic,UTC+02,03/01/2023 00:00:00,,Bacau-RNMCA,NET-RO024A
RO0225A,BC-5,46.25577,26.7709,206.0,Romania,ONESTI,urban-centre,background,UTC+02,03/01/2023 00:00:00,,Bacau-RNMCA,NET-RO024A
RO0226A,CT-8,43.81685,28.56623,25.0,Romania,MANGALIA,urban-centre,background,UTC+02,03/01/2023 00:00:00,,Constanta-RNMCA,NET-RO033A
RO0227A,CV-2,45.86476,25.78332,550.0,Romania,SFANTU GHEORGHE,urban-centre,background,UTC+02,08/04/2021 00:00:00,,Covasna-RNMCA,NET-RO034A
RO0228A,BH-5,46.99408,21.99767,167.0,Romania,SANMARTIN,urban-periphery,background,UTC+02,23/08/2021 00:00:00,,Bihor-RNMCA,NET-RO025A
RO0229A,B-9,44.49181,26.03093,80.0,Romania,BUCURESTI,urban-centre,background,UTC+02,05/09/2021 00:00:00,,Bucuresti-RNMCA,NET-RO016A
RO0230A,B-10,44.46039,25.98738,80.0,Romania,CHIAJNA,urban-centre,background,UTC+02,08/09/2021 00:00:00,,Bucuresti-RNMCA,NET-RO016A
RO0231A,B-11,44.36974,25.9748,85.0,Romania,BRAGADIRU,urban-centre,traffic,UTC+02,23/12/2023 00:00:00,,Bucuresti-RNMCA,NET-RO016A
RO0232A,CJ-6,46.84389,23.77583,293.0,Romania,JUCU,urban-periphery,background,UTC+02,11/11/2021 00:00:00,,Cluj-RNMCA,NET-RO017A
RO0233A,B-12,44.42548,26.091,74.0,Romania,BUCURESTI,urban-centre,traffic,UTC+02,30/12/2021 00:00:00,,Bucuresti-RNMCA,NET-RO016A
RO0234A,B-13,44.45076,26.1303,81.0,Romania,BUCURESTI,urban-centre,traffic,UTC+02,30/12/2021 00:00:00,,Bucuresti-RNMCA,NET-RO016A
RO0235A,B-14,44.44618,26.06627,83.0,Romania,BUCURESTI,urban-centre,traffic,UTC+02,30/12/2021 00:00:00,,Bucuresti-RNMCA,NET-RO016A
RO0236A,B-15,44.46806,26.14091,72.0,Romania,BUCURESTI,urban-centre,traffic,UTC+02,30/12/2021 00:00:00,,Bucuresti-RNMCA,NET-RO016A
RO0237A,B-16,44.43214,26.14021,78.0,Romania,BUCURESTI,urban-centre,traffic,UTC+02,30/12/2021 00:00:00,,Bucuresti-RNMCA,NET-RO016A
RO0238A,B-17,44.41974,26.13615,60.0,Romania,BUCURESTI,urban-centre,traffic,UTC+02,30/12/2021 00:00:00,,Bucuresti-RNMCA,NET-RO016A
RO0239A,B-18,44.43411,26.04233,89.0,Romania,BUCURESTI,urban-centre,traffic,UTC+02,30/12/2021 00:00:00,,Bucuresti-RNMCA,NET-RO016A
RO0240A,B-19,44.42268,26.07075,77.0,Romania,BUCURESTI,urban-centre,traffic,UTC+02,30/12/2021 00:00:00,,Bucuresti-RNMCA,NET-RO016A
RO0241A,B-20,44.39268,26.12042,81.0,Romania,BUCURESTI,urban-centre,traffic,UTC+02,30/12/2021 00:00:00,,Bucuresti-RNMCA,NET-RO016A
RO0242A,B-21,44.38614,26.13041,80.0,Romania,BUCURESTI,urban-centre,background,UTC+02,30/12/2021 00:00:00,,Bucuresti-RNMCA,NET-RO016A
RO0243A,B-22,44.41851,26.1492,74.0,Romania,BUCURESTI,urban-centre,background,UTC+02,30/12/2021 00:00:00,,Bucuresti-RNMCA,NET-RO016A
RO0244A,B-23,44.47031,26.00246,87.0,Romania,BUCURESTI,urban-centre,background,UTC+02,30/12/2021 00:00:00,,Bucuresti-RNMCA,NET-RO016A
RO0245A,B-24,44.4071,26.11314,68.0,Romania,BUCURESTI,urban-centre,background,UTC+02,30/12/2021 00:00:00,,Bucuresti-RNMCA,NET-RO016A
RO0246A,B-25,44.30011,26.12012,68.0,Romania,BUCURESTI,urban-centre,background,UTC+02,30/12/2021 00:00:00,,Bucuresti-RNMCA,NET-RO016A
RO0247A,B-26,44.49926,26.13543,85.0,Romania,BUCURESTI,urban-centre,background,UTC+02,30/12/2021 00:00:00,,Bucuresti-RNMCA,NET-RO016A
RO0248A,B-27,44.48824,26.18419,84.0,Romania,BUCURESTI,urban-centre,background,UTC+02,30/12/2021 00:00:00,,Bucuresti-RNMCA,NET-RO016A
RO0249A,B-28,44.38578,26.24713,69.0,Romania,BUCURESTI,urban-centre,background,UTC+02,30/12/2021 00:00:00,,Bucuresti-RNMCA,NET-RO016A
RO0250A,B-29,44.55027,26.07054,97.0,Romania,BUCURESTI,urban-centre,background,UTC+02,30/12/2021 00:00:00,,Bucuresti-RNMCA,NET-RO016A
RO0251A,B-30,44.56106,25.9471,98.0,Romania,BUCURESTI,urban-centre,traffic,UTC+02,30/12/2021 00:00:00,,Bucuresti-RNMCA,NET-RO016A
RO0252A,CS-1,45.29934,21.87213,256.0,Romania,RESITA,urban-centre,background,UTC+02,01/01/2022 00:00:00,,Caras-RNMCA,NET-RO032A
RO0253A,DB-1,44.91519,25.46655,273.0,Romania,TARGOVISTE,urban-centre,background,UTC+02,01/01/2022 00:00:00,,Dimbovita-RNMCA,NET-RO035A
RO0255A,GJ-1,45.05019,23.27398,208.0,Romania,TARGU JIU,urban-centre,background,UTC+02,01/01/2022 00:00:00,,Gorj-RNMCA,NET-RO038A
RO0256A,GL-5,45.81826,27.43959,31.0,Romania,TECUCI,urban-periphery,traffic,UTC+02,01/01/2022 00:00:00,,Galati-RNMCA,NET-RO036A
RO0257A,SJ-1,47.19514,23.04705,290.0,Romania,ZALAU,urban-centre,background,UTC+02,01/01/2022 00:00:00,,Salaj-RNMCA,NET-RO048A
RO0258A,TM-7,45.69455,21.89308,117.0,Romania,LUGOJ,urban-centre,background,UTC+02,01/01/2022 00:00:00,,Timis-RNMCA,NET-RO053A
RO0259A,TR-2,43.75801,24.90175,31.0,Romania,TURNU MAGURELE,urban-periphery,traffic,UTC+02,01/01/2022 00:00:00,,Teleorman-RNMCA,NET-RO058A
RO0260A,BR-6,45.13676,27.46978,31.0,Romania,IANCA,urban-centre,background,UTC+02,23/12/2023 00:00:00,,Braila-RNMCA,NET-RO028A
RO0262A,DJ-7,44.55968,23.52724,125.0,Romania,FILIASI,urban-centre,background,UTC+02,23/12/2023 00:00:00,,Dolj-RNMCA,NET-RO018A
RO0263A,MM-6,47.93056,23.8889,272.0,Romania,SIGHETUL MARMATIEI,urban-centre,background,UTC+02,23/12/2023 00:00:00,,Maramures-RNMCA,NET-RO042A
RO0264A,MM-7,47.67861,24.45276,506.0,Romania,VISEUL DE SUS,urban-centre,traffic,UTC+02,23/12/2023 00:00:00,,Maramures-RNMCA,NET-RO042A
RO0265A,MS-5,46.79032,24.71442,367.0,Romania,REGHIN,urban-centre,traffic,UTC+02,23/12/2023 00:00:00,,Mures-RNMCA,NET-RO044A
RO0266A,SB-5,45.81514,24.12747,407.0,Romania,SIBIU,urban-periphery,background,UTC+02,23/12/2023 00:00:00,,Sibiu-RNMCA,NET-RO050A
RO0267A,AB-4,45.95593,23.57623,254.0,Romania,SEBES,urban-centre,traffic,UTC+02,16/05/2024 00:00:00,,Alba-RNMCA,NET-RO021A
RO0268A,BT-2,47.73617,26.6685,176.0,Romania,BOTOSANI ,urban-centre,traffic,UTC+02,15/11/2024 00:00:00,,Botosani-RNMCA,NET-RO027A
RO0269A,BV-7,45.84349,24.96792,431.0,Romania,FAGARAS,urban-centre,traffic,UTC+02,10/08/2024 00:00:00,,Brasov-RNMCA,NET-RO029A
RO0270A,GJ-4,45.03653,23.27504,204.0,Romania,TARGU JIU,urban-centre,traffic,UTC+02,01/01/2024 00:00:00,,Gorj-RNMCA,NET-RO038A
RO0271A,OT-3,44.42691,24.37731,170.0,Romania,SLATINA,urban-centre,traffic,UTC+02,07/03/2024 00:00:00,,Olt-RNMCA,NET-RO046A
RO0272A,SB-6,45.78217,24.14764,441.0,Romania,SIBIU,urban-centre,traffic,UTC+02,11/07/2024 00:00:00,,Sibiu-RNMCA,NET-RO050A
RO0273A,PH-8,45.04943,25.95167,236.0,Romania,PLOPENI,urban-centre,traffic,UTC+02,26/06/2024 00:00:00,,Prahova-RNMCA,NET-RO047A
RO0274A,TL-4,45.17244,28.79084,65.0,Romania,TULCEA,urban-centre,background,UTC+02,13/11/2024 00:00:00,,Tulcea-RNMCA,NET-RO054A
RO0275A,HD-6,45.8833,22.90683,186.0,Romania,DEVA,urban-centre,traffic,UTC+02,02/07/2025 00:00:00,,Hunedoara-RNMCA,NET-RO040A
RO0276A,HR-3,46.36631,25.79894,661.0,Romania,MIERCUREA CIUC,urban-centre,traffic,UTC+02,01/06/2025 00:00:00,,Harghita-RNMCA,NET-RO039A
RO0277A,DB-3,44.9173,25.48051,270.0,Romania,TARGOVISTE,urban-centre,traffic,UTC+02,13/10/2025 00:00:00,,Dimbovita-RNMCA,NET-RO035A
RO0278A,MH-2,44.63578,22.64866,82.0,Romania,DROBETA TURNU SEVERIN,urban-centre,background,UTC+02,03/02/2025 22:00:00,,Mehedinti-RNMCA,NET-RO043A
RS0001A,Beocin,45.20722,19.72501,95.0,Serbia,Beocin,urban-centre,industrial,UTC+01,01/01/2002 00:00:00,,Local AQ network,NET-RS001A
RS0002A,Novi Sad 1,45.25417,19.84195,80.0,Serbia,Novi Sad,urban-centre,traffic,UTC+01,01/01/2002 00:00:00,,Local AQ network,NET-RS001A
RS0005R,Kamenicki vis,43.40401,21.94775,804.0,Serbia,Nis,rural,background,UTC+01,01/01/2011 00:00:00,,Serbian national AQ network,NET-RS002A
RS0007A,Belgrade-Omladinskih brigada,44.8061,20.3975,90.0,Serbia,Belgrade,urban-centre,background,UTC+01,01/02/2003 00:00:00,,Air Quality Monitoring System of Belgrade,NET-RS003A
RS0008A,Belgrade-Bulevar Despota Stefana 54a,44.816,20.47,110.0,Serbia,Belgrade,urban-centre,background,UTC+01,01/02/2003 00:00:00,,Air Quality Monitoring System of Belgrade,NET-RS003A
RS0009A,Bor-Gradski park,44.07579,22.09951,377.0,Serbia,Bor,urban-centre,background,UTC+01,01/01/2004 00:00:00,,Serbian national AQ network,NET-RS002A
RS0014A,Novi Sad 2,45.27222,19.87362,80.0,Serbia,Novi Sad,urban-periphery,industrial,UTC+01,01/01/2002 00:00:00,,Local AQ network,NET-RS001A
RS0015A,Sombor 1,45.7625,19.12445,80.0,Serbia,Sombor,urban-centre,traffic,UTC+01,01/01/2002 00:00:00,,Local AQ network,NET-RS001A
RS0017A,Zrenjanin 1,45.38194,20.37167,75.0,Serbia,Zrenjanin,urban-centre,traffic,UTC+01,01/01/2002 00:00:00,,Local AQ network,NET-RS001A
RS0018A,Zrenjanin 2,45.3625,20.40862,75.0,Serbia,Zrenjanin,urban-centre,industrial,UTC+01,01/01/2002 00:00:00,,Local AQ network,NET-RS001A
RS0019A,Kikinda 1,45.83444,20.47306,81.0,Serbia,Kikinda,urban-centre,background,UTC+01,01/01/2001 00:00:00,,Local AQ network,NET-RS001A
RS0020A,Kikinda 2,45.82083,20.45361,81.0,Serbia,Kikinda,urban-centre,industrial,UTC+01,01/01/2001 00:00:00,,Local AQ network,NET-RS001A
RS0021A,Pancevo 1,44.8675,20.65306,77.0,Serbia,Pancevo,urban-centre,traffic,UTC+01,01/01/2002 00:00:00,,Local AQ network,NET-RS001A
RS0022A,Pancevo 2,44.8592,20.65001,77.0,Serbia,Pancevo,urban-centre,industrial,UTC+01,01/01/2002 00:00:00,,Local AQ network,NET-RS001A
RS0023A,Subotica 1,46.08194,19.67195,102.0,Serbia,Subotica,urban-centre,traffic,UTC+01,01/01/1999 00:00:00,,Local AQ network,NET-RS001A
RS0024A,Subotica 2,46.09972,19.66945,102.0,Serbia,Subotica,urban-centre,traffic,UTC+01,01/01/1999 00:00:00,,Local AQ network,NET-RS001A
RS0028A,Belgrade-Mostar,44.79875,20.45018,83.0,Serbia,Belgrade,urban-centre,traffic,UTC+01,01/01/2010 00:00:00,,Serbian national AQ network,NET-RS002A
RS0029A,Novi Sad-Rumenacka,45.26263,19.81902,78.0,Serbia,Novi Sad,urban-centre,traffic,UTC+01,01/01/2010 00:00:00,,Serbian national AQ network,NET-RS002A
RS0030A,Nis-IZJZ,43.31655,21.91355,200.0,Serbia,Nis,urban-centre,traffic,UTC+01,01/01/2010 00:00:00,,Serbian national AQ network,NET-RS002A
RS0032A,Belgrade-Stari grad,44.82112,20.45911,103.0,Serbia,Belgrade,urban-centre,background,UTC+01,01/01/2011 00:00:00,,Serbian national AQ network,NET-RS002A
RS0033A,Nis-Osnovna skola Sveti Sava,43.32255,21.91903,198.0,Serbia,Nis,urban-centre,background,UTC+01,01/01/2011 00:00:00,,Serbian national AQ network,NET-RS002A
RS0034A,Kikinda,45.82148,20.45401,78.0,Serbia,Kikinda,urban-centre,background,UTC+01,01/01/2011 00:00:00,,Serbian national AQ network,NET-RS002A
RS0035A,Pancevo-Sodara,44.86298,20.64429,80.0,Serbia,Pancevo,urban-centre,industrial,UTC+01,01/01/2016 00:00:00,,Serbian national AQ network,NET-RS002A
RS0037A,Belgrade-Vracar,44.79696,20.47529,141.0,Serbia,Belgrade,urban-centre,background,UTC+01,01/01/2011 00:00:00,,Serbian national AQ network,NET-RS002A
RS0038A,Kostolac,44.71749,21.1734,75.0,Serbia,Kostolac,urban-periphery,industrial,UTC+01,01/01/2011 00:00:00,,Serbian national AQ network,NET-RS002A
RS0039A,Smederevo-Carina,44.65234,20.93168,147.0,Serbia,Smederevo,urban-periphery,background,UTC+01,01/01/2011 00:00:00,,Serbian national AQ network,NET-RS002A
RS0040A,Loznica,44.53224,19.21453,122.0,Serbia,Loznica,urban-centre,background,UTC+01,01/01/2011 00:00:00,,Serbian national AQ network,NET-RS002A
RS0041A,Valjevo,44.27305,19.89901,181.0,Serbia,Valjevo,urban-centre,background,UTC+01,01/01/2011 00:00:00,,Serbian national AQ network,NET-RS002A
RS0042A,Bor-Institut,44.05994,22.10143,389.0,Serbia,Bor,urban-centre,industrial,UTC+01,01/01/2011 00:00:00,,Serbian national AQ network,NET-RS002A
RS0043A,Kragujevac,44.01157,20.92503,175.0,Serbia,Kragujevac,urban-centre,background,UTC+01,01/01/2011 00:00:00,,Serbian national AQ network,NET-RS002A
RS0044A,Zajecar,43.90207,22.27326,133.0,Serbia,Zajecar,urban-centre,background,UTC+01,01/01/2011 00:00:00,,Serbian national AQ network,NET-RS002A
RS0045A,Cacak-Institut,43.89316,20.34551,242.0,Serbia,Cacak,urban-periphery,background,UTC+01,01/01/2011 00:00:00,,Serbian national AQ network,NET-RS002A
RS0046A,Krusevac,43.58547,21.30767,152.0,Serbia,Krusevac,urban-centre,background,UTC+01,01/01/2011 00:00:00,,Serbian national AQ network,NET-RS002A
RS0047A,Kopaonik,43.28414,20.8021,1712.0,Serbia,Raska,rural,background,UTC+01,01/01/2011 00:00:00,,Serbian national AQ network,NET-RS002A
RS0048A,Vranje,42.55112,21.89656,473.0,Serbia,Vranje,urban-centre,background,UTC+01,01/01/2011 00:00:00,,Serbian national AQ network,NET-RS002A
RS0049A,Beocin-Centar,45.20839,19.72171,87.0,Serbia,Beocin,urban-centre,background,UTC+01,01/01/2020 00:00:00,,Serbian national AQ network,NET-RS002A
RS0050A,Smederevo-Centar,44.66408,20.92673,79.0,Serbia,Smederevo,urban-centre,traffic,UTC+01,01/01/2020 00:00:00,,Serbian national AQ network,NET-RS002A
RS0051A,Obrenovac-Centar,44.65948,20.2045,76.0,Serbia,Obrenovac,urban-centre,traffic,UTC+01,01/01/2020 00:00:00,,Serbian national AQ network,NET-RS002A
RS0052A,Kosjeric,44.00294,19.90517,416.0,Serbia,Kosjeric,urban-periphery,background,UTC+01,01/01/2020 00:00:00,,Serbian national AQ network,NET-RS002A
RS0053A,Popovac,43.91059,21.50839,200.0,Serbia,Popovac,urban-periphery,industrial,UTC+01,01/01/2020 00:00:00,,Serbian national AQ network,NET-RS002A
RS0054A,Uzice,43.85426,19.84318,407.0,Serbia,Uzice,urban-centre,traffic,UTC+01,01/01/2020 00:00:00,,Serbian national AQ network,NET-RS002A
RS0055A,Novi Pazar,43.1397,20.51635,498.0,Serbia,Novi Pazar,urban-centre,background,UTC+01,01/01/2020 00:00:00,,Serbian national AQ network,NET-RS002A
RS1008A,Novi Sad Liman,45.23864,19.8357,81.0,Serbia,Novi Sad ,urban-centre,background,UTC+01,22/06/2015 00:00:00,,Serbian national AQ network,NET-RS002A
RS1023A,Beograd Novi Beograd,44.80318,20.40015,74.0,Serbia,Beograd,urban-centre,background,UTC+01,22/06/2015 00:00:00,,Serbian national AQ network,NET-RS002A
SE0001A,Malmö Rådhuset,55.60639,13.00196,25.0,Sweden,Malmö,urban-centre,background,UTC+01,01/01/1968 01:00:00,,Skånes Luftvårdsförbund,NET-SE0001C
SE0003A,Stockholm Hornsgatan 108 Gata,59.31722,18.04866,24.0,Sweden,Stockholm,urban-centre,traffic,UTC+01,13/04/1999 01:00:00,,Östra Sveriges Luftvårdsförbund,NET-SE0004C
SE0005R,Bredkälen,63.8455,15.31973,380.0,Sweden,Strömsund,rural,background,UTC+01,18/08/1979 01:00:00,,Naturvårdsverket,NET-SE0005C
SE0008R,Hoburgen,56.9224,18.1507,39.0,Sweden,Gotland,rural,background,UTC+01,30/12/2008 01:00:00,,Naturvårdsverket,NET-SE0005C
SE0012A,Timrå,62.48678,17.32444,30.0,Sweden,Timrå,urban-centre,background,UTC+01,01/10/2003 01:00:00,,Samverkan för luftövervakning i Västernorrland,NET-SE0012C
SE0013R,Esrange,67.87859,21.06296,524.0,Sweden,Kiruna,rural,background,UTC+01,24/04/2021 01:00:00,,Naturvårdsverket,NET-SE0005C
SE0014R,Råö,57.3937,11.9142,2.0,Sweden,Kungsbacka,rural,background,UTC+01,01/01/2002 01:00:00,,Naturvårdsverket,NET-SE0005C
SE00186,Docksta,63.053,18.299,215.0,Sweden,Kramfors,rural,background,UTC+01,06/01/1998 01:00:00,,Naturvårdsverket,NET-SE0005C
SE00193,Sandnäset,63.771,12.441,470.0,Sweden,Strömsund,rural,background,UTC+01,31/05/2021 01:00:00,,Naturvårdsverket,NET-SE0005C
SE00205,Djursvallen Nedre,62.014,13.516,649.0,Sweden,Härjedalen,rural,background,UTC+01,03/01/1998 01:00:00,,Naturvårdsverket,NET-SE0005C
SE0022A,Stockholm Torkel Knutssongatan,59.31601,18.05781,58.0,Sweden,Stockholm,urban-centre,background,UTC+01,01/01/2006 01:00:00,,Östra Sveriges Luftvårdsförbund,NET-SE0004C
SE00265,Tyresta,59.174,18.239,50.0,Sweden,Haninge,rural,background,UTC+01,12/05/2021 01:00:00,,Naturvårdsverket,NET-SE0005C
SE0027A,Stockholm Sveavägen 59 Gata,59.34083,18.05825,8.0,Sweden,Stockholm,urban-centre,traffic,UTC+01,09/01/2003 01:00:00,,Östra Sveriges Luftvårdsförbund,NET-SE0004C
SE00289,Ryda Kungsgård,59.756,17.124,45.0,Sweden,Enköping,rural,background,UTC+01,01/05/2021 01:00:00,,Naturvårdsverket,NET-SE0005C
SE00291,Granan,58.6019,12.1894,175.0,Sweden,Vänersborg,rural,background,UTC+01,08/01/1998 01:00:00,,Naturvårdsverket,NET-SE0005C
SE0030A,Umeå Stadsbiblioteket,63.82709,20.2657,18.0,Sweden,Umeå,urban-centre,background,UTC+01,05/12/2019 01:00:00,,Umeå,NET-SE2480A
SE0032R,Norra Kvill,57.81083,15.56474,263.0,Sweden,Kinda,rural-regional,background,UTC+01,01/07/1985 01:00:00,,Naturvårdsverket,NET-SE0005C
SE0035R,Vindeln,64.24423,19.76724,271.0,Sweden,Vindeln,rural-remote,background,UTC+01,01/07/1985 01:00:00,,Naturvårdsverket,NET-SE0005C
SE0039R,Grimsö,59.72815,15.47199,132.0,Sweden,Lindesberg,rural-remote,background,UTC+01,01/08/2000 01:00:00,,Naturvårdsverket,NET-SE0005C
SE0045A,Mariestad Kyrkogatan,58.70976,13.82176,55.0,Sweden,Mariestad,urban-centre,background,UTC+01,04/01/2016 01:00:00,,Luftvårdsförbundet för Västra Sverige (Luft i Väst),NET-SE0008C
SE0048A,Örebro Rådhuset,59.2723,15.21213,52.0,Sweden,Örebro,urban-centre,background,UTC+01,27/09/2002 01:00:00,,Örebro,NET-SE1880A
SE0053A,Helsingborg Norr,56.04727,12.69127,25.0,Sweden,Helsingborg,urban-centre,background,UTC+01,01/01/1989 01:00:00,,Skånes Luftvårdsförbund,NET-SE0001C
SE0053R,Rickleå,64.0865,20.9398,10.0,Sweden,Robertsfors,rural,background,UTC+01,01/01/1998 01:00:00,,Naturvårdsverket,NET-SE0005C
SE0054A,Lund Spyken,55.70083,13.20084,60.0,Sweden,Lund,urban-centre,background,UTC+01,01/01/1990 01:00:00,,Skånes Luftvårdsförbund,NET-SE0001C
SE0056A,Landskrona Eriksgatan,55.87743,12.83364,10.0,Sweden,Landskrona,urban-centre,traffic,UTC+01,01/01/2013 01:00:00,,Skånes Luftvårdsförbund,NET-SE0001C
SE0058A,Malmö Dalaplan,55.58475,13.00623,11.0,Sweden,Malmö,urban-centre,traffic,UTC+01,26/10/1999 01:00:00,,Skånes Luftvårdsförbund,NET-SE0001C
SE0059A,Umeå Västra Esplanaden,63.82886,20.25849,15.0,Sweden,Umeå,urban-centre,traffic,UTC+01,01/01/2006 01:00:00,,Umeå,NET-SE2480A
SE00601,Jädraås,60.8148,16.5065,185.0,Sweden,Ockelbo,rural,background,UTC+01,02/01/2001 01:00:00,,Naturvårdsverket,NET-SE0005C
SE0066A,Norr Malma,59.83238,18.63131,24.0,Sweden,Norrtälje,rural-regional,background,UTC+01,17/06/2005 01:00:00,,Östra Sveriges Luftvårdsförbund,NET-SE0004C
SE0067A,Göteborg Haga,57.69786,11.96055,9.0,Sweden,Göteborg,urban-centre,traffic,UTC+01,01/01/2005 01:00:00,,Göteborgs stad,NET-SE1480A
SE0068A,Älmhult Torget,56.55131,14.13874,180.0,Sweden,Älmhult,urban-centre,background,UTC+01,06/10/2003 01:00:00,,Kronobergs Luftvårdsförbund,NET-SE0013C
SE0071A,Sollentuna E4 Häggvik,59.4422,17.92332,34.0,Sweden,Sollentuna,urban-centre,traffic,UTC+01,03/01/2007 01:00:00,,Östra Sveriges Luftvårdsförbund,NET-SE0004C
SE0072A,Södertälje Turingegatan 26,59.19811,17.62108,28.0,Sweden,Södertälje,urban-centre,traffic,UTC+01,01/01/2007 01:00:00,,Östra Sveriges Luftvårdsförbund,NET-SE0004C
SE0084A,Stockholm Olaus Petri,59.34611,18.09083,30.0,Sweden,Stockholm,urban-centre,background,UTC+01,01/01/2020 01:00:00,,Naturvårdsverket,NET-SE0005C
SE0087A,Stockholm E4/E20 Lilla Essingen,59.32553,18.00439,16.0,Sweden,Stockholm,urban-centre,traffic,UTC+01,07/02/2005 01:00:00,,Östra Sveriges Luftvårdsförbund,NET-SE0004C
SE0093A,Halmstad Viktoriagatan,56.67206,12.86337,6.0,Sweden,Halmstad,urban-centre,traffic,UTC+01,28/05/2007 01:00:00,,Halmstad,NET-SE1380A
SE0093R,Abisko,68.353,19.063,360.0,Sweden,Kiruna,rural,background,UTC+01,01/01/1983 01:00:00,,Naturvårdsverket,NET-SE0005C
SE0094R,Ammarnäs,65.972,16.116,450.0,Sweden,Sorsele,rural,background,UTC+01,16/06/2021 01:00:00,,Naturvårdsverket,NET-SE0005C
SE0095A,Sundsvall Köpmangatan,62.38856,17.30889,7.0,Sweden,Sundsvall,urban-centre,traffic,UTC+01,21/02/2011 01:00:00,,Samverkan för luftövervakning i Västernorrland,NET-SE0012C
SE0100A,Luleå Sandviksgatan,65.58062,22.14042,4.1,Sweden,Luleå,urban-centre,traffic,UTC+01,02/02/2011 01:00:00,,Luleå,NET-SE2580A
SE0102A,Falun Östra Falan,60.6083,15.6294,130.0,Sweden,Falun,urban-centre,background,UTC+01,02/03/2001 01:00:00,,Dalarnas Luftvårdsförbund,NET-SE0009C
SE0107A,Asa,57.1645,14.7825,185.0,Sweden,Växjö,rural-regional,background,UTC+01,01/01/2012 01:00:00,,Naturvårdsverket,NET-SE0005C
SE0108A,Djursholm Vasaskolan,59.39936,18.07742,11.0,Sweden,Danderyd,urban-periphery,background,UTC+01,07/01/2012 01:00:00,,Naturvårdsverket,NET-SE0005C
SE0109A,Rödeby,56.2639,15.621,60.0,Sweden,Karlskrona,urban-periphery,background,UTC+01,07/01/2012 01:00:00,,Naturvårdsverket,NET-SE0005C
SE0110A,Staffanstorp,55.6487,13.2235,17.0,Sweden,Staffanstorp,urban-periphery,background,UTC+01,07/01/2012 01:00:00,,Naturvårdsverket,NET-SE0005C
SE0111A,Ytterby,57.8634,11.9216,13.0,Sweden,Kungälv,urban-periphery,background,UTC+01,07/01/2012 01:00:00,,Naturvårdsverket,NET-SE0005C
SE0112A,Östad,57.9525,12.403,67.0,Sweden,Alingsås,rural-regional,background,UTC+01,01/07/2012 01:00:00,,Naturvårdsverket,NET-SE0005C
SE0113A,Borås Kungsgatan,57.72079,12.94474,143.0,Sweden,Borås,urban-centre,traffic,UTC+01,05/01/2012 01:00:00,,Luftvårdsförbundet för Västra Sverige (Luft i Väst),NET-SE0008C
SE0116A,Hallahus,56.04243,13.14855,187.0,Sweden,Svalöv,rural-regional,background,UTC+01,01/01/2016 01:00:00,,Naturvårdsverket,NET-SE0005C
SE01554,Majstre,56.942,18.187,20.0,Sweden,Gotland,rural,background,UTC+01,01/09/1997 01:00:00,,Naturvårdsverket,NET-SE0005C
SE08954,Fagerhult,57.51101,15.348,260.0,Sweden,Eksjö,rural-regional,background,UTC+01,01/11/2000 01:00:00,,Krondroppsnätet,NET-SE100A
SE09449,Säffle Rolfserud,59.14129,12.92198,50.0,Sweden,Säffle,urban-centre,industrial,UTC+01,30/12/2005 01:00:00,,Miljösamverkan Värmland,NET-SE0002C
SE09450,Säffle Perssons Gränd,59.13273,12.92977,60.0,Sweden,Säffle,urban-centre,background,UTC+01,30/12/2005 01:00:00,,Miljösamverkan Värmland,NET-SE0002C
SE09457,Stockholm Kanaan,59.34976,17.8587,2.0,Sweden,Stockholm,urban-centre,background,UTC+01,01/01/2006 01:00:00,,Östra Sveriges Luftvårdsförbund,NET-SE0004C
SE09569,Sundsvall Bergsgatan,62.38646,17.30323,20.0,Sweden,Sundsvall,urban-centre,traffic,UTC+01,20/10/2016 01:00:00,,Samverkan för luftövervakning i Västernorrland,NET-SE0012C
SE10026,Alingsås Kungsgatan,57.93027,12.53408,63.0,Sweden,Alingsås,urban-centre,background,UTC+01,01/01/1993 01:00:00,,Luftvårdsförbundet för Västra Sverige (Luft i Väst),NET-SE0008C
SE155531,Trelleborg Hamngatan,55.37288,13.15746,1.7,Sweden,Trelleborg,urban-centre,traffic,UTC+01,01/01/2016 01:00:00,,Skånes Luftvårdsförbund,NET-SE0001C
SE156417,Uppsala Kungsgatan 67,59.85709,17.64631,15.0,Sweden,Uppsala,urban-centre,traffic,UTC+01,02/02/2017 01:00:00,,Östra Sveriges Luftvårdsförbund,NET-SE0004C
SE157868,Jönköping Kungsgatan 2A,57.77824,14.15952,97.0,Sweden,Jönköping,urban-centre,traffic,UTC+01,01/01/2018 01:00:00,,Jönköpings läns Luftvårdsförbund,NET-SE0011C
SE157992,Stockholm St Eriksgatan 83,59.3405,18.03702,17.0,Sweden,Stockholm,urban-centre,traffic,UTC+01,01/01/2018 01:00:00,,Östra Sveriges Luftvårdsförbund,NET-SE0004C
SE159216,Högbränna,65.40509,18.10523,410.0,Sweden,Sorsele,rural-regional,background,UTC+01,30/07/2012 01:00:00,,Naturvårdsverket,NET-SE0005C
SE159218,Edeby,58.95383,16.97612,60.0,Sweden,Nyköping,rural-regional,background,UTC+01,01/10/2012 01:00:00,,Naturvårdsverket,NET-SE0005C
SE159220,Tagel B,57.05481,14.37965,190.0,Sweden,Alvesta,rural-regional,background,UTC+01,26/03/2012 01:00:00,,Naturvårdsverket,NET-SE0005C
SE159221,Komperskulla,56.29973,14.64621,100.0,Sweden,Olofström,rural-regional,background,UTC+01,01/06/2009 01:00:00,,Krondroppsnätet,NET-SE100A
SE159223,Hissmossa,56.17533,13.51931,120.0,Sweden,Hässleholm,rural-regional,background,UTC+01,01/12/2010 01:00:00,,Naturvårdsverket,NET-SE0005C
SE159224,Timrilt B,56.77132,13.16743,170.0,Sweden,Halmstad,rural-regional,background,UTC+01,30/09/2014 01:00:00,,Naturvårdsverket,NET-SE0005C
SE159225,Blåbärskullen,59.82138,12.90939,370.0,Sweden,Sunne,rural-regional,background,UTC+01,25/09/2000 01:00:00,,Naturvårdsverket,NET-SE0005C
SE159226,Kvisterhult,59.34953,15.93243,50.0,Sweden,Arboga,rural-regional,background,UTC+01,24/10/2011 01:00:00,,Naturvårdsverket,NET-SE0005C
SE159228,Sör-Digertjärnen,61.99727,14.4215,400.0,Sweden,Härjedalen,rural-regional,background,UTC+01,19/09/2009 01:00:00,,Krondroppsnätet,NET-SE100A
SE159388,Norunda Stenen,60.08583,17.50528,45.0,Sweden,Uppsala,rural-regional,background,UTC+01,01/01/2018 01:00:00,,Naturvårdsverket,NET-SE0005C
SE159402,Sollentuna Danderydsvägen,59.44592,17.95499,14.0,Sweden,Sollentuna,urban-centre,traffic,UTC+01,25/01/2018 01:00:00,,Östra Sveriges Luftvårdsförbund,NET-SE0004C
SE159404,Uppsala Dragarbrunnsgatan 23 tak,59.86052,17.6376,23.0,Sweden,Uppsala,urban-centre,background,UTC+01,01/04/2018 01:00:00,,Östra Sveriges Luftvårdsförbund,NET-SE0004C
SE164542,Norunda Tornet,60.08644,17.47922,53.0,Sweden,Uppsala,rural-regional,background,UTC+01,01/01/2018 01:00:00,,Naturvårdsverket,NET-SE0005C
SE164904,Hyltemossa Tornet,56.09741,13.41964,107.0,Sweden,Klippan,rural-regional,background,UTC+01,27/03/2018 01:00:00,,Naturvårdsverket,NET-SE0005C
SE165095,Hedemora Gussarvsgatan,60.2814,15.9891,107.0,Sweden,Hedemora,urban-centre,traffic,UTC+01,24/01/2019 01:00:00,,Dalarnas Luftvårdsförbund,NET-SE0009C
SE17572,Fulufjället,61.5756,12.91408,480.0,Sweden,Älvdalen,rural-regional,background,UTC+01,25/06/2012 01:00:00,,Naturvårdsverket,NET-SE0005C
SE181002,Växjö Liedbergsgatan 11,56.87988,14.79927,163.5,Sweden,Växjö,urban-centre,traffic,UTC+01,01/01/2020 01:00:00,,Kronobergs Luftvårdsförbund,NET-SE0013C
SE181259,Östersund Rådhusgatan,63.17391,14.64109,312.0,Sweden,Östersund,urban-centre,traffic,UTC+01,14/01/2020 01:00:00,,Östersund,NET-SE2380A
SE181993,Kalmar Södra Vägen,56.66419,16.33362,7.0,Sweden,Kalmar,urban-centre,traffic,UTC+01,24/01/2020 01:00:00,,Kalmar läns Luftvårdsförbund,NET-SE0017C
SE20484,Landskrona Storgatan 24,55.8685,12.8283,6.6,Sweden,Landskrona,urban-centre,background,UTC+01,01/01/2007 01:00:00,,Skånes Luftvårdsförbund,NET-SE0001C
SE21254,Alingsås Gärdesgatan,57.9238,12.52848,63.0,Sweden,Alingsås,urban-centre,traffic,UTC+01,01/01/2011 01:00:00,,Luftvårdsförbundet för Västra Sverige (Luft i Väst),NET-SE0008C
SE21727,Visingsö,58.07392,14.35896,100.0,Sweden,Jönköping,rural-regional,background,UTC+01,24/01/1993 01:00:00,,Krondroppsnätet,NET-SE100A
SE274590,Göteborg Övre Husargatan,57.69371,11.95677,11.0,Sweden,Göteborg,urban-centre,traffic,UTC+01,23/04/2020 01:00:00,,Göteborgs stad,NET-SE1480A
SE274650,Stockholm Valhallavägen 14,59.34902,18.06135,12.0,Sweden,Stockholm,urban-centre,traffic,UTC+01,01/01/2021 01:00:00,,Östra Sveriges Luftvårdsförbund,NET-SE0004C
SE274652,Sollentuna Sollentunavägen 192,59.43364,17.94974,23.0,Sweden,Sollentuna,urban-centre,traffic,UTC+01,01/01/2021 01:00:00,,Östra Sveriges Luftvårdsförbund,NET-SE0004C
SE274953,Skellefteå Kv Pantern,64.74953,20.96007,26.0,Sweden,Skellefteå,urban-centre,traffic,UTC+01,03/12/2020 01:00:00,,Skellefteå,NET-SE2482A
SE30014,Höka,58.76773,15.14472,170.0,Sweden,Motala,rural-regional,background,UTC+01,01/02/1998 01:00:00,,Naturvårdsverket,NET-SE0005C
SE30015,Ottenby,56.22568,16.42769,10.0,Sweden,Mörbylånga,rural-regional,background,UTC+01,15/12/1999 01:00:00,,Naturvårdsverket,NET-SE0005C
SE30016,Hensbacka,58.43389,11.73727,120.0,Sweden,Munkedal,rural-regional,background,UTC+01,01/01/1997 01:00:00,,Naturvårdsverket,NET-SE0005C
SE301111,Norrköping Kungsgatan 32,58.59152,16.17788,20.0,Sweden,Norrköping,urban-centre,traffic,UTC+01,01/01/2021 01:00:00,,Östra Sveriges Luftvårdsförbund,NET-SE0004C
SE301113,Norrköping Trädgårdsgatan 21,58.59204,16.18933,28.0,Sweden,Norrköping,urban-centre,background,UTC+01,01/01/2021 01:00:00,,Östra Sveriges Luftvårdsförbund,NET-SE0004C
SE301757,Sundbyberg Tulegatan 9,59.36426,17.97628,32.0,Sweden,Sundbyberg,urban-centre,traffic,UTC+01,05/02/2021 01:00:00,,Östra Sveriges Luftvårdsförbund,NET-SE0004C
SE30310,Helsingborg M1 Södra Stenbocksgatan,56.04306,12.70938,24.8,Sweden,Helsingborg,urban-centre,traffic,UTC+01,01/01/2010 01:00:00,,Skånes Luftvårdsförbund,NET-SE0001C
SE313140,Örnsköldsvik Centralesplanaden - Nygatan 24,63.29184,18.71749,17.5,Sweden,Örnsköldsvik,urban-centre,traffic,UTC+01,26/01/2021 01:00:00,,Samverkan för luftövervakning i Västernorrland,NET-SE0012C
SE313381,Visby Brömsebroväg 8,57.63993,18.30972,44.0,Sweden,Gotland,urban-centre,background,UTC+01,25/03/2021 01:00:00,,Östra Sveriges Luftvårdsförbund,NET-SE0004C
SE32084,Markaryd Smedjegatan,56.46192,13.59699,107.0,Sweden,Markaryd,urban-centre,traffic,UTC+01,17/01/2017 01:00:00,,Kronobergs Luftvårdsförbund,NET-SE0013C
SE338683,Gävle Staketgatan 22,60.67617,17.13764,5.0,Sweden,Gävle,urban-centre,traffic,UTC+01,01/01/2022 01:00:00,,Östra Sveriges Luftvårdsförbund,NET-SE0004C
SE338685,Linköping Hamngatan 10,58.41239,15.63008,46.0,Sweden,Linköping,urban-centre,traffic,UTC+01,01/01/2022 01:00:00,,Östra Sveriges Luftvårdsförbund,NET-SE0004C
SE344172,Västerås Stora Gatan 78,59.6077,16.53592,30.0,Sweden,Västerås,urban-centre,traffic,UTC+01,16/02/2022 01:00:00,,Västmanlands läns Luftvårdsförbund,NET-SE0003C
SE344186,Hundshögen Låg,62.85824,13.92362,670.0,Sweden,Berg,rural-remote,background,UTC+01,03/08/2021 01:00:00,,Naturvårdsverket,NET-SE0005C
SE344248,Norra Kvill Södra,57.72548,15.6398,243.0,Sweden,Vimmerby,rural-regional,background,UTC+01,01/01/1983 01:00:00,,Naturvårdsverket,NET-SE0005C
SE344250,Danderyd Gymnasiet,59.41559,18.04238,32.0,Sweden,Danderyd,urban-periphery,background,UTC+01,07/04/2022 01:00:00,,Östra Sveriges Luftvårdsförbund,NET-SE0004C
SE35735,Burlöv Arlövs Livs,55.6319,13.07093,3.0,Sweden,Burlöv,urban-centre,traffic,UTC+01,08/01/2014 01:00:00,,Skånes Luftvårdsförbund,NET-SE0001C
SE358695,Piteå Hamnplan 32,65.31549,21.4785,2.0,Sweden,Piteå,urban-centre,traffic,UTC+01,01/01/2023 01:00:00,,Piteå,NET-SE2581A
SE363066,Karlstad Packhusallén 19,59.37115,13.50983,47.0,Sweden,Karlstad,urban-centre,traffic,UTC+01,03/01/2023 01:00:00,,Miljösamverkan Värmland,NET-SE0002C
SE363068,Karlstad Östra Torggatan 7,59.38166,13.50432,48.0,Sweden,Karlstad,urban-centre,traffic,UTC+01,03/01/2023 01:00:00,,Miljösamverkan Värmland,NET-SE0002C
SE363070,Karlstad Rudsvägen 11,59.39111,13.51538,48.0,Sweden,Karlstad,urban-centre,traffic,UTC+01,03/01/2023 01:00:00,,Miljösamverkan Värmland,NET-SE0002C
SE363450,Härnösand Storgatan,62.62988,17.93578,3.0,Sweden,Härnösand,urban-centre,traffic,UTC+01,29/10/2021 01:00:00,,Samverkan för luftövervakning i Västernorrland,NET-SE0012C
SE36365,Jönköping Lantmätaregränd,57.78157,14.17367,90.0,Sweden,Jönköping,urban-centre,background,UTC+01,25/06/2013 01:00:00,,Jönköpings läns Luftvårdsförbund,NET-SE0011C
SE363816,Hyltemossa Chatka,56.10229,13.42008,106.0,Sweden,Perstorp,rural-regional,background,UTC+01,11/01/2023 01:00:00,,Naturvårdsverket,NET-SE0005C
SE367992,Södra Averstad,59.00771,13.11168,65.0,Sweden,Säffle,rural,background,UTC+01,01/11/1992 01:00:00,,Krondroppsnätet,NET-SE100A
SE367994,Stenshult,55.53736,13.58713,175.0,Sweden,Skurup,rural,background,UTC+01,05/01/2015 01:00:00,,Krondroppsnätet,NET-SE100A
SE367996,Tjåmotis,66.90973,18.36703,310.0,Sweden,Jokkmokk,rural,background,UTC+01,04/11/2020 01:00:00,,Krondroppsnätet,NET-SE100A
SE367998,Nikkaluokta,67.8627,19.06161,470.0,Sweden,Kiruna,rural,background,UTC+01,07/01/2004 01:00:00,,Krondroppsnätet,NET-SE100A
SE368000,Arlanda,59.67446,17.96659,50.0,Sweden,Sigtuna,rural,background,UTC+01,30/03/1994 01:00:00,,Krondroppsnätet,NET-SE100A
SE368002,Björkfors,65.91701,23.46885,25.0,Sweden,Kalix,rural,background,UTC+01,05/10/2021 01:00:00,,Krondroppsnätet,NET-SE100A
SE368004,Holmsvattnet,64.55533,21.10484,60.0,Sweden,Skellefteå,rural,background,UTC+01,30/09/2013 01:00:00,,Krondroppsnätet,NET-SE100A
SE368006,Hundshögen Hög,62.96176,13.72649,1250.0,Sweden,Berg,rural,background,UTC+01,09/11/1994 01:00:00,,Krondroppsnätet,NET-SE100A
SE368008,Högberget,60.40095,15.24052,225.0,Sweden,Borlänge,rural,background,UTC+01,04/05/2015 01:00:00,,Krondroppsnätet,NET-SE100A
SE368010,Storskogen,57.8578,12.67458,200.0,Sweden,Bollebygd,rural,background,UTC+01,22/09/2014 01:00:00,,Krondroppsnätet,NET-SE100A
SE371473,Borgholm Storgatan 36,56.8783,16.66137,6.0,Sweden,Borgholm,urban-centre,traffic,UTC+01,01/01/2023 01:00:00,,Kalmar läns Luftvårdsförbund,NET-SE0017C
SE371481,Mörbylånga Färjestaden Storgatan 24,56.6635,16.4733,4.0,Sweden,Mörbylånga,urban-centre,traffic,UTC+01,01/01/2023 01:00:00,,Kalmar läns Luftvårdsförbund,NET-SE0017C
SE37152,Rockneby,56.85604,16.29167,30.0,Sweden,Kalmar,rural-regional,background,UTC+01,01/04/1998 01:00:00,,Naturvårdsverket,NET-SE0005C
SE37155,Farstanäs,59.09839,17.63234,50.0,Sweden,Södertälje,rural-regional,background,UTC+01,01/10/1993 01:00:00,,Naturvårdsverket,NET-SE0005C
SE37479,Sollentuna Ekmans Väg 11,59.489,17.91992,39.0,Sweden,Sollentuna,urban-centre,traffic,UTC+01,24/06/2014 01:00:00,,Östra Sveriges Luftvårdsförbund,NET-SE0004C
SE37657,Burlöv Församlingshemmet,55.6336,13.0788,7.0,Sweden,Burlöv,urban-centre,background,UTC+01,01/01/2020 01:00:00,,Naturvårdsverket,NET-SE0005C
SE37658,Umeå Förskolan Uven,63.8208,20.2893,8.0,Sweden,Umeå,urban-centre,background,UTC+01,01/01/2019 01:00:00,,Naturvårdsverket,NET-SE0005C
SE38350,Lund Trollebergsvägen,55.70334,13.18028,40.0,Sweden,Lund,urban-centre,traffic,UTC+01,09/04/2015 01:00:00,,Skånes Luftvårdsförbund,NET-SE0001C
SE38616,Alingsås Västra Ringgatan,57.93114,12.52941,63.0,Sweden,Alingsås,urban-centre,traffic,UTC+01,01/01/2011 01:00:00,,Luftvårdsförbundet för Västra Sverige (Luft i Väst),NET-SE0008C
SE38793,Grankölen,66.06204,21.46728,179.0,Sweden,Boden,rural,background,UTC+01,01/09/2016 01:00:00,,Naturvårdsverket,NET-SE0005C
SE38940,Pjungserud,58.7899,14.3166,128.0,Sweden,Töreboda,rural,background,UTC+01,28/12/2015 01:00:00,,Naturvårdsverket,NET-SE0005C
SE38943,Transtrandsberget,60.5761,13.0973,203.0,Sweden,Torsby,rural,background,UTC+01,06/05/2021 01:00:00,,Naturvårdsverket,NET-SE0005C
SE394722,Burlöv Sunnanåvägen,55.61488,13.12067,10.0,Sweden,Burlöv,urban-centre,background,UTC+01,01/01/2023 01:00:00,,URBAN,NET-SE002A
SE395478,Växjö Västra Esplanaden 14 tak,56.8807,14.80245,164.0,Sweden,Växjö,urban-centre,background,UTC+01,27/01/2023 01:00:00,,Kronobergs Luftvårdsförbund,NET-SE0013C
SE396971,Danderyd Skogsgläntan,59.42279,18.04498,30.0,Sweden,Danderyd,urban-centre,background,UTC+01,22/05/2024 01:00:00,,Östra Sveriges Luftvårdsförbund,NET-SE0004C
SE398146,Liatorp,56.27432,15.45017,66.0,Sweden,Ronneby,rural,background,UTC+01,30/06/2024 01:00:00,,Naturvårdsverket,NET-SE0005C
SE428510,Solna Enköpingsvägen ,59.37687,18.006,16.0,Sweden,Solna,urban-centre,traffic,UTC+01,14/06/2024 01:00:00,,Östra Sveriges Luftvårdsförbund,NET-SE0004C
SE428512,Stockholm Norrlandsgatan 21,59.3353,18.07104,8.0,Sweden,Stockholm,urban-centre,traffic,UTC+01,30/09/2024 01:00:00,,Östra Sveriges Luftvårdsförbund,NET-SE0004C
SE429526,Visby väg 148 Rävhagen,57.6281,18.32356,54.0,Sweden,Gotland,urban-centre,traffic,UTC+01,06/12/2023 01:00:00,,Östra Sveriges Luftvårdsförbund,NET-SE0004C
SE429773,Skara Oxbacksgatan 5,58.3821,13.43341,114.0,Sweden,Skara,urban-centre,background,UTC+01,30/01/2025 01:00:00,,Luftvårdsförbundet för Västra Sverige (Luft i Väst),NET-SE0008C
SE430621,Trollhättan Gärdhemsvägen,58.28247,12.29072,46.0,Sweden,Trollhättan,urban-centre,traffic,UTC+01,01/01/2024 01:00:00,,Luftvårdsförbundet för Västra Sverige (Luft i Väst),NET-SE0008C
SE430991,Östersund Färjemansgatan,63.18039,14.63543,308.0,Sweden,Östersund,urban-centre,traffic,UTC+01,26/02/2025 01:00:00,,Östersund,NET-SE2380A
SE438208,Danderyd Stocksundsskolan,59.38703,18.04524,22.0,Sweden,Danderyd,urban-centre,background,UTC+01,10/01/2026 01:00:00,,Östra Sveriges Luftvårdsförbund,NET-SE0004C
SI0001A,Celje,46.23451,15.26248,240.0,Slovenia,Celje,urban-centre,background,UTC+01,01/04/1990 00:00:00,,National Basic Monitoring Network,NET-SI002A
SI0032R,Krvavec,46.29735,14.53331,1740.0,Slovenia,Cerklje na Gorenjskem,rural,background,UTC+01,01/01/1996 00:00:00,,National Basic Monitoring Network,NET-SI002A
SI0036A,Zagorje,46.13111,14.99612,241.0,Slovenia,Zagorje,urban-centre,traffic,UTC+01,01/01/1994 00:00:00,,National Basic Monitoring Network,NET-SI002A
SI0043A,Velenje,46.36035,15.11192,389.0,Slovenia,Velenje,urban-centre,background,UTC+01,22/09/2011 00:00:00,,National Basic Monitoring Network,NET-SI002A
SI0053A,Otlica,45.93767,13.91156,918.0,Slovenia,Ajdovscina,rural,background,UTC+01,01/06/2006 00:00:00,,National Basic Monitoring Network,NET-SI002A
SI0057A,Zerjav,46.48535,14.86947,543.0,Slovenia,Crna na Koroskem,rural,industrial,UTC+01,01/01/2008 00:00:00,,National Basic Monitoring Network,NET-SI002A
SI0059A,Maribor Vrbanski plato,46.56835,15.62612,280.0,Slovenia,Maribor,urban-centre,background,UTC+01,13/12/2019 00:00:00,,National Basic Monitoring Network,NET-SI002A
SI0061A,Novo mesto,45.80182,15.17726,241.0,Slovenia,Novo mesto,urban-centre,background,UTC+01,01/01/2010 00:00:00,,National Basic Monitoring Network,NET-SI002A
SI0065A,NG Grcna,45.95341,13.65262,104.0,Slovenia,Nova Gorica,urban-centre,traffic,UTC+01,01/01/2017 00:00:00,,National Basic Monitoring Network,NET-SI002A
SI0071A,MS Cankarjeva,46.65776,16.15923,189.0,Slovenia,Murska Sobota,urban-centre,traffic,UTC+01,01/01/2018 00:00:00,,National Basic Monitoring Network,NET-SI002A
SI0072A,LJ Celovska,46.07209,14.48712,305.0,Slovenia,Ljubljana,urban-centre,traffic,UTC+01,31/01/2020 00:00:00,,National Basic Monitoring Network,NET-SI002A
SI0073A,Kranj,46.24179,14.36224,388.0,Slovenia,Kranj,urban-centre,background,UTC+01,20/01/2021 00:00:00,,National Basic Monitoring Network,NET-SI002A
SI0076A,CE Ljubljanska,46.23566,15.24624,240.0,Slovenia,Celje,urban-centre,traffic,UTC+01,01/06/2021 00:00:00,,National Basic Monitoring Network,NET-SI002A
SI0077A,Ptuj,46.4255,15.87651,230.0,Slovenia,Ptuj,urban-centre,background,UTC+01,17/12/2020 00:00:00,,National Basic Monitoring Network,NET-SI002A
SK0001A,"""Bratislava - Mamateyova""",48.12471,17.1255,138.0,Slovakia,Bratislava - mestska cast Petrzalka,urban-centre,background,UTC,01/01/1992 00:00:00,,"""Urban and Local Air Quality Monitoring Network""",NET-SK001A
SK0002R,"""Chopok - EMEP/O3""",48.94354,19.58916,2008.0,Slovakia,Horna Lehota,rural,background,UTC,01/01/1997 00:00:00,,"""EMEP and Rural""",NET-SK004A
SK0004R,"""Stara Lesna - AU SAV EMEP/O3""",49.15141,20.28949,808.0,Slovakia,Stara Lesna,rural,background,UTC,01/01/1997 00:00:00,,"""EMEP and Rural""",NET-SK004A
SK0006R,"""Starina - Vodna nadr. EMEP/O3""",49.04278,22.26,345.0,Slovakia,Starina,rural,background,UTC,01/01/1997 00:00:00,,"""EMEP and Rural""",NET-SK004A
SK0007R,"""Topolniky - Aszod/EMEP""",47.95945,17.86014,113.0,Slovakia,Topolniky,rural,background,UTC,01/01/2016 00:00:00,,"""EMEP and Rural""",NET-SK004A
SK0008A,"""Ruzomberok - Riadok""",49.07901,19.30252,475.0,Slovakia,Ruzomberok,urban-centre,background,UTC,01/01/1992 00:00:00,,"""Urban and Local Air Quality Monitoring Network""",NET-SK001A
SK0013A,"""Bystricany - Rozvodna SSE""",48.66697,18.51408,261.0,Slovakia,Bystricany,urban-periphery,background,UTC,01/01/1992 00:00:00,,"""Urban and Local Air Quality Monitoring Network""",NET-SK001A
SK0021A,"""Senica - Hviezdoslavova""",48.68061,17.36317,212.0,Slovakia,Senica,urban-centre,traffic,UTC,01/05/1993 00:00:00,,"""Urban and Local Air Quality Monitoring Network""",NET-SK001A
SK0027A,"""Handlova - Morovianska cesta""",48.73312,18.75638,448.0,Slovakia,Handlova,urban-centre,background,UTC,01/01/1994 00:00:00,,"""Urban and Local Air Quality Monitoring Network""",NET-SK001A
SK0031A,"""Vranov nad Toplou - M. R. Stefanika""",48.88638,21.68762,133.0,Slovakia,Vranov nad Topou,urban-centre,background,UTC,01/01/1994 00:00:00,,"""Urban and Local Air Quality Monitoring Network""",NET-SK001A
SK0047A,"""Trencin - Hasicska""",48.89647,18.04125,214.0,Slovakia,Trencin,urban-centre,traffic,UTC,01/01/2004 00:00:00,,"""Urban and Local Air Quality Monitoring Network""",NET-SK001A
SK0048A,"""Bratislava - Jeseniova""",48.16796,17.10624,287.0,Slovakia,Bratislava - mestska cast Nove Mesto,urban-periphery,background,UTC,01/10/2019 00:00:00,,"""Urban and Local Air Quality Monitoring Network""",NET-SK001A
SK0050A,"""Prievidza - Malonecpalska""",48.7827,18.62813,276.0,Slovakia,Prievidza,urban-centre,background,UTC,01/01/2007 00:00:00,,"""Urban and Local Air Quality Monitoring Network""",NET-SK001A
SK0061A,"""Bratislava - Puchovska""",48.21127,17.15796,152.0,Slovakia,Bratislava - Raca,urban-centre,traffic,UTC,18/05/2021 00:00:00,,"""Urban and Local Air Quality Monitoring Network""",NET-SK001A
SK0063A,"""Sered - Vinarska""",48.28365,17.73516,131.0,Slovakia,Sered,urban-centre,background,UTC,01/10/2020 00:00:00,,"""Urban and Local Air Quality Monitoring Network""",NET-SK001A
SK0064A,"""Komarno - Vnutorna Okruzna""",47.76412,18.13855,112.0,Slovakia,Komarno,urban-centre,background,UTC,01/01/2020 00:00:00,,"""Urban and Local Air Quality Monitoring Network""",NET-SK001A
SK0066A,"""Puchov - 1.maja""",49.11897,18.32527,265.0,Slovakia,Puchov,urban-periphery,background,UTC,01/01/2020 00:00:00,,"""Urban and Local Air Quality Monitoring Network""",NET-SK001A
SK0067A,"""Liptovsky Mikulas - Skolska""",49.08389,19.61935,580.0,Slovakia,Liptovsky Mikulas,urban-centre,background,UTC,01/01/2020 00:00:00,,"""Urban and Local Air Quality Monitoring Network""",NET-SK001A
SK0068A,"""Senec - Boldocka""",48.22304,17.4044,126.0,Slovakia,Senec,urban-centre,traffic,UTC,01/01/2021 00:00:00,,"""Urban and Local Air Quality Monitoring Network""",NET-SK001A
SK0069A,"""Poprad - Zeleznicna""",49.06147,20.28578,678.0,Slovakia,Poprad,urban-periphery,background,UTC,01/01/2021 00:00:00,,"""Urban and Local Air Quality Monitoring Network""",NET-SK001A
SK0071A,"""Oscadnica""",49.43538,18.88362,468.0,Slovakia,Oscadnica,urban-periphery,background,UTC,01/01/2020 00:00:00,,"""Urban and Local Air Quality Monitoring Network""",NET-SK001A
SK0072A,"""Lucenec - Gemerska cesta""",48.33663,19.67589,185.0,Slovakia,Lucenec,urban-centre,traffic,UTC,01/01/2020 00:00:00,,"""Urban and Local Air Quality Monitoring Network""",NET-SK001A
SK0073A,"""Trebisov  - T. G. Masaryka""",48.62834,21.7133,109.0,Slovakia,Trebisov,urban-periphery,background,UTC,01/01/2020 00:00:00,,"""Urban and Local Air Quality Monitoring Network""",NET-SK001A
SK0074A,"""Bardejov - Pod Vinbagrom""",49.30052,21.27787,266.0,Slovakia,Bardejov,urban-periphery,background,UTC,01/11/2020 00:00:00,,"""Urban and Local Air Quality Monitoring Network""",NET-SK001A
SK0075A,"""Pezinok - Obrancov mieru""",48.2833,17.2597,152.0,Slovakia,Pezinok,urban-centre,background,UTC,01/01/2020 00:00:00,,"""Urban and Local Air Quality Monitoring Network""",NET-SK001A
SK0076A,"""Rovinka""",48.09967,17.23119,134.0,Slovakia,Rovinka,urban-periphery,background,UTC,01/01/2020 00:00:00,,"""Urban and Local Air Quality Monitoring Network""",NET-SK001A
SK0077A,"""Rohoznik - Senicka cesta""",48.45705,17.17158,197.0,Slovakia,Rohoznik,urban-periphery,traffic,UTC,13/06/2022 00:00:00,,"""Urban and Local Air Quality Monitoring Network""",NET-SK001A
SK0214A,"""Banska Bystrica - Stefanikovo nabrezie""",48.73516,19.15491,346.0,Slovakia,Banska Bystrica,urban-centre,traffic,UTC,01/01/2008 00:00:00,,"""Urban and Local Air Quality Monitoring Network""",NET-SK001A
SK0262A,"""Zvolen - Janka Alexyho""",48.5582,19.15686,321.0,Slovakia,Hrinova,urban-centre,background,UTC,01/01/2008 00:00:00,,"""Urban and Local Air Quality Monitoring Network""",NET-SK001A
SK0263A,"""Banska Bystrica - Zelena""",48.73326,19.11527,425.0,Slovakia,Banska Bystrica,urban-centre,background,UTC,01/07/2009 00:00:00,,"""Urban and Local Air Quality Monitoring Network""",NET-SK001A
SK0264A,"""Kosice - Amurska""",48.69022,21.28544,201.0,Slovakia,Kosice - mestska cast Nad jazerom,urban-centre,background,UTC,01/12/2009 00:00:00,,"""Urban and Local Air Quality Monitoring Network""",NET-SK001A
SK0265A,"""Krompachy - SNP""",48.9156,20.87406,372.0,Slovakia,Smizany,urban-centre,traffic,UTC,01/12/2009 00:00:00,,"""Urban and Local Air Quality Monitoring Network""",NET-SK001A
SK0266A,"""Presov - arm.gen. L. Svobodu""",48.99249,21.26679,252.0,Slovakia,Presov,urban-centre,traffic,UTC,01/12/2009 00:00:00,,"""Urban and Local Air Quality Monitoring Network""",NET-SK001A
SK0267A,"""Kosice - Stefanikova""",48.72627,21.25884,209.0,Slovakia,Kosice,urban-centre,traffic,UTC,26/08/2017 00:00:00,,"""Urban and Local Air Quality Monitoring Network""",NET-SK001A
SK0268A,"""Ziar nad Hronom - Jilemnickeho""",48.59956,18.84246,296.0,Slovakia,Ziar nad Hronom,urban-centre,background,UTC,01/01/2010 00:00:00,,"""Urban and Local Air Quality Monitoring Network""",NET-SK001A
SK0269A,"""Nitra - Sturova""",48.30946,18.07683,143.0,Slovakia,Nitra,urban-centre,traffic,UTC,01/01/2011 00:00:00,,"""Urban and Local Air Quality Monitoring Network""",NET-SK001A
SK0406A,"""Kolonicke sedlo""",48.9349,22.27367,431.0,Slovakia,Kolonicke sedlo,rural-regional,background,UTC,01/01/2012 00:00:00,,"""EMEP and Rural""",NET-SK004A
TR0002A,ANKARA-SINCAN,39.97203,32.58516,794.0,Türkiye,ANKARA,urban-centre,background,UTC+03,04/06/2015 00:00:00,,Turkey Air Quality Network,NET-TR001A
TR0004A,ADANA-VALILIK,36.99917,35.31243,25.0,Türkiye,ADANA,urban-centre,background,UTC+03,16/12/2008 00:00:00,,Turkey Air Quality Network,NET-TR001A
TR0005A,ADIYAMAN,37.76057,38.27831,675.0,Türkiye,ADIYAMAN,urban-centre,background,UTC+03,24/02/2005 00:00:00,,Turkey Air Quality Network,NET-TR001A
TR0007A,AGRI-MERKEZ,39.72137,43.03965,1630.0,Türkiye,AGRI,urban-centre,background,UTC+03,08/04/2005 00:00:00,,Turkey Air Quality Network,NET-TR001A
TR0009A,AMASYA,40.66755,35.83554,397.0,Türkiye,AMASYA,urban-centre,background,UTC+03,24/12/2006 00:00:00,,Turkey Air Quality Network,NET-TR001A
TR0010A,ANKARA-BAHCELIEVLER,39.91832,32.8229,915.0,Türkiye,ANKARA,urban-centre,background,UTC+03,02/09/2005 00:00:00,,Turkey Air Quality Network,NET-TR001A
TR0011A,ANKARA-DEMETEVLER,39.96773,32.79566,883.0,Türkiye,ANKARA,urban-centre,background,UTC+03,25/12/2006 00:00:00,,Turkey Air Quality Network,NET-TR001A
TR0013A,ANKARA-KAYAS,39.92538,32.92676,922.0,Türkiye,ANKARA,urban-centre,background,UTC+03,01/03/2013 00:00:00,,Turkey Air Quality Network,NET-TR001A
TR0014A,ADANA-METEOROLOJI,37.00411,35.34404,28.0,Türkiye,ADANA,urban-centre,background,UTC+03,26/12/2008 00:00:00,,Turkey Air Quality Network,NET-TR001A
TR0015A,ANKARA-SIHHIYE,39.92727,32.85941,860.0,Türkiye,ANKARA,urban-centre,traffic,UTC+03,11/08/2015 00:00:00,,Turkey Air Quality Network,NET-TR001A
TR0016A,ADANA-DOGANKENT,36.85453,35.34914,12.0,Türkiye,,rural,background,UTC+03,16/12/2008 00:00:00,,Turkey Air Quality Network,NET-TR001A
TR0017A,ADANA-CATALAN,37.1864,35.26195,107.0,Türkiye,,rural,background,UTC+03,16/12/2008 00:00:00,,Turkey Air Quality Network,NET-TR001A
TR0019A,ARDAHAN,41.11081,42.70105,1807.0,Türkiye,ARDAHAN,urban-centre,background,UTC+03,17/11/2006 00:00:00,,Turkey Air Quality Network,NET-TR001A
TR0020A,ARTVIN,41.17528,41.81829,617.0,Türkiye,ARTVIN,urban-centre,background,UTC+03,01/03/2013 00:00:00,,Turkey Air Quality Network,NET-TR001A
TR0021A,AYDIN,37.85439,27.81801,76.0,Türkiye,AYDIN,urban-centre,background,UTC+03,06/06/2006 00:00:00,,Turkey Air Quality Network,NET-TR001A
TR0022A,BALIKESIR,39.63388,27.89585,142.0,Türkiye,BALIKESIR,urban-centre,background,UTC+03,16/02/2007 00:00:00,,Turkey Air Quality Network,NET-TR001A
TR0023A,BARTIN,41.63053,32.33509,13.0,Türkiye,BARTIN,urban-centre,background,UTC+03,15/02/2007 00:00:00,,Turkey Air Quality Network,NET-TR001A
TR0024A,BATMAN,37.90061,41.12894,572.0,Türkiye,BATMAN,urban-centre,background,UTC+03,17/02/2005 00:00:00,,Turkey Air Quality Network,NET-TR001A
TR0025A,BAYBURT,40.25955,40.22651,1555.0,Türkiye,BAYBURT,urban-centre,background,UTC+03,23/12/2006 00:00:00,,Turkey Air Quality Network,NET-TR001A
TR0026A,BILECIK,40.1411,29.97776,534.0,Türkiye,BILECIK,urban-centre,background,UTC+03,15/02/2007 00:00:00,,Turkey Air Quality Network,NET-TR001A
TR0027A,BINGOL,38.88388,40.50364,1139.0,Türkiye,BINGOL,urban-centre,background,UTC+03,24/11/2006 00:00:00,,Turkey Air Quality Network,NET-TR001A
TR0028A,BITLIS,38.41193,42.11226,1590.0,Türkiye,BITLIS,urban-centre,background,UTC+03,28/11/2006 00:00:00,,Turkey Air Quality Network,NET-TR001A
TR0030A,BURDUR,37.72302,30.29445,964.0,Türkiye,BURDUR,urban-centre,background,UTC+03,13/02/2007 00:00:00,,Turkey Air Quality Network,NET-TR001A
TR0031A,BURSA,40.23443,29.03806,92.0,Türkiye,BURSA,urban-centre,background,UTC+03,28/02/2007 00:00:00,,Turkey Air Quality Network,NET-TR001A
TR0032A,CANAKKALE,40.13694,26.40583,9.0,Türkiye,CANAKKALE,urban-centre,background,UTC+03,09/03/2005 00:00:00,,Turkey Air Quality Network,NET-TR001A
TR0033A,CANKIRI,40.59972,33.61694,731.0,Türkiye,CANKIRI,urban-centre,background,UTC+03,11/02/2005 00:00:00,,Turkey Air Quality Network,NET-TR001A
TR0034A,CORUM,40.55417,34.96309,828.0,Türkiye,CORUM,urban-centre,background,UTC+03,21/02/2005 00:00:00,,Turkey Air Quality Network,NET-TR001A
TR0035A,DENIZLI-BAYRAMYERI,37.76639,29.09706,408.0,Türkiye,DENIZLI,urban-centre,background,UTC+03,02/03/2005 00:00:00,,Turkey Air Quality Network,NET-TR001A
TR0036A,DENIZLI-MERKEZEFENDI,37.78156,29.08719,382.0,Türkiye,DENIZLI,urban-centre,background,UTC+03,06/02/2005 00:00:00,,Turkey Air Quality Network,NET-TR001A
TR0037A,DIYARBAKIR,37.9153,40.22497,676.0,Türkiye,DIYARBAKIR,urban-centre,background,UTC+03,19/02/2005 00:00:00,,Turkey Air Quality Network,NET-TR001A
TR0038A,DUZCE,40.84555,31.14805,144.0,Türkiye,DUZCE,urban-centre,background,UTC+03,28/02/2007 00:00:00,,Turkey Air Quality Network,NET-TR001A
TR0039A,EDIRNE,41.65921,26.58503,41.0,Türkiye,EDIRNE,urban-centre,background,UTC+03,04/03/2005 00:00:00,,Turkey Air Quality Network,NET-TR001A
TR0040A,ELAZIG,38.67459,39.21166,1069.0,Türkiye,ELAZIG,urban-centre,background,UTC+03,22/02/2005 00:00:00,,Turkey Air Quality Network,NET-TR001A
TR0041A,ERZINCAN,39.74304,39.49502,1201.0,Türkiye,ERZINCAN,urban-centre,background,UTC+03,21/11/2006 00:00:00,,Turkey Air Quality Network,NET-TR001A
TR0042A,ERZURUM,39.89816,41.27265,1941.0,Türkiye,ERZURUM,urban-centre,background,UTC+03,14/04/2005 00:00:00,,Turkey Air Quality Network,NET-TR001A
TR0044A,GAZIANTEP,37.05859,37.35087,861.0,Türkiye,GAZIANTEP,urban-centre,background,UTC+03,25/02/2005 00:00:00,,Turkey Air Quality Network,NET-TR001A
TR0045A,GIRESUN,40.90721,38.36197,13.0,Türkiye,GIRESUN,urban-centre,background,UTC+03,24/12/2006 00:00:00,,Turkey Air Quality Network,NET-TR001A
TR0046A,GUMUSHANE,40.46083,39.48086,1199.0,Türkiye,GGUMGUSHANE,urban-centre,background,UTC+03,05/04/2005 00:00:00,,Turkey Air Quality Network,NET-TR001A
TR0047A,HAKKARI,37.57439,43.73873,1726.0,Türkiye,HAKKARI,urban-centre,background,UTC+03,12/10/2006 00:00:00,,Turkey Air Quality Network,NET-TR001A
TR0049A,IGDIR,39.92611,44.05361,859.0,Türkiye,IGDIR,urban-centre,background,UTC+03,26/02/2007 00:00:00,,Turkey Air Quality Network,NET-TR001A
TR0052A,ISTANBUL-AKSARAY,41.01472,28.95472,41.0,Türkiye,ISTANBUL,urban-centre,traffic,UTC+03,23/01/2007 00:00:00,,Turkey Air Quality Network,NET-TR001A
TR0053A,ISTANBUL-ALIBEYKOY,41.05767,28.94568,1.0,Türkiye,ISTANBUL,urban-centre,background,UTC+03,31/01/2007 00:00:00,,Turkey Air Quality Network,NET-TR001A
TR0054A,ISTANBUL-BESIKTAS,41.05388,29.01,99.0,Türkiye,ISTANBUL,urban-centre,background,UTC+03,26/01/2007 00:00:00,,Turkey Air Quality Network,NET-TR001A
TR0055A,ISTANBUL-ESENLER,41.03833,28.88805,54.0,Türkiye,ISTANBUL,urban-centre,background,UTC+03,02/02/2007 00:00:00,,Turkey Air Quality Network,NET-TR001A
TR0056A,ISTANBUL-KADIKOY,40.99194,29.03361,12.0,Türkiye,ISTANBUL,urban-centre,background,UTC+03,01/02/2007 00:00:00,,Turkey Air Quality Network,NET-TR001A
TR0057A,ISTANBUL-KARTAL,40.89,29.2075,31.0,Türkiye,ISTANBUL,urban-centre,background,UTC+03,30/01/2007 00:00:00,,Turkey Air Quality Network,NET-TR001A
TR0058A,ISTANBUL-SARIYER,41.12888,29.04972,105.0,Türkiye,ISTANBUL,urban-centre,background,UTC+03,01/02/2007 00:00:00,,Turkey Air Quality Network,NET-TR001A
TR0059A,ISTANBUL-UMRANIYE,41.01361,29.16222,162.0,Türkiye,ISTANBUL,urban-centre,background,UTC+03,28/01/2007 00:00:00,,Turkey Air Quality Network,NET-TR001A
TR0060A,ISTANBUL-USKUDAR,41.01527,29.025,70.0,Türkiye,ISTANBUL,urban-centre,background,UTC+03,31/01/2007 00:00:00,,Turkey Air Quality Network,NET-TR001A
TR0061A,ISTANBUL-YENIBOSNA,40.99888,28.82666,31.0,Türkiye,ISTANBUL,urban-centre,background,UTC+03,27/01/2007 00:00:00,,Turkey Air Quality Network,NET-TR001A
TR0062A,IZMIR-ALSANCAK,38.43222,27.14444,11.0,Türkiye,IZMIR,urban-centre,background,UTC+03,27/12/2007 00:00:00,,Turkey Air Quality Network,NET-TR001A
TR0063A,IZMIR-BORNOVA,38.46916,27.22138,72.0,Türkiye,IZMIR,urban-centre,background,UTC+03,31/12/2007 00:00:00,,Turkey Air Quality Network,NET-TR001A
TR0064A,IZMIR-GAZIEMIR,38.31445,27.1373,141.0,Türkiye,IZMIR,urban-centre,background,UTC+03,30/01/2007 00:00:00,,Turkey Air Quality Network,NET-TR001A
TR0065A,IZMIR-GUZELYALI,38.39583,27.08277,13.0,Türkiye,IZMIR,urban-centre,background,UTC+03,27/12/2007 00:00:00,,Turkey Air Quality Network,NET-TR001A
TR0066A,IZMIR-KARSIYAKA,38.45416,27.10972,6.0,Türkiye,IZMIR,urban-centre,background,UTC+03,28/12/2007 00:00:00,,Turkey Air Quality Network,NET-TR001A
TR0067A,IZMIR-CIGLI,38.49805,27.06777,18.0,Türkiye,IZMIR,urban-centre,background,UTC+03,26/12/2008 00:00:00,,Turkey Air Quality Network,NET-TR001A
TR0068A,IZMIR-SIRINYER,38.3825,27.14833,64.0,Türkiye,IZMIR,urban-centre,background,UTC+03,26/12/2008 00:00:00,,Turkey Air Quality Network,NET-TR001A
TR0070A,KAHRAMANMARAS-ELBISTAN,38.20384,37.19834,1141.0,Türkiye,,urban-centre,background,UTC+03,06/12/2007 00:00:00,,Turkey Air Quality Network,NET-TR001A
TR0072A,KARAMAN,37.11638,33.1325,1140.0,Türkiye,KARAMAN,urban-centre,background,UTC+03,29/01/2007 00:00:00,,Turkey Air Quality Network,NET-TR001A
TR0073A,KARS,40.60504,43.10448,1762.0,Türkiye,KARS,urban-centre,background,UTC+03,01/10/2006 00:00:00,,Turkey Air Quality Network,NET-TR001A
TR0074A,KASTAMONU,41.3674,33.76499,813.0,Türkiye,KASTAMONU,urban-centre,background,UTC+03,20/12/2006 00:00:00,,Turkey Air Quality Network,NET-TR001A
TR0075A,KAYSERI-OSB,38.74027,35.37527,1053.0,Türkiye,KAYSERI,urban-centre,industrial,UTC+03,05/03/2007 00:00:00,,Turkey Air Quality Network,NET-TR001A
TR0076A,KAYSERI-MELIKGAZI,38.72489,35.51561,1066.0,Türkiye,KAYSERI,urban-centre,background,UTC+03,05/04/2007 00:00:00,,Turkey Air Quality Network,NET-TR001A
TR0077A,KAYSERI-HURRIYET,38.72355,35.46961,1056.0,Türkiye,KAYSERI,urban-centre,traffic,UTC+03,06/04/2007 00:00:00,,Turkey Air Quality Network,NET-TR001A
TR0078A,KILIS,36.71525,37.12709,646.0,Türkiye,KILIS,urban-centre,background,UTC+03,28/11/2006 00:00:00,,Turkey Air Quality Network,NET-TR001A
TR0079A,KIRIKKALE,39.84313,33.51817,749.0,Türkiye,KIRIKKALE,urban-centre,background,UTC+03,27/12/2006 00:00:00,,Turkey Air Quality Network,NET-TR001A
TR0080A,KIRKLARELI,41.72446,27.2145,208.0,Türkiye,KIRKLARELI,urban-centre,background,UTC+03,26/02/2007 00:00:00,,Turkey Air Quality Network,NET-TR001A
TR0081A,KIRSEHIR,39.14841,34.15925,989.0,Türkiye,KIRSEHIR,urban-centre,background,UTC+03,06/02/2005 00:00:00,,Turkey Air Quality Network,NET-TR001A
TR0083A,KOCAELI,40.76582,29.95125,8.0,Türkiye,KOCAELI,urban-centre,background,UTC+03,16/02/2007 00:00:00,,Turkey Air Quality Network,NET-TR001A
TR0084A,KOCAELI-DILOVASI,40.78872,29.53718,69.0,Türkiye,KOCAELI,urban-centre,industrial,UTC+03,01/03/2013 00:00:00,,Turkey Air Quality Network,NET-TR001A
TR0085A,KONYA-MERAM,37.86009,32.47526,1028.0,Türkiye,KONYA,urban-centre,background,UTC+03,04/03/2005 00:00:00,,Turkey Air Quality Network,NET-TR001A
TR0088A,MALATYA,38.35004,38.34188,999.0,Türkiye,MALATYA,urban-centre,background,UTC+03,22/02/2005 00:00:00,,Turkey Air Quality Network,NET-TR001A
TR0089A,MANISA,38.61535,27.40478,71.0,Türkiye,MANISA,urban-centre,background,UTC+03,02/09/2005 00:00:00,,Turkey Air Quality Network,NET-TR001A
TR0090A,MARDIN,37.32089,40.7241,945.0,Türkiye,MARDIN,urban-centre,background,UTC+03,16/03/2006 00:00:00,,Turkey Air Quality Network,NET-TR001A
TR0091A,MUGLA-MUSLUHITTIN,37.21583,28.35722,647.0,Türkiye,MUGLA,urban-centre,background,UTC+03,02/02/2007 00:00:00,,Turkey Air Quality Network,NET-TR001A
TR0093A,MUS,38.74859,41.50948,1314.0,Türkiye,MUS,urban-centre,background,UTC+03,26/11/2006 00:00:00,,Turkey Air Quality Network,NET-TR001A
TR0096A,ORDU-STADYUM,40.9834,37.87843,9.0,Türkiye,ORDU,urban-centre,background,UTC+03,25/12/2006 00:00:00,,Turkey Air Quality Network,NET-TR001A
TR0098A,RIZE,41.02171,40.53284,16.0,Türkiye,RIZE,urban-centre,background,UTC+03,20/10/2006 00:00:00,,Turkey Air Quality Network,NET-TR001A
TR0099A,SAKARYA,40.76684,30.39385,31.0,Türkiye,SAKARYA,urban-centre,background,UTC+03,24/02/2007 00:00:00,,Turkey Air Quality Network,NET-TR001A
TR0100A,SAMSUN-ILKADIM HASTANE,41.27795,36.33811,67.0,Türkiye,SAMSUN,urban-centre,background,UTC+03,23/02/2005 00:00:00,,Turkey Air Quality Network,NET-TR001A
TR0101A,SAMSUN-TEKKEKOY,41.22351,36.45508,7.0,Türkiye,,urban-centre,industrial,UTC+03,30/12/2007 00:00:00,,Turkey Air Quality Network,NET-TR001A
TR0102A,SIIRT,37.93193,41.93506,895.0,Türkiye,SIIRT,urban-centre,background,UTC+03,28/09/2006 00:00:00,,Turkey Air Quality Network,NET-TR001A
TR0103A,SINOP,42.02956,35.15492,35.0,Türkiye,SINOP,urban-centre,background,UTC+03,31/01/2007 00:00:00,,Turkey Air Quality Network,NET-TR001A
TR0104A,SIRNAK,37.51999,42.45997,1395.0,Türkiye,SIRNAK,urban-centre,background,UTC+03,11/10/2006 00:00:00,,Turkey Air Quality Network,NET-TR001A
TR010541,ADANA-SEYHAN,36.97187,35.31527,19.0,Türkiye,ADANA,urban-centre,background,UTC+03,30/04/2020 00:00:00,,Turkey Air Quality Network,NET-TR001A
TR0105A,SIVAS-METEOROLOJI,39.74377,37.00178,1293.0,Türkiye,SIVAS,urban-centre,background,UTC+03,12/04/2005 00:00:00,,Turkey Air Quality Network,NET-TR001A
TR010641,ADANA-CUKUROVA,37.03993,35.26991,92.0,Türkiye,ADANA,urban-centre,background,UTC+03,30/04/2020 00:00:00,,Turkey Air Quality Network,NET-TR001A
TR0106A,TEKIRDAG,40.97645,27.51273,26.0,Türkiye,TEKIRDAG,urban-centre,background,UTC+03,16/03/2005 00:00:00,,Turkey Air Quality Network,NET-TR001A
TR010731,ADANA-TURHAN CEMAL BERİKER BULVARI,36.99188,35.326,22.0,Türkiye,ADANA,urban-centre,traffic,UTC+03,30/04/2020 00:00:00,,Turkey Air Quality Network,NET-TR001A
TR0107A,TOKAT,40.32635,36.55519,608.0,Türkiye,TOKAT,urban-centre,background,UTC+03,25/12/2006 00:00:00,,Turkey Air Quality Network,NET-TR001A
TR010822,ADANA-YAKAPINAR,36.95782,35.60663,34.0,Türkiye,ADANA,urban-periphery,industrial,UTC+03,01/01/2020 00:00:00,,Turkey Air Quality Network,NET-TR001A
TR0108A,TRABZON-VALILIK,41.00598,39.71232,36.0,Türkiye,TRABZON,urban-centre,background,UTC+03,28/03/2006 00:00:00,,Turkey Air Quality Network,NET-TR001A
TR0109A,TRABZON-MEYDAN,41.00458,39.73167,45.0,Türkiye,TRABZON,urban-centre,background,UTC+03,28/01/2006 00:00:00,,Turkey Air Quality Network,NET-TR001A
TR0110A,TUNCELI,39.10111,39.54666,928.0,Türkiye,TUNCELI,urban-centre,background,UTC+03,23/11/2006 00:00:00,,Turkey Air Quality Network,NET-TR001A
TR0111A,SANLIURFA,37.16044,38.78697,550.0,Türkiye,SANLIURFA,urban-centre,background,UTC+03,27/11/2006 00:00:00,,Turkey Air Quality Network,NET-TR001A
TR0113A,VAN,38.50728,43.3706,1686.0,Türkiye,VAN_TUSBA,urban-centre,background,UTC+03,19/10/2005 00:00:00,,Turkey Air Quality Network,NET-TR001A
TR0114A,YALOVA,40.65333,29.26,5.0,Türkiye,YALOVA,urban-centre,background,UTC+03,25/02/2007 00:00:00,,Turkey Air Quality Network,NET-TR001A
TR0115A,YOZGAT,39.81886,34.80572,1288.0,Türkiye,YOZGAT,urban-centre,background,UTC+03,16/02/2005 00:00:00,,Turkey Air Quality Network,NET-TR001A
TR0117A,IZMIR-BAYRAKLI,38.46222,27.16666,5.0,Türkiye,IZMIR,urban-centre,background,UTC+03,20/01/2010 00:00:00,,Turkey Air Quality Network,NET-TR001A
TR0118A,HATAY-ISKENDERUN,36.71414,36.22391,99.0,Türkiye,,urban-periphery,industrial,UTC+03,14/01/2011 00:00:00,,Turkey Air Quality Network,NET-TR001A
TR0119A,MANISA-SOMA,39.18141,27.61291,175.0,Türkiye,,urban-centre,background,UTC+03,29/11/2011 00:00:00,,Turkey Air Quality Network,NET-TR001A
TR030241,AFYON-SELCUK CAMI,38.77349,30.52801,1008.0,Türkiye,,urban-centre,background,UTC+03,01/01/2020 00:00:00,,Turkey Air Quality Network,NET-TR001A
TR030341,AFYON-SANDIKLI,38.46048,30.26878,1083.0,Türkiye,,urban-centre,background,UTC+03,01/01/2020 00:00:00,,Turkey Air Quality Network,NET-TR001A
TR030441,AFYON-KARAYOLLARI PARKI ,38.74765,30.5529,1016.0,Türkiye,AFYONKARAHISAR,urban-centre,background,UTC+03,01/01/2020 00:00:00,,Turkey Air Quality Network,NET-TR001A
TR040241,AGRI-DOGUBAYAZIT,39.5476,44.0836,1592.0,Türkiye,,urban-centre,background,UTC+03,23/02/2016 14:00:00,,Turkey Air Quality Network,NET-TR001A
TR040341,AGRI-PATNOS,39.23658,42.85301,1637.0,Türkiye,,urban-centre,background,UTC+03,22/02/2016 23:00:00,,Turkey Air Quality Network,NET-TR001A
TR050241,AMASYA-MERZIFON,40.87433,35.45747,747.0,Türkiye,,urban-centre,background,UTC+03,13/02/2015 00:00:00,,Turkey Air Quality Network,NET-TR001A
TR050341,AMASYA-SULUOVA,40.83683,35.65183,581.0,Türkiye,,urban-centre,background,UTC+03,13/10/2015 00:00:00,,Turkey Air Quality Network,NET-TR001A
TR050431,AMASYA-SEHZADE,40.65722,35.83796,405.0,Türkiye,AMASYA,urban-centre,traffic,UTC+03,05/06/2015 00:00:00,,Turkey Air Quality Network,NET-TR001A
TR060313,ANKARA-CUBUK,40.29075,33.01726,1144.0,Türkiye,,rural,background,UTC+03,26/11/2006 00:00:00,,Turkey Air Quality Network,NET-TR001A
TR061041,ANKARA-BATIKENT,39.95375,32.72639,852.0,Türkiye,ANKARA,urban-centre,background,UTC+03,01/01/2020 00:00:00,,Turkey Air Quality Network,NET-TR001A
TR061141,ANKARA-ETIMESGUT,39.93981,32.64003,823.0,Türkiye,ANKARA,urban-centre,background,UTC+03,01/01/2020 00:00:00,,Turkey Air Quality Network,NET-TR001A
TR061241,ANKARA-ETLIK,39.97384,32.82277,919.0,Türkiye,ANKARA,urban-centre,background,UTC+03,01/01/2020 00:00:00,,Turkey Air Quality Network,NET-TR001A
TR061341,ANKARA-MAMAK,39.91679,32.89392,930.0,Türkiye,ANKARA,urban-centre,background,UTC+03,01/01/2020 00:00:00,,Turkey Air Quality Network,NET-TR001A
TR061421,ANKARA-OSTIM,39.98161,32.74425,868.0,Türkiye,ANKARA,urban-centre,industrial,UTC+03,01/01/2020 00:00:00,,Turkey Air Quality Network,NET-TR001A
TR061541,ANKARA-POLATLI,39.57661,32.12946,853.0,Türkiye,ANKARA,urban-centre,background,UTC+03,01/01/2020 00:00:00,,Turkey Air Quality Network,NET-TR001A
TR061622,ANKARA-TOREKENT,39.98379,32.57651,794.0,Türkiye,ANKARA,urban-centre,industrial,UTC+03,01/01/2020 00:00:00,,Turkey Air Quality Network,NET-TR001A
TR061721,ANKARA-SITELER,39.96458,32.90718,949.0,Türkiye,ANKARA,urban-centre,industrial,UTC+03,01/01/2018 00:00:00,,Turkey Air Quality Network,NET-TR001A
TR061842,ANKARA-UMITKOY,39.86104,32.64059,1016.0,Türkiye,ANKARA,urban-centre,background,UTC+03,01/01/2020 00:00:00,,Turkey Air Quality Network,NET-TR001A
TR061941,ANKARA ÇANKAYA,39.87109,32.85775,1103.0,Türkiye,ANKARA,urban-centre,background,UTC+03,01/01/2018 00:00:00,,Turkey Air Quality Network,NET-TR001A
TR062041,ANKARA-SANATORYUM,39.99886,32.85617,1006.0,Türkiye,ANKARA,urban-centre,background,UTC+03,01/01/2018 00:00:00,,Turkey Air Quality Network,NET-TR001A
TR062131,ANKARA-ULUS,39.94008,32.84985,849.0,Türkiye,ANKARA,urban-centre,traffic,UTC+03,01/01/2020 00:00:00,,Turkey Air Quality Network,NET-TR001A
TR070231,ANTALYA-TRAFIK,36.88873,30.68358,47.0,Türkiye,ANTALYA,urban-centre,traffic,UTC+03,01/01/2020 00:00:00,,Turkey Air Quality Network,NET-TR001A
TR070341,ANTALYA-ALANYA,36.55507,31.98648,18.0,Türkiye,ANTALYA,urban-centre,background,UTC+03,01/01/2020 00:00:00,,Turkey Air Quality Network,NET-TR001A
TR070441,ANTALYA-MANAVGAT,36.78972,31.45267,6.0,Türkiye,ANTALYA,urban-centre,background,UTC+03,01/01/2020 00:00:00,,Turkey Air Quality Network,NET-TR001A
TR070541,ANTALYA-SERIK,36.91817,31.09291,24.0,Türkiye,ANTALYA,urban-centre,background,UTC+03,01/01/2020 00:00:00,,Turkey Air Quality Network,NET-TR001A
TR070622,ANTALYA-KUMLUCA,36.31744,30.27707,1.0,Türkiye,ANTALYA,urban-periphery,background,UTC+03,01/01/2020 00:00:00,,Turkey Air Quality Network,NET-TR001A
TR070741,ANTALYA-KEPEZ ,36.91488,30.70043,67.0,Türkiye,ANTALYA,urban-centre,background,UTC+03,01/01/2020 00:00:00,,Turkey Air Quality Network,NET-TR001A
TR070813,ANTALYA-GAZIPASA,36.28108,32.28729,181.0,Türkiye,ANTALYA,rural,background,UTC+03,01/01/2020 00:00:00,,Turkey Air Quality Network,NET-TR001A
TR070941,ANTALYA-MURATPAŞA,36.89236,30.73342,48.0,Türkiye,ANTALYA,urban-centre,background,UTC+03,01/01/2020 00:00:00,,Turkey Air Quality Network,NET-TR001A
TR080213,ARTVİN-HOPA,41.4668,41.49073,136.0,Türkiye,,rural,background,UTC+03,24/01/2016 12:00:00,,Turkey Air Quality Network,NET-TR001A
TR090231,AYDIN-ADNAN MENDERES BULVARI,37.83935,27.84537,51.0,Türkiye,AYDIN,urban-centre,traffic,UTC+03,01/01/2020 00:00:00,,Turkey Air Quality Network,NET-TR001A
TR090313,AYDIN-DIDIM,37.35899,27.20773,10.0,Türkiye,AYDIN,rural,background,UTC+03,01/01/2020 00:00:00,,Turkey Air Quality Network,NET-TR001A
TR090441,AYDIN-EFELER,37.83418,27.84087,40.0,Türkiye,AYDIN,urban-centre,background,UTC+03,01/01/2020 00:00:00,,Turkey Air Quality Network,NET-TR001A
TR090513,AYDIN-GERMENCIK,37.86324,27.6643,45.0,Türkiye,AYDIN,rural,background,UTC+03,01/01/2020 00:00:00,,Turkey Air Quality Network,NET-TR001A
TR090641,AYDIN-NAZILLI,37.90858,28.32192,76.0,Türkiye,AYDIN,urban-centre,background,UTC+03,01/01/2020 00:00:00,,Turkey Air Quality Network,NET-TR001A
TR090741,AYDIN-SOKE,37.75258,27.41119,36.0,Türkiye,AYDIN,urban-centre,background,UTC+03,01/01/2020 00:00:00,,Turkey Air Quality Network,NET-TR001A
TR100241,BALIKESIR-BANDIRMA-MTHM,40.34795,27.97496,38.0,Türkiye,,urban-centre,background,UTC+03,01/03/2013 00:00:00,,Turkey Air Quality Network,NET-TR001A
TR100313,BALIKESIR-ERDEK-MTHM,40.48972,27.97861,61.0,Türkiye,,rural,background,UTC+03,01/03/2013 00:00:00,,Turkey Air Quality Network,NET-TR001A
TR100411,BALIKESİR EDREMİT MTHM,39.59962,27.00396,24.0,Türkiye,,urban-centre,background,UTC+03,10/11/2017 16:00:00,,Turkey Air Quality Network,NET-TR001A
TR100531,BALIKESİR TRAFİK MTHM,39.64867,27.89047,132.0,Türkiye,BALIKESIR,urban-centre,traffic,UTC+03,08/11/2017 12:00:00,,Turkey Air Quality Network,NET-TR001A
TR110241,BILECIK-BOZOYUK-MTHM,39.90395,30.05295,755.0,Türkiye,,urban-centre,background,UTC+03,01/03/2013 00:00:00,,Turkey Air Quality Network,NET-TR001A
TR140213,BOLU-ABANT,40.6039,31.25997,1385.0,Türkiye,,rural,background,UTC+03,01/01/2020 00:00:00,,Turkey Air Quality Network,NET-TR001A
TR140331,BOLU-KIZILAY PARKI,40.73239,31.59952,733.0,Türkiye,BOLU,urban-centre,traffic,UTC+03,01/01/2020 00:00:00,,Turkey Air Quality Network,NET-TR001A
TR140441,BOLU KARAÇAYIR PARKI,40.72622,31.60489,715.0,Türkiye,BOLU,urban-centre,background,UTC+03,01/01/2018 00:00:00,,Turkey Air Quality Network,NET-TR001A
TR150241,BURDUR-BUCAK,37.45272,30.56742,796.0,Türkiye,,urban-centre,background,UTC+03,01/01/2020 00:00:00,,Turkey Air Quality Network,NET-TR001A
TR160231,BURSA-BEYAZIT CAD.-MTHM,40.18565,29.08049,189.0,Türkiye,BURSA,urban-centre,traffic,UTC+03,01/03/2013 00:00:00,,Turkey Air Quality Network,NET-TR001A
TR160341,BURSA-INEGOL-MTHM,40.08089,29.50024,289.0,Türkiye,,urban-centre,background,UTC+03,01/03/2013 00:00:00,,Turkey Air Quality Network,NET-TR001A
TR160421,BURSA-KESTEL-MTHM,40.19542,29.2054,131.0,Türkiye,,urban-centre,industrial,UTC+03,01/03/2013 00:00:00,,Turkey Air Quality Network,NET-TR001A
TR160512,BURSA-KULTUR PARK-MTHM,40.19572,29.04588,143.0,Türkiye,BURSA,urban-periphery,background,UTC+03,01/03/2013 00:00:00,,Turkey Air Quality Network,NET-TR001A
TR160613,BURSA-ULUDAG UNIV.-MTHM,40.22337,28.87154,87.0,Türkiye,BURSA,rural,background,UTC+03,21/02/2013 00:00:00,,Turkey Air Quality Network,NET-TR001A
TR170221,CANAKKALE-CAN-MTHM,40.02925,27.0498,82.0,Türkiye,,urban-centre,industrial,UTC+03,02/03/2013 00:00:00,,Turkey Air Quality Network,NET-TR001A
TR170313,CANAKKALE-LAPSEKI-MTHM,40.40307,26.77063,12.0,Türkiye,,rural,background,UTC+03,01/03/2013 00:00:00,,Turkey Air Quality Network,NET-TR001A
TR170541,Çanakkale-Biga,40.21507,27.24272,28.0,Türkiye,,urban-centre,background,UTC+03,21/11/2018 17:00:00,,Turkey Air Quality Network,NET-TR001A
TR190231,CORUM-BAHABEY,40.54655,34.96729,838.0,Türkiye,CORUM,urban-centre,traffic,UTC+03,02/06/2015 00:00:00,,Turkey Air Quality Network,NET-TR001A
TR190321,CORUM-MIMAR SINAN,40.53143,34.9443,793.0,Türkiye,CORUM,urban-centre,industrial,UTC+03,23/01/2015 00:00:00,,Turkey Air Quality Network,NET-TR001A
TR200341,DENIZLI-CIVRIL,38.30052,29.73718,829.0,Türkiye,DENIZLI,urban-centre,background,UTC+03,01/01/2020 00:00:00,,Turkey Air Quality Network,NET-TR001A
TR200441,DENIZLI-HONAZ,37.75634,29.26468,572.0,Türkiye,DENIZLI,urban-centre,background,UTC+03,01/01/2020 00:00:00,,Turkey Air Quality Network,NET-TR001A
TR200541,DENIZLI-SUMER,37.78856,29.09326,346.0,Türkiye,DENIZLI,urban-centre,background,UTC+03,01/01/2020 00:00:00,,Turkey Air Quality Network,NET-TR001A
TR200631,DENIZLI-TRAFIK,37.7672,29.09593,402.0,Türkiye,DENIZLI,urban-centre,traffic,UTC+03,01/01/2020 00:00:00,,Turkey Air Quality Network,NET-TR001A
TR220213,EDIRNE-KARAAGAC-MTHM,41.65914,26.53732,36.0,Türkiye,,urban-centre,background,UTC+03,01/03/2013 00:00:00,,Turkey Air Quality Network,NET-TR001A
TR220341,EDIRNE-KESAN-MTHM,40.85121,26.63529,133.0,Türkiye,,urban-centre,background,UTC+03,01/03/2013 00:00:00,,Turkey Air Quality Network,NET-TR001A
TR240231,ERZİNCAN-TRAFİK,39.74644,39.49707,1206.0,Türkiye,ERZURUM,urban-centre,traffic,UTC+03,07/01/2016 19:00:00,,Turkey Air Quality Network,NET-TR001A
TR250241,ERZURUM-AZİZİYE,39.91837,41.27034,1852.0,Türkiye,ERZURUM,urban-centre,background,UTC+03,10/01/2016 23:00:00,,Turkey Air Quality Network,NET-TR001A
TR250311,ERZURUM-PALANDÖKEN,39.86769,41.27527,2164.0,Türkiye,ERZURUM,urban-periphery,background,UTC+03,07/01/2016 00:00:00,,Turkey Air Quality Network,NET-TR001A
TR250413,ERZURUM-PASİNLER,40.03345,41.57212,1862.0,Türkiye,,rural,background,UTC+03,12/01/2016 18:00:00,,Turkey Air Quality Network,NET-TR001A
TR250531,ERZURUM-TAŞHAN,39.90833,41.27323,1905.0,Türkiye,ERZURUM,urban-centre,traffic,UTC+03,09/01/2016 19:00:00,,Turkey Air Quality Network,NET-TR001A
TR260231,ESKISEHIR-CUMHURİYET BULVARI,39.76635,30.52981,801.0,Türkiye,ESKISEHIR,urban-centre,traffic,UTC+03,01/01/2020 00:00:00,,Turkey Air Quality Network,NET-TR001A
TR260322,ESKISEHIR-METIN SONMEZ,39.71473,30.61751,897.0,Türkiye,ESKISEHIR,urban-centre,industrial,UTC+03,01/01/2020 00:00:00,,Turkey Air Quality Network,NET-TR001A
TR260441,ESKİŞEHİR-ODUNPAZARI,39.75777,30.56396,803.0,Türkiye,ESKISEHIR,urban-centre,background,UTC+03,01/01/2018 00:00:00,,Turkey Air Quality Network,NET-TR001A
TR260541,ESKISEHIR-VISNEPARK,39.76482,30.49723,793.0,Türkiye,ESKISEHIR,urban-centre,background,UTC+03,01/01/2020 00:00:00,,Turkey Air Quality Network,NET-TR001A
TR260641,ESKISEHIR-TEPEBASI,39.78056,30.50111,791.0,Türkiye,ESKISEHIR,urban-centre,background,UTC+03,01/01/2020 00:00:00,,Turkey Air Quality Network,NET-TR001A
TR270221,GAZIANTEP-ATAPARK,37.08863,37.42583,837.0,Türkiye,GAZIANTEP,urban-centre,industrial,UTC+03,27/01/2020 00:00:00,,Turkey Air Quality Network,NET-TR001A
TR270341,GAZIANTEP-BEYDILLI,37.04439,37.39557,902.0,Türkiye,GAZIANTEP,urban-centre,background,UTC+03,01/01/2020 00:00:00,,Turkey Air Quality Network,NET-TR001A
TR270441,GAZIANTEP-NIZIP,37.0099,37.80394,532.0,Türkiye,GAZIANTEP,urban-centre,background,UTC+03,12/03/2021 00:00:00,,Turkey Air Quality Network,NET-TR001A
TR270541,GAZIANTEP-GASKI D6,37.04713,37.35908,934.0,Türkiye,GAZIANTEP,urban-centre,background,UTC+03,12/03/2021 00:00:00,,Turkey Air Quality Network,NET-TR001A
TR270631,GAZIANTEP-FEVZI CAKMAK BULVARI,37.07798,37.3546,864.0,Türkiye,GAZIANTEP,urban-centre,traffic,UTC+03,01/01/2020 00:00:00,,Turkey Air Quality Network,NET-TR001A
TR280241,GIRESUN-GEMILERCEKEGI,40.91444,38.39856,38.0,Türkiye,GIRESUN,urban-centre,background,UTC+03,12/02/2015 00:00:00,,Turkey Air Quality Network,NET-TR001A
TR310341,HATAY-ISKENDERUN MERKEZ,36.57977,36.16685,6.0,Türkiye,HATAY,urban-centre,background,UTC+03,06/05/2021 00:00:00,,Turkey Air Quality Network,NET-TR001A
TR310431,HATAY-VALI KAVSAGI,36.20836,36.15912,102.0,Türkiye,HATAY,urban-centre,traffic,UTC+03,30/04/2020 00:00:00,,Turkey Air Quality Network,NET-TR001A
TR310541,HATAY-ANTAKYA,36.21127,36.13827,68.0,Türkiye,HATAY,urban-centre,background,UTC+03,01/01/2020 00:00:00,,Turkey Air Quality Network,NET-TR001A
TR320341,ISPARTA-OKUL,37.76025,30.57941,1018.0,Türkiye,ISPARTA,urban-centre,background,UTC+03,01/01/2020 00:00:00,,Turkey Air Quality Network,NET-TR001A
TR330231,MERSIN-ISTIKLAL CAD.,36.79604,34.62374,7.0,Türkiye,MERSIN,urban-centre,traffic,UTC+03,01/01/2020 00:00:00,,Turkey Air Quality Network,NET-TR001A
TR330341,MERSIN-TARSUS,36.91168,34.88758,15.0,Türkiye,MERSIN,urban-centre,background,UTC+03,01/01/2020 00:00:00,,Turkey Air Quality Network,NET-TR001A
TR330441,MERSIN-AKDENIZ,36.82851,34.641,25.0,Türkiye,MERSIN,urban-centre,background,UTC+03,01/01/2020 00:00:00,,Turkey Air Quality Network,NET-TR001A
TR330541,MERSIN-TOROSLAR,36.82864,34.5991,85.0,Türkiye,MERSIN,urban-centre,background,UTC+03,01/01/2020 00:00:00,,Turkey Air Quality Network,NET-TR001A
TR330622,MERSIN-HUZURKENT,36.87656,34.81422,18.0,Türkiye,MERSIN,urban-periphery,industrial,UTC+03,01/01/2020 00:00:00,,Turkey Air Quality Network,NET-TR001A
TR330713,MERSIN-TASUCU,36.30296,33.91814,3.0,Türkiye,MERSIN,rural,background,UTC+03,01/01/2020 00:00:00,,Turkey Air Quality Network,NET-TR001A
TR330841,MERSİN-YENİŞEHİR,36.7737,34.55799,14.0,Türkiye,MERSİN,urban-centre,background,UTC+03,01/01/2020 00:00:00,,Turkey Air Quality Network,NET-TR001A
TR340141,ISTANBUL-BASAKSEHIR-MTHM,41.09552,28.78986,142.0,Türkiye,ISTANBUL,urban-centre,background,UTC+03,01/03/2013 00:00:00,,Turkey Air Quality Network,NET-TR001A
TR340241,ISTANBUL-ESENYURT-MTHM,41.02028,28.66955,36.0,Türkiye,ISTANBUL,urban-centre,background,UTC+03,01/03/2013 00:00:00,,Turkey Air Quality Network,NET-TR001A
TR340341,ISTANBUL-KAGITHANE-MTHM,41.09233,28.97478,91.0,Türkiye,ISTANBUL,urban-centre,background,UTC+03,01/03/2013 00:00:00,,Turkey Air Quality Network,NET-TR001A
TR340411,ISTANBUL-KANDILLI-MTHM,41.0746,29.05899,9.0,Türkiye,ISTANBUL,rural,background,UTC+03,01/03/2013 00:00:00,,Turkey Air Quality Network,NET-TR001A
TR340531,ISTANBUL-MECIDIYEKOY-MTHM,41.06596,28.99446,120.0,Türkiye,ISTANBUL,urban-centre,traffic,UTC+03,01/03/2013 00:00:00,,Turkey Air Quality Network,NET-TR001A
TR340611,ISTANBUL-SILIVRI-MTHM,41.07318,28.25554,35.0,Türkiye,ISTANBUL,urban-centre,background,UTC+03,01/03/2013 00:00:00,,Turkey Air Quality Network,NET-TR001A
TR340741,ISTANBUL-SULTANBEYLI-MTHM,40.98447,29.26881,128.0,Türkiye,ISTANBUL,urban-centre,background,UTC+03,01/03/2013 00:00:00,,Turkey Air Quality Network,NET-TR001A
TR340841,ISTANBUL-SULTANGAZI-MTHM,41.10197,28.87202,128.0,Türkiye,ISTANBUL,urban-centre,background,UTC+03,01/03/2013 00:00:00,,Turkey Air Quality Network,NET-TR001A
TR340913,ISTANBUL-SILE-MTHM,41.17046,29.56336,68.0,Türkiye,ISTANBUL,rural,background,UTC+03,01/03/2013 00:00:00,,Turkey Air Quality Network,NET-TR001A
TR341031,ISTANBUL-SIRINEVLER-MTHM,41.00245,28.83866,33.0,Türkiye,ISTANBUL,urban-centre,traffic,UTC+03,01/03/2013 00:00:00,,Turkey Air Quality Network,NET-TR001A
TR341131,ISTANBUL-UMRANIYE-MTHM,41.02442,29.09973,151.0,Türkiye,ISTANBUL,urban-centre,traffic,UTC+03,01/03/2013 00:00:00,,Turkey Air Quality Network,NET-TR001A
TR341231,ISTANBUL-USKUDAR-MTHM,41.02705,29.02489,44.0,Türkiye,ISTANBUL,urban-centre,traffic,UTC+03,01/03/2013 00:00:00,,Turkey Air Quality Network,NET-TR001A
TR341713,ISTANBUL-BUYUKADA,40.85787,29.12099,61.0,Türkiye,ISTANBUL,rural,background,UTC+03,09/10/2013 00:00:00,,Turkey Air Quality Network,NET-TR001A
TR341931,ISTANBUL-GOZTEPE,40.99431,29.06945,17.0,Türkiye,ISTANBUL,urban-centre,traffic,UTC+03,22/04/2014 00:00:00,,Turkey Air Quality Network,NET-TR001A
TR342141,ISTANBUL-KAGITHANE,41.08773,28.98277,11.0,Türkiye,ISTANBUL,urban-centre,background,UTC+03,23/05/2014 00:00:00,,Turkey Air Quality Network,NET-TR001A
TR342213,ISTANBUL-KANDILLI,41.06306,29.06445,133.0,Türkiye,ISTANBUL,urban-centre,background,UTC+03,06/02/2015 00:00:00,,Turkey Air Quality Network,NET-TR001A
TR342841,ISTANBUL-AVCILAR,40.98729,28.72956,73.0,Türkiye,ISTANBUL,urban-centre,background,UTC+03,01/01/2019 00:00:00,,Turkey Air Quality Network,NET-TR001A
TR342931,ISTANBUL-CATLADIKAPI,41.0025,28.97528,7.0,Türkiye,ISTANBUL,urban-centre,traffic,UTC+03,01/01/2019 00:00:00,,Turkey Air Quality Network,NET-TR001A
TR343041,ISTANBUL-KUMKOY,41.25112,29.03828,5.0,Türkiye,,rural,background,UTC+03,01/01/2019 00:00:00,,Turkey Air Quality Network,NET-TR001A
TR343131,ISTANBUL-MASLAK,41.10132,29.02449,68.0,Türkiye,ISTANBUL,urban-centre,traffic,UTC+03,01/01/2019 00:00:00,,Turkey Air Quality Network,NET-TR001A
TR343241,ISTANBUL-SELIMIYE,41.00382,29.02691,17.0,Türkiye,ISTANBUL,urban-centre,background,UTC+03,01/01/2019 00:00:00,,Turkey Air Quality Network,NET-TR001A
TR343611,ISTANBUL-ARNAVUTKOY,41.2209,28.7075,139.0,Türkiye,,urban-periphery,background,UTC+03,01/01/2019 00:00:00,,Turkey Air Quality Network,NET-TR001A
TR343741,ISTANBUL-BAGCILAR,41.0327,28.8429,54.0,Türkiye,ISTANBUL,urban-centre,background,UTC+03,01/01/2019 00:00:00,,Turkey Air Quality Network,NET-TR001A
TR343841,ISTANBUL-SANCAKTEPE,41.0032,29.2259,112.0,Türkiye,,urban-centre,background,UTC+03,01/01/2019 00:00:00,,Turkey Air Quality Network,NET-TR001A
TR343941,ISTANBUL-TUZLA,40.8431,29.3026,10.0,Türkiye,,urban-centre,background,UTC+03,01/01/2019 00:00:00,,Turkey Air Quality Network,NET-TR001A
TR350213,IZMIR-SEFERIHISAR,38.20344,26.83285,35.0,Türkiye,,rural,background,UTC+03,28/02/2007 00:00:00,,Turkey Air Quality Network,NET-TR001A
TR351021,IZMIR-ALIAGA,38.79425,26.9648,19.0,Türkiye,IZMIR,urban-centre,industrial,UTC+03,01/01/2020 00:00:00,,Turkey Air Quality Network,NET-TR001A
TR351122,IZMIR-ALIAGA-BOZKOY,38.72233,26.96566,142.0,Türkiye,IZMIR-ALIAGA,urban-periphery,industrial,UTC+03,01/01/2020 00:00:00,,Turkey Air Quality Network,NET-TR001A
TR351221,IZMIR-BORNOVA-UHKIA,38.45374,27.23257,35.0,Türkiye,IZMIR-BORNOVA,urban-centre,industrial,UTC+03,01/01/2020 00:00:00,,Turkey Air Quality Network,NET-TR001A
TR351313,IZMIR-CESME,38.37055,26.31424,11.0,Türkiye,IZMIR,rural,background,UTC+03,01/01/2020 00:00:00,,Turkey Air Quality Network,NET-TR001A
TR351441,IZMIR-KARABAGLAR,38.3814,27.10526,95.0,Türkiye,IZMIR,urban-centre,background,UTC+03,01/01/2020 00:00:00,,Turkey Air Quality Network,NET-TR001A
TR351513,IZMIR-KARABURUN,38.6246,26.53145,9.0,Türkiye,IZMIR,rural,background,UTC+03,01/01/2020 00:00:00,,Turkey Air Quality Network,NET-TR001A
TR351631,IZMIR-KARSIYAKA-UHKIA,38.46261,27.11511,8.0,Türkiye,IZMIR-KARSIYAKA,urban-centre,traffic,UTC+03,01/01/2020 00:00:00,,Turkey Air Quality Network,NET-TR001A
TR351721,IZMIR-KEMALPASA,38.43072,27.41267,186.0,Türkiye,IZMIR,urban-centre,background,UTC+03,01/01/2020 00:00:00,,Turkey Air Quality Network,NET-TR001A
TR351831,IZMIR-KONAK,38.42423,27.13877,6.0,Türkiye,IZMIR,urban-centre,traffic,UTC+03,01/01/2020 00:00:00,,Turkey Air Quality Network,NET-TR001A
TR351941,IZMIR-MENEMEN,38.61005,27.07831,13.0,Türkiye,IZMIR,urban-centre,background,UTC+03,01/01/2020 00:00:00,,Turkey Air Quality Network,NET-TR001A
TR352041,IZMIR-ODEMIS,38.22695,27.97062,130.0,Türkiye,IZMIR,urban-centre,background,UTC+03,01/01/2020 00:00:00,,Turkey Air Quality Network,NET-TR001A
TR352141,IZMIR-TORBALI,38.14547,27.36288,27.0,Türkiye,IZMIR,urban-centre,background,UTC+03,01/01/2020 00:00:00,,Turkey Air Quality Network,NET-TR001A
TR352222,IZMIR-YENIFOCA,38.74462,26.83205,4.0,Türkiye,IZMIR,urban-periphery,background,UTC+03,01/01/2020 00:00:00,,Turkey Air Quality Network,NET-TR001A
TR360231,KARS-TRAFİK,40.60096,43.09682,1757.0,Türkiye,KARS,urban-centre,traffic,UTC+03,19/02/2016 15:00:00,,Turkey Air Quality Network,NET-TR001A
TR370213,KASTAMONU-AZDAVAY,41.68208,33.49359,1224.0,Türkiye,,rural,background,UTC+03,01/01/2020 00:00:00,,Turkey Air Quality Network,NET-TR001A
TR380431,KAYSERİ-TRAFİK,38.7173,35.48689,1063.0,Türkiye,KAYSERİ,urban-centre,traffic,UTC+03,10/01/2019 19:00:00,,Turkey Air Quality Network,NET-TR001A
TR380541,KAYSERI-KOCASINAN,38.7446,35.48192,1050.0,Türkiye,KAYSERI,urban-centre,background,UTC+03,01/01/2020 00:00:00,,Turkey Air Quality Network,NET-TR001A
TR380641,KAYSERI-TALAS,38.69895,35.55344,1115.0,Türkiye,KAYSERI,urban-centre,background,UTC+03,01/01/2020 00:00:00,,Turkey Air Quality Network,NET-TR001A
TR390213,KIRKLARELI-VIZE,41.56345,27.7775,149.0,Türkiye,,rural,background,UTC+03,06/06/2006 00:00:00,,Turkey Air Quality Network,NET-TR001A
TR390313,KIRKLARELI-LIMANKOY-MTHM,41.88515,28.05599,28.0,Türkiye,,rural,background,UTC+03,01/03/2013 00:00:00,,Turkey Air Quality Network,NET-TR001A
TR390441,KIRKLARELI-LULEBURGAZ-MTHM,41.39841,27.34588,56.0,Türkiye,,urban-centre,background,UTC+03,01/03/2013 00:00:00,,Turkey Air Quality Network,NET-TR001A
TR410641,KOCAELI-ALIKAHYA-MTHM,40.77101,30.0077,8.0,Türkiye,KOCAELI,urban-centre,background,UTC+03,01/03/2013 00:00:00,,Turkey Air Quality Network,NET-TR001A
TR410741,KOCAELI-GOLCUK-MTHM,40.72597,29.79463,3.0,Türkiye,KOCAELI,urban-centre,background,UTC+03,01/03/2013 00:00:00,,Turkey Air Quality Network,NET-TR001A
TR410831,KOCAELI-IZMIT-MTHM,40.76811,29.93812,17.0,Türkiye,KOCAELI,urban-centre,traffic,UTC+03,01/03/2013 00:00:00,,Turkey Air Quality Network,NET-TR001A
TR410913,KOCAELI-KANDIRA-MTHM,41.13075,30.00658,33.0,Türkiye,KOCAELI,rural,background,UTC+03,23/05/2014 00:00:00,,Turkey Air Quality Network,NET-TR001A
TR411021,KOCAELI-KORFEZ-MTHM,40.74604,29.7888,4.0,Türkiye,KOCAELI,urban-centre,industrial,UTC+03,01/03/2013 00:00:00,,Turkey Air Quality Network,NET-TR001A
TR411122,KOCAELI-YENIKOY-MTHM,40.70417,29.88448,25.0,Türkiye,KOCAELI,urban-centre,industrial,UTC+03,01/03/2013 00:00:00,,Turkey Air Quality Network,NET-TR001A
TR411241,KOCAELİ GEBZE MTHM,40.81083,29.43655,161.0,Türkiye,,urban-centre,background,UTC+03,14/11/2017 16:00:00,,Turkey Air Quality Network,NET-TR001A
TR411322,KOCAELİ GEBZE OSB MTHM,40.84579,29.42514,258.0,Türkiye,,urban-periphery,industrial,UTC+03,11/11/2018 21:00:00,,Turkey Air Quality Network,NET-TR001A
TR420341,KONYA-KARATAY BLD,37.86819,32.51631,1014.0,Türkiye,KONYA,urban-centre,background,UTC+03,05/09/2014 00:00:00,,Turkey Air Quality Network,NET-TR001A
TR420441,KONYA-SELCUKLU BLD,37.9159,32.50016,1021.0,Türkiye,KONYA,urban-centre,background,UTC+03,05/09/2014 00:00:00,,Turkey Air Quality Network,NET-TR001A
TR420641,KONYA-AKSEHIR,38.35565,31.42027,1027.0,Türkiye,KONYA,urban-centre,background,UTC+03,01/01/2020 00:00:00,,Turkey Air Quality Network,NET-TR001A
TR420741,KONYA-EREGLI,37.51218,34.04391,1050.0,Türkiye,KONYA,urban-centre,background,UTC+03,01/01/2020 00:00:00,,Turkey Air Quality Network,NET-TR001A
TR420831,KONYA-TRAFIK,37.88828,32.49365,1016.0,Türkiye,KONYA,urban-centre,traffic,UTC+03,01/01/2020 00:00:00,,Turkey Air Quality Network,NET-TR001A
TR420921,KONYA-KARATAY-SUNAY PARK,37.84448,32.51334,1016.0,Türkiye,KONYA-KARATAY,urban-centre,industrial,UTC+03,01/01/2020 00:00:00,,Turkey Air Quality Network,NET-TR001A
TR421113,KONYA-SARAYONU,38.49413,32.45754,1031.0,Türkiye,KONYA,rural,background,UTC+03,01/01/2020 00:00:00,,Turkey Air Quality Network,NET-TR001A
TR421341,KONYA-KARKENT,37.89979,32.52887,1007.0,Türkiye,KONYA,urban-centre,background,UTC+03,01/01/2020 00:00:00,,Turkey Air Quality Network,NET-TR001A
TR430131,KUTAHYA-ATATÜRK BULVARI,39.42355,29.98881,942.0,Türkiye,KUTAHYA,urban-centre,traffic,UTC+03,01/01/2020 00:00:00,,Turkey Air Quality Network,NET-TR001A
TR430241,KUTAHYA-HAYMENANA CAD.,39.41196,30.00848,934.0,Türkiye,KUTAHYA,urban-centre,background,UTC+03,01/01/2020 00:00:00,,Turkey Air Quality Network,NET-TR001A
TR430341,KÜTAHYA KENTPARK,39.42804,29.96971,935.0,Türkiye,KÜTAHYA,urban-centre,background,UTC+03,01/01/2018 00:00:00,,Turkey Air Quality Network,NET-TR001A
TR430441,KUTAHYA-TAVSANLI,39.54215,29.49241,838.0,Türkiye,,urban-centre,background,UTC+03,01/01/2020 00:00:00,,Turkey Air Quality Network,NET-TR001A
TR450341,MANISA-AKHISAR,38.92639,27.84023,105.0,Türkiye,MANISA,urban-centre,background,UTC+03,01/01/2020 00:00:00,,Turkey Air Quality Network,NET-TR001A
TR450413,MANISA-ALASEHIR,38.43789,28.51674,191.0,Türkiye,MANISA,rural,background,UTC+03,01/01/2020 00:00:00,,Turkey Air Quality Network,NET-TR001A
TR450522,MANISA-KIRKAGAC,39.08393,27.79411,217.0,Türkiye,MANISA,urban-periphery,industrial,UTC+03,01/01/2020 00:00:00,,Turkey Air Quality Network,NET-TR001A
TR450641,MANISA-SALIHLI,38.48153,28.15994,113.0,Türkiye,MANISA,urban-centre,background,UTC+03,01/01/2020 00:00:00,,Turkey Air Quality Network,NET-TR001A
TR450741,MANISA-TURGUTLU,38.50016,27.70904,81.0,Türkiye,MANISA,urban-centre,background,UTC+03,01/01/2020 00:00:00,,Turkey Air Quality Network,NET-TR001A
TR450831,MANISA-ULUPARK,38.61296,27.42649,64.0,Türkiye,MANISA,urban-centre,traffic,UTC+03,01/01/2020 00:00:00,,Turkey Air Quality Network,NET-TR001A
TR450921,MANISA-YUNUSEMRE,38.6272,27.38608,68.0,Türkiye,MANISA,urban-centre,industrial,UTC+03,01/01/2020 00:00:00,,Turkey Air Quality Network,NET-TR001A
TR460331,KAHRAMANMARAS-KENT MEYDANI,37.58243,36.92601,554.0,Türkiye,KAHRAMANMARAS,urban-centre,traffic,UTC+03,30/04/2020 00:00:00,,Turkey Air Quality Network,NET-TR001A
TR460441,KAHRAMANMARAS-DULKADIROGLU,37.56874,36.95031,545.0,Türkiye,KAHRAMANMARAS,urban-centre,background,UTC+03,30/04/2020 00:00:00,,Turkey Air Quality Network,NET-TR001A
TR460541,KAHRAMANMARAŞ-ONİKİŞUBAT,37.58506,36.89861,688.0,Türkiye,KAHRAMANMARAŞ,urban-centre,background,UTC+03,01/01/2020 00:00:00,,Turkey Air Quality Network,NET-TR001A
TR480313,MUGLA-DATCA,36.77537,27.96003,501.0,Türkiye,MUGLA,rural,background,UTC+03,01/01/2020 00:00:00,,Turkey Air Quality Network,NET-TR001A
TR480441,MUGLA-FETHIYE,36.6266,29.12879,11.0,Türkiye,MUGLA,urban-centre,background,UTC+03,01/01/2020 00:00:00,,Turkey Air Quality Network,NET-TR001A
TR480521,MUGLA-MILAS,37.31155,27.78259,57.0,Türkiye,MUGLA,urban-centre,background,UTC+03,01/01/2020 00:00:00,,Turkey Air Quality Network,NET-TR001A
TR480622,MUGLA-MILAS OREN,37.03111,27.97173,3.0,Türkiye,MUGLA,urban-periphery,industrial,UTC+03,01/01/2020 00:00:00,,Turkey Air Quality Network,NET-TR001A
TR480731,MUGLA-TRAFIK,37.21141,28.36686,652.0,Türkiye,MUGLA,urban-centre,traffic,UTC+03,01/01/2020 00:00:00,,Turkey Air Quality Network,NET-TR001A
TR480841,MUGLA-YATAGAN,37.34309,28.147,401.0,Türkiye,MUGLA,urban-centre,background,UTC+03,01/01/2020 00:00:00,,Turkey Air Quality Network,NET-TR001A
TR500241,NEVSEHIR-AVANOS,38.71616,34.84731,927.0,Türkiye,,urban-centre,background,UTC+03,01/01/2020 00:00:00,,Turkey Air Quality Network,NET-TR001A
TR500341,NEVSEHIR,38.6232,34.7014,1211.0,Türkiye,NEVŞEHIR,urban-centre,background,UTC+03,01/01/2020 00:00:00,,Turkey Air Quality Network,NET-TR001A
TR510241,NIGDE-BOR,37.88729,34.5539,1107.0,Türkiye,,urban-centre,background,UTC+03,01/01/2020 00:00:00,,Turkey Air Quality Network,NET-TR001A
TR510341,NIGDE ,37.96839,34.68557,1222.0,Türkiye,NİĞDE,urban-centre,background,UTC+03,01/01/2020 00:00:00,,Turkey Air Quality Network,NET-TR001A
TR520241,ORDU-FATSA,41.02713,37.50005,20.0,Türkiye,,urban-centre,background,UTC+03,21/01/2015 00:00:00,,Turkey Air Quality Network,NET-TR001A
TR520341,ORDU-KARSIYAKA,40.97375,37.90752,12.0,Türkiye,ORDU,urban-centre,background,UTC+03,01/02/2015 00:00:00,,Turkey Air Quality Network,NET-TR001A
TR520441,ORDU-UNYE,41.12144,37.28027,12.0,Türkiye,,urban-centre,background,UTC+03,21/01/2015 00:00:00,,Turkey Air Quality Network,NET-TR001A
TR530213,RİZE-ARDEŞEN,41.12737,41.04758,482.0,Türkiye,,rural,background,UTC+03,17/01/2016 23:00:00,,Turkey Air Quality Network,NET-TR001A
TR540231,SAKARYA-MERKEZ-MTHM,40.7693,30.4099,32.0,Türkiye,SAKARYA,urban-centre,traffic,UTC+03,01/03/2013 00:00:00,,Turkey Air Quality Network,NET-TR001A
TR540331,SAKARYA-OZANLAR-MTHM,40.79072,30.39692,32.0,Türkiye,SAKARYA,urban-centre,traffic,UTC+03,01/03/2013 00:00:00,,Turkey Air Quality Network,NET-TR001A
TR540422,SAKARYA HENDEK OSB MTHM,40.75497,30.65023,29.0,Türkiye,,urban-periphery,industrial,UTC+03,08/11/2017 12:00:00,,Turkey Air Quality Network,NET-TR001A
TR550241,SAMSUN-ATAKUM,41.32538,36.29659,14.0,Türkiye,SAMSUN,urban-centre,background,UTC+03,22/01/2015 00:00:00,,Turkey Air Quality Network,NET-TR001A
TR550341,SAMSUN-BAFRA,41.56245,35.90741,28.0,Türkiye,,urban-centre,background,UTC+03,22/01/2015 00:00:00,,Turkey Air Quality Network,NET-TR001A
TR550441,SAMSUN-CANIK,41.26321,36.35236,31.0,Türkiye,,urban-centre,background,UTC+03,22/01/2015 00:00:00,,Turkey Air Quality Network,NET-TR001A
TR550631,SAMSUN-YUZUNCUYIL,41.28746,36.32924,40.0,Türkiye,SAMSUN,urban-centre,traffic,UTC+03,11/08/2015 00:00:00,,Turkey Air Quality Network,NET-TR001A
TR570241,SINOP-BOYABAT,41.46121,34.77701,341.0,Türkiye,,urban-centre,background,UTC+03,04/06/2015 00:00:00,,Turkey Air Quality Network,NET-TR001A
TR570313,SINOP-ERFELEK,42.07376,34.99564,61.0,Türkiye,,rural,background,UTC+03,27/02/2015 00:00:00,,Turkey Air Quality Network,NET-TR001A
TR580141,SIVAS-BASOGRETMEN,39.74872,37.02565,1278.0,Türkiye,SIVAS,urban-centre,background,UTC+03,13/06/2015 00:00:00,,Turkey Air Quality Network,NET-TR001A
TR580231,SIVAS-ISTASYONKAVSAGI,39.74729,37.01315,1296.0,Türkiye,SIVAS,urban-centre,traffic,UTC+03,13/06/2015 00:00:00,,Turkey Air Quality Network,NET-TR001A
TR590231,TEKIRDAG-MERKEZ-MTHM,40.97727,27.50324,41.0,Türkiye,TEKIRDAG,urban-centre,traffic,UTC+03,01/03/2013 00:00:00,,Turkey Air Quality Network,NET-TR001A
TR590341,TEKIRDAG-CERKEZKOY-MTHM,41.31835,27.98018,199.0,Türkiye,,urban-centre,background,UTC+03,01/03/2013 00:00:00,,Turkey Air Quality Network,NET-TR001A
TR590441,TEKİRDAĞ ÇORLU MTHM,41.15604,27.81114,177.0,Türkiye,,urban-centre,background,UTC+03,08/11/2017 12:00:00,,Turkey Air Quality Network,NET-TR001A
TR590522,TEKİRDAĞ ÇORLU OSB MTHM,41.1807,27.81541,137.0,Türkiye,,urban-periphery,industrial,UTC+03,08/11/2017 12:00:00,,Turkey Air Quality Network,NET-TR001A
TR600241,TOKAT-ERBAA,40.67178,36.56163,246.0,Türkiye,,urban-centre,background,UTC+03,20/01/2015 00:00:00,,Turkey Air Quality Network,NET-TR001A
TR600331,TOKAT-MEYDAN,40.31866,36.5521,623.0,Türkiye,TOKAT,urban-centre,traffic,UTC+03,02/08/2015 00:00:00,,Turkey Air Quality Network,NET-TR001A
TR600441,TOKAT-TURHAL,40.3856,36.08279,539.0,Türkiye,,urban-centre,background,UTC+03,28/01/2015 00:00:00,,Turkey Air Quality Network,NET-TR001A
TR610341,TRABZON-AKÇAABAT,41.01434,39.59232,34.0,Türkiye,,urban-centre,background,UTC+03,01/02/2016 00:00:00,,Turkey Air Quality Network,NET-TR001A
TR610431,TRABZON-BEŞİRLİ,40.9945,39.66789,42.0,Türkiye,TRABZON,urban-centre,traffic,UTC+03,29/01/2016 09:00:00,,Turkey Air Quality Network,NET-TR001A
TR610541,TRABZON-FATİH,40.99917,39.69309,41.0,Türkiye,TRABZON,urban-centre,background,UTC+03,02/02/2016 20:00:00,,Turkey Air Quality Network,NET-TR001A
TR610613,TRABZON-UZUNGÖL,40.61735,40.29806,1172.0,Türkiye,,rural,background,UTC+03,16/04/2016 03:00:00,,Turkey Air Quality Network,NET-TR001A
TR640231,UŞAK-TRAFIK,38.67328,29.40616,909.0,Türkiye,,urban-centre,traffic,UTC+03,01/01/2020 00:00:00,,Turkey Air Quality Network,NET-TR001A
TR640341,UŞAK,38.66413,29.40406,918.0,Türkiye,,urban-centre,background,UTC+03,01/01/2020 00:00:00,,Turkey Air Quality Network,NET-TR001A
TR660241,YOZGAT-SORGUN,39.80696,35.18138,1079.0,Türkiye,,urban-centre,background,UTC+03,01/01/2020 00:00:00,,Turkey Air Quality Network,NET-TR001A
TR670241,ZONGULDAK-CAYCUMA,41.4212,32.08301,24.0,Türkiye,,urban-centre,background,UTC+03,01/01/2020 00:00:00,,Turkey Air Quality Network,NET-TR001A
TR670322,ZONGULDAK-KILIMLI,41.48523,31.83805,13.0,Türkiye,,urban-centre,background,UTC+03,01/01/2020 00:00:00,,Turkey Air Quality Network,NET-TR001A
TR670441,ZONGULDAK-KOZLU,41.43507,31.74583,8.0,Türkiye,,urban-centre,background,UTC+03,01/01/2020 00:00:00,,Turkey Air Quality Network,NET-TR001A
TR670541,ZONGULDAK-KRZ.EREGLI,41.27647,31.43342,50.0,Türkiye,,urban-centre,background,UTC+03,19/01/2016 19:00:00,,Turkey Air Quality Network,NET-TR001A
TR670831,ZONGULDAK-TRAFİK,41.45222,31.78719,7.0,Türkiye,ZONGULDAK,urban-centre,traffic,UTC+03,01/01/2020 00:00:00,,Turkey Air Quality Network,NET-TR001A
TR680241,AKSARAY,38.36448,34.02854,971.0,Türkiye,AKSARAY,urban-centre,background,UTC+03,01/01/2020 00:00:00,,Turkey Air Quality Network,NET-TR001A
TR700241,KARAMAN-ERMENEK,36.64054,32.88488,1292.0,Türkiye,,urban-centre,background,UTC+03,01/01/2020 00:00:00,,Turkey Air Quality Network,NET-TR001A
TR710231,KIRIKKALE-BULVARPARK,39.84427,33.49998,733.0,Türkiye,KUTAHYA,urban-centre,traffic,UTC+03,01/01/2020 00:00:00,,Turkey Air Quality Network,NET-TR001A
TR760213,IĞDIR-ARALIK,39.78684,44.62098,834.0,Türkiye,,rural,background,UTC+03,19/01/2016 19:00:00,,Turkey Air Quality Network,NET-TR001A
TR770212,YALOVA-ALTINOVA-MTHM,40.70058,29.50785,22.0,Türkiye,,urban-periphery,background,UTC+03,01/03/2013 00:00:00,,Turkey Air Quality Network,NET-TR001A
TR770313,YALOVA-ARMUTLU-MTHM,40.52935,28.78459,98.0,Türkiye,,rural,background,UTC+03,01/03/2013 00:00:00,,Turkey Air Quality Network,NET-TR001A
TR780121,KARABUK-75.YIL,41.22984,32.66219,383.0,Türkiye,KARABUK,urban-centre,background,UTC+03,01/01/2020 00:00:00,,Turkey Air Quality Network,NET-TR001A
TR780341,KARABUK-SAFRANBOLU,41.25291,32.67364,538.0,Türkiye,KIRIKKALE,urban-centre,background,UTC+03,01/01/2020 00:00:00,,Turkey Air Quality Network,NET-TR001A
TR780521,KARABUK-TÖREN ALANI,41.19728,32.62352,280.0,Türkiye,KARABÜK,urban-centre,industrial,UTC+03,01/01/2020 00:00:00,,Turkey Air Quality Network,NET-TR001A
TR800241,OSMANIYE-KADIRLI,37.36888,36.09484,79.0,Türkiye,,urban-centre,background,UTC+03,01/03/2021 00:00:00,,Turkey Air Quality Network,NET-TR001A
TR800341,OSMANİYE,37.08572,36.25437,117.0,Türkiye,OSMANİYE,urban-centre,background,UTC+03,01/01/2020 00:00:00,,Turkey Air Quality Network,NET-TR001A
TR810231,DUZCE-BELEDIYE,40.83862,31.16274,153.0,Türkiye,DUZCE,urban-centre,traffic,UTC+03,01/01/2020 00:00:00,,Turkey Air Quality Network,NET-TR001A
TR810341,DUZCE-BAHCESEHIR,40.86073,31.22865,233.0,Türkiye,DUZCE,urban-centre,background,UTC+03,01/01/2020 00:00:00,,Turkey Air Quality Network,NET-TR001A
UA0001,Kramatorsk,48.73146,37.60237,0.0,Ukraine,Kramatorsk,urban-periphery,background,utc+04,01/01/2017 00:00:00,,Donetsk Region,net_ua002
UA0002,Mariupol - Metalurhiv Ave,47.11426,37.55627,0.0,Ukraine,Mariupol,urban-periphery,background,utc+04,01/01/2017 00:00:00,,Donetsk Region,net_ua002
UA0003,Mariupol -  Peremohy Ave,47.10621,37.62797,0.0,Ukraine,Mariupol,urban-centre,industrial,utc+04,01/01/2017 00:00:00,,Donetsk Region,net_ua002
UA0004,Mykolaivka,48.84406,37.78548,0.0,Ukraine,Mykolaivka,urban-periphery,background,utc+04,01/01/2017 00:00:00,,Donetsk Region,net_ua002
UA0005,Bakhmut,47.9845,37.26495,0.0,Ukraine,Bakhmut,urban-centre,industrial,utc+04,01/01/2017 00:00:00,,Donetsk Region,net_ua002
UA0006,Kurakhove,48.58378,38.00653,0.0,Ukraine,Kurakhove,urban-centre,background,utc+04,01/01/2017 00:00:00,,Donetsk Region,net_ua002
UA0007,Novoluhanske,48.4369,38.17632,0.0,Ukraine,Novoluhanske,rural,background,utc+04,01/01/2017 00:00:00,,Donetsk Region,net_ua002
XK0001A,AQMS Prishtine - IHMK,42.64883,21.13711,573.0,Kosovo under UNSCR 1244/99,AQMS Prishtine - IHMK,urban-periphery,background,UTC+01,01/09/2009 00:00:00,,Air Quality Monitoring Network in Kosovo,NE-XK001A
XK0002A,AQMS Prishtine Rilindje,42.65964,21.15732,583.0,Kosovo under UNSCR 1244/99,AQMS Prishtine Rilindje,urban-centre,background,UTC+01,05/06/2010 00:00:00,,Air Quality Monitoring Network in Kosovo,NE-XK001A
XK0003A,Drenas-Municipality,42.62528,20.89105,580.0,Kosovo under UNSCR 1244/99,Drenas-Municipality,urban-centre,background,UTC+01,04/04/2010 00:00:00,,Air Quality Monitoring Network in Kosovo,NE-XK001A
XK0004A,Mitrovice,42.89177,20.86891,500.0,Kosovo under UNSCR 1244/99,Mitrovice,urban-centre,background,UTC+01,07/06/2014 00:00:00,,Air Quality Monitoring Network in Kosovo,NE-XK001A
XK0005A,AQMS Peje,42.6657,20.30509,500.0,Kosovo under UNSCR 1244/99,AQMS Peje,urban-centre,background,UTC+01,04/04/2012 00:00:00,,Air Quality Monitoring Network in Kosovo,NE-XK001A
XK0006A,AQMS Prizren,42.21986,20.72794,410.0,Kosovo under UNSCR 1244/99,AQMS Prizren,urban-centre,background,UTC+01,05/04/2012 00:00:00,,Air Quality Monitoring Network in Kosovo,NE-XK001A
XK0007A,AQMS Brezovica,42.18817,21.03019,1803.0,Kosovo under UNSCR 1244/99,AQMS Brezovica,rural,background,UTC+01,15/07/2012 00:00:00,,Air Quality Monitoring Network in Kosovo,NE-XK001A
XK0008A,AQMS Hani i Elezit,42.15401,21.29597,399.0,Kosovo under UNSCR 1244/99,Podgorica,urban-periphery,background,UTC+01,05/04/2012 00:00:00,,Air Quality Monitoring Network in Kosovo,NE-XK001A
XK0009A,AQMS Gjilan,42.4678,21.46043,510.0,Kosovo under UNSCR 1244/99,Podgorica,urban-centre,background,UTC+01,05/04/2012 00:00:00,,Air Quality Monitoring Network in Kosovo,NE-XK001A
XK0010A,AQMS Palaj,42.6779,21.05284,509.0,Kosovo under UNSCR 1244/99,Podgorica,urban-periphery,background,UTC+01,01/01/2013 00:00:00,,Air Quality Monitoring Network in Kosovo,NE-XK001A
XK0011A,AQMS Obiliq,42.68389,21.0733,519.0,Kosovo under UNSCR 1244/99,AQMS Obiliq,urban-centre,background,UTC+01,01/01/2013 00:00:00,,Air Quality Monitoring Network in Kosovo,NE-XK001A
XK0012A,AQMS Dardhishte,42.65972,21.08333,529.0,Kosovo under UNSCR 1244/99,AQMS Dardhishte,urban-periphery,background,UTC+01,01/01/2013 00:00:00,,Air Quality Monitoring Network in Kosovo,NE-XK001A
