site_id,site_name,latitude,longitude,altitude,state,county,city,land_use,location_setting,owning_agency,established_date,closed_date,address,zip_code,area_classification
010030010,"FAIRHOPE, Alabama",30.497478,-87.880258,37.19,Alabama,Baldwin,Fairhope,COMMERCIAL,SUBURBAN,Al Dept Of Env Mgt,2000-01-01,,"FAIRHOPE HIGH SCHOOL, 1 PIRATE DRIVE, FAIRHOPE,  ALABAMA",36532.0,urban-periphery
010050002,CLIO,31.664302,-85.606175,143.26,Alabama,Barbour,Not in a city,FOREST,SUBURBAN,Al Dept Of Env Mgt,2003-10-06,,"437 COUNTY ROAD 8, CLIO, ALABAMA",,urban-periphery
010070001,010070001,32.904048,-87.233057,445.0,Alabama,Bibb,Centreville (Centerville),AGRICULTURAL,RURAL,"Environmental Science & Engineering, Inc (Ese)",1991-07-15,,11.8 KM SW OF CENTREVILLE ON CNTY RD 25.,35034.0,rural
010270001,ASHLAND,33.284928,-85.803608,344.42,Alabama,Clay,Ashland,RESIDENTIAL,RURAL,Al Dept Of Env Mgt,1991-03-25,,ASHLAND AIRPORT,36251.0,rural
010330041,010330041,34.7637,-87.652807,158.0,Alabama,Colbert,Not in a city,INDUSTRIAL,SUBURBAN,Tennessee Valley Authority,1983-01-01,,0.98 MI. SSW OF NFDC CHIMNEY,,urban-periphery
010330042,010330042,34.762033,-87.662251,168.0,Alabama,Colbert,Not in a city,INDUSTRIAL,SUBURBAN,Tennessee Valley Authority,1983-01-01,,1.4 MI. SW OF NFDC CHIMNEY,,urban-periphery
010330043,010330043,34.73259,-87.857534,140.0,Alabama,Colbert,Not in a city,AGRICULTURAL,RURAL,Tennessee Valley Authority,1983-09-27,,TVA COLBERT 13   0.9 MI SW COLBERT FP,,rural
010330044,010330044,34.690647,-87.821422,238.0,Alabama,Colbert,Not in a City,AGRICULTURAL,RURAL,Tennessee Valley Authority,1983-09-26,,TVA COLBERT 14___3.98 MI SE COLBERT FP,,rural
010331003,010331003,34.7589,-88.0138,148.0,Alabama,Colbert,Not in a City,FOREST,RURAL,National Park Service,2009-05-06,,Natchez Trace Parkway,35616.0,rural
010490001,010490001,34.456508,-85.671628,488.0,Alabama,DeKalb,Fort Payne,AGRICULTURAL,RURAL,Al Dept Of Env Mgt,1997-01-01,,29.9 MI S OF WIDOWS CREEK POWER PLANT,35967.0,rural
010490005,010490005,34.495116,-85.865264,402.0,Alabama,DeKalb,Rainsville,AGRICULTURAL,RURAL,Al Dept Of Env Mgt,1997-01-01,,27.5 MILES SSW OF WIDOWS CREEK STEAM PPL,35986.0,rural
010490006,010490006,34.525372,-85.899937,378.0,Alabama,DeKalb,Powell,AGRICULTURAL,RURAL,Al Dept Of Env Mgt,1997-01-01,,25.9 MILES SSW OF WIDOWS CREEK STEAM PPL,35971.0,rural
010490009,010490009,34.291783,-85.958621,347.0,Alabama,DeKalb,Not in a City,AGRICULTURAL,RURAL,Al Dept Of Env Mgt,1997-01-01,,42.7 MILE S.S W OF WIDOWS CREEK STEAM,35962.0,rural
010491003,CROSSVILLE,34.288567,-85.969858,500.0,Alabama,DeKalb,Crossville,AGRICULTURAL,RURAL,Al Dept Of Env Mgt,1998-12-01,,"13112 HWY.68 , CROSSVILLE AL. 35962",35962.0,rural
010499991,Sand Mountain,34.289001,-85.970065,352.0,Alabama,DeKalb,Crossville,AGRICULTURAL,RURAL,USEPA - Clean Air and Power Division,1988-11-17,,"Sand Mountain Alabama Agricultural Experiment Station, Crossville, AL 35962",35962.0,rural
010510002,MONITOR LOCATED ON GROUNDS OF NATIONAL GUARD ARMORY.,32.583466,-85.93246,400.0,Alabama,Elmore,Tallassee,RESIDENTIAL,SUBURBAN,Al Dept Of Env Mgt,1982-03-30,,"164 MCNEAL ST., TALLASSEE, AL 36078",,urban-periphery
010510004,Wetumpka Westside Technology Park,32.53568,-86.255193,54.0,Alabama,Elmore,Wetumpka,INDUSTRIAL,URBAN AND CENTER CITY,Al Dept Of Env Mgt,2018-03-20,,"3148 Elmore Road, Wetumpka, Alabama 36092",36092.0,urban-centre
010531000,PCI MET1,31.0921,-87.5435,89.61,Alabama,Escambia,Not in a City,AGRICULTURAL,RURAL,Poarch Band of Creek Indians,2014-09-01,,Jack Springs Rd,36502.0,rural
010550001,010550001,33.999819,-86.107475,17.0,Alabama,Etowah,Attalla,RESIDENTIAL,SUBURBAN,Al Dept Of Env Mgt,1981-01-01,,ATTALLA COMMUNITY CENTER,,urban-periphery
010550008,GADSDEN,34.015097,-86.012194,0.0,Alabama,Etowah,Gadsden,RESIDENTIAL,SUBURBAN,Al Dept Of Env Mgt,1984-02-01,,3200 WALNUT ST,,urban-periphery
010550010,GADSDEN C. COLLEGE,33.98821,-85.992556,50.0,Alabama,Etowah,Gadsden,COMMERCIAL,URBAN AND CENTER CITY,Al Dept Of Env Mgt,2000-01-01,,"314 COLLEGE DRIVE, GADSDEN, AL 35902",35903.0,urban-centre
010710020,010710020,34.877025,-85.720805,457.0,Alabama,Jackson,Not in a city,AGRICULTURAL,RURAL,Tennessee Valley Authority,1972-01-01,,TVA WIDOWS CRK 11 2.0 MI ESE WIDOWS CRK,,rural
010710022,010710022,34.856748,-85.735528,459.0,Alabama,Jackson,Not in a city,AGRICULTURAL,RURAL,Al Dept Of Env Mgt,1997-01-01,,2.14 MI. SSE OF WIDOWS CREEK STEAM PLANT,,rural
010710039,010710039,34.874249,-85.763029,187.0,Alabama,Jackson,Not in a city,INDUSTRIAL,RURAL,Tennessee Valley Authority,1982-01-01,,TVA WIDOWS CRK 26   .83 MI SW WDCK,,rural
010730002,010730002,33.3975,-86.955278,168.0,Alabama,Jefferson,Bessemer,COMMERCIAL,URBAN AND CENTER CITY,"Jefferson County, AL  Department Of Health",1980-01-16,,"1500 1ST AVE N., BESSEMER, AL",35020.0,urban-centre
010730008,010730008,33.539548,-86.533317,204.0,Alabama,Jefferson,Leeds,INDUSTRIAL,RURAL,"Jefferson County, AL  Department Of Health",1985-10-01,,"NEW JER., HAYES INT'L, 1370 BORDEN AVENU",,rural
010730023,North Birmingham,33.553056,-86.815,177.0,Alabama,Jefferson,Birmingham,COMMERCIAL,URBAN AND CENTER CITY,"Jefferson County, AL  Department Of Health",1979-03-12,,"NO. B'HAM,SOU R.R., 3009 28TH ST. NO.",35207.0,urban-centre
010730028,010730028,33.529444,-86.850278,166.0,Alabama,Jefferson,Birmingham,RESIDENTIAL,SUBURBAN,"Jefferson County, AL  Department Of Health",1981-01-01,,"EAST THOMAS, FINLEY, 841 FINLEY AVE. BP.",35204.0,urban-periphery
010730031,010730031,33.503717,-86.808046,183.0,Alabama,Jefferson,Birmingham,COMMERCIAL,URBAN AND CENTER CITY,"Jefferson County, AL  Department Of Health",1982-01-01,,"UAB, GUY TATE BLDG., 1400 6TH AVE. SOUTH",,urban-centre
010730034,010730034,33.5275,-86.807778,185.0,Alabama,Jefferson,Birmingham,RESIDENTIAL,URBAN AND CENTER CITY,"Jefferson County, AL  Department Of Health",1984-01-01,,"2301 11TH AVE NORTH, BIRMINGHAM, AL.",35203.0,urban-centre
010731005,McAdory,33.331111,-87.003611,163.0,Alabama,Jefferson,Not in a City,RESIDENTIAL,SUBURBAN,"Jefferson County, AL  Department Of Health",1987-06-17,, ROUTE 8 MCADORY,35111.0,urban-periphery
010731006,010731006,33.535937,-86.534984,201.0,Alabama,Jefferson,Leeds,INDUSTRIAL,RURAL,"Jefferson County, AL  Department Of Health",1985-11-03,,"NEW JER., CALDWELL FDY., 177 DUNNAVANT R",,rural
010731007,010731007,33.539167,-86.534444,195.0,Alabama,Jefferson,Leeds,INDUSTRIAL,RURAL,"Jefferson County, AL  Department Of Health",1985-10-01,,"176 DUNNAVANT RD, LEEDS",35094.0,rural
010731008,010731008,33.451389,-86.967222,164.0,Alabama,Jefferson,Bessemer,COMMERCIAL,URBAN AND CENTER CITY,"Jefferson County, AL  Department Of Health",1995-07-01,,3822 WILLIAMSON DRIVE,35023.0,urban-centre
010731009,010731009,33.459722,-87.305556,226.0,Alabama,Jefferson,Not in a City,FOREST,RURAL,"Jefferson County, AL  Department Of Health",2000-01-01,,1801 BRUCE SHAW ROAD,35006.0,rural
010731010,Leeds,33.545278,-86.549167,195.0,Alabama,Jefferson,Leeds,RESIDENTIAL,SUBURBAN,"Jefferson County, AL  Department Of Health",1987-01-01,, 201 ASHVILLE ROAD,35094.0,urban-periphery
010732003,Wylam,33.499722,-86.924167,191.0,Alabama,Jefferson,Birmingham,RESIDENTIAL,SUBURBAN,"Jefferson County, AL  Department Of Health",1981-01-01,,1242 JERSEY ST WYLAM AL,35224.0,urban-periphery
010732005,010732005,33.530937,-86.541373,210.0,Alabama,Jefferson,Leeds,RESIDENTIAL,RURAL,"Jefferson County, AL  Department Of Health",1982-12-07,,"NEW JERUSALEM, HOL CHURCH, RT. 2, BOX 54",,rural
010732006,Hoover,33.386389,-86.816667,180.0,Alabama,Jefferson,Hoover,COMMERCIAL,SUBURBAN,"Jefferson County, AL  Department Of Health",1988-09-01,,"3425 TAMASSEE LANE, HOOVER, AL 35226",35226.0,urban-periphery
010732059,Arkadelphia/Near Road,33.521427,-86.844112,183.726,Alabama,Jefferson,Birmingham,RESIDENTIAL,URBAN AND CENTER CITY,"Jefferson County, AL  Department Of Health",2014-01-01,,"1110 5th Street West Birmingham, AL 35204",35204.0,urban-centre
010735002,010735002,33.704722,-86.669167,204.0,Alabama,Jefferson,Pinson,RESIDENTIAL,SUBURBAN,"Jefferson County, AL  Department Of Health",1980-07-21,,"PINSON, HIGH SCH., BOX 360 HWY 75 NORTH",35126.0,urban-periphery
010735501,North Birmingham Elementary School,33.55724,-86.819499,0.0,Alabama,Jefferson,Birmingham,COMMERCIAL,URBAN AND CENTER CITY,US EPA/OAQPS,2009-06-19,,2620 35th Ave N,35207.0,urban-centre
010735502,Lewis Elementary School,33.5448,-86.8239,0.0,Alabama,Jefferson,Birmingham,COMMERCIAL,URBAN AND CENTER CITY,US EPA/OAQPS,2009-06-23,,2015 26thSt,35234.0,urban-centre
010735503,Riggins School,33.5684,-86.8029,0.0,Alabama,Jefferson,Birmingham,COMMERCIAL,URBAN AND CENTER CITY,US EPA/OAQPS,2009-06-23,,3177 44th Ct N,35207.0,urban-centre
010735504,Tarrant Elementary School,33.5784,-86.7718,0.0,Alabama,Jefferson,Tarrant (corporate name for Tarrant City),COMMERCIAL,URBAN AND CENTER CITY,US EPA/OAQPS,2009-06-23,,1269 Portland Street,35217.0,urban-centre
010735505,Hudson K-8,33.556633,-86.805464,193.0,Alabama,Jefferson,Birmingham,RESIDENTIAL,URBAN AND CENTER CITY,US EPA/OAQPS,2010-03-01,,"3300 Shuttlesworth Dr., Birmingham, AL 35207",35207.0,urban-centre
010736002,Tarrant Elementary School,33.578333,-86.773889,173.0,Alabama,Jefferson,Tarrant (corporate name for Tarrant City),RESIDENTIAL,SUBURBAN,"Jefferson County, AL  Department Of Health",1979-11-17,,"TARRANT, ELEM. SCH., 1269 PORTLAND STREE",35217.0,urban-periphery
010736003,010736003,33.585556,-86.779444,169.0,Alabama,Jefferson,Tarrant (corporate name for Tarrant City),INDUSTRIAL,URBAN AND CENTER CITY,"Jefferson County, AL  Department Of Health",1994-06-28,,44-SWEET AVENUE,35217.0,urban-centre
010736004,Sloss Shuttlesworth,33.565278,-86.796389,179.0,Alabama,Jefferson,Birmingham,RESIDENTIAL,URBAN AND CENTER CITY,"Jefferson County, AL  Department Of Health",1996-01-24,,4113 SHUTTLESWORTH DRIVE,35207.0,urban-centre
010790002,Sipsey Wilderness,34.342904,-87.33973,301.0,Alabama,Lawrence,Moulton,FOREST,RURAL,National Park Service,1992-03-07,,"US FOREST SERVICE RANGER STA., (SIPSEY) H'WY 33.",35650.0,rural
010799000,010799000,34.343429,-87.338806,286.0,Alabama,Lawrence,Not in a City,FOREST,RURAL,National Park Service,1992-03-07,,Sipsy Wilderness,35650.0,rural
010830004,010830004,34.685702,-86.88081,0.0,Alabama,Limestone,Not in a city,AGRICULTURAL,RURAL,Tennessee Valley Authority,2003-04-01,,9494 EXPERIMENTAL LOOP,,rural
010890002,Fire Station #10,34.788423,-86.616105,183.0,Alabama,Madison,Huntsville,RESIDENTIAL,SUBURBAN,"City of Huntsville, Div of Natural Resources",1970-01-01,,5006 PULASKI PIKE,,urban-periphery
010890003,Garage Daily,34.728831,-86.585003,184.0,Alabama,Madison,Huntsville,COMMERCIAL,URBAN AND CENTER CITY,"City of Huntsville, Div of Natural Resources",1970-04-01,,MADISON STREET,,urban-centre
010890004,Fire Station #7,34.620369,-86.566381,187.0,Alabama,Madison,Huntsville,AGRICULTURAL,RURAL,"City of Huntsville, Div of Natural Resources",1970-01-01,,11525 SO PARKWAY,,rural
010890014,HUNTSVILLE OLD AIRPORT,34.68547,-86.58816,183.0,Alabama,Madison,Huntsville,COMMERCIAL,URBAN AND CENTER CITY,"City of Huntsville, Div of Natural Resources",1973-11-01,,3720 Russell Brown Dr SW,35802.0,urban-centre
010890021,NORTHEAST SIDE OF A&M RESEARCH STATION,34.902866,-86.569716,0.0,Alabama,Madison,Huntsville,AGRICULTURAL,SUBURBAN,"City of Huntsville, Div of Natural Resources",1991-03-26,,321 WALKER LANE,,urban-periphery
010890022,HUNTSVILLE CAPSHAW ROAD,34.772727,-86.756174,227.99,Alabama,Madison,Huntsville,AGRICULTURAL,RURAL,"City of Huntsville, Div of Natural Resources",2011-07-01,,1130 Capshaw Road,35757.0,rural
010970003,CHICKASAW,30.770181,-88.087761,10.67,Alabama,Mobile,Chickasaw,COMMERCIAL,SUBURBAN,Al Dept Of Env Mgt,1974-05-22,,"Iroquois and Azalea, CHICKASAW, MOBILE CO.,  ALABAMA",36611.0,urban-periphery
010970005,MONITOR LOCATED ON GROUNDS OF THE ALBERT P. BREWER CENTER.,30.668583,-88.219026,14.0,Alabama,Mobile,Mobile,COMMERCIAL,URBAN AND CENTER CITY,Al Dept Of Env Mgt,1984-12-04,,"101 S. SCHILLINGER RD, MOBILE, AL.",36695.0,urban-centre
010970016,"WKRG, MOBILE",30.720515,-88.058951,6.0,Alabama,Mobile,Mobile,INDUSTRIAL,URBAN AND CENTER CITY,Al Dept Of Env Mgt,1982-01-01,,"WKRG XMITTING STN, TELEGRAPH RD.",36610.0,urban-centre
010970023,Africatown,30.770181,-88.087761,10.2,Alabama,Mobile,Chickasaw,RESIDENTIAL,URBAN AND CENTER CITY,Al Dept Of Env Mgt,2026-01-01,,528 Capt Leon C Roberts St,36611.0,urban-centre
010972005,BAY ROAD,30.474305,-88.141022,19.81,Alabama,Mobile,Theodore,AGRICULTURAL,RURAL,Al Dept Of Env Mgt,1998-05-21,,"BAY RD. ,MOBILE AL.",36582.0,rural
010973101,010973101,30.7703,-88.0875,11.0,Alabama,Mobile,Mobile,RESIDENTIAL,SUBURBAN,South Alabama Regional Planning Commission,2002-08-01,,CHICKASAW ARMORY,,urban-periphery
010973102,010973102,30.7089,-88.0519,4.0,Alabama,Mobile,Mobile,RESIDENTIAL,SUBURBAN,South Alabama Regional Planning Commission,2002-08-01,,650 ANTHONY ST,,urban-periphery
010973103,010973103,30.9383,-88.025,8.0,Alabama,Mobile,Mobile,RESIDENTIAL,RURAL,South Alabama Regional Planning Commission,2002-08-01,,STATE HIGHWAY 43,,rural
010973104,010973104,30.6156,-88.3444,39.0,Alabama,Mobile,Mobile,RESIDENTIAL,RURAL,South Alabama Regional Planning Commission,2002-08-01,,NEWMAN ROAD,,rural
010973105,010973105,30.5764,-88.1403,7.0,Alabama,Mobile,Mobile,COMMERCIAL,SUBURBAN,South Alabama Regional Planning Commission,2002-08-01,,5525 COMMERCE LANE,,urban-periphery
010975002,"LEMOYNE, WATER TOWER, AMBIENT SITE",30.937508,-88.023705,11.0,Alabama,Mobile,Mobile,RESIDENTIAL,SUBURBAN,Al Dept Of Env Mgt,1992-12-10,,"U.S. H'WAY 43, 4.5 MILES N OF I-65, AXIS",36505.0,urban-periphery
010976000,010976000,30.47415,-88.14102,4.0,Alabama,Mobile,Theodore,RESIDENTIAL,RURAL,Al Dept Of Env Mgt,2001-06-05,,4425 BAY ROAD,,rural
010978001,James Seals Jr. Park and Recreation Center,30.679,-88.046,6.0,Alabama,Mobile,Mobile,INDUSTRIAL,URBAN AND CENTER CITY,Al Dept Of Env Mgt,2023-03-01,,"James Seals Jr. Park and Recreation Center, 540 Texas St",36603.0,urban-centre
011011001,011011001,31.971818,-86.134681,433.0,Alabama,Montgomery,Not in a city,AGRICULTURAL,RURAL,Al Dept Of Env Mgt,1986-02-28,,"P.O. BOX 114, GRADY ALA. 36036",,rural
011011002,"MOMS, ADEM",32.412811,-86.263394,76.2,Alabama,Montgomery,Montgomery,COMMERCIAL,SUBURBAN,Al Dept Of Env Mgt,1993-06-01,,"1350 COLISEUM BLVD, MONTGOMERY, ALABAMA",36109.0,urban-periphery
011030009,ADEM MALLARD CREEK PM10 STATION NEAR DECATUR AL,34.630956,-87.052775,183.0,Alabama,Morgan,Decatur,INDUSTRIAL,RURAL,Al Dept Of Env Mgt,1993-04-06,,RT 1 BOX 93-B FINLEY ISLAND ROAD,35601.0,rural
011030011,"DECATUR, Alabama",34.530717,-86.967536,173.74,Alabama,Morgan,Decatur,COMMERCIAL,URBAN AND CENTER CITY,Al Dept Of Env Mgt,2000-04-01,,"P.O. BOX 2224 WALLACE DEVELOPMENT CENTER. DECATUR, ALABAMA",35603.0,urban-centre
011090003,TROY LEAD,31.790479,-85.978974,161.0,Alabama,Pike,Troy,INDUSTRIAL,SUBURBAN,Al Dept Of Env Mgt,1979-01-01,,HENDERSON ROAD,36081.0,urban-periphery
011130003,PHENIX CITY - SOUTH GIRARD SCHOOL,32.437028,-84.999653,25.0,Alabama,Russell,Phenix City,COMMERCIAL,SUBURBAN,Al Dept Of Env Mgt,2017-01-01,,"510 6th Place South, Phenix City, Alabama  36869",36867.0,urban-periphery
011170004,HELENA,33.317142,-86.825754,134.11,Alabama,Shelby,Helena,AGRICULTURAL,RURAL,Al Dept Of Env Mgt,1983-01-01,,"HELENA, BEARDEN FARM",35080.0,rural
011170005,011170005,33.285946,-86.818045,0.0,Alabama,Shelby,Pelham,AGRICULTURAL,RURAL,Al Dept Of Env Mgt,1988-03-17,,"RT 3, P.O. BOX 5643, PELHAM, AL",,rural
011170006,PELHAM,33.312927,-86.821104,900.0,Alabama,Shelby,Pelham,COMMERCIAL,SUBURBAN,Al Dept Of Env Mgt,1998-12-01,,PELHAM HIGH SCHOOL,35124.0,urban-periphery
011179001,"Lhoist, Montevallo Plant",33.0928,-86.8072,1.0,Alabama,Shelby,Calera,INDUSTRIAL,RURAL,Al Dept Of Env Mgt,2017-01-01,,7444 State Hwy 25,35040.0,rural
011190003,"Ward, Sumter Co.",32.362606,-88.277992,63.7032,Alabama,Sumter,Not in a City,AGRICULTURAL,RURAL,Al Dept Of Env Mgt,2013-03-01,,"NNE of Ward Post Office, Sumter Co., Alabama",36907.0,rural
011250010,"DUNCANVILLE, TUSCALOOSA",33.089772,-87.459733,69.0,Alabama,Tuscaloosa,Tuscaloosa,COMMERCIAL,SUBURBAN,Al Dept Of Env Mgt,2001-02-01,,"11690 SOUTHFORK DR. DUNCANVILLE, AL_35456",35456.0,urban-periphery
011250011,"Duncanville Middle School, Duncanville (Tuscaloosa) Alabama",33.095379,-87.481507,69.0,Alabama,Tuscaloosa,Tuscaloosa,COMMERCIAL,SUBURBAN,Al Dept Of Env Mgt,2022-03-01,,"11205 Eagle Pkwy, DUNCANVILLE, AL_35456",35456.0,urban-periphery
011270002,JASPER,33.832885,-87.272505,109.0,Alabama,Walker,Jasper,RESIDENTIAL,SUBURBAN,Al Dept Of Env Mgt,1982-01-01,,HIGHLAND AVE. AND 17TH ST. EAST,35501.0,urban-periphery
011296002,MCINTOSH HIGH SCHOOL,31.255833,-88.022967,4.0,Alabama,Washington,McIntosh,COMMERCIAL,RURAL,Al Dept Of Env Mgt,2005-04-19,,7010 HIGHWAY 43 NORTH,36553.0,rural
020130002,Simeonof,55.324675,-160.508331,57.0,Alaska,Aleutians East ,Sand Point,FOREST,RURAL,National Park Service,2001-07-01,,Simeonof,99661.0,rural
020200018,GARDEN/TRINITY CHRISTIAN CHURCH,61.205861,-149.824602,39.0,Alaska,Anchorage ,Anchorage,RESIDENTIAL,SUBURBAN,Alaska Department Of Environmental Conservation,1979-01-01,,3000 EAST 16TH AVENUE,99508.0,urban-periphery
020200044,ON THE ROOF OF THE ALLSTATE BUILDING,61.181083,-149.817389,50.0,Alaska,Anchorage ,Anchorage,COMMERCIAL,URBAN AND CENTER CITY,Municipality Of Anchorage Air Pollution Control Agency,1996-10-12,,3335 E TUDOR RD ANCHORAGE AK 99508,99507.0,urban-centre
020200045,ON THE ROOF OF THE TUDOR PROFESSIONAL BUILDING,61.181117,-149.834003,50.0,Alaska,Anchorage ,Anchorage,COMMERCIAL,URBAN AND CENTER CITY,Alaska Department Of Environmental Conservation,2015-05-28,,4335 LAUREL STREET ANCHORAGE AK 99508,99508.0,urban-centre
020200048,UNITARIAN CHURCH,61.191514,-149.93493,21.0,Alaska,Anchorage ,Anchorage,RESIDENTIAL,SUBURBAN,Municipality Of Anchorage Air Pollution Control Agency,1998-10-15,,3201 TURNAGAIN STREET,99517.0,urban-periphery
020200051,"Merrill Field, Pb Monitoring Station",61.215497,-149.830175,42.0,Alaska,Anchorage ,Anchorage,COMMERCIAL,URBAN AND CENTER CITY,Municipality Of Anchorage Air Pollution Control Agency,2011-10-18,,"2811 Merrill Field Dr, Anchorage AK",99501.0,urban-centre
020200052,DHHS,61.215027,-149.903111,35.0,Alaska,Anchorage ,Anchorage,RESIDENTIAL,URBAN AND CENTER CITY,Municipality Of Anchorage Air Pollution Control Agency,2007-09-27,,727 L Street,99501.0,urban-centre
020201004,PARKGATE/EAGLE RIVER,61.3267,-149.569707,100.0,Alaska,Anchorage ,Anchorage,COMMERCIAL,SUBURBAN,Alaska Department Of Environmental Conservation,1974-01-01,,11723 OLD GLENN HIGHWAY,99577.0,urban-periphery
020500001,Bethel,60.79583,-161.767,4.0,Alaska,Bethel ,Bethel,COMMERCIAL,RURAL,Alaska Department Of Environmental Conservation,2018-05-23,,"370A 4th Avenue, Bethel, Alaska 99559",99559.0,rural
020680003,Denali NP,63.7232,-148.9676,663.0,Alaska,Denali ,Not in a City,FOREST,RURAL,National Park Service,1986-11-01,,DENALI NATIONAL PARK,99743.0,rural
020900002,020900002,64.844847,-147.723536,140.0,Alaska,Fairbanks North Star ,Fairbanks,COMMERCIAL,URBAN AND CENTER CITY,Alaska Department Of Environmental Conservation,1972-01-01,,FEDERAL BLDG/2ND & CUSHMAN,,urban-centre
020900020,020900020,64.832347,-147.733813,136.0,Alaska,Fairbanks North Star ,Fairbanks,RESIDENTIAL,URBAN AND CENTER CITY,Alaska Department Of Environmental Conservation,1979-01-01,,HUNTER ELEM/17TH & GILLIAM WY,,urban-centre
020900023,020900023,64.84179,-147.753258,136.0,Alaska,Fairbanks North Star ,Fairbanks,INDUSTRIAL,URBAN AND CENTER CITY,US EPA - Region 10,2002-04-01,,"202 WIEN ST, NATIONAL GUARD ARMORY",,urban-centre
020900029,020900029,64.846506,-147.692461,141.0,Alaska,Fairbanks North Star ,Fairbanks,RESIDENTIAL,SUBURBAN,Alaska Department Of Environmental Conservation,1979-10-01,,Nordale Elementary School Hamilton & Eureka,99701.0,urban-periphery
020900033,NORTH POLE ELEMENTARY SCHOOL,64.752336,-147.347208,146.0,Alaska,Fairbanks North Star ,North Pole,RESIDENTIAL,SUBURBAN,Alaska Department Of Environmental Conservation,2008-12-20,,NP Elementary/250 Snowman Lane,99705.0,urban-periphery
020900034,NCORE,64.84569,-147.727413,132.0,Alaska,Fairbanks North Star ,Fairbanks,COMMERCIAL,URBAN AND CENTER CITY,Alaska Department Of Environmental Conservation,2009-11-03,,907 Terminal St.,99701.0,urban-centre
020900035,North Pole Fire Station #3,64.762641,-147.310279,145.0,Alaska,Fairbanks North Star ,Not in a City,RESIDENTIAL,SUBURBAN,Alaska Department Of Environmental Conservation,2011-03-01,,"3288 Hurst Road, North Pole, Alaska 99705",99705.0,urban-periphery
020900039,020900039,64.759289,-147.372278,555.0,Alaska,Fairbanks North Star ,North Pole,RESIDENTIAL,SUBURBAN,Fairbanks North Star Borough Environmental Services,2014-10-01,,"North Pole Water/2696 Mockler Ave, North Pole AK 99507",99705.0,urban-periphery
020900040,A Street,64.84593,-147.69327,135.0,Alaska,Fairbanks North Star ,Fairbanks,RESIDENTIAL,SUBURBAN,Alaska Department Of Environmental Conservation,2018-11-29,,397 Hamilton Ave,99701.0,urban-periphery
020904001,Watershed Charter School,64.8262,-147.868936,137.0,Alaska,Fairbanks North Star ,College,RESIDENTIAL,SUBURBAN,Fairbanks North Star Borough Environmental Services,2013-03-01,,"Watershed Charter Sch/4975 Decathalon, Fairbanks AK 99709",99709.0,urban-periphery
020904002,N-Core AMS,64.84561,-147.727,103.0,Alaska,Fairbanks North Star ,College,COMMERCIAL,URBAN AND CENTER CITY,Alaska Department Of Environmental Conservation,2009-05-26,,"809 Pioneer Rd., Fairbanks, AK, 99709",99709.0,urban-centre
020904003,Wood River Elementary School,64.83913,-147.872,145.0,Alaska,Fairbanks North Star ,College,RESIDENTIAL,SUBURBAN,Alaska Department Of Environmental Conservation,2009-03-19,,"Wood River/5000 Palo Verde Ave., Fairbanks, AK, 99709",99709.0,urban-periphery
020904004,Riverboat Discovery,64.82881,-147.866,145.0,Alaska,Fairbanks North Star ,College,RESIDENTIAL,SUBURBAN,Alaska Department Of Environmental Conservation,2013-01-18,,"1975 Discovery Dr., Fairbanks, AK, 99709",99709.0,urban-periphery
020904005,Watershed Charter School,64.82662,-147.868936,449.0,Alaska,Fairbanks North Star ,College,RESIDENTIAL,SUBURBAN,Fairbanks North Star Borough Environmental Services,2009-11-13,,"4975 Decathlon Ave. Fairbanks, AK, 99709",99709.0,urban-periphery
020904006,020904006,64.84528,-147.684985,555.0,Alaska,Fairbanks North Star ,Fairbanks,RESIDENTIAL,SUBURBAN,Alaska Department Of Environmental Conservation,2014-10-01,,"Hamilton Acres Baptist School / 311 B St., Fairbanks AK 99701",99701.0,urban-periphery
020904007,Faith Baptist School,64.827361,-147.890146,137.0,Alaska,Fairbanks North Star ,North Pole,RESIDENTIAL,SUBURBAN,Fairbanks North Star Borough Environmental Services,2014-09-24,,"Faith Baptist Church / 910 Chena Pump Road. Fairbanks, Alaska 99701",99709.0,urban-periphery
020904008,Artisans,64.861023,-147.78569,133.0,Alaska,Fairbanks North Star ,College,RESIDENTIAL,SUBURBAN,Alaska Department Of Environmental Conservation,2016-01-06,,"Artisan Courtyard, College Rd",99709.0,urban-periphery
020904009,020904009,64.823025,-147.897463,137.0,Alaska,Fairbanks North Star ,Fairbanks,RESIDENTIAL,SUBURBAN,Fairbanks North Star Borough Environmental Services,2016-01-13,,"Chena Pump Road-Simplex Grinnell/1005 Chena Pump Rd, Fairbanks, AK 99709",99709.0,urban-periphery
020904011,Trailer located in front parking lot at SW corner,64.8451,-148.009217,186.0,Alaska,Fairbanks North Star ,Fairbanks,RESIDENTIAL,RURAL,Fairbanks North Star Borough Environmental Services,2008-12-05,,"Ester Volunteer Fire Dept / 3568 Old Nenana Hwy, Ester AK 99725",99701.0,rural
020904012,020904012,64.805127,-147.701933,147.0,Alaska,Fairbanks North Star ,Fairbanks,RESIDENTIAL,SUBURBAN,Alaska Department Of Environmental Conservation,2008-11-06,,"FNSB Landfill \ 455 Sanduri St, Fairbanks, AK 99701",99709.0,urban-periphery
020904013,020904013,64.8534,-147.860167,137.0,Alaska,Fairbanks North Star ,College,AGRICULTURAL,SUBURBAN,Alaska Department Of Environmental Conservation,2009-01-14,,UAF Farm-USDA Field Building,99709.0,urban-periphery
020904014,020904014,64.854217,-147.76805,137.0,Alaska,Fairbanks North Star ,Fairbanks,COMMERCIAL,URBAN AND CENTER CITY,Alaska Department Of Environmental Conservation,2010-02-17,,FNSB Maintenance Building,99701.0,urban-centre
020904101,Nordale SPM Simpson,64.845281,-147.683903,145.0,Alaska,Fairbanks North Star ,Fairbanks,RESIDENTIAL,SUBURBAN,US EPA - Region 10,2019-01-01,,"Nordale neighborhood Fairbanks, Alaska 99701",99701.0,urban-periphery
020904102,Trainor Gate SPM Simpson,64.84288,-147.657473,145.0,Alaska,Fairbanks North Star ,Fairbanks,RESIDENTIAL,SUBURBAN,US EPA - Region 10,2019-01-01,,"Siku neighborhood Fairbanks, Alaska 99701",99701.0,urban-periphery
020904103,River Road SPM Simpson,64.839846,-147.653858,145.0,Alaska,Fairbanks North Star ,Fairbanks,RESIDENTIAL,SUBURBAN,US EPA - Region 10,2019-01-01,,"Birchwood neighborhood Fairbanks, Alaska 99701",99701.0,urban-periphery
020905001,Newby Park,64.741994,-147.287222,151.0,Alaska,Fairbanks North Star ,North Pole,RESIDENTIAL,SUBURBAN,Fairbanks North Star Borough Environmental Services,2011-10-13,,"2770 Newby Rd, North Pole, AK 99705",99705.0,urban-periphery
020905002,North Pole Christian School,64.77583,-147.362222,144.0,Alaska,Fairbanks North Star ,North Pole,RESIDENTIAL,SUBURBAN,Fairbanks North Star Borough Environmental Services,2013-02-14,,"NP Christian School / 2963 Badger Rd., North Pole, AK  99705",99705.0,urban-periphery
020905003,North Pole Water Utility,64.777777,-147.366667,100.0,Alaska,Fairbanks North Star ,North Pole,RESIDENTIAL,SUBURBAN,Fairbanks North Star Borough Environmental Services,2014-10-01,,North Pole Water Utility,99705.0,urban-periphery
020905004,020905004,64.825065,-147.531212,143.0,Alaska,Fairbanks North Star ,Not in a City,RESIDENTIAL,SUBURBAN,Alaska Department Of Environmental Conservation,2015-11-18,,"Ticasuk BrownElementary/ 785 Lakloey Dr, North Pole 99705",99705.0,urban-periphery
020905005,020905005,64.804272,-147.562052,142.0,Alaska,Fairbanks North Star ,North Pole,RESIDENTIAL,SUBURBAN,Alaska Department Of Environmental Conservation,2015-02-18,,"Bright Electric/1410 Old Richardson Hwy, North Pole AK, 997805",99705.0,urban-periphery
020905006,RAMS Trailer North Star Fire Station #2,64.805582,-147.544197,142.0,Alaska,Fairbanks North Star ,North Pole,RESIDENTIAL,SUBURBAN,Alaska Department Of Environmental Conservation,2015-09-29,,"Dennis & Bradway Intersection, North Pole",99705.0,urban-periphery
020905007,020905007,64.672603,-147.082926,165.0,Alaska,Fairbanks North Star ,Eielson (Air Force Base),MILITARY RESERVATION,SUBURBAN,Fairbanks North Star Borough Environmental Services,2015-06-24,,"Eielson AFB Clinic/354th Medical Group; 2630 Central Ave #3349 , Eielson AFB, AK 99702",99702.0,urban-periphery
020905008,North Pole Pump Station,64.746764,-147.35454,555.0,Alaska,Fairbanks North Star ,North Pole,RESIDENTIAL,SUBURBAN,Fairbanks North Star Borough Environmental Services,2015-01-06,,"RAMS Trailer,  Patriot Dr. & Refinery Loop   North Pole, Ak  99705le",99705.0,urban-periphery
020905009,020905009,64.750885,-147.335113,555.0,Alaska,Fairbanks North Star ,North Pole,RESIDENTIAL,SUBURBAN,Fairbanks North Star Borough Environmental Services,2015-10-01,,"North Pole Water 5 / 171 5th Ave, North Pole AK 99507",99705.0,urban-periphery
020905010,North Pole Dixon Road,64.779333,-147.330157,145.0,Alaska,Fairbanks North Star ,North Pole,RESIDENTIAL,SUBURBAN,Fairbanks North Star Borough Environmental Services,2014-11-20,,"1944 Dixon Rd, North Pole 99705",99705.0,urban-periphery
020905011,Badger Road Elementary/ BRES,64.80473,-147.41489,149.0,Alaska,Fairbanks North Star ,North Pole,RESIDENTIAL,SUBURBAN,Fairbanks North Star Borough Environmental Services,2016-02-18,,"Badger Road Elementary / 2301 Bradway Rd., North Pole  99507",99705.0,urban-periphery
020905012,NP Water Stillmeyer,64.746627,-147.353268,148.0,Alaska,Fairbanks North Star ,North Pole,RESIDENTIAL,SUBURBAN,Alaska Department Of Environmental Conservation,2016-01-05,,"Patriot Drive and Refinery Loop, North Pole 99705",99705.0,urban-periphery
021100004,Floyd Dryden Middle School,58.388497,-134.567237,15.0,Alaska,Juneau ,Juneau,RESIDENTIAL,SUBURBAN,Alaska Department Of Environmental Conservation,1980-01-01,,3800 MENDENHALL LOOP ROAD,99801.0,urban-periphery
021100027,021100027,58.365508,-134.516499,55.0,Alaska,Juneau ,Juneau,RESIDENTIAL,SUBURBAN,Alaska Department Of Environmental Conservation,2003-01-03,,4480 MOUNTAINSIDE DRIVE,,urban-periphery
021220008,"Kenai Peninsula Borough Building site, Soldotna",60.489167,-151.0693,34.0,Alaska,Kenai Peninsula ,Soldotna,RESIDENTIAL,SUBURBAN,Alaska Department Of Environmental Conservation,2011-10-20,,"144 N. Binkley St, Soldotna, AK 99669",99669.0,urban-periphery
021220009,021220009,59.982667,-152.661089,15.0,Alaska,Kenai Peninsula ,Not in a City,FOREST,RURAL,National Park Service,2001-01-01,,Tuxedni,,rural
021221000,021221000,59.459318,-151.698472,47.0,Alaska,Kenai Peninsula ,Seldovia Village,COMMERCIAL,RURAL,Seldovia Village Tribe,2012-06-12,,Equipment yard along Jakolof Bay Rd,99603.0,rural
021221001,021221001,59.469435,-151.656358,141.0,Alaska,Kenai Peninsula ,Seldovia Village,RESIDENTIAL,RURAL,Seldovia Village Tribe,2012-06-14,,Across from Barabara Heights Fire Department Conex along Jakolof Bay Road,99603.0,rural
021221006,021221006,59.462806,-151.687917,113.0,Alaska,Kenai Peninsula ,Seldovia Village,RESIDENTIAL,RURAL,Seldovia Village Tribe,2013-06-10,,1931 Jakolof Bay Rd,99603.0,rural
021221007,021221007,59.468101,-151.66185,148.0,Alaska,Kenai Peninsula ,Seldovia Village,RESIDENTIAL,RURAL,Seldovia Village Tribe,2013-06-10,,2631 Jakolof Bay Rd,99603.0,rural
021229000,Kenai Penisula Borough,60.012315,-151.711491,5.0,Alaska,Kenai Peninsula ,Happy Valley,FOREST,RURAL,University of California - Davis,2015-08-11,,Kenai Peninsula Borough (AK),99639.0,rural
021700004,021700004,61.532508,-150.252229,15.0,Alaska,Matanuska-Susitna ,Not in a city,UNKNOWN,UNKNOWN,Alaska Department Of Environmental Conservation,1985-05-01,,S BIG LAKE ROAD,,unknown
021700008,BUTTE,61.534163,-149.031655,30.0,Alaska,Matanuska-Susitna ,Not in a City,RESIDENTIAL,RURAL,Alaska Department Of Environmental Conservation,1998-04-11,,"HARRISON COURT,SITE LOCATED AT END OF CUL-DE-SAC",99645.0,rural
021700010,021700010,61.52275,-149.083639,30.0,Alaska,Matanuska-Susitna ,Not in a City,AGRICULTURAL,RURAL,Alaska Department Of Environmental Conservation,2023-10-26,,5310 Bodenburg Spur Rd,99645.0,rural
021700011,Trapper Creek,62.314754,-150.317909,155.0,Alaska,Matanuska-Susitna ,Trapper Creek,FOREST,RURAL,National Park Service,2001-09-13,,Trapper Creek,6.0,rural
021700013,Wasilla,61.598796,-149.455255,102.0,Alaska,Matanuska-Susitna ,Wasilla,COMMERCIAL,SUBURBAN,Alaska Department Of Environmental Conservation,2008-10-01,,100 WEST SWANSON AVENUE,99654.0,urban-periphery
021859000,Toolik Lake Field Station,68.637233,-149.590949,740.0,Alaska,North Slope ,Not in a City,FOREST,RURAL,US Department Of Interior (USGS-BLM),2018-11-09,,"1038 Toklat Way, Fairbanks, AK 99775-7005",7.0,rural
021880001,021880001,67.5701,-162.968,22.0,Alaska,Northwest Arctic ,Noatak,RESIDENTIAL,RURAL,Alaska Department Of Environmental Conservation,2010-01-13,,Government Airport Road,99750.0,rural
021889000,021889000,67.091949,-157.874821,67.0,Alaska,Northwest Arctic ,Ambler,FOREST,RURAL,National Park Service,2003-09-03,,Ambler,99749.0,rural
022320001,SKAGWAY TRIBAL SITE,59.45315,-135.32125,15.8,Alaska,Skagway-Hoonah-Angoon,Not in a city,COMMERCIAL,URBAN AND CENTER CITY,Alaska Department Of Environmental Conservation,2004-02-03,,"79 STATE ST., SKAGWAY",,urban-centre
022809000,022809000,56.61076,-132.81234,0.0,Alaska,Wrangell Petersburg,Not in a City,FOREST,RURAL,National Park Service,2004-01-01,,PETERSBURG IMPROVE SITE,99833.0,rural
022909000,Gates of the arctic,66.93093,-151.49188,205.0,Alaska,Yukon-Koyukuk ,Evansville,FOREST,RURAL,National Park Service,2008-10-20,,"Bettles Field, AK",99726.0,rural
040011003,White Mountain Fort Apache Reservation,34.07339,-109.85801,2230.0,Arizona,Apache,McNary,RESIDENTIAL,RURAL,"White Mountain Apache Tribe of Ft Apache Reservation, AZ",2009-01-01,,51 Nasco Avenue,85901.0,rural
040011234,FD,35.746005,-109.072386,0.0,Arizona,Apache,Fort Defiance,RESIDENTIAL,RURAL,"Navajo Nation, AZ, NM, UT",1999-01-01,,"ROUTE 12 NORTH, BUILDING F-004-051",86504.0,rural
040011235,Nazlini,35.880404,-109.438003,0.0,Arizona,Apache,Nazlini (Trading Post),RESIDENTIAL,RURAL,"Navajo Nation, AZ, NM, UT",1986-11-01,,"Indian Route 27, Mile Post 14, 1/4 Mi N. Power Line Rd.",86503.0,rural
040018001,Mount Baldy,34.058475,-109.441259,2509.0,Arizona,Apache,Not in a City,FOREST,RURAL,National Park Service,2000-01-01,,Mount Baldy,85925.0,rural
040030011,PAUL SPUR CHEMICAL LIME PLANT,31.3658,-109.73095,1278.0,Arizona,Cochise,Paul Spur,INDUSTRIAL,RURAL,Arizona Department Of Environmental Quality,1985-01-01,,"HOUSING AREA, PAUL SPUR",85607.0,rural
040031005,DOUGLAS RED CROSS,31.3492,-109.539683,1231.0,Arizona,Cochise,Douglas,RESIDENTIAL,URBAN AND CENTER CITY,Arizona Department Of Environmental Quality,1998-09-01,,1445-1449 15TH STREET,85607.0,urban-centre
040038001,Chiricahua NM,32.00941,-109.38906,1569.0,Arizona,Cochise,Not in a City,DESERT,RURAL,National Park Service,1988-01-01,,CHIRICAHUA NATIONAL MOUMENT,85643.0,rural
040039000,DOUGLASS IMPROVE SITE,31.349183,-109.539733,1233.0,Arizona,Cochise,Douglas,FOREST,RURAL,National Park Service,2004-01-01,,DOUGLASS IMPROVE SITE,85607.0,rural
040051008,FLAGSTAFF MIDDLE SCHOOL,35.206111,-111.652777,2120.0,Arizona,Coconino,Flagstaff,RESIDENTIAL,SUBURBAN,Arizona Department Of Environmental Quality,1996-10-29,,755 W BONITO,86001.0,urban-periphery
040051010,SEDONA POST OFFICE,34.866666,-111.765,1279.0,Arizona,Coconino,Sedona,COMMERCIAL,URBAN AND CENTER CITY,Arizona Department Of Environmental Quality,1990-01-01,,SR 89A & SR179 POST OFFICE,86336.0,urban-centre
040051011,Flagstaff High School,35.204452,-111.65109,2120.0,Arizona,Coconino,Flagstaff,RESIDENTIAL,SUBURBAN,Arizona Department Of Environmental Quality,2024-05-30,,"400 W. Elm Ave. Flagstaff, AZ 86001",86001.0,urban-periphery
040051237,Tuba City,36.125018,-111.234727,1500.0,Arizona,Coconino,Not in a City,COMMERCIAL,RURAL,"Navajo Nation, AZ, NM, UT",2006-05-01,,"101 Main Street, Tuba City, AZ",86045.0,rural
040052002,040052002,36.080539,-112.155726,2134.0,Arizona,Coconino,Grand Canyon,UNKNOWN,RURAL,National Park Service,1979-01-01,,HOPI POINT GRAND CANYON NATIONAL PARK,,rural
040058001,Grand Canyon NP - The Abyss,36.05864,-112.1836,2070.0,Arizona,Coconino,Grand Canyon Village,FOREST,RURAL,National Park Service,1989-04-01,,"GRAND CANYON NATIONAL PARK, W RIM DRIVE",86046.0,rural
040058100,040058100,36.077814,-112.129551,1166.0,Arizona,Coconino,Not in a City,FOREST,RURAL,National Park Service,1989-10-04,,Indian Gardens,86046.0,rural
040058102,Hance Camp at Grand Canyon NP,35.973117,-111.984846,2267.0,Arizona,Coconino,Not in a City,FOREST,RURAL,National Park Service,1997-09-24,,Hance Camp at Grand Canyon NP,86046.0,rural
040058103,040058103,35.140635,-111.969938,2046.0,Arizona,Coconino,Not in a City,FOREST,RURAL,National Park Service,1991-09-11,,Sycamore Canyon,86001.0,rural
040059000,Sycamore Canyon,35.1639,-111.9823,2046.0,Arizona,Coconino,Parks (Maine),AGRICULTURAL,RURAL,National Park Service,2015-10-20,,"Sycamore Canyon, AZ",86046.0,rural
040059001,ITEP Flagstaff,35.225136,-111.607603,2142.7,Arizona,Coconino,Flagstaff,RESIDENTIAL,SUBURBAN,Tribal Air Monitoring Support - NAU,2020-01-01,,Skyline Drive,86004.0,urban-periphery
040070008,PAYSON WELL SITE,34.229733,-111.3295,1497.0,Arizona,Gila,Payson,COMMERCIAL,URBAN AND CENTER CITY,Arizona Department Of Environmental Quality,1991-05-30,,204 W AERO DR,85541.0,urban-centre
040070009,MIAMI RIDGELINE,33.399135,-110.858896,1085.0,Arizona,Gila,Miami,RESIDENTIAL,RURAL,Arizona Department Of Environmental Quality,1993-01-01,,4030 LINDEN STREET,85539.0,rural
040070010,TONTO NM,33.6547,-111.1074,786.0,Arizona,Gila,Tonto National Monument,DESERT,RURAL,Arizona Department Of Environmental Quality,1988-04-01,,SOUTH OF SR88,85539.0,rural
040070011,Miami Jones Ranch,33.3855,-110.867267,1242.0,Arizona,Gila,Not in a City,INDUSTRIAL,RURAL,Arizona Department Of Environmental Quality,1997-01-01,,Cherry Flats Rd.,85539.0,rural
040070012,Miami Townsite,33.397433,-110.87445,1035.0,Arizona,Gila,Miami,INDUSTRIAL,RURAL,Arizona Department Of Environmental Quality,1997-01-01,,Sullivan ST & Davis Canyon,85539.0,rural
040070013,Miami Solitude,33.398615,-110.84502,1155.26375081,Arizona,Gila,Not in a City,INDUSTRIAL,RURAL,Arizona Department Of Environmental Quality,2025-01-27,,Cherry Flats Rd,85539.0,rural
040071001,HAYDEN OLD JAIL,33.006179,-110.785797,625.0,Arizona,Gila,Hayden,INDUSTRIAL,URBAN AND CENTER CITY,Arizona Department Of Environmental Quality,1969-01-01,,"JAIL-CANYON DR, HAYDEN",85292.0,urban-centre
040071002,Globe Highway,33.002517,-110.765467,602.0,Arizona,Gila,Not in a City,DESERT,RURAL,Arizona Department Of Environmental Quality,1975-01-01,,SR 77,85292.0,rural
040071003,Hillcrest AMS,33.0035,-110.7822,635.0,Arizona,Gila,Hayden,INDUSTRIAL,RURAL,Arizona Department Of Environmental Quality,2015-12-14,,123 Hillcrest Ave,85292.0,rural
040077106,040077106,33.802,-110.918,2210.0,Arizona,Gila,Not in a City,FOREST,RURAL,US Forest Service,2024-05-09,,"State Highway 288, Young, AZ",85554.0,rural
040078000,MIAMI GOLF COURSE,33.419017,-110.82967,1012.0,Arizona,Gila,Globe,RESIDENTIAL,RURAL,Arizona Department Of Environmental Quality,1991-01-01,,SR 188 & US 60,85539.0,rural
040078020,2nd Street and Garfield Ave,33.002405,-110.78485,622.7064,Arizona,Gila,Hayden,INDUSTRIAL,URBAN AND CENTER CITY,US EPA - Region 9,2006-10-22,,2nd Street and Garfield Ave,85292.0,urban-centre
040078021,824 Thorne Ave,32.99304,-110.771458,608.99,Arizona,Gila,Winkelman,DESERT,RURAL,US EPA - Region 9,2006-11-21,,824 Thorne Ave,85292.0,rural
040078100,Sierra Ancha,34.090866,-110.942801,1600.0,Arizona,Gila,Young,FOREST,RURAL,National Park Service,2000-01-01,,Sierra Ancha,85541.0,rural
040090001,SAFFORD,32.83388,-109.718611,899.0,Arizona,Graham,Safford,COMMERCIAL,URBAN AND CENTER CITY,Arizona Department Of Environmental Quality,1974-01-01,,"523 10TH AVE, SAFFORD",85546.0,urban-centre
040128000,ALAMO LAKE,34.2439,-113.5586,376.0,Arizona,La Paz,Wenden,DESERT,RURAL,Arizona Department Of Environmental Quality,2005-05-20,,ALAMO LAKE STATE PARK,85348.0,rural
040130019,WEST PHOENIX,33.48378,-112.14256,333.0,Arizona,Maricopa,Phoenix,RESIDENTIAL,SUBURBAN,Maricopa County Air Quality,1984-01-01,,3847 W EARLL DR-WEST PHOENIX STATION,85019.0,urban-periphery
040131003,MESA,33.41018,-111.86536,383.0,Arizona,Maricopa,Mesa,COMMERCIAL,SUBURBAN,Maricopa County Air Quality,1976-01-01,,"310 S BROOKS, MESA",85202.0,urban-periphery
040131004,NORTH PHOENIX,33.56031,-112.06619,378.0,Arizona,Maricopa,Phoenix,RESIDENTIAL,SUBURBAN,Maricopa County Air Quality,1968-01-01,,"601 E BUTLER DR ,PHOENIX",85020.0,urban-periphery
040131010,FALCON FIELD,33.45244,-111.73327,384.0,Arizona,Maricopa,Mesa,RESIDENTIAL,SUBURBAN,Maricopa County Air Quality,1989-06-01,,4530 E MCKELLIPS RD-FALCON FIELD STATION,85215.0,urban-periphery
040132001,GLENDALE,33.57453,-112.19193,350.0,Arizona,Maricopa,Glendale,RESIDENTIAL,RURAL,Maricopa County Air Quality,1974-01-01,,"6000 W OLIVE AVE,GLENDALE",85302.0,rural
040132005,PINNACLE PEAK,33.70639,-111.85575,733.0,Arizona,Maricopa,Scottsdale,RESIDENTIAL,SUBURBAN,Maricopa County Air Quality,1988-02-01,,24301 N ALMA SCHOOL RD,85255.0,urban-periphery
040133002,CENTRAL PHOENIX,33.45797,-112.04659,339.0,Arizona,Maricopa,Phoenix,RESIDENTIAL,URBAN AND CENTER CITY,Maricopa County Air Quality,1961-01-01,,1645 E ROOSEVELT ST-CENTRAL PHOENIX STN,85006.0,urban-centre
040133003,SOUTH SCOTTSDALE,33.47968,-111.91721,368.0,Arizona,Maricopa,Scottsdale,RESIDENTIAL,SUBURBAN,Maricopa County Air Quality,1973-01-01,,2857 N MILLER RD-S SCOTTSDALE STN,85257.0,urban-periphery
040134003,SOUTH PHOENIX,33.40314,-112.07526,326.0,Arizona,Maricopa,Phoenix,RESIDENTIAL,URBAN AND CENTER CITY,Maricopa County Air Quality,1999-10-01,,"33 W TAMARISK AVE, PHOENIX",85041.0,urban-centre
040134004,WEST CHANDLER,33.29896,-111.88426,366.0,Arizona,Maricopa,Chandler,RESIDENTIAL,SUBURBAN,Maricopa County Air Quality,2000-07-01,,"275 S ELLIS, CHANDLER",85224.0,urban-periphery
040134005,TEMPE,33.41123,-111.93471,352.0,Arizona,Maricopa,Tempe,RESIDENTIAL,URBAN AND CENTER CITY,Maricopa County Air Quality,2000-07-01,,"1525 S COLLEGE AVE, TEMPE",85281.0,urban-centre
040134006,HIGLEY,33.30995,-111.72003,391.0,Arizona,Maricopa,Gilbert,INDUSTRIAL,SUBURBAN,Maricopa County Air Quality,2000-07-01,,2207 SOUTH HIGLEY ROAD,85295.0,urban-periphery
040134008,CAVE CREEK,33.82169,-112.01726,587.0,Arizona,Maricopa,Cave Creek,DESERT,RURAL,Maricopa County Air Quality,2001-07-20,,37019 N. LAVA LANE. CAVE CREEK AZ,85331.0,rural
040134009,WEST 43RD AVENUE,33.40635,-112.14426,318.0,Arizona,Maricopa,Phoenix,INDUSTRIAL,URBAN AND CENTER CITY,Maricopa County Air Quality,2002-04-01,,3940 WEST BROADWAY ROAD PHOENIX AZ,85043.0,urban-centre
040134010,DYSART,33.63718,-112.34185,359.0,Arizona,Maricopa,Surprise,COMMERCIAL,SUBURBAN,Maricopa County Air Quality,2003-07-01,,16825 N. DYSART,85374.0,urban-periphery
040134011,BUCKEYE,33.36985,-112.62068,258.0,Arizona,Maricopa,Buckeye,AGRICULTURAL,RURAL,Maricopa County Air Quality,2004-08-01,,26453 W. MC85,85326.0,rural
040134015,FISHER #1,33.4133,-112.02093,341.0,Arizona,Maricopa,Phoenix,COMMERCIAL,URBAN AND CENTER CITY,Maricopa County Air Quality,2009-07-17,,3615 South 28th St,85040.0,urban-centre
040134016,Zuni Hills,33.68719,-112.29416,386.0,Arizona,Maricopa,Not in a City,RESIDENTIAL,SUBURBAN,Maricopa County Air Quality,2009-11-18,,"10851 W Williams Rd, Sun City AZ",85373.0,urban-periphery
040134017,040134017,33.68451,-112.08634,449.0,Arizona,Maricopa,Phoenix,COMMERCIAL,SUBURBAN,Maricopa County Air Quality,2010-06-20,,1030 West Deer Valley Road,85027.0,urban-periphery
040134020,Thirty-Third,33.46173,-112.12796,326.0,Arizona,Maricopa,Phoenix,RESIDENTIAL,URBAN AND CENTER CITY,Maricopa County Air Quality,2015-09-01,,3248 W. Moreland,85009.0,urban-centre
040134021,Eastwood,33.41046,-112.00264,354.0,Arizona,Maricopa,Phoenix,COMMERCIAL,URBAN AND CENTER CITY,Maricopa County Air Quality,2021-03-05,,"4135 S 36th Street, Phoenix, AZ",,urban-centre
040135100,Fort McDowell/Yuma Frank,33.629246,-111.676928,435.23,Arizona,Maricopa,Fort McDowell,AGRICULTURAL,SUBURBAN,"Fort McDowell Yavapai Nation, AZ",2001-11-14,,"18791 Yuma Frank Road, Ft. McDowell, AZ",85264.0,urban-periphery
040137003,St Johns Air Monitoring Site,33.290229,-112.160597,326.0,Arizona,Maricopa,Not in a City,RESIDENTIAL,RURAL,"Gila River Indian Community of Gila River Indian Reservation, AZ",2003-03-24,,"4208 W. PECOS LAVEEN, AZ 85339 (GILA CROSSING NORTH ELEM SCH)",85339.0,rural
040137020,Senior Center Air Monitoring Station,33.488131,-111.855443,377.0,Arizona,Maricopa,Scottsdale,RESIDENTIAL,RURAL,"Salt River Pima-Maricopa Indian Community of Salt River Reservation, AZ",2004-05-01,,10844 EAST OSBORN ROAD SCOTTSDALE AZ 85256,85256.0,rural
040137021,Red Mountain Air Monitoring Station,33.507992,-111.755334,394.0,Arizona,Maricopa,Scottsdale,DESERT,RURAL,"Salt River Pima-Maricopa Indian Community of Salt River Reservation, AZ",2002-05-27,,"15115 BEELINE HIGHWAY, SCOTTSDALE, AZ 86256",85256.0,rural
040137022,Lehi Air Monitoring Station,33.474609,-111.805769,412.0,Arizona,Maricopa,Mesa,RESIDENTIAL,RURAL,"Salt River Pima-Maricopa Indian Community of Salt River Reservation, AZ",2003-05-01,,"3250 NORTH STAPLEY DRIVE, MESA, AZ 85203",85203.0,rural
040137024,High School Air Monitoring Station,33.508125,-111.83852,366.0,Arizona,Maricopa,Scottsdale,RESIDENTIAL,RURAL,"Salt River Pima-Maricopa Indian Community of Salt River Reservation, AZ",2006-03-30,,"4827 NORTH COUNTRY CLUB DRIVE, SCOTTSDALE, AZ 85256",85256.0,rural
040138005,ESTRELLA PM2.5 1 HOUR NEPH,33.383333,-112.372777,277.0,Arizona,Maricopa,Goodyear (Litchfield),RESIDENTIAL,RURAL,Arizona Department Of Environmental Quality,2004-01-01,,15099 W. CASEY ABBOTT RD,85338.0,rural
040139508,HUMBOLDT MOUNTAIN,33.9828,-111.79871,1582.0,Arizona,Maricopa,Not in a City,FOREST,RURAL,Maricopa County Air Quality,1995-08-01,,SEVEN SPRINGS RD-FAA RADAR STN-TONTO NF,199.0,rural
040139702,BLUE POINT-SHERIFF STATION-TONTO NF-SALT RIVER RECREATION AREA,33.54558,-111.60972,436.0,Arizona,Maricopa,Blue Point (District),DESERT,RURAL,Maricopa County Air Quality,1993-01-01,,USERY PASS RD/BUSH HWY,85264.0,rural
040139704,FOUNTAIN HILLS,33.61092,-111.72534,505.0,Arizona,Maricopa,Fountain Hills,RESIDENTIAL,SUBURBAN,Maricopa County Air Quality,1996-04-01,,"16426 E PALISADES BLVD,FOUNTAIN HILLS,AZ",85268.0,urban-periphery
040139812,DURANGO COMPLEX,33.4265,-112.11821,317.0,Arizona,Maricopa,Phoenix,COMMERCIAL,URBAN AND CENTER CITY,Maricopa County Air Quality,1999-07-01,,2702 RC ESTERBROOKS BLVD,85009.0,urban-centre
040139990,TEMPE COMMUNITY CENTER,33.39166,-111.926388,361.0,Arizona,Maricopa,Tempe,COMMERCIAL,SUBURBAN,Arizona Department Of Environmental Quality,1999-01-06,,3340 S RURAL RD,85282.0,urban-periphery
040139992,DESERT WEST,33.476111,-112.199722,330.0,Arizona,Maricopa,Phoenix,RESIDENTIAL,SUBURBAN,Arizona Department Of Environmental Quality,1999-03-19,,6501 W VIRGINIA AVE,85035.0,urban-periphery
040139997,JLG SUPERSITE,33.503833,-112.095767,346.0,Arizona,Maricopa,Phoenix,RESIDENTIAL,URBAN AND CENTER CITY,Arizona Department Of Environmental Quality,1993-07-01,,4530 N 17TH AVENUE,85015.0,urban-centre
040139998,VEHICLE EMISSIONS LABORATORY,33.455277,-111.996111,356.0,Arizona,Maricopa,Phoenix,RESIDENTIAL,SUBURBAN,Arizona Department Of Environmental Quality,1987-04-01,,"600 N 40TH ST & FILLMORE ST,PHOENIX",85008.0,urban-periphery
040151000,Peach Springs,35.540017,-113.410782,50.0,Arizona,Mohave,Peach Springs,RESIDENTIAL,RURAL,"Hualapai Indian Tribe of Hualapai Indian Reservation, AZ",1999-03-01,,DIAMOND CREEK ROAD & U S ROUTE 66,86434.0,rural
040151003,BULLHEAD CITY ADEQ,35.153888,-114.566111,156.0,Arizona,Mohave,Bullhead City,COMMERCIAL,URBAN AND CENTER CITY,Arizona Department Of Environmental Quality,1997-11-01,,BULLHEAD CITY 990 HWY 95,86429.0,urban-centre
040151011,Grand Canyon West,35.588726,-113.489025,1464.0,Arizona,Mohave,Not in a City,COMMERCIAL,RURAL,"Hualapai Indian Tribe of Hualapai Indian Reservation, AZ",1999-03-01,,Grand Canyon west,86434.0,rural
040151111,Big Sandy,34.55199,-113.372362,305.0,Arizona,Mohave,Not in a City,DESERT,RURAL,US EPA - Region 9,2004-10-01,,East of Big Sandy wash,86406.0,rural
040159000,040159000,36.019302,-114.069205,902.0,Arizona,Mohave,Not in a City,FOREST,RURAL,National Park Service,1991-09-04,,Meadview,86401.0,rural
040170007,SHOW LOW,34.2525,-110.036388,1924.0,Arizona,Navajo,Show Low,COMMERCIAL,URBAN AND CENTER CITY,Arizona Department Of Environmental Quality,1974-01-01,,"CITY HALL-DEUCE OF CLUBS AVE, SHOW LOW",85901.0,urban-centre
040170119,Petrified Forest NP,34.82251,-109.89249,1712.0,Arizona,Navajo,Not in a City,DESERT,RURAL,National Park Service,1988-01-01,,"PET FOR NAT PARK, NEAR OLD SW ENTERANCE ON OLD ROUTE 180",86025.0,rural
040171002,Whiteriver - Fort Apache Reservation,33.85815,-109.97029,1599.0,Arizona,Navajo,Whiteriver,RESIDENTIAL,RURAL,"White Mountain Apache Tribe of Ft Apache Reservation, AZ",2009-01-01,,612 South Chief Avenue,85901.0,rural
040190001,AJO,32.382036,-112.857453,515.0,Arizona,Pima,Ajo,INDUSTRIAL,SUBURBAN,Arizona Department Of Environmental Quality,1969-07-01,,"AZ HWY DEPT YARD-WELL RD, AJO",85321.0,urban-periphery
040190005,ORGAN PIPE NM,31.95,-112.801,505.0,Arizona,Pima,Organ Pipe Cactus National Monument,DESERT,RURAL,Arizona Department Of Environmental Quality,1971-01-01,,"VISITORS CENTER, ORGAN PIPE CACTUS NM",14.0,rural
040190008,CORONA DE TUCSON,32.004707,-110.792593,937.0,Arizona,Pima,Corona de Tucson,,RURAL,Pima County Department of Environmental Quality,1972-01-01,,"22000 S HOUGHTON RD, CORONA DE TUCSON",85641.0,rural
040190011,ORANGE GROVE,32.322661,-111.038389,681.0,Arizona,Pima,Tucson,RESIDENTIAL,SUBURBAN,Pima County Department of Environmental Quality,1974-01-01,,"3401 W ORANGE GROVE RD, TUCSON",85741.0,urban-periphery
040190020,RILLITO,32.414344,-111.154544,626.0,Arizona,Pima,Rillito,INDUSTRIAL,RURAL,Arizona Department Of Environmental Quality,1985-01-01,,"8840 W ROBINSON STREET, RILLITO",85653.0,rural
040190021,Saguaro NP,32.174538,-110.737116,938.0,Arizona,Pima,Not in a City,DESERT,RURAL,National Park Service,1982-06-01,,"3905 S. OLD SPANISH TRAIL, SAGUARO PARK EAST",85748.0,rural
040191001,SOUTH TUCSON,32.201978,-110.967905,738.0,Arizona,Pima,South Tucson,RESIDENTIAL,URBAN AND CENTER CITY,Pima County Department of Environmental Quality,1965-01-01,,"1601 S 6TH AVE, SOUTH TUCSON",85713.0,urban-centre
040191011,22ND & CRAYCROFT,32.204411,-110.878067,789.0,Arizona,Pima,Tucson,RESIDENTIAL,SUBURBAN,Pima County Department of Environmental Quality,1973-01-01,,"1237 S. BEVERLY , TUCSON",85711.0,urban-periphery
040191014,22ND & ALVERNON,32.20739,-110.910619,768.0,Arizona,Pima,Tucson,RESIDENTIAL,URBAN AND CENTER CITY,Pima County Department of Environmental Quality,1975-03-01,,"22ND & ALVERNON, TUCSON",85716.0,urban-centre
040191018,TANGERINE,32.425261,-111.06352,0.0,Arizona,Pima,Marana,DESERT,RURAL,Pima County Department of Environmental Quality,1989-11-01,,"12101 N CAMINO DE OESTE, TUCSON",85742.0,rural
040191020,FAIRGROUNDS,32.04767,-110.774357,937.0,Arizona,Pima,Tucson,DESERT,RURAL,Pima County Department of Environmental Quality,1989-10-01,,"11330 S HOUGHTON, TUCSON",85747.0,rural
040191026,SANTA CLARA,32.125919,-110.982556,0.0,Arizona,Pima,Tucson,RESIDENTIAL,SUBURBAN,Pima County Department of Environmental Quality,1994-03-09,,6910 SOUTH SANTA CLARA AVE,85706.0,urban-periphery
040191028,CHILDREN'S PARK NCore,32.29515,-110.9823,703.0,Arizona,Pima,Tucson,RESIDENTIAL,URBAN AND CENTER CITY,Pima County Department of Environmental Quality,1997-08-01,,400 W RIVER ROAD,85704.0,urban-centre
040191030,GREEN VALLEY  -REPLACES SITE 0007 245 W ESPERANZA,31.87952,-110.99644,0.0,Arizona,Pima,Green Valley,COMMERCIAL,SUBURBAN,Pima County Department of Environmental Quality,2001-02-13,,601 NORTH LA CANADA DRIVE,85614.0,urban-periphery
040191032,ROSE ELEMENTARY,32.172995,-110.980134,727.56,Arizona,Pima,Tucson,RESIDENTIAL,SUBURBAN,Pima County Department of Environmental Quality,2003-07-01,,710 W. MICHIGAN ST.,85714.0,urban-periphery
040191034,COACHLINE,32.38082,-111.12716,679.09,Arizona,Pima,Marana,RESIDENTIAL,SUBURBAN,Pima County Department of Environmental Quality,2003-07-01,,9597 N. COACHLINE BLVD,85743.0,urban-periphery
040191036,Ted Walker Park,32.194671,-111.033167,679.09,Arizona,Pima,Tucson,INDUSTRIAL,URBAN AND CENTER CITY,Pima County Department of Environmental Quality,2022-07-01,,6751 north Casa Grande Hwy,85745.0,urban-centre
040191113,GERONIMO,32.251843,-110.965293,747.37,Arizona,Pima,Tucson,RESIDENTIAL,URBAN AND CENTER CITY,Pima County Department of Environmental Quality,2003-07-01,,2498 N. GERONIMO,85705.0,urban-centre
040198031,Green Valley Fire Administration,31.8273,-111.0113,917.0,Arizona,Pima,Green Valley,RESIDENTIAL,SUBURBAN,Arizona Department Of Environmental Quality,2007-07-11,,1285 W Camino Encanto,85614.0,urban-periphery
040199000,Saguaro West,32.248712,-111.218494,714.0,Arizona,Pima,Not in a City,DESERT,RURAL,National Park Service,2001-10-31,,Intersection of W. Mile Wide Road and N. Sandario Road,85743.0,rural
040210001,CASA GRANDE DOWNTOWN,32.877583,-111.752222,420.0,Arizona,Pinal,Casa Grande,COMMERCIAL,URBAN AND CENTER CITY,Pinal County APCD,1973-01-01,,"401 N MARSHALL ST, CASA GRANDE",85222.0,urban-centre
040212001,SAN MANUEL,32.598611,-110.633611,332.0,Arizona,Pinal,San Manuel,RESIDENTIAL,SUBURBAN,Arizona Department Of Environmental Quality,1975-01-01,,"DOUGLAS & 1ST, SAN MANUEL",85631.0,urban-periphery
040213001,A J MAINTENANCE YARD,33.4214,-111.5436,525.0,Arizona,Pinal,Apache Junction,COMMERCIAL,SUBURBAN,Pinal County APCD,1987-01-01,,"305 E. SUPERSTITION BLVD, APACHE JUNCTION",85219.0,urban-periphery
040213002,APACHE JUNCTION FIRE STATION,33.421194,-111.503222,550.0,Arizona,Pinal,Apache Junction,RESIDENTIAL,SUBURBAN,Pinal County APCD,1999-01-01,,"3955 E SUPERSTITION BLVD, APACHE JUNCTION",85219.0,urban-periphery
040213003,CASA GRANDE AIRPORT,32.954361,-111.76225,446.0,Arizona,Pinal,Casa Grande,COMMERCIAL,SUBURBAN,Pinal County APCD,1991-01-01,,660 W. AERO DR. CASA GRANDE,85222.0,urban-periphery
040213004,COOLIDGE,32.978556,-111.514833,437.0,Arizona,Pinal,Coolidge,RESIDENTIAL,SUBURBAN,Pinal County APCD,1992-01-01,,212 E BROADWAY COOLIDGE,85228.0,urban-periphery
040213005,ELOY (DISMANTLED 2007),32.7559,-111.5551,0.0,Arizona,Pinal,Eloy,COMMERCIAL,SUBURBAN,Pinal County APCD,1993-01-01,,620 N MAIN ST ELOY,,urban-periphery
040213006,MAMMOTH,32.719307,-110.641934,719.0,Arizona,Pinal,Mammoth,RESIDENTIAL,SUBURBAN,Pinal County APCD,1995-01-01,,118 S CATALINA MAMMOTH,85618.0,urban-periphery
040213007,PINAL AIR PARK,32.508306,-111.308056,579.0,Arizona,Pinal,Red Rock,DESERT,RURAL,Pinal County APCD,1993-01-01,,WATER WELL #2 PINAL AIR PARK RD MARANA,85653.0,rural
040213008,STANFIELD,32.881194,-111.962,396.0,Arizona,Pinal,Stanfield,RESIDENTIAL,SUBURBAN,Pinal County APCD,1988-01-01,,36697 W PAPAGO DR STANFIELD,85272.0,urban-periphery
040213009,COMBS,33.219111,-111.561111,428.0,Arizona,Pinal,Queen Creek,AGRICULTURAL,SUBURBAN,Pinal County APCD,2002-01-01,,301 E COMBS RD QUEEN CREEK,85242.0,urban-periphery
040213010,MARICOPA,33.0585,-112.047219,358.0,Arizona,Pinal,Maricopa,RESIDENTIAL,SUBURBAN,Pinal County APCD,2002-01-01,,44625 W GARVEY RD MARICOPA,85239.0,urban-periphery
040213011,PINAL COUNTY HOUSING (aka ELEVEN MILE CORNER),32.891056,-111.5705,440.0,Arizona,Pinal,Casa Grande,RESIDENTIAL,SUBURBAN,Pinal County APCD,2002-01-01,,970 N ELEVEN MILE CORNER RD CASA GRANDE,85228.0,urban-periphery
040213012,RIVERSIDE,33.105806,-110.974194,550.0,Arizona,Pinal,Kearny,RESIDENTIAL,RURAL,Pinal County APCD,2003-03-10,,54964 E FLORENCE-KELVIN HWY,85237.0,rural
040213014,ELOY,32.757639,-111.554861,474.0,Arizona,Pinal,Eloy,COMMERCIAL,SUBURBAN,Pinal County APCD,2007-03-02,,801 N. MAIN ST,85231.0,urban-periphery
040213015,HIDDEN VALLEY,32.884761,-112.03705,406.0,Arizona,Pinal,Stanfield,AGRICULTURAL,RURAL,Pinal County APCD,2016-01-01,,43750 W. CAREFREE PLACE,85239.0,rural
040213016,MARICOPA 1405,33.06115,-112.05204,406.0,Arizona,Pinal,Maricopa,AGRICULTURAL,RURAL,Pinal County APCD,2017-01-01,,19955 N. Wilson Ave.,85239.0,rural
040217001,Sacaton Air Monitoring Site,33.081704,-111.752943,146.0,Arizona,Pinal,Sacaton,RESIDENTIAL,RURAL,"Gila River Indian Community of Gila River Indian Reservation, AZ",2002-07-01,,"35 PIMA STREET, SACATON",85247.0,rural
040217004,Casa Blanca Air Monitoring Site,33.117556,-111.885814,359.0,Arizona,Pinal,Not in a City,RESIDENTIAL,RURAL,"Gila River Indian Community of Gila River Indian Reservation, AZ",2002-07-01,,"CASA BLANCA/PRESCHOOL ROAD, BAPCHULE, AZ 85221",85247.0,rural
040217030,Ak Chin Museum,33.031038,-112.078111,359.0,Arizona,Pinal,Ak-Chin Village,AGRICULTURAL,RURAL,"Ak Chin Indian Community of Maricopa (Ak Chin) Indian Reservation, AZ",2012-01-09,,"47685 W. Eco-Museum Rd Maricopa, AZ 85139",85239.0,rural
040218001,QUEEN VALLEY,33.293465,-111.285594,634.0,Arizona,Pinal,Queen Valley,DESERT,RURAL,Arizona Department Of Environmental Quality,2001-01-01,,10 S QUEEN ANN  QUEEN VALLEY,85218.0,rural
040230004,NOGALES POST OFFICE,31.337204,-110.936718,1176.0,Arizona,Santa Cruz,Nogales,COMMERCIAL,URBAN AND CENTER CITY,Arizona Department Of Environmental Quality,1980-01-01,,300 N MORLEY AVE,85621.0,urban-centre
040239000,Nogales,31.33745,-110.93715,1172.0,Arizona,Santa Cruz,Nogales,RESIDENTIAL,SUBURBAN,National Park Service,2015-10-20,,"Nogales, AZ",85621.0,urban-periphery
040250003,CLARKDALE ADEQ,34.77,-112.05555,330.0,Arizona,Yavapai,Clarkdale,RESIDENTIAL,URBAN AND CENTER CITY,Arizona Department Of Environmental Quality,1982-01-01,,CLARKDALE-JEROME SCHOOL 1615 MAIN ST.,86324.0,urban-centre
040250005,HILLSIDE,34.42888,-112.961944,1499.0,Arizona,Yavapai,Hillside,DESERT,RURAL,Arizona Department Of Environmental Quality,1996-04-21,,REPEATER STATION NEAR HILLSIDE,86332.0,rural
040252002,PRESCOTT VALLEY,34.595,-112.331,1556.0,Arizona,Yavapai,Prescott Valley,RESIDENTIAL,SUBURBAN,Arizona Department Of Environmental Quality,2003-03-12,,"7501 E. CIVIC CIRCLE, PRESCOTT VALLEY",86314.0,urban-periphery
040258033,PRESCOTT COLLEGE AQD,34.5467,-112.4761,1591.0,Arizona,Yavapai,Prescott,RESIDENTIAL,URBAN AND CENTER CITY,Arizona Department Of Environmental Quality,2008-04-01,,330 Grove Avenue,86305.0,urban-centre
040258034,Prescott Pioneer Park,34.612055,-112.463213,1602.0,Arizona,Yavapai,Prescott,RESIDENTIAL,SUBURBAN,Arizona Department Of Environmental Quality,2017-01-01,,1200 Commerce Dr.,,urban-periphery
040258104,Ike's Backbone,34.340556,-111.683923,1298.0,Arizona,Yavapai,Not in a City,FOREST,RURAL,National Park Service,2000-03-29,,Ike's Backbone,86336.0,rural
040270005,YUMA ARIZONA WESTERN COLLEGE,32.685171,-114.492374,61.0,Arizona,Yuma,Yuma,COMMERCIAL,RURAL,Arizona Department Of Environmental Quality,1996-04-01,,9500 SOUTH AVE 8E AZ WESTERN COLLEGE,85365.0,rural
040278011,YUMA SUPERSITE,32.690278,-114.61444,51.0,Arizona,Yuma,Yuma,COMMERCIAL,URBAN AND CENTER CITY,Arizona Department Of Environmental Quality,2006-02-01,,2323 S ARIZONA AVE,85365.0,urban-centre
050010011,STUTTGART,34.518515,-91.55896,0.0,Arkansas,Arkansas,Stuttgart,COMMERCIAL,SUBURBAN,Arkansas Department of Energy and Environment,2001-08-10,,1703 N BEURKLE - HWY 63,72160.0,urban-periphery
050030005,CROSSETT,33.139471,-91.939208,0.0,Arkansas,Ashley,Crossett,COMMERCIAL,URBAN AND CENTER CITY,Arkansas Department of Energy and Environment,2001-05-07,,1015 UNITY ROAD,71635.0,urban-centre
050198001,050198001,34.179539,-93.098785,71.0,Arkansas,Clark,Not in a city,FOREST,RURAL,US EPA National Exposure Research Lab,1988-10-01,,"0OUACHITA BAPTIST UNIV, DEGRAY LAKE",,rural
050199991,Caddo Valley,34.1795,-93.0988,71.0,Arkansas,Clark,Not in a City,FOREST,RURAL,USEPA - Clean Air and Power Division,1988-09-28,,"Lower Lake Recreation Area, Caddo Valley, AR 71923",71923.0,rural
050350005,MARION,35.197288,-90.193141,67.0,Arkansas,Crittenden,Marion,AGRICULTURAL,RURAL,Arkansas Department of Energy and Environment,1991-02-25,,LH POLK AND COLONIAL DRIVE,72364.0,rural
050510003,HOT SPRINGS,34.469441,-93.000178,369.0,Arkansas,Garland,Hot Springs (Hot Springs National Park),COMMERCIAL,URBAN AND CENTER CITY,Arkansas Department of Energy and Environment,2003-02-05,,300 WERNER ST.,71901.0,urban-centre
050670001,NEWPORT,35.637283,-91.188906,0.0,Arkansas,Jackson,Newport,COMMERCIAL,SUBURBAN,Arkansas Department of Energy and Environment,2006-01-01,,7648 VICTORY BLVD,72112.0,urban-periphery
050690006,GROUND LEVEL,34.190931,-92.058531,0.0,Arkansas,Jefferson,Pine Bluff,COMMERCIAL,SUBURBAN,Arkansas Department of Energy and Environment,2001-09-26,,3221 CAMDEN ROAD,,urban-periphery
050910004,BEHIND BUILDING AT 305 E. 6TH,33.427625,-94.041021,0.0,Arkansas,Miller,Texarkana,COMMERCIAL,URBAN AND CENTER CITY,Arkansas Department of Energy and Environment,1999-05-05,,305 E. 6TH,,urban-centre
050910096,GREY SITE,33.18763,-94.024072,0.0,Arkansas,Miller,Not in a city,RESIDENTIAL,RURAL,Arkansas Department of Energy and Environment,1997-08-01,,"ROUTE 1, TEXARKANA",,rural
051010002,DEER,35.832726,-93.20826,711.0,Arkansas,Newton,Not in a City,FOREST,RURAL,Arkansas Department of Energy and Environment,1992-11-01,,HWY 16,72628.0,rural
051019000,Upper Buffalo Wilderness,35.825893,-93.203187,723.0,Arkansas,Newton,Not in a City,FOREST,RURAL,National Park Service,1991-12-18,,Upper Buffalo Wilderness,72628.0,rural
051130002,MENA,34.583699,-94.226234,0.0,Arkansas,Polk,Mena,RESIDENTIAL,SUBURBAN,Arkansas Department of Energy and Environment,1997-05-01,,HORNBECK ROAD - MENA,71953.0,urban-periphery
051130003,EAGLE MOUNTAIN,34.454514,-94.143521,0.0,Arkansas,Polk,Mena,FOREST,RURAL,Arkansas Department of Energy and Environment,2000-06-01,,463 POLK 631,71953.0,rural
051190007,PARR,34.756189,-92.281296,80.0,Arkansas,Pulaski,North Little Rock,COMMERCIAL,URBAN AND CENTER CITY,Arkansas Department of Energy and Environment,1986-04-01,,PIKE AVE AT RIVER ROAD,72114.0,urban-centre
051190008,051190008,34.749536,-92.340985,107.0,Arkansas,Pulaski,Little Rock,COMMERCIAL,URBAN AND CENTER CITY,Arkansas Department of Energy and Environment,1991-10-01,,301 S UNIVERSITY AVE,,urban-centre
051191002,NLR AIRPORT,34.835721,-92.260581,164.0,Arkansas,Pulaski,North Little Rock,FOREST,RURAL,Arkansas Department of Energy and Environment,1977-07-23,,"REMOUNT ROAD N. LITTLE ROCK, ARKANSAS",72120.0,rural
051191008,DOYLE SPRINGS ROAD,34.681343,-92.328697,0.0,Arkansas,Pulaski,Little Rock,COMMERCIAL,SUBURBAN,Arkansas Department of Energy and Environment,1999-04-02,,DOYLE SPRINGS ROAD,72209.0,urban-periphery
051195001,Superfund Site,34.489259,-92.755167,0.0,Arkansas,Pulaski,Jacksonville,COMMERCIAL,SUBURBAN,US EPS/Human Studies Lab/Health Effects Research Div,1990-08-05,,Marshall Road,,urban-periphery
051310008,FT. SMITH,35.389672,-94.424288,140.0,Arkansas,Sebastian,Fort Smith,COMMERCIAL,URBAN AND CENTER CITY,Arkansas Department of Energy and Environment,1974-06-22,,MAIN FIRE STA 5TH & B STREETS,72901.0,urban-centre
051390006,EL DORADO,33.220563,-92.672263,55.0,Arkansas,Union,El Dorado,COMMERCIAL,URBAN AND CENTER CITY,Arkansas Department of Energy and Environment,1981-07-01,,"UNION MEMORIAL HOSPITAL, ELDORADO",71730.0,urban-centre
051430005,SPRINGDALE,36.1797,-94.116827,1.0,Arkansas,Washington,Springdale,COMMERCIAL,SUBURBAN,Arkansas Department of Energy and Environment,2006-10-01,,600 SOUTH OLD MISSOURI ROAD,72764.0,urban-periphery
051430006,Fayetteville Airport,36.011703,-94.167436,1.0,Arkansas,Washington,Fayetteville,COMMERCIAL,SUBURBAN,Arkansas Department of Energy and Environment,2012-03-01,,429 Ernest Lancaster Dr.,72701.0,urban-periphery
060010005,Oakland - Alice,37.7986,-122.2684,10.0,California,Alameda,Oakland,COMMERCIAL,URBAN AND CENTER CITY,Bay Area Air Quality Management District,1980-01-01,,"822 ALICE ST., OAKLAND",94607.0,urban-centre
060010006,San Leandro,37.710229,-122.116899,43.0,California,Alameda,Castro Valley,RESIDENTIAL,SUBURBAN,Bay Area Air Quality Management District,1990-08-01,,"HOSPITAL-15400 FOOTHILL BLVD,SAN LEANDRO",94578.0,urban-periphery
060010007,Livermore,37.687526,-121.784217,137.0,California,Alameda,Livermore,COMMERCIAL,URBAN AND CENTER CITY,Bay Area Air Quality Management District,1999-12-01,,793 Rincon Ave.,94551.0,urban-centre
060010008,Oakland - Filbert St.,37.817118,-122.280454,14.0,California,Alameda,Oakland,RESIDENTIAL,URBAN AND CENTER CITY,Bay Area Air Quality Management District,2001-09-14,,"2419 FILBERT ST, OAKLAND, CA",94607.0,urban-centre
060010009,Oakland,37.743065,-122.169935,11.0,California,Alameda,Oakland,RESIDENTIAL,URBAN AND CENTER CITY,Bay Area Air Quality Management District,2007-11-01,,9925 International Blvd,94603.0,urban-centre
060010011,Oakland West,37.814781,-122.282347,0.0,California,Alameda,Oakland,RESIDENTIAL,URBAN AND CENTER CITY,Bay Area Air Quality Management District,2009-02-12,,1100 21st Street,94607.0,urban-centre
060010012,Laney College,37.793624,-122.263376,3.9,California,Alameda,Oakland,COMMERCIAL,URBAN AND CENTER CITY,Bay Area Air Quality Management District,2014-02-01,,Laney College Eighth St. parking lot Aisle J,94607.0,urban-centre
060010013,Berkeley- Aquatic Park,37.864767,-122.302741,2.7,California,Alameda,Not in a City,COMMERCIAL,URBAN AND CENTER CITY,Bay Area Air Quality Management District,2016-07-01,,1 Bolivar Dr,94710.0,urban-centre
060010015,Pleasanton - Owens Ct,37.701222,-121.903019,101.0,California,Alameda,Pleasanton,RESIDENTIAL,SUBURBAN,Bay Area Air Quality Management District,2018-04-01,,Owens Ct.,94588.0,urban-periphery
060010016,Livermore Portola,37.68975,-121.77155,145.5,California,Alameda,Livermore,RESIDENTIAL,SUBURBAN,Bay Area Air Quality Management District,2023-01-01,,2451 Portola Ave,94551.0,urban-periphery
060011001,Fremont - Chapel Way,37.535833,-121.961823,17.0,California,Alameda,Fremont,RESIDENTIAL,SUBURBAN,Bay Area Air Quality Management District,1970-08-01,,"40733 CHAPEL WAY., FREMONT",94538.0,urban-periphery
060012001,Hayward,37.654456,-122.031547,290.0,California,Alameda,Hayward,RESIDENTIAL,RURAL,Bay Area Air Quality Management District,1973-01-01,,3466 LA MESA DR.,94542.0,rural
060012003,Piedmont,37.816514,-122.23062,45.7,California,Alameda,Not in a City,RESIDENTIAL,SUBURBAN,Bay Area Air Quality Management District,1987-04-01,,198 Oak Road,94611.0,urban-periphery
060012004,Berkeley,37.877794,-122.30129,6.0,California,Alameda,Berkeley,COMMERCIAL,URBAN AND CENTER CITY,Bay Area Air Quality Management District,2007-12-08,,1340 Sixth Street,94710.0,urban-centre
060015002,ROOF OF THE UC BERKELEY SPACE SCIENCE BUILDING,37.866593,-122.267747,46.0,California,Alameda,Berkeley,COMMERCIAL,SUBURBAN,California Air Resources Board,1983-10-01,,"UC BERKELEY, SPACE SCIENCE BUILDING",,urban-periphery
060016001,Chabot,37.72081,-122.09914,173.0,California,Alameda,Castro Valley,RESIDENTIAL,SUBURBAN,California Air Resources Board,1989-08-31,,17390 Lake Chabot Rd.,94546.0,urban-periphery
060016002,Sunol,37.59369,-121.87622,143.0,California,Alameda,Sunol,RESIDENTIAL,SUBURBAN,California Air Resources Board,1989-09-12,,505 Paloma,94586.0,urban-periphery
060016003,Pleasanton,37.69875,-121.91331,102.0,California,Alameda,Pleasanton,RESIDENTIAL,SUBURBAN,California Air Resources Board,1991-05-20,,7399 Johnson Drive,94588.0,urban-periphery
060016004,Patterson Pass,37.689615,-121.631916,526.0,California,Alameda,Not in a City,RESIDENTIAL,RURAL,California Air Resources Board,1999-12-31,,13224 Patterson Pass Rd (Flynn Rd I-580),94550.0,rural
060031001,060031001,38.796194,-119.751861,1646.0,California,Alpine,Not in a City,RESIDENTIAL,RURAL,Washoe Tribe of Nevada and California,2010-03-13,,well pump house on Washoe blvd,96120.0,rural
060050002,Jackson-Clinton Road,38.342606,-120.764426,377.0,California,Amador,Jackson,COMMERCIAL,SUBURBAN,California Air Resources Board,1992-05-01,," 201 CLINTON ROAD, JACKSON, CA 95642",95642.0,urban-periphery
060051033,Kirkwood,38.690662,-120.072754,2366.162,California,Amador,Not in a City,FOREST,RURAL,Great Basin Unified APCD,2017-01-01,,"Loop Road, Kirkwood, CA",95646.0,rural
060070004,GRIDLEY - 608 COWEE AVENUE,39.316556,-121.667749,0.0,California,Butte,Gridley,AGRICULTURAL,RURAL,California Air Resources Board,1984-07-01,,608 COWEE AVENUE,,rural
060070006,PARADISE ROVER STUDY,39.776551,-121.607473,0.0,California,Butte,Paradise,RESIDENTIAL,RURAL,California Air Resources Board,1997-03-12,,"8186 SKYWAY BL, PARADISE",,rural
060070008,Chico-East Avenue,39.76168,-121.84047,1.0,California,Butte,Chico,COMMERCIAL,SUBURBAN,California Air Resources Board,2012-04-02,,"984 East Avenue, Chico",95973.0,urban-periphery
060072003,Paradise-Clark,39.75786,-121.60791,561.0,California,Butte,Paradise,COMMERCIAL,URBAN AND CENTER CITY,California Air Resources Board,2023-02-21,,"5921 Clark Rd, Paradise, CA 95969",95969.0,urban-centre
060074001,"TRAFFIC, RURAL PAVED ROAD",39.327563,-121.668811,0.0,California,Butte,Not in a City,AGRICULTURAL,RURAL,California Air Resources Board,1984-07-01,,"608 COWEE AVE, GRIDLEY",95948.0,rural
060090001,San Andreas-Gold Strike Road,38.20185,-120.680277,0.0,California,Calaveras,San Andreas,AGRICULTURAL,RURAL,California Air Resources Board,1994-04-01,,"501 GOLD STRIKE ROAD, SAN ANDREAS",95249.0,rural
060110007,Cortina Indian Rancheria,39.021221,-122.281803,696.0,California,Colusa,Cortina Indian Rancheria,FOREST,RURAL,"Cortina Indian Rancheria of Wintun Indians, CA",2001-02-01,,"CORTINA INDIAN RANCHERIA, SPRING VALLEY RD, WILLIAMS",95987.0,rural
060111002,Colusa-Sunrise Blvd,39.18919,-121.99887,17.0,California,Colusa,Colusa,COMMERCIAL,RURAL,California Air Resources Board,1980-01-01,,"100 SUNRISE BLVD., COLUSA",95932.0,rural
060130002,Concord,37.936013,-122.026154,26.0,California,Contra Costa,Concord,RESIDENTIAL,SUBURBAN,Bay Area Air Quality Management District,1980-01-01,,2956-A TREAT BOULEVARD,94518.0,urban-periphery
060130005,Pt. Richmond,37.926162,-122.385561,2.0,California,Contra Costa,Richmond,COMMERCIAL,SUBURBAN,Bay Area Air Quality Management District,1973-01-01,,140 WEST RICHMOND AVENUE,94801.0,urban-periphery
060130006,Richmond - 7th St.,37.948172,-122.364852,6.0,California,Contra Costa,Richmond,INDUSTRIAL,URBAN AND CENTER CITY,Bay Area Air Quality Management District,1980-01-01,,"1065 7TH ST., RICHMOND",94801.0,urban-centre
060130007,Rodeo,38.034331,-122.270336,12.0,California,Contra Costa,Rodeo,RESIDENTIAL,URBAN AND CENTER CITY,Bay Area Air Quality Management District,2002-04-01,,"326 THIRD STREET, Rodeo",94572.0,urban-centre
060130008,060130008,37.936,-122.0262,27.0,California,Contra Costa,Concord,COMMERCIAL,SUBURBAN,Bay Area Air Quality Management District,2005-08-29,,"2956-A TREAT BLVD, CONCORD, CA",,urban-periphery
060131001,Crockett - Kendall Ave,38.05492,-122.233229,76.0,California,Contra Costa,Crockett,INDUSTRIAL,SUBURBAN,Bay Area Air Quality Management District,1979-01-01,,"KENDALL AVE,Crockett",94525.0,urban-periphery
060131002,Bethel Island,38.006311,-121.641918,-2.0,California,Contra Costa,Bethel Island,AGRICULTURAL,RURAL,Bay Area Air Quality Management District,1980-01-01,,5551 BETHEL ISLAND RD,94561.0,rural
060131003,San Pablo - El Portal Center,37.9642,-122.3403,15.0,California,Contra Costa,San Pablo,COMMERCIAL,URBAN AND CENTER CITY,Bay Area Air Quality Management District,1996-10-30,,"UNIT 759 EL PORTAL SHOPPING CENTER, San Pablo",94806.0,urban-centre
060131004,San Pablo,37.9604,-122.356811,20.0,California,Contra Costa,San Pablo,COMMERCIAL,URBAN AND CENTER CITY,Bay Area Air Quality Management District,2002-09-05,,"1865 D RUMRILL BLVD, San Pablo",94806.0,urban-centre
060132001,Martinez - Jones St.,38.012816,-122.134467,8.0,California,Contra Costa,Martinez,RESIDENTIAL,URBAN AND CENTER CITY,Bay Area Air Quality Management District,1973-01-01,,"521 JONES ST, Martinez",94553.0,urban-centre
060132003,Antioch,38.0096,-121.8211,2.1,California,Contra Costa,Not in a City,RESIDENTIAL,SUBURBAN,Bay Area Air Quality Management District,1989-07-12,,"1201 W. 10th Street, Antioch",94509.0,urban-periphery
060132004,Martinez - Pacheco Blvd.,38.0066,-122.0908,4.3,California,Contra Costa,Martinez,COMMERCIAL,URBAN AND CENTER CITY,Bay Area Air Quality Management District,1989-07-12,,"4333 Pacheco Blvd, Martinez, CA",94553.0,urban-centre
060132005,Walnut Creek,37.90872,-122.071,59.8,California,Contra Costa,Walnut Creek,COMMERCIAL,URBAN AND CENTER CITY,Bay Area Air Quality Management District,1989-07-12,,"1832 Parkside Dr, Walnut Creek, CA",94597.0,urban-centre
060132006,Concord - Arnold Industrial Way,38.0106,-122.0291,18.0,California,Contra Costa,Concord,COMMERCIAL,URBAN AND CENTER CITY,Bay Area Air Quality Management District,2000-05-18,,2477 Arnold Industrial Way,94520.0,urban-centre
060132007,San Ramon,37.743649,-121.934188,119.0,California,Contra Costa,San Ramon,RESIDENTIAL,SUBURBAN,Bay Area Air Quality Management District,2012-01-01,,9885 Alcosta BLVD,94583.0,urban-periphery
060133001,Pittsburg - W 10th St.,38.029258,-121.896866,2.0,California,Contra Costa,Pittsburg,RESIDENTIAL,URBAN AND CENTER CITY,Bay Area Air Quality Management District,1968-01-01,,"583 W. 10TH ST., PITTSBURG",94565.0,urban-centre
060136001,Concord,37.9395,-122.02964,24.0,California,Contra Costa,Concord,RESIDENTIAL,URBAN AND CENTER CITY,California Air Resources Board,1990-09-20,,2945 Treat Blvd.,94518.0,urban-centre
060136002,Kregor Peak,37.94311,-121.89117,577.0,California,Contra Costa,Not in a City,RESIDENTIAL,SUBURBAN,California Air Resources Board,1989-09-06,,NE of Mt. Diablo off Nortonvil,94513.0,urban-periphery
060136003,Pt. San Pablo,37.96186,-122.42333,70.0,California,Contra Costa,Richmond,RESIDENTIAL,SUBURBAN,California Air Resources Board,1989-09-01,,1900 Western Dr.,94801.0,urban-periphery
060136004,UC Richmond,37.91478,-122.33794,1.0,California,Contra Costa,Richmond,RESIDENTIAL,URBAN AND CENTER CITY,California Air Resources Board,1999-07-01,,1301 S. 46th Street,94804.0,urban-centre
060136005,San Ramon,37.7436,-121.9341,119.0,California,Contra Costa,San Ramon,RESIDENTIAL,URBAN AND CENTER CITY,California Air Resources Board,2011-12-14,,"9867 Del Mar Drive, San Ramon, CA",94583.0,urban-centre
060150002,Redwood NP,41.560952,-124.083964,235.0,California,Del Norte,Redwood National Park,FOREST,RURAL,National Park Service,1987-11-01,,"N OF KLAMATH RIVER, REDWOOD NP",,rural
060150003,Gasquet,41.845113,-123.979242,119.0,California,Del Norte,Gasquet,COMMERCIAL,RURAL,California Air Resources Board,1988-06-01,,"AIRPORT-HWY 199, GASQUET",,rural
060150005,"OPEN AREA NEXT TO FOREST, AT GASQUEST RANGER DISTRICT OFFICE",41.833168,-123.967853,122.0,California,Del Norte,Gasquet,FOREST,RURAL,California Air Resources Board,1983-03-01,,"10600 US HIGHWAY 199, GASQUET, CA",,rural
060150007,Crescent City-Crescent Elk School,41.75613,-124.20347,13.0,California,Del Norte,Crescent City,RESIDENTIAL,URBAN AND CENTER CITY,North Coast Unified Air Quality Management District,2016-10-01,,"994 G Street, Crescent City, CA 95531",95531.0,urban-centre
060152003,Klamath Glen E-BAM,41.513803,-123.996283,13.0,California,Del Norte,Klamath,RESIDENTIAL,RURAL,"Yurok Tribe of the Yurok Reservation, CA",2006-05-03,,Corner of Terwer rd. and Maple road,95548.0,rural
060170011,South Lake Tahoe-Sandy Way,38.944979,-119.970609,1905.0,California,El Dorado,South Lake Tahoe,COMMERCIAL,URBAN AND CENTER CITY,California Air Resources Board,1992-12-01,," 3337 Sandy Way, South Lake Tahoe, CA",96150.0,urban-centre
060170020,Cool,38.890941,-121.003373,0.0,California,El Dorado,Not in a City,AGRICULTURAL,RURAL,California Air Resources Board,1996-06-01,,"1400 AMERICAN RIVER TRAIL, COOL",95614.0,rural
060172002,Shingle Springs-Ponderosa HS,38.673793,-120.942162,462.0,California,El Dorado,Shingle Springs,RESIDENTIAL,RURAL,El Dorado County APCD,1989-07-01,,"PONDEROSA HI SCH, SHINGLE SPRINGS",,rural
060172004,PLACERVILLE- CANAL STREET,38.73196,-120.81162,608.99,California,El Dorado,Placerville,RESIDENTIAL,URBAN AND CENTER CITY,California Air Resources Board,2022-06-16,,"561 CANAL STREET, PLACERVILLE, CA 95667",95667.0,urban-centre
060179000,Bliss SP,38.976,-120.103506,2131.0,California,El Dorado,Not in a City,FOREST,RURAL,National Park Service,1990-11-17,,Bliss SP (TRPA);,96150.0,rural
060179001,Lake Tahoe Community College,38.9248,-119.97,1935.0,California,El Dorado,South Lake Tahoe,FOREST,RURAL,National Park Service,2014-02-24,,"1275 Meadow Crest Dr, South Lake Tahoe, CA 96150",96150.0,rural
060179002,Bliss SP (TRPA),38.98,-120.1,2105.25,California,El Dorado,Not in a City,FOREST,RURAL,National Park Service,2020-01-20,,Bliss SP (TRPA),96142.0,rural
060190006,Fresno-Herndon,36.837448,-119.851261,98.0,California,Fresno,Fresno,,,Fresno County APCD,1985-01-01,,"4232 HERNDON SKYPA., FRESNO",,unknown
060190007,Fresno-Drummond,36.705474,-119.741332,89.0,California,Fresno,Not in a City,COMMERCIAL,SUBURBAN,San Joaquin Valley Unified Air Pollution Control District,1984-07-01,,"4706 E. DRUMMOND ST., FRESNO",93725.0,urban-periphery
060190008,"3425 N FIRST ST, FRESNO",36.781333,-119.77319,96.0,California,Fresno,Fresno,RESIDENTIAL,SUBURBAN,California Air Resources Board,1990-01-01,,"3425 N FIRST ST, FRESNO",93726.0,urban-periphery
060190011,Fresno - Garland,36.78538,-119.77321,96.0,California,Fresno,Fresno,COMMERCIAL,URBAN AND CENTER CITY,California Air Resources Board,2011-12-23,,"3727 N FIRST ST, FRESNO",93726.0,urban-centre
060190242,Fresno-Sky Park,36.841592,-119.874739,65.0,California,Fresno,Fresno,RESIDENTIAL,SUBURBAN,San Joaquin Valley Unified Air Pollution Control District,1987-01-01,,"SIERRA SKYPARK#2-BLYTHE & CHNNLT, FRESNO",93722.0,urban-periphery
060190500,Table Mountain Air Monitoring Site,36.985119,-119.658339,207.0,California,Fresno,Not in a City,AGRICULTURAL,RURAL,Table Mountain Rancheria,2015-09-18,,Milerton Road and Winchell Cove Road,93626.0,rural
060192008,Huron,36.198672,-120.101096,113.08,California,Fresno,Huron,RESIDENTIAL,RURAL,San Joaquin Valley Unified Air Pollution Control District,2009-09-01,,"16875 4th Street Huron, CA 93234",93234.0,rural
060192009,Tranquillity,36.634225,-120.382331,58.83,California,Fresno,Not in a City,AGRICULTURAL,RURAL,San Joaquin Valley Unified Air Pollution Control District,2009-09-01,,32650 West Adams Avenue Tranquillity CA 93668,93668.0,rural
060192016,Fresno-Foundry,36.710833,-119.7775,87.0,California,Fresno,Fresno,INDUSTRIAL,URBAN AND CENTER CITY,San Joaquin Valley Unified Air Pollution Control District,2016-01-01,,2482 Foundry Park Ave,93706.0,urban-centre
060194001,Parlier,36.597442,-119.503659,78.0,California,Fresno,Parlier,,,San Joaquin Valley Unified Air Pollution Control District,1983-06-01,,"9240 S. RIVERBEND, PARLIER 93648",93648.0,unknown
060195001,Clovis-Villa,36.819449,-119.716433,86.0,California,Fresno,Clovis,RESIDENTIAL,URBAN AND CENTER CITY,San Joaquin Valley Unified Air Pollution Control District,1990-09-01,,"908 N VILLA AVE, CLOVIS",93612.0,urban-centre
060195025,Fresno-Pacific,36.72639,-119.733,100.0,California,Fresno,Fresno,RESIDENTIAL,URBAN AND CENTER CITY,San Joaquin Valley Unified Air Pollution Control District,1999-12-31,,"1716 WINERY, FRESNO CA 93726",93702.0,urban-centre
060199000,Kaiser,37.22064,-119.155557,2598.0,California,Fresno,Not in a City,FOREST,RURAL,National Park Service,2000-01-01,,Kaiser,93664.0,rural
060210003,Willows-Colusa Street,39.53387,-122.190834,1.0,California,Glenn,Not in a City,AGRICULTURAL,SUBURBAN,California Air Resources Board,2006-09-13,,"720 N Colusa Street, Willows",95988.0,urban-periphery
060230005,Eureka-Union St.,40.791516,-124.17784,30.0,California,Humboldt,Eureka,INDUSTRIAL,URBAN AND CENTER CITY,Humboldt County APCD,1988-01-01,,"1656 UNION ST., EUREKA, CA. 95501",,urban-centre
060230006,Hoopa Valley Reservation,41.047117,-123.675233,1.0,California,Humboldt,Not in a City,FOREST,SUBURBAN,"Hoopa Valley Tribe, CA",1998-01-01,,"5 Loop Rd Hoopa, CA 95546",95546.0,urban-periphery
060230010,Blue Lake,40.884573,-123.99256,0.0,California,Humboldt,Blue Lake,COMMERCIAL,RURAL,California Air Resources Board,1996-08-05,,"111 Greenwood Ave, Blue Lake",,rural
060231003,Trinidad,41.050125,-124.138958,108.0,California,Humboldt,Trinidad,RESIDENTIAL,RURAL,California Air Resources Board,1988-10-01,,"570 EWING, TRINIDAD, CA.",,rural
060231004,Jacobs,40.77678,-124.17949,21.0,California,Humboldt,Eureka,RESIDENTIAL,SUBURBAN,California Air Resources Board,2006-12-15,,717 SOUTH AVENUE,95503.0,urban-periphery
060232001,060232001,41.289,-123.857,150.0,California,Humboldt,Not in a city,FOREST,RURAL,"Yurok Tribe of the Yurok Reservation, CA",2001-11-01,,MOUNTAIN ROAD OFF HIGHWAY 169 22,,rural
060232002,Weitchpec E-BAM,41.191944,-123.690278,100.0,California,Humboldt,Not in a City,RESIDENTIAL,RURAL,"Yurok Tribe of the Yurok Reservation, CA",2005-07-01,,END OF WEITCHPEC SCHOOL ROAD,95546.0,rural
060237001,Blue Lake Rancheria,40.883641,-123.99843,6.5,California,Humboldt,Not in a City,RESIDENTIAL,RURAL,"Blue Lake Rancheria, CA",1998-05-01,,428 CHARTIN ROAD,95521.0,rural
060250003,Brawley-401 Main St.,32.978379,-115.534156,0.0,California,Imperial,Brawley,COMMERCIAL,URBAN AND CENTER CITY,Imperial County APCD,1982-01-01,,"401 MAIN ST., BRAWLEY",,urban-centre
060250004,Calexico-Grant Street,32.673948,-115.503884,0.0,California,Imperial,Calexico,RESIDENTIAL,SUBURBAN,Imperial County APCD,1991-01-01,,"900 GRANT STREET, CALEXICO, CA",,urban-periphery
060250005,Calexico-Ethel Street,32.67618,-115.48307,1.0,California,Imperial,Calexico,RESIDENTIAL,SUBURBAN,California Air Resources Board,1994-03-01,,"1029 ETHEL ST, CALEXICO HIGH SCHOOL",92231.0,urban-periphery
060250007,Brawley-220 Main Street,32.97833,-115.53917,0.0,California,Imperial,Brawley,COMMERCIAL,URBAN AND CENTER CITY,Imperial County APCD,2003-12-15,,"220 MAIN ST., STE 204, BRAWLEY",92227.0,urban-centre
060250010,Torres Martinez Reservation,33.379078,-116.015997,-67.0,California,Imperial,Salton Sea Beach,DESERT,RURAL,"Torres-Martinez Cahuilla Indians, California",2021-04-02,,1000 Seaview Ave,,rural
060251003,El Centro-9th Street,32.79222,-115.56306,0.0,California,Imperial,El Centro,COMMERCIAL,URBAN AND CENTER CITY,Imperial County APCD,1980-01-01,,"150 9TH ST., EL CENTRO",92243.0,urban-centre
060254003,Westmorland,33.0325,-115.62361,0.0,California,Imperial,Westmorland,AGRICULTURAL,RURAL,Imperial County APCD,1993-04-01,,"202 W FIRST STREET, WESTMORLAND",92281.0,rural
060254004,Niland-English Road,33.213611,-115.54528,0.0,California,Imperial,Not in a City,DESERT,RURAL,Imperial County APCD,1996-06-01,,"7711 ENGLISH ROAD, NILAND",92233.0,rural
060270002,WMRC/NCORE,37.360684,-118.330783,1257.0,California,Inyo,Not in a City,AGRICULTURAL,RURAL,Great Basin Unified APCD,1980-01-01,,"WMRC/NCORE, 3000 E. LINE ST., BISHOP, CA. 93514",,rural
060270003,Darwin-4th Avenue,36.267441,-117.598124,1410.0,California,Inyo,Darwin,,RURAL,Great Basin Unified APCD,1985-02-01,,"4TH AVE., DARWIN",,rural
060270004,Lone Pine PM,36.609003,-118.057809,1128.0,California,Inyo,Lone Pine,RESIDENTIAL,SUBURBAN,Great Basin Unified APCD,1980-01-01,,"Lone Pine (PM @ Hospital), 501 E. LOCUST ST., LONE PINE",93545.0,urban-periphery
060270005,Independnece-DWP#77,36.8166,-118.211207,1196.0,California,Inyo,Independence,DESERT,RURAL,Great Basin Unified APCD,1982-01-01,,"DWP#77-1 MI NNE OFF HWY 395,INDEPENDENCE",,rural
060270006,060270006,36.904933,-118.23982,1170.0,California,Inyo,Independence,UNKNOWN,RURAL,Great Basin Unified APCD,1982-01-01,,"1 MI S. OF SAWMILL, KETCHM, INDEPENDENCE",,rural
060270008,060270008,36.783265,-118.150926,1174.0,California,Inyo,Independence,UNKNOWN,RURAL,Great Basin Unified APCD,1982-01-01,,"1.3 MI S. MAZOURKA CYN RD., INDEPENDENCE",,rural
060270009,060270009,36.783821,-118.151204,1174.0,California,Inyo,Independence,UNKNOWN,UNKNOWN,Great Basin Unified APCD,1982-01-01,,"3SE PUMP #67, INDEPENDENCE",,unknown
060270011,Big Pine-Steward's Ranch,37.177152,-118.233989,1234.0,California,Inyo,Big Pine,AGRICULTURAL,RURAL,Great Basin Unified APCD,1985-08-01,,"STEWARD'S RANCH, BIG PINE",,rural
060270012,Olancha-Post Office,36.281605,-118.005638,1097.0,California,Inyo,Olancha,,,Great Basin Unified APCD,1985-11-01,,"P.O., HIWY 395, OLANCHA",,unknown
060270014,Bishop-125 S. Main St.,37.36104,-118.394276,0.0,California,Inyo,Bishop,COMMERCIAL,SUBURBAN,Great Basin Unified APCD,1986-10-01,,"125 S. MAIN STREET, BISHOP, CA. 93514",,urban-periphery
060270015,Bishop-157 Short Street,37.360762,-118.394832,1256.0,California,Inyo,Bishop,COMMERCIAL,URBAN AND CENTER CITY,Great Basin Unified APCD,1989-12-01,,"157 SHORT STREET, BISHOP, CA 93514",,urban-centre
060270016,Olancha-661 Fall Road,36.275495,-117.990638,1097.0,California,Inyo,Olancha,AGRICULTURAL,RURAL,Great Basin Unified APCD,1992-12-01,," 661 FALL ROAD, OLANCHA, CA 93549",,rural
060270017,Bishop-351 N. Main St.,37.364096,-118.395665,1256.0,California,Inyo,Bishop,COMMERCIAL,URBAN AND CENTER CITY,Great Basin Unified APCD,1993-03-01,," 351 N. MAIN STREET, BISHOP, CA 93514",,urban-centre
060270019,Lone Pine MET,36.607556,-118.047709,0.0,California,Inyo,Lone Pine,DESERT,RURAL,Great Basin Unified APCD,1980-01-01,,Lone Pine MET @ SEWER PONDS,93545.0,rural
060270020,Coso Gate,36.057185,-117.861369,0.0,California,Inyo,Not in a City,DESERT,RURAL,Great Basin Unified APCD,1985-01-01,,COSO GATE,,rural
060270022,Dirty Socks,36.326172,-117.95512,0.0,California,Inyo,Not in a City,DESERT,RURAL,Great Basin Unified APCD,1999-06-01,,"DIRTY SOCKS, HWY 190",93549.0,rural
060270023,Olancha-Well 404,36.280597,-118.011661,1119.0,California,Inyo,Olancha,DESERT,RURAL,Great Basin Unified APCD,2019-07-01,,"Olancha, Well 404, ~0.5 miles west of Olancha",93549.0,rural
060270024,Flat Rock,36.419994,-117.836753,1133.0,California,Inyo,Not in a City,DESERT,RURAL,Great Basin Unified APCD,2000-11-01,,FLAT ROCK - HIGHWAY 190 - 1 MILE W OF HWY 136 JUNCTION,,rural
060270025,Shell Cut,36.366319,-117.897609,1104.0,California,Inyo,Not in a City,DESERT,RURAL,Great Basin Unified APCD,2000-11-01,,"SHELL CUT, HIGHWAY 190",93549.0,rural
060270026,Bill Stanley,36.361932,-118.01068,1104.0,California,Inyo,Not in a City,DESERT,RURAL,Great Basin Unified APCD,2004-01-28,,"BILL STANLEY, US HWY 395, 17 miles south of Lone Pine",93549.0,rural
060270027,Laws-Joe Smith Road,37.407244,-118.345308,1500.0,California,Inyo,Laws,COMMERCIAL,RURAL,Great Basin Unified APCD,2004-09-01,,LAWS - JOE SMITH ROAD,,rural
060270028,Lizard Tail,36.54314,-117.941827,1098.0,California,Inyo,Not in a City,DESERT,RURAL,Great Basin Unified APCD,2008-01-16,,"LIZARD TAIL, NE Shoreline Owens Lake",93549.0,rural
060270029,North Beach,36.542229,-117.990067,1612.0,California,Inyo,Not in a City,DESERT,RURAL,Great Basin Unified APCD,2008-11-25,,"NORTH BEACH, North Shoreline Owens Lake",93549.0,rural
060270030,Mill Site,36.458104,-117.851888,1103.0,California,Inyo,Not in a City,DESERT,RURAL,Great Basin Unified APCD,2011-05-04,,"MILL SITE, East Shoreline Owens Lake, near Highway 136",93549.0,rural
060270031,Lone Pine,36.607215,-118.05473,1612.0,California,Inyo,Not in a City,RESIDENTIAL,RURAL,Great Basin Unified APCD,2020-12-01,,Lone Pine Permanent Monitoring Site (est 2020),93545.0,rural
060270101,Death Valley NP - Park Village,36.508611,-116.847778,125.0,California,Inyo,Not in a City,DESERT,RURAL,National Park Service,1993-01-01,,"DEATH VALLEY NM, DEATH VALLEY, CA",92328.0,rural
060271001,Coso Junction,36.049402,-117.943927,1027.0,California,Inyo,Not in a City,,,Great Basin Unified APCD,1980-01-01,,"COSO JUNCTION REST AREA, HWY 395",93549.0,unknown
060271003,Keeler,36.487823,-117.871036,1097.0,California,Inyo,Keeler,RESIDENTIAL,RURAL,Great Basin Unified APCD,1994-07-01,,"KEELER, 190 Cerro Gordo Road",93530.0,rural
060271018,Lone Pine Paiute-Shoshone Reservation,36.595556,-118.049167,1128.0,California,Inyo,Lone Pine,DESERT,RURAL,"Paiute-Shoshone Indians of the Lone Pine Community of Lone Pine Reservation,CA",2003-05-22,,1101 E-SHA LANE,93545.0,rural
060271023,Bishop Tribe EMO,37.362137,-118.417478,1288.55,California,Inyo,Bishop,RESIDENTIAL,RURAL,"Paiute-Shoshone Indians of Bishop Community of Bishop Colony, CA",2005-01-01,,50 TU SU LANE,93514.0,rural
060271028,Fort Independence Indian Community,36.834957,-118.226677,1201.04,California,Inyo,Independence,DESERT,RURAL,"Fort Independence Indian Community of Paiute Indians of Ft Independence, CA",2005-01-25,,"789 N. WILLOW STREET, INDEPENDENCE",93526.0,rural
060271033,Stn.1 Big Pine Paiute site,37.155494,-118.293547,1236.0,California,Inyo,Big Pine,RESIDENTIAL,RURAL,Big Pine Paiute Tribe of the Owens Valley,2006-12-05,,School St.,93513.0,rural
060272000,Big Pine Paiute Stn. 2,37.155442,-118.29448,1236.0,California,Inyo,Big Pine,RESIDENTIAL,RURAL,Big Pine Paiute Tribe of the Owens Valley,2007-06-04,,Richard St,93513.0,rural
060290007,Edison,35.345607,-118.851825,425.0,California,Kern,Not in a City,AGRICULTURAL,RURAL,California Air Resources Board,1980-01-01,,"JOHNSON FARM, EDISON, CA. 93320",93307.0,rural
060290008,Maricopa,35.051454,-119.40262,289.0,California,Kern,Maricopa,RESIDENTIAL,SUBURBAN,San Joaquin Valley Unified Air Pollution Control District,1988-01-01,,"755 Stanislaus St., Maricopa CA 93352",93252.0,urban-periphery
060290010,Bakersfield-Golden / M St,35.385574,-119.015009,151.0,California,Kern,Bakersfield,COMMERCIAL,URBAN AND CENTER CITY,San Joaquin Valley Unified Air Pollution Control District,1994-06-01,,"2820 M St., Bakersfield, CA 93301",93301.0,urban-centre
060290011,Mojave,35.050551,-118.147294,853.0,California,Kern,Mojave,MOBILE,RURAL,California Air Resources Board,1993-07-01,," 923 POOLE STREET, MOJAVE, CA 93501",93501.0,rural
060290012,Ridgecrest,35.630234,-117.669786,723.0,California,Kern,Ridgecrest,MOBILE,URBAN AND CENTER CITY,Great Basin Unified APCD,1993-03-01,," 100 LAS FLORES AVENUE, RIDGECREST, CA",,urban-centre
060290014,Bakersfield-California,35.356615,-119.062613,0.0,California,Kern,Bakersfield,MOBILE,URBAN AND CENTER CITY,California Air Resources Board,1994-03-01,,"5558 California Ave., Bakersfield CA 93309",93309.0,urban-centre
060290015,Ridgecrest-California Ave,35.62109,-117.67296,701.0,California,Kern,Ridgecrest,COMMERCIAL,URBAN AND CENTER CITY,Kern County APCD,1999-06-01,,"100 WEST CALIFORNIA AVE, RIDGECREST, CA",93555.0,urban-centre
060290016,Bakersfield-Airport (Planz),35.324636,-118.997627,0.0,California,Kern,Bakersfield,COMMERCIAL,SUBURBAN,California Air Resources Board,2000-02-18,,"410 E. PLANZ RD. BAKERSFIELD, CA  93307",93307.0,urban-periphery
060290017,Canebrake,35.72771,-118.13774,914.4,California,Kern,Not in a City,DESERT,RURAL,California Air Resources Board,2009-01-01,,"3147 Highway 178, Canebrake",93255.0,rural
060290018,Ridgecrest-Ward,35.642943,-117.715066,717.0,California,Kern,Ridgecrest,DESERT,URBAN AND CENTER CITY,Kern County APCD,2017-11-01,,"2051 Ward, Ridgecrest CA",93555.0,urban-centre
060290020,Mojave-Pat Avenue,35.04944,-118.18893,853.0,California,Kern,Mojave,RESIDENTIAL,SUBURBAN,California Air Resources Board,2023-02-13,,3200 Pat Avenue,93501.0,urban-periphery
060290232,Oildale,35.438035,-119.016787,180.0,California,Kern,Oildale,INDUSTRIAL,SUBURBAN,California Air Resources Board,1980-01-01,,"3311 Manor St, Oildale CA 93308",93308.0,urban-periphery
060291001,China Lake,35.624678,-117.670897,697.0,California,Kern,China Lake (Naval Weapons Center),,RURAL,Kern County APCD,1979-01-01,,"POWERLINE RD, CHINA LAKE",,rural
060292009,Lebec,34.841567,-118.860588,1063.14,California,Kern,Not in a City,AGRICULTURAL,RURAL,San Joaquin Valley Unified Air Pollution Control District,2009-01-01,,"1277 Beartrap Road Lebec, CA 93243",93243.0,rural
060292012,Bakersfield-Muni,35.331612,-118.999961,145.0,California,Kern,Bakersfield,COMMERCIAL,URBAN AND CENTER CITY,San Joaquin Valley Unified Air Pollution Control District,2012-06-01,,2000 South Union Ave. Bakersfield CA  93307,93307.0,urban-centre
060292019,Bakersfield-Westwind,35.376953,-119.043889,87.0,California,Kern,Bakersfield,INDUSTRIAL,URBAN AND CENTER CITY,San Joaquin Valley Unified Air Pollution Control District,2019-01-01,,2001 Westwind Drive,93301.0,urban-centre
060293002,Mojave - Airport Bldg 58,35.066636,-118.150908,3065.0,California,Kern,Mojave,DESERT,RURAL,California Air Resources Board,1989-04-01,,"AIRPORT-BLDG 58,MOJAVE",,rural
060295001,Arvin-Bear Mtn,35.208295,-118.785374,145.0,California,Kern,Arvin,AGRICULTURAL,RURAL,California Air Resources Board,1989-06-01,,"20401 BEAR MTN BLVD, ARVIN, CA., 93203",,rural
060295002,Arvin-Di Giorgio,35.23918,-118.78863,145.0,California,Kern,Arvin,AGRICULTURAL,RURAL,California Air Resources Board,2009-11-16,,"19405 BUENA VISTA BLVD, ARVIN, CA., 93203",93203.0,rural
060296001,Shafter,35.503587,-119.272606,126.0,California,Kern,Shafter,COMMERCIAL,SUBURBAN,California Air Resources Board,1989-07-01,,"548 WALKER ST., SHAFTER, CA., 93263",93263.0,urban-periphery
060299000,Boron,35.003587,-117.652004,750.0,California,Kern,Boron,DESERT,RURAL,California Air Resources Board,1995-06-01,,"26965 COTE ST.___BORON, CA",,rural
060299001,Lebec-Peace Valley/Frazier Park Roads,34.821922,-118.887598,1.0,California,Kern,Lebec,MOBILE,RURAL,California Air Resources Board,1994-01-01,,"PEACE VALLEY RD/FRAZIER PARK MTN RD, LEBEC",,rural
060299002,Lebec-Peace Valley Road,34.828839,-118.880056,1.0,California,Kern,Lebec,MOBILE,RURAL,California Air Resources Board,2000-01-01,,"PEACE VALLEY ROAD, LEBEC",,rural
060299902,Dome Lands Wilderness,35.72778,-118.138612,927.0,California,Kern,Not in a City,FOREST,RURAL,National Park Service,2000-02-02,,Dome Lands Wilderness,93255.0,rural
060310004,Corcoran-Patterson,36.102244,-119.56565,61.0,California,Kings,Corcoran,RESIDENTIAL,SUBURBAN,San Joaquin Valley Unified Air Pollution Control District,1996-10-01,,1520 PATTERSON AVE.,93212.0,urban-periphery
060310100,AGRICULTURAL SITE APPROX 150 YDS FROM INTERSECTION ARB SITE #16-718,36.10884,-119.600125,15.0,California,Kings,Corcoran,AGRICULTURAL,RURAL,California Air Resources Board,1995-11-28,,"7 1/2 & ORANGE AVE, CORCORAN, CA",,rural
060310500,Santa Rosa Rancheria,36.233274,-119.766212,68.0,California,Kings,Not in a City,AGRICULTURAL,RURAL,"Santa Rosa Indian Community of Santa Rosa Rancheria, CA",2006-08-01,,17225 Jersey Ave.,93245.0,rural
060311004,Hanford-Irwin,36.31567,-119.643447,99.0,California,Kings,Hanford,RESIDENTIAL,SUBURBAN,San Joaquin Valley Unified Air Pollution Control District,1993-09-01,,"807 SOUTH IRWIN ST., HANFORD",93230.0,urban-periphery
060333002,Lakeport-S. Main Street,39.01893,-122.91333,409.0,California,Lake,Lakeport,MOBILE,SUBURBAN,Lake County AQMD,2017-06-29,,"2617 S. Main Street, Lakeport, CA 95453",95453.0,urban-periphery
060333010,ANDERSON SPRINGS,38.77453,-122.6995,435.0,California,Lake,Middletown,FOREST,RURAL,California Air Resources Board,1983-08-01,,"11270 ANDERSON SPRINGS RD., MIDDLETOWN, CA",95461.0,rural
060333011,GLENBROOK,38.84846,-122.75797,736.0,California,Lake,Cobb,FOREST,RURAL,California Air Resources Board,1983-08-01,,"HIGH VALLEY RD, COBB, CA",95451.0,rural
060333012,HOBERG-PINE SUMMIT,38.85022,-122.7362,978.0,California,Lake,Cobb,FOREST,RURAL,California Air Resources Board,1976-05-01,,"9302 FOX DR.,  COBB, CA",95451.0,rural
060333013,TRAILER AT RESIDENCE.  RURAL COMMUNITY.,38.851292,-122.741657,800.0,California,Lake,Not in a city,FOREST,RURAL,California Air Resources Board,1989-01-01,,"15385 TRINITY RD., HOBERGS",,rural
060370016,Glendora,34.14435,-117.85036,275.0,California,Los Angeles,Glendora,RESIDENTIAL,SUBURBAN,South Coast Air Quality Management District,1980-01-01,,"840 LAUREL, GLENDORA",91740.0,urban-periphery
060370018,El Monte,34.07001,-118.068401,78.0,California,Los Angeles,El Monte,COMMERCIAL,SUBURBAN,South Coast Air Quality Management District,1985-01-01,,"915 FLAIR DRIVE, EL MONTE, CA",,urban-periphery
060370019,060370019,33.342251,-118.323128,3.0,California,Los Angeles,Avalon,RESIDENTIAL,URBAN AND CENTER CITY,South Coast Air Quality Management District,1989-12-31,,"301 CRESENT AVENUE, AVALON, CA 90704",,urban-centre
060370030,SB25 trailer at Hollenbeck School,34.035278,-118.216667,65.0,California,Los Angeles,Los Angeles,RESIDENTIAL,URBAN AND CENTER CITY,California Air Resources Board,2001-02-01,,651 S. MOTT STREET (SB 25 TRAILER),,urban-centre
060370031,Wilmington-N. Mahar Ave,33.786111,-118.246389,0.0,California,Los Angeles,West Los Angeles,RESIDENTIAL,URBAN AND CENTER CITY,California Air Resources Board,2001-05-01,,"1115 N. MAHAR AVENUE WILMINGTON, CA",,urban-centre
060370113,West Los Angeles,34.05111,-118.45636,91.0,California,Los Angeles,West Los Angeles,MOBILE,URBAN AND CENTER CITY,South Coast Air Quality Management District,1980-01-01,,"VA HOSPITAL, WEST LOS ANGELES",90025.0,urban-centre
060370201,Carson,33.886405,-118.268128,0.0,California,Los Angeles,Carson,RESIDENTIAL,SUBURBAN,South Coast Air Quality Management District,1991-01-06,,"319 SHERMAN DR-AMBLER SCHOOL, CARSON",,urban-periphery
060370202,Commerce-Ayers Ave,34.005291,-118.176738,0.0,California,Los Angeles,Commerce,INDUSTRIAL,SUBURBAN,South Coast Air Quality Management District,1991-02-05,,"2249 AYERS AVE, COMMERCE_CA",,urban-periphery
060370203,City of Industry-Volkswagon,34.041678,-118.039789,0.0,California,Los Angeles,Industry (corporate name for City of Industry),INDUSTRIAL,URBAN AND CENTER CITY,South Coast Air Quality Management District,1991-02-05,,"500 S 7TH-VOLKSWAGON, INDUSTRY, CA",,urban-centre
060370204,City of Industry-Whitco,34.041122,-118.040067,0.0,California,Los Angeles,Industry (corporate name for City of Industry),INDUSTRIAL,URBAN AND CENTER CITY,South Coast Air Quality Management District,1991-03-01,,"14755 E SALT LAKE-WHITCO, INDUSTRY, CA",,urban-centre
060370205,Commerce-AT&SF RR,34.006681,-118.192294,0.0,California,Los Angeles,Commerce,INDUSTRIAL,URBAN AND CENTER CITY,South Coast Air Quality Management District,1991-04-18,,"INDIANA & SHEILA-AT&SF RR, COMMERCE CA",,urban-centre
060371103,Los Angeles-North Main Street,34.06659,-118.22688,87.0,California,Los Angeles,Los Angeles,RESIDENTIAL,URBAN AND CENTER CITY,South Coast Air Quality Management District,1979-01-01,,"1630 N MAIN ST, LOS ANGELES",90012.0,urban-centre
060371201,Reseda,34.19925,-118.53276,226.0,California,Los Angeles,Reseda,COMMERCIAL,SUBURBAN,South Coast Air Quality Management District,1965-01-01,,"18330 GAULT ST., RESEDA",91335.0,urban-periphery
060371301,Lynwood,33.92899,-118.21071,27.0,California,Los Angeles,Lynwood,COMMERCIAL,URBAN AND CENTER CITY,South Coast Air Quality Management District,1973-01-01,,"11220 LONG BEACH BLVD., LYNWOOD",,urban-centre
060371302,Compton,33.901389,-118.205,27.0,California,Los Angeles,Compton,RESIDENTIAL,URBAN AND CENTER CITY,South Coast Air Quality Management District,2008-10-31,,700 North Bullis Road,90221.0,urban-centre
060371402,Van Nuys Airport,34.21793,-118.48757,27.0,California,Los Angeles,Los Angeles,COMMERCIAL,URBAN AND CENTER CITY,South Coast Air Quality Management District,2010-01-01,,"16345 Raymer (Lot A), Van Nuys, CA 91406-1212",91406.0,urban-centre
060371403,Uddelholm (Trojan Battery),33.954952,-118.055768,44.0,California,Los Angeles,Santa Fe Springs,INDUSTRIAL,URBAN AND CENTER CITY,South Coast Air Quality Management District,1992-11-26,,"9440 Ann Street, Santa Fe Springs, CA 90670",90670.0,urban-centre
060371404,Closet World (Quemetco),34.02637,-117.9822,91.0,California,Los Angeles,Industry (corporate name for City of Industry),INDUSTRIAL,URBAN AND CENTER CITY,South Coast Air Quality Management District,1991-01-01,,"500 S. 7th Ave. City of Industry, CA 91746",91746.0,urban-centre
060371405,Rehrig (Exide),34.006389,-118.193056,53.0,California,Los Angeles,Vernon,INDUSTRIAL,URBAN AND CENTER CITY,South Coast Air Quality Management District,2007-11-14,,"4010 E. 26th Street, Vernon, CA 90058",90023.0,urban-centre
060371406,ATSF (Exide),34.008333,-118.190556,53.0,California,Los Angeles,Commerce,INDUSTRIAL,URBAN AND CENTER CITY,South Coast Air Quality Management District,1999-01-01,,"Rail Road Yard Washington Blvd., Commerce, CA 90058",90023.0,urban-centre
060371601,060371601,34.01407,-118.06056,75.0,California,Los Angeles,Pico Rivera,COMMERCIAL,SUBURBAN,South Coast Air Quality Management District,1978-01-01,,"3713 SAN GABRIEL RIVER PKWY, PICO RIVERA",,urban-periphery
060371602,Pico Rivera #2,34.01029,-118.0685,75.0,California,Los Angeles,Pico Rivera,COMMERCIAL,SUBURBAN,South Coast Air Quality Management District,2005-09-12,,"4144 SAN GABRIEL RIVER PKWY, PICO RIVERA",90660.0,urban-periphery
060371701,Pomona,34.06703,-117.7514,270.0,California,Los Angeles,Pomona,COMMERCIAL,SUBURBAN,South Coast Air Quality Management District,1965-01-01,,"924 N. GAREY AVE., POMONA",91767.0,urban-periphery
060372005,Pasadena,34.1326,-118.1272,250.0,California,Los Angeles,Pasadena,RESIDENTIAL,URBAN AND CENTER CITY,South Coast Air Quality Management District,1981-12-01,,"752 S. WILSON AVE., PASADENA",,urban-centre
060374002,Long Beach (North),33.82376,-118.18921,6.0,California,Los Angeles,Long Beach,RESIDENTIAL,SUBURBAN,South Coast Air Quality Management District,1963-01-01,,"3648 N. LONG BEACH BLVD., LONG BEACH",,urban-periphery
060374004,Long Beach (South),33.79236,-118.17533,6.0,California,Los Angeles,Long Beach,COMMERCIAL,SUBURBAN,South Coast Air Quality Management District,2003-08-07,,"1305 E. Pacific Coast Hwy., Long Beach",90806.0,urban-periphery
060374006,Long Beach (Hudson),33.8025,-118.22,10.0,California,Los Angeles,Long Beach,INDUSTRIAL,URBAN AND CENTER CITY,South Coast Air Quality Management District,2010-01-01,,"2425 Webster St., Long Beach, CA",90810.0,urban-centre
060374008,Long Beach-Route 710 Near Road,33.859662,-118.200707,12.0,California,Los Angeles,Long Beach,INDUSTRIAL,SUBURBAN,South Coast Air Quality Management District,2015-01-01,,5895 Long Beach Blvd.,90806.0,urban-periphery
060374009,Signal Hill (LBSH),33.793713,-118.171019,8.0,California,Los Angeles,Signal Hill,COMMERCIAL,URBAN AND CENTER CITY,South Coast Air Quality Management District,2020-01-01,,1710 E. 20th Street,90755.0,urban-centre
060374010,North Hollywood (NOHO),34.181977,-118.363036,198.0,California,Los Angeles,Los Angeles,INDUSTRIAL,SUBURBAN,South Coast Air Quality Management District,2020-01-01,,10659 W. Delano Street,91606.0,urban-periphery
060374101,Santa Clarita-Honby St.,34.426663,-118.496751,383.0,California,Los Angeles,Santa Clarita,RESIDENTIAL,SUBURBAN,South Coast Air Quality Management District,1989-04-01,,"HONBY ST, SANTA CLARITA (NEWHALL)",,urban-periphery
060375001,Hawthorne,33.92288,-118.37026,21.0,California,Los Angeles,Hawthorne,COMMERCIAL,URBAN AND CENTER CITY,South Coast Air Quality Management District,1980-01-01,,"5234 W. 120TH ST., HAWTHORNE",,urban-centre
060375005,LAX Hastings,33.95507,-118.43049,21.0,California,Los Angeles,Los Angeles,RESIDENTIAL,SUBURBAN,South Coast Air Quality Management District,2004-04-09,,7201 W. WESTCHESTER PARKWAY,90045.0,urban-periphery
060375501,Felton Elementary School,33.94156,-118.3658,0.0,California,Los Angeles,Lennox,COMMERCIAL,URBAN AND CENTER CITY,US EPA/OAQPS,2009-07-22,,10417 Felton Ave,90304.0,urban-centre
060375502,Santa Anita Christian Academy,34.08723,-118.02784,0.0,California,Los Angeles,El Monte,COMMERCIAL,URBAN AND CENTER CITY,US EPA/OAQPS,2009-07-22,,4434 Santa Anita Ave,91731.0,urban-centre
060375503,Soto Street Elementary School,34.03168,-118.21674,0.0,California,Los Angeles,Los Angeles,COMMERCIAL,URBAN AND CENTER CITY,US EPA/OAQPS,2009-07-22,,1020 S. Soto Street,90023.0,urban-centre
060376002,060376002,34.387498,-118.53453,375.0,California,Los Angeles,Santa Clarita,COMMERCIAL,SUBURBAN,South Coast Air Quality Management District,1982-01-01,,"SAN FERNANDO RD, SANTA CLARITA (NEWHALL)",,urban-periphery
060376012,Santa Clarita,34.38344,-118.5284,397.0,California,Los Angeles,Santa Clarita,COMMERCIAL,SUBURBAN,South Coast Air Quality Management District,1999-01-01,,"22224 PLACERITA CANYON RD, SANTA CLARITA",,urban-periphery
060379000,Wrightwood,34.37892,-117.69211,2106.0,California,Los Angeles,Not in a City,FOREST,RURAL,National Park Service,2009-09-10,,"Wrightwood, CA",93563.0,rural
060379002,Lancaster-Ponderosa St.,34.689985,-118.13285,725.0,California,Los Angeles,Lancaster,COMMERCIAL,URBAN AND CENTER CITY,South Coast Air Quality Management District,1990-02-01,,"315 W. PONDERA ST., LANCASTER, CA",,urban-centre
060379003,SAN DIMAS (US FORESTRY) EXPERIMENTAL FOREST,34.207506,-117.763391,1150.0,California,Los Angeles,Tanbark Flats,FOREST,RURAL,California Air Resources Board,1983-03-01,,"TANBARK FLATS, SAN DIMAS US EXP FOREST",,rural
060379004,"AIR RESOURCES BOARD BUILDING, EL MONTE",34.071677,-118.06479,45.0,California,Los Angeles,El Monte,COMMERCIAL,SUBURBAN,California Air Resources Board,1982-03-01,,"9528 TELSTAR, EL MONTE, CA",,urban-periphery
060379005,EL MONTE AIRPORT - PROFILER FOR SCOS97,34.086676,-118.0209,0.0,California,Los Angeles,El Monte,COMMERCIAL,URBAN AND CENTER CITY,California Air Resources Board,1997-06-01,,4233 N SANTA ANITA - EL MONTE,,urban-centre
060379006,Palmdale-East Ave S,34.556935,-118.112573,841.0,California,Los Angeles,Palmdale,DESERT,RURAL,California Air Resources Board,1995-06-01,,"1030 EAST AVENUE S, PALMDALE",,rural
060379034,Lebec,34.813034,-118.884819,1.0,California,Los Angeles,Not in a City,MOBILE,RURAL,California Air Resources Board,2001-01-01,,"PEACE VALLEY ROAD, LEBEC",,rural
060379035,Lancaster - Fairgrounds,34.725389,-118.178601,706.5,California,Los Angeles,Lancaster,COMMERCIAL,URBAN AND CENTER CITY,Antelope Valley APCD,2022-12-21,,"2551 W. Avenue H Lancaster, CA",93536.0,urban-centre
060379401,060379401,33.74473,-118.261148,3.0,California,Los Angeles,Not in a City,INDUSTRIAL,SUBURBAN,Port of Los Angeles,2007-12-01,,"155 Ferry Street, San Pedro",90731.0,urban-periphery
060379403,060379403,33.71405,-118.274186,3.0,California,Los Angeles,Los Angeles,INDUSTRIAL,SUBURBAN,Port of Los Angeles,2007-12-01,,"Berth 47 (South end of Miner St), San Pedro",,urban-periphery
060379405,060379405,33.740983,-118.280069,3.0,California,Los Angeles,Los Angeles,INDUSTRIAL,SUBURBAN,Port of Los Angeles,2008-05-01,,"100 South Harbor Boulevard, San Pedro",90731.0,urban-periphery
060379407,060379407,33.778831,-118.2696,3.0,California,Los Angeles,Not in a City,INDUSTRIAL,SUBURBAN,Port of Los Angeles,2008-04-01,,"706 Bayview Avenue, Wilmington",90744.0,urban-periphery
060379934,San Gabriel Wilderness,34.296915,-118.029093,1791.0,California,Los Angeles,Not in a City,FOREST,RURAL,National Park Service,2001-12-03,,San Gabriel,93563.0,rural
060390003,Madera-Avenue 15,36.966614,-120.039884,273.0,California,Madera,Madera,AGRICULTURAL,RURAL,Madera County APCD,1988-08-01,,"ROAD 28 & AVE 15, MADERA, CA.",,rural
060390004,Madera-Pump Yard,36.867125,-120.010158,0.0,California,Madera,Madera,AGRICULTURAL,RURAL,San Joaquin Valley Unified Air Pollution Control District,1997-07-01,,RD. 29 1/2 NO. OF AVE 8 MADERA COUNTY,93637.0,rural
060390500,Picayune Rancheria,37.2136,-119.699065,632.5,California,Madera,Not in a City,COMMERCIAL,RURAL,Picayune Rancheria of Chukchansi Indians of California,2011-08-02,,"46575 Road 417 Coarsegold, CA   93614",93614.0,rural
060392010,Madera-City,36.953256,-120.034203,83.52,California,Madera,Madera,COMMERCIAL,SUBURBAN,San Joaquin Valley Unified Air Pollution Control District,2010-07-16,,28261 Avenue 14 Madera CA 93638,93638.0,urban-periphery
060410001,San Rafael,37.97231,-122.520004,3.0,California,Marin,San Rafael,COMMERCIAL,URBAN AND CENTER CITY,Bay Area Air Quality Management District,1967-01-01,,534 4TH ST.,94901.0,urban-centre
060410002,Point Reyes National Seashore,38.122979,-122.90944,76.0,California,Marin,Point Reyes National Seashore,FOREST,RURAL,National Park Service,1987-11-01,,"N RANGER STATION, POINT REYES NS",,rural
060410004,Ft. Cronkhite,37.832725,-122.527658,6.0,California,Marin,Not in a City,FOREST,RURAL,Bay Area Air Quality Management District,1987-03-01,,FT. CRONKHITE BLDG 1111,94965.0,rural
060412001,Forest Knolls,38.015136,-122.689531,75.0,California,Marin,Lagunitas-Forest Knolls,RESIDENTIAL,RURAL,Bay Area Air Quality Management District,2013-01-16,,6 Castro Street,94933.0,rural
060416001,Mt. Tamalpais,37.92736,-122.58844,762.0,California,Marin,Not in a City,RESIDENTIAL,SUBURBAN,California Air Resources Board,1989-07-28,,Middle Peak,94930.0,urban-periphery
060416002,Valley Ford,38.30836,-122.89744,23.0,California,Marin,Not in a City,RESIDENTIAL,SUBURBAN,California Air Resources Board,1989-07-01,,"Hwy 1, nr. Valley Ford Rd.",94952.0,urban-periphery
060430003,Yosemite NP,37.71325,-119.7062,1599.0,California,Mariposa,Not in a City,FOREST,RURAL,National Park Service,1988-01-01,,"TURTLEBACK DOME, YOSEMITE NATL' PK 95389",95389.0,rural
060430004,Yosemite National Park - Wawona Valley,37.542436,-119.659602,1280.0,California,Mariposa,Yosemite National Park,FOREST,RURAL,National Park Service,1986-08-01,,"WAWONA VALLEY, YOSEMITE NP",,rural
060430006,Jerseydale,37.54377,-119.83957,0.0,California,Mariposa,Not in a City,FOREST,RURAL,California Air Resources Board,1995-07-01,,"6440 JERSEYDALE ROAD, JERSEYDALE",95338.0,rural
060431001,Yosemite NP-Yosemite Village Vistor Center,37.748707,-119.587094,1216.0,California,Mariposa,Yosemite Valley,,,National Park Service,1980-01-01,,Yosemite NP-Yosemite Village Vistor Center,95389.0,unknown
060431002,Yosemite National Park - Mobile 1,37.7481,-119.5917,1219.0,California,Mariposa,Yosemite National Park,FOREST,RURAL,National Park Service,2007-04-27,,Yosemite National Park - Mobile 1,95389.0,rural
060450002,Fort Bragg-North Franklin Street,39.445723,-123.803905,14.0,California,Mendocino,Fort Bragg,COMMERCIAL,URBAN AND CENTER CITY,Mendocino County APCD,1980-01-01,,"416 N. FRANKLIN ST., FORT BRAGG",,urban-centre
060450006,Ukiah-Library,39.15047,-123.20655,0.0,California,Mendocino,Ukiah,COMMERCIAL,SUBURBAN,Mendocino County APCD,1987-04-01,,"105 N MAIN ST, UKIAH, CA 95482",95482.0,urban-periphery
060450010,Fort Bragg-300 Dana Street,39.43734,-123.78766,48.5,California,Mendocino,Fort Bragg,RESIDENTIAL,SUBURBAN,Mendocino County APCD,2011-08-01,,"300 Dana Street, Fort Bragg, CA 95437",95437.0,urban-periphery
060450011,Ukiah-Municipal Airport,39.125276,-123.202448,186.0,California,Mendocino,Ukiah,MOBILE,SUBURBAN,Mendocino County APCD,2024-10-03,,"1475 S State Street, Ukiah, CA",95482.0,urban-periphery
060452003,Willits-Blosser Lane,39.39861,-123.35872,430.0,California,Mendocino,Willits,RESIDENTIAL,SUBURBAN,Mendocino County APCD,2021-02-04,,"1277 Blosser Lane, Willits",95490.0,urban-periphery
060470004,Merced-18th St.,37.302163,-120.481579,51.0,California,Merced,Merced,AGRICULTURAL,URBAN AND CENTER CITY,Merced County APCD,1991-11-01,,"415 W. 18TH STREET, MERCED, CA 95349",,urban-centre
060470100,SITE @ MERCED COUNTY ADULT CORRECTIONAL FACILITY-NW CORNER OF JAIL,37.192443,-120.5388,10.0,California,Merced,Not in a city,AGRICULTURAL,RURAL,California Air Resources Board,1995-11-28,,2548 WEST SANDY MUSH RD,,rural
060472024,Merced-Vierra,37.289732,-120.429718,57.3,California,Merced,Merced,RESIDENTIAL,SUBURBAN,San Joaquin Valley Unified Air Pollution Control District,2024-01-01,,"3076 E Childs Ave Merced, CA 95341",95341.0,urban-periphery
060472510,Merced-M St,37.30832,-120.480456,58.0,California,Merced,Merced,COMMERCIAL,URBAN AND CENTER CITY,San Joaquin Valley Unified Air Pollution Control District,1999-04-01,,"2334 'M' ST. MERCED, CA",95340.0,urban-centre
060490002,060490002,41.494336,-120.544123,1335.0,California,Modoc,Alturas,COMMERCIAL,SUBURBAN,Modoc County APCD,1987-01-01,,"1610 OAK ST., ALTURAS",,urban-periphery
060490003,Alturas-Main St.,41.480725,-120.539956,0.0,California,Modoc,Alturas,RESIDENTIAL,SUBURBAN,Modoc County APCD,1987-06-01,,"600 S. MAIN STREET, ALTURAS, CA  96101",,urban-periphery
060510001,Mammoth Lakes,37.64571,-118.96652,2395.0,California,Mono,Mammoth Lakes,COMMERCIAL,URBAN AND CENTER CITY,Great Basin Unified APCD,1980-01-01,,"MAMMOTH, Corner of Old Mammoth Road and HWY 203,  MAMMOTH LAKES",93546.0,urban-centre
060510005,Lee Vining,37.962069,-119.120278,2067.0,California,Mono,Not in a City,,SUBURBAN,Great Basin Unified APCD,1981-01-01,,"330 Mattly Avenue, LEE VINING, 93541",93541.0,urban-periphery
060510006,060510006,37.647713,-118.974301,2408.0,California,Mono,Mammoth Lakes,UNKNOWN,UNKNOWN,Great Basin Unified APCD,1981-01-01,,"HI SCH-1320 SIERRA PK RD, MAMMOTH LAKES",,unknown
060510007,Simis Ranch,38.091428,-118.997957,1948.0,California,Mono,Not in a City,,RURAL,Great Basin Unified APCD,1980-01-01,,"SIMIS RESIDENCE - HIWY 167, MONO LAKE",93541.0,rural
060510008,060510008,38.148534,-118.86514,2103.0,California,Mono,Bodie,DESERT,RURAL,Great Basin Unified APCD,1989-09-01,,"11 MI SE ON HWY 167, BODIE",,rural
060510009,Mono Lake-East Shore,38.030481,-118.901806,1930.0,California,Mono,Mono Village,DESERT,RURAL,Great Basin Unified APCD,1991-09-01,,"WARM SPRINGS RD-EAST SHORE, MONO LAKE",,rural
060510010,PLES-HWY 395,37.646878,-118.9218,0.0,California,Mono,Not in a City,DESERT,RURAL,Great Basin Unified APCD,1990-01-01,,PLES-HIGHWAY 395,,rural
060510011,Mono Shore,38.069711,-118.947738,1957.0,California,Mono,Not in a City,DESERT,RURAL,Great Basin Unified APCD,2000-01-01,,"MONO SHORE, HWY 167, 10 Mile Road, N shore Mono Lake",93541.0,rural
060510012,Meadowlark Farm,37.669444,-118.414722,1403.0,California,Mono,Not in a City,AGRICULTURAL,RURAL,Great Basin Unified APCD,2000-10-01,,HAMMILL VALLEY - 693 RAWSON RANCH RD,,rural
060519000,Hoover,38.088023,-119.178069,2561.0,California,Mono,Not in a City,FOREST,RURAL,National Park Service,2001-01-01,,Hoover,93541.0,rural
060530002,Carmel Valley,36.48187,-121.73333,131.0,California,Monterey,Carmel Valley Village,RESIDENTIAL,SUBURBAN,Monterey Bay Unified APCD,1980-01-01,,35 Ford Road,93924.0,urban-periphery
060530008,King City 2,36.209286,-121.126371,6.0,California,Monterey,King City,RESIDENTIAL,URBAN AND CENTER CITY,Monterey Bay Unified APCD,2007-05-25,,415 Pearl Street,93930.0,urban-centre
060531003,Salinas 3,36.694261,-121.623271,21.6,California,Monterey,Salinas,RESIDENTIAL,URBAN AND CENTER CITY,Monterey Bay Unified APCD,1999-12-31,,867 E. LAUREL Dr,93906.0,urban-centre
060550004,Napa Valley College,38.278849,-122.275024,10.0,California,Napa,Napa,RESIDENTIAL,SUBURBAN,Bay Area Air Quality Management District,2018-04-01,,Magnolia Drive and Route 221,94558.0,urban-periphery
060556001,Napa College,38.2785,-122.27825,2.0,California,Napa,Napa,RESIDENTIAL,SUBURBAN,California Air Resources Board,1970-03-08,,2277 Napa-Vallejo Highway,94558.0,urban-periphery
060570002,Nevada City,39.267394,-121.006337,777.0,California,Nevada,Nevada City,RESIDENTIAL,SUBURBAN,Northern Sierra AQMD,1989-07-01,,"10433 WILLOW VALLEY RD., NEVADA CITY, CA",,urban-periphery
060570003,060570003,39.116562,-121.042725,503.0,California,Nevada,Grass Valley,RESIDENTIAL,SUBURBAN,Northern Sierra AQMD,1991-03-06,,"16607 ANNIE DRIVE, GRASS VALLEY, CA",,urban-periphery
060570005,Grass Valley-Litton Building,39.233477,-121.055608,853.0,California,Nevada,Grass Valley,RESIDENTIAL,SUBURBAN,Northern Sierra AQMD,1993-06-01,,"200 LITTON DR.,  GRASS VALLEY, CA",95945.0,urban-periphery
060570006,Grass Valley-Brunswick Road,39.234061,-121.029948,793.0,California,Nevada,Grass Valley,MOBILE,SUBURBAN,Northern Sierra AQMD,1993-12-01,," 10002 BRUNSWICK ROAD, GRASS VALLEY, CA",,urban-periphery
060571001,Truckee-Fire Station,39.32783,-120.184592,5500.0,California,Nevada,Truckee,RESIDENTIAL,URBAN AND CENTER CITY,Northern Sierra AQMD,1987-12-01,,"FS-10049 DONNER PASS RD, TRUCKEE",96161.0,urban-centre
060571002,WET DEP SAMPLER LOCATED ON 40 FOOT TOWER,39.324905,-120.367703,2063.0,California,Nevada,Soda Springs,FOREST,RURAL,California Air Resources Board,1985-08-01,,"SOD SPRINGS-DONNER, USDA FOREST SERVICE",,rural
060590001,Anaheim (1010 Harbor Blvd),33.821353,-117.91427,128.0,California,Orange,Anaheim,RESIDENTIAL,SUBURBAN,South Coast Air Quality Management District,1957-01-01,,1010 S. Harbor Blvd.,92805.0,urban-periphery
060590004,060590004,33.65502,-117.88589,18.0,California,Orange,Newport Beach,RESIDENTIAL,SUBURBAN,South Coast Air Quality Management District,1991-07-01,,"2300 UNIVERSITY DRIVE, NEWPORT BEACH,",,urban-periphery
060590007,Anaheim,33.83062,-117.93845,10.0,California,Orange,Anaheim,RESIDENTIAL,SUBURBAN,South Coast Air Quality Management District,2001-09-01,,1630 W. PAMPAS LANE,92802.0,urban-periphery
060590008,Anaheim Near-Road,33.819305,-117.918759,44.0,California,Orange,Anaheim,MOBILE,URBAN AND CENTER CITY,South Coast Air Quality Management District,2014-01-01,,"812 W. Vermont St., Anaheim, CA 92802",92805.0,urban-centre
060592001,El Toro,33.627244,-117.691163,137.0,California,Orange,El Toro,RESIDENTIAL,SUBURBAN,South Coast Air Quality Management District,1973-01-01,,"23022 EL TORO RD., EL TORO",,urban-periphery
060592022,Mission Viejo,33.63003,-117.67593,161.0,California,Orange,Mission Viejo,RESIDENTIAL,SUBURBAN,South Coast Air Quality Management District,1999-06-01,,"26081 VIA PERA, MISSION VIEJO, CA 92691",,urban-periphery
060595001,La Habra,33.92513,-117.95264,82.0,California,Orange,La Habra,RESIDENTIAL,SUBURBAN,South Coast Air Quality Management District,1967-01-01,,"621 W. LAMBERT, LA HABRA",,urban-periphery
060598002,ROOF OF THE CITY LIBRARY,33.831404,-117.919226,45.0,California,Orange,Anaheim,COMMERCIAL,URBAN AND CENTER CITY,California Air Resources Board,1985-08-01,,"500 WEST BROADWAY, ANAHEIM",,urban-centre
060610002,Auburn - Dewitt - C Avenue,38.93767,-121.104921,400.0,California,Placer,Auburn,MOBILE,SUBURBAN,Placer County APCD,1980-01-01,,"DEWITT-108 'C' AVE, AUBURN",95603.0,urban-periphery
060610003,Auburn-Atwood,38.93568,-121.09959,400.0,California,Placer,Auburn,MOBILE,SUBURBAN,Placer County APCD,2011-06-01,,"11645 Atwood Street, Auburn",95603.0,urban-periphery
060610004,Colfax-City Hall,39.100174,-120.953832,768.0,California,Placer,Colfax,RESIDENTIAL,SUBURBAN,Placer County APCD,1989-10-01,,"CITY HALL-33 S MAIN ST, COLFAX",,urban-periphery
060610006,Roseville-N Sunrise Ave,38.74643,-121.26498,48.0,California,Placer,Roseville,MOBILE,SUBURBAN,California Air Resources Board,1993-01-13,," 151 NO SUNRISE BLVD, ROSEVILLE, CA",95678.0,urban-periphery
060611002,Tahoe City-300 N. Lake Blvd,39.169629,-120.142136,2000.0,California,Placer,Tahoe City,MOBILE,URBAN AND CENTER CITY,Placer County APCD,1982-01-01,,"300 N. LAKE BLVD., TAHOE CITY",,urban-centre
060611003,Colfax-10 W. Church St.,39.101563,-120.967721,2420.0,California,Placer,Colfax,RESIDENTIAL,SUBURBAN,Placer County APCD,1988-04-01,,"10 W. CHURCH ST., COLFAX, CA. 95713",,urban-periphery
060611004,Tahoe City-Fairway Drive,39.166017,-120.148833,1915.67,California,Placer,Tahoe City,COMMERCIAL,URBAN AND CENTER CITY,Placer County APCD,2011-11-30,,"221 Fairway Drive, Tahoe City, CA 96145",96145.0,urban-centre
060611005,NEIGHBORHOOD AREA SURROUNDED BY FOREST - SNOWY IN WINTER.....,39.210463,-120.206584,1830.0,California,Placer,Olympic Valley (Squaw Valley),RESIDENTIAL,RURAL,California Air Resources Board,1995-12-20,,"121 TIGER TAIL RD - OLYMPIC VALLEY, CA",,rural
060612001,Lincoln-L Street,38.889891,-121.307704,112.0,California,Placer,Lincoln,RESIDENTIAL,SUBURBAN,Placer County APCD,1988-02-01,,"204 'L' ST., LINCOLN, CA. 95648",95648.0,urban-periphery
060612002,Lincoln-1st Street,38.885528,-121.303144,47.0,California,Placer,Lincoln,RESIDENTIAL,SUBURBAN,Placer County APCD,2012-10-01,,"1445 1st Street, Lincoln",,urban-periphery
060612003,Lincoln-2885 Moore Road,38.867937,-121.338353,37.0,California,Placer,Lincoln,AGRICULTURAL,RURAL,Placer County APCD,2018-11-01,,"2885 MOORE ROAD, LINCOLN, CA 95648",95648.0,rural
060630002,060630002,39.76851,-120.61633,1329.0,California,Plumas,Graeagle,RESIDENTIAL,RURAL,Northern Sierra AQMD,1990-09-01,,"1211 MARICOPA TRAIL, GRAEAGLE, CA 96103",,rural
060631004,Quincy-W Main St.,39.933503,-120.943009,0.0,California,Plumas,Quincy,RESIDENTIAL,RURAL,California Air Resources Board,1986-10-01,,"80 WEST MAIN STREET, QUINCY, CA. 95971",,rural
060631006,Quincy-N Church Street,39.939567,-120.944376,3450.0,California,Plumas,Quincy,COMMERCIAL,URBAN AND CENTER CITY,Northern Sierra AQMD,1988-12-01,,"267 N. CHURCH ST., QUINCY, CA. 95971",95971.0,urban-centre
060631007,Chester-222 First Ave,40.309644,-121.227848,1403.0,California,Plumas,Chester,RESIDENTIAL,URBAN AND CENTER CITY,Northern Sierra AQMD,1993-10-01,," 222 FIRST AVENUE, CHESTER, CA 96020",96020.0,urban-centre
060631010,Portola,39.81336,-120.47069,8.0,California,Plumas,Portola,RESIDENTIAL,SUBURBAN,Northern Sierra AQMD,2013-07-01,,"420 Gulling Street, Portola, CA 96122",96122.0,urban-periphery
060650002,Banning-Allesandro,33.927794,-116.874466,722.0,California,Riverside,Banning,RESIDENTIAL,URBAN AND CENTER CITY,South Coast Air Quality Management District,1976-01-01,,"135 N. ALLESANDRO, BANNING",,urban-centre
060650003,Norco,33.92145,-117.57244,220.0,California,Riverside,Norco,RESIDENTIAL,URBAN AND CENTER CITY,South Coast Air Quality Management District,1981-01-01,,"NORCONIAN-US NFAC, NORCO",92860.0,urban-centre
060650004,Mira Loma (Bellegrave),34.007,-117.521,70.0,California,Riverside,Mira Loma,RESIDENTIAL,SUBURBAN,South Coast Air Quality Management District,2005-08-16,,10551 Bellegrave,91752.0,urban-periphery
060650006,060650006,33.491695,-117.146143,341.0,California,Riverside,Temecula,RESIDENTIAL,SUBURBAN,South Coast Air Quality Management District,1991-04-01,,"30250 RANCHO CALIFORNIA RD, TEMECULA",,urban-periphery
060650007,Blythe-449 W. Murphy St.,33.612524,-114.602179,82.0,California,Riverside,Blythe,RESIDENTIAL,SUBURBAN,South Coast Air Quality Management District,1991-05-01,,"449 W. MURPHY STREET, BLYTHE, CA 92225",,urban-periphery
060650009,Pechanga,33.447867,-117.088649,366.093,California,Riverside,Not in a City,RESIDENTIAL,SUBURBAN,"Pechanga Band of Luiseno Mission Indians of Pechanga Reservation, CA",2008-03-13,,"12705 Pechanga Rd., Temecula, CA 92592",92592.0,urban-periphery
060650010,Joshua Tree NP - Cottonwood Visitor Center,33.747236,-115.820124,943.0,California,Riverside,Joshua Tree National Monument,DESERT,RURAL,National Park Service,2018-01-31,,"Joshua Tree National Park, California",92239.0,rural
060650012,Banning Airport,33.92086,-116.85841,677.0,California,Riverside,Banning,COMMERCIAL,SUBURBAN,South Coast Air Quality Management District,1995-04-01,,"200 S. HATHAWAY ST., BANNING CA",,urban-periphery
060650016,Temecula,33.583018,-117.072202,453.0,California,Riverside,Not in a City,COMMERCIAL,SUBURBAN,South Coast Air Quality Management District,2010-10-07,,"33700 Borel Road, Winchester, CA 92596",92596.0,urban-periphery
060650500,29 Palms,33.71969,-116.1897,-8.0,California,Riverside,Indio,COMMERCIAL,RURAL,Twenty-Nine Palms Band of Mission Indians,2019-03-01,,"84245 Vista Del Norte, Indio, CA   92203",92203.0,rural
060651002,060651002,33.741688,-116.95919,469.0,California,Riverside,Hemet,MOBILE,SUBURBAN,South Coast Air Quality Management District,1984-01-01,,"880 STATE ST., HEMET",,urban-periphery
060651010,Cabazon Resource Recovery Park Station,33.590833,-116.088333,10.0,California,Riverside,Not in a City,INDUSTRIAL,RURAL,"Cabazon Band of Mission Indians, CA",2008-01-22,,90-333 Avenue 63,92274.0,rural
060651016,Morongo Air Monitoring Station,33.944713,-116.830074,720.0,California,Riverside,Banning,COMMERCIAL,RURAL,"Morongo Band of Mission Indians, CA",2004-10-01,,"12160 Santiago Rd. Banning, CA 92220",92220.0,rural
060651999,Torres Martinez Administration Site,33.56125,-116.153383,10.0,California,Riverside,Torres-Martinez I.R.,AGRICULTURAL,RURAL,"Torres-Martinez Cahuilla Indians, California",2001-08-24,,66725  MARTINEZ ROAD,92274.0,rural
060652003,College of the Desert,33.605833,-116.091944,-8.0,California,Riverside,Not in a City,AGRICULTURAL,RURAL,South Coast Air Quality Management District,2011-01-01,,"61120 1/2 Buchanan Street, Mecca, CA 92254",92274.0,rural
060652005,Mecca (Saul Martinez),33.572019,-116.063823,-11.0,California,Riverside,Mecca,AGRICULTURAL,SUBURBAN,South Coast Air Quality Management District,2014-01-01,,"65705 Johnson St., Mecca, CA 92254",92253.0,urban-periphery
060652007,Indio Amistad High School,33.72537,-116.206842,-8.0,California,Riverside,Indio,COMMERCIAL,SUBURBAN,South Coast Air Quality Management District,2024-01-01,,"44801 Golf Center Parkway, Indio CA, 92201",92201.0,urban-periphery
060653011,SAN JACINTO TOXICS SITE #1 MOUNTAIN VIEW HIGH SCHOOL,33.796533,-116.974417,459.0,California,Riverside,San Jacinto,RESIDENTIAL,RURAL,South Coast Air Quality Management District,2000-12-01,,695 YOUNG ST,,rural
060653012,SAN JACINTO TOXIC SITE #2 SCHOOL DISTRICT HEADQUARTERS,33.76485,-116.9569,471.0,California,Riverside,San Jacinto,AGRICULTURAL,RURAL,South Coast Air Quality Management District,2000-12-01,,2051 SAN JACINTO ST.,,rural
060655001,Palm Springs,33.85275,-116.54101,171.0,California,Riverside,Palm Springs,RESIDENTIAL,SUBURBAN,South Coast Air Quality Management District,1971-01-01,,"FS-590 RACQUET CLUB AVE, PALM SPRINGS",,urban-periphery
060658001,Rubidoux,33.99958,-117.41601,250.0,California,Riverside,Rubidoux,RESIDENTIAL,SUBURBAN,South Coast Air Quality Management District,1972-09-01,,"5888 MISSION BLVD., RUBIDOUX",92509.0,urban-periphery
060658005,Mira Loma (Van Buren),33.99636,-117.4924,250.0,California,Riverside,Mira Loma,RESIDENTIAL,SUBURBAN,South Coast Air Quality Management District,2005-10-25,,5130 POINSETTIA PLACE,92509.0,urban-periphery
060659000,Agua Tibia,33.463644,-116.971457,508.0,California,Riverside,Not in a City,FOREST,RURAL,National Park Service,2000-12-02,,Agua Tibia,92592.0,rural
060659001,Lake Elsinore,33.67649,-117.33098,1440.0,California,Riverside,Lake Elsinore,RESIDENTIAL,SUBURBAN,South Coast Air Quality Management District,1988-10-01,,"506 W FLINT ST, LAKE ELSINORE",,urban-periphery
060659003,Blythe-445 W Murphy Street,33.61235,-114.60209,83.8,California,Riverside,Blythe,RESIDENTIAL,SUBURBAN,California Air Resources Board,2001-07-01,,"495 W MURPHY STREET, BLYTHE",92225.0,urban-periphery
060670002,North Highlands-Blackfoot,38.71209,-121.38109,8.0,California,Sacramento,Not in a City,RESIDENTIAL,SUBURBAN,Sacramento County APCD,1980-01-01,,"7823 BLACKFOOT WAY, NORTH HIGHLANDS",95843.0,urban-periphery
060670006,Sacramento-Del Paso Manor,38.613779,-121.368014,8.0,California,Sacramento,Arden-Arcade,RESIDENTIAL,SUBURBAN,Sacramento County APCD,1980-01-01,,"DEL PASO-2701 AVALON DR, SACRAMENTO",95821.0,urban-periphery
060670010,Sacramento-1309 T Street,38.56844,-121.49311,0.0,California,Sacramento,Sacramento,RESIDENTIAL,URBAN AND CENTER CITY,California Air Resources Board,1988-12-01,,"1309 T ST., SACRAMENTO, CA. 95814",95818.0,urban-centre
060670011,Elk Grove-Bruceville,38.302591,-121.420838,6.0,California,Sacramento,Not in a City,AGRICULTURAL,RURAL,Sacramento County APCD,1992-07-01,," 12490 BRUCEVILLE RD, ELK GROVE, CA",95757.0,rural
060670012,Folsom-Natoma St.,38.683304,-121.164457,98.0,California,Sacramento,Folsom,RESIDENTIAL,SUBURBAN,Sacramento County APCD,1996-06-01,,"50 NATOMA STREET, FOLSOM",95630.0,urban-periphery
060670015,Sacramento-Bercut Drive,38.593322,-121.503795,12.8,California,Sacramento,Sacramento,COMMERCIAL,URBAN AND CENTER CITY,Sacramento County APCD,2015-10-13,,"100 Bercut Drive, Sacramento",95814.0,urban-centre
060670284,Sacramento-Branch Center #2,38.551388,-121.336666,21.0,California,Sacramento,Sacramento,RESIDENTIAL,URBAN AND CENTER CITY,California Air Resources Board,2006-04-01,,"3847 Branch Center Road, Sacramento, CA 95827",95827.0,urban-centre
060675003,Sloughhouse,38.494475,-121.211131,58.0,California,Sacramento,Not in a City,AGRICULTURAL,RURAL,Sacramento County APCD,1997-07-01,,"7250 SLOUGHHOUSE ROAD, SLOUGHHOUSE",95624.0,rural
060690002,Hollister,36.843425,-121.3621,126.0,California,San Benito,Hollister,RESIDENTIAL,RURAL,Monterey Bay Unified APCD,1980-01-01,,1979 Fairview Rd,95023.0,rural
060690003,Pinnacles NP,36.48324,-121.15688,317.0,California,San Benito,Not in a City,FOREST,RURAL,National Park Service,1986-11-07,,"Northeast entrance, Pinnacles National Park",95043.0,rural
060690004,San Juan Bautista,36.841488,-121.533444,63.0,California,San Benito,San Juan Bautista,COMMERCIAL,RURAL,Monterey Bay Unified APCD,2021-03-01,,"100 Nyland Drive, San Juan Bautista, CA. 95045",95045.0,rural
060710001,Barstow,34.89405,-117.02471,697.0,California,San Bernardino,Barstow,COMMERCIAL,URBAN AND CENTER CITY,Mojave Desert AQMD,1969-01-01,,"301 E. Mountain View, BARSTOW",92311.0,urban-centre
060710005,Crestline,34.2431,-117.27235,1384.0,California,San Bernardino,Crestline,RESIDENTIAL,RURAL,South Coast Air Quality Management District,1979-01-01,,"LAKE GREGORY-LAKE DR, CRESTLINE",,rural
060710012,Phelan-Beekley Road & Phelan Road,34.4251,-117.5898,1278.0,California,San Bernardino,Not in a City,COMMERCIAL,RURAL,Mojave Desert AQMD,1987-07-01,,"BEEKLEY & PHELAN RDS, PHELAN",92371.0,rural
060710013,Lucerne Valley-Middle School,34.40998,-116.90688,986.0,California,San Bernardino,Lucerne Valley,INDUSTRIAL,RURAL,Mojave Desert AQMD,1989-06-01,,"MIDDLE SCH-8560 ALIENTO, LUCERNE VALLEY",92356.0,rural
060710014,Victorville-Amargosa Road,34.512496,-117.330879,876.0,California,San Bernardino,Victorville,RESIDENTIAL,SUBURBAN,Mojave Desert AQMD,1991-04-01,,"14029 AMARGOSA ROAD, VICTORVILLE, CA",,urban-periphery
060710015,Trona-Athol,35.774954,-117.367557,498.0,California,San Bernardino,Trona,INDUSTRIAL,SUBURBAN,Mojave Desert AQMD,1993-01-01,," 83732 TRONA ROAD, TRONA, CA 93563",,urban-periphery
060710017,Twenty Nine Palms-Adobe,34.141946,-116.055836,607.0,California,San Bernardino,Twentynine Palms,MOBILE,URBAN AND CENTER CITY,Mojave Desert AQMD,1993-03-14,," 6136 ADOBE ROAD, TWENTYNINE PALMS, CA",,urban-centre
060710026,Ontario Near Road (Etiwanda),34.06812,-117.52579,300.0,California,San Bernardino,Ontario,MOBILE,URBAN AND CENTER CITY,South Coast Air Quality Management District,2014-07-01,,NW Corner Interstate 10 & Etiwanda Ave,91764.0,urban-centre
060710027,Ontario-Route 60 Near Road,34.030833,-117.61722,258.0,California,San Bernardino,Ontario,INDUSTRIAL,SUBURBAN,South Coast Air Quality Management District,2015-01-01,,2330 S. Castle Harbour,91761.0,urban-periphery
060710306,Victorville-Park Avenue,34.510961,-117.32554,913.0,California,San Bernardino,Victorville,RESIDENTIAL,SUBURBAN,Mojave Desert AQMD,2000-01-01,,"14306 PARK AVE., VICTORVILLE, CA",92392.0,urban-periphery
060711002,Chino,34.012512,-117.688388,222.0,California,San Bernardino,Chino,COMMERCIAL,URBAN AND CENTER CITY,South Coast Air Quality Management District,1984-01-01,,"13251 CENTRAL AVE., CHINO",,urban-centre
060711234,Trona - Athol/Telescope #2,35.77446,-117.3721,504.0,California,San Bernardino,Searles Valley,DESERT,RURAL,Mojave Desert AQMD,1997-04-01,,"Corner of Athol and Telescope, Trona",93562.0,rural
060711407,SA Recycling,34.093979,-117.527254,347.0,California,San Bernardino,Not in a City,INDUSTRIAL,URBAN AND CENTER CITY,South Coast Air Quality Management District,2015-01-01,,"8822 Etiwanda Ave., Rancho Cucamonga, CA 91739",91739.0,urban-centre
060712002,Fontana,34.10002,-117.49201,381.0,California,San Bernardino,Fontana,INDUSTRIAL,SUBURBAN,South Coast Air Quality Management District,1980-01-01,,"14360 ARROW BLVD., FONTANA",,urban-periphery
060714001,Hesperia-Olive Street,34.41651,-117.28563,969.0,California,San Bernardino,Hesperia,RESIDENTIAL,SUBURBAN,Mojave Desert AQMD,1980-01-01,,"17288 OLIVE ST., HESPERIA",92345.0,urban-periphery
060714003,Redlands,34.05977,-117.14731,0.0,California,San Bernardino,Redlands,RESIDENTIAL,SUBURBAN,South Coast Air Quality Management District,1986-09-01,,"500 N. DEARBORN, REDLANDS, CA. 92373",,urban-periphery
060718001,Big Bear,34.26464,-116.86147,2056.0,California,San Bernardino,Big Bear City,COMMERCIAL,SUBURBAN,South Coast Air Quality Management District,1999-02-08,,"501 W. VALLEY BLVD., BIG BEAR CITY,",92314.0,urban-periphery
060719000,Ludlow,34.724711,-116.158623,543.0,California,San Bernardino,Ludlow,DESERT,RURAL,California Air Resources Board,1995-06-01,,"CELLULAR RELAY STATION,LUDLOW",,rural
060719002,Joshua Tree NP,34.06957,-116.38893,1243.0,California,San Bernardino,Not in a City,DESERT,RURAL,National Park Service,1988-03-01,,JOSHUA TREE NATIONAL MONUMENT,92284.0,rural
060719003,El Mirage-Shadow Mountain relay station,34.737764,-117.565889,1256.0,California,San Bernardino,El Mirage,DESERT,RURAL,California Air Resources Board,1995-06-01,,SHADOW MOUNTAIN RELAY STATION,,rural
060719004,San Bernardino,34.106678,-117.274063,0.0,California,San Bernardino,San Bernardino,COMMERCIAL,SUBURBAN,South Coast Air Quality Management District,1986-05-01,,"24302 4TH ST., SAN BERNARDINO, CA.",92410.0,urban-periphery
060719005,SAN BERNADINO AIRPORT (NORTON AFB),34.090012,-117.254208,0.0,California,San Bernardino,San Bernardino,INDUSTRIAL,SUBURBAN,California Air Resources Board,1997-06-01,,"950 EAST CENTRAL AV, SAN BERNADINO",,urban-periphery
060719006,Cajon-Baldy Mesa,34.375001,-117.44866,1295.0,California,San Bernardino,Cajon,FOREST,RURAL,California Air Resources Board,1995-06-01,,BALDY MESA,,rural
060719007,Hinckley-Jim Doering relay station,34.737764,-117.565889,1013.0,California,San Bernardino,Hinkley,DESERT,RURAL,California Air Resources Board,1995-06-01,,FLASH II MOUNTAIN RELAY STATION,,rural
060719008,Helendale-Quartzite Mountain,34.611659,-117.289768,1366.0,California,San Bernardino,Helendale,FOREST,RURAL,California Air Resources Board,1995-06-01,,QUARTZITE MOUNTAIN,,rural
060719009,060719009,34.194069,-116.913614,1720.0,California,San Bernardino,Not in a city,FOREST,RURAL,National Park Service,2003-04-03,,San Gorgonio,,rural
060719010,San Gorgonio Wilderness,34.193925,-116.914063,1726.0,California,San Bernardino,Not in a City,FOREST,RURAL,National Park Service,1988-03-02,,San Gorgonio Wilderness,92305.0,rural
060719011,San Bernardino-Mt. Vernon Ave.,34.08555,-117.31301,320.0,California,San Bernardino,San Bernardino,RESIDENTIAL,URBAN AND CENTER CITY,California Air Resources Board,2017-06-01,,"701 S Mt Vernon Ave, San Bernardino, CA 92410",92324.0,urban-centre
060730001,Chula Vista,32.631242,-117.059088,53.0,California,San Diego,Chula Vista,RESIDENTIAL,SUBURBAN,San Diego County Air Pollution Control District,1972-01-01,,"84 E. 'J' ST., CHULA VISTA",91910.0,urban-periphery
060730077,Campo Indian Reservation,32.6509,-116.365,1018.15,California,San Diego,Campo,DESERT,RURAL,"Campo Band of Diegueno Mission Indians of Campo Indian Reservation, CA",2001-01-01,,"Campo Kumeyaay Nation, 36190 Church Rd, Ste 4, Campo, CA 91906",91906.0,rural
060730078,060730078,32.650912,-116.36494,1013.0,California,San Diego,Not in a City,DESERT,RURAL,"Campo Band of Diegueno Mission Indians of Campo Indian Reservation, CA",2010-02-10,,Church Rd.,91906.0,rural
060731006,Alpine,32.842318,-116.768293,627.0,California,San Diego,Alpine,RESIDENTIAL,SUBURBAN,San Diego County Air Pollution Control District,1972-01-01,,"2300 VICTORIA DR., ALPINE",91901.0,urban-periphery
060731008,Camp Pendleton,33.217046,-117.396249,16.0,California,San Diego,Camp Pendleton South,MILITARY RESERVATION,SUBURBAN,San Diego County Air Pollution Control District,1997-03-17,,21441-W B STREET,92058.0,urban-periphery
060731011,La Posta Reservation,32.725226,-116.365203,1372.21,California,San Diego,Boulevard,DESERT,RURAL,"La Posta Band of Dieguento Mission Indians of La Posta Indian Reservation, CA",2004-01-26,,"8 1/2 Crestwood Road, Boulevard, CA 91905",91905.0,rural
060731014,Donovan,32.578165,-116.921374,199.0,California,San Diego,Otay Mesa,COMMERCIAL,RURAL,San Diego County Air Pollution Control District,2005-01-01,,"480 ALTA RD, OTAY MESA, CA",92154.0,rural
060731016,San Diego - Kearny Villa Rd.,32.845709,-117.123964,134.0,California,San Diego,San Diego,MILITARY RESERVATION,SUBURBAN,San Diego County Air Pollution Control District,2010-01-01,,"6125A KEARNY VILLA RD., SAN DIEGO",92145.0,urban-periphery
060731017,San Diego -Rancho Carmel Drive,32.985428,-117.082198,219.0,California,San Diego,San Diego,COMMERCIAL,SUBURBAN,San Diego County Air Pollution Control District,2015-03-26,,11403 Rancho Carmel Drive,92128.0,urban-periphery
060731022,El Cajon - Lexington Elementary School,32.789565,-116.944308,143.0,California,San Diego,El Cajon,COMMERCIAL,SUBURBAN,San Diego County Air Pollution Control District,2016-04-01,,533 First Street,92019.0,urban-periphery
060731023,Palomar Airport,33.130897,-117.272389,96.0,California,San Diego,Carlsbad,COMMERCIAL,SUBURBAN,San Diego County Air Pollution Control District,2014-11-01,,2192 Palomar Airport Rd.,92008.0,urban-periphery
060731025,San Ysidro,32.552824,-117.047345,18.0,California,San Diego,San Diego,RESIDENTIAL,SUBURBAN,San Diego County Air Pollution Control District,2019-10-28,,198 W. San Ysidro Blvd,92173.0,urban-periphery
060731026,San Diego - Sherman Elementary School,32.710177,-117.142665,34.0,California,San Diego,San Diego,COMMERCIAL,URBAN AND CENTER CITY,San Diego County Air Pollution Control District,2019-07-16,,450B 24th Street,92102.0,urban-centre
060731201,Pala Airpad,33.362593,-117.09023,109.728,California,San Diego,Pala,COMMERCIAL,RURAL,"Pala Band of Luiseno Mission Indians of Pala Reservation, CA",2000-10-15,,"10848 HWY 76, PALA, CA 92059",92059.0,rural
060731210,LJA1,33.273501,-116.857087,701.04,California,San Diego,Not in a City,RESIDENTIAL,RURAL,"La Jolla Band of Luiseno Indians, CA",2012-11-15,,"22000 HWY 76, PAUMA VALLEY, CA 92061",92061.0,rural
060732000,Manzanita Reservation,32.735455,-116.345365,50.0,California,San Diego,Boulevard,DESERT,RURAL,"Manzanita Band of Diegueno Mission Indians of Manzanita Reservation, CA",2003-04-25,,6 OLD MINE RD,91905.0,rural
060732097,060732097,32.750451,-116.331559,10.0,California,San Diego,Boulevard,DESERT,RURAL,"Manzanita Band of Diegueno Mission Indians of Manzanita Reservation, CA",2024-11-18,,97 CROSS RD,91905.0,rural
060735501,"Rincon Daycare Site  (""RIIR"")",33.272583,-116.95675,280.0,California,San Diego,Not in a City,RESIDENTIAL,RURAL,"Rincon Band of Luiseno Mission Indians of the Rincon Reservation, CA",2011-01-01,,"West Tribal Rd., Valley Center, CA",92082.0,rural
060736500,10TH AVENUE MARINE TERMINAL,32.700711,-117.161103,3.0,California,San Diego,San Diego,INDUSTRIAL,URBAN AND CENTER CITY,San Diego County Air Pollution Control District,2019-10-01,,1179 Terminal St.,92101.0,urban-centre
060736501,Fire Station #19,32.702128,-117.119636,16.0,California,San Diego,San Diego,RESIDENTIAL,SUBURBAN,San Diego County Air Pollution Control District,2019-10-23,,3434 Ocean View Blvd.,92113.0,urban-periphery
060736502,Caltrans-Chavez,32.700994,-117.144335,15.0,California,San Diego,San Diego,COMMERCIAL,URBAN AND CENTER CITY,San Diego County Air Pollution Control District,2020-04-22,,917-19 Cesar E Chavez Pkwy.,92113.0,urban-centre
060736503,San Diego Caltrans - Boston Ave,32.694145,-117.131622,14.0,California,San Diego,San Diego,COMMERCIAL,URBAN AND CENTER CITY,San Diego County Air Pollution Control District,2022-04-05,,2900 Boston Ave,92113.0,urban-centre
060736504,NESTOR - BERRY ELEMENTARY SCHOOL,32.567069,-117.090759,16.0,California,San Diego,San Diego,RESIDENTIAL,SUBURBAN,San Diego County Air Pollution Control District,2024-10-08,,2001 Rimbey Ave,92154.0,urban-periphery
060736505,Imperial Beach Civic Center,32.576147,-117.115295,6.0,California,San Diego,Imperial Beach,COMMERCIAL,SUBURBAN,San Diego County Air Pollution Control District,2024-12-24,,825 Imperial Beach Blvd,91932.0,urban-periphery
060739991,La Posta Band of Indians,32.725189,-116.36441,1372.0,California,San Diego,Boulevard,DESERT,RURAL,USEPA - Clean Air and Power Division,2023-01-24,,8 Crestwood Rd,91905.0,rural
060750003,San Francisco - Ellis St.,37.784,-122.4216,42.0,California,San Francisco,San Francisco,COMMERCIAL,URBAN AND CENTER CITY,Bay Area Air Quality Management District,1969-01-01,,"939 ELLIS ST., SAN FRANCISCO",94109.0,urban-centre
060750005,San Francisco,37.765946,-122.399044,5.0,California,San Francisco,San Francisco,INDUSTRIAL,URBAN AND CENTER CITY,Bay Area Air Quality Management District,1980-01-01,,10 ARKANSAS ST.,94107.0,urban-centre
060750006,San Francisco - Bayview Hunters Point,37.7338,-122.3824,82.0,California,San Francisco,San Francisco,RESIDENTIAL,URBAN AND CENTER CITY,Bay Area Air Quality Management District,2004-06-14,,"100 WHITNEY YOUNG CIRCLE, SAN FRANCISCO",94124.0,urban-centre
060756002,Fort Funston,37.71481,-122.50047,57.0,California,San Francisco,San Francisco,RESIDENTIAL,SUBURBAN,California Air Resources Board,1988-04-01,,Fort Funston,94132.0,urban-periphery
060771003,Stockton - University Park,37.961578,-121.281414,10.37,California,San Joaquin,Stockton,RESIDENTIAL,URBAN AND CENTER CITY,California Air Resources Board,2021-10-11,,"702 N Aurora Street, Stockton, CA 95202",95202.0,urban-centre
060772010,Manteca,37.793392,-121.247874,11.0,California,San Joaquin,Manteca,RESIDENTIAL,SUBURBAN,San Joaquin Valley Unified Air Pollution Control District,2010-11-16,,"530 Fishback Road Manteca, CA",95377.0,urban-periphery
060773005,Tracy-Airport,37.682635,-121.442495,30.0,California,San Joaquin,Tracy,RESIDENTIAL,SUBURBAN,San Joaquin Valley Unified Air Pollution Control District,2006-01-01,,"5749 S. TRACY BLVD., TRACY",95376.0,urban-periphery
060790003,060790003,35.320252,-120.696284,129.0,California,San Luis Obispo,San Luis Obispo,RESIDENTIAL,RURAL,San Luis Obispo County APCD,1982-01-01,,"GOLDTREE SUBSTA, HIWY 1, SAN LUIS OBISPO",,rural
060790005,Paso Robles,35.614668,-120.656912,100.0,California,San Luis Obispo,El Paso de Robles (corporate name for Paso Robles),RESIDENTIAL,SUBURBAN,California Air Resources Board,1991-09-01,,"235 SANTA FE AVENUE, PASO ROBLES, CA",93446.0,urban-periphery
060791002,060791002,35.361363,-120.812122,6.0,California,San Luis Obispo,Morro Bay,RESIDENTIAL,RURAL,San Luis Obispo County APCD,1982-01-01,,"BAYWOOD SUBSTATION, HIWY 1, MORRO BAY",,rural
060792004,Mesa2,35.02083,-120.56388,49.0,California,San Luis Obispo,Nipomo,INDUSTRIAL,RURAL,San Luis Obispo County APCD,1989-05-01,,"1300 GUADALUPE RD., NIPOMO, CA., 93444",93444.0,rural
060792007,CDF,35.04673,-120.58777,37.5,California,San Luis Obispo,Arroyo Grande,INDUSTRIAL,RURAL,San Luis Obispo County APCD,2010-01-01,,"2391 Willow Road, Arroyo Grande, California",93420.0,rural
060792020,SLO Roberto,35.259502,-120.64472,65.5,California,San Luis Obispo,San Luis Obispo,COMMERCIAL,URBAN AND CENTER CITY,San Luis Obispo County APCD,2021-01-01,,3433 Roberto Ct.,,urban-centre
060793002,060793002,35.041644,-120.56767,63.0,California,San Luis Obispo,Nipomo,AGRICULTURAL,RURAL,Unocal,1987-07-01,,"950 GUADALUPE RD, NIPOMO",,rural
060793003,Morro Bay Kings Ave,35.361589,-120.836819,85.0,California,San Luis Obispo,Morro Bay,RESIDENTIAL,SUBURBAN,San Luis Obispo County APCD,2023-06-29,,492 Kings Ave.,93442.0,urban-periphery
060794002,Nipomo Regional Park (NRP),35.03146,-120.50103,136.0,California,San Luis Obispo,Nipomo,RESIDENTIAL,RURAL,San Luis Obispo County APCD,1998-11-01,,"NIPOMO REGIONAL PARK, NIPOMO, CA.",93444.0,rural
060798002,Atascadero,35.49453,-120.66617,260.0,California,San Luis Obispo,Atascadero,COMMERCIAL,SUBURBAN,San Luis Obispo County APCD,2015-02-25,,"5599 Traffic Way, Atascadero CA",93422.0,urban-periphery
060798005,Red Hills,35.64368,-120.23135,712.0,California,San Luis Obispo,Not in a City,AGRICULTURAL,RURAL,San Luis Obispo County APCD,2000-07-01,,3601 GILLIS CANYON ROAD,93461.0,rural
060798006,Carrizo Plains,35.35472,-120.04019,626.0,California,San Luis Obispo,Not in a City,AGRICULTURAL,RURAL,San Luis Obispo County APCD,2006-01-01,,9640 CARRIZO HIGHWAY,93453.0,rural
060799001,Oso Flaco Site,35.00876,-120.59998,34.0,California,San Luis Obispo,Nipomo,AGRICULTURAL,RURAL,San Luis Obispo County APCD,2015-07-01,,Oso Flaco Lake Road,93444.0,rural
060811001,Redwood City,37.482934,-122.20337,3.0,California,San Mateo,Redwood City,INDUSTRIAL,SUBURBAN,Bay Area Air Quality Management District,1966-11-01,,897 BARRON AVE.,94063.0,urban-periphery
060812002,San Carlos Airport,37.508813,-122.247291,1.0,California,San Mateo,San Carlos,COMMERCIAL,URBAN AND CENTER CITY,Bay Area Air Quality Management District,2012-03-10,,"620 Airport Drive, San Carlos",94070.0,urban-centre
060812003,Twin Dolphin,37.518769,-122.249353,2.0,California,San Mateo,San Carlos,COMMERCIAL,URBAN AND CENTER CITY,Bay Area Air Quality Management District,2013-03-17,,"1050 Twin Dolphin Drive, Redwooc City, CA 94065",94070.0,urban-centre
060816001,San Carlos,37.51706,-122.25181,1.0,California,San Mateo,San Carlos,RESIDENTIAL,SUBURBAN,California Air Resources Board,1991-04-01,,501 Pico Blvd.,94070.0,urban-periphery
060830011,Santa Barbara,34.427775,-119.691218,20.0,California,Santa Barbara,Santa Barbara,RESIDENTIAL,URBAN AND CENTER CITY,California Air Resources Board,2002-05-01,,700 E. CANON PERDIDO,93103.0,urban-centre
060831006,Santa Maria-S. McClelland St.,34.952756,-120.432941,76.0,California,Santa Barbara,Santa Maria,COMMERCIAL,URBAN AND CENTER CITY,California Air Resources Board,1982-01-01,,"615 S. MCCLELLAND ST., SANTA MARIA",,urban-centre
060831007,Santa Maria-500 S. Broadway,34.948034,-120.435441,0.0,California,Santa Barbara,Santa Maria,COMMERCIAL,SUBURBAN,California Air Resources Board,1987-05-01,,"500 S BROADWAY, SANTA MARIA",,urban-periphery
060831009,Santa Maria,34.890667,-120.432844,90.0,California,Santa Barbara,Orcutt,RESIDENTIAL,SUBURBAN,Santa Barbara County APCD,2021-04-01,,"3700 Orcutt Rd. Santa Maria, CA 93455",,urban-periphery
060831013,Lompoc HSP,34.725352,-120.428717,220.0,California,Santa Barbara,Lompoc,AGRICULTURAL,RURAL,Unocal,1985-09-01,,"HS & P FACILITY-500 M SW, LOMPOC",93436.0,rural
060831014,Paradise Road,34.54166,-119.79146,371.0,California,Santa Barbara,Los Padres National Forest,FOREST,RURAL,Unocal,1986-01-01,,PARADISE RD-LOS PADRES National Forest,93105.0,rural
060831020,UCSB West Campus,34.414942,-119.879511,9.0,California,Santa Barbara,Isla Vista,AGRICULTURAL,RURAL,Exxon,1988-06-01,,"UCSB WEST CAMPUS-ARCO TANK, ISLA VISTA",93117.0,rural
060831021,Carpinteria,34.403052,-119.457914,137.0,California,Santa Barbara,Carpinteria,AGRICULTURAL,RURAL,Santa Barbara County APCD,1985-09-01,,"GOBERNADOR RD, CARPINTERIA",93013.0,rural
060831022,Lompoc Odor,34.718871,-120.432663,173.0,California,Santa Barbara,Lompoc,AGRICULTURAL,RURAL,Unocal,1988-01-01,,"500 M SOUTH OF HS&P FACILITY, LOMPOC",,rural
060831025,Los Flores Canyon #1,34.48974,-120.04692,184.0,California,Santa Barbara,Capitan,AGRICULTURAL,RURAL,Santa Barbara County APCD,1988-04-01,,LFC #1-LAS FLORES CANYON,93117.0,rural
060831033,CarpMet,34.388333,-119.506389,15.0,California,Santa Barbara,Carpinteria,INDUSTRIAL,SUBURBAN,Santa Barbara County APCD,2009-04-01,,5600 Carpinteria Ave Carpinteria CA,93013.0,urban-periphery
060831037,Las Flores Canyon Odor,34.46453,-120.04498,10.0,California,Santa Barbara,Capitan,AGRICULTURAL,RURAL,Santa Barbara County APCD,1999-04-01,,"12100 CALLE REAL, LAS FLORES CANYON",93117.0,rural
060832004,Lompoc H Street,34.63782,-120.4575,41.0,California,Santa Barbara,Lompoc,COMMERCIAL,URBAN AND CENTER CITY,Santa Barbara County APCD,1983-06-01,,"128 S 'H' ST, LOMPOC",93436.0,urban-centre
060832011,Goleta,34.44551,-119.8284,14.0,California,Santa Barbara,Goleta,RESIDENTIAL,SUBURBAN,Santa Barbara County APCD,1994-01-01,,"380 N FAIRVIEW AVENUE, GOLETA",93117.0,urban-periphery
060833001,Santa Ynez,34.605819,-120.075069,210.0,California,Santa Barbara,Not in a City,AGRICULTURAL,RURAL,Santa Barbara County APCD,1980-01-01,,"900 AIRPORT RD., SANTA YNEZ",93460.0,rural
060839000,San Rafael,34.733889,-120.008349,957.0,California,Santa Barbara,Not in a City,FOREST,RURAL,National Park Service,2000-01-01,,San Rafael,93441.0,rural
060839001,060839001,34.39424,-119.514721,20.0,California,Santa Barbara,Carpinteria,RESIDENTIAL,URBAN AND CENTER CITY,Santa Barbara County APCD,2023-10-01,,5351 Carpinteria Avenue,93013.0,urban-centre
060850002,Gilroy,36.999571,-121.574684,63.0,California,Santa Clara,Gilroy,RESIDENTIAL,SUBURBAN,Bay Area Air Quality Management District,1980-01-01,,9TH & PRINCEVILLE,95020.0,urban-periphery
060850004,San Jose - 4th St.,37.339666,-121.888575,25.0,California,Santa Clara,San Jose,RESIDENTIAL,URBAN AND CENTER CITY,Bay Area Air Quality Management District,1972-01-01,,"120B N 4TH ST, SAN JOSE",95112.0,urban-centre
060850005,San Jose - Jackson,37.348497,-121.894898,31.0,California,Santa Clara,San Jose,COMMERCIAL,URBAN AND CENTER CITY,Bay Area Air Quality Management District,2002-10-01,,158B JACKSON ST,95112.0,urban-centre
060850006,San Jose - Knox Avenue,37.338135,-121.849783,30.9,California,Santa Clara,San Jose,MOBILE,URBAN AND CENTER CITY,Bay Area Air Quality Management District,2014-08-15,,1007 Knox Ave,95122.0,urban-centre
060851001,Los Gatos,37.226862,-121.979675,116.0,California,Santa Clara,Los Gatos,RESIDENTIAL,URBAN AND CENTER CITY,Bay Area Air Quality Management District,1972-04-01,,306 UNIVERSITY AVE.,95030.0,urban-centre
060852003,San Jose,37.3062,-121.84885,38.0,California,Santa Clara,San Jose,INDUSTRIAL,SUBURBAN,Bay Area Air Quality Management District,1990-01-01,,"528 TULLY RD., SAN JOSE, CA. 95111",95111.0,urban-periphery
060852004,San Jose-W. San Carlos St.,37.322998,-121.927179,36.0,California,Santa Clara,San Jose,COMMERCIAL,URBAN AND CENTER CITY,Bay Area Air Quality Management District,1989-07-01,,"1866 W SAN CARLOS ST, SAN JOSE",,urban-centre
060852005,San Jose - Piedmont,37.3915,-121.8422,62.0,California,Santa Clara,San Jose,RESIDENTIAL,RURAL,Bay Area Air Quality Management District,1992-08-01,,"935 PIEDMONT ROAD, SAN JOSE, CA 95132",95132.0,rural
060852006,San Martin,37.079379,-121.600031,86.0,California,Santa Clara,San Martin,RESIDENTIAL,RURAL,Bay Area Air Quality Management District,1994-04-30,,13030 MURPHY AVE.,95046.0,rural
060852007,Sunnyvale - Ticonderoga,37.355475,-122.050845,56.0,California,Santa Clara,Sunnyvale,RESIDENTIAL,URBAN AND CENTER CITY,Bay Area Air Quality Management District,2001-04-01,,910 TICONDEROGA DRIVE,94087.0,urban-centre
060852008,MT VIEW-WHISMAN PARK,37.402244,-122.066597,17.5,California,Santa Clara,Mountain View,RESIDENTIAL,SUBURBAN,Bay Area Air Quality Management District,2004-05-21,,WHISMAN PARK ON EASY STREET BETWEEN MIDDLEFIELD RD & WALKER DR.,,urban-periphery
060852009,Cupertino Monta Vista,37.318435,-122.069705,124.0,California,Santa Clara,Cupertino,RESIDENTIAL,SUBURBAN,Bay Area Air Quality Management District,2010-09-01,,22601 Voss Ave,95014.0,urban-periphery
060852010,Palo Alto Airport,37.457621,-122.112286,2.0,California,Santa Clara,Palo Alto,COMMERCIAL,URBAN AND CENTER CITY,Bay Area Air Quality Management District,2012-02-03,,"Palo Alto Airport, 1925 Embarcadero Road, Palo Alto",94303.0,urban-centre
060852011,Reid Hillview Airport,37.329841,-121.815438,41.0,California,Santa Clara,San Jose,COMMERCIAL,URBAN AND CENTER CITY,Bay Area Air Quality Management District,2012-02-03,,"2500 Cummingham Avenue, San Jose",95122.0,urban-centre
060854000,060854000,37.359403,-121.924423,16.0,California,Santa Clara,Not in a City,COMMERCIAL,URBAN AND CENTER CITY,Bay Area Air Quality Management District,2010-06-01,,"Norman Y. Mineta San Jose International Airport (SJC) 1661 Airport Blvd, San Jose, CA 95110",95110.0,urban-centre
060854002,060854002,37.359403,-121.924423,16.0,California,Santa Clara,Not in a City,COMMERCIAL,URBAN AND CENTER CITY,Bay Area Air Quality Management District,2011-01-01,,"Norman Y. Mineta San Jose International Airport (SJC0    1661 Airport Blvd, San Jose, CA 95110",95110.0,urban-centre
060855506,Stevens Creek Elementary School,37.32756,-122.0646,0.0,California,Santa Clara,Cupertino,COMMERCIAL,URBAN AND CENTER CITY,US EPA/OAQPS,2009-06-09,,10300 Ainsworth Dr,95014.0,urban-centre
060856001,060856001,37.359403,-121.924423,16.0,California,Santa Clara,Not in a City,COMMERCIAL,URBAN AND CENTER CITY,Bay Area Air Quality Management District,2011-01-01,,"1701 Airport Blvd, San Jose, CA 95110",95110.0,urban-centre
060870002,Santa Cruz-Frederick St.,36.984672,-122.004406,21.0,California,Santa Cruz,Santa Cruz,RESIDENTIAL,URBAN AND CENTER CITY,Monterey Bay Unified APCD,1981-01-01,,"610 FREDERICK ST., SANTA CRUZ",,urban-centre
060870005,Scotts Valley-Vine Hill,37.062448,-121.992739,0.0,California,Santa Cruz,Scotts Valley,RESIDENTIAL,SUBURBAN,Monterey Bay Unified APCD,1992-08-01,,"127 VINE HILL SCHOOL RD, SCOTTS VALLEY",,urban-periphery
060870007,Santa Cruz,36.98332,-121.98822,28.0,California,Santa Cruz,Live Oak,COMMERCIAL,SUBURBAN,Monterey Bay Unified APCD,1996-09-01,,960 Bostwick Lane,95062.0,urban-periphery
060871001,Santa Cruz-Bostwick Ln.,36.983839,-121.987461,28.0,California,Santa Cruz,Santa Cruz,,,Monterey Bay Unified APCD,1984-01-01,,"966 BOSTWICK LN., SANTA CRUZ",,unknown
060871005,San Lorenzo Valley Middle School,37.06315,-122.083092,108.0,California,Santa Cruz,Not in a City,RESIDENTIAL,RURAL,Monterey Bay Unified APCD,2014-10-01,,"7179 Hacienda Way, Felton CA 95018",95018.0,rural
060890004,Redding - Health Department,40.55013,-122.38092,149.0,California,Shasta,Redding,COMMERCIAL,SUBURBAN,Shasta County APCD,1974-01-01,,"HLTH CTR-2630 BRESLAUER WAY, REDDING",96001.0,urban-periphery
060890008,Shasta Lake-La Mesa,40.67707,-122.37429,246.0,California,Shasta,Shasta Lake,RESIDENTIAL,SUBURBAN,Shasta County APCD,2003-10-30,,"4066 LA MESA AVE., SHASTA LAKE",96022.0,urban-periphery
060890009,Shasta Lake - Lake Blvd,40.689253,-122.402194,246.0,California,Shasta,Shasta Lake,COMMERCIAL,RURAL,Shasta County APCD,2009-04-01,,"13791 Lake Blvd, Shasta Lake, CA",96019.0,rural
060891001,060891001,40.90516,-121.65332,945.0,California,Shasta,Burney,INDUSTRIAL,RURAL,Shasta County APCD,1984-01-01,,"1.5 MI N. BLACK RANCH RD., BURNEY",,rural
060891002,060891002,40.88377,-121.650265,96.0,California,Shasta,Burney,AGRICULTURAL,RURAL,Shasta County APCD,1985-01-01,,"HIGH SCHOOL, BURNEY",,rural
060893003,Lassen Volcanic NP,40.53999,-121.57646,1755.0,California,Shasta,Not in a City,FOREST,RURAL,National Park Service,1987-11-01,,"MANZANITA LAKE RS, LASSEN VOLCANIC NP",96071.0,rural
060893004,Redding - Buckeye,40.6304,-122.4031,236.0,California,Shasta,Redding,RESIDENTIAL,SUBURBAN,Shasta County APCD,2002-01-01,,"3407 Hiatt Drive, Redding, CA 96003",96003.0,urban-periphery
060893005,Redding - Toyon,40.69184,-122.40179,281.0,California,Shasta,Shasta Lake,RESIDENTIAL,RURAL,Shasta County APCD,2002-01-01,,"17752 Shasta Dam Blvd. Shasta Lake, CA 96019",96019.0,rural
060930004,Mt. Shasta Hatchery,41.308485,-122.333345,1061.0,California,Siskiyou,Mount Shasta,RESIDENTIAL,SUBURBAN,Siskiyou County APCD,1993-10-01,,"3 NORTH OLD STAGE ROAD, MT. SHASTA",,urban-periphery
060930005,Lava Beds National Monument,41.711825,-121.509993,1451.0,California,Siskiyou,Lava Beds National Monument,AGRICULTURAL,RURAL,Siskiyou County APCD,1994-02-01,,"P.O. BOX 867, LAVA BEDS",,rural
060930007,Weed,41.426551,-122.382231,1334.0,California,Siskiyou,Weed,RESIDENTIAL,URBAN AND CENTER CITY,Siskiyou County APCD,2010-08-26,,"575 WHITE AVENUE, WEED,CA",96094.0,urban-centre
060931002,060931002,41.424594,-122.392794,1077.0,California,Siskiyou,Weed,INDUSTRIAL,SUBURBAN,Siskiyou County APCD,1982-01-01,,"CA DIV OF FORESTRY, PO BOX 704, WEED",,urban-periphery
060932001,Yreka,41.726892,-122.633579,802.0,California,Siskiyou,Yreka,COMMERCIAL,SUBURBAN,Siskiyou County APCD,1974-01-01,,"530 FOOTHILL DR., YREKA",96097.0,urban-periphery
060932002,"SISKIYOU COUNTY AIRPORT, OPEN FLAT TERRAIN.",41.758477,-122.484466,816.0,California,Siskiyou,Montague,AGRICULTURAL,RURAL,California Air Resources Board,1985-07-01,,"AIRPORT ROAD, 4 MILES NORTH OF MONTAGUE",,rural
060950002,Fairfield - Gregory,38.2455,-122.0539,4.0,California,Solano,Fairfield,RESIDENTIAL,SUBURBAN,Bay Area Air Quality Management District,1970-01-01,,"BAAPCD-401 GREGORY ST, FAIRFIELD",94533.0,urban-periphery
060950004,Vallejo,38.102507,-122.237976,6.0,California,Solano,Vallejo,COMMERCIAL,URBAN AND CENTER CITY,Bay Area Air Quality Management District,1976-01-01,,304 TUOLUMNE ST.,94590.0,urban-centre
060950005,Fairfield,38.227066,-122.075624,10.0,California,Solano,Fairfield,AGRICULTURAL,RURAL,Bay Area Air Quality Management District,2002-05-29,,1010 CHADBOURNE RD,94534.0,rural
060950006,Benicia - VIP,38.0656,-122.1507,109.0,California,Solano,Benicia,RESIDENTIAL,SUBURBAN,Bay Area Air Quality Management District,2007-04-01,,"E SECOND ST, BENICIA",94510.0,urban-periphery
060953001,Vacaville-Merchant Street,38.3514,-121.9941,59.0,California,Solano,Vacaville,COMMERCIAL,URBAN AND CENTER CITY,Yolo-Solano APCD,1979-01-01,,"650 MERCHANT ST., VACAVILLE",95687.0,urban-centre
060953003,Vacaville-Ulatis Drive,38.35655,-121.94986,55.0,California,Solano,Vacaville,COMMERCIAL,SUBURBAN,California Air Resources Board,2003-07-01,,"2012 ULATIS DRIVE, VACAVILLE",95687.0,urban-periphery
060956001,Rio Vista,38.18839,-121.70564,6.0,California,Solano,Rio Vista,RESIDENTIAL,SUBURBAN,California Air Resources Board,1989-07-20,,Airport Rd. near Island Rd.,94571.0,urban-periphery
060970001,Cloverdale,38.804267,-123.018142,91.0,California,Sonoma,Cloverdale,COMMERCIAL,URBAN AND CENTER CITY,Northern Sonoma County APCD,1982-01-01,,"100 WASHINGTON ST., CLOVERDALE",95425.0,urban-centre
060970002,Healdsburg-Matheson,38.610905,-122.868794,30.0,California,Sonoma,Healdsburg,COMMERCIAL,URBAN AND CENTER CITY,Northern Sonoma County APCD,1980-01-01,,"133 MATHESON ST., HEALDSBURG",95448.0,urban-centre
060970004,Sebastopol,38.403765,-122.818294,78.0,California,Sonoma,Sebastopol,COMMERCIAL,URBAN AND CENTER CITY,Bay Area Air Quality Management District,2014-01-03,,"103 Morris Street,",95472.0,urban-centre
060971002,Petaluma-Payran St.,38.188529,-122.63054,14.0,California,Sonoma,Petaluma,RESIDENTIAL,URBAN AND CENTER CITY,Bay Area Air Quality Management District,1973-01-01,,"301 PAYRAN ST., PETALUMA",,urban-centre
060971003,Healdsburg-Municipal Airport,38.654069,-122.901857,84.0,California,Sonoma,Healdsburg,COMMERCIAL,RURAL,Northern Sonoma County APCD,1991-06-01,,"MUNICIPAL AIRPORT-200A HEIDELBERG WAY, HEALDSBURG",95448.0,rural
060973002,Guerneville-Church and 1st,38.501112,-122.998181,12.0,California,Sonoma,Guerneville,MOBILE,URBAN AND CENTER CITY,Northern Sonoma County APCD,1990-04-01,,"CHURCH AND FIRST STREETS, GUERNEVILLE CA",95446.0,urban-centre
060975001,060975001,38.506024,-122.997221,17.0,California,Sonoma,Guerneville,INDUSTRIAL,URBAN AND CENTER CITY,Northern Sonoma County APCD,1982-01-01,,"FS-14100 ARMSTRONG WOODS RD, GUERNEVILLE",,urban-centre
060976001,Santa Rosa,38.41736,-122.76167,29.0,California,Sonoma,Santa Rosa,RESIDENTIAL,SUBURBAN,California Air Resources Board,1987-05-07,,3842 Finley Ave.,95407.0,urban-periphery
060976002,Sonoma Baylands,38.13161,-122.47467,0.0,California,Sonoma,Not in a City,RESIDENTIAL,SUBURBAN,California Air Resources Board,1989-09-26,,7698 Lakeville Road,94954.0,urban-periphery
060990002,Modesto-Courthouse,37.648819,-120.997712,27.0,California,Stanislaus,Modesto,RESIDENTIAL,URBAN AND CENTER CITY,California Air Resources Board,1980-05-15,,"1100 'I' ST, MODESTO (COURT HOUSE)",,urban-centre
060990003,Modesto-County Center,37.641597,-120.994656,27.0,California,Stanislaus,Modesto,RESIDENTIAL,SUBURBAN,California Air Resources Board,1980-11-01,,"CNTY CNTR-921 OAKDALE RD, MODESTO",,urban-periphery
060990004,060990004,37.686318,-121.043547,27.0,California,Stanislaus,Modesto,RESIDENTIAL,SUBURBAN,Stanislaus County APCD,1981-01-01,," FS #6, 2700 STANDIFORD RD., MODESTO",,urban-periphery
060990005,Modesto-14th Street,37.642165,-120.994212,27.0,California,Stanislaus,Modesto,COMMERCIAL,URBAN AND CENTER CITY,California Air Resources Board,1981-01-01,,"814 14TH ST., MODESTO",95354.0,urban-centre
060990006,Turlock,37.488317,-120.836008,56.0,California,Stanislaus,Turlock,RESIDENTIAL,SUBURBAN,San Joaquin Valley Unified Air Pollution Control District,1992-04-01,," 900 S MINARET STREET, TURLOCK, CA",95380.0,urban-periphery
060990010,Modesto-14th St.,37.642152,-120.994656,8.0,California,Stanislaus,Modesto,COMMERCIAL,URBAN AND CENTER CITY,California Air Resources Board,1998-01-06,,814 14TH ST-MODESTO ROVER,,urban-centre
061010003,Yuba City,39.138773,-121.618549,20.0,California,Sutter,Yuba City,COMMERCIAL,SUBURBAN,California Air Resources Board,1989-10-01,,"773 ALMOND ST, YUBA CITY",95991.0,urban-periphery
061010004,Sutter Buttes (seasonal),39.205572,-121.820362,640.0,California,Sutter,Sutter,AGRICULTURAL,RURAL,California Air Resources Board,1993-05-01,," TOP OF SOUTH BUTTE,SUTTER BUTTES, CA",95982.0,rural
061011001,061011001,39.158224,-121.751081,22.0,California,Sutter,Sutter,RESIDENTIAL,SUBURBAN,Sutter County APCD,1982-01-01,,"FIRE STATION, SUTTER CITY",,urban-periphery
061030004,Tuscan Butte (seasonal),40.262072,-122.092766,568.0,California,Tehama,Not in a City,FOREST,RURAL,California Air Resources Board,1995-06-01,,OLD FIRE LOOKOUT ATOP TUSCAN BUTTE,96080.0,rural
061030007,Red Bluff-Walnut St. District Office,40.17093,-122.25556,100.0,California,Tehama,Red Bluff,RESIDENTIAL,SUBURBAN,Tehama County APCD,2015-01-24,,"1834 Walnut Street, Red Bluff, CA 96080",96080.0,urban-periphery
061050002,Weaverville-Courthouse,40.73475,-122.9412,600.0,California,Trinity,Weaverville,RESIDENTIAL,URBAN AND CENTER CITY,North Coast Unified Air Quality Management District,1994-12-10,,"11 COURT STREET, WEAVERVILLE, CA 96093",96093.0,urban-centre
061059000,Trinity,40.786247,-122.805707,1014.0,California,Trinity,Not in a City,FOREST,RURAL,National Park Service,2000-10-18,,Trinity,96052.0,rural
061070002,Sequoia NP-Lower Kaweah,36.566889,-118.777321,1901.0,California,Tulare,Sequoia National Park,,RURAL,National Park Service,1982-01-01,,"LOWER KAWEAH-GIANT FOREST, SEQUOIA NP",,rural
061070003,Sequoia NP-Lodgepole Chlorinator,36.595222,-118.735931,2036.0,California,Tulare,Sequoia National Park,,RURAL,National Park Service,1982-01-01,,"CHLORINATOR-LODGEPOLE, SEQUOIA NP",,rural
061070006,Sequoia & Kings Canyon NPs - Lower Kaweah,36.566128,-118.7777,1890.0,California,Tulare,Not in a City,FOREST,RURAL,National Park Service,1987-01-01,,"LOWER KAWEAH, SEQUOIA NP",93271.0,rural
061070009,Sequoia & Kings Canyon NPs - Ash Mountain,36.48947,-118.82915,510.0,California,Tulare,Not in a City,FOREST,RURAL,National Park Service,1999-07-01,,SEQUOIA & KINGS CANYON NP,93271.0,rural
061071001,Sequoia NP,36.498835,-118.824821,521.0,California,Tulare,Sequoia National Park,,,National Park Service,1982-01-01,,"ASH MOUNTIAN, SEQUOIA NATIONAL PARK",,unknown
061071003,Sequoia NP-Generals HWY,36.48951,-118.829265,457.0,California,Tulare,Sequoia National Park,FOREST,RURAL,California Air Resources Board,2002-01-15,,"47012 GENERALS HIGHWAY, SEQUOIA",,rural
061072003,Visalia-W. Ashland Avenue,36.30815,-119.3129,98.0,California,Tulare,Visalia,COMMERCIAL,URBAN AND CENTER CITY,California Air Resources Board,2022-01-11,,"2005 West Ashland Avenue, Suite G, Visalia, CA, 93277",,urban-centre
061072010,Porterville,36.031831,-119.055018,136.25,California,Tulare,Porterville,AGRICULTURAL,RURAL,San Joaquin Valley Unified Air Pollution Control District,2009-12-01,,"1839 South Newcomb Street Porterville, CA 93257",93257.0,rural
061074001,061074001,36.528837,-119.017327,460.0,California,Tulare,Porterville,RESIDENTIAL,URBAN AND CENTER CITY,Tulare County APCD,1988-08-01,,"COURT HOUSE-87 E MORTON, PORTERVILLE",,urban-centre
061090005,Sonora-Barretta Street,37.98178,-120.378551,571.0,California,Tuolumne,Sonora,RESIDENTIAL,URBAN AND CENTER CITY,California Air Resources Board,1992-07-01,," 251 S BARRETTA, SONORA, CA 95370",95370.0,urban-centre
061110007,Thousand Oaks,34.210169,-118.870509,244.0,California,Ventura,Thousand Oaks,RESIDENTIAL,SUBURBAN,California Air Resources Board,1992-03-01,,"2323 Moorpark Road, Thousand Oaks, CA  91360",91360.0,urban-periphery
061110009,Piru - Pacific,34.404281,-118.80998,190.0,California,Ventura,Piru,AGRICULTURAL,RURAL,Ventura County APCD,2000-11-01,,"3301 PACIFIC AVENUE, PIRU, CA  93040",93015.0,rural
061111004,Ojai - East Ojai Ave,34.44806,-119.2313,262.0,California,Ventura,Ojai,RESIDENTIAL,SUBURBAN,Ventura County APCD,1996-04-01,,"1201 E. OJAI AVENUE, OJAI, CA  93023",93023.0,urban-periphery
061112002,Simi Valley-Cochran Street,34.276316,-118.683685,314.0,California,Ventura,Simi Valley,RESIDENTIAL,SUBURBAN,Ventura County APCD,1985-06-01,,"5400 COCHRAN STREET, SIMI VALLEY, CA  93063",93063.0,urban-periphery
061113001,El Rio-Rio Mesa School #2,34.25239,-119.143182,43.0,California,Ventura,Not in a City,RESIDENTIAL,RURAL,Ventura County APCD,1978-10-20,,"545 CENTRAL AVENUE, OXNARD, CA  93030",93036.0,rural
061113003,061113003,34.280835,-119.292889,18.0,California,Ventura,Ventura,COMMERCIAL,URBAN AND CENTER CITY,Ventura County APCD,1980-10-03,,"535 E MAIN ST, VENTURA",,urban-centre
061130003,Davis-Golf Course,38.583239,-121.781352,16.0,California,Yolo,Davis,,,California Air Resources Board,1984-01-01,,"GOLF COURSE 113/29, DAVIS",,unknown
061130004,Davis-UCD Campus,38.53445,-121.7734,0.0,California,Yolo,Not in a City,AGRICULTURAL,RURAL,Yolo-Solano APCD,1987-09-01,,"UC DAVIS-CAMPUS, CAMPBELL ROAD WEST OF HIWAY 113 & SOUTH OF HUTCHISON DRIVE.",95616.0,rural
061130006,Davis-Russel Blvd,38.546296,-121.746072,0.0,California,Yolo,Davis,MOBILE,URBAN AND CENTER CITY,Yolo-Solano APCD,1994-01-01,,"23 RUSSEL BLVD, DAVIS",,urban-centre
061131003,Woodland-Gibson Road,38.66121,-121.73269,11.0,California,Yolo,Woodland,RESIDENTIAL,SUBURBAN,Yolo-Solano APCD,1998-05-27,,"41929 E. GIBSON ROAD, WOODLAND",95776.0,urban-periphery
061132001,West Sacramento-15th Street,38.57146,-121.52579,13.0,California,Yolo,West Sacramento,INDUSTRIAL,URBAN AND CENTER CITY,Yolo-Solano APCD,1980-01-01,,"132 15TH ST., WEST SACRAMENTO",95691.0,urban-centre
080010009,Brighton Fire #55,39.985105,-104.866658,1548.0,Colorado,Adams,Brighton,RESIDENTIAL,SUBURBAN,Colorado Department of Public Health And Environment,2019-11-19,,"15959 Havana St, Brighton, CO 90602",80602.0,urban-periphery
080010010,Birch Street,39.8281,-104.93647,1569.0,Colorado,Adams,Commerce City,RESIDENTIAL,SUBURBAN,Colorado Department of Public Health And Environment,2021-03-14,,7275 Birch St,80022.0,urban-periphery
080013001,Welby,39.838119,-104.94984,1554.0,Colorado,Adams,Welby,AGRICULTURAL,RURAL,Colorado Department of Public Health And Environment,1973-07-01,,3174 E. 78TH AVE.,80229.0,rural
080017001,WESTERN BOUNDARY OF ARSENAL,39.825542,-104.9022,1602.0,Colorado,Adams,Commerce City,COMMERCIAL,SUBURBAN,Rocky Mountain Arsenol (US Army),1988-01-01,,ROCKY MOUNTAIN ARSENAL,,urban-periphery
080017002,NORTH WEST EDGE OF ROCKY MOUNTAIN ARSENAL,39.855819,-104.881365,1560.0,Colorado,Adams,Commerce City,COMMERCIAL,SUBURBAN,Rocky Mountain Arsenol (US Army),1988-01-01,,ROCKY MOUNTAIN ARSENAL,,urban-periphery
080017003,NORTH EDGE OF RMA BOUNDARY,39.86943,-104.839141,1536.0,Colorado,Adams,Commerce City,COMMERCIAL,SUBURBAN,Rocky Mountain Arsenol (US Army),1988-01-01,,ROCKY MOUNTAIN ARSENAL,,urban-periphery
080017004,EASTERN SIDE OF RMA,39.826653,-104.800529,1600.0,Colorado,Adams,Commerce City,COMMERCIAL,SUBURBAN,Rocky Mountain Arsenol (US Army),1988-01-01,,ROCKY MOUNTAIN ARSENAL,,urban-periphery
080017005,SOUTH EDGE OF ROCKY MOUNTAIN ARSENAL,39.799709,-104.841641,1600.0,Colorado,Adams,Commerce City,COMMERCIAL,SUBURBAN,Rocky Mountain Arsenol (US Army),1988-01-01,,ROCKY MOUNTAIN ARSENAL,,urban-periphery
080017006,SOUTH OF SOUTH PLANT AREA,39.81943,-104.846364,1599.0,Colorado,Adams,Commerce City,COMMERCIAL,SUBURBAN,Rocky Mountain Arsenol (US Army),1988-01-01,,ROCKY MOUNTAIN ARSENAL AQ6,,urban-periphery
080017007,SW CORNER OF ARSENAL NEAR STAPELTON AIRPORT,39.821097,-104.880532,1579.0,Colorado,Adams,Commerce City,COMMERCIAL,SUBURBAN,Rocky Mountain Arsenol (US Army),1988-01-01,,ROCKY MOUNTAIN ARSENAL,,urban-periphery
080017008,NORTH OF SOUTH PLANTS AREA,39.827764,-104.842474,1600.0,Colorado,Adams,Commerce City,COMMERCIAL,SUBURBAN,Rocky Mountain Arsenol (US Army),1988-01-01,,ROCKY MOUNTAIN ARSENAL,,urban-periphery
080017009,NORTH OF BASIN A,39.841375,-104.838308,1602.0,Colorado,Adams,Commerce City,COMMERCIAL,SUBURBAN,Rocky Mountain Arsenol (US Army),1988-01-01,,ROCKY MOUNTAIN ARSENAL,,urban-periphery
080017010,IN SOUTH PLANTS AREA,39.822764,-104.846086,1600.0,Colorado,Adams,Commerce City,COMMERCIAL,SUBURBAN,Rocky Mountain Arsenol (US Army),1988-01-01,,ROCKY MOUNTAIN ARSENAL,,urban-periphery
080017011,"NORTH OF BASIN F, COLOCATED WITH MET STATION 1",39.854986,-104.853309,1578.0,Colorado,Adams,Commerce City,COMMERCIAL,SUBURBAN,Rocky Mountain Arsenol (US Army),1988-01-01,,ROCKY MOUNTAIN ARSENAL,,urban-periphery
080017012,NORTH OF NORTH PLANTS AREA,39.85443,-104.83553,1577.0,Colorado,Adams,Commerce City,COMMERCIAL,SUBURBAN,Rocky Mountain Arsenol (US Army),1988-01-01,,ROCKY MOUNTAIN ARSENAL,,urban-periphery
080017013,NORTH EAST OF BASIN F,39.858319,-104.847474,1578.0,Colorado,Adams,Commerce City,COMMERCIAL,SUBURBAN,Rocky Mountain Arsenol (US Army),1991-03-31,,ROCKY MOUNTAIN ARSENAL,,urban-periphery
080017014,EAST OF BASIN F,39.851653,-104.847752,1508.0,Colorado,Adams,Commerce City,COMMERCIAL,SUBURBAN,Rocky Mountain Arsenol (US Army),1991-03-31,,ROCKY MOUNTAIN ARSENAL,,urban-periphery
080017015,NORTH EAST OF BASIN F COLOCATED WITH MET 4,39.842486,-104.84303,1605.0,Colorado,Adams,Commerce City,COMMERCIAL,SUBURBAN,Rocky Mountain Arsenol (US Army),1988-01-01,,ROCKY MOUNTAIN ARSENAL,,urban-periphery
080017201,NORTH OF BASIN F,39.854986,-104.853309,2080.0,Colorado,Adams,Commerce City,COMMERCIAL,SUBURBAN,Rocky Mountain Arsenol (US Army),1981-01-01,,ROCKY MOUNTAIN ARSENAL,,urban-periphery
080017202,NORTH OF NORTH PLANTS,39.85443,-104.837197,1579.0,Colorado,Adams,Commerce City,COMMERCIAL,SUBURBAN,Rocky Mountain Arsenol (US Army),1981-01-01,,ROCKY MOUNTAIN ARSENAL,,urban-periphery
080017203,NORTH OF SOUTH PLANTS AREA,39.827764,-104.83303,1578.0,Colorado,Adams,Commerce City,COMMERCIAL,SUBURBAN,Rocky Mountain Arsenol (US Army),1981-01-01,,ROCKY MOUNTAIN ARSENAL,,urban-periphery
080030001,Alamosa - Adams State,37.469391,-105.878691,2302.0,Colorado,Alamosa,Alamosa,RESIDENTIAL,SUBURBAN,Colorado Department of Public Health And Environment,1970-01-01,,208 EDGEMONT BLVD.,81102.0,urban-periphery
080030003,ALAMOSA - MUNICIPAL BUILDING,37.469584,-105.863175,2301.0,Colorado,Alamosa,Alamosa,RESIDENTIAL,URBAN AND CENTER CITY,Colorado Department of Public Health And Environment,2002-04-01,,425 4TH ST.,81101.0,urban-centre
080039000,Great Sand Dunes NP,37.724919,-105.519073,2498.0,Colorado,Alamosa,Not in a City,FOREST,RURAL,National Park Service,1988-05-04,,Great Sand Dunes NM,81146.0,rural
080050002,HIGHLAND RESERVOIR,39.567887,-104.957193,1747.0,Colorado,Arapahoe,Southglenn,RESIDENTIAL,SUBURBAN,Colorado Department of Public Health And Environment,1978-06-21,,8100 S. UNIVERSITY BLVD,80122.0,urban-periphery
080050005,Arapahoe Community College,39.604399,-105.019526,1636.0,Colorado,Arapahoe,Littleton,COMMERCIAL,SUBURBAN,Colorado Department of Public Health And Environment,1998-12-01,,6190 S. SANTA FE DR.,80120.0,urban-periphery
080050006,Aurora East,39.638522,-104.569335,1799.0,Colorado,Arapahoe,Not in a City,COMMERCIAL,RURAL,Colorado Department of Public Health And Environment,2009-06-09,,36001 E. Quincy Ave.,80137.0,rural
080070001,PAGOSA SPRINGS SCHOOL,37.26842,-107.009659,2165.0,Colorado,Archuleta,Pagosa Springs,COMMERCIAL,RURAL,Colorado Department of Public Health And Environment,1975-08-01,,309 LEWIS ST.,81147.0,rural
080077004,080077004,37.205862,-107.254118,1920.0,Colorado,Archuleta,Not in a City,RESIDENTIAL,RURAL,"Southern Ute Indian Tribe of Southern Ute Reservation, CO",2017-06-01,,"398 CO- 151 Pagosa Springs, CO",81147.0,rural
080130003,LONGMONT - MUNICIPAL BLDG,40.164576,-105.100856,1520.0,Colorado,Boulder,Longmont,RESIDENTIAL,URBAN AND CENTER CITY,Colorado Department of Public Health And Environment,1985-06-04,,350 KIMBARK ST.,80501.0,urban-centre
080130012,BOULDER CHAMBER OF COMMERCE,40.021097,-105.263382,1619.0,Colorado,Boulder,Boulder,RESIDENTIAL,SUBURBAN,Colorado Department of Public Health And Environment,1994-12-01,,2440 PEARL ST.,80302.0,urban-periphery
080130014,Boulder Reservoir,40.070016,-105.220238,1586.0,Colorado,Boulder,Boulder,COMMERCIAL,SUBURBAN,Colorado Department of Public Health And Environment,2016-09-01,,5545 Reservoir Road.,80301.0,urban-periphery
080131001,BOULDER - CU-ATHENS,40.012969,-105.267212,1622.0,Colorado,Boulder,Boulder,RESIDENTIAL,URBAN AND CENTER CITY,Colorado Department of Public Health And Environment,1980-12-01,,2102 ATHENS ST.,80302.0,urban-centre
080137001,Boulder Fire Station,40.013783,-105.25405,1661.77,Colorado,Boulder,Boulder,COMMERCIAL,RURAL,Boulder City-County Health Department,2007-02-01,,1565 30th St,80303.0,rural
080137002,Longmont,40.1489,-105.059233,1499.46,Colorado,Boulder,Not in a City,RESIDENTIAL,SUBURBAN,Boulder City-County Health Department,2007-02-01,,12525 Quicksilver Road,80501.0,urban-periphery
080137003,Lyons,40.204183,-105.248233,1624.13,Colorado,Boulder,Not in a City,RESIDENTIAL,SUBURBAN,Boulder City-County Health Department,2007-02-01,,12650 North Foothills Highway,80503.0,urban-periphery
080137004,Niwot Ridge,40.03625,-105.543383,3026.97,Colorado,Boulder,Not in a City,FOREST,RURAL,Boulder City-County Health Department,2007-01-19,,818 County Road 116,80481.0,rural
080137005,ALONG SOUTH BOULDER CREEK NEXT TO LAFAYETTE WATER TREATMENT PLANT,39.9572,-105.23847,1669.0,Colorado,Boulder,Not in a City,AGRICULTURAL,RURAL,Boulder City-County Health Department,2007-01-01,,1405 1/2 S. FOOTHILLS PARKWAY,80303.0,rural
080150001,Trout Creek Pass,38.91,-106.001,2920.0,Colorado,Chaffee,Not in a City,FOREST,RURAL,US Forest Service,2009-05-21,,Trout Creek Pass,81211.0,rural
080190003,Geneva Basin,39.575,-105.73,3474.0,Colorado,Clear Creek,Not in a City,FOREST,RURAL,US Forest Service,2008-06-11,,Geneva Basin,80452.0,rural
080190004,Goliath Peak,39.643,-105.592,3518.0,Colorado,Clear Creek,Not in a City,FOREST,RURAL,US Forest Service,2007-08-23,,Goliath Peak,80452.0,rural
080190006,Mines Peak,39.794391,-105.76398,3806.0,Colorado,Clear Creek,Not in a City,FOREST,RURAL,Colorado Department of Public Health And Environment,2014-07-01,,Near summit of Berthoud Pass off US Highway 40,80452.0,rural
080290004,DELTA HEALTH DEPT,38.739213,-108.07307,1511.0,Colorado,Delta,Delta,COMMERCIAL,URBAN AND CENTER CITY,Colorado Department of Public Health And Environment,1993-08-01,,255 WEST 6th ST.,81416.0,urban-centre
080310002,DENVER - CAMP,39.751184,-104.987625,1593.0,Colorado,Denver,Denver,COMMERCIAL,URBAN AND CENTER CITY,Colorado Department of Public Health And Environment,1965-01-01,,2105 BROADWAY,80205.0,urban-centre
080310013,DENVER - NJH-E,39.738578,-104.939925,1620.0,Colorado,Denver,Denver,RESIDENTIAL,URBAN AND CENTER CITY,Colorado Department of Public Health And Environment,1983-01-01,,14TH AVE. & ALBION ST.,80220.0,urban-centre
080310016,080310016,39.737061,-104.964411,1658.0,Colorado,Denver,Denver,RESIDENTIAL,URBAN AND CENTER CITY,Colorado Department of Public Health And Environment,1990-01-01,,1901 E. 13TH AVE. - DECSI BLDG VIZ SITE,80206.0,urban-centre
080310017,DENVER VISITOR CENTER,39.740342,-104.991037,1597.0,Colorado,Denver,Denver,COMMERCIAL,URBAN AND CENTER CITY,Colorado Department of Public Health And Environment,1992-12-01,,225 W. COLFAX AVE.,80202.0,urban-centre
080310026,La Casa,39.77949,-105.00518,1602.0,Colorado,Denver,Denver,RESIDENTIAL,URBAN AND CENTER CITY,Colorado Department of Public Health And Environment,2012-09-27,,4545 Navajo St.,80211.0,urban-centre
080310027,I-25,39.73217,-105.0153,1583.0,Colorado,Denver,Denver,COMMERCIAL,URBAN AND CENTER CITY,Colorado Department of Public Health And Environment,2013-06-01,,971 Yuma Street,80204.0,urban-centre
080310028,Globeville,39.7861,-104.9886,1587.0,Colorado,Denver,Denver,COMMERCIAL,URBAN AND CENTER CITY,Colorado Department of Public Health And Environment,2015-10-01,,4903 Acoma St.,80216.0,urban-centre
080318001,080318001,39.743499,-105.0081,1585.0,Colorado,Denver,Denver,COMMERCIAL,URBAN AND CENTER CITY,City-County Of Denver Health Department,2005-05-27,,670 LAWRENCE ST.,,urban-centre
080318002,080318002,39.782905,-104.956628,1587.0,Colorado,Denver,Denver,RESIDENTIAL,URBAN AND CENTER CITY,City-County Of Denver Health Department,2005-06-01,,4650 COLUMBINE STREET,,urban-centre
080318003,080318003,39.733862,-104.924871,1635.0,Colorado,Denver,Denver,RESIDENTIAL,URBAN AND CENTER CITY,City-County Of Denver Health Department,2005-06-01,,995 GRAPE STREET,,urban-centre
080318004,080318004,39.701202,-104.996302,1596.0,Colorado,Denver,Denver,COMMERCIAL,URBAN AND CENTER CITY,City-County Of Denver Health Department,2005-06-01,,900 S. HURON STREET,,urban-centre
080318005,080318005,39.783546,-104.955857,1581.8,Colorado,Denver,Denver,RESIDENTIAL,URBAN AND CENTER CITY,City-County Of Denver Health Department,2006-02-24,,4690 ELIZABETH STREET,,urban-centre
080350004,Chatfield State Park,39.534488,-105.070358,1676.0,Colorado,Douglas,Roxborough Park,AGRICULTURAL,RURAL,Colorado Department of Public Health And Environment,2004-04-15,,11500 N. Roxborough Park Rd.,80125.0,rural
080410013,U.S. AIR FORCE ACADEMY,38.958341,-104.817215,1971.0,Colorado,El Paso,Air Force Academy,FOREST,RURAL,Colorado Department of Public Health And Environment,1996-05-15,,"ROAD 640, USAF ACADEMY",80840.0,rural
080410016,MANITOU SPRINGS,38.853097,-104.901289,1955.0,Colorado,El Paso,Manitou Springs (Manitou),COMMERCIAL,SUBURBAN,Colorado Department of Public Health And Environment,2004-04-19,,101 BANKS PL.,80829.0,urban-periphery
080410017,COLORADO SPRINGS - COLLEGE COLLEGE,38.848014,-104.828564,1832.0,Colorado,El Paso,Colorado Springs,RESIDENTIAL,URBAN AND CENTER CITY,Colorado Department of Public Health And Environment,2007-12-01,,130 W. CACHE LA POUDRE,80903.0,urban-centre
080430003,CANON CITY - CITY HALL,38.43829,-105.24504,1626.0,Colorado,Fremont,Canon City,COMMERCIAL,URBAN AND CENTER CITY,Colorado Department of Public Health And Environment,2004-10-06,,128 MAIN ST.,81212.0,urban-centre
080430004,CANON CITY - HARRISON SCHOOL,38.469492,-105.208334,1666.0,Colorado,Fremont,Canon City,RESIDENTIAL,SUBURBAN,Colorado Department of Public Health And Environment,2025-07-01,,920 Field Ave,81212.0,urban-periphery
080450005,PARACHUTE - HIGH SCHOOL,39.453654,-108.053259,1557.0,Colorado,Garfield,Parachute,RESIDENTIAL,URBAN AND CENTER CITY,Colorado Department of Public Health And Environment,1982-01-01,,100 E. 2ND ST.,81635.0,urban-centre
080450009,080450009,39.487755,-107.659685,1787.0,Colorado,Garfield,Silt,AGRICULTURAL,RURAL,Colorado Department of Public Health And Environment,2005-05-01,,512 OWENS DR.,81652.0,rural
080450012,Rifle-Health Dept,39.54182,-107.784125,1640.0,Colorado,Garfield,Rifle,COMMERCIAL,SUBURBAN,Colorado Department of Public Health And Environment,2008-06-20,,195 W. 14th St.,81650.0,urban-periphery
080450013,Bell Ranch,39.489,-107.66,1785.0,Colorado,Garfield,Not in a City,FOREST,RURAL,US Forest Service,2007-03-02,,Bell Ranch,81652.0,rural
080450015,Ripple Creek Pass,40.085,-107.312,2930.0,Colorado,Garfield,Not in a City,FOREST,RURAL,US Forest Service,2007-06-01,,Ripple Creek Pass,81641.0,rural
080450016,Sunlight Mountain,39.426,-107.38,3224.0,Colorado,Garfield,Not in a City,FOREST,RURAL,US Forest Service,2007-03-29,,Sunlight Mountain,81601.0,rural
080450018,Carbondale Rocky Mountain School (Boathouse),39.412278,-107.230397,1868.0,Colorado,Garfield,Carbondale,RESIDENTIAL,RURAL,Colorado Department of Public Health And Environment,2012-05-12,,Rocky Mountain School (Boathouse),81623.0,rural
080450019,Battlement Mesa,39.43806,-108.02611,1690.0,Colorado,Garfield,Battlement Mesa,COMMERCIAL,SUBURBAN,Garfield County,2010-09-01,,Garfield County - Battlement Mesa,81635.0,urban-periphery
080450020,"Vogelaar Park, Glenwood Springs",39.5464,-107.3286,1756.0,Colorado,Garfield,Glenwood Springs,COMMERCIAL,SUBURBAN,Garfield County,2015-02-11,,"Vogelaar Park, Glenwood Springs",81601.0,urban-periphery
080450021,"Rocky Mountain School, Carbondale",39.4125,-107.23056,1867.0,Colorado,Garfield,Not in a City,COMMERCIAL,SUBURBAN,Garfield County,2012-03-29,,"Rocky Mountain School, Carbondale",81623.0,urban-periphery
080450022,Douglas Pass,39.598,-108.805,2520.0,Colorado,Garfield,Not in a City,FOREST,RURAL,US Forest Service,2015-05-02,,Douglas Pass,81630.0,rural
080450023,Garfield County Library,39.53068,-107.78225,1629.0,Colorado,Garfield,Rifle,COMMERCIAL,URBAN AND CENTER CITY,Colorado Department of Public Health And Environment,2017-01-19,,207 East Avenue,81650.0,urban-centre
080450024,Douglas Pass,39.598,-108.805,2520.0,Colorado,Garfield,Not in a City,FOREST,RURAL,US Forest Service,2015-05-02,,Douglas Pass,81630.0,rural
080450025,Douglas Pass,39.598,-108.805,2520.0,Colorado,Garfield,Not in a City,FOREST,RURAL,US Forest Service,2015-05-02,,Douglas Pass,81630.0,rural
080450026,Douglas Pass,39.598,-108.805,2520.0,Colorado,Garfield,Not in a City,FOREST,RURAL,US Forest Service,2015-05-02,,Douglas Pass,81630.0,rural
080470003,Black Hawk,39.792519,-105.49127,2633.0,Colorado,Gilpin,Black Hawk,INDUSTRIAL,RURAL,Colorado Department of Public Health And Environment,2019-07-01,,"831 Miners Mesa Road, Black Hawk Colorado 80422",80422.0,rural
080490003,Kremmling,40.058,-106.37,2230.0,Colorado,Grand,Kremmling,FOREST,RURAL,US Forest Service,2015-08-19,,Kremmling,80459.0,rural
080510008,McClure Pass,39.09,-107.234,2930.0,Colorado,Gunnison,Not in a City,FOREST,RURAL,US Forest Service,2010-07-21,,McClure Pass,81623.0,rural
080519991,Gothic,38.9564,-106.9858,2926.0,Colorado,Gunnison,Not in a City,FOREST,RURAL,USEPA - Clean Air and Power Division,1989-05-13,,"Gunnison National Forest, Crested Butte, CO 81224",81224.0,rural
080570005,"Hebron, Colorado",40.5506,-106.385,2506.0,Colorado,Jackson,Not in a City,AGRICULTURAL,RURAL,Colorado Bureau of Land Management,2022-07-01,,"Hebron, Colorado",80480.0,rural
080579000,Mount Zirkel Wilderness,40.5383,-106.6766,3243.0,Colorado,Jackson,Not in a City,FOREST,RURAL,National Park Service,1994-07-30,,Mount Zirkel Wilderness,80430.0,rural
080590005,WELCH,39.638781,-105.13948,1742.0,Colorado,Jefferson,Lakewood,RESIDENTIAL,SUBURBAN,Colorado Department of Public Health And Environment,1991-08-16,,12400 W. HWY 285,80465.0,urban-periphery
080590006,ROCKY FLATS-N,39.912799,-105.188587,1802.0,Colorado,Jefferson,Not in a City,INDUSTRIAL,RURAL,Colorado Department of Public Health And Environment,1992-06-01,,16600 W COLO #128,80021.0,rural
080590008,ROCKY FLATS - SE,39.87639,-105.165611,1718.0,Colorado,Jefferson,Arvada,INDUSTRIAL,RURAL,Colorado Department of Public Health And Environment,1992-06-01,,9901 INDIANA ST.,80007.0,rural
080590011,NATIONAL RENEWABLE ENERGY LABS - NREL,39.743724,-105.177989,1832.0,Colorado,Jefferson,Applewood,COMMERCIAL,SUBURBAN,Colorado Department of Public Health And Environment,1994-06-01,,2054 QUAKER ST.,80401.0,urban-periphery
080590013,Aspen Park,39.541515,-105.29841,2473.0,Colorado,Jefferson,Aspen Park,COMMERCIAL,RURAL,Colorado Department of Public Health And Environment,2009-05-01,,26137 Conifer Road,80433.0,rural
080590014,Evergreen,39.620408,-105.33872,2225.0,Colorado,Jefferson,Evergreen,RESIDENTIAL,SUBURBAN,Colorado Department of Public Health And Environment,2020-10-07,,5124 South Hatch Drive,80439.0,urban-periphery
080590015,Peak Expeditionary School,39.781069,-105.107621,1634.0,Colorado,Jefferson,Wheat Ridge,RESIDENTIAL,SUBURBAN,Colorado Department of Public Health And Environment,2025-07-01,,4617 Independence St,80033.0,urban-periphery
080670004,DURANGO - RIVER CITY HALL,37.277798,-107.880928,1988.0,Colorado,La Plata,Durango,RESIDENTIAL,URBAN AND CENTER CITY,Colorado Department of Public Health And Environment,1985-09-01,,1235 CAMINO DEL RIO,81301.0,urban-centre
080671004,Shamrock Mine,37.30389,-107.484167,2367.0,Colorado,La Plata,Not in a City,FOREST,RURAL,US Forest Service,2004-01-01,,Weminuche Wilderness Area - Shamrock Station,81122.0,rural
080675501,Sunnyside Elementary School,37.122872,-107.862514,0.0,Colorado,La Plata,Not in a City,COMMERCIAL,URBAN AND CENTER CITY,US EPA/OAQPS,2009-08-21,,75 County Road 218,81303.0,urban-centre
080677001,UTE 1,37.13678,-107.62863,1983.0,Colorado,La Plata,Not in a City,RESIDENTIAL,RURAL,"Southern Ute Indian Tribe of Southern Ute Reservation, CO",1981-12-01,,1 MI. NE OF IGNACIO ON COUNTY RD. 517,81137.0,rural
080677003,UTE 3,37.10258,-107.870219,1920.0,Colorado,La Plata,Not in a City,RESIDENTIAL,RURAL,"Southern Ute Indian Tribe of Southern Ute Reservation, CO",1997-04-01,,7571 HWY. 5505,81303.0,rural
080679000,080679000,37.3038,-107.4842,2351.0,Colorado,La Plata,Not in a City,FOREST,RURAL,National Park Service,2004-01-01,,SHAMROCK MINE IMPROVE SITE,81122.0,rural
080690006,Deadman,40.829,-105.752,3250.0,Colorado,Larimer,Not in a City,FOREST,RURAL,US Forest Service,2015-06-08,,Deadman,80545.0,rural
080690007,Rocky Mountain NP,40.27813,-105.54564,2742.0,Colorado,Larimer,Not in a City,FOREST,RURAL,National Park Service,1986-10-01,,ROCKY MOUNTAIN NP,80517.0,rural
080690009,FORT COLLINS - CSU - Edison,40.571288,-105.079693,1524.0,Colorado,Larimer,Fort Collins,COMMERCIAL,URBAN AND CENTER CITY,Colorado Department of Public Health And Environment,1998-12-01,,251 EDISON DR.,80523.0,urban-centre
080690011,FORT COLLINS - WEST,40.592543,-105.141122,1571.0,Colorado,Larimer,Fort Collins,AGRICULTURAL,RURAL,Colorado Department of Public Health And Environment,2006-05-12,,3416 LA PORTE AVE.,80521.0,rural
080690013,Deadman,40.829,-105.752,3250.0,Colorado,Larimer,Not in a City,FOREST,RURAL,US Forest Service,2015-06-08,,Deadman,80545.0,rural
080690014,Deadman,40.829,-105.752,3250.0,Colorado,Larimer,Not in a City,FOREST,RURAL,US Forest Service,2015-06-08,,Deadman,80545.0,rural
080690015,Fossil Creek,40.48346,-105.01618,1489.0,Colorado,Larimer,Fort Collins,AGRICULTURAL,RURAL,Colorado Department of Public Health And Environment,2024-01-01,,3340 CO 392,80528.0,rural
080690016,Bethke,40.515109,-104.949932,1472.0,Colorado,Larimer,Timnath,RESIDENTIAL,SUBURBAN,Colorado Department of Public Health And Environment,2024-06-20,,5100 School House Dr,80547.0,urban-periphery
080690017,Mehaffey Park,40.41883,-105.12796,1573.0,Colorado,Larimer,Loveland,RESIDENTIAL,SUBURBAN,Colorado Department of Public Health And Environment,2025-06-01,,2601 Rio Blanco Ave,80538.0,urban-periphery
080691004,Fort Collins - CSU - S. Mason,40.57747,-105.07892,1524.0,Colorado,Larimer,Fort Collins,RESIDENTIAL,SUBURBAN,Colorado Department of Public Health And Environment,1980-12-01,,708 S. Mason St.,80523.0,urban-periphery
080699000,080699000,40.362381,-105.564396,2408.0,Colorado,Larimer,Not in a City,FOREST,RURAL,National Park Service,1988-03-02,,Rocky Mountain NP HQ,80517.0,rural
080699001,080699001,40.278282,-105.546295,2755.0,Colorado,Larimer,Not in a City,FOREST,RURAL,National Park Service,1990-09-19,,Rocky Mountain NP,80517.0,rural
080699002,Fort Collins,40.592861,-105.143122,1572.0,Colorado,Larimer,Not in a City,COMMERCIAL,RURAL,National Park Service,2020-07-07,,"CIRA, Colorado State University,1375 Campus Delivery,FORT COLLINS CO 80523-1375",,rural
080699991,Rocky Mtn NP Collocated,40.2778,-105.5453,2743.0,Colorado,Larimer,Not in a City,FOREST,RURAL,USEPA - Clean Air and Power Division,2001-06-26,,"Rocky Mountain National Park, Estes Park, CO 80517",80517.0,rural
080770003,MESA CO HLTH DEPT BLDG,39.0916,-108.563775,1420.0,Colorado,Mesa,Grand Junction,RESIDENTIAL,SUBURBAN,Colorado Department of Public Health And Environment,1964-01-01,,515 PATTERSON RD.,81501.0,urban-periphery
080770017,GRAND JUNCTION - POWELL BLDG,39.063798,-108.561173,1398.0,Colorado,Mesa,Grand Junction,COMMERCIAL,URBAN AND CENTER CITY,Colorado Department of Public Health And Environment,2002-02-06,,650 SOUTH AVE.,81501.0,urban-centre
080770018,GRAND JUNCTION - PITKIN,39.064289,-108.56155,1398.0,Colorado,Mesa,Grand Junction,COMMERCIAL,URBAN AND CENTER CITY,Colorado Department of Public Health And Environment,2004-01-15,,645 1/4 PITKIN AVE.,81501.0,urban-centre
080770020,Palisade-Water Treatment,39.130575,-108.313835,1521.0,Colorado,Mesa,Palisade,AGRICULTURAL,RURAL,Colorado Department of Public Health And Environment,2008-05-30,,865 Rapid Creek Rd.,81526.0,rural
080770021,Grand Mesa,38.93,-108.23,3040.0,Colorado,Mesa,Not in a City,FOREST,RURAL,US Forest Service,2009-06-19,,Grand Mesa,81643.0,rural
080810003,Elk Springs,40.329253,-108.49424,1902.0,Colorado,Moffat,Not in a City,FOREST,RURAL,Colorado Department of Public Health And Environment,2015-08-01,,33902 US Hwy. 40,81633.0,rural
080830006,Cortez - Health Dept,37.350054,-108.592334,1890.0,Colorado,Montezuma,Cortez,RESIDENTIAL,URBAN AND CENTER CITY,Colorado Department of Public Health And Environment,2008-06-10,,106 W. North Street,81321.0,urban-centre
080830101,Mesa Verde NP,37.1984,-108.49046,2170.0,Colorado,Montezuma,Not in a City,FOREST,RURAL,National Park Service,1988-03-05,,"MESA VERDE NATIONAL PARK, COLORADO",81328.0,rural
080838001,TowaocUMU2,37.20006,-108.7331,1788.0,Colorado,Montezuma,Towaoc,RESIDENTIAL,RURAL,UTE Mountain UTE Tribe,2015-01-01,,"501 West Sunset Blvd, Towaoc CO",,rural
080839000,080839000,37.198413,-108.491357,2172.0,Colorado,Montezuma,Not in a City,FOREST,RURAL,National Park Service,1988-03-05,,Mesa Verde NP,81328.0,rural
080850005,Paradox,38.342743,-108.99495,1582.0,Colorado,Montrose,Not in a City,AGRICULTURAL,RURAL,Colorado Department of Public Health And Environment,2016-02-18,,7250 County Road 5,81411.0,rural
080930001,Kenosha Pass,39.417,-105.755,3098.0,Colorado,Park,Not in a City,FOREST,RURAL,US Forest Service,2007-03-22,,Kenosha Pass,80421.0,rural
080970002,White River NF,39.154,-106.821,3415.0,Colorado,Pitkin,Not in a City,FOREST,RURAL,US Forest Service,1993-07-17,,Ajax Mountain,81611.0,rural
080970007,CITY OF ASPEN GOLF PUMPHOUSE,39.196,-106.836,2415.0,Colorado,Pitkin,Aspen,RESIDENTIAL,SUBURBAN,"City of Aspen, CO",2010-01-01,,585 CEMETERY LANE,81611.0,urban-periphery
080970008,Aspen Yellow Brick Building,39.19296,-106.82323,2408.0,Colorado,Pitkin,Aspen,COMMERCIAL,URBAN AND CENTER CITY,Colorado Department of Public Health And Environment,2015-01-15,,215 N. Garmisch,81611.0,urban-centre
080979000,080979000,39.15359,-106.821524,3414.0,Colorado,Pitkin,Not in a City,FOREST,RURAL,National Park Service,1993-07-17,,White River NF,81611.0,rural
080990002,Lamar Municipal Bldg,38.084688,-102.618641,1107.0,Colorado,Prowers,Lamar,RESIDENTIAL,URBAN AND CENTER CITY,Colorado Department of Public Health And Environment,1976-12-01,,104 E. PARMENTER ST.,81052.0,urban-centre
081010015,Pueblo - Fountain School,38.276099,-104.597613,1433.0,Colorado,Pueblo,Pueblo,RESIDENTIAL,URBAN AND CENTER CITY,Colorado Department of Public Health And Environment,2009-06-24,,925 N. GLENDALE AVE.,81001.0,urban-centre
081010016,Pueblo West,38.30333,-104.7225,1564.0,Colorado,Pueblo,Pueblo West,RESIDENTIAL,SUBURBAN,Colorado Department of Public Health And Environment,2023-02-01,,803 South Cellini Circle,81007.0,urban-periphery
081010017,ST. CHARLES MESA WATER DISTRICT,38.236232,-104.58138,1430.0,Colorado,Pueblo,Pueblo,COMMERCIAL,SUBURBAN,Colorado Department of Public Health And Environment,2025-07-01,,1397 S. ASPEN ROAD,81006.0,urban-periphery
081030006,"Rangely, Golf Course",40.086944,-108.761389,1655.0,Colorado,Rio Blanco,Rangely,AGRICULTURAL,RURAL,National Park Service,2010-08-07,,"Rangely Colorado, Golf Course",81648.0,rural
081030007,081030007,39.8723,-108.2183,2259.0,Colorado,Rio Blanco,Not in a City,FOREST,RURAL,Colorado Bureau of Land Management,2020-11-04,,Piceance Basin - Mobile,,rural
081039000,Flat Tops,39.9153,-107.6345,2593.0,Colorado,Rio Blanco,Not in a City,FOREST,RURAL,National Park Service,2011-10-27,,"Buford, CO",81641.0,rural
081070003,Steamboat Springs,40.485201,-106.831625,2054.0,Colorado,Routt,Steamboat Springs,COMMERCIAL,RURAL,Colorado Department of Public Health And Environment,1975-09-01,,136 6TH ST.,80487.0,rural
081070008,081070008,40.488033,-106.836438,2041.0,Colorado,Routt,Steamboat Springs,COMMERCIAL,SUBURBAN,Colorado Department of Public Health And Environment,1990-10-01,,137 10TH ST.,80487.0,urban-periphery
081119000,Weminuche Wilderness,37.659409,-107.800541,2750.0,Colorado,San Juan,Not in a City,FOREST,RURAL,National Park Service,1988-03-02,,Weminuche Wilderness,81433.0,rural
081130004,Telluride,37.937872,-107.813061,2684.0,Colorado,San Miguel,Telluride,COMMERCIAL,SUBURBAN,Colorado Department of Public Health And Environment,1990-03-01,,333 W. COLORADO AVE.,81435.0,urban-periphery
081130007,Miramonte Reservoir,38.007,-108.413,2357.0,Colorado,San Miguel,Not in a City,FOREST,RURAL,US Forest Service,2010-06-25,,Miramonte Reservoir,81423.0,rural
081130008,Norwood,38.132,-108.285,2137.0,Colorado,San Miguel,Norwood,FOREST,RURAL,US Forest Service,2011-03-31,,Norwood,81423.0,rural
081190003,Manitou Experimental Forest,39.101,-105.093,2360.0,Colorado,Teller,Not in a City,FOREST,RURAL,US Forest Service,2008-06-09,,Manitou Experimental Forest,80863.0,rural
081196012,WEST OF THE CITY NEAR THE FLORISSANT FOSSIL BEDS NATL MONUMENT,38.935824,-105.177487,2760.0,Colorado,Teller,Not in a city,AGRICULTURAL,RURAL,City of Colorado Springs,1988-01-01,,9732 W HWY 24,80814.0,rural
081230006,Greeley - Hospital,40.414877,-104.70693,1441.0,Colorado,Weld,Greeley,RESIDENTIAL,SUBURBAN,Colorado Department of Public Health And Environment,1967-04-01,,1516 HOSPITAL RD.,80631.0,urban-periphery
081230008,Platteville - Middle School,40.209387,-104.82405,1469.0,Colorado,Weld,Platteville,AGRICULTURAL,RURAL,Colorado Department of Public Health And Environment,1998-12-01,,1004 MAIN ST.,80651.0,rural
081230009,Greeley - Weld County Tower,40.386368,-104.73744,1484.0,Colorado,Weld,Greeley,RESIDENTIAL,SUBURBAN,Colorado Department of Public Health And Environment,2002-06-05,,3101 35TH AVE.,80620.0,urban-periphery
081230011,Briggsdale,40.65,-104.33,1483.0,Colorado,Weld,Not in a City,AGRICULTURAL,RURAL,US Forest Service,2011-05-13,,Briggsdale,80611.0,rural
081230012,Pawnee Buttes,40.813,-104.036,1661.0,Colorado,Weld,Not in a City,FOREST,RURAL,US Forest Service,2013-03-02,,Pawnee Buttes,80729.0,rural
081230014,Missile Site Park,40.428914,-104.86148,1512.0,Colorado,Weld,Greeley,AGRICULTURAL,RURAL,Colorado Department of Public Health And Environment,2021-07-03,,10611 CO-257 Spur,,rural
081230015,La Salle Tower,40.2614,-104.70645,1719.0,Colorado,Weld,La Salle,AGRICULTURAL,RURAL,Colorado Department of Public Health And Environment,2024-01-01,,18490 County Road 38,80651.0,rural
090010010,Roosevelt School-Bridgeport,41.170833,-73.194722,7.0,Connecticut,Fairfield,Bridgeport,RESIDENTIAL,URBAN AND CENTER CITY,Connecticut Department of Environmental Protection,1982-05-01,,ROOSEVELT SCHOOL PARK AVE.,6604.0,urban-centre
090010012,090010012,41.195076,-73.163447,34.0,Connecticut,Fairfield,Bridgeport,RESIDENTIAL,URBAN AND CENTER CITY,Connecticut Department of Environmental Protection,1983-01-01,,115 BOSTON TERRACE,6610.0,urban-centre
090010017,Greenwich Point Park,41.004657,-73.585128,3.0,Connecticut,Fairfield,Greenwich (Town of),RESIDENTIAL,SUBURBAN,Connecticut Department of Environmental Protection,1978-01-01,,Tods Driftway (see coordinates),6870.0,urban-periphery
090010020,090010020,41.055833,-73.539444,9.0,Connecticut,Fairfield,Stamford,COMMERCIAL,URBAN AND CENTER CITY,Connecticut Department of Environmental Protection,1977-01-01,, LIBRARY 96 BROAD ST STAMFORD CT,6901.0,urban-centre
090010113,090010113,41.183708,-73.189835,3.0,Connecticut,Fairfield,Bridgeport,COMMERCIAL,URBAN AND CENTER CITY,Connecticut Department of Environmental Protection,1987-12-01,,SHED CONGRESS STREET,,urban-centre
090011123,Western Conn State Univ,41.399167,-73.443056,116.0,Connecticut,Fairfield,Danbury,RESIDENTIAL,SUBURBAN,Connecticut Department of Environmental Protection,1974-01-01,,"White St at 8th Ave, parking garage roof",6810.0,urban-periphery
090011401,090011401,41.063153,-73.507899,6.0,Connecticut,Fairfield,Darien (Town of),RESIDENTIAL,SUBURBAN,Connecticut Department of Environmental Protection,1989-04-01,,I-95 AT BROOKSIDE DRIVE,,urban-periphery
090012014,090012014,41.106764,-73.419008,10.0,Connecticut,Fairfield,Norwalk,RESIDENTIAL,SUBURBAN,Connecticut Department of Environmental Protection,1988-10-01,,I-95 AT WEST AVE,,urban-periphery
090013005,Health Dept,41.1125,-73.407222,15.0,Connecticut,Fairfield,Norwalk,RESIDENTIAL,SUBURBAN,Connecticut Department of Environmental Protection,1969-01-01,,137 EAST AVENUE,6851.0,urban-periphery
090013007,USGS Lighthouse,41.1525,-73.103056,3.0,Connecticut,Fairfield,Stratford (Town of),RESIDENTIAL,SUBURBAN,Connecticut Department of Environmental Protection,1980-01-01,,"USCG LIGHTHOUSE , PROSPECT STREET",,urban-periphery
090019003,Sherwood Island Connector,41.118333,-73.336667,4.0,Connecticut,Fairfield,Westport,FOREST,RURAL,Connecticut Department of Environmental Protection,1996-01-12,,SHERWOOD ISLAND STATE PARK,6880.0,rural
090030017,090030017,41.769167,-72.670278,8.0,Connecticut,Hartford,Hartford,COMMERCIAL,URBAN AND CENTER CITY,Connecticut Department of Environmental Protection,1984-01-11,,"COURTHOUSE, 155 MORGAN STREET",6103.0,urban-centre
090030025,Huntley Place-Hartford,41.771444,-72.679923,8.0,Connecticut,Hartford,Hartford,COMMERCIAL,URBAN AND CENTER CITY,Connecticut Department of Environmental Protection,2013-04-01,,10 Huntley Place,6120.0,urban-centre
090031003,McAuliffe Park,41.784722,-72.631667,15.0,Connecticut,Hartford,East Hartford,RESIDENTIAL,SUBURBAN,Connecticut Department of Environmental Protection,1981-01-01,,Remington Road (see coordinates),6108.0,urban-periphery
090031004,090031004,41.765933,-72.644814,11.0,Connecticut,Hartford,East Hartford (Town of),COMMERCIAL,URBAN AND CENTER CITY,Connecticut Department of Environmental Protection,1982-01-01,,"CITY HALL, 740 MAIN STREET",,urban-centre
090031005,090031005,42.015929,-72.517587,60.0,Connecticut,Hartford,Enfield (Thompsonville),AGRICULTURAL,RURAL,Connecticut Department of Environmental Protection,1983-08-19,,SHAKER ROAD,,rural
090031018,090031018,41.760933,-72.67037,10.0,Connecticut,Hartford,Hartford,COMMERCIAL,URBAN AND CENTER CITY,Connecticut Department of Environmental Protection,1988-11-14,,CORNER OF SHELDON ST. AND COLUMBUS BLVD,,urban-centre
090050004,THOMASTON WPCF,41.64486,-73.07908,102.0,Connecticut,Litchfield,Thomaston,INDUSTRIAL,URBAN AND CENTER CITY,Connecticut Department of Environmental Protection,2006-09-07,,ACROSS FROM 258 OLD WATERBURY ROAD,,urban-centre
090050005,Mohawk Mt-Cornwall,41.821342,-73.297257,505.0,Connecticut,Litchfield,Cornwall,FOREST,RURAL,Connecticut Department of Environmental Protection,1988-09-01,,MOHAWK MOUNTAIN ROAD (see coordinates),6759.0,rural
090079007,CVH,41.55,-72.626,49.0,Connecticut,Middlesex,Middletown,RESIDENTIAL,SUBURBAN,Connecticut Department of Environmental Protection,2017-10-01,,"Connecticut Valley Hospital, Near Battell Hall",6457.0,urban-periphery
090090018,090090018,41.293986,-72.900935,3.0,Connecticut,New Haven,New Haven,INDUSTRIAL,URBAN AND CENTER CITY,Connecticut Department of Environmental Protection,1985-01-01,,STILES STREET.,,urban-centre
090090026,090090026,41.291111,-72.894167,25.0,Connecticut,New Haven,New Haven,RESIDENTIAL,URBAN AND CENTER CITY,Connecticut Department of Environmental Protection,2003-04-01,,WOODWARD AVENUE,6512.0,urban-centre
090090027,Criscuolo Park-New Haven,41.3014,-72.902871,3.6,Connecticut,New Haven,New Haven,COMMERCIAL,URBAN AND CENTER CITY,Connecticut Department of Environmental Protection,2004-01-01,,1 James Street,6513.0,urban-centre
090091123,State St-New Haven,41.310833,-72.916944,18.0,Connecticut,New Haven,New Haven,RESIDENTIAL,URBAN AND CENTER CITY,Connecticut Department of Environmental Protection,1975-01-01,,715 STATE STREET,6511.0,urban-centre
090092008,090092008,41.331389,-72.919722,40.0,Connecticut,New Haven,New Haven,RESIDENTIAL,SUBURBAN,Connecticut Department of Environmental Protection,1967-01-01,,AGRI EXPR STA HUNTINGTON ST,,urban-periphery
090092123,Meadow and Bank Streets,41.550556,-73.043611,80.0,Connecticut,New Haven,Waterbury,MOBILE,URBAN AND CENTER CITY,Connecticut Department of Environmental Protection,1975-01-01,,Bank St at Meadow St (see coordinates),6702.0,urban-centre
090093002,090093002,41.260833,-72.55,3.0,Connecticut,New Haven,Madison (Town of),,,Connecticut Department of Environmental Protection,1981-01-01,,HAMMONASSET STATE PARK,6443.0,unknown
090098003,090098003,41.277875,-72.963992,30.0,Connecticut,New Haven,West Haven,RESIDENTIAL,SUBURBAN,Connecticut Department of Environmental Protection,1985-07-01,,OLEANDER ST AT I-95,,urban-periphery
090099002,Hammonasset State Park,41.256788,-72.55327,3.0,Connecticut,New Haven,Madison (Town of),RESIDENTIAL,SUBURBAN,Connecticut Department of Environmental Protection,2012-08-30,,"Meigs Point, Hammonasset State Park",6443.0,urban-periphery
090099005,????,41.341111,-72.921389,0.0,Connecticut,New Haven,Hamden (Town of),RESIDENTIAL,SUBURBAN,Connecticut Department of Environmental Protection,1998-12-07,,MILL ROCK BASIN,,urban-periphery
090110008,090110008,41.317222,-72.065,6.0,Connecticut,New London,Groton,RESIDENTIAL,SUBURBAN,Connecticut Department of Environmental Protection,1985-01-01,,"UNIVERSITY OF CONNECTICUT, AVERY POINT",6340.0,urban-periphery
090110009,090110009,41.366765,-72.113132,25.0,Connecticut,New London,New London,RESIDENTIAL,SUBURBAN,Connecticut Department of Environmental Protection,1989-02-28,,PERKINS ST TURN-AROUND,,urban-periphery
090110124,Fort Griswold Park,41.35362,-72.07882,49.0,Connecticut,New London,Groton,COMMERCIAL,SUBURBAN,Connecticut Department of Environmental Protection,2007-04-01,,"141 Smith Street, Groton",6340.0,urban-periphery
090113002,Court House-Norwich,41.524167,-72.076667,12.0,Connecticut,New London,Norwich,COMMERCIAL,URBAN AND CENTER CITY,Connecticut Department of Environmental Protection,1984-04-24,,1 COURT HOUSE SQUARE,6360.0,urban-centre
090131001,Shenipsit State Forest,41.976389,-72.388056,265.0,Connecticut,Tolland,Stafford (Stafford Hollow),FOREST,RURAL,Connecticut Department of Environmental Protection,1980-01-01,,"ROUTE 190, SHENIPSIT STATE FOREST",6071.0,rural
090159991,Abington,41.84046,-72.010368,209.0,Connecticut,Windham,Not in a City,FOREST,RURAL,USEPA - Clean Air and Power Division,1993-12-21,,"80 Ayers Rd, Abington, CT 06230",6259.0,rural
100010002,PROPERTY OF KILLENS POND STATE PARK; BEHIND FARM BUILDINGS,38.986681,-75.556818,0.0,Delaware,Kent,Not in a City,AGRICULTURAL,RURAL,Delaware Dept Natural Resources and Environmental Control,1995-04-01,,"STATE ROAD 384, KILLENS POND RD",19943.0,rural
100010003,PLATFORM IN FIELD BEHIND DELAWARE FED. CREDIT UNION BLDG,39.15564,-75.51821,0.0,Delaware,Kent,Dover,RESIDENTIAL,SUBURBAN,Delaware Dept Natural Resources and Environmental Control,1999-01-01,,WATER ST. DOVER,19901.0,urban-periphery
100017001,100017001,39.13333,-75.46667,8.5,Delaware,Kent,Dover,MILITARY RESERVATION,URBAN AND CENTER CITY,Delaware Dept Natural Resources and Environmental Control,2017-01-01,,"1252 Perimeter Rd, Dover, DE 19902",19902.0,urban-centre
100031003,Bellefonte River Road Park,39.761273,-75.492047,65.0,Delaware,New Castle,Not in a City,RESIDENTIAL,SUBURBAN,Delaware Dept Natural Resources and Environmental Control,1969-01-01,,"RIVER ROAD PARK, BELLEFONTE",19809.0,urban-periphery
100031007,Lums Pond,39.551279,-75.732015,20.0,Delaware,New Castle,Not in a City,AGRICULTURAL,RURAL,Delaware Dept Natural Resources and Environmental Control,1992-01-01,,LUMS POND STATE PARK,19701.0,rural
100031008,Route 9 Delaware City,39.577647,-75.603659,0.0,Delaware,New Castle,Delaware City,AGRICULTURAL,RURAL,Delaware Dept Natural Resources and Environmental Control,1992-01-01,,"ROUTE 9, DELAWARE CITY",19706.0,rural
100031010,BCSP,39.800423,-75.57634,0.0,Delaware,New Castle,Not in a City,AGRICULTURAL,RURAL,Delaware Dept Natural Resources and Environmental Control,1994-07-01,,BRANDYWINE CREEK STATE PARK,19732.0,rural
100031012,Newark  PARKING LOT LAIRD CAMPUS,39.691872,-75.761766,0.0,Delaware,New Castle,Newark,RESIDENTIAL,SUBURBAN,Delaware Dept Natural Resources and Environmental Control,1999-12-15,,UNIV. DE NORTH CAMPUS,19711.0,urban-periphery
100031013,"BELLEVUE STATE PARK, FIELD IN SE PORTION OF PARK",39.773913,-75.496513,0.0,Delaware,New Castle,Not in a City,RESIDENTIAL,SUBURBAN,Delaware Dept Natural Resources and Environmental Control,2001-04-01,,BELLEVUE STATE PARK,19809.0,urban-periphery
100032004,MLK  CORNER OF MLK BLVD AND JUSTISON ST,39.739441,-75.557534,0.0,Delaware,New Castle,Wilmington,COMMERCIAL,URBAN AND CENTER CITY,Delaware Dept Natural Resources and Environmental Control,1999-01-01,,MLK BLVD AND JUSTISON ST.,19801.0,urban-centre
100037003,KILG - Wilmington New Castle County Airport,39.6744,-75.60567,24.1,Delaware,New Castle,Not in a City,COMMERCIAL,URBAN AND CENTER CITY,Delaware Dept Natural Resources and Environmental Control,2017-01-01,,"151 N Dupont Hwy, New Castle, DE 19720",19720.0,urban-centre
100051002,Seaford Shipley State Service Center,38.65392,-75.610605,0.0,Delaware,Sussex,Seaford,RESIDENTIAL,SUBURBAN,Delaware Dept Natural Resources and Environmental Control,1990-03-01,,350 VIRGINIA AVE SEAFORD,19973.0,urban-periphery
100051003,"Lewes SPM SITE, NEAR UD ACID RAIN/MERCURY COLLECTORS",38.779077,-75.163269,0.0,Delaware,Sussex,Lewes,AGRICULTURAL,RURAL,Delaware Dept Natural Resources and Environmental Control,1997-05-01,,UNIV. OF DE COLLEGE OF MARINE STUDIES,19958.0,rural
100057005,KGED - Georgetown Delaware Coastal Airport Weather Station,38.68974,-75.36253,14.0,Delaware,Sussex,Not in a City,COMMERCIAL,SUBURBAN,Delaware Dept Natural Resources and Environmental Control,2017-01-01,,"21553 Rudder Lane, Georgetown, DE 19947",19947.0,urban-periphery
110010041,RIVER TERRACE,38.895572,-76.958072,8.0,District Of Columbia,District of Columbia,Washington,RESIDENTIAL,URBAN AND CENTER CITY,"Department of Energy & Environment, District of Columbia",1993-05-01,,"420 34th Street N.E.,Washington, DC 20019",20019.0,urban-centre
110010042,HAINS POINT PM-2.5 AND IMPROVE SITE ON ROOF OF PARK POLICE BLDG.,38.876255,-77.034059,12.0,District Of Columbia,District of Columbia,Washington,RESIDENTIAL,URBAN AND CENTER CITY,"Department of Energy & Environment, District of Columbia",1988-01-01,,PARK SERVICES OFFICE 1100 OHIO DRIVE,20024.0,urban-centre
110010043,MCMILLAN  NCore-PAMS,38.921847,-77.013178,50.0,District Of Columbia,District of Columbia,Washington,COMMERCIAL,URBAN AND CENTER CITY,"Department of Energy & Environment, District of Columbia",1993-09-09,,"2500 1ST STREET, N.W. WASHINGTON DC",20001.0,urban-centre
110010050,Takoma Rec Center,38.970092,-77.016715,15.0,District Of Columbia,District of Columbia,Washington,RESIDENTIAL,URBAN AND CENTER CITY,"Department of Energy & Environment, District of Columbia",2013-01-01,,"301 Van Buren Street, N.W. Washington DC 20012",20012.0,urban-centre
110010051,Near Road,38.89477,-76.953426,25.0,District Of Columbia,District of Columbia,Washington,COMMERCIAL,URBAN AND CENTER CITY,"Department of Energy & Environment, District of Columbia",2015-01-01,,3600 Benning Road N.E.,20019.0,urban-centre
110010053,King Greenleaf Rec Center,38.875161,-77.012816,5.0,District Of Columbia,District of Columbia,Washington,COMMERCIAL,URBAN AND CENTER CITY,"Department of Energy & Environment, District of Columbia",2018-01-01,,201 N St SW,20024.0,urban-centre
110010055,Bald Eagle Recreational Center,38.818724,-77.010254,5.0,District Of Columbia,District of Columbia,Washington,COMMERCIAL,URBAN AND CENTER CITY,"Department of Energy & Environment, District of Columbia",2024-04-01,,"100 Joliet St, SW, Washington DC 20032",20032.0,urban-centre
110019000,110019000,38.876233,-77.034076,15.0,District Of Columbia,District of Columbia,Washington,FOREST,RURAL,National Park Service,1988-03-02,,Washington D.C.,20024.0,rural
120010024,Alachua,29.658578,-82.408162,5.0,Florida,Alachua,Gainesville,INDUSTRIAL,SUBURBAN,"Ambient Air Services, Inc.",1999-09-05,,SW 8TH AVENUE,,urban-periphery
120010025,120010025,29.684,-82.491,22.86,Florida,Alachua,Gainesville,AGRICULTURAL,RURAL,"Florida Dept of Environmental Protection, Northeast District",2003-03-11,,"2821 NW 143RD STREET GAINESVILLE, FLORIDA",32606.0,rural
120013011,Paynes Prarie,29.544722,-82.296111,30.8,Florida,Alachua,Micanopy,FOREST,RURAL,"Florida Dept of Environmental Protection, Northeast District",1997-08-19,,918 SE 119TH AVE,32667.0,rural
120013012,Paynes Prairie Farm,29.566112,-82.26608,30.8,Florida,Alachua,Micanopy,AGRICULTURAL,RURAL,Florida Department of Environmental Protection (FDEP),2016-12-17,,"9300 CR 234 Micanopy, FL",32667.0,rural
120030002,OLUSTEE,30.201111,-82.441111,46.7,Florida,Baker,Not in a City,FOREST,RURAL,"Florida Dept of Environmental Protection, Northeast District",1996-01-01,,HWY 90 OLUSTEE FOREST SERVICE OFFICE,32087.0,rural
120050004,120050004,30.254367,-85.703819,9.0,Florida,Bay,Lynn Haven,INDUSTRIAL,RURAL,Florida Department of Environmental Protection (FDEP),1976-01-01,,ST. RD. 391,,rural
120050006,"ST.ANDREWS STATE PARK, PANAMA CITY BEACH",30.130433,-85.731517,4.9,Florida,Bay,Lower Grand Lagoon,COMMERCIAL,RURAL,"Florida Dept of Environmental Protection, Northwest District",2000-07-13,,"4607 STATE PARK LN PCB,FL",32408.0,rural
120051004,120051004,30.144369,-85.614371,10.0,Florida,Bay,Panama City,RESIDENTIAL,SUBURBAN,"Florida Dept of Environmental Protection, Northwest District",1985-07-01,,CHERRY ST AND HENDERSON AVENUE,,urban-periphery
120090004,120090004,28.511389,-80.794499,5.0,Florida,Brevard,Titusville,,,"Florida Dept of Environmental Protection, Central District",1974-01-01,,TICO AIRPORT OFF US 1,,unknown
120090007,Melbourne,28.053611,-80.628611,5.0,Florida,Brevard,Melbourne,RESIDENTIAL,URBAN AND CENTER CITY,"Florida Dept of Environmental Protection, Central District",2000-03-01,,"401 West Florida Avenue, Melbourne, FL 32901",32901.0,urban-centre
120090011,120090011,28.46938,-80.66683,1.0,Florida,Brevard,Not in a City,RESIDENTIAL,URBAN AND CENTER CITY,"Florida Dept of Environmental Protection, Central District",2006-11-01,,6315 DEPOT AVENUE,32953.0,urban-centre
120094001,Cocoa Beach,28.310841,-80.61533,2.0,Florida,Brevard,Cocoa Beach,RESIDENTIAL,SUBURBAN,"Florida Dept of Environmental Protection, Central District",1988-09-15,,400 SOUTH 4TH STREET,,urban-periphery
120099991,Canaveral National Seashore,28.6443,-80.6832,3.0,Florida,Brevard,Not in a City,FOREST,RURAL,USEPA - Clean Air and Power Division,2024-08-27,,1235 Main Street,32958.0,rural
120110010,Lincoln Park Elementary,26.128611,-80.167222,10.0,Florida,Broward,Fort Lauderdale,RESIDENTIAL,SUBURBAN,Broward County Environmental Protection Department,1992-01-01,,LINCOLN PARK ELEMENTARY SCH. (NW CORNER),33311.0,urban-periphery
120110031,SAWGRASS SPRINGS MIDDLE SCHOOL,26.272359,-80.294772,3.0,Florida,Broward,Coral Springs,RESIDENTIAL,SUBURBAN,Broward County Environmental Protection Department,1997-09-01,,12600 WEST SAMPLE ROAD,,urban-periphery
120110033,Vista View Park,26.073536,-80.33845,2.0,Florida,Broward,Davie,RESIDENTIAL,SUBURBAN,Broward County Environmental Protection Department,2008-07-01,,"4001 SW 142nd Ave, Davie, FL 33330",33330.0,urban-periphery
120110034,Daniela Banu NCORE,26.053889,-80.256944,2.7,Florida,Broward,Davie,RESIDENTIAL,SUBURBAN,Broward County Environmental Protection Department,2015-01-01,,"5300 South Pine Island Road, Davie, FL 33328",33328.0,urban-periphery
120110035,Near Road - Fort Lauderdale,26.132677,-80.169817,3.0,Florida,Broward,Fort Lauderdale,RESIDENTIAL,URBAN AND CENTER CITY,Broward County Environmental Protection Department,2015-08-21,,"799 North I-95, Ft. Lauderdale, FL 33311",33311.0,urban-centre
120110037,Pompano Beach EJ,26.249231,-80.162789,2.93,Florida,Broward,Pompano Beach,COMMERCIAL,SUBURBAN,Florida Department of Environmental Protection (FDEP),2025-09-01,,"1600 Blount Road, Pompano Beach, FL",33069.0,urban-periphery
120111002,U of F Ag Research Center,26.083143,-80.237586,4.0,Florida,Broward,Davie,COMMERCIAL,SUBURBAN,Broward County Environmental Protection Department,1972-01-01,,3205 SW 70TH AVENUE,33314.0,urban-periphery
120112003,Pompano Highlands,26.291088,-80.096353,10.0,Florida,Broward,Pompano Beach Highlands,RESIDENTIAL,SUBURBAN,Broward County Environmental Protection Department,1976-01-01,,1951 NE 48TH ST,33064.0,urban-periphery
120112004,120112004,26.217582,-80.127545,3.0,Florida,Broward,Pompano Beach,COMMERCIAL,SUBURBAN,Broward County Environmental Protection Department,1981-01-01,,851 SW 3 AVENUE POMPANO BEACH,,urban-periphery
120113002,120113002,26.001202,-80.160324,5.0,Florida,Broward,Hollywood,COMMERCIAL,SUBURBAN,Broward County Environmental Protection Department,1981-01-01,,2701 PLUNKETT STREET HOLLYWOOD,,urban-periphery
120115005,Coconut Creek,26.294167,-80.176389,0.0,Florida,Broward,Coconut Creek,RESIDENTIAL,SUBURBAN,Broward County Environmental Protection Department,1995-08-01,,"5005 NW 39th Ave, Coconut Creek, FL 33073",33073.0,urban-periphery
120118002,Dr. Von Mizell-Eula Johnson State Park (prev. John U Lloyd State Park),26.087567,-80.111152,3.0,Florida,Broward,Hollywood,RESIDENTIAL,SUBURBAN,Broward County Environmental Protection Department,1987-12-01,,"6503 N Ocean Dr, Dania Beach, FL 33004",33004.0,urban-periphery
120170005,POWER LINE ROAD,28.980556,-82.644381,3.0,Florida,Citrus,Not in a City,INDUSTRIAL,RURAL,"Ambient Air Services, Inc.",1999-02-05,,POWER LINE ROAD,34428.0,rural
120170006,Crystal River Preserve,28.958644,-82.642965,9.0,Florida,Citrus,Not in a City,INDUSTRIAL,RURAL,Florida Department of Environmental Protection (FDEP),2013-12-13,,"13450 W. Power Line Rd., Crystal River, FL 34428",34428.0,rural
120179000,Chassahowitzka NWR,28.748678,-82.554769,4.0,Florida,Citrus,Not in a City,FOREST,RURAL,National Park Service,1993-04-03,,Chassahowitzka NWR,34448.0,rural
120210004,LAURAL OAKS ELEMENTARY,26.270083,-81.710959,20.0,Florida,Collier,Naples,COMMERCIAL,SUBURBAN,"Florida Dept of Environmental Protection, South District",2001-05-01,,7800 IMMOKALEE ROAD NAPLES 34119,,urban-periphery
120230002,Lake City - Veteran's Domicile,30.178056,-82.619167,36.6,Florida,Columbia,Lake City,RESIDENTIAL,SUBURBAN,"Florida Dept of Environmental Protection, Northeast District",2000-11-01,,751 SE SYCAMORE TERRACE,32025.0,urban-periphery
120310032,Kooker Park,30.356339,-81.635396,7.0,Florida,Duval,Jacksonville,COMMERCIAL,SUBURBAN,City of Jacksonville Environmental Quality Division,1972-01-01,,"2900 Bennett Street, Jacksonville, FL 32206",32206.0,urban-periphery
120310053,120310053,30.35245,-81.628173,11.0,Florida,Duval,Jacksonville,INDUSTRIAL,SUBURBAN,City of Jacksonville Environmental Quality Division,1974-01-01,,2221 BUCKMAN ST,32206.0,urban-periphery
120310077,Sheffield,30.477725,-81.587339,12.0,Florida,Duval,Jacksonville,RESIDENTIAL,RURAL,City of Jacksonville Environmental Quality Division,1979-01-01,,13333 LANIER RD.,32226.0,rural
120310080,Southside Playground,30.309119,-81.652341,2.0,Florida,Duval,Jacksonville,COMMERCIAL,SUBURBAN,City of Jacksonville Environmental Quality Division,1979-01-01,,"1605 MINERVA Ave JACKSONVILLE, FL. 32207",32207.0,urban-periphery
120310081,Cedar Bay STP,30.422448,-81.620951,8.0,Florida,Duval,Jacksonville,RESIDENTIAL,SUBURBAN,City of Jacksonville Environmental Quality Division,1978-01-01,,1840 CEDAR BAY RD,32218.0,urban-periphery
120310083,120310083,30.30523,-81.705398,3.0,Florida,Duval,Jacksonville,RESIDENTIAL,SUBURBAN,City of Jacksonville Environmental Quality Division,1980-02-01,,1200 S MCDUFF AVE,32205.0,urban-periphery
120310084,Rosselle,30.320507,-81.68762,5.0,Florida,Duval,Jacksonville,MOBILE,SUBURBAN,City of Jacksonville Environmental Quality Division,1980-01-01,,2189 rosselle st,32204.0,urban-periphery
120310089,120310089,30.329118,-81.639562,5.0,Florida,Duval,Jacksonville,RESIDENTIAL,URBAN AND CENTER CITY,City of Jacksonville Environmental Quality Division,1981-01-01,,600 GEORGIA STREET,32202.0,urban-centre
120310097,120310097,30.367461,-81.593983,20.0,Florida,Duval,Jacksonville,COMMERCIAL,SUBURBAN,City of Jacksonville Environmental Quality Division,1991-09-06,,"6241 FORT CAROLINE ROAD, JACKSONVILLE",,urban-periphery
120310098,Mandarin,30.135797,-81.633981,4.0,Florida,Duval,Jacksonville,COMMERCIAL,SUBURBAN,City of Jacksonville Environmental Quality Division,1999-06-01,,14932 MANDARIN ROAD,,urban-periphery
120310099,Sunny Acres,30.354722,-81.547778,7.0,Florida,Duval,Jacksonville,COMMERCIAL,SUBURBAN,City of Jacksonville Environmental Quality Division,1999-06-01,,9429 MERRILL ROAD,32225.0,urban-periphery
120310100,Mayo Clinic,30.260278,-81.453611,3.0,Florida,Duval,Jacksonville,RESIDENTIAL,SUBURBAN,Jacksonville Air Pollution Control Activity,2002-08-28,,13600 William Davis Parkway.,32224.0,urban-periphery
120310101,120310101,30.33501,-81.61861,9.72,Florida,Duval,Jacksonville,INDUSTRIAL,SUBURBAN,City of Jacksonville Environmental Quality Division,2004-01-22,,1640 TALLEYRAND AVENUE,,urban-periphery
120310102,120310102,30.35319,-81.56725,5.85,Florida,Duval,Jacksonville,COMMERCIAL,SUBURBAN,City of Jacksonville Environmental Quality Division,2003-09-09,,7730 MERRILL ROAD,32277.0,urban-periphery
120310103,120310103,30.41707,-81.585858,2.77,Florida,Duval,Jacksonville,INDUSTRIAL,SUBURBAN,City of Jacksonville Environmental Quality Division,2003-03-06,,9323 EASTPORT ROAD,32218.0,urban-periphery
120310104,120310104,30.352375,-81.61841,1.65,Florida,Duval,Jacksonville,INDUSTRIAL,SUBURBAN,City of Jacksonville Environmental Quality Division,2002-08-19,,4215 TALLEYRAND AVENUE,,urban-periphery
120310105,120310105,30.31725,-81.68395,3.02,Florida,Duval,Jacksonville,INDUSTRIAL,SUBURBAN,City of Jacksonville Environmental Quality Division,2001-08-01,,2189 ROSSELLE STREET,32204.0,urban-periphery
120310106,Cisco Drive,30.378217,-81.8409,30.5,Florida,Duval,Jacksonville,RESIDENTIAL,RURAL,City of Jacksonville Environmental Quality Division,2009-09-28,,4770 Cisco Dr,32219.0,rural
120310108,Pepsi Place,30.262778,-81.606833,5.79,Florida,Duval,Jacksonville,MOBILE,SUBURBAN,Jacksonville Department Health And Rehabilitation Services,2014-01-01,,"5895 Pepsi Place, Jacksonville, FL 32216",32216.0,urban-periphery
120330003,120330003,30.619915,-87.317197,48.0,Florida,Escambia,Pensacola,INDUSTRIAL,RURAL,"Florida Dept of Environmental Protection, Northwest District",1979-01-01,,CHAMPION INTERNATIONAL GOLF COURSE,,rural
120330004,Ellyson Industrial Park,30.525367,-87.20355,32.0,Florida,Escambia,Ferry Pass,INDUSTRIAL,SUBURBAN,"Florida Dept of Environmental Protection, Northwest District",1974-01-01,,ELLYSON INDUSTRIAL PARK-COPTER ROAD,32514.0,urban-periphery
120330018,Pensacola NAS,30.36805,-87.270967,3.1,Florida,Escambia,Pensacola,MOBILE,SUBURBAN,"Florida Dept of Environmental Protection, Northwest District",1980-10-29,,"21 Cunningham St, Pensacola, FL 32508",32508.0,urban-periphery
120330022,120330022,30.544917,-87.216082,0.0,Florida,Escambia,Pensacola,COMMERCIAL,SUBURBAN,"Florida Dept of Environmental Protection, Northwest District",1991-09-19,,"11000 UNIVERSITY PARKWAY, UNIV OF W. FLA",,urban-periphery
120330025,OAKCREST ELEMENTARY,30.437,-87.256,10.0,Florida,Escambia,Pensacola,RESIDENTIAL,URBAN AND CENTER CITY,The Southern Company,1999-01-01,,3565 GRANDVIEW STREET,32505.0,urban-centre
120330026,OLF #8,30.55,-87.376,45.0,Florida,Escambia,Pensacola,RESIDENTIAL,SUBURBAN,The Southern Company,1999-05-01,,5955 FRANK REEDER ROAD,32526.0,urban-periphery
120330027,120330027,30.4678,-87.3316,1.0,Florida,Escambia,Bellview,RESIDENTIAL,SUBURBAN,FDEP Ambient Monitoring Section,2006-11-01,,6270 FENCE ROAD,32526.0,urban-periphery
120330028,120330028,30.4641,-87.3287,33.0,Florida,Escambia,Bellview,RESIDENTIAL,SUBURBAN,FDEP Ambient Monitoring Section,2006-11-01,,5654 SAUFLEY FIELD ROAD,32526.0,urban-periphery
120330029,120330029,30.4594,-87.3285,33.0,Florida,Escambia,Bellview,RESIDENTIAL,SUBURBAN,FDEP Ambient Monitoring Section,2006-11-01,,5824+ DANDELION STREET (BESIDE),32526.0,urban-periphery
120330030,120330030,30.4589,-87.334,33.0,Florida,Escambia,Not in a City,COMMERCIAL,SUBURBAN,FDEP Ambient Monitoring Section,2006-11-01,,6490 SAUFLEY FIELD ROAD,32526.0,urban-periphery
120350004,Flagler,29.489083,-81.276833,7.3,Florida,Flagler,Bunnell,RESIDENTIAL,RURAL,"Florida Dept of Environmental Protection, Northeast District",2011-08-25,,208 Sawgrass Rd,32137.0,rural
120451003,120451003,29.828264,-85.281862,5.0,Florida,Gulf,Port Saint Joe,INDUSTRIAL,SUBURBAN,"Florida Dept of Environmental Protection, Northwest District",1988-03-28,,CITY WATER PLANT ON KENNY'S MILL ROAD,,urban-periphery
120470015,White Springs,30.42659,-82.794715,40.0,Florida,Hamilton,White Springs,INDUSTRIAL,RURAL,"Florida Dept of Environmental Protection, Northeast District",1982-01-01,,"Southeast CR 137, White Springs, FL 32096",32052.0,rural
120470017,White Springs Plant,30.426029,-82.795356,40.0,Florida,Hamilton,Not in a City,INDUSTRIAL,RURAL,Florida Department of Environmental Protection (FDEP),2022-03-14,,16489 SE County Road 137,32096.0,rural
120550003,Archbold Biological Station,27.189215,-81.34035,60.0,Florida,Highlands,Sebring,AGRICULTURAL,RURAL,"Florida Dept of Environmental Protection, South District",2001-06-14,,123 MAIN DRIVE VENUS FL 33960,,rural
120570030,Morrison Ave,27.932244,-82.50954,7.0,Florida,Hillsborough,Tampa,COMMERCIAL,URBAN AND CENTER CITY,Hillsborough County Environmental Protection Commission,1995-05-01,,3910 MORRISON AVE.,,urban-centre
120570066,120570066,27.894469,-82.400927,5.0,Florida,Hillsborough,Ruskin,INDUSTRIAL,SUBURBAN,Hillsborough County Environmental Protection Commission,1972-01-01,,HWY 41 (GIBSONTON),,urban-periphery
120570081,Simmons Park,27.740033,-82.465146,4.0,Florida,Hillsborough,Ruskin,FOREST,RURAL,Hillsborough County Environmental Protection Commission,1973-01-01,,2401 19th Avenue Northwest,33570.0,rural
120570083,Gardinier Park,27.864192,-82.384259,5.0,Florida,Hillsborough,Tampa,INDUSTRIAL,RURAL,Hillsborough County Environmental Protection Commission,1995-04-01,,"6501 RIVERVIEW DR. RIVERVIEW, FL",,rural
120570095,120570095,27.922801,-82.401205,2.0,Florida,Hillsborough,Tampa,COMMERCIAL,SUBURBAN,Hillsborough County Environmental Protection Commission,1982-01-01,,5012 CAUSEWAY BLVD TAMPA FLORIDA,,urban-periphery
120570100,KENLY,27.970328,-82.38005,16.0,Florida,Hillsborough,East Lake-Orient Park,RESIDENTIAL,SUBURBAN,Hillsborough County Environmental Protection Commission,2010-04-01,,2909 N 66TH ST,33619.0,urban-periphery
120570101,NFI Trucking Yard,27.961909,-82.385629,7.0,Florida,Hillsborough,Tampa,INDUSTRIAL,URBAN AND CENTER CITY,Florida Department of Environmental Protection (FDEP),2022-03-06,,2000 N 62nd Street,33619.0,urban-centre
120570109,East Bay,27.854176,-82.383728,0.0,Florida,Hillsborough,Tampa,COMMERCIAL,SUBURBAN,Hillsborough County Environmental Protection Commission,1996-06-01,,"9849 South Highway 41, Tampa, FL 33534",33534.0,urban-periphery
120570110,ONE MILE WEST OF COUNTY RD 39 S. OF SHERIFF WEAPON TRANING FACILITY,27.780815,-82.161928,8.0,Florida,Hillsborough,Not in a city,AGRICULTURAL,RURAL,Hillsborough County Environmental Protection Commission,2001-07-01,,"14063 COUNTY ROAD 39, S. LITHIA FL 33547",,rural
120570113,Munro Street (Near-Road),27.955133,-82.469532,6.0,Florida,Hillsborough,Tampa,RESIDENTIAL,SUBURBAN,Hillsborough County Environmental Protection Commission,2016-02-01,,"1497 N Munro Street, Tampa, FL 33607",33607.0,urban-periphery
120571002,120571002,27.947799,-82.457039,18.0,Florida,Hillsborough,Tampa,COMMERCIAL,URBAN AND CENTER CITY,Hillsborough County Environmental Protection Commission,1966-01-01,,1105 E KENNEDY BLVD,,urban-centre
120571035,Davis Island,27.928356,-82.454539,5.0,Florida,Hillsborough,Tampa,RESIDENTIAL,SUBURBAN,Hillsborough County Environmental Protection Commission,1968-01-01,,"155 Columbia Dr, Tampa FL 33606",,urban-periphery
120571065,USMC Reserve Center (Gandy),27.892523,-82.538429,3.0,Florida,Hillsborough,Tampa,COMMERCIAL,SUBURBAN,Hillsborough County Environmental Protection Commission,1989-09-01,,"5121 Gandy Blvd, Tampa, FL 33611",33611.0,urban-periphery
120571066,CSX Rail Yard,27.960148,-82.381873,15.0,Florida,Hillsborough,Tampa,INDUSTRIAL,SUBURBAN,Hillsborough County Environmental Protection Commission,1990-09-14,,1700 NORTH 66TH STREET,33619.0,urban-periphery
120571070,120571070,27.987798,-82.453984,0.0,Florida,Hillsborough,Tampa,RESIDENTIAL,SUBURBAN,Hillsborough County Environmental Protection Commission,1993-02-04,,4702 CENTRAL AVE. SEMINOLE ADULT DAY SCH,,urban-periphery
120571073,Patent Scaffolding,27.96483,-82.37921,7.0,Florida,Hillsborough,Tampa,COMMERCIAL,URBAN AND CENTER CITY,Hillsborough County Environmental Protection Commission,1997-11-01,,6811 EAST 14TH AVENUE,33619.0,urban-centre
120571075,WHITEWAY DRIVE TAMPA,28.050296,-82.377871,10.0,Florida,Hillsborough,Tampa,RESIDENTIAL,URBAN AND CENTER CITY,Hillsborough County Environmental Protection Commission,1999-01-01,,6700 WHITEWAY DRIVE TAMPA,,urban-centre
120571111,Julian B. Lane Park,27.95555,-82.46714,20.0,Florida,Hillsborough,Tampa,RESIDENTIAL,SUBURBAN,Hillsborough County Environmental Protection Commission,2014-01-01,,601 W. Laurel Street,33607.0,urban-periphery
120572002,120572002,27.968911,-82.278425,20.0,Florida,Hillsborough,Brandon,RESIDENTIAL,SUBURBAN,Hillsborough County Environmental Protection Commission,1983-08-09,,2929 S. KINGSWAY AVENUE,,urban-periphery
120573002,SYDNEY,27.96565,-82.2304,20.0,Florida,Hillsborough,Valrico,RESIDENTIAL,RURAL,Hillsborough County Environmental Protection Commission,2004-01-01,,"1167 N Dover Road, Valrico, FL 33527",33527.0,rural
120590004,Bonifay,30.848611,-85.603889,26.2,Florida,Holmes,Not in a City,COMMERCIAL,RURAL,"Florida Dept of Environmental Protection, Northwest District",1996-09-01,,"1976 Tri County Airport Rd., Bonifay, FL 32425",32425.0,rural
120619991,Indian River Lagoon,27.8492,-80.4554,2.0,Florida,Indian River,Not in a City,FOREST,RURAL,USEPA - Clean Air and Power Division,2001-07-08,,"Sebastian Inlet State Recreation Area, Vero Beach, FL 32963",32963.0,rural
120690001,_OCALA NATIONAL FOREST FIRE CONTROL CENTER,29.108037,-81.632853,2.0,Florida,Lake,Not in a City,FOREST,RURAL,"Florida Dept of Environmental Protection, Central District",1996-08-07,,"HIGHWAY 19, OCALA NATIONAL FOREST",,rural
120690002,Clermont,28.523889,-81.723333,0.0,Florida,Lake,Clermont,RESIDENTIAL,URBAN AND CENTER CITY,"Florida Dept of Environmental Protection, Central District",2000-10-01,,1901 JOHNS LAKE RD,34711.0,urban-centre
120710005,Winkler Pump Station,26.602016,-81.877908,0.0,Florida,Lee,Fort Myers,RESIDENTIAL,SUBURBAN,"Florida Dept of Environmental Protection, South District",1980-01-01,,"1403 Princeton St., Ft. Myers, FL 33901",33901.0,urban-periphery
120712002,Cape Coral - Rotary Park,26.548212,-81.981523,1.0,Florida,Lee,Cape Coral,RESIDENTIAL,SUBURBAN,"Florida Dept of Environmental Protection, South District",2001-05-10,,5505 ROSE GARDEN RD CAPE COREL FL 33914,33914.0,urban-periphery
120713002,Bay Oaks Park,26.449247,-81.939256,2.0,Florida,Lee,Fort Myers Beach,RESIDENTIAL,SUBURBAN,"Florida Dept of Environmental Protection, South District",1995-09-24,,"2731 Oak Street, Ft. Myers Beach, FL 33931",,urban-periphery
120730012,Tallahassee Community College,30.439722,-84.346389,15.9,Florida,Leon,Tallahassee,COMMERCIAL,SUBURBAN,"Florida Dept of Environmental Protection, Northwest District",1998-06-13,,110 CENTURY PARK CIRCLE WEST,32304.0,urban-periphery
120731005,APALACHICOLA NATIONAL FOREST,30.305556,-84.423611,25.6,Florida,Leon,Not in a City,FOREST,RURAL,"Florida Dept of Environmental Protection, Northwest District",1996-04-01,,10703 Bloxham Cutoff Rd,32310.0,rural
120779991,Sumatra,30.1103,-84.9903,14.0,Florida,Liberty,Not in a City,FOREST,RURAL,USEPA - Clean Air and Power Division,1988-12-27,,"Apalachicola National Forest, Bristol, FL 32321",32321.0,rural
120810008,120810008,27.62309,-82.539263,0.0,Florida,Manatee,Not in a city,INDUSTRIAL,RURAL,Manatee County Environmental Management  Department,1966-01-01,,HOLLAND HSE 100 YDS E OF US41 ON B'EYE R,,rural
120810028,Port Manatee DEP,27.638925,-82.547648,1.0,Florida,Manatee,Not in a City,COMMERCIAL,RURAL,Florida Department of Environmental Protection (FDEP),2013-11-16,,1801 Piney Point Road (Site is located in the property of Port Manatee),34221.0,rural
120813002,Port Manatee,27.633089,-82.54593,0.0,Florida,Manatee,Palmetto,INDUSTRIAL,RURAL,Manatee County Environmental Management  Department,1992-04-01,,"1801 Piney Point Rd., Palmetto, FL 34221",,rural
120814012,G.T. BRAY PARK,27.480873,-82.618709,8.0,Florida,Manatee,Bradenton,RESIDENTIAL,URBAN AND CENTER CITY,Manatee County Environmental Management  Department,1999-01-01,,5502 33RD AVE DRIVE W. (G T BRAY PARK),,urban-centre
120814013,39TH STREET SITE,27.449763,-82.522041,8.0,Florida,Manatee,Bradenton,RESIDENTIAL,SUBURBAN,Manatee County Environmental Management  Department,1999-01-01,,5511 39TH STREET EAST,,urban-periphery
120830003,Ocala YMCA,29.170533,-82.100646,10.0,Florida,Marion,Ocala,COMMERCIAL,URBAN AND CENTER CITY,"Florida Dept of Environmental Protection, Central District",1998-05-27,,3200 SE 17TH STREET,,urban-centre
120830004,Marion County Sheriff,29.192754,-82.173149,0.0,Florida,Marion,Ocala,COMMERCIAL,URBAN AND CENTER CITY,"Florida Dept of Environmental Protection, Central District",2000-11-09,,692 NW 30TH AVE,,urban-centre
120850007,Stuart,27.172458,-80.240689,4.1,Florida,Martin,Stuart,COMMERCIAL,URBAN AND CENTER CITY,"Florida Dept of Environmental Protection, Southeast District",2010-06-11,,950 SE MONTEREY RD,34994.0,urban-centre
120860019,PENNSUCO,25.899539,-80.38259,5.0,Florida,Miami-Dade,Miami,,,Miami-Dade County Department of Environmental Resources Management ,1978-01-01,,"14001-14027 N Okeechobee Rd, Hialeah, FL 33018",,unknown
120860020,120860020,25.808709,-80.301995,11.0,Florida,Miami-Dade,Miami,COMMERCIAL,SUBURBAN,Miami-Dade County Department of Environmental Resources Management ,1978-01-01,,7100 NW 36TH ST.,,urban-periphery
120860024,120860024,25.766489,-80.430055,2.0,Florida,Miami-Dade,Not in a city,RESIDENTIAL,SUBURBAN,Miami-Dade County Department of Environmental Resources Management ,1982-01-01,,SR 826 AND S W 4TH STREET,,urban-periphery
120860027,Rosenstiel,25.732878,-80.16175,2.0,Florida,Miami-Dade,Miami,RESIDENTIAL,SUBURBAN,Miami-Dade County Department of Environmental Resources Management ,1984-03-01,,"4600 Rickenbacker Causeway, Miami, FL 33149",33149.0,urban-periphery
120860029,Perdue,25.587327,-80.325922,4.0,Florida,Miami-Dade,Cutler Ridge,FOREST,RURAL,Miami-Dade County Department of Environmental Resources Management ,1985-04-01,,19590 OLD CUTLER RD-PERDUE MED. CENTER,33157.0,rural
120860030,Everglades NP,25.39122,-80.680819,1.0,Florida,Miami-Dade,Not in a City,FOREST,RURAL,National Park Service,1985-05-01,,EVERGLADES NP,33034.0,rural
120860032,120860032,25.87583,-80.2583,2.0,Florida,Miami-Dade,Not in a city,COMMERCIAL,URBAN AND CENTER CITY,Miami-Dade County Department of Environmental Resources Management ,2001-05-13,,"11150 NW 36 AVENUE,MIAMI, FL.",,urban-centre
120860033,Palm Springs Fire Station,25.941944,-80.326389,2.0,Florida,Miami-Dade,Palm Springs North,RESIDENTIAL,SUBURBAN,Miami-Dade County Department of Environmental Resources Management ,2005-04-28,,7700 NW 186 STREET,33015.0,urban-periphery
120860034,KENDALL,25.68333,-80.399722,2.0,Florida,Miami-Dade,Not in a City,RESIDENTIAL,SUBURBAN,Miami-Dade County Department of Environmental Resources Management ,2005-04-27,,"9015 SW 127th Ave, Miami, FL 33186",33186.0,urban-periphery
120860035,Perimeter Road,25.785472,-80.284206,2.44,Florida,Miami-Dade,Miami,COMMERCIAL,URBAN AND CENTER CITY,Florida Department of Environmental Protection (FDEP),2016-12-23,,5600 Perimeter Road,33126.0,urban-centre
120861016,Miami Fire Station,25.794222,-80.215556,4.0,Florida,Miami-Dade,Miami,COMMERCIAL,URBAN AND CENTER CITY,Miami-Dade County Department of Environmental Resources Management ,1978-01-01,,"1200 NW 20th St, Miami, FL 33142",33142.0,urban-centre
120864002,Lab Annex,25.798709,-80.210048,5.0,Florida,Miami-Dade,Miami,COMMERCIAL,URBAN AND CENTER CITY,Miami-Dade County Department of Environmental Resources Management ,1968-01-01,,"864 NW 3rd Street, Miami, FL 33127",33127.0,urban-centre
120866002,Wittkop Park,25.47823,-80.483739,1.0,Florida,Miami-Dade,Homestead,RESIDENTIAL,SUBURBAN,Florida Department of Environmental Protection (FDEP),2023-09-01,,505 NW 9 Street,33030.0,urban-periphery
120871002,120871002,24.581257,-81.74648,7.0,Florida,Monroe,Stock Island,RESIDENTIAL,SUBURBAN,"Florida Dept of Environmental Protection, South District",1998-04-01,,STOCK ISLAND GERALD ADAMS ELEM-JR COLL R,,urban-periphery
120872002,150 FT AWAY FROM THE GULF OF MEXICO,24.712086,-81.098407,12.0,Florida,Monroe,Marathon,RESIDENTIAL,URBAN AND CENTER CITY,"Florida Dept of Environmental Protection, South District",1997-06-30,,2796 OVERSEAS HIGHWAY,,urban-centre
120890005,Fernandina Beach Waste Water treatment plant,30.658552,-81.463168,5.0,Florida,Nassau,Fernandina Beach,INDUSTRIAL,SUBURBAN,"Florida Dept of Environmental Protection, Northeast District",1972-01-01,,"1007 S 5th St, Fernandina Beach, FL 32304",32034.0,urban-periphery
120890010,Yulee,30.62695,-81.535807,1.3,Florida,Nassau,Yulee,COMMERCIAL,SUBURBAN,"Florida Dept of Environmental Protection, Northeast District",2012-12-18,,"96160 Nassau Place, Yulee, FL 32097",32097.0,urban-periphery
120910002,Ft. Walton Beach,30.426533,-86.666217,9.5,Florida,Okaloosa,Fort Walton Beach,COMMERCIAL,SUBURBAN,"Florida Dept of Environmental Protection, Northwest District",2008-12-04,,720 Lovejoy Rd,32548.0,urban-periphery
120910003,Stillwell Park,30.444369,-86.609568,5.48,Florida,Okaloosa,Fort Walton Beach,COMMERCIAL,SUBURBAN,Florida Department of Environmental Protection (FDEP),2023-05-04,,710 Essex Drive,32547.0,urban-periphery
120950007,Sheriff's Office,28.507503,-81.416737,0.0,Florida,Orange,Orlando,COMMERCIAL,SUBURBAN,Orange County Environmental Protection Division,1988-02-15,,2401 W. 33RD ST. (SHERIFF'S DEPT.),,urban-periphery
120950008,Winegard Elementary School,28.45445,-81.381181,0.0,Florida,Orange,Orlando,RESIDENTIAL,SUBURBAN,Orange County Environmental Protection Division,1988-08-30,,"7055 WINEGARD RD., ORLANDO",,urban-periphery
120950009,I-4 Near Road,28.53417,-81.38492,2.6,Florida,Orange,Orlando,INDUSTRIAL,URBAN AND CENTER CITY,Orange County Environmental Protection Division,2016-07-01,,"525 South Division Avenue, Orlando, FL 32805",32805.0,urban-centre
120950010,Skyview,28.453167,-81.397139,27.0,Florida,Orange,Orlando,COMMERCIAL,SUBURBAN,Florida Department of Environmental Protection (FDEP),2020-03-05,,7697 S. Orange Blossom Trail,32809.0,urban-periphery
120950011,Presidents' Drive Near Road,28.446308,-81.417439,29.0,Florida,Orange,Orlando,COMMERCIAL,URBAN AND CENTER CITY,Florida Department of Environmental Protection (FDEP),2024-07-23,,8100 Presidents' Drive,32809.0,urban-centre
120951004,Primrose Ave,28.551112,-81.345347,34.0,Florida,Orange,Orlando,COMMERCIAL,SUBURBAN,Orange County Environmental Protection Division,1973-01-15,,595 N PRIMROSE AVE ORLANDO FLA,,urban-periphery
120951005,Orange Ave.,28.542224,-81.378403,32.0,Florida,Orange,Orlando,COMMERCIAL,URBAN AND CENTER CITY,Orange County Environmental Protection Division,1980-01-01,,NO 1 ORANGE AVE ORLANDO FL,,urban-centre
120952002,WINTER PARK,28.596389,-81.3625,27.0,Florida,Orange,Winter Park,COMMERCIAL,URBAN AND CENTER CITY,Orange County Environmental Protection Division,1976-01-01,,"466 Harper St, Winter Park, FL 32789",32789.0,urban-centre
120972002,Osceola County Fire Station,28.347509,-81.636464,0.0,Florida,Osceola,Kissimmee,COMMERCIAL,SUBURBAN,"Florida Dept of Environmental Protection, Central District",1993-09-01,,"8706 W Irlo Bronson Memorial Hwy (SR 192), Kissimmee, FL 34747",,urban-periphery
120990008,Belle Glade,26.724786,-80.666447,20.0,Florida,Palm Beach,Belle Glade,INDUSTRIAL,RURAL,Palm Beach County Health Department,1990-12-08,,"38754 STATE RD 80, BELLE GLADE",,rural
120990009,Royal Palm Beach,26.730833,-80.233889,2.0,Florida,Palm Beach,Royal Palm Beach,RESIDENTIAL,SUBURBAN,Palm Beach County Health Department,1999-03-01,,980 CRESTWOOD BLVD NORTH,33411.0,urban-periphery
120990020,AG Holley,26.59123,-80.060867,5.0,Florida,Palm Beach,Lantana,RESIDENTIAL,URBAN AND CENTER CITY,Palm Beach County Health Department,2004-08-11,,"1199 LANTANA ROAD,",33462.0,urban-centre
120990021,Lantana Preserve,26.593808,-80.058492,9.0,Florida,Palm Beach,Lantana,INDUSTRIAL,URBAN AND CENTER CITY,Palm Beach County Health Department,2014-07-01,,"968 N 8th Street, Lantana, FL 33462",33462.0,urban-centre
120990022,Lamstein Lane,26.687606,-80.219619,4.78,Florida,Palm Beach,Not in a City,RESIDENTIAL,SUBURBAN,Florida Department of Environmental Protection (FDEP),2019-01-01,,"151 Lamstein Lane, Royal Palm Beach, FL 33411",33411.0,urban-periphery
120991004,Belvedere Road,26.693399,-80.099209,0.0,Florida,Palm Beach,Palm Beach,RESIDENTIAL,SUBURBAN,Palm Beach County Health Department,1977-10-06,,3700 BELEVEDERE ROAD,,urban-periphery
120991008,N. Military Trail Palm Bch,26.700102,-80.101183,8.0,Florida,Palm Beach,West Palm Beach,COMMERCIAL,URBAN AND CENTER CITY,Hillsborough County Health Department,2002-11-08,,1930 MILITARY TRAIL W. PALM BEACH,,urban-centre
120992003,120992003,26.454796,-80.096709,9.0,Florida,Palm Beach,Delray Beach,COMMERCIAL,URBAN AND CENTER CITY,Palm Beach County Health Department,1975-01-01,,"345 S. CONGRESS AVE, DELRAY BEACH",,urban-centre
120992005,DELRAY BEACH,26.456944,-80.092778,0.0,Florida,Palm Beach,Delray Beach,COMMERCIAL,URBAN AND CENTER CITY,Palm Beach County Health Department,2001-06-23,,"225 SOUTH CONGRESS AVE DELRAY BEACH, FL",33445.0,urban-centre
120993004,Riviera Beach,26.370077,-80.074209,5.0,Florida,Palm Beach,Riviera Beach,COMMERCIAL,SUBURBAN,Palm Beach County Health Department,1988-05-12,,1050 15TH STREET W,,urban-periphery
121010005,San Antonio,28.332225,-82.305643,33.0,Florida,Pasco,Dade City,AGRICULTURAL,RURAL,"Florida Dept of Environmental Protection, Southwest District",2000-09-06,,30908 WARDER ROAD,,rural
121012001,Holiday,28.195574,-82.756264,0.0,Florida,Pasco,Holiday,RESIDENTIAL,SUBURBAN,"Florida Dept of Environmental Protection, Southwest District",1992-01-01,,"3452 DARLINGTON RD., HOLIDAY",34691.0,urban-periphery
121030004,St. Petersburg College,27.946688,-82.731767,12.0,Florida,Pinellas,Clearwater,COMMERCIAL,SUBURBAN,Pinellas County Department Of Environmental Management,1978-01-01,, 2435 SHARKEY RD.CLEARWATER,,urban-periphery
121030012,Woodlawn,27.784749,-82.659265,5.0,Florida,Pinellas,Saint Petersburg,RESIDENTIAL,SUBURBAN,Pinellas County Department Of Environmental Management,1970-01-01,,"1313 19TH St. N., St. Petersburg, FL 33713 (NE CORNER OF 13TH N AVE & 19TH ST N)",,urban-periphery
121030018,Azalea Park,27.785866,-82.739875,5.0,Florida,Pinellas,Saint Petersburg,RESIDENTIAL,SUBURBAN,Pinellas County Department Of Environmental Management,1975-01-01,,"7200-22 Avenue N., St. Petersburg, FL 33710",33710.0,urban-periphery
121030023,Derby Lane,27.863635,-82.623153,5.0,Florida,Pinellas,Saint Petersburg,INDUSTRIAL,RURAL,Pinellas County Department Of Environmental Management,1978-01-01,,10100 SAN MARTIN ROAD ST PETERSBURG FL.,,rural
121030024,121030024,27.793082,-82.727879,6.0,Florida,Pinellas,Saint Petersburg,RESIDENTIAL,SUBURBAN,Pinellas County Department Of Environmental Management,1979-08-01,,2301 66TH ST N ST,,urban-periphery
121030026,Skyview,27.850348,-82.714465,4.41,Florida,Pinellas,Pinellas Park,RESIDENTIAL,SUBURBAN,Pinellas County Department Of Environmental Management,2004-07-20,,"8601 60TH STREET N.,PINELLAS PARK, FL .",33782.0,urban-periphery
121030027,Sawgrass Lake Park (Near-Road),27.834409,-82.665251,15.0,Florida,Pinellas,Saint Petersburg,FOREST,SUBURBAN,Pinellas County Department Of Environmental Management,2016-05-20,,"6853 25th Street N., Petersburg, FL, 33702",33702.0,urban-periphery
121030028,St. Pete Midtown,27.75704,-82.6618,29.546,Florida,Pinellas,Saint Petersburg,RESIDENTIAL,URBAN AND CENTER CITY,Florida Department of Environmental Protection (FDEP),2025-01-01,,1323 21st Street South,33712.0,urban-centre
121031009,Sandy Lane,27.986283,-82.78215,9.0,Florida,Pinellas,Clearwater,RESIDENTIAL,SUBURBAN,Pinellas County Department Of Environmental Management,2003-09-12,,1360 SANDY LANE CLEARWATER FLORIDA,33755.0,urban-periphery
121032006,MCMULLEN BOOTH RD CLEARWATER,28.047517,-82.709822,0.0,Florida,Pinellas,Clearwater,MOBILE,URBAN AND CENTER CITY,Pinellas County Department Of Environmental Management,1992-12-01,,3490 MCMULLEN BOOTH RD CLEARWATER,,urban-centre
121032008,Gateway,27.892801,-82.680378,0.0,Florida,Pinellas,Clearwater,COMMERCIAL,SUBURBAN,Pinellas County Department Of Environmental Management,1993-04-14,,"13280 34TH STREET N., CLEARWATER (ULMERTON RD)",,urban-periphery
121033004,County Motorpool,27.895856,-82.774546,0.0,Florida,Pinellas,Largo,INDUSTRIAL,SUBURBAN,Pinellas County Department Of Environmental Management,1988-07-31,,1301 ULMERTON ROAD (COUNTY MOTOR POOL),,urban-periphery
121033005,2.3 KM W OF COUNTY RESOURCE RECOVERY FACILITY,27.875833,-82.696389,5.0,Florida,Pinellas,Pinellas Park,COMMERCIAL,SUBURBAN,Pinellas County Department Of Environmental Management,1999-01-01,,11401 47TH ST N PINELLAS PARK,,urban-periphery
121035002,John Chesnut Sr. Park - East Lake,28.090299,-82.700707,2.0,Florida,Pinellas,Tarpon Springs,RESIDENTIAL,RURAL,Pinellas County Department Of Environmental Management,1977-01-01,,"2200 East Lake Rd, Palm Harbor, FL 34865",34685.0,rural
121035003,Oakwood,28.141667,-82.739722,6.0,Florida,Pinellas,Tarpon Springs,RESIDENTIAL,SUBURBAN,Pinellas County Department Of Environmental Management,1998-09-18,,40671 US 19 NORTH,,urban-periphery
121052006,121052006,27.897248,-81.960084,33.0,Florida,Polk,Mulberry,INDUSTRIAL,SUBURBAN,"Florida Dept of Environmental Protection, Southwest District",1991-02-13,,"NW 4TH CIRCLE - MULBERRY, POLK CO.",,urban-periphery
121055001,121055001,28.062798,-81.780358,50.0,Florida,Polk,Auburndale,COMMERCIAL,SUBURBAN,"Florida Dept of Environmental Protection, Southwest District",1988-09-20,,"300 EAST BRIDGERS AVE, AUBURNDALE",,urban-periphery
121056005,Sikes Elementary School,27.939746,-82.000084,0.0,Florida,Polk,Lakeland,RESIDENTIAL,SUBURBAN,"Florida Dept of Environmental Protection, Southwest District",1992-04-01,,2727 SHEPHERD RD (JAMES W. SIKES ELM SCH,,urban-periphery
121056006,Baptist Childrens' Home,28.028889,-81.972222,0.0,Florida,Polk,Lakeland,RESIDENTIAL,SUBURBAN,"Florida Dept of Environmental Protection, Southwest District",1992-04-01,,"1015 SIKES BLVD., LAKELAND",33815.0,urban-periphery
121071008,Palatka Barge Port,29.687748,-81.656509,3.0,Florida,Putnam,Not in a City,INDUSTRIAL,RURAL,"Florida Dept of Environmental Protection, Northeast District",1989-03-01,,"188 Comfort Rd., Palatka, FL 32177",32177.0,rural
121110012,FORT PIERCE LANDFILL,27.391152,-80.398385,10.0,Florida,St. Lucie,Fort Pierce,INDUSTRIAL,SUBURBAN,"Florida Dept of Environmental Protection, Southeast District",1996-07-01,,6120 SW GLADES CUTOFF RD,,urban-periphery
121110013,Savannas,27.389079,-80.311033,4.65,Florida,St. Lucie,Fort Pierce,MOBILE,SUBURBAN,"Florida Dept of Environmental Protection, Southeast District",2011-02-24,,1420 E Midway rd,34982.0,urban-periphery
121130014,HOLLY NAVARRE MIDDLE SCHOOL,30.408199,-86.889961,3.0,Florida,Santa Rosa,Gulf Breeze,RESIDENTIAL,SUBURBAN,"Florida Dept of Environmental Protection, Northwest District",2000-07-01,,1976 WILLAMS CREEK RD,,urban-periphery
121130015,Woodlawn Beach Middle School,30.394133,-87.008033,3.5,Florida,Santa Rosa,Gulf Breeze,RESIDENTIAL,SUBURBAN,"Florida Dept of Environmental Protection, Northwest District",2004-12-31,,1500 WOODLAWN WAY,32563.0,urban-periphery
121150013,Bee Ridge Park,27.290556,-82.507222,8.0,Florida,Sarasota,Ridge Wood Heights,RESIDENTIAL,URBAN AND CENTER CITY,Sarasota County Environmental Services,1985-12-09,,"4430 S. Lockwood Ridge Rd., Sarasota, FL 34231",34231.0,urban-centre
121151004,121151004,27.33588,-82.53093,6.0,Florida,Sarasota,Sarasota,COMMERCIAL,URBAN AND CENTER CITY,Sarasota County Environmental Services,1989-01-01,,"2000 MAIN ST., SARASOTA",,urban-centre
121151005,Lido Park,27.307268,-82.570376,3.0,Florida,Sarasota,Sarasota,RESIDENTIAL,SUBURBAN,Sarasota County Environmental Services,1989-09-05,,190 Taft Dr.,,urban-periphery
121151006,Paw Park,27.350278,-82.479722,11.0,Florida,Sarasota,Sarasota,RESIDENTIAL,SUBURBAN,Sarasota County Environmental Services,1999-09-15,,"4570 17th Street, Sarasota, FL 34232",34232.0,urban-periphery
121152001,CITY OF VENICE REVERSE OSMOSIS WATER TREATMENT PLANT,27.101166,-82.435929,3.0,Florida,Sarasota,Venice,COMMERCIAL,URBAN AND CENTER CITY,Sarasota County Environmental Services,1987-12-14,,"200 WARFIELD AVENUE, VENICE",,urban-centre
121152002,Jackson Road,27.089194,-82.362583,3.0,Florida,Sarasota,Venice,RESIDENTIAL,SUBURBAN,Sarasota County Environmental Services,2003-07-11,,250 SOUTH JACKSON ROAD VENICE FLORIDA,34292.0,urban-periphery
121171002,Sanford (Seminole Community College),28.746111,-81.310556,18.0,Florida,Seminole,Sanford,RESIDENTIAL,SUBURBAN,"Florida Dept of Environmental Protection, Central District",1980-01-01,,"284-300 Broadmoor Rd., Lake Mary, FL 32773",32746.0,urban-periphery
121272001,Port Orange,29.109151,-80.993666,0.0,Florida,Volusia,Port Orange,RESIDENTIAL,SUBURBAN,"Florida Dept of Environmental Protection, Central District",1991-11-07,,5200 SPRUCE CREEK RD.,,urban-periphery
121275002,DAYTONA BLIND SERVICES,29.206667,-81.0525,0.0,Florida,Volusia,Daytona Beach,COMMERCIAL,SUBURBAN,"Florida Dept of Environmental Protection, Central District",1992-04-27,,"1185-A DUNN AVE., DAYTONA BEACH",32114.0,urban-periphery
121290001,St. Marks Wildlife Refuge,30.0925,-84.161111,2.1,Florida,Wakulla,Saint Marks,FOREST,RURAL,FDEP Ambient Monitoring Section,2000-01-01,,COUNTY RD 59,32327.0,rural
130090001,130090001,33.153413,-83.23569,122.0,Georgia,Baldwin,Milledgeville,RESIDENTIAL,RURAL,Georgia Air Protection Branch Ambient Monitoring Program,1974-01-01,,BALDWIN CO AIRPORT,31061.0,rural
130150003,130150003,34.23666,-84.805,800.0,Georgia,Bartow,Not in a City,INDUSTRIAL,SUBURBAN,Georgia Air Protection Branch Ambient Monitoring Program,2009-02-23,,"Cartersville Lead, 420 Peebles Valley Road NE, Cartersville, GA 30121",30121.0,urban-periphery
130210007,Macon-Alllied,32.777465,-83.640996,89.0,Georgia,Bibb,Macon,INDUSTRIAL,SUBURBAN,Georgia Air Protection Branch Ambient Monitoring Program,1974-01-01,,"300 Allied Industrial Bvld., Macon, Georgia 31206",31206.0,urban-periphery
130210012,Macon-Forestry,32.805264,-83.543493,54.0,Georgia,Bibb,Macon,INDUSTRIAL,RURAL,Georgia Air Protection Branch Ambient Monitoring Program,1997-05-07,,"Georgia Forestry Commision, 5645 Riggins Mill Road, Dry Branch, Georgia, 31020",31217.0,rural
130210013,130210013,32.827967,-83.788749,126.0,Georgia,Bibb,Not in a City,RESIDENTIAL,SUBURBAN,Georgia Air Protection Branch Ambient Monitoring Program,2005-05-01,,MACON-WEST 6890 MOSLEY DIXON ROAD,31220.0,urban-periphery
130499000,Okefenokee NWR,30.740718,-82.128154,48.0,Georgia,Charlton,Not in a City,FOREST,RURAL,National Park Service,1991-09-28,,Okefenokee NWR,31562.0,rural
130510014,130510014,32.062124,-81.067043,13.0,Georgia,Chatham,Savannah,RESIDENTIAL,SUBURBAN,Georgia Air Protection Branch Ambient Monitoring Program,1979-01-01,,SHUMAN JHS 415 GARRARD ST SAVANNAH GA.,31404.0,urban-periphery
130510017,Savannah-Market Street,32.092957,-81.14399,12.0,Georgia,Chatham,Savannah,RESIDENTIAL,SUBURBAN,Georgia Air Protection Branch Ambient Monitoring Program,1981-01-01,,"402 Market Street, Savannah, Georgia, 31408",31408.0,urban-periphery
130510021,Savannah-E. President,32.06848,-81.04942,2.0,Georgia,Chatham,Savannah,COMMERCIAL,SUBURBAN,Georgia Air Protection Branch Ambient Monitoring Program,1995-02-01,,"2500 E. PRESIDENT STREET, Bd-A, SAVANNAH, GA, 31404",31404.0,urban-periphery
130510091,Savannah-Mercer,32.110679,-81.161823,12.0,Georgia,Chatham,Garden City,RESIDENTIAL,SUBURBAN,Georgia Air Protection Branch Ambient Monitoring Program,1976-07-07,,"Mercer Middle School, 201 Rommel Avenue, Savannah, Georgia 31408",31408.0,urban-periphery
130511002,Savannah-L&A,32.090779,-81.130222,12.0,Georgia,Chatham,Savannah,INDUSTRIAL,URBAN AND CENTER CITY,Georgia Air Protection Branch Ambient Monitoring Program,1972-01-01,,"PUMPING STATION @ INTERSECTION OF W. LATHROP AND AUGUSTA AVE, SAVANNAH, GA, 31415",31415.0,urban-centre
130550001,Summerville,34.474526,-85.408847,276.0,Georgia,Chattooga,Summerville,AGRICULTURAL,RURAL,Georgia Air Protection Branch Ambient Monitoring Program,1990-08-27,,"DNR Fish Hatchery, 231 Fish Hatchery Road, Summerville, Georgia, 30747",30747.0,rural
130590002,Athens,33.918137,-83.344385,215.0,Georgia,Clarke,Athens (corp name Athens-Clarke County),RESIDENTIAL,SUBURBAN,Georgia Air Protection Branch Ambient Monitoring Program,2002-05-01,,"2350 BARNETT SHOALS RD., ATHENS, GA 30605",30605.0,urban-periphery
130630091,Forest Park,33.610845,-84.390717,310.0,Georgia,Clayton,Forest Park,INDUSTRIAL,SUBURBAN,Georgia Air Protection Branch Ambient Monitoring Program,1978-01-01,,"25 Kennedy Drive, Forest Park, GA 30297",30297.0,urban-periphery
130670003,Kennesaw,34.015436,-84.607423,317.0,Georgia,Cobb,Kennesaw,COMMERCIAL,SUBURBAN,Georgia Air Protection Branch Ambient Monitoring Program,1999-02-07,,"Georgia National Guard, 1901 McCollum Parkway, Kennesaw, Georgia, 30144",30144.0,urban-periphery
130670004,MACLAND AQUATIC CENTER,33.89932,-84.661514,312.0,Georgia,Cobb,Powder Springs,RESIDENTIAL,SUBURBAN,Georgia Air Protection Branch Ambient Monitoring Program,2003-02-05,,"Aquatic Center, 3675 Macland Road, Powder Springs, Georgia,  30127",30127.0,urban-periphery
130690002,General Coffee,31.513097,-82.749971,100.0,Georgia,Coffee,Not in a City,AGRICULTURAL,RURAL,"Research Triangle Institute RTP, NC",2000-01-01,,"46 John Coffee Road, Nicholls, GA 31554",31554.0,rural
130730001,Evans,33.582044,-82.131249,74.0,Georgia,Columbia,Evans,RESIDENTIAL,SUBURBAN,Georgia Air Protection Branch Ambient Monitoring Program,2005-03-01,,"Riverside Park, 4431 Hardy McManus Road, Evans, Georgia, 30809",30809.0,urban-periphery
130770002,Newnan,33.40405,-84.745728,900.0,Georgia,Coweta,Not in a City,COMMERCIAL,SUBURBAN,Georgia Air Protection Branch Ambient Monitoring Program,1999-05-05,,"UNIVERSITY OF W. GA AT NEWNAN, 7 Solar Circle, Newnan, Georgia, 30265",30265.0,urban-periphery
130850001,Dawsonville,34.376227,-84.059506,372.0,Georgia,Dawson,Not in a City,,RURAL,Georgia Air Protection Branch Ambient Monitoring Program,1985-01-01,,"Georgia Forestry Commission, 4500 Georgia Highway 53 East, Dawsonville, Georgia, 30534",30534.0,rural
130890002,South DeKalb,33.6878,-84.2905,308.0,Georgia,DeKalb,Not in a City,RESIDENTIAL,SUBURBAN,Georgia Air Protection Branch Ambient Monitoring Program,1974-01-01,,"2300-C Wildcat Road, Decatur GA 30034",30034.0,urban-periphery
130890003,NR-285,33.698643,-84.272614,238.0,Georgia,DeKalb,Atlanta,COMMERCIAL,SUBURBAN,Georgia Air Protection Branch Ambient Monitoring Program,1986-07-01,,"3073 PANTHERSVILLE ROAD, DECATUR, GA 30034",30034.0,urban-periphery
130892001,Doraville,33.901389,-84.279903,314.0,Georgia,DeKalb,Doraville,COMMERCIAL,SUBURBAN,Georgia Air Protection Branch Ambient Monitoring Program,1970-07-01,,"Doarville Health Center, 3760 Park Avenue, Doraville, Georgia 30340",30340.0,urban-periphery
130893001,Tucker-Idlewood Road,33.845741,-84.213398,0.0,Georgia,DeKalb,Tucker,RESIDENTIAL,RURAL,Georgia Air Protection Branch Ambient Monitoring Program,1990-07-19,,"2088 Idlewood Road, Tucker, Georgia 30084",30084.0,rural
130950007,Albany,31.5776,-84.0998,67.0,Georgia,Dougherty,Albany,RESIDENTIAL,SUBURBAN,Georgia Air Protection Branch Ambient Monitoring Program,1991-07-31,,"2001 Leonard Ave., Albany, Georgia, 31705",31705.0,urban-periphery
130970003,SITE CLOSE TO RR TRACK AT INTERSECTON OF HWY 78 AN,33.778329,-84.707791,347.0,Georgia,Douglas,Douglasville,COMMERCIAL,SUBURBAN,Georgia Air Protection Branch Ambient Monitoring Program,1995-02-26,,BEULAH PUMP STATION,30134.0,urban-periphery
130970004,Douglasville,33.741242,-84.776429,1145.0,Georgia,Douglas,Douglasville,COMMERCIAL,SUBURBAN,Georgia Air Protection Branch Ambient Monitoring Program,1997-08-15,,"Douglas County Water Authority, 7725 W. Strickland St., Douglasville, Georgia 30134",30134.0,urban-periphery
131130001,DOT STORAGE FACILITY,33.455739,-84.418998,258.0,Georgia,Fayette,Not in a City,COMMERCIAL,SUBURBAN,Georgia Air Protection Branch Ambient Monitoring Program,1998-04-01,,"GA DOT, 145 MCDONOUGH ROAD, FAYETTEVILLE, GA 30215",30215.0,urban-periphery
131150003,Rome,34.2605,-85.3232,186.0,Georgia,Floyd,Not in a City,RESIDENTIAL,RURAL,Georgia Air Protection Branch Ambient Monitoring Program,1974-01-01,,"5041 ALABAMA HWY., ROME, GA 30165",30165.0,rural
131150004,131150004,34.263312,-85.178723,180.0,Georgia,Floyd,Rome,COMMERCIAL,URBAN AND CENTER CITY,Georgia Air Protection Branch Ambient Monitoring Program,1985-01-01,,"FLOYD CO. HTH. DEPT.,315 W. TENTH ST.",30165.0,urban-centre
131150005,131150005,34.263198,-85.304826,199.0,Georgia,Floyd,Rome,COMMERCIAL,SUBURBAN,Georgia Air Protection Branch Ambient Monitoring Program,1985-01-01,,"ROME,COOSA HIGH SCHOOL",30165.0,urban-periphery
131150006,Kraftsman,34.2434,-85.3259,191.0,Georgia,Floyd,Rome,RESIDENTIAL,RURAL,Georgia Air Protection Branch Ambient Monitoring Program,2017-01-01,,"238 Mays Bridge Rd., Rome GA 30165",30161.0,rural
131210001,131210001,33.752625,-84.383325,305.0,Georgia,Fulton,Atlanta,COMMERCIAL,URBAN AND CENTER CITY,Georgia Air Protection Branch Ambient Monitoring Program,1957-01-01,,FULTON CO HEALTH DEPT 99 BUTLER ST SE,30303.0,urban-centre
131210020,131210020,33.741253,-84.5527,297.0,Georgia,Fulton,Not in a City,INDUSTRIAL,SUBURBAN,Georgia Air Protection Branch Ambient Monitoring Program,1980-01-01,,"UTOY CREEK, 736 SELIG DR.",30336.0,urban-periphery
131210032,E. Rivers School,33.819564,-84.389708,305.0,Georgia,Fulton,Atlanta,RESIDENTIAL,SUBURBAN,Fulton County Health Department,1971-09-01,,"E RIVERS SCH 8 PEACHTREE BATTLE AVE NW, ATLANTA, GA",30305.0,urban-periphery
131210039,Fire Station #8,33.802241,-84.435618,265.0,Georgia,Fulton,Atlanta,COMMERCIAL,SUBURBAN,Georgia Air Protection Branch Ambient Monitoring Program,1973-01-01,,"Fire Station #8, 1711 Marietta Blvd., Atlanta, Georgia, 30318",30318.0,urban-periphery
131210048,"Georgia Tech, Ford Environmental Science and Technology Bldg, roof",33.77933,-84.39576,290.0,Georgia,Fulton,Atlanta,COMMERCIAL,URBAN AND CENTER CITY,Georgia Air Protection Branch Ambient Monitoring Program,1982-02-01,,"GA. TECH., Ford ES&T Bldg, 311 Ferst St NW, Atlanta GA",30318.0,urban-centre
131210055,United Avenue,33.720742,-84.357316,292.0,Georgia,Fulton,Atlanta,COMMERCIAL,SUBURBAN,Georgia Air Protection Branch Ambient Monitoring Program,1991-10-01,,"945 East United Ave., Atlanta, Georgia, 30316",30316.0,urban-periphery
131210056,NR-GA Tech,33.7784,-84.3914,286.0,Georgia,Fulton,Atlanta,MOBILE,URBAN AND CENTER CITY,Georgia Air Protection Branch Ambient Monitoring Program,2014-06-15,,"Georgia Institute of Technology, 6th Street and I-75, Atlanta, GA 30313",30313.0,urban-centre
131210057,131210057,33.664476,-84.391869,280.62,Georgia,Fulton,Atlanta,INDUSTRIAL,URBAN AND CENTER CITY,Georgia Air Protection Branch Ambient Monitoring Program,2025-05-30,,"3325 Empire Blvd SW, Atlanta, GA 30354",30354.0,urban-centre
131210099,MONITOR LOCATED WITHIN PORTABLE INSTRUMENT SHELTER,33.876469,-84.380327,1017.0,Georgia,Fulton,Atlanta,COMMERCIAL,SUBURBAN,Georgia Air Protection Branch Ambient Monitoring Program,1994-08-04,,"GEORGIA POWER SUBSTATION, 4434 ROSWELL RD, ATLANTA, GA 30342",30342.0,urban-periphery
131270004,131270004,31.180893,-81.504622,6.0,Georgia,Glynn,Dock Junction,INDUSTRIAL,SUBURBAN,Georgia Air Protection Branch Ambient Monitoring Program,1978-01-01,,"ARCO PUMP STA., NEWCASTLE RD.",31520.0,urban-periphery
131270006,Brunswick,31.169805,-81.495035,5.0,Georgia,Glynn,Brunswick,RESIDENTIAL,SUBURBAN,Georgia Air Protection Branch Ambient Monitoring Program,1987-01-01,,"Glynn Learning Center, 2900 ALBANY ST., BRUNSWICK, GA 31520",31520.0,urban-periphery
131273001,131273001,31.185187,-81.485166,5.0,Georgia,Glynn,Brunswick,RESIDENTIAL,SUBURBAN,Georgia Air Protection Branch Ambient Monitoring Program,2000-01-01,,BRUNSWICK COASTAL COLLEGE,31520.0,urban-periphery
131350002,Gwinnett,33.9632,-84.0691,290.0,Georgia,Gwinnett,Not in a City,COMMERCIAL,SUBURBAN,Georgia Air Protection Branch Ambient Monitoring Program,1995-03-17,,"Gwinnett Tech, 5150 Sugarloaf Parkway, Lawrenceville, Georgia, 30043",30044.0,urban-periphery
131390003,Gainesville,34.2993,-83.8134,386.0,Georgia,Hall,Gainesville,RESIDENTIAL,SUBURBAN,Georgia Air Protection Branch Ambient Monitoring Program,1999-02-14,,"695 Fair Street, Gainesville, Georgia, 30501",30501.0,urban-periphery
131510002,McDonough,33.433949,-84.161811,900.0,Georgia,Henry,McDonough,RESIDENTIAL,RURAL,Georgia Air Protection Branch Ambient Monitoring Program,1999-06-07,,"Blessings Thrift Store, 86 Work Camp Road, McDonough, Georgia, 30253",30253.0,rural
131530001,Warner Robins,32.6056,-83.5978,90.0,Georgia,Houston,Warner Robins,COMMERCIAL,SUBURBAN,Georgia Air Protection Branch Ambient Monitoring Program,2000-06-15,,"800 S. 1st St., Warner Robins, GA 31088",31088.0,urban-periphery
131850003,Valdosta,30.8486,-83.2933,70.0,Georgia,Lowndes,Valdosta,COMMERCIAL,SUBURBAN,Georgia Air Protection Branch Ambient Monitoring Program,1999-12-17,,"1605 Azalea Drive, Valdosta, Georgia, 31602",31602.0,urban-periphery
132130003,Fort Mountain,34.785219,-84.626423,794.0,Georgia,Murray,Chatsworth,FOREST,RURAL,Georgia Air Protection Branch Ambient Monitoring Program,1999-03-23,,"FORT MOUNTAIN, STATE HWY 52, COHUTTA OVERLOOK, CHATSWORTH, GA 30705",30540.0,rural
132139000,132139000,34.785319,-84.626423,735.0,Georgia,Murray,Not in a City,FOREST,RURAL,National Park Service,2000-06-03,,Cohutta,30705.0,rural
132150001,Columbus-Health Department,32.4842,-84.9789,128.0,Georgia,Muscogee,Columbus,COMMERCIAL,URBAN AND CENTER CITY,Georgia Air Protection Branch Ambient Monitoring Program,1957-01-01,,"Muscogee City Health Department, 2100 Comer Avenue, Columbus, Georgia, 31901",31901.0,urban-centre
132150008,Columbus-Airport,32.521272,-84.944635,101.0,Georgia,Muscogee,Columbus,RESIDENTIAL,SUBURBAN,Georgia Air Protection Branch Ambient Monitoring Program,1982-07-01,,"Columbus Airport, 3100 Airport Thruway Drive, Columbus, Georgia, 31909",31909.0,urban-periphery
132150009,Columbus-Allied,32.4344,-84.9293,83.0,Georgia,Muscogee,Columbus,INDUSTRIAL,SUBURBAN,Georgia Air Protection Branch Ambient Monitoring Program,1990-09-01,,"4365 ALLIED DRIVE, COLUMBUS, GA 31906",31906.0,urban-periphery
132150010,Columbus-Joy Road,32.4362,-84.9341,83.0,Georgia,Muscogee,Columbus,INDUSTRIAL,SUBURBAN,Georgia Air Protection Branch Ambient Monitoring Program,1991-03-01,,"847 JOY ROAD, COLUMBUS, GA 31906",31906.0,urban-periphery
132150011,Columbus-Cusseta,32.4297,-84.9316,76.0,Georgia,Muscogee,Columbus,INDUSTRIAL,SUBURBAN,Georgia Air Protection Branch Ambient Monitoring Program,1991-09-04,,"Cusseta Road Elementary School, 4150 Cusseta Road, Columbus, Georgia, 31903",31903.0,urban-periphery
132150012,132150012,32.4274,-84.9457,90.0,Georgia,Muscogee,Columbus,RESIDENTIAL,URBAN AND CENTER CITY,Georgia Air Protection Branch Ambient Monitoring Program,2021-02-23,,"1215 Benning Drive, Columbus, 31903",,urban-centre
132151003,Columbus-Crime Lab,32.539571,-84.844732,122.0,Georgia,Muscogee,Columbus (Remainder),AGRICULTURAL,RURAL,Georgia Air Protection Branch Ambient Monitoring Program,1980-06-30,,"8395 BEAVER RUN ROAD, MIDLAND, GA 31820",31907.0,rural
132155000,132155000,32.503272,-84.942035,106.0,Georgia,Muscogee,Columbus (Remainder),COMMERCIAL,SUBURBAN,Georgia Air Protection Branch Ambient Monitoring Program,2000-01-01,,COLUMBUS STATE UNIVERSITY,31907.0,urban-periphery
132230003,"Yorkville, King Farm",33.9285,-85.04534,417.0,Georgia,Paulding,Not in a City,AGRICULTURAL,RURAL,Georgia Air Protection Branch Ambient Monitoring Program,1996-01-01,,"King Farm, 160 Ralph King Path, Rockmart, Georgia, 30153",30153.0,rural
132319991,Georgia Station,33.1787,-84.4052,270.0,Georgia,Pike,Not in a City,AGRICULTURAL,RURAL,USEPA - Clean Air and Power Division,1988-04-21,,"Georgia Station Georgia Agricultural Experiment Station, Williamson, GA 30292",30292.0,rural
132450005,Medical College of Georgia,33.469164,-81.991426,50.0,Georgia,Richmond,Augusta-Richmond County (Remainder),COMMERCIAL,URBAN AND CENTER CITY,Georgia Air Protection Branch Ambient Monitoring Program,1979-01-01,,"Medical College of Georgia, Goss Lane, Augusta, GA, 30901",30901.0,urban-centre
132450091,Augusta,33.4339,-82.0224,46.0,Georgia,Richmond,Augusta,RESIDENTIAL,SUBURBAN,Georgia Air Protection Branch Ambient Monitoring Program,1976-01-01,,"Bungalow Road Elementary School, 2216 BUNGALOW RD, AUGUSTA GA 30906",30906.0,urban-periphery
132450092,132450092,33.432353,-81.991372,50.0,Georgia,Richmond,Augusta-Richmond County (Remainder),INDUSTRIAL,SUBURBAN,Georgia Air Protection Branch Ambient Monitoring Program,1978-01-01,,"CLARA JENKINS SCH., 101 DAN BOWLES RD.",30901.0,urban-periphery
132470001,Conyers,33.588545,-84.069608,219.0,Georgia,Rockdale,Conyers,AGRICULTURAL,RURAL,Georgia Air Protection Branch Ambient Monitoring Program,1978-07-26,,"2625 Georgia Highway 212, Conyers, Georgia, 30094",30094.0,rural
132550002,"UNIVERSITY OF GA, EXPERIMENT STATION TISSUE LAB, GRIFFIN GA",33.264875,-84.284914,305.0,Georgia,Spalding,Griffin,AGRICULTURAL,RURAL,Georgia Air Protection Branch Ambient Monitoring Program,1990-07-22,,UNIV. OF GA EXP. STA GRIFFIN GA,30223.0,rural
132611001,Leslie,31.954286,-84.08101,10.0,Georgia,Sumter,Leslie (RR name Leslie-DeSoto),AGRICULTURAL,RURAL,Georgia Air Protection Branch Ambient Monitoring Program,1981-01-01,,"Leslie Communty Center, N Bass St/E Allen St., Leslie, Georgia, 31764",31764.0,rural
132950002,Rossville,34.9788,-85.3009,200.0,Georgia,Walker,Not in a City,RESIDENTIAL,SUBURBAN,Georgia Air Protection Branch Ambient Monitoring Program,1967-01-01,,"601 Maple Street, Lot #6, Rossville GA 30741",30741.0,urban-periphery
132950004,132950004,34.9784,-85.2943,200.0,Georgia,Walker,Rossville,RESIDENTIAL,SUBURBAN,Georgia Air Protection Branch Ambient Monitoring Program,2021-03-01,,"301 Williams St., Rossville, GA 30741",,urban-periphery
132970001,132970001,33.625273,-83.681656,229.0,Georgia,Walton,Not in a City,AGRICULTURAL,RURAL,Georgia Air Protection Branch Ambient Monitoring Program,1979-01-01,,RT 2 SOCIAL CIRCLE DNR FISH HATCHERY,30025.0,rural
133030001,Sandersville,32.967359,-82.806871,135.0,Georgia,Washington,Sandersville,RESIDENTIAL,SUBURBAN,Georgia Air Protection Branch Ambient Monitoring Program,1974-01-01,,"Oconee Center, 824 School Street, Sandersville, Georgia 31082",31082.0,urban-periphery
133190001,GORDON POLICE DEPARTMENT,32.881829,-83.333775,0.0,Georgia,Wilkinson,Gordon,COMMERCIAL,RURAL,Georgia Air Protection Branch Ambient Monitoring Program,1999-01-01,,"GORDON,GA 105 RAILROAD ST, GORDON, GA 31031",31031.0,rural
150010005,Hawaii Volcanoes NP - Kilauea Visitors Center,19.4308,-155.2578,1201.0,Hawaii,Hawaii,Hawaii Volcanoes National Park,FOREST,RURAL,National Park Service,1986-10-01,,"Hawaii Volcanoes National Park, HI 96718",96718.0,rural
150010006,HAWAII VOLCANOES NP - THURSTON,19.416699,-155.237223,0.0,Hawaii,Hawaii,Hawaii Volcanoes National Park,FOREST,RURAL,National Park Service,1999-10-01,,HAWAII VOLCANOES NP,,rural
150011006,Hilo,19.717562,-155.11053,137.0,Hawaii,Hawaii,Hilo,COMMERCIAL,SUBURBAN,Hawaii State Department Of Health,2007-01-01,,"1099 WAIANUENUE AVE, HILO",96720.0,urban-periphery
150011012,Kona,19.509778,-155.913417,517.0,Hawaii,Hawaii,Kealakekua,RESIDENTIAL,SUBURBAN,Hawaii State Department Of Health,2007-01-01,,81-1043 KONAWAENA SCHOOL RD,96704.0,urban-periphery
150012010,Puna E,19.463989,-154.898706,208.0,Hawaii,Hawaii,Leilani Estates,RESIDENTIAL,SUBURBAN,Hawaii State Department Of Health,2007-01-01,,13-763 LEILANI AVE,96778.0,urban-periphery
150012016,Pahala,19.2039,-155.480183,320.0,Hawaii,Hawaii,Pahala,RESIDENTIAL,RURAL,Hawaii State Department Of Health,2007-05-01,,96-3150 PIKAKE ST,96777.0,rural
150012017,Mountain View 17,19.569833,-155.08065,354.0,Hawaii,Hawaii,Kurtistown,RESIDENTIAL,SUBURBAN,Hawaii State Department Of Health,2007-12-04,,17-860 Volcano Road,96771.0,urban-periphery
150012020,HOVE,19.117561,-155.778136,862.6,Hawaii,Hawaii,Hawaiian Ocean View,RESIDENTIAL,RURAL,Hawaii State Department Of Health,2010-04-01,,"ORCHID PARKWAY, HAWAIIAN OCEAN VIEW ESTATES",96772.0,rural
150012021,Waikoloa,19.977467,-155.798067,180.1,Hawaii,Hawaii,Not in a City,RESIDENTIAL,SUBURBAN,Hawaii State Department Of Health,2012-07-01,,"UNNAMED ROAD, 1.5 MILES FROM QUEEN KAAHUNAMU HWY",96743.0,urban-periphery
150012023,Mountain View 23,19.555444,-155.102028,436.5,Hawaii,Hawaii,Mountain View,RESIDENTIAL,SUBURBAN,Hawaii State Department Of Health,2010-12-07,,18-1235 VOLCANO ROAD,96771.0,urban-periphery
150012035,Leilani Estates,19.465,-154.914,243.0,Hawaii,Hawaii,Not in a City,RESIDENTIAL,RURAL,Hawaii State Department Of Health,2021-01-01,,"13-3441 MOKU STREET, PAHOA 96778",,rural
150013027,KS Hawaii,19.611914,-155.055037,137.0,Hawaii,Hawaii,Not in a City,RESIDENTIAL,SUBURBAN,Hawaii State Department Of Health,2021-01-01,,"16-714 Volcano Road, Keaau, HI 96749",96749.0,urban-periphery
150013030,150013030,19.945364,-155.791282,137.0,Hawaii,Hawaii,Waikoloa Village,RESIDENTIAL,SUBURBAN,Hawaii State Department Of Health,2018-07-30,,WAIKOLOA ELEMENTARY SCHOOL,96738.0,urban-periphery
150013032,150013032,19.442777,-155.88575,137.0,Hawaii,Hawaii,Honaunau-Napoopoo,RESIDENTIAL,SUBURBAN,Hawaii State Department Of Health,2018-08-15,,Hoonaunau,96704.0,urban-periphery
150013033,Naalehu-TS,19.060655,-155.579159,137.0,Hawaii,Hawaii,Naalehu,RESIDENTIAL,SUBURBAN,Hawaii State Department Of Health,2018-09-06,,"95-5545 Mamalahoa Hwy Naalehu, HI 96772",96772.0,urban-periphery
150013034,Kailua-Kona,19.618158,-155.971242,137.0,Hawaii,Hawaii,Kailua,RESIDENTIAL,SUBURBAN,Hawaii State Department Of Health,2018-11-15,,Kailua-Kona,96740.0,urban-periphery
150019000,150019000,19.536468,-155.577891,3439.0,Hawaii,Hawaii,Not in a City,FOREST,RURAL,National Park Service,1992-12-02,,Mauna Loa Observatory #1,96776.0,rural
150019001,150019001,19.536468,-155.577891,3439.0,Hawaii,Hawaii,Not in a City,FOREST,RURAL,National Park Service,1992-12-02,,Mauna Loa Observatory #2,96776.0,rural
150019002,150019002,19.431176,-155.259087,1259.0,Hawaii,Hawaii,Not in a City,FOREST,RURAL,National Park Service,1988-03-23,,Hawaii Volcanoes NP,96718.0,rural
150030009,Honolulu-Aala St.,21.318779,-157.858646,12.0,Hawaii,Honolulu,Honolulu,MOBILE,URBAN AND CENTER CITY,Hawaii State Department Of Health,1984-01-01,,"1486 AALA ST., HONOLULU, HAWAII 96817",,urban-centre
150030010,Kapolei,21.323745,-158.088613,17.9,Hawaii,Honolulu,Not in a City,COMMERCIAL,SUBURBAN,Hawaii State Department Of Health,1991-02-01,,2052 LAUWILIWILI ST,96707.0,urban-periphery
150030011,West Beach,21.332743,-158.11413,9.0,Hawaii,Honolulu,Not in a City,COMMERCIAL,RURAL,Hawaii State Department Of Health,1991-02-01,,KO'OLINA GOLF COURSE,96707.0,rural
150030014,Honolulu-South King Street,21.289752,-157.818758,4.6,Hawaii,Honolulu,Honolulu,COMMERCIAL,URBAN AND CENTER CITY,Hawaii State Department Of Health,2002-11-27,,"2617 SOUTH KING STREET, HONOLULU, HI  96826",,urban-centre
150031001,Honolulu,21.30758,-157.85542,20.0,Hawaii,Honolulu,Honolulu,COMMERCIAL,URBAN AND CENTER CITY,Hawaii State Department Of Health,1960-01-01,,"1250 PUNCHBOWL ST, HONOLULU",96813.0,urban-centre
150031004,Sand Island,21.303382,-157.871171,5.3,Hawaii,Honolulu,Honolulu,COMMERCIAL,URBAN AND CENTER CITY,Hawaii State Department Of Health,1980-01-01,,1039 SAND ISLAND PARKWAY,96819.0,urban-centre
150031006,Makaiwa,21.34434,-158.110587,0.0,Hawaii,Honolulu,Ewa Beach,INDUSTRIAL,RURAL,Hawaii State Department Of Health,1989-07-17,,"92-670 FARRINGTON HWY, EWA BEACH",,rural
150034001,HECO - KAHE,21.367833,-158.105278,1270.0,Hawaii,Honolulu,Not in a City,AGRICULTURAL,RURAL,Hawaii State Department Of Health,2016-12-16,,PALEHUA ROAD,96707.0,rural
150034002,Waimanalo,21.340163,-157.70559,6.0,Hawaii,Honolulu,Waimanalo,AGRICULTURAL,RURAL,Hawaii State Department Of Health,1972-01-01,,"STP, 41-1060 KALANIANAOLE, WAIMANALO",,rural
150070001,Lihue,21.978802,-159.366928,70.0,Hawaii,Kauai,Lihue,COMMERCIAL,URBAN AND CENTER CITY,Hawaii State Department Of Health,1972-01-01,,"3040 UMI ST, LIHUE",,urban-centre
150070007,Niumalu,21.949599,-159.36624,11.0,Hawaii,Kauai,Not in a City,RESIDENTIAL,SUBURBAN,Hawaii State Department Of Health,2011-04-01,,"2342 HULEMALU ROAD, KAUAI",96766.0,urban-periphery
150090006,Kihei,20.780997,-156.446373,46.5,Hawaii,Maui,Kihei,RESIDENTIAL,SUBURBAN,Hawaii State Department Of Health,1999-01-27,,KAIHOI ST AND KAIOLOHIA ST,96753.0,urban-periphery
150090024,Paia,20.902031,-156.370344,80.8,Hawaii,Maui,Paia,RESIDENTIAL,SUBURBAN,Hawaii State Department Of Health,2013-03-01,,TMK 2-2-5-005-058,96779.0,urban-periphery
150090025,Kahului,20.869627,-156.493626,46.0,Hawaii,Maui,Kahului,COMMERCIAL,URBAN AND CENTER CITY,Hawaii State Department Of Health,2015-01-12,,TMK 9-8-013:029,96732.0,urban-centre
150099000,Haleakala National Park,20.808788,-156.283507,1153.0,Hawaii,Maui,Not in a City,FOREST,RURAL,National Park Service,1991-02-16,,"Haleakala National Park, HI 96768",96768.0,rural
150099001,Haleakala Crater,20.7585,-156.24789,2158.0,Hawaii,Maui,Not in a City,FOREST,RURAL,National Park Service,2007-01-23,,Haleakala National Park,96790.0,rural
160010009,160010009,43.618889,-116.213611,817.0,Idaho,Ada,Boise (corporate name Boise City),COMMERCIAL,URBAN AND CENTER CITY,Idaho Department Of Health And Welfare-Environment Division,1981-01-01,,FIRE STATION #5/16TH & FRONT,,urban-centre
160010010,Meridian - St. Luke's,43.600699,-116.347853,826.0,Idaho,Ada,Not in a City,COMMERCIAL,URBAN AND CENTER CITY,Idaho Department Of Health And Welfare-Environment Division,2006-05-11,,"520 S. EAGLE ROAD,  MERIDIAN",83642.0,urban-centre
160010011,160010011,43.636111,-116.270278,820.0,Idaho,Ada,Boise (corporate name Boise City),RESIDENTIAL,SUBURBAN,Idaho Department Of Health And Welfare-Environment Division,1985-01-01,,MTN VIEW SCHOOL/3500 CARBARTON LANE,,urban-periphery
160010014,Boise - Eastman Garage,43.616379,-116.203817,822.0,Idaho,Ada,Boise (corporate name Boise City),COMMERCIAL,URBAN AND CENTER CITY,Idaho Department Of Health And Welfare-Environment Division,1993-05-28,,EASTMAN BLDG/166 N. 9TH ST,,urban-centre
160010017,Boise - White Pine Elementary,43.577603,-116.178156,823.0,Idaho,Ada,Boise (corporate name Boise City),RESIDENTIAL,SUBURBAN,Idaho Department Of Health And Welfare-Environment Division,1998-11-10,,"401 EAST LINDEN ST.  BOISE, ID 83706",,urban-periphery
160010019,160010019,43.634585,-116.233919,771.14,Idaho,Ada,Boise (corporate name Boise City),COMMERCIAL,URBAN AND CENTER CITY,Idaho Department Of Health And Welfare-Environment Division,2006-05-11,,"3311 W. STATE STREET, BOISE",,urban-centre
160010020,"ADA COUNTY FAIRGROUNDS, ACROSS INTERSECTION OF ALWORTH AND LORIMAR",43.647667,-116.214563,800.0,Idaho,Ada,Boise (corporate name Boise City),COMMERCIAL,URBAN AND CENTER CITY,Idaho Department Of Health And Welfare-Environment Division,1999-10-01,,ADA COUNTY FAIRGROUNDS,,urban-centre
160010022,160010022,43.598833,-116.173448,819.912,Idaho,Ada,Boise City (corporate name for Boise),COMMERCIAL,SUBURBAN,Idaho Department Of Health And Welfare-Environment Division,2006-08-30,,2495 Warm Springs Ave,83712.0,urban-periphery
160010023,160010023,43.593929,-116.38125,799.7952,Idaho,Ada,Meridian,MOBILE,SUBURBAN,Idaho Department Of Health And Welfare-Environment Division,2012-01-11,,1311 East Central Drive,83642.0,urban-periphery
160010030,"ON ROOF OF WHITNEY ELEMENTARY SCHOOL.  NEIGHBORHOOD SCALE, PROBE HT.",43.589464,-116.223462,0.0,Idaho,Ada,Boise (corporate name Boise City),COMMERCIAL,URBAN AND CENTER CITY,Idaho Department Of Health And Welfare-Environment Division,2001-04-01,,WHITNEY ELEMENTARY SCHOOL,,urban-centre
160010100,160010100,43.6013,-116.3473,813.0,Idaho,Ada,Not in a City,COMMERCIAL,SUBURBAN,Oregon Department Of Environmental Quality,2006-11-08,,"475 S. Worth Way ,  Meridian  ID",83642.0,urban-periphery
160010200,160010200,43.5776,-116.1777,837.0,Idaho,Ada,Boise City (corporate name for Boise),RESIDENTIAL,URBAN AND CENTER CITY,Oregon Department Of Environmental Quality,2007-02-17,,"401 E Linden St,  Boise  ID  83706",83706.0,urban-centre
160010300,160010300,43.63667,-116.27022,821.0,Idaho,Ada,Boise City (corporate name for Boise),RESIDENTIAL,URBAN AND CENTER CITY,Oregon Department Of Environmental Quality,2006-12-21,,"Mt. View:  3500 Cabarton Ln,  Boise  ID  83704",83704.0,urban-centre
160050004,Pocatello - Sewage Treatment,42.916389,-112.515833,1364.0,Idaho,Bannock,Pocatello,INDUSTRIAL,RURAL,Idaho Department Of Health And Welfare-Environment Division,1968-01-01,,STP/BATISTE & CHUBBUCK RD,,rural
160050015,Pocatello - Garrett and Gould,42.876725,-112.460347,0.0,Idaho,Bannock,Pocatello,COMMERCIAL,URBAN AND CENTER CITY,Idaho Department Of Health And Welfare-Environment Division,1990-11-19,,G&G/CORNER OF GARRET & GOULD,,urban-centre
160050018,160050018,42.796378,-112.25892,1395.07,Idaho,Bannock,Not in a city,AGRICULTURAL,SUBURBAN,Idaho Department Of Health And Welfare-Environment Division,2003-10-18,,"HIGHWAY 30 - INKOM, IDAHO",,urban-periphery
160050020,BALLARD ROAD,42.978248,-112.455813,1356.0,Idaho,Bannock,Not in a City,AGRICULTURAL,RURAL,Shoshone-Bannock Tribes of Fort Hall Reservation of Idaho,2001-11-15,,BALLARD RD,,rural
160070001,160070001,42.108543,-111.265201,600.0,Idaho,Bear Lake,Not in a City,RESIDENTIAL,RURAL,Idaho Department Of Health And Welfare-Environment Division,2006-04-01,,Bear Lakes Hot Springs TEST,83272.0,rural
160090010,St. Maries,47.316577,-116.571281,0.0,Idaho,Benewah,Not in a City,COMMERCIAL,URBAN AND CENTER CITY,Idaho Department Of Health And Welfare-Environment Division,2000-06-15,,"USFS AT 9TH AND CENTER, St. Maries, Idaho",,urban-centre
160090011,160090011,47.338605,-116.885623,823.17,Idaho,Benewah,Not in a City,AGRICULTURAL,RURAL,"Coeur D'Alene Tribe of The Coeur D'Alene Reservation, ID",2003-08-10,,"850 A STREET, PLUMMER",,rural
160110002,FORT HALL PARTICULATE MONITORING SITE,43.021944,-112.41,1356.0,Idaho,Bingham,Not in a City,INDUSTRIAL,RURAL,Shoshone-Bannock Tribes of Fort Hall Reservation of Idaho,2000-03-25,,ROSS FORK RD AND INTERSTATE 15,,rural
160130004,Ketchum,43.6825,-114.371267,1783.0,Idaho,Blaine,Ketchum,RESIDENTIAL,SUBURBAN,Idaho Department Of Health And Welfare-Environment Division,2009-07-22,,"111 West 8th Street, Ketchum",83340.0,urban-periphery
160150001,Idaho City,43.82291,-115.8395,0.0,Idaho,Boise,Not in a City,COMMERCIAL,RURAL,Idaho Department Of Health And Welfare-Environment Division,2000-12-13,,"3851 HIGHWAY 21, IDAHO CITY",,rural
160150002,Garden Valley,44.104498,-115.972386,0.0,Idaho,Boise,Not in a City,FOREST,RURAL,Idaho Department Of Health And Welfare-Environment Division,2001-01-01,,946 BANKS LOWMAN ROAD,,rural
160170003,Sandpoint,48.292141,-116.556656,645.0,Idaho,Bonner,Sandpoint,AGRICULTURAL,RURAL,Idaho Department Of Health And Welfare-Environment Division,2000-04-01,,2105 NORTH BOYER AVENUE,83864.0,rural
160170004,160170004,48.270633,-116.567724,643.6,Idaho,Bonner,Sandpoint,RESIDENTIAL,SUBURBAN,Idaho Department Of Health And Welfare-Environment Division,2001-08-11,,310 SOUTH DIVISION STREET,,urban-periphery
160170005,160170005,48.2675,-116.572222,640.1,Idaho,Bonner,Sandpoint,COMMERCIAL,RURAL,Idaho Department Of Health And Welfare-Environment Division,2003-04-01,,1601 ONTARIO,,rural
160170006,Sandpoint,48.272,-116.569,758.0,Idaho,Bonner,Sandpoint,COMMERCIAL,SUBURBAN,Idaho Department Of Health And Welfare-Environment Division,2023-05-08,,310 S. Division Avenue,83864.0,urban-periphery
160190010,ROOFTOP INSTALLATION ON TOP OF DORA ERICKSON SCHOOL,43.499358,-112.014971,0.0,Idaho,Bonneville,Idaho Falls,RESIDENTIAL,SUBURBAN,Idaho Department Of Health And Welfare-Environment Division,1999-08-10,,"850 CLEVELAND IDAHO FALLS, ID",,urban-periphery
160190011,Idaho Falls,43.4647,-112.04645,0.0,Idaho,Bonneville,Idaho Falls,RESIDENTIAL,URBAN AND CENTER CITY,Idaho Department Of Health And Welfare-Environment Division,2001-02-03,,"HICKORY AND SYCAMORE ST, IDAHO FALLS",83402.0,urban-centre
160190012,ON ROOF OF EAGLE ROCK ELEMENTARY SCHOOL,43.29437,-112.042787,0.0,Idaho,Bonneville,Idaho Falls,RESIDENTIAL,SUBURBAN,Idaho Department Of Health And Welfare-Environment Division,2001-01-31,,PANCHERI AND WESHILL,,urban-periphery
160190013,160190013,43.518267,-112.020708,1426.0,Idaho,Bonneville,Idaho Falls,INDUSTRIAL,URBAN AND CENTER CITY,Idaho Department Of Health And Welfare-Environment Division,2001-09-22,,NORTH HOLMS AND POP KROLL,,urban-centre
160210001,BOUNDARY COUNTY JUNIOR HIGH SCHOOL,48.695874,-116.307021,541.0,Idaho,Boundary,Bonners Ferry,RESIDENTIAL,RURAL,Kootenai Tribe of Idaho,1999-05-01,,7188 OAK STREET,,rural
160210002,160210002,48.705486,-116.370001,539.5,Idaho,Boundary,Bonners Ferry,AGRICULTURAL,RURAL,Kootenai Tribe of Idaho,2002-08-09,,COUNTY ROAD 38A,,rural
160230101,Craters of the Moon NM,43.460556,-113.562222,1815.0,Idaho,Butte,Not in a City,DESERT,RURAL,National Park Service,1992-01-01,,"CRATERS OF THE MOON NATIONAL MON, IDAHO",83213.0,rural
160270002,Nampa - Fire Station,43.58031,-116.562676,0.0,Idaho,Canyon,Nampa,COMMERCIAL,URBAN AND CENTER CITY,Idaho Department Of Health And Welfare-Environment Division,1993-07-16,,NAMPA FIRE STN/923 1ST ST,,urban-centre
160270004,NORTHWEST NAZARENE COLLEGE SAMPLER ON ARTS BUILDING IN SUB. SETTING,43.562401,-116.563232,757.0,Idaho,Canyon,Nampa,RESIDENTIAL,SUBURBAN,Idaho Department Of Health And Welfare-Environment Division,1998-11-01,,NORTHWEST NAZARINE COLLEGE (NNC),,urban-periphery
160270005,CALDWELL SYRINGA SCHOOL IN RESIDENTIAL AREA IN NEW GROWTH AREA,43.5625,-116.563611,701.0,Idaho,Canyon,Caldwell,RESIDENTIAL,SUBURBAN,Idaho Department Of Health And Welfare-Environment Division,1998-12-07,,"1100 WILLOW ST CALDWELL, ID 83605",,urban-periphery
160270006,"MONITOR AT NAMPA PUBLIC LIBRARY,  MAX CONCENTRATION, CANYON SITE",43.579446,-116.561111,0.0,Idaho,Canyon,Nampa,COMMERCIAL,URBAN AND CENTER CITY,Idaho Department Of Health And Welfare-Environment Division,1999-01-05,,101 1ST. STREET,,urban-centre
160270007,160270007,43.705467,-116.624166,731.52,Idaho,Canyon,Not in a city,COMMERCIAL,URBAN AND CENTER CITY,Idaho Department Of Health And Welfare-Environment Division,2002-04-01,,5 SOUTH 3RD AVENUE WEST,,urban-centre
160270008,160270008,43.787147,-116.959578,678.0,Idaho,Canyon,Parma,INDUSTRIAL,URBAN AND CENTER CITY,Idaho Department Of Health And Welfare-Environment Division,2005-01-31,,"OFF OF SINCLAIR AVENUE - AT THE WASTEWATER PONDS IN PARMA, IDAHO",,urban-centre
160270009,160270009,43.735828,-116.692967,752.0,Idaho,Canyon,Not in a City,RESIDENTIAL,SUBURBAN,Idaho Department Of Health And Welfare-Environment Division,2009-01-13,,"25015 El Paso Road,  Caldwell ID 83607",83607.0,urban-periphery
160270010,Nampa - Ridgecrest,43.59946,-116.52924,758.0,Idaho,Canyon,Nampa,COMMERCIAL,RURAL,Idaho Department Of Health And Welfare-Environment Division,2023-04-19,,3730 Ridgecrest Drive,83687.0,rural
160270400,160270400,43.7872,-116.9596,675.0,Idaho,Canyon,Not in a City,AGRICULTURAL,RURAL,Oregon Department Of Environmental Quality,2007-02-17,,"Parma :  W Sinclair Ave,    ID",83660.0,rural
160290003,RESIDENTIAL AREA BORDERING HIGH SCHOOL.,42.661298,-111.591443,1761.0,Idaho,Caribou,Soda Springs,RESIDENTIAL,URBAN AND CENTER CITY,Idaho Department Of Health And Welfare-Environment Division,1997-04-02,,SODA SPRINGS/SODA SPRINGS HIGH SCHOOL,,urban-centre
160290031,Soda Springs,42.695198,-111.594669,0.0,Idaho,Caribou,Soda Springs,DESERT,RURAL,Idaho Department Of Health And Welfare-Environment Division,2000-12-20,,5 MILE ROAD,,rural
160370002,Sawtooth NF,44.170385,-114.928034,1990.0,Idaho,Custer,Not in a City,FOREST,RURAL,National Park Service,1994-01-26,,Sawtooth NF,83278.0,rural
160390010,"APPROX 20 MILES SOUTH OF BOISE URBAN AREA, MAX DWNWND OZONE SITE.",43.286562,-115.853221,0.0,Idaho,Elmore,Not in a city,DESERT,RURAL,Idaho Department Of Health And Welfare-Environment Division,2001-04-01,,251 W. TILLI ROAD,,rural
160410001,160410001,42.013333,-111.809167,1373.0,Idaho,Franklin,Franklin,AGRICULTURAL,RURAL,Idaho Department Of Health And Welfare-Environment Division,2004-12-05,,FRANKLIN - WATER TREATMENT FACILITY AT EAST 4800 SOUTH,,rural
160410002,Preston,42.082222,-111.864167,1439.0,Idaho,Franklin,Preston,AGRICULTURAL,RURAL,Idaho Department Of Health And Welfare-Environment Division,2005-02-01,,PRESTON JR. HIGH - 450 E. VALLEY VIEW DRIVE,,rural
160450001,160450001,43.856442,-116.515456,716.6,Idaho,Gem,Emmett,COMMERCIAL,URBAN AND CENTER CITY,Idaho Department Of Health And Welfare-Environment Division,2004-11-17,,"2195 SCHILLER ROAD - EMMETT, IDAHO",,urban-centre
160470006,160470006,42.75217,-114.81136,3201.0,Idaho,Gooding,Not in a City,AGRICULTURAL,RURAL,Idaho Department Of Health And Welfare-Environment Division,2007-07-21,,3120 S 1400 E - Wendell,83355.0,rural
160490002,Grangeville,45.931274,-116.116255,1046.7,Idaho,Idaho,Grangeville,COMMERCIAL,RURAL,Idaho Department Of Health And Welfare-Environment Division,2000-10-01,,"USFS COMPOUND, EAST EDGE OF GRANGEVILLE",,rural
160490003,Kamiah,46.2094,-116.0275,460.11,Idaho,Idaho,Not in a City,RESIDENTIAL,RURAL,"Nez Perce Tribe, Idaho",2002-04-02,,"INTERSECTION OF APPLE AND PINE, KAMIAH",,rural
160499991,Nez Perce Tribe,46.2756,-116.0216,945.0,Idaho,Idaho,Not in a City,FOREST,RURAL,USEPA - Clean Air and Power Division,2015-12-15,,"Woodland Rd, Kamiah, ID 83536",83536.0,rural
160530002,"SITE ESTABLISHED JULY, 2001.",42.724497,-114.518626,0.0,Idaho,Jerome,Jerome,COMMERCIAL,URBAN AND CENTER CITY,Idaho Department Of Health And Welfare-Environment Division,2001-01-22,,240 EAST MAIN STREET,,urban-centre
160550003,Coeur d'Alene - Lancaster Rd.,47.788908,-116.804539,712.13,Idaho,Kootenai,Not in a City,AGRICULTURAL,RURAL,Idaho Department Of Health And Welfare-Environment Division,2005-01-01,,"Kootenai Water District Building on West Lancaster Road - north of HAYDEN, IDAHO",,rural
160550004,160550004,47.555253,-116.817331,652.0,Idaho,Kootenai,Not in a City,RESIDENTIAL,RURAL,Idaho Department Of Health And Welfare-Environment Division,2011-07-01,,"Camp Cross, McDonald Point, Lake Coeur d'Alene, ID",83814.0,rural
160550006,160550006,47.682315,-116.76553,7085.0,Idaho,Kootenai,Coeur d'Alene,RESIDENTIAL,URBAN AND CENTER CITY,Idaho Department Of Health And Welfare-Environment Division,1987-10-12,,LAKES MIDDLE SCHOOL/930 N 15TH ST,,urban-centre
160550010,160550010,47.698398,-116.794693,0.0,Idaho,Kootenai,Coeur d'Alene,MOBILE,SUBURBAN,Idaho Department Of Health And Welfare-Environment Division,1992-10-27,,KMC/KOOTENAI MED CENTER,,urban-periphery
160550013,10 METER TOWER EAST OF HAYDEN ON RATHDRUM PRARIE.,47.782603,-116.882929,0.0,Idaho,Kootenai,Hayden,AGRICULTURAL,RURAL,Idaho Department Of Health And Welfare-Environment Division,2000-04-01,,"OFF HIGHWAY 41, RATHDRUM PRARIE",,rural
160550014,160550014,47.721597,-116.92615,640.0,Idaho,Kootenai,Post Falls,RESIDENTIAL,RURAL,Idaho Department Of Health And Welfare-Environment Division,2001-08-17,,1353 1/2 SYRINGA,,rural
160550015,160550015,47.715385,-116.827245,686.7144,Idaho,Kootenai,Not in a City,AGRICULTURAL,SUBURBAN,Idaho Department Of Health And Welfare-Environment Division,2019-12-17,,Nusery Road,83815.0,urban-periphery
160570005,Moscow,46.72182,-116.960177,800.7096,Idaho,Latah,Moscow,AGRICULTURAL,RURAL,Idaho Department Of Health And Welfare-Environment Division,2001-08-01,,1025 PLANT SCIENCES ROAD,,rural
160590004,Salmon - Charles St.,45.181897,-113.890285,1197.0,Idaho,Lemhi,Not in a City,AGRICULTURAL,RURAL,Idaho Department Of Health And Welfare-Environment Division,2000-08-18,,618 North Saint Charles Street,83467.0,rural
160590005,160590005,45.168355,-113.889868,1280.0,Idaho,Lemhi,Salmon,RESIDENTIAL,RURAL,Idaho Department Of Health And Welfare-Environment Division,2003-09-05,,"HIGHWAY 93 SOUTH - SALMON, IDAHO 83467",,rural
160590007,160590007,45.158688,-114.026921,2788.0,Idaho,Lemhi,Not in a City,FOREST,RURAL,National Park Service,1993-12-04,,Salmon NF,83467.0,rural
160690006,160690006,46.429561,-116.992427,0.0,Idaho,Nez Perce,Lewiston,INDUSTRIAL,SUBURBAN,"Nez Perce Tribe, Idaho",1992-08-10,,ISP BLDG/2700 N/S HWY 12-95,,urban-periphery
160690009,160690009,46.417778,-117.018611,225.0,Idaho,Nez Perce,Lewiston,COMMERCIAL,URBAN AND CENTER CITY,"Nez Perce Tribe, Idaho",1981-01-01,,STATE OFFICE BLDG/1118 F ST,,urban-centre
160690010,160690010,46.404051,-117.021268,880.0,Idaho,Nez Perce,Lewiston,RESIDENTIAL,SUBURBAN,Idaho Department Of Health And Welfare-Environment Division,1988-09-30,,1409 8TH STREET,,urban-periphery
160690012,Lewiston,46.408352,-116.992533,284.988,Idaho,Nez Perce,Lewiston,RESIDENTIAL,SUBURBAN,Idaho Department Of Health And Welfare-Environment Division,2001-03-16,,1200 29TH STREET,83501.0,urban-periphery
160690013,Lapwai,46.3972,-116.8062,339.14,Idaho,Nez Perce,Not in a City,RESIDENTIAL,RURAL,"Nez Perce Tribe, Idaho",2003-04-24,,"260 BEVER GRADE, LAPWAI",,rural
160690014,160690014,46.335,-116.5359,1076.81,Idaho,Nez Perce,Not in a city,AGRICULTURAL,RURAL,"Nez Perce Tribe, Idaho",2002-06-02,,"WEST SIDE REUBENS-GIFFORD RD, REUBENS",,rural
160690222,160690222,46.438089,-116.905182,235.53,Idaho,Nez Perce,Not in a city,COMMERCIAL,RURAL,"Nez Perce Tribe, Idaho",2006-05-01,,17500 NEZ PERCE ROAD,,rural
160695501,Lapwai High School,46.40117,-116.80731,0.0,Idaho,Nez Perce,Lapwai,COMMERCIAL,URBAN AND CENTER CITY,US EPA/OAQPS,2009-09-08,,404 South Main Street,83540.0,urban-centre
160695502,ERWM,46.3999,-116.80129,328.0,Idaho,Nez Perce,Not in a City,RESIDENTIAL,RURAL,"Nez Perce Tribe, Idaho",2011-06-09,,"109 Lolo St., Lapwai, ID  83540",83540.0,rural
160790017,Pinehurst,47.536389,-116.236667,671.0,Idaho,Shoshone,Pinehurst (Pine Creek),RESIDENTIAL,URBAN AND CENTER CITY,Idaho Department Of Health And Welfare-Environment Division,1974-01-01,,"PINEHURST/PINEHURST SCHOOL, PINEHURST",,urban-centre
160830007,Twin Falls,42.565089,-114.494717,1129.894,Idaho,Twin Falls,Twin Falls,RESIDENTIAL,SUBURBAN,Idaho Department Of Health And Welfare-Environment Division,2013-11-07,,650 Addison Avenue,83301.0,urban-periphery
160830009,160830009,42.555278,-114.358333,295.0,Idaho,Twin Falls,Not in a City,AGRICULTURAL,RURAL,Idaho Department Of Health And Welfare-Environment Division,2009-01-01,,Kimberly Met Tower- 50 Highway 50,83341.0,rural
160830010,"MONITOR IS ON ROOF OF SMITH'S FOOD STORE, IN RESIDENTIAL SECTION.",42.564008,-114.447071,1140.0,Idaho,Twin Falls,Twin Falls,RESIDENTIAL,SUBURBAN,Idaho Department Of Health And Welfare-Environment Division,1999-12-08,,1913 ADDISON AVE EAST,,urban-periphery
160850001,R&P 1400PM2.5 TEOM ON TOP OF SHAVER'S MARKET ON SOUTH END OF TOWN.,44.899213,-116.094873,0.0,Idaho,Valley,Not in a city,COMMERCIAL,RURAL,Idaho Department Of Health And Welfare-Environment Division,2000-10-01,,411 DEINHARD LANE,,rural
160850002,McCall,44.890197,-116.1065,0.0,Idaho,Valley,McCall,COMMERCIAL,RURAL,Idaho Department Of Health And Welfare-Environment Division,2005-12-06,,"500 NORTH MISSION - MCCALL, IDAHO",,rural
170010007,JOHN WOOD COMMUNITY COLLEGE,39.915409,-91.335868,201.0,Illinois,Adams,Quincy,RESIDENTIAL,SUBURBAN,Illinois Environmental Protection Agency,2007-03-15,,1301 S. 48TH ST.,62305.0,urban-periphery
170190006,709 N. Champaign St.,40.123886,-88.240553,226.0,Illinois,Champaign,Champaign,COMMERCIAL,SUBURBAN,Illinois Environmental Protection Agency,2011-01-09,,709 N. Champaign St.,61820.0,urban-periphery
170190007,Thomasboro,40.244913,-88.188519,5.0,Illinois,Champaign,Thomasboro,RESIDENTIAL,RURAL,Illinois Environmental Protection Agency,2011-05-04,,NORTH THOMAS ST.,61878.0,rural
170191001,ISWS CLIMATE STATION,40.05278,-88.37251,213.0,Illinois,Champaign,Bondville,AGRICULTURAL,RURAL,Illinois Environmental Protection Agency,1999-01-01,,TWP RD 500 E.,61822.0,rural
170230001,416 S. State St. Hwy 1- West Union,39.210857,-87.668297,114.8,Illinois,Clark,Not in a City,COMMERCIAL,RURAL,Indiana Depart Of Environ Management/Office Of Air Quality,2001-04-01,,416 S. STATE ST. HWY 1/ WEST UNION,62477.0,rural
170310001,VILLAGE GARAGE,41.670992,-87.732457,188.0,Illinois,Cook,Alsip,RESIDENTIAL,SUBURBAN,Cook County Department of Environmental Control,1981-01-01,,4500 W. 123RD ST.,60803.0,urban-periphery
170310022,WASHINGTON HS,41.687165,-87.539315,178.0,Illinois,Cook,Chicago,INDUSTRIAL,SUBURBAN,Cook County Department of Environmental Control,1964-01-01,,3535 E. 114TH ST.,60617.0,urban-periphery
170310032,SOUTH WATER FILTRATION PLANT,41.755832,-87.54535,178.0,Illinois,Cook,Chicago,INDUSTRIAL,URBAN AND CENTER CITY,Cook County Department of Environmental Control,1971-01-01,,3300 E. CHELTENHAM PL.,60649.0,urban-centre
170310042,SEARS TOWER,41.87898,-87.635556,181.0,Illinois,Cook,Chicago,COMMERCIAL,URBAN AND CENTER CITY,Illinois Environmental Protection Agency,1978-01-01,,WACKER AT ADAMS,60606.0,urban-centre
170310052,MAYFAIR PUMP STATION,41.965485,-87.749928,186.0,Illinois,Cook,Chicago,COMMERCIAL,SUBURBAN,Cook County Department of Environmental Control,1982-01-01,,4850 WILSON AVE.,60630.0,urban-periphery
170310057,SPRINGFIELD PUMP STATION,41.912739,-87.722673,183.0,Illinois,Cook,Chicago,COMMERCIAL,SUBURBAN,Cook County Department of Environmental Control,1986-01-01,,1745 N. SPRINGFIELD,60647.0,urban-periphery
170310060,CARVER HS,41.656518,-87.589574,177.0,Illinois,Cook,Chicago,RESIDENTIAL,SUBURBAN,Cook County Department of Environmental Control,1987-10-24,,13100 S. DOTY,60827.0,urban-periphery
170310072,JARDINE WATER PLANT,41.895812,-87.607683,181.0,Illinois,Cook,Chicago,COMMERCIAL,URBAN AND CENTER CITY,Illinois Environmental Protection Agency,1995-04-14,,1000 E. OHIO,60611.0,urban-centre
170310076,COM ED MAINTENANCE BLDG,41.7514,-87.713488,186.0,Illinois,Cook,Chicago,RESIDENTIAL,SUBURBAN,Cook County Department of Environmental Control,2000-01-01,,7801 LAWNDALE,60652.0,urban-periphery
170310110,PEREZ ELEMENTRY SCHOOL,41.85577,-87.657928,181.0,Illinois,Cook,Chicago,INDUSTRIAL,URBAN AND CENTER CITY,Cook County Department of Environmental Control,2010-01-01,,1241 19th St.,60608.0,urban-centre
170310119,Kingery Near Road #1,41.57862,-87.557406,1.0,Illinois,Cook,Lansing,MOBILE,URBAN AND CENTER CITY,Illinois Environmental Protection Agency,2019-03-01,,KINGERY EXPRESSWAY & TORRENCE AVENUE,60438.0,urban-centre
170310219,Kennedy Near Road 2,41.920009,-87.672995,3.0,Illinois,Cook,Chicago,COMMERCIAL,URBAN AND CENTER CITY,Illinois Environmental Protection Agency,2019-07-26,,Kennedy Expressway West,60614.0,urban-centre
170311003,TAFT HS,41.984332,-87.792002,191.0,Illinois,Cook,Chicago,MOBILE,URBAN AND CENTER CITY,Cook County Department of Environmental Control,1965-01-01,,6545 W. HURLBUT ST.,60631.0,urban-centre
170311016,VILLAGE HALL,41.80118,-87.832349,186.0,Illinois,Cook,McCook,COMMERCIAL,SUBURBAN,Illinois Environmental Protection Agency,1972-01-01,,50TH ST. AND GLENCOE,60525.0,urban-periphery
170311601,COOK COUNTY TRAILER,41.66812,-87.99057,226.0,Illinois,Cook,Lemont,RESIDENTIAL,SUBURBAN,Cook County Department of Environmental Control,1982-01-01,,729 HOUSTON,60439.0,urban-periphery
170312001,EISENHOWER HS,41.662109,-87.696467,183.0,Illinois,Cook,Blue Island,INDUSTRIAL,SUBURBAN,Cook County Department of Environmental Control,1966-01-01,,12700 SACRAMENTO,60406.0,urban-periphery
170313103,IEPA TRAILER,41.965193,-87.876265,195.0,Illinois,Cook,Schiller Park,MOBILE,SUBURBAN,Illinois Environmental Protection Agency,1998-01-01,,4743 MANNHEIM RD.,60176.0,urban-periphery
170313301,GRAVES ES,41.782766,-87.805377,190.0,Illinois,Cook,Summit,RESIDENTIAL,SUBURBAN,Cook County Department of Environmental Control,1974-01-01,,60TH ST. & 74TH AVE.,60501.0,urban-periphery
170314002,COOK COUNTY TRAILER,41.855243,-87.75247,184.0,Illinois,Cook,Cicero,RESIDENTIAL,SUBURBAN,Cook County Department of Environmental Control,1983-01-01,,1820 S. 51ST AVE.,60804.0,urban-periphery
170314007,REGIONAL OFFICE BUILDING,42.060285,-87.863225,192.0,Illinois,Cook,Des Plaines,RESIDENTIAL,SUBURBAN,Illinois Environmental Protection Agency,2001-01-01,,9511 W. HARRISON ST,60016.0,urban-periphery
170314201,NORTHBROOK WATER PLANT,42.139996,-87.799227,198.0,Illinois,Cook,Northbrook,RESIDENTIAL,SUBURBAN,Illinois Environmental Protection Agency,1997-03-20,,750 DUNDEE ROAD,60062.0,urban-periphery
170315501,Saint Josaphat School,41.92271,-87.6632,0.0,Illinois,Cook,Chicago,COMMERCIAL,URBAN AND CENTER CITY,US EPA/OAQPS,2009-07-18,,2245 N Southport Ave # 1,60614.0,urban-centre
170316003,COOK COUNTY COURT COMPLEX,41.872202,-87.826165,189.0,Illinois,Cook,Maywood,COMMERCIAL,SUBURBAN,Cook County Department of Environmental Control,1984-12-01,,1500 MAYBROOK DR.,60153.0,urban-periphery
170316004,COM ED MAINTENANCE AREA,41.872117,-87.82908,190.0,Illinois,Cook,Maywood,COMMERCIAL,SUBURBAN,Cook County Department of Environmental Control,1987-09-01,,1505 S. FIRST AVENUE,60153.0,urban-periphery
170316005,LIBERTY SCHOOL,41.864426,-87.748902,186.0,Illinois,Cook,Cicero,INDUSTRIAL,SUBURBAN,Cook County Department of Environmental Control,2000-01-01,,13TH ST. & 50TH AVE.,60804.0,urban-periphery
170316006,4TH DISTRICT COURT,41.872897,-87.825872,189.0,Illinois,Cook,Maywood,COMMERCIAL,SUBURBAN,Cook County Department of Environmental Control,2003-01-01,,1500 MAYBROOK DR.,60153.0,urban-periphery
170317002,WATER PLANT,42.062053,-87.675254,183.0,Illinois,Cook,Evanston,RESIDENTIAL,SUBURBAN,Illinois Environmental Protection Agency,1977-08-01,,531 E. LINCOLN,60201.0,urban-periphery
170434002,CITY HALL,41.771071,-88.152534,204.0,Illinois,DuPage,Naperville,COMMERCIAL,URBAN AND CENTER CITY,Illinois Environmental Protection Agency,1992-01-01,,400 S. EAGLE ST.,60540.0,urban-centre
170436001,MORTON ARBORETUM,41.813049,-88.072827,206.0,Illinois,DuPage,Lisle,AGRICULTURAL,SUBURBAN,Illinois Environmental Protection Agency,1984-01-01,,RT. 53,60515.0,urban-periphery
170491001,CENTRAL JR HIGH,39.067159,-88.548934,177.0,Illinois,Effingham,Effingham,AGRICULTURAL,RURAL,Illinois Environmental Protection Agency,1981-01-01,,10421 N. US HWY. 45,62401.0,rural
170650002,TEN MILE CREEK DNR OFFICE,38.082155,-88.624943,149.0,Illinois,Hamilton,Not in a City,AGRICULTURAL,RURAL,Illinois Environmental Protection Agency,2005-04-01,,STATE ROUTE 14,62860.0,rural
170830117,JERSEYVILLE WATER TREATMENT PLANT (WTP),39.101439,-90.344494,193.0,Illinois,Jersey,Jerseyville,AGRICULTURAL,RURAL,Illinois Environmental Protection Agency,1988-04-05,,1320 MAPLE SUMMTT ROAD,62052.0,rural
170859991,Stockton,42.2869,-89.9997,274.0,Illinois,Jo Daviess,Not in a City,AGRICULTURAL,RURAL,USEPA - Clean Air and Power Division,1993-12-14,,"10952 E. Parker Rd, Stockton, IL 61085",61085.0,rural
170890003,MCKINLEY SCHOOL,42.050403,-88.280015,238.0,Illinois,Kane,Elgin,RESIDENTIAL,SUBURBAN,Illinois Environmental Protection Agency,1979-01-01,,258 LOVELL ST.,60120.0,urban-periphery
170890005,LARSEN JUNIOR HIGH,42.049148,-88.273029,229.0,Illinois,Kane,Elgin,RESIDENTIAL,SUBURBAN,Illinois Environmental Protection Agency,1980-12-01,,665 DUNDEE RD.,60120.0,urban-periphery
170890007,KANE COUNTY HEALTH DEPT,41.784717,-88.329374,213.0,Illinois,Kane,Aurora,COMMERCIAL,SUBURBAN,Illinois Environmental Protection Agency,2005-01-01,,1240 N. HIGHLAND AVE.,60506.0,urban-periphery
170890124,Elgin DMV,42.021314,-88.282985,233.0,Illinois,Kane,Elgin,COMMERCIAL,SUBURBAN,Illinois Environmental Protection Agency,2024-10-01,,595 S. State Street,60123.0,urban-periphery
170971002,NORTH FIRESTATION,42.386706,-87.841406,201.0,Illinois,Lake,Waukegan,RESIDENTIAL,SUBURBAN,Illinois Environmental Protection Agency,1976-01-01,,GOLF & JACKSON STS.,60087.0,urban-periphery
170971007,CAMP LOGAN TRAILER,42.465964,-87.809624,178.0,Illinois,Lake,Zion,FOREST,RURAL,Illinois Environmental Protection Agency,1994-04-14,,ILLINOIS BEACH STATE PARK,60099.0,rural
170990007,IEPA TRAILER,41.293015,-89.049425,183.0,Illinois,La Salle,Oglesby,INDUSTRIAL,SUBURBAN,Illinois Environmental Protection Agency,1983-11-01,,308 PORTLAND AVE.,61348.0,urban-periphery
171110001,CARY GROVE HS,42.221442,-88.242207,235.0,Illinois,McHenry,Cary,RESIDENTIAL,SUBURBAN,Illinois Environmental Protection Agency,1972-01-01,,FIRST ST. & THREE OAKS RD.,60013.0,urban-periphery
171132003,ISU HARRIS PHYSICAL PLANT,40.518735,-88.996896,236.0,Illinois,McLean,Normal,RESIDENTIAL,SUBURBAN,Illinois Environmental Protection Agency,2001-03-01,,MAIN & GREGORY,61761.0,urban-periphery
171150013,IEPA TRAILER,39.866834,-88.925594,204.0,Illinois,Macon,Decatur,INDUSTRIAL,SUBURBAN,Illinois Environmental Protection Agency,1983-01-01,,2200 N. 22ND,62526.0,urban-periphery
171150110,MUELLER,39.862576,-88.940748,208.0,Illinois,Macon,Decatur,INDUSTRIAL,SUBURBAN,Illinois Environmental Protection Agency,2010-01-01,,1226 E. GARFIELD,62526.0,urban-periphery
171150217,T&L North,39.850712,-88.933635,204.0,Illinois,Macon,Decatur,BLIGHTED AREAS,URBAN AND CENTER CITY,"ERM Group, Inc",2017-01-01,,899 N Folk St,62521.0,urban-centre
171150317,T&L South,39.846856,-88.923323,205.0,Illinois,Macon,Decatur,INDUSTRIAL,URBAN AND CENTER CITY,"ERM Group, Inc",2017-01-01,,"2200 E Eldorado St, Decatur, IL 62521",62521.0,urban-centre
171170002,IEPA TRAILER,39.396075,-89.809739,201.0,Illinois,Macoupin,Nilwood,AGRICULTURAL,RURAL,Illinois Environmental Protection Agency,1981-07-01,,HEATON & DUBOIS,62672.0,rural
171190010,AIR PRODUCTS,38.694438,-90.153954,137.0,Illinois,Madison,Granite City,INDUSTRIAL,URBAN AND CENTER CITY,Illinois Environmental Protection Agency,1968-01-01,,15TH & MADISON,62040.0,urban-centre
171190024,Gateway Regional Medical Center,38.700632,-90.144763,128.0,Illinois,Madison,Granite City,INDUSTRIAL,URBAN AND CENTER CITY,Illinois Environmental Protection Agency,2007-07-01,,2100 MADISON AVENUE,62040.0,urban-centre
171190120,ALTON HORACE MANN ELEMENTARY SCHOOL,38.901362,-90.146308,172.0,Illinois,Madison,Alton,RESIDENTIAL,URBAN AND CENTER CITY,Illinois Environmental Protection Agency,2019-03-01,,2708 EDWARDS STREET,62002.0,urban-centre
171190121,Powder Mill Road,38.888056,-90.104444,1.0,Illinois,Madison,East Alton,INDUSTRIAL,SUBURBAN,Illinois Environmental Protection Agency,2021-06-01,,600 Powder Mill Road,62024.0,urban-periphery
171190122,VILLAGE OF MARYVILLE,38.730263,-89.950053,177.0,Illinois,Madison,Maryville,RESIDENTIAL,SUBURBAN,Illinois Environmental Protection Agency,2022-05-01,,8B SCHIBER COURT,62062.0,urban-periphery
171191007,FIRESTATION #1,38.704534,-90.139675,128.0,Illinois,Madison,Granite City,INDUSTRIAL,URBAN AND CENTER CITY,Illinois Environmental Protection Agency,1969-01-01,,23RD & MADISON,62040.0,urban-centre
171192007,IEPA-RAPS TRAILER,38.793341,-90.039762,134.0,Illinois,Madison,Not in a City,AGRICULTURAL,RURAL,Illinois Environmental Protection Agency,1975-01-01,,"POAG ROAD, EDWARDSVILLE",62025.0,rural
171193007,WATER PLANT,38.860669,-90.105851,131.0,Illinois,Madison,Wood River,INDUSTRIAL,SUBURBAN,Illinois Environmental Protection Agency,1968-01-01,,54 N. WALCOTT,62095.0,urban-periphery
171199010,Phillips 66 Wood River Refinery,38.848382,-90.076413,125.0,Illinois,Madison,Roxana,INDUSTRIAL,SUBURBAN,Washington University in St. Louis,2011-07-01,,East Tydeman Avenue & South Chaffer Avenue,62095.0,urban-periphery
171430024,FIRESTATION,40.68742,-89.606943,155.0,Illinois,Peoria,Peoria,COMMERCIAL,SUBURBAN,Illinois Environmental Protection Agency,1973-01-01,,HURLBURT & MACARTHUR,61605.0,urban-periphery
171430036,COMMERCIAL BUILDING,40.700072,-89.613414,183.0,Illinois,Peoria,Peoria,COMMERCIAL,SUBURBAN,Illinois Environmental Protection Agency,1986-11-06,,1005 N. UNIVERSITY,61606.0,urban-periphery
171430037,CITY OFFICE BUILDING,40.697007,-89.584737,155.0,Illinois,Peoria,Peoria,COMMERCIAL,URBAN AND CENTER CITY,Illinois Environmental Protection Agency,1987-01-01,,613 N.E. JEFFERSON,61603.0,urban-centre
171431001,PEORIA HEIGHTS HS,40.745504,-89.585869,220.0,Illinois,Peoria,Peoria Heights,RESIDENTIAL,SUBURBAN,Illinois Environmental Protection Agency,1979-05-01,,508 E. GLEN AVE.,61614.0,urban-periphery
171570001,IEPA TRAILER,38.176278,-89.788459,136.0,Illinois,Randolph,Not in a City,INDUSTRIAL,RURAL,Illinois Environmental Protection Agency,1988-08-25,,HICKORY GROVE & FALLVIEW,62217.0,rural
171613002,ROCK ISLAND ARSENAL,41.514727,-90.51735,171.0,Illinois,Rock Island,Rock Island Arsenal (U.S. Army),COMMERCIAL,URBAN AND CENTER CITY,Illinois Environmental Protection Agency,2001-01-01,,32 RODMAN AVE.,61201.0,urban-centre
171630010,IEPA-RAPS TRAILER,38.612034,-90.160477,125.0,Illinois,Saint Clair,East Saint Louis,INDUSTRIAL,SUBURBAN,Illinois Environmental Protection Agency,1975-01-01,,13TH & TUDOR,62201.0,urban-periphery
171670004,171670004,39.791994,-89.596209,177.0,Illinois,Sangamon,Springfield,RESIDENTIAL,SUBURBAN,Illinois Environmental Protection Agency,1976-01-01,,2200 CHURCHILL,,urban-periphery
171670008,FEDERAL BUILDING,39.799309,-89.647608,171.0,Illinois,Sangamon,Springfield,MOBILE,URBAN AND CENTER CITY,Illinois Environmental Protection Agency,1979-02-24,,6TH & MONROE,62701.0,urban-centre
171670012,AGRICULTURE BUILDING,39.831921,-89.644164,180.0,Illinois,Sangamon,Not in a City,RESIDENTIAL,SUBURBAN,Illinois Environmental Protection Agency,1997-01-01,,STATE FAIR GROUNDS,62702.0,urban-periphery
171670014,Illinois Building State Fairgrounds,39.831522,-89.640926,6.0,Illinois,Sangamon,Springfield,COMMERCIAL,SUBURBAN,Illinois Environmental Protection Agency,2011-04-01,,Illinois Building State Fairgrounds,62702.0,urban-periphery
171790004,FIRESTATION,40.55646,-89.654028,158.0,Illinois,Tazewell,Pekin,INDUSTRIAL,SUBURBAN,Illinois Environmental Protection Agency,1974-01-01,,272 DERBY,61554.0,urban-periphery
171850001,PSI/Duke Energy- Gibson Network / Mt. Carmel,38.397789,-87.773853,123.1,Illinois,Wabash,Mount Carmel,MOBILE,URBAN AND CENTER CITY,Duke Energy,1979-01-01,,DIVISION ST. SOUTH OF SEWAGE TREAT. PT.- PSI/Duke Energy- Gibson Network/ Mt. Carmel,62863.0,urban-centre
171851001,171851001,38.369498,-87.834466,139.0,Illinois,Wabash,Not in a City,AGRICULTURAL,RURAL,Duke Energy,1979-01-01,,1/2 MILE SOUTH OF S.R.-1,62863.0,rural
171970013,WATER PLANT WEST,41.459963,-88.182019,163.0,Illinois,Will,Not in a City,INDUSTRIAL,RURAL,Illinois Environmental Protection Agency,1987-01-01,,RTE. 6 & YOUNG RD.,60410.0,rural
171971002,PERSHING SCHOOL,41.526885,-88.116474,167.0,Illinois,Will,Joliet,RESIDENTIAL,SUBURBAN,Illinois Environmental Protection Agency,1965-01-01,,MIDLAND & CAMPBELL STS,60435.0,urban-periphery
171971011,COM ED TRAINING CENTER,41.221537,-88.190967,181.0,Illinois,Will,Braidwood,AGRICULTURAL,RURAL,Illinois Environmental Protection Agency,1995-04-01,,36400 S. ESSEX RD.,60481.0,rural
172010011,CITY HALL,42.267674,-89.087851,226.0,Illinois,Winnebago,Rockford,MOBILE,URBAN AND CENTER CITY,Illinois Environmental Protection Agency,1980-11-18,,425 E. STATE,61104.0,urban-centre
172010118,Rockford Fire Department Admin. Bldg,42.267,-89.08917,230.0,Illinois,Winnebago,Rockford,RESIDENTIAL,URBAN AND CENTER CITY,Illinois Environmental Protection Agency,2018-10-01,,Fire Department Admin. Bldg 204 South 1st Street,61104.0,urban-centre
172012001,MAPLE ELEMENTARY SCHOOL,42.334982,-89.037775,224.0,Illinois,Winnebago,Loves Park,RESIDENTIAL,SUBURBAN,Illinois Environmental Protection Agency,1979-07-01,,1405 MAPLE AVE.,61111.0,urban-periphery
180030002,Leo High School,41.221418,-85.016821,173.9,Indiana,Allen,Leo-Cedarville,RESIDENTIAL,SUBURBAN,Indiana Depart Of Environ Management/Office Of Air Quality,1986-04-01,,"14600 AMSTUTZ RD., LEO HS",46765.0,urban-periphery
180030004,Ft. Wayne- Beacon St.,41.094965,-85.101816,177.6,Indiana,Allen,Fort Wayne,COMMERCIAL,SUBURBAN,Indiana Depart Of Environ Management/Office Of Air Quality,1979-07-01,,2022 NORTH BEACON/ Fort Wayne- Beacon St.,46805.0,urban-periphery
180030011,SW CORNER OF OLD FORT WAYNE CENTRAL H.S.- FWCC,41.07445,-85.136729,238.0,Indiana,Allen,Fort Wayne,COMMERCIAL,URBAN AND CENTER CITY,Indiana Depart Of Environ Management/Office Of Air Quality,1994-03-01,,203 E. DOUGLAS ST. Fort Wayne- Career Center,46802.0,urban-centre
180030015,Fort Wayne- Coliseum,41.081864,-85.088313,195.9,Indiana,Allen,Fort Wayne,COMMERCIAL,URBAN AND CENTER CITY,Indiana Depart Of Environ Management/Office Of Air Quality,2023-10-12,,Fort Wayne- Coliseum   707 N. Coliseum Blvd.,46805.0,urban-centre
180050007,Hope- Hauser Jr-Sr High School,39.294322,-85.766816,199.0,Indiana,Bartholomew,Hope,RESIDENTIAL,RURAL,Indiana Depart Of Environ Management/Office Of Air Quality,2013-06-01,,"Hope-Hauser Jr-Sr High School, 9404 N. 775 E.",47246.0,rural
180050008,Columbus- Rocky Ford Rd.,39.237457,-85.891332,164.421,Indiana,Bartholomew,Columbus,COMMERCIAL,SUBURBAN,Indiana Depart Of Environ Management/Office Of Air Quality,2014-07-16,,3475 Trestle Dr./ Columbus- Rocky Ford Rd.,47203.0,urban-periphery
180110001,"Perry Worth ELEMENTRY SCHOOL, WEST OF WHITESTOWN",39.997732,-86.395394,264.264,Indiana,Boone,Not in a City,AGRICULTURAL,RURAL,Indianapolis Office of Environmental Services,2000-04-01,,"3900 E. 300 S, WHITESTOWN/ Perry Worth Elementary",46075.0,rural
180130001,Helmsburg,39.263914,-86.292269,176.44,Indiana,Brown,Not in a City,COMMERCIAL,RURAL,Indiana Depart Of Environ Management/Office Of Air Quality,2014-05-14,,4831 Helmsburg Rd.- Helmsburg,47448.0,rural
180150002,Flora-Flora Airport,40.540455,-86.553035,180.55,Indiana,Carroll,Not in a City,AGRICULTURAL,SUBURBAN,Indiana Depart Of Environ Management/Office Of Air Quality,2001-04-01,,481 S. 150 W. / FLORA AIRPORT,46929.0,urban-periphery
180190006,Jefferson- Walnut St/ Jefferson PFAU,38.277719,-85.740111,137.251,Indiana,Clark,Jeffersonville,COMMERCIAL,URBAN AND CENTER CITY,Indiana Depart Of Environ Management/Office Of Air Quality,2003-06-26,,JEFFERSONVILLE PFAU- 719 WALNUT ST,47130.0,urban-centre
180190008,Charlestown State Park- 1051.8 meters East of SR 62/ Indiana armory,38.393822,-85.664118,186.551,Indiana,Clark,Not in a City,RESIDENTIAL,RURAL,Indiana Depart Of Environ Management/Office Of Air Quality,2007-05-01,,12500 St. Rd. 62-Charlestown State Park/ Indiana Armory,47111.0,rural
180190009,Clarksville,38.276683,-85.763767,111.0,Indiana,Clark,Clarksville,RESIDENTIAL,URBAN AND CENTER CITY,Indiana Depart Of Environ Management/Office Of Air Quality,2008-03-05,,201 W. Riverside Dr.-Clarksville State Park-Falls of the Ohio State Park,47129.0,urban-centre
180190010,Jeffersonville- Bates-Bowyer Ave.,38.288191,-85.741337,106.8,Indiana,Clark,Jeffersonville,INDUSTRIAL,SUBURBAN,Indiana Depart Of Environ Management/Office Of Air Quality,2019-05-21,,1420 Bates-Bowyer Ave./ Jeffersonville- Bates- Bowyer Ave.,47130.0,urban-periphery
180270002,AES/IPL Petersburg/ Doty Orchard,38.573253,-87.214613,149.0,Indiana,Daviess,Not in a City,AGRICULTURAL,RURAL,Indianapolis Power And Light Company,1978-01-01,,WEST OFF OF STATE ROUTE 57- AES/IPL Petersburg/ Doty Orchard,47501.0,rural
180350006,Muncie- Central HS,40.203338,-85.387819,255.38,Indiana,Delaware,Muncie,RESIDENTIAL,SUBURBAN,Indiana Depart Of Environ Management/Office Of Air Quality,1983-05-01,,801 N. Walnut St.-MUNCIE CENTRAL HIGH,47305.0,urban-periphery
180350008,LOCATED WNW OF PLANT - BACKGROUND SITE,40.157952,-85.420984,291.0,Indiana,Delaware,Muncie,INDUSTRIAL,SUBURBAN,Exide Corporation,1991-11-01,,2601 W. MT. PLEASANT BLVD. - WEST SITE,47302.0,urban-periphery
180350009,Muncie- Mt. Pleasant Blvd.  LOCATED NE OF PLANT - DOWNWIND SITE,40.158417,-85.415021,270.434,Indiana,Delaware,Muncie,INDUSTRIAL,SUBURBAN,Exide Corporation,1991-11-01,,Muncie- Mt. Pleasant Blvd.  2601 W. MT. PLEASANT BLVD. - EAST SITE,47302.0,urban-periphery
180350010,Albany- Albany Elem. Sch.,40.300385,-85.245862,252.1,Indiana,Delaware,Albany,RESIDENTIAL,URBAN AND CENTER CITY,Indiana Depart Of Environ Management/Office Of Air Quality,2001-04-01,,700 W. STATE ST./ ALBANY ELEMENTARY,47320.0,urban-centre
180370004,Jasper Sport- Jasper Sport Complex,38.369436,-86.959031,114.0,Indiana,Dubois,Not in a City,COMMERCIAL,RURAL,Indiana Depart Of Environ Management/Office Of Air Quality,2006-01-24,,1401 12th Ave-JASPER SPORT COMPLEX,47546.0,rural
180372001,Jasper PO,38.391799,-86.929668,124.8,Indiana,Dubois,Jasper,COMMERCIAL,URBAN AND CENTER CITY,Indiana Depart Of Environ Management/Office Of Air Quality,1970-07-01,,206 E 6TH ST- Jasper Post Office,47546.0,urban-centre
180390003,SAMPLERS ARE ON THE ROOF ON THE WEST SIDE OF THE SCHOOL,41.667827,-85.969444,229.0,Indiana,Elkhart,Elkhart,COMMERCIAL,URBAN AND CENTER CITY,Indiana Depart Of Environ Management/Office Of Air Quality,1999-05-12,,"PIERRE MORAN SCH., 200 W. LUSHER AVE.",,urban-centre
180390007,Bristol- Bristol Elem. Sch.,41.716959,-85.824696,232.0,Indiana,Elkhart,Bristol,RESIDENTIAL,SUBURBAN,Indiana Depart Of Environ Management/Office Of Air Quality,2002-04-01,,705 Indiana St../ Bristol Elementary,46507.0,urban-periphery
180390008,Elkhart- Prairie St.,41.657155,-85.968446,196.532,Indiana,Elkhart,Elkhart,RESIDENTIAL,SUBURBAN,Indiana Depart Of Environ Management/Office Of Air Quality,2008-01-01,,2745 Prairie St./ South Well Field,46517.0,urban-periphery
180430003,PSI-Gallagher,38.266167,-85.84107,198.0,Indiana,Floyd,New Albany,INDUSTRIAL,RURAL,Duke Energy,1980-01-01,,GALLAGHER - OUTSIDE OF GUARD SHACK,47150.0,rural
180430004,PSI/Duke Energy- Gallagher Network/ Bald Knob,38.367967,-85.832955,299.0,Indiana,Floyd,Not in a City,AGRICULTURAL,RURAL,Duke Energy,1981-09-01,,0.2 MILE N OF BALD KNOB RD AT WLKY TOWER- PSI/Duke Energy- Gallagher Network / Bald Knob,47119.0,rural
180430007,LOCATED ON OLD RAIL BED 1100 METERS NORTH OF POWERPLANT,38.273511,-85.836412,136.0,Indiana,Floyd,New Albany,RESIDENTIAL,RURAL,Duke Energy,1993-07-01,,FALLING RUN,47150.0,rural
180430008,180430008,38.317813,-85.833322,140.2,Indiana,Floyd,New Albany,RESIDENTIAL,SUBURBAN,Indiana Depart Of Environ Management/Office Of Air Quality,2023-01-01,,New Albany- 4H Road (site on Floyd County Fairgrounds),47150.0,urban-periphery
180450001,PSI/ Duke Energy- Cayuga Network / Silver Island,39.9642,-87.421398,169.0,Indiana,Fountain,Not in a City,AGRICULTURAL,RURAL,Duke Energy,1980-01-01,,"N. OF SR 234, E. OF WABASH RIVER/ PSI/Duke Energy- Cayuga Network / Silver Island",47952.0,rural
180510001,PSI/ Duke Energy  Gibson Network- Gibson Tower,38.361443,-87.748631,123.0,Indiana,Gibson,Not in a City,AGRICULTURAL,RURAL,Duke Energy,1978-11-01,,E-SE OF PLANT- PSI/ Duke Energy-  Gibson Network / Gibson Tower,47665.0,rural
180510002,PSI/ Duke Energy- Gibson Network/ E. Mt. Carmel,38.392991,-87.748323,120.0,Indiana,Gibson,Not in a City,AGRICULTURAL,RURAL,Duke Energy,1980-01-01,,GIBSON COAL ROAD- PSI/ Duke Energy-  Gibson Network/ E. Mt. Carmel,47666.0,rural
180510012,Oakland City,38.322931,-87.318789,111.0,Indiana,Gibson,Not in a City,RESIDENTIAL,RURAL,Indiana Depart Of Environ Management/Office Of Air Quality,2008-01-17,,Oakland City/ New Lake Park 2205 S. 1350 E.,47660.0,rural
180550001,"Plummer, 2500 S. W- Citizens gas Plummer maintenance faciliy",38.985477,-86.990419,128.621,Indiana,Greene,Not in a City,AGRICULTURAL,RURAL,Indiana Depart Of Environ Management/Office Of Air Quality,2000-04-03,,"2500 S. 275 W, PLUMMER",47424.0,rural
180570006,Our Lady of Grace- Noblesville,40.068297,-85.992451,210.3,Indiana,Hamilton,Noblesville,RESIDENTIAL,SUBURBAN,Indiana Depart Of Environ Management/Office Of Air Quality,2010-05-14,,Noblesville- 9900 E. 191st St.,46060.0,urban-periphery
180570007,11775 Brooks School Rd.,39.960884,-85.939546,212.0,Indiana,Hamilton,Fishers (corporate name for Fishers Station),COMMERCIAL,SUBURBAN,Indiana Depart Of Environ Management/Office Of Air Quality,2014-01-01,,11775 Brooks School Rd.- Fishers,46037.0,urban-periphery
180570008,Carmel- Hazel Dell Pkwy.,39.928804,-86.078775,193.886,Indiana,Hamilton,Carmel,INDUSTRIAL,SUBURBAN,Indiana Depart Of Environ Management/Office Of Air Quality,2019-01-10,,"9609 Hazel Dell Parkway, Carmel-Hazel Dell Pkwy",46280.0,urban-periphery
180590003,Fortville- Fortville Municipal Building,39.93487,-85.840671,237.043,Indiana,Hancock,Fortville,COMMERCIAL,SUBURBAN,Indiana Depart Of Environ Management/Office Of Air Quality,1987-06-01,,"714 E. BROADWAY, Fortville MUNICIPAL BDG.",46040.0,urban-periphery
180630002,Pittsboro Elementary School,39.863367,-86.470539,0.0,Indiana,Hendricks,Pittsboro,COMMERCIAL,SUBURBAN,Qualitech,1998-04-01,,206 N. MERIDIAN ST.,46167.0,urban-periphery
180630003,TRIWEST HIGH SCHOOL --- QUALITECH_DOWNWIND SITE,39.880871,-86.54193,0.0,Indiana,Hendricks,Lizton,COMMERCIAL,SUBURBAN,Qualitech,1998-04-01,,"HIGH SCHOOL, PITTSBORO",46149.0,urban-periphery
180630004,"AVON- 255 S. SR 267 (also 255 S. Avon Ave.) Avon, IN",39.758707,-86.3985,202.882,Indiana,Hendricks,Avon,COMMERCIAL,SUBURBAN,Indianapolis Office of Environmental Services,2000-04-01,,"Avon- 7203 E. US HIGHWAY 36, Avon Transportation Cntr.- 255 S. Avon Ave.(updated 2016)",46123.0,urban-periphery
180650003,Mechanicsburg- Shenandoah HS/ behind the football field,40.009544,-85.52347,275.694,Indiana,Henry,Middletown,AGRICULTURAL,RURAL,Indiana Depart Of Environ Management/Office Of Air Quality,2000-09-26,,7354 W. US 36/ SHENANDOAH H.S.- MIDDLETON,47356.0,rural
180670003,Kokomo- Fire Station,40.485479,-86.132879,244.0,Indiana,Howard,Kokomo,COMMERCIAL,URBAN AND CENTER CITY,Indiana Depart Of Environ Management/Office Of Air Quality,1999-06-11,,215 W. SUPERIOR ST.- Kokomo FS,46901.0,urban-centre
180670004,Kokomo- E. Vaile Rd.,40.481347,-86.109688,217.1,Indiana,Howard,Kokomo,COMMERCIAL,URBAN AND CENTER CITY,Indiana Depart Of Environ Management/Office Of Air Quality,2014-01-01,,Kokomo- 1802 E. Vaile Ave.,46901.0,urban-centre
180690002,Roanoke- Roanoke Elem. School,40.959604,-85.37961,245.0,Indiana,Huntington,Roanoke,RESIDENTIAL,URBAN AND CENTER CITY,Indiana Depart Of Environ Management/Office Of Air Quality,2000-04-14,,423 W. Vine St. - Roanoke,46783.0,urban-centre
180710001,Brownstown- 225 W & 200 N. Water facility,38.920835,-86.080523,167.0,Indiana,Jackson,Not in a City,AGRICULTURAL,RURAL,Indianapolis Office of Environmental Services,2000-04-04,,"CR 225 W & CR 300 N, BROWNSTOWN",47220.0,rural
180730002,NIPSCO Wheatfield,41.187854,-87.053571,201.0,Indiana,Jasper,Wheatfield,AGRICULTURAL,RURAL,Northern Indiana Public Service Company,1975-12-01,,"CENTER STREET, WHEATFIELD/ NIPSCO- Wheatfield",46392.0,rural
180730004,NIPSCO Schahfer,41.221437,-87.027765,201.4,Indiana,Jasper,Not in a City,INDUSTRIAL,RURAL,Northern Indiana Public Service Company,1975-11-01,,"SCHAHFER GENERATING STATION, WHEATFIELD- NIPSCO Schahfer",46392.0,rural
180810002,"Indian Creek Elementary School in Trafalgar, DUE SOUTH OF INDIANAPOLIS",39.417155,-86.152406,197.454,Indiana,Johnson,Trafalgar,AGRICULTURAL,RURAL,Indianapolis Office of Environmental Services,1997-04-01,,"200 W. PEARL ST., TRAFALGAR",46181.0,rural
180810003,Franklin- Active Adult Center,39.484072,-86.053179,192.792,Indiana,Johnson,Franklin,RESIDENTIAL,SUBURBAN,Indiana Depart Of Environ Management/Office Of Air Quality,2018-10-05,,Franklin- Active Adult Center.  160 E. Adams St.,46131.0,urban-periphery
180830004,SW Purdue Ag. Farm,38.740882,-87.484733,137.0,Indiana,Knox,Not in a City,AGRICULTURAL,RURAL,Indiana Depart Of Environ Management/Office Of Air Quality,1984-05-01,,SW PURDUE AG FARM - US 41   4369 N. Purdue Rd.,47516.0,rural
180839991,Vincennes,38.7408,-87.4853,134.0,Indiana,Knox,Not in a City,AGRICULTURAL,RURAL,USEPA - Clean Air and Power Division,1987-06-18,,"Southwest Purdue Agricultural Center, Vincennes, IN 47591",47591.0,rural
180855502,Lincoln Elementary,41.23898,-85.832058,0.0,Indiana,Kosciusko,Warsaw,COMMERCIAL,URBAN AND CENTER CITY,US EPA/OAQPS,2009-08-07,,203 N Lincoln St,46580.0,urban-centre
180890006,East Chicago- Franklin School/ Washington School (Ben. Franklin),41.635952,-87.442017,153.596,Indiana,Lake,East Chicago,RESIDENTIAL,SUBURBAN,Indiana Depart Of Environ Management/Office Of Air Quality,1968-01-01,,2400 Cardinal Dr.- Washington School (formerly Benjamin Franklin Elem School),46312.0,urban-periphery
180890015,East Chicago- Post Office,41.629073,-87.461554,178.0,Indiana,Lake,East Chicago,COMMERCIAL,URBAN AND CENTER CITY,Indiana Depart Of Environ Management/Office Of Air Quality,1984-03-01,,901 EAST CHICAGO AVE/ EAST CHICAGO POST OFFICE,46312.0,urban-centre
180890022,Gary-IITRI/ 1219.5 meters east of Tennessee St.- old ammuntion bunker,41.606662,-87.304943,122.163,Indiana,Lake,Gary,INDUSTRIAL,URBAN AND CENTER CITY,Indiana Depart Of Environ Management/Office Of Air Quality,1993-03-26,,"201 MISSISSIPPI ST., IITRI BUNKER",46403.0,urban-centre
180890023,SITE MOVED FROM EAST CHICAGO FIELD SCHOOL,41.65274,-87.439551,0.0,Indiana,Lake,East Chicago,INDUSTRIAL,URBAN AND CENTER CITY,Indiana Depart Of Environ Management/Office Of Air Quality,1997-01-01,,WATER FILTRATION PLANT- 3330 Aldis St.,46312.0,urban-centre
180890026,Gary- Burr St./ pumping station near truck stop,41.573282,-87.406579,153.197,Indiana,Lake,Gary,INDUSTRIAL,URBAN AND CENTER CITY,Indiana Depart Of Environ Management/Office Of Air Quality,2000-02-12,,25TH AND BURR STREET- Truck Stop,46406.0,urban-centre
180890027,READY ELDON ELEMENTARY ON THE ROOF,41.546593,-87.426481,186.0,Indiana,Lake,Griffith,INDUSTRIAL,SUBURBAN,Indiana Depart Of Environ Management/Office Of Air Quality,2000-02-18,,"READY ELDON SCHOOL, 1345 N. BROAD ST.",46319.0,urban-periphery
180890028,SITE LOCATED ON THE SOUTH SIDE OF THE SCHOOLS WEST WING,41.636702,-87.515043,177.0,Indiana,Lake,Hammond,RESIDENTIAL,URBAN AND CENTER CITY,Indiana Depart Of Environ Management/Office Of Air Quality,2000-07-01,,LINCOLN ELEMENTARY SCHOOL,,urban-centre
180890030,Whiting- Whiting HS,41.681497,-87.493836,156.569,Indiana,Lake,Whiting,RESIDENTIAL,URBAN AND CENTER CITY,Indiana Depart Of Environ Management/Office Of Air Quality,2004-03-30,,1751 OLIVER ST/ WHITING HIGH SCHOOL,46394.0,urban-centre
180890031,Gary- Madison St./ Gary Water/ IN American Water Co.,41.598473,-87.342947,149.867,Indiana,Lake,Gary,COMMERCIAL,URBAN AND CENTER CITY,Indiana Depart Of Environ Management/Office Of Air Quality,2005-06-01,,650 Madison St./ Gary water/ IN American Water Company,46402.0,urban-centre
180890032,Gary- 4th Ave./ Railcats,41.603582,-87.332658,159.0,Indiana,Lake,Gary,COMMERCIAL,URBAN AND CENTER CITY,Indiana Depart Of Environ Management/Office Of Air Quality,2010-01-08,,1 Stadium Plaza- Gary- 4th Ave.- Railcats,46402.0,urban-centre
180890033,Abraham Linc. Elem. School,41.64906,-87.447282,153.293,Indiana,Lake,East Chicago,COMMERCIAL,URBAN AND CENTER CITY,Indiana Depart Of Environ Management/Office Of Air Quality,2010-01-08,,2001 E. 135th St.- East Chicago- Abraham Lincoln Elementary School,46312.0,urban-centre
180890034,East Chicago-Marina,41.653501,-87.435561,147.542,Indiana,Lake,East Chicago,COMMERCIAL,URBAN AND CENTER CITY,Indiana Depart Of Environ Management/Office Of Air Quality,2012-10-25,,East Chicago- Marina/ 3301 Aldis St.,46312.0,urban-centre
180890035,Whiting- Center St.,41.681393,-87.490233,185.108,Indiana,Lake,Whiting,RESIDENTIAL,URBAN AND CENTER CITY,Indiana Depart Of Environ Management/Office Of Air Quality,2016-01-01,,"Whiting-Center St.  1500 Center St. Whiting, IN School City of Whiting (HS Admin. Bldg)",46394.0,urban-centre
180890036,Hammond- 167th St,41.594427,-87.495044,185.72,Indiana,Lake,Hammond,INDUSTRIAL,SUBURBAN,Indiana Depart Of Environ Management/Office Of Air Quality,2018-01-01,,Hammond- 167th St./ NIPSCO Maintenance Facility,46320.0,urban-periphery
180890037,Hammond- E. Lakeview St.,41.674278,-87.494981,145.7,Indiana,Lake,Hammond,INDUSTRIAL,SUBURBAN,Indiana Depart Of Environ Management/Office Of Air Quality,2018-07-31,,1350 E. Lakeview St./ Hammond- E. Lakeview St.,46394.0,urban-periphery
180892004,Hammond- Purdue/ Powers Bldg. Purdue University,41.586386,-87.475543,161.195,Indiana,Lake,Hammond,RESIDENTIAL,URBAN AND CENTER CITY,Indiana Depart Of Environ Management/Office Of Air Quality,1970-10-01,,PURDUE UNIV CALUMET-POWERS BUILDING 2200 169th St.,46323.0,urban-centre
180892008,HAMMOND CAAP- Hammond- 141st St.,41.639306,-87.493609,151.8,Indiana,Lake,Hammond,COMMERCIAL,SUBURBAN,Indiana Depart Of Environ Management/Office Of Air Quality,1974-07-01,,1300 141 ST STREET,46327.0,urban-periphery
180892010,Hammond- Clark HS/ Robertsdale Clark HS,41.678349,-87.508345,189.0,Indiana,Lake,Hammond,INDUSTRIAL,URBAN AND CENTER CITY,Indiana Depart Of Environ Management/Office Of Air Quality,1978-01-01,,"1921 DAVIS ST., ROBERTSDALE, CLARK H.S.",46394.0,urban-centre
180895503,Abraham Lincoln Elementary School,41.649211,-87.447464,0.0,Indiana,Lake,East Chicago,COMMERCIAL,URBAN AND CENTER CITY,US EPA/OAQPS,2009-08-11,,2001 E. 135th St.,46312.0,urban-centre
180895504,Jefferson Elementary School,41.5997,-87.34432,0.0,Indiana,Lake,Gary,COMMERCIAL,URBAN AND CENTER CITY,US EPA/OAQPS,2009-07-17,,601 Jackson St,46402.0,urban-centre
180896000,East Chicago High School,41.641361,-87.487528,171.0,Indiana,Lake,East Chicago,RESIDENTIAL,SUBURBAN,Indiana Depart Of Environ Management/Office Of Air Quality,2002-03-01,,EAST CHICAGO HIGH SCHOOL COLUMBUS DR.,,urban-periphery
180910005,Michigan City- W. Michigan Blvd./  NIPSCO Gas Station,41.717762,-86.907786,190.5,Indiana,LaPorte,Michigan City,INDUSTRIAL,URBAN AND CENTER CITY,Northern Indiana Public Service Company,1976-04-01,,490 W. Michigan Blvd. Michigan City- W. Michigan Blvd.,46360.0,urban-centre
180910010,LAPORTE OZONE SITE AT WATER TREATMENT PLANT,41.629259,-86.68502,214.2,Indiana,LaPorte,La Porte,INDUSTRIAL,URBAN AND CENTER CITY,Indiana Depart Of Environ Management/Office Of Air Quality,1997-05-07,,2011 E. LINCOLNWAY  LaPorte- E. Lincolnway,46350.0,urban-centre
180910011,MARSH ELEMENTARY ON THE ROOF,41.707212,-86.891216,188.0,Indiana,LaPorte,Michigan City,COMMERCIAL,SUBURBAN,Indiana Depart Of Environ Management/Office Of Air Quality,1999-12-17,,"Michigan City- MARSH ELEM. SCH, 400 E. HOMER ST.",46360.0,urban-periphery
180950009,180950009,40.111975,-85.679952,259.0,Indiana,Madison,Anderson,COMMERCIAL,URBAN AND CENTER CITY,Indiana Depart Of Environ Management/Office Of Air Quality,1979-05-01,,44 W. 5TH STREET- Anderson FS,46016.0,urban-centre
180950010,SCHOOL LOCATED ON THE SW CORNER OF US 36 AND IND 109,40.002511,-85.656391,274.0,Indiana,Madison,Not in a City,AGRICULTURAL,RURAL,Indiana Depart Of Environ Management/Office Of Air Quality,1993-04-05,,"Emporia  EAST ELEM. SCH., 893 E. US 36, PENDLETON",46064.0,rural
180950011,Anderson- Eastside Elem. School,40.125703,-85.652184,236.54,Indiana,Madison,Anderson,RESIDENTIAL,SUBURBAN,Indiana Depart Of Environ Management/Office Of Air Quality,2010-07-12,,844 N. Scatterfield - Anderson Eastside Elementary,46012.0,urban-periphery
180970043,Indpls- West St.,39.744993,-86.166464,206.0,Indiana,Marion,Indianapolis (Remainder),INDUSTRIAL,URBAN AND CENTER CITY,Indiana Depart Of Environ Management/Office Of Air Quality,1976-08-01,,1735 SOUTH WEST STREET,46225.0,urban-centre
180970050,Indpls.- Ft. Harrison,39.858889,-86.021389,238.0,Indiana,Marion,Lawrence,RESIDENTIAL,SUBURBAN,Indiana Depart Of Environ Management/Office Of Air Quality,1979-12-01,,5753 Glenn Rd.- FORT HARRISON STATE PARK,46216.0,urban-periphery
180970057,Indpls- Harding St.,39.749027,-86.186269,213.0,Indiana,Marion,Indianapolis (Remainder),RESIDENTIAL,URBAN AND CENTER CITY,Indianapolis Office of Environmental Services,1982-01-01,,1321 SOUTH HARDING,46221.0,urban-centre
180970063,Indpls.- Rockville Rd.,39.760869,-86.297195,237.0,Indiana,Marion,Indianapolis (Remainder),INDUSTRIAL,RURAL,Indianapolis Office of Environmental Services,1984-01-01,,7601 ROCKVILLE ROAD,46231.0,rural
180970071,Indpls.- Drover St.,39.747975,-86.175799,208.0,Indiana,Marion,Indianapolis,INDUSTRIAL,URBAN AND CENTER CITY,Indiana Depart Of Environ Management/Office Of Air Quality,1984-11-01,,"1415 DROVER, NATIONAL PRINTING PLATE",,urban-centre
180970072,Indpls.- Illinois St.,39.768056,-86.16,216.0,Indiana,Marion,Indianapolis,COMMERCIAL,URBAN AND CENTER CITY,Indianapolis Office of Environmental Services,1990-02-01,,50 NORTH ILLINOIS STREET,46204.0,urban-centre
180970073,Indpls.- E. 16th St.,39.789483,-86.060833,250.5,Indiana,Marion,Indianapolis (Remainder),RESIDENTIAL,URBAN AND CENTER CITY,Indiana Depart Of Environ Management/Office Of Air Quality,1990-04-02,,"NAVAL AVIONICS CENTER, 6125 E. 16TH ST.",46219.0,urban-centre
180970076,180970076,39.758925,-86.289694,238.0,Indiana,Marion,Indianapolis (Remainder),RESIDENTIAL,RURAL,Indianapolis Office of Environmental Services,1991-05-06,,230 SOUTH GIRLS SCHOOL ROAD,46231.0,rural
180970078,Indpls- Washington Park/  in parking lot next to police station,39.810833,-86.114444,230.0,Indiana,Marion,Indianapolis (Remainder),RESIDENTIAL,SUBURBAN,Indiana Depart Of Environ Management/Office Of Air Quality,1999-03-07,,"3120 E. 30TH ST., WASHINGTON PARK",46218.0,urban-periphery
180970081,Indpls- W. 18th St./ Ernie Pyle School 90,39.788903,-86.214628,222.0,Indiana,Marion,Indianapolis (Remainder),RESIDENTIAL,SUBURBAN,Indiana Depart Of Environ Management/Office Of Air Quality,1999-01-22,,"3351 W. 18TH ST., SCHOOL 90",46222.0,urban-periphery
180970083,Indpls- E. Michigan St./ Thomas Gregg Sch. 15,39.774979,-86.12202,231.0,Indiana,Marion,Indianapolis (Remainder),RESIDENTIAL,SUBURBAN,Indianapolis Office of Environmental Services,1998-11-19,,"2302 E. MICHIGAN ST., SCHOOL 15",46201.0,urban-periphery
180970085,Stout Field 2,39.740383,-86.22595,188.0,Indiana,Marion,Indianapolis (Remainder),MILITARY RESERVATION,URBAN AND CENTER CITY,Indiana Depart Of Environ Management/Office Of Air Quality,2006-10-01,,2002 S. HOLT RD/ STOUT FIELD 2,46241.0,urban-centre
180970086,Indpls.- Southport/ United Water Services,39.664563,-86.234888,171.0,Indiana,Marion,Indianapolis (Remainder),COMMERCIAL,SUBURBAN,Indiana Depart Of Environ Management/Office Of Air Quality,2011-07-01,,Indianapolis-Southport/   United Water Services 3800 W. Southport Rd.,46217.0,urban-periphery
180970087,Indpls.- I 70,39.787933,-86.13088,194.6,Indiana,Marion,Indianapolis (Remainder),RESIDENTIAL,URBAN AND CENTER CITY,Indiana Depart Of Environ Management/Office Of Air Quality,2014-01-01,,1650 Ludlow Ave.- Indianapolis- I 70,46201.0,urban-centre
181050003,Bloomington- Binford Elementary School,39.159383,-86.504762,254.6,Indiana,Monroe,Bloomington,RESIDENTIAL,SUBURBAN,Indiana Depart Of Environ Management/Office Of Air Quality,2009-04-01,,2300 E. 2nd St. / Bloomington- Binford Elementary School,47401.0,urban-periphery
181070004,Nucor Steel,39.98826,-86.83096,261.0,Indiana,Montgomery,Not in a City,INDUSTRIAL,RURAL,Nucor Steel,2014-08-01,,Nucor Steel Plant- NE property line CR 350 S,47933.0,rural
181090005,Monrovia- Monrovia HS.,39.575634,-86.477893,236.0,Indiana,Morgan,Monrovia,AGRICULTURAL,RURAL,Indianapolis Office of Environmental Services,1997-04-01,,"135 S. CHESTNUT, MONROVIA HIGH SCHOOL",46158.0,rural
181091001,AES/IPL- Eagle Valley/Centerton,39.514179,-86.391795,160.0,Indiana,Morgan,Martinsville,RESIDENTIAL,SUBURBAN,Indianapolis Power And Light Company,1978-01-01,,AES/IPL- Eagle Valley/ CENTERTON GRADE SCHOOL- 6075 High St.,46151.0,urban-periphery
181230006,TELL CITY WAUPACA FOUNDRY DOWNWIND SITE,37.99424,-86.763445,168.0,Indiana,Perry,Tell City,INDUSTRIAL,RURAL,WAUPACA Foundry,1997-02-01,,OLD BRUSHY FORK RD.,47586.0,rural
181230007,WAUPACA FOUNDRY UPWIND SITE,37.983883,-86.77219,140.0,Indiana,Perry,Tell City,INDUSTRIAL,RURAL,WAUPACA Foundry,1997-02-01,,"WAUPACA FOUNDRY, INC. PLANT 5, SR 66",47586.0,rural
181230009,Leopold- Perry Central HS,38.115152,-86.60325,201.0,Indiana,Perry,Not in a City,AGRICULTURAL,RURAL,Indiana Depart Of Environ Management/Office Of Air Quality,2004-03-26,,19856 OLD ST RD 37/PERRY CENTRAL HS/ LEOPOLD,47586.0,rural
181250005,"IPL- Ratts station (Hoosier Energy,past owner)/ Arda Lane",38.518935,-87.248598,114.23,Indiana,Pike,Not in a City,AGRICULTURAL,RURAL,Indianapolis Power And Light Company,1995-11-20,,1587 EAST ARDA LANE/ IPL-Ratts Station/ Arda Lane,47567.0,rural
181270011,NIPSCO Dunes Acres,41.634104,-87.101452,188.2,Indiana,Porter,Dune Acres,INDUSTRIAL,RURAL,"Cleveland-Cliffs, Inc.",1976-06-01,,DUNE ACRES SUBSTATION- NIPSCO Dunes Acres,46304.0,rural
181270023,Portage- Hwy 12,41.616618,-87.146959,156.0,Indiana,Porter,Portage,INDUSTRIAL,SUBURBAN,Indiana Depart Of Environ Management/Office Of Air Quality,1983-05-01,,HWY 12 WASTE LAGOON- Bethlehem Steel,46368.0,urban-periphery
181270024,Ogden Dunes- Water Treatment Plant,41.6175,-87.199167,183.0,Indiana,Porter,Ogden Dunes (Wickliffe),RESIDENTIAL,SUBURBAN,Indiana Depart Of Environ Management/Office Of Air Quality,1983-11-01,,84 DIANA RD/ WATER TREATMENT PLANT,46368.0,urban-periphery
181270026,VALPARAISO,41.512118,-87.036236,215.0,Indiana,Porter,Not in a City,COMMERCIAL,SUBURBAN,Indiana Depart Of Environ Management/Office Of Air Quality,1998-04-01,,1000 WESLEY ST./ VALPARAISO WATER DEPT.,46383.0,urban-periphery
181270027,Burns Harbor- Port of Indiana,41.635181,-87.150367,156.574,Indiana,Porter,Portage,INDUSTRIAL,URBAN AND CENTER CITY,Indiana Depart Of Environ Management/Office Of Air Quality,2011-08-01,,Portage- Burns Harbor /Port of Indiana 6600 US Highway 12/ E. Boundry Rd.,46368.0,urban-centre
181270028,ArcelorMittal-Burns Harbor Site 1,41.635404,-87.150567,183.0,Indiana,Porter,Portage,INDUSTRIAL,SUBURBAN,"Cleveland-Cliffs, Inc.",2017-01-01,,ArcelorMittal-Burns Harbor Site 1/ Port of Indiana 6600 US Highway 12/E. Boundary Rd.,46368.0,urban-periphery
181290003,ST. PHILLIPS- St. Phillips road CAAP trailer,38.00641,-87.718354,137.0,Indiana,Posey,Not in a City,RESIDENTIAL,RURAL,Indiana Depart Of Environ Management/Office Of Air Quality,1996-06-26,,"2027 S. ST. PHILLIPS RD., Evansville",47712.0,rural
181410010,Potato Creek State Park,41.551667,-86.370556,201.0,Indiana,St. Joseph,Not in a City,AGRICULTURAL,RURAL,Indiana Depart Of Environ Management/Office Of Air Quality,1991-04-24,,"25601 STATE RD. 4, North Liberty/ POTATO CREEK STATE PARK",46554.0,rural
181410014,NUNER ELEMENTARY ON THE ROOF S-E CORNER,41.66346,-86.207826,216.0,Indiana,St. Joseph,South Bend,COMMERCIAL,SUBURBAN,Indiana Depart Of Environ Management/Office Of Air Quality,1999-11-20,,"NUNER ELEM. SCH., 2716 PLEASANT ST.",46615.0,urban-periphery
181410015,South Bend-Shields Dr.,41.69666,-86.214722,181.0,Indiana,St. Joseph,South Bend,COMMERCIAL,URBAN AND CENTER CITY,Indiana Depart Of Environ Management/Office Of Air Quality,2006-06-01,,2335 SHIELDS DR/ SOUTH BEND CAAP 2,46635.0,urban-centre
181410016,Granger-Beckley St.,41.754722,-86.11,215.8,Indiana,St. Joseph,Granger,COMMERCIAL,SUBURBAN,Indiana Depart Of Environ Management/Office Of Air Quality,2012-03-01,,"Granger- Beckley St.  12441 Beckley. St., Granger",46530.0,urban-periphery
181411007,181411007,41.742598,-86.110521,245.0,Indiana,St. Joseph,Granger,COMMERCIAL,SUBURBAN,St Joseph County Health Department,1979-06-01,,12481 ANDERSON RD./ HARRIS TWP FIRE STATION,46530.0,urban-periphery
181450001,"TRITON Middle SCHOOL, NORTH OF FAIRLAND",39.613367,-85.870669,210.0,Indiana,Shelby,Not in a City,AGRICULTURAL,RURAL,Indianapolis Office of Environmental Services,2000-04-01,,"4740  W. 600 N, FAIRLAND",46126.0,rural
181470009,Dale- David Turnham School,38.167523,-86.983214,142.0,Indiana,Spencer,Dale,INDUSTRIAL,SUBURBAN,Indiana Depart Of Environ Management/Office Of Air Quality,2000-02-01,,"105 S. Dunn St.- DAVID TURNHAM Education Center, Dale- David Turnham School",47523.0,urban-periphery
181470011,Dale- N. Wallace St.,38.17013,-86.987233,109.12,Indiana,Spencer,Dale,COMMERCIAL,URBAN AND CENTER CITY,Indiana Depart Of Environ Management/Office Of Air Quality,2024-10-01,,Dale- N. Wallace St/  103 N. Wallace St.,47523.0,urban-centre
181530007,Dugger,39.044992,-87.258969,182.8,Indiana,Sullivan,Not in a City,FOREST,RURAL,Indiana Depart Of Environ Management/Office Of Air Quality,2017-04-01,,2551 Greene Sullivan State Forest.: IN-159/ Dugger,47848.0,rural
181570008,Lafayette- Greenbush St./ Cinergy Substation,40.431667,-86.8525,195.0,Indiana,Tippecanoe,Lafayette,INDUSTRIAL,SUBURBAN,Indiana Depart Of Environ Management/Office Of Air Quality,2002-10-01,,LAFAYETTE CINERGY SUBSTATION/ 3401 GREENBUSH ST.,47905.0,urban-periphery
181630006,Evansville Civic Center,37.971727,-87.567236,128.0,Indiana,Vanderburgh,Evansville,COMMERCIAL,URBAN AND CENTER CITY,Indiana Depart Of Environ Management/Office Of Air Quality,1970-01-01,,1 NW Martin Luther King Jr. Blvd.- Evansville CIVIC CENTER COURTS BLDG,47708.0,urban-centre
181630012,Evansville CAAP,38.021727,-87.569458,122.0,Indiana,Vanderburgh,Evansville,COMMERCIAL,URBAN AND CENTER CITY,Indiana Depart Of Environ Management/Office Of Air Quality,1979-12-01,,425 WEST MILL ROAD/ FIRE STATION #17,47710.0,urban-centre
181630013,Inglefield/ Scott School,38.113889,-87.536667,157.0,Indiana,Vanderburgh,Not in a City,RESIDENTIAL,RURAL,Indiana Depart Of Environ Management/Office Of Air Quality,1980-05-01,,14940 OLD STATE ROAD/ SCOTT ELEMENTARY,47725.0,rural
181630016,Evansville- U of E/  University of Evansville-Carson Center,37.974436,-87.532289,118.0,Indiana,Vanderburgh,Evansville,COMMERCIAL,URBAN AND CENTER CITY,Indiana Depart Of Environ Management/Office Of Air Quality,1999-06-05,,UNIVERSITY OF EVANSVILLE - CARSON CENTER 1800 Lincoln Ave.( North of East Walnut St.),47714.0,urban-centre
181630020,Evansville PO,37.975248,-87.56783,117.68,Indiana,Vanderburgh,Evansville,COMMERCIAL,URBAN AND CENTER CITY,Indiana Depart Of Environ Management/Office Of Air Quality,2009-03-10,,Evanville Post Office/ 800 Sycamore St.,47708.0,urban-centre
181630021,Evansville- Buena Vista,38.013333,-87.577222,116.0,Indiana,Vanderburgh,Evansville,COMMERCIAL,SUBURBAN,Indiana Depart Of Environ Management/Office Of Air Quality,2009-07-08,,Evansville-Buena Vista-1110 W. Buena Vista Rd.,47710.0,urban-periphery
181630022,Evansville- Lloyd,37.97768,-87.596836,89.7,Indiana,Vanderburgh,Evansville,COMMERCIAL,URBAN AND CENTER CITY,Indiana Depart Of Environ Management/Office Of Air Quality,2009-09-28,,10 S. 11th St/ Evansville- Lloyd,47712.0,urban-centre
181630023,Evansville- E. Walnut,37.974465,-87.55802,93.239,Indiana,Vanderburgh,Evansville,COMMERCIAL,URBAN AND CENTER CITY,Indiana Depart Of Environ Management/Office Of Air Quality,2013-01-01,,Evansville- E. Walnut   500 E. Walnut St. Rescue Mission,47713.0,urban-centre
181630024,Evansville Oak Hill,37.988682,-87.531381,118.872,Indiana,Vanderburgh,Evansville,RESIDENTIAL,SUBURBAN,Indiana Depart Of Environ Management/Office Of Air Quality,2025-03-01,,1400 E. Virgina St/ Evansville Oak Hill,47711.0,urban-periphery
181631002,181631002,37.902561,-87.671406,119.0,Indiana,Vanderburgh,Not in a City,AGRICULTURAL,RURAL,Vectren Corporation,1979-01-01,,ROTH ROAD,47712.0,rural
181650004,PSI/ Duke Energy- Cayuga Network/ Cayuga Tower,39.923645,-87.435566,223.0,Indiana,Vermillion,Not in a City,INDUSTRIAL,RURAL,Duke Energy,1980-01-01,,"WEST OF CAY, PLANT- PSI/ Duke Energy- Cayuga Network/ Cayuga Tower",47928.0,rural
181670018,TERRE HAUTE CAAP/ McLean High School,39.485987,-87.401312,140.0,Indiana,Vigo,Terre Haute,RESIDENTIAL,URBAN AND CENTER CITY,Indiana Depart Of Environ Management/Office Of Air Quality,1983-07-01,,Terre Haute- Lafayette Ave.   961 N. LAFAYETTE AVE.,47804.0,urban-centre
181670019,181670019,39.467259,-87.414742,152.0,Indiana,Vigo,Terre Haute,COMMERCIAL,URBAN AND CENTER CITY,Vigo County Division Of Air Pollution Control,1988-10-01,,"COURTHOUSE ANNEX, 201 CHERRY ST.",,urban-centre
181670023,SITE LOCATED ON SCHOOL ON NW CORNER OF BROWN AND COLLEGE,39.456238,-87.370553,148.0,Indiana,Vigo,Terre Haute,RESIDENTIAL,URBAN AND CENTER CITY,Indiana Depart Of Environ Management/Office Of Air Quality,1999-12-06,,"DEVANEY SCHOOL, 1011 S. BROWN AVE.",47803.0,urban-centre
181670024,Sandcut/  SITE LOCATED BY HOME BEHIND SHED.,39.558525,-87.312883,173.0,Indiana,Vigo,Not in a City,RESIDENTIAL,RURAL,Indiana Depart Of Environ Management/Office Of Air Quality,2001-04-01,,7597 N. STEVENSON RD/ SANDCUT,47805.0,rural
181670025,Terre Haute-Fort Harrison Rd.,39.507688,-87.37444,135.7,Indiana,Vigo,Terre Haute,COMMERCIAL,URBAN AND CENTER CITY,Indiana Depart Of Environ Management/Office Of Air Quality,2014-01-01,,2900 Fort Harrison Rd. INDOT Maintenance Facility/ Terre Haute-Fort Harrison Rd,47804.0,urban-centre
181671009,PSI/ Duke Energy- Wabash River Network/ Wabash Tower,39.528371,-87.428342,238.0,Indiana,Vigo,Not in a City,INDUSTRIAL,RURAL,Duke Energy,1980-01-01,,ON HILL WEST OF PLANT- PSI/ Duke Energy- Wabash River Network/ Wabash Tower,47885.0,rural
181671014,PSI/ Duke Energy- Wabash River Network/ Haythorne,39.514761,-87.407787,149.0,Indiana,Vigo,Terre Haute,COMMERCIAL,RURAL,Duke Energy,1982-01-01,, 0.6 MI N OF FT HARRISON RD- PSI/ Duke Energy- Wabash River Network/ Haythorne,47805.0,rural
181699991,Salamonie Reservoir,40.816038,-85.661408,250.0,Indiana,Wabash,Not in a City,AGRICULTURAL,RURAL,USEPA - Clean Air and Power Division,1988-05-03,,"Hamilton Rd, Lagro, IN 46941",46941.0,rural
181730002,ALCOA P2,37.937561,-87.314173,138.0,Indiana,Warrick,Not in a City,INDUSTRIAL,RURAL,Aluminum Company Of America,1977-04-01,,200 YARDS S. OF S650 & 1/4 M E. OF W400- ALCOA P2,47630.0,rural
181730004,ALCOA S1,37.932983,-87.332267,120.0,Indiana,Warrick,Not in a City,INDUSTRIAL,RURAL,Aluminum Company Of America,2015-07-01,,North of SR 66 and ALCOA Smelting Plant- ALCOA S1,47630.0,rural
181730005,ALCOA S2,37.932183,-87.322267,129.0,Indiana,Warrick,Not in a City,INDUSTRIAL,RURAL,Aluminum Company Of America,2015-07-01,,Northeast corner of SR 66 and SR 61- ALCOA S2,47630.0,rural
181730008,Boonville-  Boonville HS,38.051667,-87.278056,94.2,Indiana,Warrick,Boonville,RESIDENTIAL,SUBURBAN,Indiana Depart Of Environ Management/Office Of Air Quality,1991-04-16,,300 N. 1ST ST./ BOONVILLE HIGH SCHOOL,47601.0,urban-periphery
181730009,Lynnville- Tecumseh HS,38.194501,-87.341396,133.0,Indiana,Warrick,Not in a City,AGRICULTURAL,RURAL,Indiana Depart Of Environ Management/Office Of Air Quality,1991-05-02,,5244 STATE RD 68/ TECUMSEH HIGH SCHOOL,47619.0,rural
181730011,Dayville,37.954444,-87.321667,94.0,Indiana,Warrick,Not in a City,AGRICULTURAL,RURAL,Indiana Depart Of Environ Management/Office Of Air Quality,2005-04-20,,"DAYVILLE- 3488 EBLE RD, Newburgh",47630.0,rural
181730012,ALCOA S3,37.91801,-87.317583,120.0,Indiana,Warrick,Not in a City,INDUSTRIAL,RURAL,Aluminum Company Of America,2015-07-01,,Southeast corner of Culley access road and Darlington Road - ALCOA S3,47630.0,rural
181759000,181759000,38.534652,-86.260372,282.0,Indiana,Washington,Not in a City,FOREST,RURAL,National Park Service,2001-03-08,,Livonia,47108.0,rural
181770006,RPL- Richmond/ Kitchen Site,39.812256,-84.889927,306.0,Indiana,Wayne,Richmond,INDUSTRIAL,SUBURBAN,Richmond Power And Light,1976-01-01,,SCHOOL KITCHEN 1321 SOUTH 9TH STREET/ RPL- Richmond/ Kitchen Site,47374.0,urban-periphery
181770011,RPL- Substation,39.806357,-84.945866,306.0,Indiana,Wayne,Not in a City,RESIDENTIAL,RURAL,Richmond Power And Light,1994-02-01,,"RPL- SUBSTATION / TEST RD. & SALISBURY RD.- 1678 Salisbury Rd. S. Richmond, IN",47374.0,rural
181830001,UPWIND SDI,41.122988,-85.342146,0.0,Indiana,Whitley,Not in a City,AGRICULTURAL,RURAL,Enviro Plan,2001-10-22,,SDI WEST SITE UPWIND,46725.0,rural
181830002,181830002,41.124817,-85.356633,0.0,Indiana,Whitley,Not in a City,AGRICULTURAL,RURAL,Enviro Plan,2001-10-28,,SDI EAST SITE DOWNWIND 2,46725.0,rural
181830003,Larwill- Whitko Career Academy,41.169646,-85.629292,261.0,Indiana,Whitley,Not in a City,AGRICULTURAL,RURAL,Indiana Depart Of Environ Management/Office Of Air Quality,2010-04-07,,Larwill-  710 N. State Rd. 5,46764.0,rural
190130009,Water Tower,42.501543,-92.316017,270.0,Iowa,Black Hawk,Waterloo,INDUSTRIAL,URBAN AND CENTER CITY,University Hygenic Laboratory (University of Iowa),2009-01-01,,Vine St. & Steely,50703.0,urban-centre
190170011,WAVERLY AIRPORT SITE,42.743036,-92.513241,0.0,Iowa,Bremer,Waverly,AGRICULTURAL,RURAL,University Hygenic Laboratory (University of Iowa),2000-03-31,,WAVERLY AIRPORT,,rural
190450019,"CLINTON, CHANCY PARK",41.823283,-90.211982,189.0,Iowa,Clinton,Clinton,INDUSTRIAL,URBAN AND CENTER CITY,University Hygenic Laboratory (University of Iowa),1987-06-01,,23RD & CAMANCHE,52732.0,urban-centre
190450021,"CLINTON, RAINBOW PARK",41.874999,-90.177574,0.0,Iowa,Clinton,Clinton,RESIDENTIAL,SUBURBAN,University Hygenic Laboratory (University of Iowa),1998-12-10,,ROOSEVELT ST.,52732.0,urban-periphery
190850007,190850007,41.832256,-95.928185,325.0,Iowa,Harrison,Not in a City,RESIDENTIAL,URBAN AND CENTER CITY,University Hygenic Laboratory (University of Iowa),2009-04-01,,"206 Polk St, Pisgah, IA",51564.0,urban-centre
191032001,"IOWA CITY, HOOVER SCH.",41.657232,-91.503478,225.0,Iowa,Johnson,Iowa City,RESIDENTIAL,URBAN AND CENTER CITY,University Hygenic Laboratory (University of Iowa),1999-01-27,,2200 EAST COURT,52245.0,urban-centre
191110009,Cardinal Stritch School,40.420401,-91.403382,203.0,Iowa,Lee,Not in a City,RESIDENTIAL,SUBURBAN,University Hygenic Laboratory (University of Iowa),2010-08-01,,"Cardinal Stritch Jr/Sr High School, 2981 Plank Road, Keokuk IA 52632",52632.0,urban-periphery
191130033,COGGON ELEMENTARY SCHOOL BLDG. NORTHERN LIMITS OF LINN COUNTY,42.281013,-91.526879,282.0,Iowa,Linn,Coggon,RESIDENTIAL,URBAN AND CENTER CITY,Linn County Health Department,1997-04-01,,"408 E. LINN ST. COGGON, IOWA",52218.0,urban-centre
191130040,Public Health,41.97677,-91.68766,224.0,Iowa,Linn,Cedar Rapids,RESIDENTIAL,URBAN AND CENTER CITY,Linn County Health Department,2008-01-12,,500 11TH ST NW,52405.0,urban-centre
191130042,MCKINLEY STEAM,41.98088,-91.65391,228.0,Iowa,Linn,Cedar Rapids,RESIDENTIAL,URBAN AND CENTER CITY,Linn County Health Department,2025-10-01,,530 Cobban Ct SE,52403.0,urban-centre
191370002,VIKING LAKE STATE PARK,40.969112,-95.044951,426.0,Iowa,Montgomery,Not in a City,AGRICULTURAL,RURAL,University Hygenic Laboratory (University of Iowa),2002-01-01,,2780 VIKING LAKE ROAD,51573.0,rural
191390015,MUSCATINE HS - East Campus School Roof,41.400968,-91.067957,171.0,Iowa,Muscatine,Muscatine,INDUSTRIAL,SUBURBAN,University Hygenic Laboratory (University of Iowa),1978-01-01,,1409 WISCONSIN,52761.0,urban-periphery
191390016,"MUSCATINE, GREENWOOD CEMETARY",41.419429,-91.070975,219.0,Iowa,Muscatine,Muscatine,RESIDENTIAL,URBAN AND CENTER CITY,University Hygenic Laboratory (University of Iowa),1982-01-01,,FLETCHER ST. & KIMBLE ST.,52761.0,urban-centre
191390019,Muscatine HS - East Campus School Trailer,41.401459,-91.068449,169.0,Iowa,Muscatine,Muscatine,INDUSTRIAL,SUBURBAN,University Hygenic Laboratory (University of Iowa),2012-01-01,,"1409 Wisconsin St, Muscatine IA",52761.0,urban-periphery
191390020,"MUSCATINE, MUSSER PARK",41.4069,-91.0616,544.0,Iowa,Muscatine,Muscatine,INDUSTRIAL,SUBURBAN,University Hygenic Laboratory (University of Iowa),1989-12-11,,OREGON ST. & EARL AVE.,52761.0,urban-periphery
191471002,"EMMETSBURG, IOWA LAKES COMMUNITY COLL.",43.123704,-94.693518,379.0,Iowa,Palo Alto,Emmetsburg,RESIDENTIAL,SUBURBAN,University Hygenic Laboratory (University of Iowa),1997-09-16,,IOWA LAKES COMMUNITY COLLEGE,50536.0,urban-periphery
191530030,CARPENTER,41.603159,-93.643118,0.0,Iowa,Polk,Des Moines,COMMERCIAL,URBAN AND CENTER CITY,Polk County Physical Planning,2000-10-01,,"1907 CARPENTER, DES MOINES IOWA",50314.0,urban-centre
191531427,"EAST HIGH SCHOOL, DES MOINES IA, FRM, SEQ. SAMPLER, SPM, ROOF",41.599751,-93.599504,850.0,Iowa,Polk,Des Moines,RESIDENTIAL,URBAN AND CENTER CITY,Polk County Physical Planning,2025-10-01,,1427 E UNIVERSITY AVE,50316.0,urban-centre
191531579,"Sheldahl, Southern Crossroads",41.849433,-93.697617,0.0,Iowa,Polk,Polk City,AGRICULTURAL,RURAL,Polk County Physical Planning,2017-01-01,,15795 NW 58th Street,50226.0,rural
191532510,"INDIAN HILLS JR HIGH, CLIVE IA, FRM R&P SEQ. SAMPLER (1),ROOF",41.603517,-93.7479,850.0,Iowa,Polk,Clive,RESIDENTIAL,SUBURBAN,Polk County Physical Planning,1999-02-01,,"9401 INDIAN HILLS DRIVE, CLIVE 50325",50325.0,urban-periphery
191535885,"PUBLIC WORKS, DES MOINES IA, FRM, SEQ. SAMPLER, SPM, ROOF",41.667032,-93.599221,850.0,Iowa,Polk,Des Moines,COMMERCIAL,SUBURBAN,Polk County Physical Planning,2023-01-01,,5885 NE 14TH ST,50313.0,urban-periphery
191550009,"COUNCIL BLUFFS, FRANKLIN SCH.",41.264171,-95.896124,301.0,Iowa,Pottawattamie,Council Bluffs,RESIDENTIAL,SUBURBAN,University Hygenic Laboratory (University of Iowa),1999-07-01,,3130 C AVE. COUNCIL BLUFFS,51501.0,urban-periphery
191550011,191550011,41.25425,-95.887249,298.0,Iowa,Pottawattamie,Council Bluffs,COMMERCIAL,SUBURBAN,University Hygenic Laboratory (University of Iowa),2009-11-01,,"8th Avenue and 27th Street Council Bluffs, IA",51501.0,urban-periphery
191630014,SCOTT COUNTY PARK,41.699174,-90.521944,229.0,Iowa,Scott,Davenport,AGRICULTURAL,RURAL,University Hygenic Laboratory (University of Iowa),1999-05-11,,SCOTT COUNTY PARK,52748.0,rural
191630015,"DAVENPORT, JEFFERSON SCH.",41.530011,-90.587611,213.0,Iowa,Scott,Davenport,RESIDENTIAL,URBAN AND CENTER CITY,University Hygenic Laboratory (University of Iowa),1982-03-01,,10TH ST. & VINE ST. DAVENPORT,52804.0,urban-centre
191630017,"BUFFALO, LW MINING",41.467236,-90.688451,196.0,Iowa,Scott,Buffalo,INDUSTRIAL,RURAL,University Hygenic Laboratory (University of Iowa),1989-04-17,,11100 110TH AVE. DAVENPORT,52804.0,rural
191630020,Hayes School,41.512077,-90.624044,177.0,Iowa,Scott,Davenport,RESIDENTIAL,URBAN AND CENTER CITY,University Hygenic Laboratory (University of Iowa),2010-01-01,,"622 South Concord Street, Davenport IA 52802-2014",52802.0,urban-centre
191695501,Roland-Story High School,42.18832,-93.58883,0.0,Iowa,Story,Story City,COMMERCIAL,URBAN AND CENTER CITY,US EPA/OAQPS,2009-06-23,,1009 Story St,50248.0,urban-centre
191770006,LAKE SUGEMA STATE PARK II,40.695078,-92.006318,207.0,Iowa,Van Buren,Not in a City,FOREST,RURAL,University Hygenic Laboratory (University of Iowa),2002-01-01,,24430 LACEY TRAIL,52542.0,rural
191779000,191779000,40.6932,-92.0059,229.0,Iowa,Van Buren,Not in a City,FOREST,RURAL,National Park Service,2004-01-01,,LAKE SUGEMA IMPROVE SITE,52542.0,rural
191870013,Day Park,42.504804,-94.177399,340.0,Iowa,Webster,Fort Dodge,RESIDENTIAL,URBAN AND CENTER CITY,University Hygenic Laboratory (University of Iowa),2025-07-01,,107 South 15th St,50501.0,urban-centre
191930021,Irving Elementry School,42.499844,-96.394755,358.0,Iowa,Woodbury,Sioux City,RESIDENTIAL,URBAN AND CENTER CITY,University Hygenic Laboratory (University of Iowa),2016-01-01,,"901 Floyd Blvd, Sioux City, IA 51105",51105.0,urban-centre
191930022,Sioux City Stone State Park,42.55472,-96.46288,417.0,Iowa,Woodbury,Sioux City,FOREST,RURAL,University Hygenic Laboratory (University of Iowa),2023-12-17,,5001 Talbot Rd,51103.0,rural
191970007,BELMOND-CAFO II,42.886,-93.6758,373.0,Iowa,Wright,Belmond,AGRICULTURAL,RURAL,University Hygenic Laboratory (University of Iowa),2004-06-22,,1141 PAGE AVE. BELMOND,,rural
200131227,200131227,39.97911,-95.568157,279.156,Kansas,Brown,Reserve,AGRICULTURAL,RURAL,Sac and Fox Nation of Missouri in KS & NE,2005-05-02,,401 N Arch,66434.0,rural
200139000,200139000,39.979123,-95.568475,293.0,Kansas,Brown,Reserve,FOREST,RURAL,National Park Service,2002-01-01,,Sac and Fox,66434.0,rural
200139991,Kickapoo Tribe of Indians of the Kickapoo Reservation in Kansas,39.8539,-95.6578,367.0,Kansas,Brown,Not in a City,AGRICULTURAL,RURAL,USEPA - Clean Air and Power Division,2014-02-18,,1107 Goldfinch Road,66434.0,rural
200170001,Tallgrass,38.434141,-96.5605,390.0,Kansas,Chase,Not in a City,FOREST,RURAL,National Park Service,2002-01-01,,Tallgrass,66869.0,rural
200459991,Haskell Indian Nations University,38.9349,-95.2309,257.0,Kansas,Douglas,Lawrence,FOREST,RURAL,USEPA - Clean Air and Power Division,2024-11-12,,155 Indian Ave,66046.0,rural
200570002,200570002,37.775303,-100.03544,803.148,Kansas,Ford,Dodge City,COMMERCIAL,SUBURBAN,Kansas Department Of Health And Environment,2008-02-01,,Dodge City Community College,67801.0,urban-periphery
200852015,200852015,39.303123,-95.805447,363.0,Kansas,Jackson,Mayetta,AGRICULTURAL,RURAL,"Prairie Band of Potawatomi Nation,KS",2011-11-21,,9835 142 RD,66418.0,rural
200910007,JUSTICE CENTER,38.974457,-94.687013,323.0,Kansas,Johnson,Overland Park,COMMERCIAL,URBAN AND CENTER CITY,Kansas Department Of Health And Environment,1991-01-06,,85TH AND ANTIOCH,66212.0,urban-centre
200910009,BLACKBOB ELEM. SCHOOL,38.863063,-94.769127,320.0,Kansas,Johnson,Olathe,RESIDENTIAL,SUBURBAN,Kansas Department Of Health And Environment,1999-01-12,,"14701 BROUGHAM DR.,BLACK BOB ELEMENTARY",,urban-periphery
200910010,HERITAGE PARK,38.838575,-94.746424,324.2,Kansas,Johnson,Not in a City,COMMERCIAL,SUBURBAN,Kansas Department Of Health And Environment,2003-04-14,,13899 W 159TH,66062.0,urban-periphery
201030003,Leavenworth,39.327391,-94.95102,292.0,Kansas,Leavenworth,Leavenworth,RESIDENTIAL,URBAN AND CENTER CITY,Kansas Department Of Health And Environment,2004-01-01,,2010 METROPOLITAN,66048.0,urban-centre
201070002,MINE CREEK,38.135882,-94.731988,259.0,Kansas,Linn,Not in a City,AGRICULTURAL,RURAL,Kansas Department Of Health And Environment,1998-05-04,,COUNTY RD 1103 .7 MI SOUTH OF K-52,66075.0,rural
201210001,POINT=CENTER OF MASS OF MANMADE MATERIALS AT SITE,38.728898,-94.911074,329.0,Kansas,Miami,Not in a city,AGRICULTURAL,RURAL,Kansas Department Of Health And Environment,1996-07-01,,21994 MOONLIGHT RD. / RWD #7,,rural
201250006,COFFEYVILLE,37.047022,-95.613588,226.0,Kansas,Montgomery,Coffeyville,RESIDENTIAL,URBAN AND CENTER CITY,Kansas Department Of Health And Environment,1995-07-31,,UNION & E. NORTH /NE CORNER INTERSECTION,,urban-centre
201250007,201250007,37.063007,-95.639076,274.0,Kansas,Montgomery,Coffeyville,RESIDENTIAL,URBAN AND CENTER CITY,Kansas Department Of Health And Environment,2005-04-19,,1801 VALLEY VIEW,,urban-centre
201330002,CHANUTE,37.676308,-95.474659,308.0,Kansas,Neosho,Chanute,RESIDENTIAL,SUBURBAN,Kansas Department Of Health And Environment,1988-04-01,,1500 WEST SEVENTH,66720.0,urban-periphery
201330003,CHANUTE,37.67696,-95.47594,308.0,Kansas,Neosho,Not in a City,RESIDENTIAL,SUBURBAN,Kansas Department Of Health And Environment,2014-01-02,,1500 WEST SEVENTH,66720.0,urban-periphery
201690004,Salina lead,38.776473,-97.606494,380.0,Kansas,Saline,Not in a City,COMMERCIAL,URBAN AND CENTER CITY,Kansas Department Of Health And Environment,2010-02-01,,304 E Ave B,67401.0,urban-centre
201730001,PARK CITY,37.781401,-97.337543,405.0,Kansas,Sedgwick,Not in a City,AGRICULTURAL,RURAL,Kansas Department Of Health And Environment,1971-01-01,,"CO.FIRE STATION#2 ,200 EAST 53RD ST.NORT",,rural
201730008,WASH & SKINNER,37.659334,-97.297714,393.0,Kansas,Sedgwick,Wichita,COMMERCIAL,SUBURBAN,Kansas Department Of Health And Environment,1972-01-01,,"FIRE STA#11, G.WASHINGTONBLVD & E.SKINNE",67218.0,urban-periphery
201730009,PAWNEE & GLENN,37.651114,-97.362212,393.0,Kansas,Sedgwick,Wichita,RESIDENTIAL,SUBURBAN,Kansas Department Of Health And Environment,1972-09-01,,FIRE STA#12  GLEN & PAWNEE,67217.0,urban-periphery
201730010,WICHITA HD,37.702066,-97.314847,396.0,Kansas,Sedgwick,Wichita,RESIDENTIAL,URBAN AND CENTER CITY,Kansas Department Of Health And Environment,1973-01-01,,"HEALTH DEPT., 1900 EAST 9TH ST.",67214.0,urban-centre
201730018,Sedgwick Ozone,37.897506,-97.492083,400.0,Kansas,Sedgwick,Not in a City,AGRICULTURAL,RURAL,Kansas Department Of Health And Environment,2008-08-25,,12831 W. 117N,67135.0,rural
201731012,HYDRAULIC,37.747085,-97.316912,402.0,Kansas,Sedgwick,Wichita,INDUSTRIAL,SUBURBAN,Kansas Department Of Health And Environment,1980-12-01,,K-96 AND HYDRAULIC,67219.0,urban-periphery
201731014,DOUGLAS & MAIN,37.686403,-97.338379,396.0,Kansas,Sedgwick,Wichita,COMMERCIAL,URBAN AND CENTER CITY,Kansas Department Of Health And Environment,1986-01-01,,ONE MAIN PLACE AT MAIN AND DOUGLAS,,urban-centre
201735501,Colvin Elementary,37.641522,-97.288406,0.0,Kansas,Sedgwick,Wichita,COMMERCIAL,URBAN AND CENTER CITY,US EPA/OAQPS,2009-08-14,,2820 S Roosevelt St,67210.0,urban-centre
201770010,ROBINSON MIDDLE SCHOOL,39.04,-95.691927,290.0,Kansas,Shawnee,Topeka,RESIDENTIAL,URBAN AND CENTER CITY,Kansas Department Of Health And Environment,1999-01-18,,1125 W. 14TH/ROBINSON MIDDLE SCHOOL,,urban-centre
201770011,MCCLURE ELEM. SCHOOL,39.02139,-95.748594,297.0,Kansas,Shawnee,Topeka,RESIDENTIAL,SUBURBAN,Kansas Department Of Health And Environment,1999-01-27,,2529 SW CHELSEA DR./MCCLURE ELEM SCHOOL,,urban-periphery
201770013,KNI,39.024265,-95.711275,280.0,Kansas,Shawnee,Topeka,RESIDENTIAL,URBAN AND CENTER CITY,Kansas Department Of Health And Environment,2006-10-30,,2501 RANDOLPH AVENUE,66614.0,urban-centre
201810001,GOODLAND,39.348452,-101.713405,1125.0,Kansas,Sherman,Goodland,COMMERCIAL,URBAN AND CENTER CITY,Kansas Department Of Health And Environment,1969-01-01,,"CITY FIRE STA , 1010 CENTER",67735.0,urban-centre
201810003,201810003,39.342801,-101.702996,1125.0,Kansas,Sherman,Goodland,RESIDENTIAL,URBAN AND CENTER CITY,Kansas Department Of Health And Environment,2017-03-23,,16th & Arcade Ave.,67735.0,urban-centre
201910002,PECK,37.47689,-97.366399,383.0,Kansas,Sumner,Not in a City,RESIDENTIAL,RURAL,Kansas Department Of Health And Environment,1999-06-18,,"707 E 119TH ST SOUTH,PECK COMMUNITY BLDG",67120.0,rural
201950001,CEDAR BLUFF,38.770081,-99.763424,670.0,Kansas,Trego,Not in a City,AGRICULTURAL,RURAL,Kansas Department Of Health And Environment,2000-04-12,,"CEDAR BLUFF RESERVOIR,PRONGHORN & MULEY",67656.0,rural
202090015,420 KANSAS,39.087949,-94.621453,226.0,Kansas,Wyandotte,Kansas City,INDUSTRIAL,URBAN AND CENTER CITY,Kansas Department Of Health And Environment,1976-01-01,,"FIRE STA#3 ,420 KANSAS AVE",66105.0,urban-centre
202090018,202090018,39.142504,-94.705237,224.0,Kansas,Wyandotte,Kansas City,RESIDENTIAL,SUBURBAN,Kansas Department Of Health And Environment,1982-01-01,,5429 LEAVENWORTH R0AD,,urban-periphery
202090021,JFK,39.117219,-94.635605,259.0,Kansas,Wyandotte,Kansas City,RESIDENTIAL,URBAN AND CENTER CITY,Kansas Department Of Health And Environment,1999-03-30,,"1210 N. 10TH ST.,JFK RECREATION CENTER",66102.0,urban-centre
202090022,MIDLAND TRAIL ELEM SCH,39.046314,-94.694816,305.0,Kansas,Wyandotte,Kansas City,RESIDENTIAL,SUBURBAN,Kansas Department Of Health And Environment,1999-04-30,,"3101 S. 51ST, MIDLAND TRAIL ELEM. SCHOOL",66106.0,urban-periphery
210130002,MIDDLESBORO,36.60843,-83.73694,346.0,Kentucky,Bell,Middlesborough (corporate name for Middlesboro),RESIDENTIAL,SUBURBAN,Kentucky Division For Air Quality,1992-02-14,,1420 DORCHESTER AVENUE,40965.0,urban-periphery
210150008,Nature Center,38.967443,-84.721363,273.0,Kentucky,Boone,Not in a City,RESIDENTIAL,SUBURBAN,Kentucky Division For Air Quality,2022-04-13,,9101 Camp Ernst Rd,41091.0,urban-periphery
210190002,21ST & GREENUP,38.47676,-82.63137,167.0,Kentucky,Boyd,Ashland,INDUSTRIAL,URBAN AND CENTER CITY,Kentucky Division For Air Quality,1968-01-01,,122 22ND STREET,41101.0,urban-centre
210190017,ASHLAND PRIMARY (FIVCO),38.45934,-82.64041,200.0,Kentucky,Boyd,Ashland,RESIDENTIAL,SUBURBAN,Kentucky Division For Air Quality,1998-10-22,,"FIVCO HEALTH DEPARTMENT, 2924 HOLT STREET",41101.0,urban-periphery
210195501,Charles Russell Elementary School ,38.45008,-82.62294,0.0,Kentucky,Boyd,Ashland,COMMERCIAL,URBAN AND CENTER CITY,US EPA/OAQPS,2009-07-21,,1100 Russell St,41101.0,urban-centre
210195502,Crabbe School,38.47564,-82.63933,0.0,Kentucky,Boyd,Ashland,COMMERCIAL,URBAN AND CENTER CITY,US EPA/OAQPS,2009-07-09,,520 17th St,41101.0,urban-centre
210195503,Hatcher School,38.4773,-82.65599,0.0,Kentucky,Boyd,Ashland,COMMERCIAL,URBAN AND CENTER CITY,US EPA/OAQPS,2009-07-19,,1820 Hickman St,41101.0,urban-centre
210199006,210199006,38.369804,-82.600714,252.0,Kentucky,Boyd,Catlettsburg,AGRICULTURAL,RURAL,Ashland Oil,1981-09-01,,"ROUTE 23, VINEY BRANCH",,rural
210218001,210218001,37.677295,-84.973014,279.0,Kentucky,Boyle,Not in a city,AGRICULTURAL,RURAL,US EPA National Exposure Research Lab,1987-08-01,,PERRYVILLE BATTLEFIELD,,rural
210290006,SHEPHERDSVILLE,37.98629,-85.71192,135.0,Kentucky,Bullitt,Shepherdsville,RESIDENTIAL,URBAN AND CENTER CITY,Kentucky Division For Air Quality,1992-01-30,,SECOND & CARPENTER STREETS,40165.0,urban-centre
210373002,NORTHERN KENTUCKY UNIVERSITY (NKU),39.021881,-84.47445,251.0,Kentucky,Campbell,Highland Heights,AGRICULTURAL,RURAL,Kentucky Division For Air Quality,2007-07-01,,524A JOHN'S HILL ROAD,41076.0,rural
210430500,GRAYSON LAKE,38.23887,-82.9881,211.0,Kentucky,Carter,Not in a City,RESIDENTIAL,RURAL,Kentucky Division For Air Quality,1983-01-01,,"CAMP ROBERT WEBB, 1486 CAMP WEBB ROAD",41143.0,rural
210470006,HOPKINSVILLE,36.91171,-87.323337,215.0,Kentucky,Christian,Not in a City,AGRICULTURAL,RURAL,Kentucky Division For Air Quality,1993-01-01,,"WILLIAMSON RESIDENCE, 10800 PILOT ROCK ROAD",42240.0,rural
210590014,SITE IS ON A PLATFORM ON GROUNDS OF KENTUCKY WESLEYAN COLLEGE,37.741159,-87.118053,122.0,Kentucky,Daviess,Owensboro,RESIDENTIAL,URBAN AND CENTER CITY,Kentucky Division For Air Quality,1998-06-15,,"KY WESLEYAN COLLEGE, 3000 FREDERICA ST",,urban-centre
210590015,Meadow Lands (Owensboro),37.771671,-87.055819,123.0,Kentucky,Daviess,Not in a City,RESIDENTIAL,SUBURBAN,Kentucky Division For Air Quality,2024-11-21,,3500 Hayden Rd,42303.0,urban-periphery
210610501,Mammoth Cave NP,37.13179,-86.142953,230.0,Kentucky,Edmonson,Not in a City,FOREST,RURAL,National Park Service,1991-09-04,,MAMMOTH CAVE NP - ALFRED COOK ROAD,42259.0,rural
210619000,210619000,37.131874,-86.147869,235.0,Kentucky,Edmonson,Not in a City,FOREST,RURAL,National Park Service,1991-09-04,,Mammoth Cave NP,42160.0,rural
210670012,LEXINGTON PRIMARY,38.06503,-84.49761,302.0,Kentucky,Fayette,Lexington-Fayette (corporate name for Lexington),RESIDENTIAL,SUBURBAN,Kentucky Division For Air Quality,1979-01-01,,"FAYETTE COUNTY HEALTH DEPT, 650 NEWTOWN PIKE",40508.0,urban-periphery
210730006,SITE IS LOCATED ON ROOF OF RAGLAND BLDG,38.219433,-84.83845,205.0,Kentucky,Franklin,Frankfort,RESIDENTIAL,SUBURBAN,Kentucky Division For Air Quality,1998-06-15,,803 SCHENKEL LANE,,urban-periphery
210890007,WORTHINGTON,38.548136,-82.731163,165.0,Kentucky,Greenup,Worthington,RESIDENTIAL,SUBURBAN,Kentucky Division For Air Quality,1981-04-03,,SCOTT STREET & CENTER AVENUE,41183.0,urban-periphery
210910012,LEWISPORT,37.93829,-86.89719,122.0,Kentucky,Hancock,Lewisport,RESIDENTIAL,RURAL,Kentucky Division For Air Quality,1980-01-01,,2ND STREET & CAROLINE STREET,42351.0,rural
210930006,ELIZABETHTOWN,37.705612,-85.852629,250.0,Kentucky,Hardin,Elizabethtown,RESIDENTIAL,SUBURBAN,Kentucky Division For Air Quality,1999-12-15,,"AMERICAN LEGION PARK, 801 NORTH MILES STREET",42701.0,urban-periphery
210930007,Freeman Lake,37.714513,-85.878227,222.504,Kentucky,Hardin,Not in a City,COMMERCIAL,URBAN AND CENTER CITY,Kentucky Division For Air Quality,2025-03-01,,140 Freeman Lake Park Road,42701.0,urban-centre
211011011,Sebree SO2 DRR Site,37.654381,-87.511427,141.0,Kentucky,Henderson,Not in a City,INDUSTRIAL,RURAL,Kentucky Division For Air Quality,2016-11-01,,"Alcan Aluminum Road, 1.0 Miles South of Moss & Moss Road, Robards, KY  42452",42452.0,rural
211110027,Bates,38.13784,-85.57648,180.0,Kentucky,Jefferson,Louisville,RESIDENTIAL,SUBURBAN,"Louisville, KY Metro Air Pollution Control District",1973-01-01,,"7601 BARDSTOWN RD, BATES ELEMENTARY SCH",40291.0,urban-periphery
211110043,Southwick,38.23319,-85.81566,112.0,Kentucky,Jefferson,Louisville,RESIDENTIAL,SUBURBAN,"Louisville, KY Metro Air Pollution Control District",1983-07-01,,37TH & SOUTHERN AVENUE,40211.0,urban-periphery
211110048,211110048,38.24024,-85.73195,112.0,Kentucky,Jefferson,Louisville,RESIDENTIAL,URBAN AND CENTER CITY,"Louisville, KY Metro Air Pollution Control District",1989-11-01,,850 BARRET AVENUE,40204.0,urban-centre
211110051,Watson Lane,38.06091,-85.89804,112.0,Kentucky,Jefferson,Louisville,RESIDENTIAL,SUBURBAN,"Louisville, KY Metro Air Pollution Control District",1992-07-16,,"7201 WATSON LN, WATSON LN ELEMENTARY SCH",40272.0,urban-periphery
211110054,LOUISVILLE AIR TOXICS STUDY,38.227014,-85.823297,138.0,Kentucky,Jefferson,Louisville,INDUSTRIAL,SUBURBAN,"Louisville, KY Metro Air Pollution Control District",2000-01-01,,4211 CAMPGROUND ROAD,,urban-periphery
211110055,LOUISVILLE AIR TOXICS MONITORING SITE,38.205363,-85.852598,138.0,Kentucky,Jefferson,Louisville,INDUSTRIAL,SUBURBAN,"Louisville, KY Metro Air Pollution Control District",2000-01-01,,"4912 Campground Road, Lake Dreamland Fire Department",40216.0,urban-periphery
211110056,LOUISVILLE AIR TOXICS MONITORING SITE,38.242293,-85.777685,138.0,Kentucky,Jefferson,Louisville,INDUSTRIAL,SUBURBAN,"Louisville, KY Metro Air Pollution Control District",2000-01-01,,"1008 S 15TH ST, ST STEPHEN BAPTIST CH",,urban-periphery
211110057,LOUISVILLE AIR TOXICS MONITORING SITE,38.219237,-85.583016,140.0,Kentucky,Jefferson,Louisville,RESIDENTIAL,SUBURBAN,"Louisville, KY Metro Air Pollution Control District",2000-01-01,,"9001 SHELBYVILLE RD, UOFL SHELBY CAMPUS",,urban-periphery
211110058,FARNSLEY M.S. TOXICS MONITORING,38.184782,-85.858904,138.0,Kentucky,Jefferson,Louisville,RESIDENTIAL,SUBURBAN,"Louisville, KY Metro Air Pollution Control District",2000-01-01,,3400 LEES LANES,,urban-periphery
211110059,NEW LAKE DREAMLAND F.D. TOXICS MONITOR,38.19295,-85.845514,138.0,Kentucky,Jefferson,Louisville,COMMERCIAL,SUBURBAN,"Louisville, KY Metro Air Pollution Control District",2000-01-01,,4603 CANE RUN RD,,urban-periphery
211110060,CHICKASAW PARK,38.24662,-85.832324,140.0,Kentucky,Jefferson,Louisville,RESIDENTIAL,SUBURBAN,"Louisville, KY Metro Air Pollution Control District",2000-01-01,,942 S. 42ND ST,40211.0,urban-periphery
211110061,M.L. KING ELE. SCH. TOXICS MONITOR,38.25787,-85.823594,140.0,Kentucky,Jefferson,Louisville,RESIDENTIAL,SUBURBAN,"Louisville, KY Metro Air Pollution Control District",2000-01-01,,4325 VERMONT AVE,,urban-periphery
211110062,CANE RUN ELE. SCH. TOXICS MONITOR,38.20945,-85.821514,138.0,Kentucky,Jefferson,Louisville,RESIDENTIAL,SUBURBAN,"Louisville, KY Metro Air Pollution Control District",2000-01-01,,3951 CANE RUN RD,,urban-periphery
211110067,CANNONS LANE,38.22876,-85.65452,127.0,Kentucky,Jefferson,Louisville,RESIDENTIAL,SUBURBAN,"Louisville, KY Metro Air Pollution Control District",2008-07-01,,"2730 CANNONS LANE, BOWMAN FIELD",40205.0,urban-periphery
211110075,Durrett Lane (Near Road),38.1936,-85.7119,127.0,Kentucky,Jefferson,Louisville,RESIDENTIAL,URBAN AND CENTER CITY,"Louisville, KY Metro Air Pollution Control District",2014-01-01,,1517 Durrett Lane,40213.0,urban-centre
211110080,Carrithers Middle School,38.182435,-85.574361,217.3,Kentucky,Jefferson,Jeffersontown,RESIDENTIAL,SUBURBAN,"Louisville, KY Metro Air Pollution Control District",2018-01-09,,4320 Billtown Road,40299.0,urban-periphery
211111021,211111021,38.26355,-85.71025,162.0,Kentucky,Jefferson,Louisville,RESIDENTIAL,SUBURBAN,"Louisville, KY Metro Air Pollution Control District",1973-08-31,,"1918 MELLWOOD AVENUE, WLKY-TV",40206.0,urban-periphery
211111041,Algonquin Parkway,38.23158,-85.82678,137.0,Kentucky,Jefferson,Louisville,INDUSTRIAL,SUBURBAN,"Louisville, KY Metro Air Pollution Control District",1978-04-01,,4201 ALGONQUIN PKWY,40211.0,urban-periphery
211130001,NICHOLASVILLE,37.89147,-84.58825,283.0,Kentucky,Jessamine,Nicholasville,COMMERCIAL,SUBURBAN,Kentucky Division For Air Quality,1991-05-23,,"KYTC MAINTENANCE GARAGE,  260 WILSON DRIVE",40356.0,urban-periphery
211250004,SITE IS LOCATED ON WEST SIDE OF THE MAIN RUNWAY NEAR CAP DRIVE,37.087311,-84.063264,365.0,Kentucky,Laurel,London,COMMERCIAL,SUBURBAN,Kentucky Division For Air Quality,2001-10-31,,LONDON AIRPORT,,urban-periphery
211390003,SMITHLAND,37.155392,-88.394024,110.0,Kentucky,Livingston,Not in a City,AGRICULTURAL,RURAL,Kentucky Division For Air Quality,1981-01-01,,"LIVINGSTON CO ROAD DEPT, 706 STATE DRIVE",42028.0,rural
211451004,PADUCAH MIDDLE SCHOOL,37.06636,-88.63774,116.0,Kentucky,McCracken,Paducah,RESIDENTIAL,URBAN AND CENTER CITY,Kentucky Division For Air Quality,1969-01-01,,342 LONE OAK ROAD,42001.0,urban-centre
211451027,Paducah Transit,37.08727,-88.60801,346.0,Kentucky,McCracken,Paducah,COMMERCIAL,URBAN AND CENTER CITY,Kentucky Division For Air Quality,2023-01-10,,920 Harrison Street,42001.0,urban-centre
211510005,EASTERN KENTUCKY UNIVERSITY (EKU),37.736349,-84.291774,290.0,Kentucky,Madison,Richmond,RESIDENTIAL,URBAN AND CENTER CITY,Kentucky Division For Air Quality,2012-03-10,,VAN HOOSE DRIVE,40475.0,urban-centre
211570014,TVA SUBSTATION,37.0452,-88.33087,110.0,Kentucky,Marshall,Calvert City (RR name Calvert),INDUSTRIAL,SUBURBAN,Kentucky Division For Air Quality,2005-01-01,,PLANT CUTOFF ROAD & INDUSTRIAL PARKWAY,42029.0,urban-periphery
211570016,ATMOS ENERGY,37.04176,-88.35407,110.0,Kentucky,Marshall,Calvert City (RR name Calvert),INDUSTRIAL,SUBURBAN,Kentucky Division For Air Quality,2005-01-01,,KY-95 & ALABAMA STREET,42029.0,urban-periphery
211570018,Calvert City Elementary,37.026757,-88.343757,113.0,Kentucky,Marshall,Calvert City (RR name Calvert),RESIDENTIAL,SUBURBAN,Kentucky Division For Air Quality,2005-04-21,,563 EAST 5TH AVENUE,42029.0,urban-periphery
211570019,LAZY DAZ,37.03718,-88.33411,104.0,Kentucky,Marshall,Not in a City,RESIDENTIAL,SUBURBAN,Kentucky Division For Air Quality,2005-04-21,,4237 GILBERTSVILLE HWY,42029.0,urban-periphery
211570020,Johnson-Riley Road,37.041202,-88.351879,105.0,Kentucky,Marshall,Calvert City (RR name Calvert),INDUSTRIAL,SUBURBAN,Kentucky Division For Air Quality,2020-10-24,,239 Johnson Riley Road,,urban-periphery
211570021,LWD,37.047914,-88.338323,105.0,Kentucky,Marshall,Calvert City (RR name Calvert),INDUSTRIAL,SUBURBAN,Kentucky Division For Air Quality,2020-10-24,,Plant Cut-Off Road,,urban-periphery
211630002,LOUISVILLE AIR TOXICS MONITORING SITE,37.94771,-86.042966,140.0,Kentucky,Meade,Not in a city,RESIDENTIAL,RURAL,"Louisville, KY Metro Air Pollution Control District",2000-01-01,,850 OTTER CREEK PARK ROAD,,rural
211759991,Crockett,37.9214,-83.0662,455.0,Kentucky,Morgan,Not in a City,FOREST,RURAL,USEPA - Clean Air and Power Division,1993-08-24,,"State Highway 437, West Liberty, KY 41472",41472.0,rural
211771004,"TVA PSD SITE IN MUHLENBERG COUNTY, GREENVILLE, KY",37.227265,-87.158329,129.0,Kentucky,Muhlenberg,Greenville,AGRICULTURAL,RURAL,Tennessee Valley Authority,2001-05-01,,"AIRPORT ROAD, GREENVILLE, KY",,rural
211830032,ECHOLS,37.319769,-86.956091,143.0,Kentucky,Ohio,Not in a City,AGRICULTURAL,RURAL,Kentucky Division For Air Quality,2005-02-01,,KEYTOWN ROAD,42320.0,rural
211850004,BUCKNER,38.4002,-85.44428,240.0,Kentucky,Oldham,Buckner,RESIDENTIAL,RURAL,Kentucky Division For Air Quality,1981-05-01,,"KYTC MAINTENANCE FACILITY, 1601 SOUTH HWY 393",40031.0,rural
211930003,HAZARD,37.28329,-83.20932,280.0,Kentucky,Perry,Hazard,RESIDENTIAL,SUBURBAN,Kentucky Division For Air Quality,1999-08-25,,"PERRY COUNTY HORSE PARK, 354 PERRY PARK ROAD",41701.0,urban-periphery
211950002,PIKEVILLE PRIMARY,37.4826,-82.53532,207.0,Kentucky,Pike,Pikeville,COMMERCIAL,URBAN AND CENTER CITY,Kentucky Division For Air Quality,1993-12-08,,"KYTC DISTRICT OFFICE,  109 LORAINE STREET",41501.0,urban-centre
211990003,SOMERSET,37.09798,-84.61152,306.0,Kentucky,Pulaski,Somerset,COMMERCIAL,SUBURBAN,Kentucky Division For Air Quality,1992-02-14,,"SOMERSET GAS CO WAREHOUSE, 305 CLIFTY STREET",42501.0,urban-periphery
212130004,FRANKLIN,36.708607,-86.566284,221.0,Kentucky,Simpson,Franklin,COMMERCIAL,RURAL,Kentucky Division For Air Quality,1991-05-21,,"KYTC MAINTENANCE FACILITY, 573 HARDING ROAD",42134.0,rural
212210013,212210013,36.901441,-88.013634,120.0,Kentucky,Trigg,Not in a city,FOREST,RURAL,Tennessee Valley Authority,1993-01-01,,"MULBERRY FLAT ROAD, LAND BETWEEN LAKES",,rural
212218001,"OLD DOVER HIGHWAY CADIZ,KY",36.783939,-87.851963,0.0,Kentucky,Trigg,Not in a city,RESIDENTIAL,RURAL,US EPA National Exposure Research Lab,1994-04-01,,"OLD DOVER HIGHWAY CADIZ, KY",,rural
212219000,212219000,36.78428,-87.850122,192.0,Kentucky,Trigg,Not in a City,FOREST,RURAL,National Park Service,2001-03-08,,Cadiz,42211.0,rural
212270007,"SITE IS LOCATED ON PLATFORM AT REAR OF TENNIS COURTS, KEREIAKES PARK",36.993375,-86.418323,183.0,Kentucky,Warren,Bowling Green,RESIDENTIAL,URBAN AND CENTER CITY,Kentucky Division For Air Quality,1998-06-15,,"KEREIAKES PARK, FAIRVIEW & COLLETT LN",,urban-centre
212270009,ED SPEAR PARK (SMITHS GROVE),37.04926,-86.21487,194.0,Kentucky,Warren,Smiths Grove,RESIDENTIAL,SUBURBAN,Kentucky Division For Air Quality,2012-05-01,,226 SUNSET STREET,42171.0,urban-periphery
212299991,Mackville,37.7046,-85.0485,353.0,Kentucky,Washington,Not in a City,AGRICULTURAL,RURAL,USEPA - Clean Air and Power Division,1990-07-30,,"542 Wesley-Miller Rd, Harrodsburg, KY 40330",40040.0,rural
220050004,Dutchtown,30.229653,-90.965628,4.0,Louisiana,Ascension,Not in a City,AGRICULTURAL,RURAL,State Of Louisiana,1992-10-01,,11153 Kling Road,70734.0,rural
220150008,Shreveport / Airport,32.536273,-93.74894,53.0,Louisiana,Bossier,Shreveport,COMMERCIAL,URBAN AND CENTER CITY,State Of Louisiana,1980-10-01,,1425 Airport Drive,71107.0,urban-centre
220170001,Dixie,32.68336,-93.861582,65.0,Louisiana,Caddo,Not in a City,AGRICULTURAL,RURAL,State Of Louisiana,1981-01-14,,HAGOOD ROAD,71107.0,rural
220170008,Shreveport / Calumet,32.472659,-93.777984,53.0,Louisiana,Caddo,Shreveport,INDUSTRIAL,SUBURBAN,State Of Louisiana,2005-12-30,,2601 Desoto St.,71103.0,urban-periphery
220175501,Eden Gardens Fundamental Elementary School,32.43211,-93.74401,0.0,Louisiana,Caddo,Shreveport,COMMERCIAL,URBAN AND CENTER CITY,US EPA/OAQPS,2009-08-05,,626 Eden Blvd,71106.0,urban-centre
220190002,Carlyss,30.140265,-93.368448,2.0,Louisiana,Calcasieu,Carlyss,INDUSTRIAL,SUBURBAN,State Of Louisiana,1983-01-01,,HIGHWAY 27 AND HIGHWAY 108,,urban-periphery
220190008,Westlake,30.262347,-93.284906,0.0,Louisiana,Calcasieu,Westlake (RR name West Lake),INDUSTRIAL,RURAL,State Of Louisiana,1992-07-01,,2646 John Stine Road,70669.0,rural
220190009,Vinton,30.227798,-93.579965,0.0,Louisiana,Calcasieu,Vinton,AGRICULTURAL,RURAL,State Of Louisiana,1991-01-01,,2210-B Bellow Road,,rural
220190010,McNesse,30.17735,-93.214668,15.0,Louisiana,Calcasieu,Lake Charles,COMMERCIAL,SUBURBAN,State Of Louisiana,1997-02-20,,Common and East McNeese,,urban-periphery
220330003,LSU,30.419805,-91.182016,6.0,Louisiana,East Baton Rouge,Baton Rouge,RESIDENTIAL,URBAN AND CENTER CITY,State Of Louisiana,1972-01-01,,EAST END OF ASTER LANE,70802.0,urban-centre
220330008,220330008,30.700184,-91.100106,0.0,Louisiana,East Baton Rouge,Not in a city,AGRICULTURAL,RURAL,State Of Louisiana,1991-01-14,,"PrideE Port Hudson Road, Pride",,rural
220330009,Capitol,30.461981,-91.179219,14.0,Louisiana,East Baton Rouge,Baton Rouge,COMMERCIAL,URBAN AND CENTER CITY,State Of Louisiana,1992-08-01,,1061-A Leesville Ave,70802.0,urban-centre
220330013,Pride,30.700895,-91.056068,35.0,Louisiana,East Baton Rouge,Not in a City,AGRICULTURAL,RURAL,State Of Louisiana,1995-05-30,,"11245 Port Hudson-Pride Rd. Zachary, La",70791.0,rural
220330014,Baker LSP,30.593966,-91.251946,23.0,Louisiana,East Baton Rouge,Not in a City,INDUSTRIAL,RURAL,State Of Louisiana,2010-03-27,,1400 West Irene Rd,70791.0,rural
220331001,Baker,30.593978,-91.251943,23.0,Louisiana,East Baton Rouge,Not in a City,AGRICULTURAL,RURAL,State Of Louisiana,1980-10-01,,Highway 964,70807.0,rural
220430001,220430001,31.502477,-92.460439,66.0,Louisiana,Grant,Not in a city,AGRICULTURAL,RURAL,State Of Louisiana,1989-01-04,,HIGHWAY 8,,rural
220470005,Geismar,30.203984,-91.125925,8.0,Louisiana,Iberville,St. Gabriel,AGRICULTURAL,RURAL,State Of Louisiana,1976-01-01,,55445 Point Clair Road (275 yards SW of the end of Betty Martin Ext.),70721.0,rural
220470007,Grosse Tete,30.400194,-91.42511,6.0,Louisiana,Iberville,Not in a City,AGRICULTURAL,RURAL,State Of Louisiana,1991-01-11,,"HIGHWAY 77, GROSSE TETE",,rural
220470009,Bayou Plaquemine,30.221255,-91.315418,5.0,Louisiana,Iberville,Not in a City,AGRICULTURAL,RURAL,State Of Louisiana,1993-06-24,,65180 Belleview Road,70764.0,rural
220470012,Carville,30.204218,-91.126041,9.0,Louisiana,Iberville,St. Gabriel,AGRICULTURAL,RURAL,State Of Louisiana,2000-01-01,,5445 Point Clair Rd. Carville< LA 70721 (275 yard SW of the end of betty Martin Ext.),70721.0,rural
220511001,Kenner,30.041238,-90.272826,3.0,Louisiana,Jefferson,Kenner,RESIDENTIAL,SUBURBAN,State Of Louisiana,1982-04-26,,100 West Temple Pl,70065.0,urban-periphery
220512001,Marrero,29.900314,-90.109836,3.0,Louisiana,Jefferson,Marrero,INDUSTRIAL,URBAN AND CENTER CITY,State Of Louisiana,1984-01-01,,328 Marrero Road,70072.0,urban-centre
220518104,Destrehan,29.941483,-90.272717,3.0,Louisiana,Jefferson,Not in a city,COMMERCIAL,URBAN AND CENTER CITY,US EPA - Region 6,2005-09-30,,Destrehan,,urban-centre
220550006,Lafayette / State Police Troop,30.275033,-92.01732,0.0,Louisiana,Lafayette,Lafayette,COMMERCIAL,SUBURBAN,State Of Louisiana,2000-01-01,,121 East Point Des Mouton,,urban-periphery
220550007,Lafayette / USGS,30.22611,-92.042908,0.0,Louisiana,Lafayette,Lafayette,COMMERCIAL,SUBURBAN,State Of Louisiana,2005-12-12,,700 Cajundome Boulevard,70506.0,urban-periphery
220570004,Thibodaux,29.764098,-90.765275,5.0,Louisiana,Lafourche,Thibodaux,RESIDENTIAL,SUBURBAN,State Of Louisiana,2000-01-01,,194 Thorough-bred Park Drive,,urban-periphery
220630002,French Settlement,30.315406,-90.811383,0.0,Louisiana,Livingston,French Settlement,RESIDENTIAL,RURAL,State Of Louisiana,1991-01-08,,16627 Perrilloux Ln@ Hwy 16,70733.0,rural
220710012,New Orleans / City Park,29.993519,-90.10155,3.0,Louisiana,Orleans,New Orleans,RESIDENTIAL,URBAN AND CENTER CITY,State Of Louisiana,1981-01-01,,Corner of Florida Ave & Orleans Ave,70124.0,urban-centre
220710017,220710017,29.954093,-90.077016,3.0,Louisiana,Orleans,New Orleans,COMMERCIAL,URBAN AND CENTER CITY,State Of Louisiana,1981-04-01,,1430 TULANE AVENUE,,urban-centre
220710020,ALGIERS ENTERGY,29.924708,-89.981956,62.0,Louisiana,Orleans,New Orleans,RESIDENTIAL,SUBURBAN,State Of Louisiana,2006-05-19,,2456 ERNEST,,urban-periphery
220710021,I-610,29.996013,-90.11819,0.0,Louisiana,Orleans,New Orleans,MOBILE,URBAN AND CENTER CITY,State Of Louisiana,2014-03-19,,I610 at West End Blvd.,70124.0,urban-centre
220718103,Read Road Fire Station,30.027915,-89.968528,3.0,Louisiana,Orleans,New Orleans,COMMERCIAL,URBAN AND CENTER CITY,US EPA - Region 6,2005-10-15,,Read Road Fire Station,70127.0,urban-centre
220719000,Breton Island,30.108633,-89.761683,-7.0,Louisiana,Orleans,New Orleans,FOREST,RURAL,National Park Service,2008-01-25,,"25724 Chef Menteur Hwy, New Orleans, LA",70129.0,rural
220730004,Monroe / Airport,32.509959,-92.046196,25.0,Louisiana,Ouachita,Monroe,INDUSTRIAL,URBAN AND CENTER CITY,State Of Louisiana,1996-10-02,,5296 Southwest Rd.,71203.0,urban-centre
220759000,220759000,29.119168,-89.206659,11.0,Louisiana,Plaquemines,Not in a City,FOREST,RURAL,National Park Service,2000-01-01,,Breton,121.0,rural
220770001,New Roads,30.681718,-91.366247,10.0,Louisiana,Pointe Coupee,New Roads,AGRICULTURAL,RURAL,State Of Louisiana,1972-01-01,,Hwy 415,70783.0,rural
220790001,220790001,31.289627,-92.480971,28.0,Louisiana,Rapides,Alexandria,COMMERCIAL,SUBURBAN,State Of Louisiana,1969-01-01,,1200 TEXAS AVENUE,,urban-periphery
220790002,Alexandria,31.177824,-92.410746,3.0,Louisiana,Rapides,Alexandria,AGRICULTURAL,RURAL,State Of Louisiana,2003-05-27,,8105 Tom Bowman Drive,,rural
220870004,Meraux,29.939614,-89.923883,3.0,Louisiana,St. Bernard,Meraux,RESIDENTIAL,SUBURBAN,State Of Louisiana,1984-01-01,,4101 Mistrot Drive,70075.0,urban-periphery
220870007,Chalmette Vista,29.943164,-89.97625,62.0,Louisiana,St. Bernard,Chalmette,RESIDENTIAL,SUBURBAN,State Of Louisiana,2006-05-01,,24 E. CHALMETTE CIRCLE,70043.0,urban-periphery
220870009,Chalmette High School,29.936909,-89.955703,62.0,Louisiana,St. Bernard,Chalmette,RESIDENTIAL,SUBURBAN,State Of Louisiana,2006-06-17,,1100 E. JUDGE PEREZ DRIVE,,urban-periphery
220890003,Hahnville,29.984371,-90.410638,3.0,Louisiana,St. Charles,Hahnville,INDUSTRIAL,RURAL,State Of Louisiana,1991-03-01,,1 RIVER PARK DRIVE,,rural
220890005,LULLING,29.933261,-90.359524,3.0,Louisiana,St. Charles,Luling,RESIDENTIAL,SUBURBAN,State Of Louisiana,1993-09-10,,River Road at Sugar House Road,,urban-periphery
220890006,Norco,29.997696,-90.411095,1.0,Louisiana,St. Charles,Norco,INDUSTRIAL,RURAL,State Of Louisiana,2017-01-01,,"15536 River Rd; Norco,LA 70079",70079.0,rural
220930002,Convent,30.058209,-90.863857,20.0,Louisiana,St. James,Not in a City,INDUSTRIAL,RURAL,State Of Louisiana,1988-10-01,,8187-1 Hwy 18,70086.0,rural
220950002,Garyville,30.057515,-90.619286,9.0,Louisiana,St. John the Baptist,Garyville,INDUSTRIAL,RURAL,State Of Louisiana,1971-01-01,,152 Anthony F. Monica Street,70051.0,rural
220950003,LaPlace,30.040961,-90.466783,2.0,Louisiana,St. John the Baptist,Laplace (La Place),INDUSTRIAL,RURAL,State Of Louisiana,1992-01-25,,115 Garden Grove,70068.0,rural
220958001,Ochsner Hospital,30.07142,-90.515436,1.0,Louisiana,St. John the Baptist,Laplace (La Place),COMMERCIAL,URBAN AND CENTER CITY,US EPA - Region 6,2016-05-24,,"501 Rue de Sante, LaPlace",70068.0,urban-centre
220958002,Acorn Hwy 44,30.058785,-90.509599,1.0,Louisiana,St. John the Baptist,Laplace (La Place),INDUSTRIAL,RURAL,US EPA - Region 6,2016-05-24,,"Acorn and Hwy 44, LaPlace, LA 70068",70068.0,rural
220958003,Miss River Levee,30.051803,-90.522571,1.0,Louisiana,St. John the Baptist,Laplace (La Place),INDUSTRIAL,RURAL,US EPA - Region 6,2016-05-24,,561 Hwy 44,70084.0,rural
220958004,5th Ward Elem School,30.051938,-90.531859,1.0,Louisiana,St. John the Baptist,Laplace (La Place),COMMERCIAL,RURAL,US EPA - Region 6,2016-05-24,,"158 Panther Dr., LaPlace, LA 70084.",70084.0,rural
220958005,238 Chad Baker,30.05707,-90.533381,1.0,Louisiana,St. John the Baptist,Laplace (La Place),RESIDENTIAL,URBAN AND CENTER CITY,US EPA - Region 6,2016-05-24,,"238 Chad Baker, LaPlace, LA 70084",70084.0,urban-centre
220958006,East St. John HS,30.07783,-90.532944,1.0,Louisiana,St. John the Baptist,Laplace (La Place),COMMERCIAL,URBAN AND CENTER CITY,US EPA - Region 6,2016-05-24,,1 Wildcat Dr.,70068.0,urban-centre
220958007,220958007,30.07142,-90.515436,1.0,Louisiana,St. John the Baptist,Laplace (La Place),COMMERCIAL,URBAN AND CENTER CITY,US EPA - Region 6,2016-05-24,,"502 Rue de Sante, LaPlace, LA 70068",70068.0,urban-centre
220990001,St.Martinville,30.088872,-91.869595,1.0,Louisiana,St. Martin,St. Martinville,AGRICULTURAL,RURAL,State Of Louisiana,2015-10-05,,1178 W.J. Bernard Road (ULL Cade Research and Experimental Farm),70582.0,rural
221030002,Madisonville,30.429381,-90.199678,20.0,Louisiana,St. Tammany,Not in a City,RESIDENTIAL,SUBURBAN,State Of Louisiana,2008-04-15,,1421 Hwy 22 West,70447.0,urban-periphery
221050001,Hammond,30.503287,-90.377212,9.0,Louisiana,Tangipahoa,Hammond,AGRICULTURAL,RURAL,State Of Louisiana,1999-01-01,,21549 Old Covington Hwy,70403.0,rural
221090001,Houma,29.679301,-90.779731,0.0,Louisiana,Terrebonne,Gray (Beattieville),COMMERCIAL,RURAL,State Of Louisiana,2000-01-01,,4047 West Park Ave. at Hwy 24,70359.0,rural
221210001,Port Allen,30.500642,-91.213556,7.0,Louisiana,West Baton Rouge,Not in a City,COMMERCIAL,SUBURBAN,State Of Louisiana,1982-01-01,,"1005 Northwest Drive, Port Allen",70767.0,urban-periphery
221279000,221279000,32.057581,-92.435157,45.0,Louisiana,Winn,Not in a City,FOREST,RURAL,National Park Service,2001-01-01,,Sikes,71473.0,rural
230010005,L/A Airport,44.0457,-70.2902,79.0,Maine,Androscoggin,Auburn,INDUSTRIAL,SUBURBAN,"Maine D.E.P. Bureau Of Air Quality Control, Augusta",1978-10-18,,L/A AIRPORT - On Top of Salt Shed Near Flight Line Drive,4210.0,urban-periphery
230010011,COUNTRY KITCHEN BAKERY PARKING LOT,44.089406,-70.214219,49.38,Maine,Androscoggin,Lewiston,COMMERCIAL,URBAN AND CENTER CITY,"Maine D.E.P. Bureau Of Air Quality Control, Augusta",1981-07-13,,Lewiston Country Kitchen Bakery Lot & CANAL ST,4240.0,urban-centre
230010014,DURHAM FIRE STATION,43.974622,-70.124608,50.0,Maine,Androscoggin,Not in a City,AGRICULTURAL,RURAL,"Maine D.E.P. Bureau Of Air Quality Control, Augusta",2004-04-01,,"ROUTE 9, DURHAM",4222.0,rural
230030013,230030013,47.355332,-68.322685,177.0,Maine,Aroostook,Madawaska (census name for Madawaska Center),COMMERCIAL,URBAN AND CENTER CITY,"Maine D.E.P. Bureau Of Air Quality Control, Augusta",1985-01-01,,"MADAWASKA TANG'S PALACE, MTP",4756.0,urban-centre
230030014,Public Safety Building,47.355332,-68.321106,184.0,Maine,Aroostook,Madawaska (census name for Madawaska Center),COMMERCIAL,URBAN AND CENTER CITY,"Maine D.E.P. Bureau Of Air Quality Control, Augusta",2009-07-07,,428 Main Street,4756.0,urban-centre
230031008,230031008,46.698422,-68.038403,158.0,Maine,Aroostook,Presque Isle,INDUSTRIAL,SUBURBAN,"Maine D.E.P. Bureau Of Air Quality Control, Augusta",1983-02-23,,PI REG OFF 58 CENTRAL DR (SKYWAY IND PK),,urban-periphery
230031011,RIVERSIDE,46.682299,-68.016195,0.0,Maine,Aroostook,Presque Isle,COMMERCIAL,URBAN AND CENTER CITY,"Maine D.E.P. Bureau Of Air Quality Control, Augusta",1993-09-01,,RIVERSIDE STREET PRESQUE ISLE,4769.0,urban-centre
230031012,LOCATED AT LORING AFB AT BUILDING 5100,46.932544,-67.895855,0.0,Maine,Aroostook,Loring Air Force Base,COMMERCIAL,URBAN AND CENTER CITY,"Maine D.E.P. Bureau Of Air Quality Control, Augusta",1996-07-17,,BUILDING 5100 LORING AFB,,urban-centre
230031016,ASHLAND O'CLAIR SERVICE STATION,46.629212,-68.4028,0.0,Maine,Aroostook,Not in a City,COMMERCIAL,URBAN AND CENTER CITY,"Maine D.E.P. Bureau Of Air Quality Control, Augusta",1998-10-01,,MAIN STREET (ROUTE 11),4732.0,urban-centre
230031017,HOULTON PIONEER TIMES COURT STREET,46.124497,-67.839741,0.0,Maine,Aroostook,Houlton (census name for Houlton Center),COMMERCIAL,URBAN AND CENTER CITY,"Maine D.E.P. Bureau Of Air Quality Control, Augusta",1998-10-01,,HOULTON PIONEER TIMES,,urban-centre
230031020,Presque Isle,46.69634,-68.032614,166.0,Maine,Aroostook,Presque Isle,FOREST,RURAL,National Park Service,2001-03-08,,Presque Isle,4769.0,rural
230031100,MICMAC HEALTH DEPARTMENT,46.696431,-68.033006,540.0,Maine,Aroostook,Presque Isle,RESIDENTIAL,SUBURBAN,Aroostook Band of Micmac Indians of Maine,2004-01-01,,"8 NORTHERN ROAD, PRESQUE ISLE, ME 04769",,urban-periphery
230031101,230031101,46.22873,-67.882566,188.0,Maine,Aroostook,Not in a City,AGRICULTURAL,RURAL,Aroostook Band of Micmac Indians of Maine,2014-05-01,,198 west ridge road,4730.0,rural
230038001,"LORING AFB SOG SSITE,NEAR SQUA PAN",46.605042,-68.41143,235.0,Maine,Aroostook,Not in a city,AGRICULTURAL,RURAL,US EPA National Exposure Research Lab,1989-01-01,,LORING AFB SOG SSITE NEAR SQUA PAN,,rural
230050002,230050002,44.107524,-70.729165,223.0,Maine,Cumberland,Not in a City,,,"Maine D.E.P. Bureau Of Air Quality Control, Augusta",1980-01-01,,"UPPER RIDGE ROAD, ROUTE #2",4009.0,unknown
230050015,TB - Tukey's Bridge,43.677994,-70.256178,6.0,Maine,Cumberland,Portland,MOBILE,URBAN AND CENTER CITY,"Maine D.E.P. Bureau Of Air Quality Control, Augusta",1981-01-01,,TUKEY'S BRIDGE-BEAN POT RD.,4103.0,urban-centre
230050024,MONITOR LOCATED IN PRESS BOX AT DEERING HIGH SCHOOL FOOTBALL FIELD,43.671748,-70.300327,0.0,Maine,Cumberland,Portland,RESIDENTIAL,SUBURBAN,"Maine D.E.P. Bureau Of Air Quality Control, Augusta",1996-01-01,,"LELAND STREET, PORTLAND, MAINE",,urban-periphery
230050027,SHELTER IN PARKING LOT OF INTERSECTION OF MARGINAL WAY & PREBLE,43.662372,-70.264929,2.0,Maine,Cumberland,Portland,INDUSTRIAL,URBAN AND CENTER CITY,"Maine D.E.P. Bureau Of Air Quality Control, Augusta",1999-01-01,,"26 MARGINAL WAY, PORTLAND",4101.0,urban-centre
230050029,PDO - Portland Deering Oaks,43.660246,-70.268965,3.0,Maine,Cumberland,Portland,COMMERCIAL,URBAN AND CENTER CITY,"Maine D.E.P. Bureau Of Air Quality Control, Augusta",2008-01-18,,"356 State Street, Portland,  Maine",4101.0,urban-centre
230050103,230050103,44.10736,-70.728635,234.0,Maine,Cumberland,Not in a City,FOREST,RURAL,National Park Service,2001-01-01,,Bridgton,4009.0,rural
230051009,230051009,43.688414,-70.346717,11.0,Maine,Cumberland,Westbrook,INDUSTRIAL,SUBURBAN,S. D. Warren Company,1981-01-16,,S.D. WARREN CO.-MILL GROUNDS,,urban-periphery
230052003,CETL - Cape Elizabeth Two Lights (State Park),43.561043,-70.207324,24.0,Maine,Cumberland,Not in a City,RESIDENTIAL,RURAL,"Maine D.E.P. Bureau Of Air Quality Control, Augusta",1981-01-01,,"TWO LIGHTS STATE PARK, Near the Obsevation Tower",4107.0,rural
230055501,230055501,43.636667,-70.251944,2.0,Maine,Cumberland,South Portland,COMMERCIAL,URBAN AND CENTER CITY,"Maine D.E.P. Bureau Of Air Quality Control, Augusta",2019-06-26,,41 Thomas Street,4106.0,urban-centre
230055502,230055502,43.653056,-70.234722,1.0,Maine,Cumberland,South Portland,COMMERCIAL,URBAN AND CENTER CITY,"Maine D.E.P. Bureau Of Air Quality Control, Augusta",2019-08-13,,55 Bug Light Park,4106.0,urban-centre
230055503,230055503,43.622778,-70.268333,25.0,Maine,Cumberland,South Portland,RESIDENTIAL,SUBURBAN,"Maine D.E.P. Bureau Of Air Quality Control, Augusta",2019-07-02,,637 Highland Ave,4106.0,urban-periphery
230055504,230055504,43.626111,-70.303333,24.0,Maine,Cumberland,South Portland,RESIDENTIAL,SUBURBAN,"Maine D.E.P. Bureau Of Air Quality Control, Augusta",2019-09-30,,"130 Wescott Road,",4106.0,urban-periphery
230055505,230055505,43.637778,-70.318056,17.0,Maine,Cumberland,South Portland,RESIDENTIAL,SUBURBAN,"Maine D.E.P. Bureau Of Air Quality Control, Augusta",2019-10-06,,105 MacArthur Circle W,4106.0,urban-periphery
230055506,230055506,43.63897,-70.26905,3.0,Maine,Cumberland,South Portland,RESIDENTIAL,SUBURBAN,"Maine D.E.P. Bureau Of Air Quality Control, Augusta",2021-03-22,,16 Mechanic Street,4106.0,urban-periphery
230055508,230055508,43.62852,-70.29354,3.0,Maine,Cumberland,South Portland,COMMERCIAL,SUBURBAN,"Maine D.E.P. Bureau Of Air Quality Control, Augusta",2021-09-19,,360 Main Street,4106.0,urban-periphery
230055509,230055509,43.634809,-70.265842,3.0,Maine,Cumberland,Not in a City,COMMERCIAL,SUBURBAN,"Maine D.E.P. Bureau Of Air Quality Control, Augusta",2023-10-27,,1 Pearl Street,4106.0,urban-periphery
230055510,230055510,43.649892,-70.238803,3.0,Maine,Cumberland,South Portland,COMMERCIAL,SUBURBAN,"Maine D.E.P. Bureau Of Air Quality Control, Augusta",2024-05-18,,152 Front Street,4106.0,urban-periphery
230056606,230056606,43.660556,-70.245556,3.0,Maine,Cumberland,Portland,COMMERCIAL,URBAN AND CENTER CITY,"Maine D.E.P. Bureau Of Air Quality Control, Augusta",2019-11-05,,49 Thames Street,4101.0,urban-centre
230056607,230056607,43.645556,-70.262222,3.0,Maine,Cumberland,Portland,COMMERCIAL,URBAN AND CENTER CITY,"Maine D.E.P. Bureau Of Air Quality Control, Augusta",2019-11-05,,23 West Commercial Street,4102.0,urban-centre
230059002,Casco Bay,43.832458,-70.063815,27.0,Maine,Cumberland,Not in a City,FOREST,RURAL,National Park Service,2001-01-01,,Casco Bay,4032.0,rural
230072002,230072002,45.080154,-70.211225,10.0,Maine,Franklin,Not in a City,COMMERCIAL,RURAL,"Maine D.E.P. Bureau Of Air Quality Control, Augusta",2015-11-05,,1001 Carriage Road,4947.0,rural
230072003,230072003,44.669338,-70.154046,55.0,Maine,Franklin,Farmington (census name for Farmington Center),RESIDENTIAL,SUBURBAN,"Maine D.E.P. Bureau Of Air Quality Control, Augusta",2016-11-01,,Prescott Field,4938.0,urban-periphery
230090102,TOP OF CADILLAC MTN (FENCED ENCLOSURE),44.351697,-68.22698,466.0,Maine,Hancock,Not in a City,MOBILE,RURAL,"Maine D.E.P. Bureau Of Air Quality Control, Augusta",1995-07-24,,TOP OF CADILLAC MOUNTAIN,4609.0,rural
230090103,MCFARLAND HILL Air Pollutant Research Site,44.37705,-68.2609,158.5,Maine,Hancock,Not in a City,AGRICULTURAL,RURAL,"Maine D.E.P. Bureau Of Air Quality Control, Augusta",1988-01-02,,567 Eagle Lake Road,4609.0,rural
230110008,Augusta Met,44.3179,-69.7919,107.0,Maine,Kennebec,Augusta,RESIDENTIAL,SUBURBAN,"Maine D.E.P. Bureau Of Air Quality Control, Augusta",1981-01-20,,AUGUSTA STATE AIRPORT,4330.0,urban-periphery
230110016,"Augusta, LINCOLN STREET ELEMENTARY SCHOOL (ALSS)",44.312319,-69.786717,71.0,Maine,Kennebec,Augusta,RESIDENTIAL,SUBURBAN,"Maine D.E.P. Bureau Of Air Quality Control, Augusta",1999-01-01,,30 Lincoln Street,,urban-periphery
230112001,230112001,44.226737,-69.788656,55.0,Maine,Kennebec,Gardiner,RESIDENTIAL,SUBURBAN,"Maine D.E.P. Bureau Of Air Quality Control, Augusta",1980-01-01,,GARDINER H.S.-WEST HILL ROAD,,urban-periphery
230112005,"Gardiner, Pray Street School  (GPSS)",44.230622,-69.785,55.0,Maine,Kennebec,Gardiner,RESIDENTIAL,SUBURBAN,"Maine D.E.P. Bureau Of Air Quality Control, Augusta",1991-04-01,,14 Pray Street,4345.0,urban-periphery
230112501,Augusta East Campus,44.300994,-69.771413,50.0,Maine,Kennebec,Augusta,COMMERCIAL,SUBURBAN,"Maine D.E.P. Bureau Of Air Quality Control, Augusta",2026-03-01,,Arsenal St,4330.0,urban-periphery
230130004,Marshall Point Lighthouse,43.917955,-69.26059,9.0,Maine,Knox,Not in a City,RESIDENTIAL,RURAL,"Maine D.E.P. Bureau Of Air Quality Control, Augusta",1987-05-01,,"PORT CLYDE, MARSHALL POINT LIGHTHOUSE",,rural
230130014,OWLS HEAD MET,44.062742,-69.093436,15.25,Maine,Knox,Not in a City,COMMERCIAL,RURAL,"Maine D.E.P. Bureau Of Air Quality Control, Augusta",2002-03-01,,Knox County Regional Airport 1 AIRPORT ROAD,4854.0,rural
230172011,Rumford Avenue Parking Lot (RAP),44.551419,-70.546319,135.0,Maine,Oxford,Rumford (census name for Rumford Compact),INDUSTRIAL,RURAL,"Maine D.E.P. Bureau Of Air Quality Control, Augusta",1998-07-01,,RUMFORD AVENUE AREA PARKING LOT,4276.0,rural
230173002,Bethel Smith Farm Road,44.377794,-70.854697,203.0,Maine,Oxford,Not in a City,AGRICULTURAL,RURAL,"Maine D.E.P. Bureau Of Air Quality Control, Augusta",2016-05-12,,"Smith Farm Road, West Bethel",4051.0,rural
230190010,Maine Air National Guard Personnel Office (Building 489),44.8166,-68.82035,50.0,Maine,Penobscot,Bangor,MILITARY RESERVATION,SUBURBAN,"Maine D.E.P. Bureau Of Air Quality Control, Augusta",1987-06-01,,102 Ashley Ave; Suite 489,4401.0,urban-periphery
230190017,Mary Snow School,44.817398,-68.772762,54.2,Maine,Penobscot,Bangor,RESIDENTIAL,URBAN AND CENTER CITY,"Maine D.E.P. Bureau Of Air Quality Control, Augusta",2017-10-01,,435 Broadway,4401.0,urban-centre
230191100,230191100,44.952043,-68.647677,4.0,Maine,Penobscot,Not in a City,RESIDENTIAL,RURAL,Penobscot Tribe of Maine,2003-01-01,,27 WABANAKI  WAY INDIAN ISLAND MAINE 04468,4468.0,rural
230194003,TOP OF APARTMENT BUILDING - 36 METERS FROM ROUTE 2 (MAIN STREET),44.93345,-68.645594,54.0,Maine,Penobscot,Old Town,RESIDENTIAL,URBAN AND CENTER CITY,"Maine D.E.P. Bureau Of Air Quality Control, Augusta",1978-09-05,,MARSH ISLAND APTS-S. MAIN ST.,4468.0,urban-centre
230194008,WLBZ TV Transmitter Building - Summit of Rider Bluff,44.735978,-68.670752,250.0,Maine,Penobscot,Not in a City,AGRICULTURAL,RURAL,"Maine D.E.P. Bureau Of Air Quality Control, Augusta",1993-05-19,,SUMMIT OF RIDER BLUFF (WLBZ TRANSMITTER),4429.0,rural
230199000,Penobscot,44.94798,-68.64788,45.0,Maine,Penobscot,Not in a City,FOREST,RURAL,National Park Service,2006-01-11,,"21-55 Wabanaki Way, Old Town, ME",4468.0,rural
230230007,Popham Beach State Park,43.736277,-69.797654,1.0,Maine,Sagadahoc,Not in a City,FOREST,RURAL,"Maine D.E.P. Bureau Of Air Quality Control, Augusta",2022-04-13,,711 Popham Road,,rural
230290021,JCG: Jonesport Coast Guard,44.527653,-67.615495,2.0,Maine,Washington,Jonesport (Town of),COMMERCIAL,RURAL,"Maine D.E.P. Bureau Of Air Quality Control, Augusta",2022-11-15,,"9 Bridge St, Jonesport, ME 04649",4649.0,rural
230290033,230290033,44.963894,-67.061325,12.5,Maine,Washington,Not in a City,AGRICULTURAL,RURAL,Passamaquoddy Tribe of Maine,2021-09-22,,176 County Rd,,rural
230291004,Moosehorn NWR,45.125837,-67.265408,78.0,Maine,Washington,Calais,FOREST,RURAL,National Park Service,1994-12-07,,Moosehorn NWR,4619.0,rural
230310038,WBFD - West Buxton (Hollis) Fire Department,43.656764,-70.629138,275.0,Maine,York,Not in a City,RESIDENTIAL,RURAL,"Maine D.E.P. Bureau Of Air Quality Control, Augusta",1999-04-01,,"34 Town Farm Road, HOLLIS",4042.0,rural
230310040,SBP - Shapleigh Ball Park,43.58889,-70.87734,213.0,Maine,York,Not in a City,AGRICULTURAL,RURAL,"Maine D.E.P. Bureau Of Air Quality Control, Augusta",2008-06-13,,"Rt. 11, Shapleigh Ball Park, West Newfield Road, Shapleigh, Maine",4076.0,rural
230312002,KPW - Kennebunkport Parson'd Way,43.343167,-70.471034,6.0,Maine,York,Kennebunkport,RESIDENTIAL,SUBURBAN,"Maine D.E.P. Bureau Of Air Quality Control, Augusta",1983-01-01,,"OCEAN AVE / PARSONS WAY, KENNEBUNKPORT",4046.0,urban-periphery
230312502,Wells Harbor Community Park,43.320614,-70.565496,4.0,Maine,York,Wells (RR name Wells Beach (sta.)),COMMERCIAL,SUBURBAN,"Maine D.E.P. Bureau Of Air Quality Control, Augusta",2026-03-01,,"345 Harbor Rd Wells, Maine",4090.0,urban-periphery
240018881,Verso Moran,39.4864,-79.0638,499.0,Maryland,Allegany,Westernport,FOREST,RURAL,Maryland Department of the Environment,2017-01-01,,Rock St. SW,21562.0,rural
240018882,Verso Horse Rock,39.483617,-79.026383,494.0,Maryland,Allegany,Westernport,FOREST,RURAL,Maryland Department of the Environment,2017-01-01,,Horse Rock Road,21562.0,rural
240031003,GLEN BURNIE,39.169533,-76.627933,14.0,Maryland,Anne Arundel,Glen Burnie,RESIDENTIAL,SUBURBAN,Maryland Department of the Environment,1965-01-01,, ANNE ARUNDEL CO. PUBLIC WORKS BLDG. 7409 BALTIMORE ANNAPOLIS BLVD.,21061.0,urban-periphery
240031004,240031004,39.217719,-76.636097,4.7,Maryland,Anne Arundel,Pumphrey,RESIDENTIAL,SUBURBAN,Maryland Department of the Environment,2023-01-01,,5757 Belle Grove Road,21225.0,urban-periphery
240032002,240032002,39.158911,-76.511025,2.4,Maryland,Anne Arundel,Riviera Beach,RESIDENTIAL,SUBURBAN,Maryland Department of the Environment,1968-01-01,,8515 JENKINS RD   RIVIERA BEACH   MD,21122.0,urban-periphery
240050009,Baltimore County Near Road,39.371679,-76.746814,10.0,Maryland,Baltimore,Lochearn,RESIDENTIAL,SUBURBAN,Maryland Department of the Environment,2016-01-01,,4380 OLD COURT RD,21208.0,urban-periphery
240051007,Padonia,39.460478,-76.633543,126.0,Maryland,Baltimore,Cockeysville,RESIDENTIAL,SUBURBAN,Maryland Department of the Environment,1979-01-01,,"Padonia Elementary School, 9834 Greenside Drive",21030.0,urban-periphery
240053001,Essex,39.310833,-76.474444,5.0,Maryland,Baltimore,Essex,RESIDENTIAL,SUBURBAN,Maryland Department of the Environment,1967-04-01,,600 Dorsey Avenue,21221.0,urban-periphery
240053474,Hart Miller Island,39.2572,-76.3446,13.4,Maryland,Baltimore,Essex,COMMERCIAL,RURAL,Maryland Department of the Environment,2016-07-06,,2024 A Riverview Road,21221.0,rural
240059000,240059000,39.243833,-76.709149,79.5,Maryland,Baltimore,Arbutus (census name for Halethorpe),FOREST,RURAL,National Park Service,2004-01-01,,BALTIMORE IMPROVE SITE,21227.0,rural
240090011,Calvert,38.536722,-76.617194,44.0,Maryland,Calvert,Prince Frederick,COMMERCIAL,RURAL,Maryland Department of the Environment,2005-03-01,,350 Stafford Road,20678.0,rural
240130001,South Carroll,39.444294,-77.042252,226.0,Maryland,Carroll,Not in a City,AGRICULTURAL,RURAL,Maryland Department of the Environment,1983-07-14,,1300 W. Old Liberty Road,21784.0,rural
240150003,Fair Hill Natural Resource Management Area,39.702982,-75.864771,128.0,Maryland,Cecil,Not in a City,AGRICULTURAL,RURAL,Maryland Department of the Environment,1991-09-06,,"Fair Hill Natural Resource Mgmt Area, 4493 Telegraph Road",21921.0,rural
240170010,Southern Maryland,38.508547,-76.811864,49.0,Maryland,Charles,Not in a City,AGRICULTURAL,RURAL,Maryland Department of the Environment,1984-10-02,,14320 Oaks Road,20637.0,rural
240190004,Horn Point,38.587525,-76.141006,0.0,Maryland,Dorchester,Not in a City,AGRICULTURAL,RURAL,Maryland Department of the Environment,2012-03-10,,University of Maryland for Environmental and Estuarine Studies,21613.0,rural
240198001,"BLACKWATER WILDLIFE REFUGE KAY WALLACE DRIVE CAMBRIDGE,MD",38.285123,-76.077716,0.0,Maryland,Dorchester,Not in a city,RESIDENTIAL,RURAL,US EPA National Exposure Research Lab,1995-07-01,,"KAY WALLACE DRIVE CAMBRIDGE,MD",,rural
240199991,Blackwater NWR,38.444971,-76.111274,4.0,Maryland,Dorchester,Not in a City,FOREST,RURAL,USEPA - Clean Air and Power Division,1995-07-04,,"Blackwater National Wildlife Refuge, Cambridge, MD 21613",21613.0,rural
240210037,Frederick Airport,39.42276,-77.37519,92.0,Maryland,Frederick,Frederick,COMMERCIAL,SUBURBAN,Maryland Department of the Environment,1998-07-09,,"Frederick County Airport ,180 E Airport Drive",21701.0,urban-periphery
240230002,Piney Run,39.70595,-79.012,776.63,Maryland,Garrett,Grantsville,FOREST,RURAL,Maryland Department of the Environment,2004-01-01,,"Piney Run, Frostburg Reservoir, Finzel",21532.0,rural
240239000,240239000,39.705896,-79.012117,772.0,Maryland,Garrett,Not in a City,FOREST,RURAL,National Park Service,2004-01-01,,FROSTBURG IMPROVE SITE,21532.0,rural
240251001,Edgewood,39.410191,-76.296946,6.0,Maryland,Harford,Edgewood,MILITARY RESERVATION,RURAL,Maryland Department of the Environment,1980-01-01,,"  Edgewood  Chemical Biological Center (APG), Waehli Road",21010.0,rural
240259001,Aldino,39.563333,-76.203889,395.0,Maryland,Harford,Not in a City,COMMERCIAL,SUBURBAN,Maryland Department of the Environment,1990-04-20,,3560 Aldino Road,21028.0,urban-periphery
240270006,Howard County Near Road,39.14313,-76.84611,10.0,Maryland,Howard,North Laurel,RESIDENTIAL,SUBURBAN,Maryland Department of the Environment,2014-01-01,,Interstate 95 South Welocme Center,20723.0,urban-periphery
240290002,Millington,39.305021,-75.797317,18.0,Maryland,Kent,Not in a City,AGRICULTURAL,RURAL,Maryland Department of the Environment,1989-06-19,,"Millington Wildlife Management Area, Massey - Maryland Line Road (Route 330)",21635.0,rural
240313001,Rockville,39.114313,-77.106876,126.0,Maryland,Montgomery,Not in a City,RESIDENTIAL,RURAL,Maryland Department of the Environment,1980-01-01,,"Lathrop E. Smith Environmental Education Center, 5110 Meadowside Lane",20855.0,rural
240330030,HU-Beltsville,39.055277,-76.878333,49.0,Maryland,Prince George's,Beltsville,RESIDENTIAL,SUBURBAN,Maryland Department of the Environment,2004-07-10,,"Howard University's Beltsville Laboratory, 12003 Old Baltimore Pike",20705.0,urban-periphery
240338003,PG Equestrian Center,38.81194,-76.74417,12.0,Maryland,Prince George's,Greater Upper Marlboro,AGRICULTURAL,RURAL,Maryland Department of the Environment,2002-04-01,," PG County Equestrian Center, 14900 Pennsylvania  Ave.",20772.0,rural
240339991,Beltsville,39.0284,-76.8171,46.0,Maryland,Prince George's,Not in a City,AGRICULTURAL,RURAL,USEPA - Clean Air and Power Division,1988-10-25,,"Powder Mill Rd, Laurel, MD 20708",20708.0,rural
240430009,Hagerstown,39.564178,-77.720244,183.0,Maryland,Washington,Not in a City,AGRICULTURAL,RURAL,Maryland Department of the Environment,1999-04-01,,MD Correctional Institution  18530 Roxbury Road,21740.0,rural
240437018,Airport temperature data for EPA PM25 alignment,39.70621,-77.73042,215.0,Maryland,Washington,Not in a City,COMMERCIAL,SUBURBAN,Pennsylvania Department Of Environmental Protection,2017-01-01,,"18434 Showalter Road, Hagerstown, MD",21742.0,urban-periphery
240471001,240471001,38.2511,-75.1594,3.0,Maryland,Worcester,Not in a City,FOREST,RURAL,National Park Service,2005-06-16,,Assateague Island National Seashore,21811.0,rural
245100006,Northeast Police,39.340556,-76.582222,82.0,Maryland,Baltimore (City),Baltimore,RESIDENTIAL,SUBURBAN,Maryland Department of the Environment,1970-01-01,,"Northeast  Police Station, 1900 Argonne Drive",21218.0,urban-periphery
245100008,BCFD-TRUCK COMPANY 20,39.28777,-76.546861,40.0,Maryland,Baltimore (City),Baltimore,RESIDENTIAL,URBAN AND CENTER CITY,Maryland Department of the Environment,1970-01-01,,Baltimore City Fire Dept.-Truck Company 20; 5714 Eastern Avenue,21224.0,urban-centre
245100040,Oldtown,39.297733,-76.604603,12.0,Maryland,Baltimore (City),Baltimore,RESIDENTIAL,URBAN AND CENTER CITY,Maryland Department of the Environment,1981-01-01,,"Oldtown Fire Station, 1100 Hillen Street",21202.0,urban-centre
245100054,Furley,39.328807,-76.553075,49.0,Maryland,Baltimore (City),Baltimore,RESIDENTIAL,URBAN AND CENTER CITY,Maryland Department of the Environment,2006-08-20,,"Furley E.S. Recreational Center, 4633 Furley Avenue.",21206.0,urban-centre
245105253,Lake Montebello,39.33746,-76.58905,224.0,Maryland,Baltimore (City),Baltimore,RESIDENTIAL,URBAN AND CENTER CITY,Maryland Department of the Environment,2022-01-01,,3900 Hillen Road,21218.0,urban-centre
250010002,TRURO NATIONAL SEASHORE,41.975804,-70.023598,41.0,Massachusetts,Barnstable,Truro,FOREST,RURAL,Mass Dept Environmental Protection-Div Air Quality Control,1987-04-01,,FOX BOTTOM AREA,2666.0,rural
250030008,250030008,42.452299,-73.239648,300.0,Massachusetts,Berkshire,Pittsfield,COMMERCIAL,URBAN AND CENTER CITY,Mass Dept Environmental Protection-Div Air Quality Control,2018-06-23,,25 Silver Lake Blvd,1201.0,urban-centre
250036001,North Adams,42.702223,-73.110414,217.0,Massachusetts,Berkshire,North Adams,COMMERCIAL,RURAL,Mass Dept Environmental Protection-Div Air Quality Control,2017-06-14,,86 Holden St,1247.0,rural
250051004,FALL RIVER,41.685707,-71.169235,59.0,Massachusetts,Bristol,Fall River,COMMERCIAL,SUBURBAN,Mass Dept Environmental Protection-Div Air Quality Control,1974-01-01,,659 GLOBE ST,2724.0,urban-periphery
250051006,FAIRHAVEN2,41.645381,-70.897504,4.0,Massachusetts,Bristol,Fairhaven (Town of),RESIDENTIAL,SUBURBAN,Mass Dept Environmental Protection-Div Air Quality Control,2013-06-28,,30 SCHOOL ST - HASTINGS MIDDLE SCHOOL,2719.0,urban-periphery
250053001,250053001,41.70038,-71.151156,41.0,Massachusetts,Bristol,Fall River,COMMERCIAL,URBAN AND CENTER CITY,Mass Dept Environmental Protection-Div Air Quality Control,1958-01-01,,"CENTRAL FIRE STATION, 165 BEDFORD STREET",,urban-centre
250070001,"1 HERRING CREEK RD, AQUINNAH (WAMPANOAG TRIBAL SITE)",41.330469,-70.785225,10.0,Massachusetts,Dukes,Aquinnah,RESIDENTIAL,RURAL,Wampanoag Tribe of Gay Head (Aquinnah) of Massachusetts,2002-01-01,,"1 HERRING CREEK RD, AQUINNAH(WAMPANOAG TRIBAL SITE)",2535.0,rural
250092006,LYNN WATER TREATMENT PLANT,42.474642,-70.970816,52.0,Massachusetts,Essex,Lynn,COMMERCIAL,URBAN AND CENTER CITY,Mass Dept Environmental Protection-Div Air Quality Control,1992-01-01,,390 PARKLAND,1905.0,urban-centre
250095005,CONSENTINO SCHOOL.,42.770837,-71.10229,0.0,Massachusetts,Essex,Haverhill,RESIDENTIAL,SUBURBAN,Mass Dept Environmental Protection-Div Air Quality Control,1994-07-19,,685 WASHINGTON STREET,1832.0,urban-periphery
250095006,Haverhill High School,42.784792,-71.107028,39.3,Massachusetts,Essex,Haverhill,RESIDENTIAL,SUBURBAN,Mass Dept Environmental Protection-Div Air Quality Control,2024-08-01,,137 Monument Street,1832.0,urban-periphery
250096001,SENATOR WILLIAM X. WALL EXPERIMENT STATION,42.698215,-71.164413,32.0,Massachusetts,Essex,Lawrence,COMMERCIAL,URBAN AND CENTER CITY,Mass Dept Environmental Protection-Div Air Quality Control,1957-01-01,,37 SHATTUCK ST,1843.0,urban-centre
250112005,Greenfield 16 Barr Ave,42.605816,-72.596689,267.0,Massachusetts,Franklin,Greenfield,RESIDENTIAL,SUBURBAN,Mass Dept Environmental Protection-Div Air Quality Control,2013-02-27,,VETERANS FIELD,1301.0,urban-periphery
250130008,WESTOVER AFB,42.19438,-72.555112,79.0,Massachusetts,Hampden,Chicopee,COMMERCIAL,SUBURBAN,Mass Dept Environmental Protection-Div Air Quality Control,1983-01-01,,ANDERSON RD AFB,1022.0,urban-periphery
250130018,250130018,42.120229,-72.584503,61.0,Massachusetts,Hampden,Springfield,COMMERCIAL,URBAN AND CENTER CITY,Mass Dept Environmental Protection-Div Air Quality Control,2018-04-23,,600 Liberty St,1104.0,urban-centre
250154002,QUABBIN RES,42.298493,-72.334079,312.0,Massachusetts,Hampshire,Ware (census name for Ware Center),FOREST,RURAL,Mass Dept Environmental Protection-Div Air Quality Control,1985-06-01,,QUABBIN SUMMIT,1082.0,rural
250170007,250170007,42.645771,-71.311167,32.0,Massachusetts,Middlesex,Lowell,COMMERCIAL,URBAN AND CENTER CITY,Mass Dept Environmental Protection-Div Air Quality Control,1981-07-17,,MERRIMACK ST,1852.0,urban-centre
250170009,USEPA REGION 1 LAB,42.62668,-71.362068,19.22,Massachusetts,Middlesex,Chelmsford (Chelmsford Center),COMMERCIAL,SUBURBAN,US EPA - Region 1,2005-04-01,,"11 TECHNOLOGY DRIVE,  EPA NEW ENGLAND REGIONAL LABORATORY",1863.0,urban-periphery
250170010,ChelmsfordNR,42.612085,-71.306986,39.0,Massachusetts,Middlesex,Chelmsford (Chelmsford Center),RESIDENTIAL,SUBURBAN,Mass Dept Environmental Protection-Div Air Quality Control,2018-06-01,,Manning Rd,1824.0,urban-periphery
250170011,250170011,42.26381,-71.405658,46.0,Massachusetts,Middlesex,Framingham,COMMERCIAL,SUBURBAN,Mass Dept Environmental Protection-Div Air Quality Control,2025-01-01,,110 Western Ave,1702.0,urban-periphery
250212004,Weymouth,42.245865,-70.962766,1.0,Massachusetts,Norfolk,Not in a City,INDUSTRIAL,SUBURBAN,Mass Dept Environmental Protection-Div Air Quality Control,2020-01-31,,6 Bridge St,2191.0,urban-periphery
250212005,250212005,42.241229,-70.963346,1.0,Massachusetts,Norfolk,Weymouth,INDUSTRIAL,SUBURBAN,Mass Dept Environmental Protection-Div Air Quality Control,2021-03-30,,59 Monatiquot St,2191.0,urban-periphery
250213003,BLUE HILL OBSERVATORY,42.211774,-71.11397,192.0,Massachusetts,Norfolk,Milton,FOREST,SUBURBAN,Mass Dept Environmental Protection-Div Air Quality Control,2001-01-01,,695 HILLSIDE ST Blue Hill Observatory,2186.0,urban-periphery
250230005,Brockton Buckley,42.065106,-71.012129,1250.0,Massachusetts,Plymouth,Brockton,RESIDENTIAL,SUBURBAN,Mass Dept Environmental Protection-Div Air Quality Control,2013-09-08,,170 Clinton Street(Buckley),2302.0,urban-periphery
250250002,BOSTON KENMORE SQ,42.348873,-71.097163,6.0,Massachusetts,Suffolk,Boston,COMMERCIAL,URBAN AND CENTER CITY,Mass Dept Environmental Protection-Div Air Quality Control,1965-01-01,,KENMORE SQ,2215.0,urban-centre
250250042,DUDLEY SQUARE ROXBURY,42.3295,-71.0826,6.0,Massachusetts,Suffolk,Boston,COMMERCIAL,URBAN AND CENTER CITY,Mass Dept Environmental Protection-Div Air Quality Control,1998-12-15,,HARRISON AVE,2119.0,urban-centre
250250044,VON HILLERN ST,42.325186,-71.056061,15.0,Massachusetts,Suffolk,Boston,COMMERCIAL,URBAN AND CENTER CITY,Mass Dept Environmental Protection-Div Air Quality Control,2013-06-11,,19 VON HILLERN ST,2125.0,urban-centre
250250045,Chinatown,42.349954,-71.059194,5.334,Massachusetts,Suffolk,Boston,COMMERCIAL,URBAN AND CENTER CITY,Mass Dept Environmental Protection-Div Air Quality Control,2023-04-01,,125 Kneeland St,2111.0,urban-centre
250251004,250251004,42.387222,-71.026111,2.0,Massachusetts,Suffolk,Chelsea,RESIDENTIAL,URBAN AND CENTER CITY,Mass Dept Environmental Protection-Div Air Quality Control,2021-04-01,,75 Willow St,,urban-centre
250270015,WORCESTER AIRPORT,42.274319,-71.875511,306.0,Massachusetts,Worcester,Worcester,RESIDENTIAL,SUBURBAN,Mass Dept Environmental Protection-Div Air Quality Control,1979-05-07,,375 AIRPORT DRIVE,1602.0,urban-periphery
250270023,WORCESTER SUMMER STREET,42.263955,-71.794322,145.0,Massachusetts,Worcester,Worcester,COMMERCIAL,URBAN AND CENTER CITY,Mass Dept Environmental Protection-Div Air Quality Control,2004-01-01,,SUMMER ST,1604.0,urban-centre
250270024,UXBRIDGE,42.099699,-71.619399,306.0,Massachusetts,Worcester,Uxbridge,RESIDENTIAL,SUBURBAN,Mass Dept Environmental Protection-Div Air Quality Control,2008-11-13,,366 E HARTFORD DR,1569.0,urban-periphery
260050003,966 32nd St (Holland),42.767786,-86.148577,194.0,Michigan,Allegan,Holland,RESIDENTIAL,SUBURBAN,"Michigan Dept Of Environment, Great Lakes, and Energy-Air Quality Division",1992-08-25,,966 32nd Street (Holland),49423.0,urban-periphery
260070005,135 FT NE OF JOHNSON/MILLER,45.073069,-83.435531,0.0,Michigan,Alpena,Alpena,RESIDENTIAL,URBAN AND CENTER CITY,"Michigan Dept Of Environment, Great Lakes, and Energy-Air Quality Division",2000-03-23,,"666 JOHNSON STREET, ALPENA, MI",,urban-centre
260070901,"375 WILSON, ALPENA CO.",45.083624,-83.450254,189.0,Michigan,Alpena,Alpena,RESIDENTIAL,RURAL,Lafarge Corporation,1995-03-10,,"LUTHERAN/BESSER SCHOOL, 375 WILSON",,rural
260170014,"JENISON ST ABOUT 70 FT WEST, 2 LANE RESIDENTIAL",43.571391,-83.890721,0.0,Michigan,Bay,Bay City,RESIDENTIAL,URBAN AND CENTER CITY,"Michigan Dept Of Environment, Great Lakes, and Energy-Air Quality Division",2000-08-24,,1001 Jennison St (Bay City),48708.0,urban-centre
260190003,"1060 West St, Benzonia Twp, MI",44.616943,-86.109408,222.0,Michigan,Benzie,Benzonia,RESIDENTIAL,RURAL,"Michigan Dept Of Environment, Great Lakes, and Energy-Air Quality Division",1992-07-28,,1060 West Street (Frankfort),49616.0,rural
260210014,"Coloma site 4689 Defield Rd, Coloma, MI PAW PAW WWTP",42.19779,-86.309694,198.0,Michigan,Berrien,Coloma,COMMERCIAL,RURAL,"Michigan Dept Of Environment, Great Lakes, and Energy-Air Quality Division",1992-08-03,,4689 Defield Road (Coloma),49038.0,rural
260270003,"Cassopolis ROSS BEATTY HIGH SCHOOL, 22721 DIAMOND COVE ST.",41.89557,-86.001629,270.0,Michigan,Cass,Cassopolis,AGRICULTURAL,RURAL,"Michigan Dept Of Environment, Great Lakes, and Energy-Air Quality Division",1991-05-16,,22721 Diamond Cove Street (Cassopolis),49031.0,rural
260290011,East Jordan,45.160235,-85.127696,0.1,Michigan,Charlevoix,East Jordan,RESIDENTIAL,SUBURBAN,"Michigan Dept Of Environment, Great Lakes, and Energy-Air Quality Division",2011-11-01,,98 DIVISION STREET,49727.0,urban-periphery
260290902,260290902,45.360008,-85.195897,180.0,Michigan,Charlevoix,Not in a city,AGRICULTURAL,RURAL,Consumers Power Company,1991-06-01,,10269 US 31 NORTH,,rural
260330902,SOUTH OF SCHOOL,46.481689,-84.331705,0.0,Michigan,Chippewa,Sault Ste. Marie,RESIDENTIAL,RURAL,"Inter-tribal Council of MIchigan, Inc.",2001-01-31,,"BAHWETHING SCHOOL,1301 MARQUETTE AVE",,rural
260330903,SOUTH OF SCHOOL,46.454021,-84.606753,0.0,Michigan,Chippewa,Not in a City,RESIDENTIAL,RURAL,"Inter-tribal Council of MIchigan, Inc.",2005-10-01,,"12214 W. LAKESHORE DRIVE, BRIMLEY, MI 49715",,rural
260370001,"ROSE LAKE, STOLL RD.(8562 E.)",42.798339,-84.393795,259.0,Michigan,Clinton,Lansing,AGRICULTURAL,RURAL,"Michigan Dept Of Environment, Great Lakes, and Energy-Air Quality Division",1979-06-07,,8562 E STOLL RD,48823.0,rural
260370002,ROSELAKE2 9870 STOLL RD,42.798339,-84.393795,259.0,Michigan,Clinton,Lansing,AGRICULTURAL,RURAL,"Michigan Dept Of Environment, Great Lakes, and Energy-Air Quality Division",2017-03-01,,9870 STOLL RD (ROSELAKE2),48823.0,rural
260410902,260410902,45.796634,-87.089581,198.0,Michigan,Delta,Escanaba,INDUSTRIAL,RURAL,Mead Paper Company,1971-05-01,,COUNTY ROAD 414,,rural
260410903,260410903,45.7958,-87.079859,184.0,Michigan,Delta,Escanaba,INDUSTRIAL,RURAL,Mead Paper Company,1971-05-01,,NO. 1 DAM,,rural
260410905,260410905,45.796634,-87.105692,216.0,Michigan,Delta,Escanaba,RESIDENTIAL,SUBURBAN,Mead Paper Company,1971-05-01,,SOO HILL SCHOOL,,urban-periphery
260410906,260410906,45.815522,-87.100415,192.0,Michigan,Delta,Escanaba,INDUSTRIAL,RURAL,Mead Paper Company,1971-05-01,,NO. 2 DAM,,rural
260410911,260410911,45.776912,-87.075969,192.0,Michigan,Delta,Escanaba,RESIDENTIAL,SUBURBAN,Mead Paper Company,1971-05-01,,WELLS SCHOOL,,urban-periphery
260430002,NORTH OF EASTERDAY AVENUE,46.139391,-87.907356,0.0,Michigan,Dickinson,Not in a city,RESIDENTIAL,URBAN AND CENTER CITY,"Michigan Dept Of Environment, Great Lakes, and Energy-Air Quality Division",2005-09-28,,"ST. ROSE CATHOLIC CHURCH, 703 BELL AVENUE, CHANNING, MI  49815",,urban-centre
260430903,260430903,46.040783,-88.059855,515.0,Michigan,Dickinson,Not in a city,FOREST,RURAL,Louisiana Pacific,1989-06-01,,"HWY 95, SAGOLA",,rural
260470004,ODAWA CASINO WASTEWATER PLANT,45.3485,-84.9701,262.0,Michigan,Emmet,Not in a City,COMMERCIAL,SUBURBAN,"Little Traverse Bay Bands of Odawa Indians, MI",2008-10-16,,1760 Lears Road,49770.0,urban-periphery
260490011,260490011,43.025027,-83.685789,226.0,Michigan,Genesee,Flint,COMMERCIAL,URBAN AND CENTER CITY,"Michigan Dept Of Environment, Great Lakes, and Energy-Air Quality Division",1972-01-01,,420 EAST BOULEVARD DRIVE,,urban-centre
260490021,WHALEY PK 3610 IOWA (FLINT),43.047224,-83.670159,220.0,Michigan,Genesee,Flint,RESIDENTIAL,URBAN AND CENTER CITY,"Michigan Dept Of Environment, Great Lakes, and Energy-Air Quality Division",1992-06-16,,3610 IOWA (Flint),48506.0,urban-centre
260490022,260490022,,,0.05,Michigan,Genesee,Flint,RESIDENTIAL,URBAN AND CENTER CITY,"Michigan Dept Of Environment, Great Lakes, and Energy-Air Quality Division",2025-12-01,,unknown (TBD),,urban-centre
260492001,OtisvilleLAKEVILLE MIDDLE SCHOOL,43.168336,-83.461541,256.0,Michigan,Genesee,Otisville,AGRICULTURAL,RURAL,"Michigan Dept Of Environment, Great Lakes, and Energy-Air Quality Division",1970-01-01,,"LAKEVILLE MS, G11107 WASHBURN RD (OTISVILLE)",48463.0,rural
260550003,"HASTINGS STREET, SOUTH 180 FEET",44.75389,-85.592019,0.0,Michigan,Grand Traverse,Traverse City,COMMERCIAL,SUBURBAN,"Michigan Dept Of Environment, Great Lakes, and Energy-Air Quality Division",1999-12-14,,"739 HASTINGS STREET, TRAVERSE CITY, MI",,urban-periphery
260570902,260570902,43.395308,-84.59167,229.0,Michigan,Gratiot,Not in a city,AGRICULTURAL,RURAL,"Michigan Dept Of Environment, Great Lakes, and Energy-Air Quality Division",1984-06-11,,"DNR TRLR,LANDFILL SITE FAC.BETHANY TWP",,rural
260610101,260610101,48.10821,-88.607572,347.0,Michigan,Houghton,Not in a city,FOREST,RURAL,National Park Service,1987-06-01,,ISLE ROYLE NP,,rural
260630003,260630003,43.849459,-83.373572,600.0,Michigan,Huron,Not in a city,RESIDENTIAL,RURAL,"Michigan Dept Of Environment, Great Lakes, and Energy-Air Quality Division",1990-10-27,,BAYPORT STATE BANK 9840 MAIN ST BAY PORT,,rural
260630007,RURAL THUMB AREA OZONE SITE,43.836388,-82.6429,0.0,Michigan,Huron,Harbor Beach,AGRICULTURAL,RURAL,"Michigan Dept Of Environment, Great Lakes, and Energy-Air Quality Division",1994-04-01,,1172 S M25 SAND BEACH TWP (HARBOR BEACH),48441.0,rural
260650018,Lansing - Filley,42.76138,-84.562867,0.5,Michigan,Ingham,Lansing,COMMERCIAL,URBAN AND CENTER CITY,"Michigan Dept Of Environment, Great Lakes, and Energy-Air Quality Division",2018-04-12,,815 Filley Street (Lansing),48906.0,urban-centre
260650921,260650921,42.741979,-84.573591,860.0,Michigan,Ingham,Lansing,COMMERCIAL,URBAN AND CENTER CITY,Lansing Car Assembly,1992-01-01,,"HOLY CROSS SCHOOL, 1514 W. SAGINAW",,urban-centre
260650922,260650922,42.735591,-84.576924,860.0,Michigan,Ingham,Lansing,INDUSTRIAL,URBAN AND CENTER CITY,Lansing Car Assembly,1992-01-01,,"MI STATE TROOPERS_ASSOC.,232 VERLINDEN",,urban-centre
260650923,260650923,42.732813,-84.563035,860.0,Michigan,Ingham,Lansing,INDUSTRIAL,URBAN AND CENTER CITY,Lansing Car Assembly,1992-01-01,,"SEXTON HIGH SCHOOL,102 S. MCPHERSON",,urban-centre
260650924,260650924,42.733924,-84.593592,880.0,Michigan,Ingham,Lansing,INDUSTRIAL,URBAN AND CENTER CITY,Lansing Car Assembly,1992-01-01,,"TOWNSHIP OF LANSING, 3209 MICHIGAN AVE.",,urban-centre
260650925,260650925,42.733646,-84.58748,870.0,Michigan,Ingham,Lansing,INDUSTRIAL,URBAN AND CENTER CITY,Lansing Car Assembly,1992-01-01,,"BOC TRANSPORTATION BLDG,2710 MICHIGAN",,urban-centre
260670002,Belding - Reed Street,43.10172,-85.22327,0.0,Michigan,Ionia,Belding,INDUSTRIAL,SUBURBAN,"Michigan Dept Of Environment, Great Lakes, and Energy-Air Quality Division",1987-01-03,,590 Reed St (Belding),48809.0,urban-periphery
260670003,Belding - Merrick St.,43.099943,-85.222266,0.0,Michigan,Ionia,Belding,RESIDENTIAL,SUBURBAN,"Michigan Dept Of Environment, Great Lakes, and Energy-Air Quality Division",2010-01-02,,517 Merrick St (Belding),48809.0,urban-periphery
260710001,NORTH OF EASTERDAY AVENUE,46.15983,-88.119762,0.0,Michigan,Iron,Crystal Falls,FOREST,RURAL,"Michigan Dept Of Environment, Great Lakes, and Energy-Air Quality Division",2005-09-28,,"315 CHANNING RD., CRYSTAL FALLS, MI  49920",,rural
260770008,Kalamazoo Fairgrounds,42.278067,-85.54189,0.0,Michigan,Kalamazoo,Kalamazoo,COMMERCIAL,URBAN AND CENTER CITY,"Michigan Dept Of Environment, Great Lakes, and Energy-Air Quality Division",1996-10-01,,1400 Olmstead Road (Kalamazoo),49048.0,urban-centre
260770901,260770901,42.216432,-85.552502,264.0,Michigan,Kalamazoo,Kalamazoo,INDUSTRIAL,SUBURBAN,Upjohn,1991-10-01,,"NORTH SITE, BISHOP ROAD",,urban-periphery
260810007,Gr-Wealthy,42.956117,-85.679117,186.0,Michigan,Kent,Grand Rapids,INDUSTRIAL,URBAN AND CENTER CITY,Grand Rapids Department Of Air Pollution,1966-01-01,,509 WEALTHY,49503.0,urban-centre
260810020,GR-MONROE,42.984173,-85.671339,186.0,Michigan,Kent,Grand Rapids,INDUSTRIAL,URBAN AND CENTER CITY,Grand Rapids Department Of Air Pollution,1980-04-24,,165 Monroe NW (Grand Rapids),49503.0,urban-centre
260810021,"1270 RANDOLPH, GRAND RAPIDS",42.938638,-85.671141,234.0,Michigan,Kent,Grand Rapids,INDUSTRIAL,URBAN AND CENTER CITY,"Michigan Dept Of Environment, Great Lakes, and Energy-Air Quality Division",1995-09-06,,"1276 RANDOLPH, GRAND RAPIDS",,urban-centre
260810022,APPROXIMATELY 1/4 MILE SOUTH OF 14 MILE RD - EVANS,43.176672,-85.416608,0.0,Michigan,Kent,Not in a City,RESIDENTIAL,RURAL,"Michigan Dept Of Environment, Great Lakes, and Energy-Air Quality Division",1998-11-01,,10300 14 MILE RD NE #B (EVANS),49341.0,rural
260810023,GRAND RAPIDS NEAR ROADWAY,42.885368,-85.679765,0.5,Michigan,Kent,Grand Rapids,COMMERCIAL,URBAN AND CENTER CITY,"Michigan Dept Of Environment, Great Lakes, and Energy-Air Quality Division",2023-10-01,,Grand Rapids Near Roadway,49548.0,urban-centre
260812002,260812002,42.913638,-85.68003,210.0,Michigan,Kent,Wyoming,COMMERCIAL,SUBURBAN,Grand Rapids Department Of Air Pollution,1981-05-04,,"521 28TH ST, SW",,urban-periphery
260839000,Isle Royale NP,47.9167,-89.150075,213.0,Michigan,Keweenaw,Not in a City,FOREST,RURAL,National Park Service,1988-06-01,,Isle Royale NP,49931.0,rural
260839001,260839001,47.459599,-88.149138,182.0,Michigan,Keweenaw,Not in a City,FOREST,RURAL,National Park Service,1999-11-17,,Isle Royale NP,,rural
260910007,"6792 RAISIN CENTER HWY, LENAWEE CO.RD.COMM.OWNER, TECUMSEH",41.995568,-83.946559,0.5,Michigan,Lenawee,Tecumseh,COMMERCIAL,SUBURBAN,"Michigan Dept Of Environment, Great Lakes, and Energy-Air Quality Division",1993-07-06,,6792 RAISEN CTR HWY (TECUMSEH),49286.0,urban-periphery
260990009,New Haven,42.731394,-82.793463,189.0,Michigan,Macomb,New Haven,COMMERCIAL,SUBURBAN,"Michigan Dept Of Environment, Great Lakes, and Energy-Air Quality Division",1980-07-14,,57700 GRATIOT (New Haven),48048.0,urban-periphery
260990021,Sterling Heights Freedom Hill,42.566455,-82.972668,0.0,Michigan,Macomb,Sterling Heights,COMMERCIAL,URBAN AND CENTER CITY,"Michigan Dept Of Environment, Great Lakes, and Energy-Air Quality Division",2006-11-22,,15000 METROPOLITAN PARKWAY (Sterling Heights-FH),48312.0,urban-centre
260991003,WARREN - FIRE STATION 29900 HOOVER AT COMMON,42.51334,-83.005971,188.0,Michigan,Macomb,Warren,RESIDENTIAL,SUBURBAN,"Michigan Dept Of Environment, Great Lakes, and Energy-Air Quality Division",1976-01-01,,29900 HOOVER (WARREN),48093.0,urban-periphery
261010922,261010922,44.307,-86.242649,0.0,Michigan,Manistee,Manistee,RESIDENTIAL,URBAN AND CENTER CITY,"Little River Band of Ottawa Indians, MI",2006-04-01,,3031 DOMRES RD (MANISTEE LRBOI),49660.0,urban-centre
261018001,261018001,44.22445,-85.818678,292.0,Michigan,Manistee,Not in a city,FOREST,RURAL,US EPA National Exposure Research Lab,1988-07-01,,"MANISTEE NATIONAL FOREST, MI SR55",,rural
261030013,"Negaunee Township, Off Pump House Road, Pump House #2",46.518119,-87.521557,0.5,Michigan,Marquette,Not in a City,RESIDENTIAL,RURAL,"Michigan Dept Of Environment, Great Lakes, and Energy-Air Quality Division",2024-04-24,,Pump House Road (Negaunee Township),49855.0,rural
261030926,261030926,46.583264,-87.394306,184.0,Michigan,Marquette,Marquette,RESIDENTIAL,SUBURBAN,Wisconsin Electric Power Company,1980-08-16,,"LAKESHORE BLVD., LAKESHORE CENTER",,urban-periphery
261030927,261030927,46.584931,-87.401806,184.0,Michigan,Marquette,Marquette,RESIDENTIAL,SUBURBAN,Wisconsin Electric Power Company,1980-08-16,,"LAKESHORE BLVD., LAKESHORE WEST",,urban-periphery
261050007,SCOTTVILLE - LOCATED 550 FT NORTH OF US10,43.953334,-86.294415,0.0,Michigan,Mason,Scottville,COMMERCIAL,SUBURBAN,"Michigan Dept Of Environment, Great Lakes, and Energy-Air Quality Division",1998-04-01,,525 W US10 (Scottville),49454.0,urban-periphery
261110007,261110007,43.609471,-84.216377,191.0,Michigan,Midland,Midland,COMMERCIAL,SUBURBAN,"Michigan Dept Of Environment, Great Lakes, and Energy-Air Quality Division",1984-07-18,,CONSUMERS POWER 1100 WASHINGTON,,urban-periphery
261110914,261110914,43.578916,-84.18943,191.0,Michigan,Midland,Midland,INDUSTRIAL,RURAL,Dow Chemical Company,1981-09-13,,"WALDO ROAD, LANDFILL (DOW-SLF)",,rural
261110915,261110915,43.601415,-84.191654,198.0,Michigan,Midland,Midland,RESIDENTIAL,SUBURBAN,Dow Corning,1983-01-24,,"LONGVIEW SCHOOL, 337 LEMKE",,urban-periphery
261110917,261110917,43.583083,-84.193875,193.0,Michigan,Midland,Midland,INDUSTRIAL,RURAL,Dow Chemical Company,1987-05-15,,SALZBURG ROAD  (DOW-SLF),,rural
261110918,RAILROAD TRACK SITE,43.578638,-84.195264,191.0,Michigan,Midland,Midland,INDUSTRIAL,RURAL,Dow Chemical Company,1987-05-15,,"SALZBURG RD, RRX (DOW-SLF)",,rural
261110920,261110920,43.593916,-84.195543,191.0,Michigan,Midland,Midland,INDUSTRIAL,SUBURBAN,Dow Corning,1989-06-21,,DOW CORNING LANDFILL NE 3901 S. SAGINAW,,urban-periphery
261110921,261110921,43.590027,-84.198598,191.0,Michigan,Midland,Midland,INDUSTRIAL,SUBURBAN,Dow Corning,1989-06-21,,DOW CORNING LANDFILL S. 3901 S. SAGINAW,,urban-periphery
261110951,WOOD PLATFORM,43.609194,-84.210544,0.0,Michigan,Midland,Midland,COMMERCIAL,RURAL,Dow Chemical Company,1991-05-18,,2514 S. SAGINAW ROAD,,rural
261110952,WOOD PLATFORM,43.610027,-84.221377,0.0,Michigan,Midland,Midland,COMMERCIAL,RURAL,Dow Chemical Company,1991-05-18,,500 E. LYON,,rural
261110953,WOOD PLATFORM,43.591416,-84.209431,0.0,Michigan,Midland,Midland,INDUSTRIAL,RURAL,Dow Chemical Company,1991-05-18,,3900 S. SAGINAW (DOW),,rural
261110954,WOOD PLATFORM,43.601416,-84.298881,0.0,Michigan,Midland,Midland,AGRICULTURAL,RURAL,Dow Chemical Company,1991-05-18,,1780 E. HUBERT ROAD,,rural
261110955,WOOD PLATFORM,43.589471,-84.221099,0.0,Michigan,Midland,Midland,INDUSTRIAL,RURAL,Dow Chemical Company,1991-05-18,,3900 S. SAGINAW (DOW),,rural
261110956,WOOD PLATFORM,43.618083,-84.2286,0.0,Michigan,Midland,Midland,RESIDENTIAL,SUBURBAN,Dow Chemical Company,1991-05-18,,2001 GEORGE ST.,,urban-periphery
261110957,WOOD PLATFORM,43.606693,-84.176931,0.0,Michigan,Midland,Midland,RESIDENTIAL,RURAL,Dow Chemical Company,1991-05-18,,4103 BAY CITY ROAD,,rural
261110959,261110959,43.576215,-84.321607,0.0,Michigan,Midland,Midland,AGRICULTURAL,RURAL,Dow Chemical Company,2002-09-01,,"BRINWELL 22P, STEWART RD (DOW)",,rural
261110960,261110960,43.60002,-84.200144,0.1,Michigan,Midland,Midland,COMMERCIAL,RURAL,Dow Chemical Company,2011-02-01,,NE CORNER 3900 S. SAGINAW (DOW),48667.0,rural
261130001,LOCATED ABOUT 1/4 MILE WEST OF SITE,44.310555,-84.891865,0.5,Michigan,Missaukee,Not in a City,FOREST,RURAL,"Michigan Dept Of Environment, Great Lakes, and Energy-Air Quality Division",1998-04-01,,1769 S JEFFS RD (Houghton Lake),49667.0,rural
261150005,"DEAN ROAD DEAD-ENDS AT SITE, 200 FT WEST",41.763936,-83.471878,0.0,Michigan,Monroe,Luna Pier,AGRICULTURAL,RURAL,"Michigan Dept Of Environment, Great Lakes, and Energy-Air Quality Division",1999-12-17,,"3229 EAST DEAN RD, ERIE, MI",,rural
261150006,STERLING STATE PARK,41.923582,-83.34573,0.01,Michigan,Monroe,Not in a City,RESIDENTIAL,URBAN AND CENTER CITY,"Michigan Dept Of Environment, Great Lakes, and Energy-Air Quality Division",2013-01-01,,2800 STATE PARK ROAD (STERLING STATE PARK),48162.0,urban-centre
261150951,DTE Energy Company,41.891712,-83.337431,177.0,Michigan,Monroe,Monroe,INDUSTRIAL,SUBURBAN,Detroit Edison Company,1983-04-06,,3500 E. FRONT STREET (DTE),,urban-periphery
261150953,DTE Energy,41.886989,-83.364098,175.0,Michigan,Monroe,Monroe,INDUSTRIAL,RURAL,Detroit Edison Company,1983-07-01,,8450 DUNBAR ROAD (DTE),,rural
261150963,BELLE RIVER MILLS COMPRESSOR STATION,41.891712,-83.337431,177.0,Michigan,Monroe,Monroe,INDUSTRIAL,SUBURBAN,Detroit Edison Company,2016-11-24,,5440 PUTTYGUT ROAD (BELLE RIVER MILLS COMPRESSOR STATION),,urban-periphery
261150964,REMER ROAD,41.891712,-83.337431,177.0,Michigan,Monroe,Not in a City,INDUSTRIAL,SUBURBAN,Detroit Edison Company,2016-11-24,,4490 NORTH RIVER ROAD,,urban-periphery
261190901,261190901,45.070566,-83.896384,229.0,Michigan,Montmorency,Not in a city,AGRICULTURAL,RURAL,L. F. C. Power Systems,1989-05-10,,INDUSTRIAL DRIVE,,rural
261190902,261190902,45.068621,-83.903329,229.0,Michigan,Montmorency,Not in a city,RESIDENTIAL,RURAL,L. F. C. Power Systems,1989-05-10,,CARING ST. OFF PROGRESS ST.,,rural
261210039,MUSKEGON,43.278061,-86.311083,190.0,Michigan,Muskegon,Muskegon,RESIDENTIAL,RURAL,"Michigan Dept Of Environment, Great Lakes, and Energy-Air Quality Division",1991-05-01,,1340 GREEN CREEK RD (Muskegon),49445.0,rural
261210040,"APPLE AVE, NORTH 375 FT; AMBROSIA ST, EAST 184 FT",43.233061,-86.23858,0.0,Michigan,Muskegon,Muskegon,COMMERCIAL,URBAN AND CENTER CITY,"Michigan Dept Of Environment, Great Lakes, and Energy-Air Quality Division",1998-12-18,,199 E APPLE AVE,49442.0,urban-centre
261215501,Lincoln Park Elementary School,43.19946,-86.29923,0.0,Michigan,Muskegon,Norton Shores,COMMERCIAL,URBAN AND CENTER CITY,US EPA/OAQPS,2009-06-30,,2951 Leon St,49441.0,urban-centre
261250001,Oak Park,42.463063,-83.183199,203.0,Michigan,Oakland,Oak Park,RESIDENTIAL,SUBURBAN,"Michigan Dept Of Environment, Great Lakes, and Energy-Air Quality Division",1981-01-09,,13701 OAK PARK BLVD (Oak Park),48237.0,urban-periphery
261250010,338 FEET NORTH TO I-696 FREEWAY,42.490313,-83.279931,0.0,Michigan,Oakland,Southfield,MOBILE,URBAN AND CENTER CITY,"Michigan Dept Of Environment, Great Lakes, and Energy-Air Quality Division",2001-03-01,,27542 NORTHWESTERN HWY,,urban-centre
261250011,Pontiac,42.635561,-83.319037,0.0,Michigan,Oakland,Pontiac,COMMERCIAL,SUBURBAN,"Michigan Dept Of Environment, Great Lakes, and Energy-Air Quality Division",2006-11-08,,"FIRE STATION #5, 787 WEST HURON (Pontiac)",48341.0,urban-periphery
261250012,Rochester Hills,42.679172,-83.130141,0.0,Michigan,Oakland,Rochester,COMMERCIAL,SUBURBAN,"Michigan Dept Of Environment, Great Lakes, and Energy-Air Quality Division",2007-03-13,,"FIRE STATION, 277 E 2ND STREET (ROCHESTER)",48307.0,urban-periphery
261250013,261250013,42.667943,-83.413033,0.1,Michigan,Oakland,Waterford,COMMERCIAL,SUBURBAN,"Michigan Dept Of Environment, Great Lakes, and Energy-Air Quality Division",2011-07-02,,"6330 N SERVICE DR ROW U, OAKLAND COUNTY INT'L AIRPORT",48327.0,urban-periphery
261390005,Jenison,42.894444,-85.852778,195.0,Michigan,Ottawa,Jenison,RESIDENTIAL,SUBURBAN,"Michigan Dept Of Environment, Great Lakes, and Energy-Air Quality Division",1989-04-01,,6981 28th Avenue (Jenison),49426.0,urban-periphery
261390008,50 FEET WEST OF MARGARET ST,42.905298,-86.213659,0.0,Michigan,Ottawa,Not in a city,RESIDENTIAL,RURAL,"Michigan Dept Of Environment, Great Lakes, and Energy-Air Quality Division",1997-06-02,,"CEDAR AVE, WEST OLIVE, MI",,rural
261390009,100 FEET SOUTH OF 8TH STREET,42.790023,-86.114485,0.0,Michigan,Ottawa,Holland,COMMERCIAL,URBAN AND CENTER CITY,"Michigan Dept Of Environment, Great Lakes, and Energy-Air Quality Division",1999-11-23,,"150 W 8TH STREET, HOLLAND, MI 49423",,urban-centre
261390010,NORTHBOUND 200 FT TO STREET,42.797245,-86.11032,0.0,Michigan,Ottawa,Holland,INDUSTRIAL,URBAN AND CENTER CITY,"Michigan Dept Of Environment, Great Lakes, and Energy-Air Quality Division",2001-04-07,,42 S. RIVER AVENUE,,urban-centre
261390011,WEST OLIVE,42.92361,-86.196487,0.1,Michigan,Ottawa,Not in a City,AGRICULTURAL,SUBURBAN,"Michigan Dept Of Environment, Great Lakes, and Energy-Air Quality Division",2015-01-01,,8578 HIAWATHA DRIVE (WEST OLIVE),49460.0,urban-periphery
261390924,"FELCH ST IS APPROX. 2,500 FT S OF SAMPLER",42.821136,-85.980595,0.0,Michigan,Ottawa,Zeeland,AGRICULTURAL,RURAL,Veeland Farm Services,1999-01-06,,8071 FELCH STREET,,rural
261390925,CHICAGO DR IS APPROX. 400 FT EAST OF SAMPLER,42.818081,-85.986428,0.0,Michigan,Ottawa,Zeeland,AGRICULTURAL,RURAL,Veeland Farm Services,1999-01-06,,84TH AND CHICAGO DRIVE,,rural
261390926,"I-196 IS APPROX. 1,000 FT SOUTH OF SAMPLER",42.811136,-85.98615,0.0,Michigan,Ottawa,Zeeland,INDUSTRIAL,RURAL,Veeland Farm Services,1999-01-06,,84TH @ ZEELAND FARM SERVICES,,rural
261390927,"I-196 IS APPROX. 2,500 FT SOUTH OF SAMPLER",42.807803,-85.990872,0.0,Michigan,Ottawa,Zeeland,AGRICULTURAL,SUBURBAN,Veeland Farm Services,1999-01-06,,LINCOLN ST (ZEELAND WASTE WATER PLANT),,urban-periphery
261410901,PRESQUE ISLE AIRPORT,45.410593,-83.825097,0.1,Michigan,Presque Isle,Manistee,COMMERCIAL,RURAL,"Fishbak, Thompson & Carr & Huber, MI",2007-04-03,,657 S BRADLEY HIGHWAY,49779.0,rural
261450001,261450001,43.453636,-83.935252,180.0,Michigan,Saginaw,Carrollton (Township of),COMMERCIAL,SUBURBAN,"Michigan Dept Of Environment, Great Lakes, and Energy-Air Quality Division",1985-03-02,,"CARROLLTON & RESERVE RDS., CARROLLTON",,urban-periphery
261470005,Port Huron,42.953336,-82.456229,186.0,Michigan,St. Clair,Port Huron,RESIDENTIAL,SUBURBAN,"Michigan Dept Of Environment, Great Lakes, and Energy-Air Quality Division",1981-02-28,,2525 Dove Street (Port Huron),48060.0,urban-periphery
261470031,PORT HURON-RURAL,42.982093,-82.45008,0.01,Michigan,St. Clair,Port Huron,RESIDENTIAL,URBAN AND CENTER CITY,"Michigan Dept Of Environment, Great Lakes, and Energy-Air Quality Division",2012-11-05,,324 RURAL ST (Port Huron - Rural St),48060.0,urban-centre
261530001,"Seney National Wildlife Refuge, Germfask, MI",46.288877,-85.950227,0.0,Michigan,Schoolcraft,Not in a City,FOREST,RURAL,"Michigan Dept Of Environment, Great Lakes, and Energy-Air Quality Division",1999-11-17,,Seney National Wildlife Refuge (Seney),49836.0,rural
261539000,261539000,46.288897,-85.950257,215.0,Michigan,Schoolcraft,Not in a City,FOREST,RURAL,National Park Service,1999-11-17,,Seney,49836.0,rural
261570001,261570001,43.368605,-83.569065,0.1,Michigan,Tuscola,Vassar,RESIDENTIAL,SUBURBAN,"Michigan Dept Of Environment, Great Lakes, and Energy-Air Quality Division",2011-09-30,,874 E HURON AVENUE,48768.0,urban-periphery
261578001,261578001,43.612519,-83.417735,198.0,Michigan,Tuscola,Not in a city,AGRICULTURAL,RURAL,US EPA National Exposure Research Lab,1988-07-01,,"6 MI SE UNIONVILLE,COLWOOD/DICKERSON INT",,rural
261579991,Unionville,43.6138,-83.3591,201.0,Michigan,Tuscola,Not in a City,AGRICULTURAL,RURAL,USEPA - Clean Air and Power Division,1988-05-20,,"1821 E. Dickerson Rd, Unionville, MI 48767",48767.0,rural
261590901,261590901,42.16893,-85.827787,268.0,Michigan,Van Buren,Lawton,AGRICULTURAL,RURAL,Upjohn,1991-07-15,,"LAWTON SITE, 880 2ND ST.",,rural
261610008,"YPSILANTI TOWNER ST, SOUTH;",42.240556,-83.599722,0.5,Michigan,Washtenaw,Ypsilanti,COMMERCIAL,URBAN AND CENTER CITY,"Michigan Dept Of Environment, Great Lakes, and Energy-Air Quality Division",1999-08-04,,555 TOWNER ST (Ypsilanti),48198.0,urban-centre
261618001,261618001,42.416979,-83.901889,267.0,Michigan,Washtenaw,Dexter,AGRICULTURAL,RURAL,US EPA National Exposure Research Lab,1988-07-01,,STRAWBERRY LAKE ROAD,,rural
261619991,Ann Arbor,42.416636,-83.902185,267.0,Michigan,Washtenaw,Not in a City,FOREST,RURAL,USEPA - Clean Air and Power Division,1988-04-14,,"10070 Strawberry Lake Rd, Dexter, MI 48130",48130.0,rural
261630001,Allen Park,42.228611,-83.208333,181.0,Michigan,Wayne,Allen Park,COMMERCIAL,SUBURBAN,"Michigan Dept Of Environment, Great Lakes, and Energy-Air Quality Division",1971-01-01,,14700 GODDARD (Allen Park),48101.0,urban-periphery
261630005,River Rouge,42.267231,-83.132086,177.0,Michigan,Wayne,River Rouge,INDUSTRIAL,SUBURBAN,"Michigan Dept Of Environment, Great Lakes, and Energy-Air Quality Division",1971-01-01,,315 GENESEE (RIVER ROUGE),48218.0,urban-periphery
261630015,DETROIT-SOUTHWEST (DET-SW),42.302778,-83.106667,180.0,Michigan,Wayne,Detroit,COMMERCIAL,URBAN AND CENTER CITY,"Michigan Dept Of Environment, Great Lakes, and Energy-Air Quality Division",1971-01-01,,150 Waterman St (Detroit-Southwest),48209.0,urban-centre
261630016,DET-LINWOOD,42.357808,-83.096033,191.0,Michigan,Wayne,Detroit,RESIDENTIAL,URBAN AND CENTER CITY,"Michigan Dept Of Environment, Great Lakes, and Energy-Air Quality Division",1971-01-05,,2451 MARQUETTE (Detroit-Linwood),48208.0,urban-centre
261630019,East 7 Mile,42.43084,-83.000138,192.0,Michigan,Wayne,Detroit,RESIDENTIAL,SUBURBAN,"Michigan Dept Of Environment, Great Lakes, and Energy-Air Quality Division",1971-01-01,,11600 East 7-Mile Road (Detroit-E7M),48205.0,urban-periphery
261630026,NORTH OF JOY RD./WEST OF SPINOZA/NEAR DETROIT POLICE HORSE STABLES,42.359175,-83.255146,0.0,Michigan,Wayne,Detroit,COMMERCIAL,SUBURBAN,"Michigan Dept Of Environment, Great Lakes, and Energy-Air Quality Division",1997-02-06,,22000 JOY ROAD (Detroit-Joy Rd),48228.0,urban-periphery
261630027,Yellow Freight,42.292231,-83.106807,178.0,Michigan,Wayne,Detroit,INDUSTRIAL,URBAN AND CENTER CITY,Wayne County Air Pollution Control Division,1982-04-01,,7701 W. JEFFERSON (Yellow Freight),48209.0,urban-centre
261630029,261630029,42.338094,-83.023531,183.0,Michigan,Wayne,Detroit,COMMERCIAL,URBAN AND CENTER CITY,US EPA National Exposure Research Lab,1986-01-01,,2211 E. JEFFERSON,,urban-centre
261630033,PROPERTY OWNED BY DEARBORN PUBLIC SCHOOLS,42.306666,-83.148889,0.0,Michigan,Wayne,Dearborn,INDUSTRIAL,SUBURBAN,"Michigan Dept Of Environment, Great Lakes, and Energy-Air Quality Division",1990-06-01,,2840 Wyoming Ave (Dearborn),48120.0,urban-periphery
261630035,261630035,42.155319,-83.171314,0.0,Michigan,Wayne,Grosse Ile (Township of),COMMERCIAL,SUBURBAN,Wayne County Air Pollution Control Division,1989-07-01,,24975 WEST RIVER RD,,urban-periphery
261630038,Newberry School,42.335008,-83.109563,0.0,Michigan,Wayne,Detroit,RESIDENTIAL,URBAN AND CENTER CITY,"Michigan Dept Of Environment, Great Lakes, and Energy-Air Quality Division",2004-12-26,,4045 29TH STREET,48210.0,urban-centre
261630039,FIA/Lafayette,42.323341,-83.068473,0.0,Michigan,Wayne,Detroit,RESIDENTIAL,URBAN AND CENTER CITY,"Michigan Dept Of Environment, Great Lakes, and Energy-Air Quality Division",2005-08-02,,2000 W. LAFAYETTE,48216.0,urban-centre
261630043,261630043,42.282817,-83.225767,0.0,Michigan,Wayne,Not in a City,RESIDENTIAL,URBAN AND CENTER CITY,"Michigan Dept Of Environment, Great Lakes, and Energy-Air Quality Division",2008-08-20,,18700 AUDETTE ST,,urban-centre
261630044,261630044,42.306119,-83.152826,0.0,Michigan,Wayne,Not in a City,INDUSTRIAL,SUBURBAN,"Michigan Dept Of Environment, Great Lakes, and Energy-Air Quality Division",2008-09-01,,300 MILLER ROAD,48124.0,urban-periphery
261630046,261630046,42.292842,-83.145612,0.01,Michigan,Wayne,Detroit,RESIDENTIAL,URBAN AND CENTER CITY,"Michigan Dept Of Environment, Great Lakes, and Energy-Air Quality Division",2010-07-31,,233 HEIDT STREET,48217.0,urban-centre
261630062,261630062,42.340871,-83.062421,610.0,Michigan,Wayne,Detroit,RESIDENTIAL,URBAN AND CENTER CITY,Wayne County Air Pollution Control Division,1991-09-19,,640 TEMPLE 2ND FLOOR,,urban-centre
261630077,261630077,42.254761,-83.182981,0.0,Michigan,Wayne,Lincoln Park,COMMERCIAL,SUBURBAN,Wayne County Air Pollution Control Division,1990-01-01,,1650 HOWARD STREET,,urban-periphery
261630078,261630078,42.233095,-83.206593,163.0,Michigan,Wayne,Allen Park,RESIDENTIAL,SUBURBAN,Wayne County Air Pollution Control Division,1992-07-17,,14500 MORAN,,urban-periphery
261630092,261630092,42.296149,-83.116867,180.0,Michigan,Wayne,Detroit,RESIDENTIAL,URBAN AND CENTER CITY,Wayne County Air Pollution Control Division,1986-11-28,,NAT'L CHEMICAL SERVICES 312 WEST END,,urban-centre
261630093,Eliza Howell-NR,42.385998,-83.266189,0.5,Michigan,Wayne,Detroit,RESIDENTIAL,URBAN AND CENTER CITY,"Michigan Dept Of Environment, Great Lakes, and Energy-Air Quality Division",2011-10-01,,23751 FENKELL ST (Eliza Howell-NR),48223.0,urban-centre
261630096,261630096,42.289349,-83.119562,0.0,Michigan,Wayne,Detroit,COMMERCIAL,URBAN AND CENTER CITY,"Michigan Dept Of Environment, Great Lakes, and Energy-Air Quality Division",2013-07-11,,8631 W JEFFERSON AVE,48209.0,urban-centre
261630097,NMH48217 NEW MT HERMAN CHURCH,42.261669,-83.157893,0.1,Michigan,Wayne,Detroit,RESIDENTIAL,URBAN AND CENTER CITY,"Michigan Dept Of Environment, Great Lakes, and Energy-Air Quality Division",2016-08-22,,3225 S DEACON ST (Detroit-NMH48217),48217.0,urban-centre
261630098,DP4th - Detroit Police 4th Precinct (near GHIB),42.312158,-83.091943,0.5,Michigan,Wayne,Detroit,RESIDENTIAL,URBAN AND CENTER CITY,"Michigan Dept Of Environment, Great Lakes, and Energy-Air Quality Division",2018-08-01,,4700 W FORT ST (Detroit-DP4th),48209.0,urban-centre
261630099,TRINITY ST MARKS - Gordy Howe International Bridge (GHIB),42.295824,-83.129431,0.5,Michigan,Wayne,Detroit,COMMERCIAL,URBAN AND CENTER CITY,"Michigan Dept Of Environment, Great Lakes, and Energy-Air Quality Division",2018-10-18,,9191 W FORT ST (Detroit-Trinity),48209.0,urban-centre
261630100,Military Park (GHIB),42.312078,-83.103469,0.5,Michigan,Wayne,Detroit,RESIDENTIAL,URBAN AND CENTER CITY,"Michigan Dept Of Environment, Great Lakes, and Energy-Air Quality Division",2018-11-01,,1238 MILITARY ST (Detroit-Military Park),48209.0,urban-centre
261630101,Livonia Near Roadway (Livonia-NR),42.393574,-83.431948,0.5,Michigan,Wayne,Detroit,COMMERCIAL,URBAN AND CENTER CITY,"Michigan Dept Of Environment, Great Lakes, and Energy-Air Quality Division",2023-10-01,,Livonia Near Roadway (Livonia-NR),48170.0,urban-centre
261630102,DETROIT-NORTH TBD,,,0.5,Michigan,Wayne,Detroit,COMMERCIAL,URBAN AND CENTER CITY,"Michigan Dept Of Environment, Great Lakes, and Energy-Air Quality Division",2024-07-01,,(Detroit-North) TBD HAMTRAMCK,,urban-centre
261630902,261630902,42.238928,-83.335487,192.0,Michigan,Wayne,Romulus,COMMERCIAL,SUBURBAN,"National Climatic Center, Us Department Of Commerce",1985-08-05,,"NAT.WEATHER SERV.,BUILDING348,ROMULUS",,urban-periphery
261631005,NORTHWEST,42.289449,-83.153435,0.1,Michigan,Wayne,Detroit,INDUSTRIAL,URBAN AND CENTER CITY,Marathon Oil,2012-01-01,,1300 S FORT ST (MARATHON-1N),48217.0,urban-centre
261631006,West corner,42.283069,-83.161145,0.1,Michigan,Wayne,Detroit,INDUSTRIAL,URBAN AND CENTER CITY,Marathon Oil,2012-01-01,,1300 S FORT ST (MARATHON-2AW),48217.0,urban-centre
261631007,(Southwest side),42.281089,-83.160225,0.1,Michigan,Wayne,Detroit,INDUSTRIAL,URBAN AND CENTER CITY,Marathon Oil,2012-01-01,,1300 S FORT ST (MARATHON-2B),48217.0,urban-centre
261631008,(Northeast corner),42.281869,-83.151415,0.1,Michigan,Wayne,Detroit,INDUSTRIAL,URBAN AND CENTER CITY,Marathon Oil,2012-01-01,,1300 S FORT ST (MARATHON-4E),48217.0,urban-centre
261631009,MARK TWAIN MIDDLE SCHOOL,42.270009,-83.162585,0.1,Michigan,Wayne,Detroit,INDUSTRIAL,URBAN AND CENTER CITY,Marathon Oil,2012-01-01,,12800 VISGER ST (MARATHON-MKT),48217.0,urban-centre
261631010,261631010,42.290767,-83.12066,0.1,Michigan,Wayne,Detroit,INDUSTRIAL,URBAN AND CENTER CITY,Detroit Water and Sewage Department,2015-11-01,,9300 W JEFFERSON,48209.0,urban-centre
261631012,FCA Mack Avenue Assembly Plant,42.388405,-82.979793,0.05,Michigan,Wayne,Detroit,INDUSTRIAL,URBAN AND CENTER CITY,Fiat Chrysler Automobiles (FCA),2020-11-01,,"11570 Warren Ave Detroit, MI 48212 (FCA)",,urban-centre
261631013,Stellantis-FCA Mack Avenue Assembly Plant Fiat Chrylser Automobiles,42.388405,-82.979793,0.5,Michigan,Wayne,Detroit,INDUSTRIAL,URBAN AND CENTER CITY,Fiat Chrysler Automobiles (FCA),2020-11-01,,11570 Warren Ave (Stellantis/FCA),,urban-centre
261635502,Spain Elementary School,42.35059,-83.05242,0.0,Michigan,Wayne,Detroit,COMMERCIAL,URBAN AND CENTER CITY,US EPA/OAQPS,2009-07-29,,3700 Beaubien St,48201.0,urban-centre
261639901,261639901,42.250039,-83.199926,176.83,Michigan,Wayne,Allen Park,INDUSTRIAL,URBAN AND CENTER CITY,Illinois State Water Survey,2003-12-17,,Unavailable,,urban-centre
261659991,Hoxeyville,44.18089,-85.738985,305.0,Michigan,Wexford,Not in a City,FOREST,RURAL,USEPA - Clean Air and Power Division,2000-10-28,,"10637 S 9 Rd, Cadillac, MI 49601",49601.0,rural
270031001,Cedar Creek,45.40184,-93.20306,280.0,Minnesota,Anoka,East Bethel,FOREST,RURAL,"Minnesota Pollution Control Agency, Division Of Air Quality",1979-05-01,,2660 Fawn Rd.,55005.0,rural
270031002,Anoka County Airport,45.13768,-93.207615,280.0,Minnesota,Anoka,Blaine,COMMERCIAL,SUBURBAN,"Minnesota Pollution Control Agency, Division Of Air Quality",1979-05-01,,9399 Lima St,55449.0,urban-periphery
270036021,Federal Cartridge,45.2035,-93.3723,392.88,Minnesota,Anoka,Anoka,INDUSTRIAL,SUBURBAN,"Minnesota Pollution Control Agency, Division Of Air Quality",2022-12-01,,1055 W Main St,55303.0,urban-periphery
270052013,FWS Wetland Management District,46.851811,-95.846272,0.0,Minnesota,Becker,Detroit Lakes,FOREST,RURAL,"Minnesota Pollution Control Agency, Division Of Air Quality",2004-10-13,,26624 NORTH TOWER ROAD,56501.0,rural
270072302,"KITCHAGAMI REGIONAL LIBRARY, 1 STORY BUILDING",47.473285,-94.884721,0.0,Minnesota,Beltrami,Bemidji,COMMERCIAL,URBAN AND CENTER CITY,"Minnesota Pollution Control Agency, Division Of Air Quality",1998-10-02,,"509 AMERICA AVE.,BEMIDJI,MN 56601",,urban-centre
270072303,Red Lake District,47.877222,-95.01222,369.4,Minnesota,Beltrami,Red Lake,RESIDENTIAL,RURAL,"Minnesota Pollution Control Agency, Division Of Air Quality",2011-01-01,,"Box 499, Red Lake, MN 56671",56670.0,rural
270072304,Red Lake Nation,47.878159,-95.029172,369.0,Minnesota,Beltrami,Red Lake,RESIDENTIAL,RURAL,"Minnesota Pollution Control Agency, Division Of Air Quality",2014-10-01,,24760 Hospital Drive,,rural
270072305,Red Lake Nation DNR,47.8796,-95.0166,369.13,Minnesota,Beltrami,Not in a City,RESIDENTIAL,RURAL,"Minnesota Pollution Control Agency, Division Of Air Quality",2024-01-01,,15761 High School Drive,56671.0,rural
270075501,270075501,47.870095,-95.03395,3900.0,Minnesota,Beltrami,Not in a City,COMMERCIAL,RURAL,"Red Lake Band of Chippewa Indians, MN",2010-11-01,,"24900 Elementary St., Red Lake, MN 56671",56671.0,rural
270075502,Ponemah School,48.021336,-94.912264,414.0,Minnesota,Beltrami,Ponemah,COMMERCIAL,URBAN AND CENTER CITY,"Red Lake Band of Chippewa Indians, MN",2011-05-31,,"25039 Abinoojeenh Dr., Ponemah, MN  56666",56666.0,urban-centre
270079991,"Red Lake Band of Chippewa Indians, Minnesota",47.8638,-94.8352,372.0,Minnesota,Beltrami,Not in a City,FOREST,RURAL,USEPA - Clean Air and Power Division,2014-08-25,,15761 High School Drive,56670.0,rural
270135501,270135501,44.217605,-93.994774,251.0,Minnesota,Blue Earth,Not in a City,INDUSTRIAL,RURAL,"Minnesota Pollution Control Agency, Division Of Air Quality",2014-09-02,,3501 3rd Ave,56001.0,rural
270135502,270135502,44.208687,-93.988836,251.0,Minnesota,Blue Earth,Not in a City,INDUSTRIAL,RURAL,"Minnesota Pollution Control Agency, Division Of Air Quality",2014-09-14,,3501 3rd Ave,56001.0,rural
270135510,Rosa Parks Elementary,44.1364,-93.9813,311.0,Minnesota,Blue Earth,Mankato,RESIDENTIAL,SUBURBAN,"Minnesota Pollution Control Agency, Division Of Air Quality",2024-07-01,,1001 Heron Drive,56001.0,urban-periphery
270170013,270170013,46.726054,-92.449357,360.0,Minnesota,Carlton,Cloquet,INDUSTRIAL,URBAN AND CENTER CITY,"Minnesota Pollution Control Agency, Division Of Air Quality",1988-10-06,,KNIFE FALLS DAM,,urban-centre
270176312,270176312,46.726332,-92.428246,363.0,Minnesota,Carlton,Not in a City,INDUSTRIAL,RURAL,Potlatch Corporation,1989-07-21,,SAMPLER #2 - HULTBERG RD - NE OF CLOQUET,,rural
270176314,270176314,46.72161,-92.431023,354.0,Minnesota,Carlton,Not in a City,INDUSTRIAL,RURAL,Potlatch Corporation,1989-11-06,,SAMPLER #4 - LANDFILL SITE,,rural
270176315,270176315,46.723554,-92.437412,361.0,Minnesota,Carlton,Not in a city,INDUSTRIAL,RURAL,Potlatch Corporation,1989-09-01,,SAMPLER # 1A - MILL ENTRANCE & HWY 45,,rural
270176318,270176318,46.70911,-92.424635,351.0,Minnesota,Carlton,Not in a city,FOREST,RURAL,Potlatch Corporation,1990-01-01,,SCANLON DAM - HIGHWAY 45,,rural
270176319,270176319,46.724068,-92.437936,120.0,Minnesota,Carlton,Cloquet,RESIDENTIAL,RURAL,"Minnesota Pollution Control Agency, Division Of Air Quality",2000-01-01,,2201 AVE. B,,rural
270177416,Fond du Lac Band 7416,46.70527,-92.52377,378.0,Minnesota,Carlton,Cloquet,FOREST,RURAL,"Minnesota Chippewa Tribe, MN (Fond du Lac Band)",2001-05-24,,175 UNIVERSITY RD,55720.0,rural
270177417,Fond du Lac Band,46.713694,-92.511722,433.0,Minnesota,Carlton,Cloquet,COMMERCIAL,RURAL,"Minnesota Pollution Control Agency, Division Of Air Quality",2015-03-17,,28 University Road,55720.0,rural
270210001,Leech Lake Nation: Chatfield,47.159942,-94.150987,3.86,Minnesota,Cass,Not in a City,RESIDENTIAL,RURAL,"Minnesota Chippewa Tribe, MN (Leech Lake Band)",2002-06-15,,,,rural
270213410,Leech Lake Nation:,47.38443,-94.60166,408.0,Minnesota,Cass,Cass Lake,RESIDENTIAL,SUBURBAN,"Minnesota Pollution Control Agency, Division Of Air Quality",2017-12-18,,200 Sailstar Drive NW,56633.0,urban-periphery
270215501,Leech Lake School Air Toxics,47.374,-94.605,404.986,Minnesota,Cass,Not in a City,RESIDENTIAL,RURAL,"Minnesota Chippewa Tribe, MN (Leech Lake Band)",2011-07-01,,"108 3rd St. SW, Cass Lake, MN  56633",56633.0,rural
270290001,270290001,47.383847,-95.519467,462.0,Minnesota,Clearwater,Not in a City,AGRICULTURAL,RURAL,White Earth Reservation,1984-01-01,,"COMM. CENTER,RICE LAKE VILL., RT. 2,BAGL",,rural
270317810,Grand Portage Band,47.972085,-89.69098,125.0,Minnesota,Cook,Not in a City,FOREST,RURAL,"Minnesota Chippewa Tribe, MN (Grand Portage)",2005-12-12,,27 Store Rd.,55605.0,rural
270353202,Fort Ripley,46.164666,-94.359379,0.0,Minnesota,Crow Wing,Not in a City,AGRICULTURAL,RURAL,"Minnesota Pollution Control Agency, Division Of Air Quality",2000-10-03,,"HIGHWAY 371, FT. RIPLEY, MN",,rural
270353204,Brainerd Lakes Regional Airport,46.39674,-94.1303,381.0,Minnesota,Crow Wing,Brainerd,FOREST,RURAL,"Minnesota Pollution Control Agency, Division Of Air Quality",2004-10-13,,16384 AIRPORT RD,56401.0,rural
270370008,270370008,44.756911,-93.017991,276.0,Minnesota,Dakota,Rosemount,INDUSTRIAL,SUBURBAN,Koch Refining Company,1988-12-01,,HWY 52 & HWY 55,,urban-periphery
270370009,270370009,44.773578,-93.036603,280.0,Minnesota,Dakota,Rosemount,INDUSTRIAL,SUBURBAN,Koch Refining Company,1989-02-14,,HWY 52 & 117TH STREET,,urban-periphery
270370020,Flint Hills Refinery 420,44.76323,-93.03255,288.0,Minnesota,Dakota,Rosemount,INDUSTRIAL,RURAL,"Minnesota Pollution Control Agency, Division Of Air Quality",1972-01-01,,12821 PINE BEND TRAIL,55068.0,rural
270370021,270370021,44.742188,-93.129106,0.0,Minnesota,Dakota,Not in a city,RESIDENTIAL,SUBURBAN,"Minnesota Pollution Control Agency, Division Of Air Quality",1973-01-01,,SR HIGH SCHOOL (ROSE MOUNT),,urban-periphery
270370025,270370025,44.771356,-93.032436,287.0,Minnesota,Dakota,Not in a city,INDUSTRIAL,RURAL,"Minnesota Pollution Control Agency, Division Of Air Quality",1984-01-01,,"NE OF KOCH REFINERY, PINE BEND",,rural
270370026,270370026,44.778855,-93.048825,284.0,Minnesota,Dakota,Not in a city,INDUSTRIAL,RURAL,"Minnesota Pollution Control Agency, Division Of Air Quality",1984-01-01,,"NW OF KOCH REFINERY, PINE BEND",,rural
270370027,270370027,44.769688,-93.057715,266.0,Minnesota,Dakota,Not in a city,INDUSTRIAL,RURAL,"Minnesota Pollution Control Agency, Division Of Air Quality",1984-01-01,,"W OF KOCH REFINERY, PINE BEND",,rural
270370028,270370028,44.746356,-93.042714,263.0,Minnesota,Dakota,Not in a city,INDUSTRIAL,RURAL,"Minnesota Pollution Control Agency, Division Of Air Quality",1984-01-01,,"S OF KOCH REFINERY, PINE BEND",,rural
270370423,Flint Hills Refinery 423,44.77553,-93.06299,272.0,Minnesota,Dakota,Rosemount,INDUSTRIAL,RURAL,"Minnesota Pollution Control Agency, Division Of Air Quality",1990-09-01,,2142 120TH STREET EAST,55068.0,rural
270370424,270370424,44.779688,-93.062437,264.0,Minnesota,Dakota,Inver Grove Heights (RR name Inver Grove),AGRICULTURAL,RURAL,"Minnesota Pollution Control Agency, Division Of Air Quality",1990-09-01,,11680 RICH VALLEY BOULEVARD,,rural
270370425,270370425,44.79958,-93.072866,277.0,Minnesota,Dakota,Inver Grove Heights (RR name Inver Grove),AGRICULTURAL,RURAL,"Minnesota Pollution Control Agency, Division Of Air Quality",1990-09-01,,1911 105TH STREET EAST.,,rural
270370426,270370426,44.773003,-93.033072,287.0,Minnesota,Dakota,Not in a city,INDUSTRIAL,RURAL,"Minnesota Pollution Control Agency, Division Of Air Quality",1990-09-01,,NE OF PLANT FACILITY,,rural
270370427,270370427,44.759548,-93.01847,276.0,Minnesota,Dakota,Rosemount,INDUSTRIAL,SUBURBAN,"Minnesota Pollution Control Agency, Division Of Air Quality",1991-01-01,,HWY 52 & HWY 55-1/4 ML SE OF ACID PLANT,,urban-periphery
270370428,270370428,44.792188,-93.085494,294.0,Minnesota,Dakota,Inver Grove Heights (RR name Inver Grove),AGRICULTURAL,RURAL,"Minnesota Pollution Control Agency, Division Of Air Quality",1991-11-23,,"10880 AKRON AVE, INVER GROVE HEIGHTS  MN",,rural
270370439,Flint Hills Refinery 439,44.748006,-93.04348,0.0,Minnesota,Dakota,Rosemount,INDUSTRIAL,RURAL,"Minnesota Pollution Control Agency, Division Of Air Quality",1998-05-13,,"CNTY 38 S. OF KOCK, WEST OF MN 52",,rural
270370442,Flint Hills Refinery 442,44.73857,-93.00496,263.0,Minnesota,Dakota,Rosemount,AGRICULTURAL,RURAL,"Minnesota Pollution Control Agency, Division Of Air Quality",2000-05-30,,COUNTY RD 42,55068.0,rural
270370443,Flint Hills Refinery 443,44.745662,-93.05541,265.0,Minnesota,Dakota,Rosemount,INDUSTRIAL,RURAL,"Minnesota Pollution Control Agency, Division Of Air Quality",2007-01-01,,"14035 Blaine Ae. E., Rosemount, MN",55068.0,rural
270370462,270370462,44.833299,-93.116607,273.0,Minnesota,Dakota,Eagan,INDUSTRIAL,RURAL,Gopher Smelting And Refining,1989-02-03,,S. HWY 149 & YANKEE DOODLE ROAD,,rural
270370463,270370463,44.834688,-93.119107,276.0,Minnesota,Dakota,Eagan,INDUSTRIAL,RURAL,Gopher Smelting And Refining,1989-02-03,,NW OF PLANT FACILITY AT 3385 S. HWY 149,,rural
270370465,Gopher Resources,44.83431,-93.11622,281.0,Minnesota,Dakota,Eagan,INDUSTRIAL,SUBURBAN,"Minnesota Pollution Control Agency, Division Of Air Quality",2006-01-01,,149 & Yankee Doodle Rd.,55121.0,urban-periphery
270370470,Apple Valley,44.73846,-93.23725,306.0,Minnesota,Dakota,Apple Valley,RESIDENTIAL,SUBURBAN,"Minnesota Pollution Control Agency, Division Of Air Quality",2000-10-03,,225 GARDEN VIEW DRIVE,55124.0,urban-periphery
270370480,Near Road I-35,44.706123,-93.285803,312.0,Minnesota,Dakota,Lakeville,COMMERCIAL,SUBURBAN,"Minnesota Pollution Control Agency, Division Of Air Quality",2015-01-01,,16750 Kenyon Ave,55044.0,urban-periphery
270371001,270371001,44.7583,-93.017991,281.0,Minnesota,Dakota,Rosemount,INDUSTRIAL,RURAL,"Minnesota Pollution Control Agency, Division Of Air Quality",1985-01-01,,"13155 COURT HOUSE BLVD., ROSEMONT",,rural
270379049,270379049,44.811076,-93.251611,214.0,Minnesota,Dakota,Burnsville,INDUSTRIAL,SUBURBAN,Northern States Power Company,1992-08-27,,1500 FT NE OF BLACK DOG PLANT ON PLT PRO,,urban-periphery
270412010,Alexandria toxics site,45.883295,-95.380316,0.0,Minnesota,Douglas,Alexandria,RESIDENTIAL,URBAN AND CENTER CITY,"Minnesota Pollution Control Agency, Division Of Air Quality",1996-09-06,,"ALEXANDRIA, DOUGLAS COUNTY",,urban-centre
270412110,Brandon Township,45.968217,-95.605594,0.0,Minnesota,Douglas,Not in a City,AGRICULTURAL,RURAL,"Minnesota Pollution Control Agency, Division Of Air Quality",2000-10-03,,7208 COUNTY RD. 16 NW,,rural
270475401,Albert Lea City Hall,43.650235,-93.366599,0.0,Minnesota,Freeborn,Albert Lea,COMMERCIAL,URBAN AND CENTER CITY,"Minnesota Pollution Control Agency, Division Of Air Quality",1999-10-01,,"221 CLARK ST,ALBERT LEA, MN 56007",,urban-centre
270490004,270490004,44.564968,-92.53519,216.0,Minnesota,Goodhue,Red Wing,RESIDENTIAL,URBAN AND CENTER CITY,"Minnesota Pollution Control Agency, Division Of Air Quality",1982-07-10,,LIBRARY - 225 BROADWAY ST.,,urban-centre
270490005,270490005,44.565246,-92.53519,216.0,Minnesota,Goodhue,Red Wing,RESIDENTIAL,URBAN AND CENTER CITY,"Minnesota Pollution Control Agency, Division Of Air Quality",1987-06-26,,604 MAIN STREET,,urban-centre
270495302,Stanton Air Field,44.473754,-93.012611,300.0,Minnesota,Goodhue,Not in a City,AGRICULTURAL,RURAL,"Minnesota Pollution Control Agency, Division Of Air Quality",2003-05-12,,1235 HIGHWAY 19,55018.0,rural
270495356,MPCA SITE 5356,44.39762,-92.831439,0.0,Minnesota,Goodhue,Not in a city,AGRICULTURAL,RURAL,"Minnesota Pollution Control Agency, Division Of Air Quality",1996-09-01,,LEO TOWNSHIP GOODHUE COUNTY,,rural
270530054,270530054,44.959965,-93.263836,268.0,Minnesota,Hennepin,Minneapolis,RESIDENTIAL,URBAN AND CENTER CITY,"Minnesota Pollution Control Agency, Division Of Air Quality",1980-09-24,,"MT SANAI HOSPITAL, 2215 PARK AVENUE",,urban-centre
270530057,270530057,44.992188,-93.257725,254.0,Minnesota,Hennepin,Minneapolis,RESIDENTIAL,URBAN AND CENTER CITY,"Minnesota Pollution Control Agency, Division Of Air Quality",1981-01-01,,318 4TH STREET NE,,urban-centre
270530058,270530058,44.978576,-93.275503,262.0,Minnesota,Hennepin,Minneapolis,COMMERCIAL,URBAN AND CENTER CITY,"Minnesota Pollution Control Agency, Division Of Air Quality",1986-01-01,,704 HENNEPIN AVE.,,urban-centre
270530059,270530059,44.948576,-93.285503,0.0,Minnesota,Hennepin,Minneapolis,COMMERCIAL,URBAN AND CENTER CITY,"Minnesota Pollution Control Agency, Division Of Air Quality",1987-01-01,,3002 HENNEPIN AVENUE SOUTH,,urban-centre
270530260,MPCA SITE 0260,45.032742,-93.421064,0.0,Minnesota,Hennepin,Minneapolis,RESIDENTIAL,SUBURBAN,"Minnesota Pollution Control Agency, Division Of Air Quality",1996-09-06,,HENNEPIN CNTY RD 9 & ZACHERY,,urban-periphery
270530908,270530908,45.012102,-93.27767,248.0,Minnesota,Hennepin,Not in a City,INDUSTRIAL,URBAN AND CENTER CITY,"Minnesota Pollution Control Agency, Division Of Air Quality",2013-01-01,,3104 Pacific Street,55411.0,urban-centre
270530909,Lowry Avenue,45.012102,-93.276699,248.4,Minnesota,Hennepin,Minneapolis,INDUSTRIAL,URBAN AND CENTER CITY,"Minnesota Pollution Control Agency, Division Of Air Quality",2013-01-01,,3104 Pacific Street,55411.0,urban-centre
270530910,Pacific Street,45.008297,-93.277041,249.0,Minnesota,Hennepin,Minneapolis,INDUSTRIAL,URBAN AND CENTER CITY,"Minnesota Pollution Control Agency, Division Of Air Quality",2015-06-01,,2710 North Pacific Street,55411.0,urban-centre
270530915,MPS Maintenance Center,44.990833,-93.294722,260.0,Minnesota,Hennepin,Minneapolis,RESIDENTIAL,URBAN AND CENTER CITY,"Minnesota Pollution Control Agency, Division Of Air Quality",2025-09-01,,1225 N 7th St,55411.0,urban-centre
270530953,270530953,45.002466,-93.247725,256.0,Minnesota,Hennepin,Minneapolis,COMMERCIAL,URBAN AND CENTER CITY,"Minnesota Pollution Control Agency, Division Of Air Quality",1989-08-09,,1404 CENTRAL AVENUE NE,,urban-centre
270530954,Hennepin Center for the Arts,44.980995,-93.273719,259.0,Minnesota,Hennepin,Minneapolis,COMMERCIAL,URBAN AND CENTER CITY,"Minnesota Pollution Control Agency, Division Of Air Quality",1989-07-12,,528 HENNEPIN AVENUE,55401.0,urban-centre
270530955,270530955,44.948298,-93.299393,269.0,Minnesota,Hennepin,Minneapolis,COMMERCIAL,URBAN AND CENTER CITY,"Minnesota Pollution Control Agency, Division Of Air Quality",1992-04-20,,"1422 WEST LAKE STREET SUITE 210, MPLS",,urban-centre
270530956,MPCA SITE 0956,45.007187,-93.277448,0.0,Minnesota,Hennepin,Minneapolis,INDUSTRIAL,URBAN AND CENTER CITY,"Minnesota Pollution Control Agency, Division Of Air Quality",1996-09-24,,"2710 PACIFIC ST. MINNEAPOLIS, MN",,urban-centre
270530957,Camden Industrial Area,45.021076,-93.28217,0.0,Minnesota,Hennepin,Minneapolis,INDUSTRIAL,URBAN AND CENTER CITY,"Minnesota Pollution Control Agency, Division Of Air Quality",1996-11-19,,3636 WASHINGTON AVE N,55412.0,urban-centre
270530958,MPCA SITE 0958 1997/1998 AIR TOXICS SITE,44.926076,-93.204666,0.0,Minnesota,Hennepin,Minneapolis,RESIDENTIAL,URBAN AND CENTER CITY,"Minnesota Pollution Control Agency, Division Of Air Quality",1997-09-24,,"4200 W RIVER PARKWAY MPLS, MN, 55406",,urban-centre
270530959,MPCA SITE 0959 INTER PLASTICS,45.003866,-93.236924,0.0,Minnesota,Hennepin,Minneapolis,INDUSTRIAL,URBAN AND CENTER CITY,"Minnesota Pollution Control Agency, Division Of Air Quality",1998-10-14,,"2112 BROADWAY STREET NE, MPLS",,urban-centre
270530960,Phillips Community Center,44.959409,-93.256892,0.0,Minnesota,Hennepin,Minneapolis,RESIDENTIAL,URBAN AND CENTER CITY,"Minnesota Pollution Control Agency, Division Of Air Quality",1999-04-14,,2323 11TH AVE SOUTH,55404.0,urban-centre
270530961,Richfield Intermediate School,44.87551,-93.25892,262.0,Minnesota,Hennepin,Richfield,RESIDENTIAL,SUBURBAN,"Minnesota Pollution Control Agency, Division Of Air Quality",1999-04-12,,7020 12TH AVE S.,55423.0,urban-periphery
270530962,Near Road I-35/I-94,44.965242,-93.254759,259.0,Minnesota,Hennepin,Minneapolis,RESIDENTIAL,URBAN AND CENTER CITY,"Minnesota Pollution Control Agency, Division Of Air Quality",2013-01-01,,1444 E 18th St,55404.0,urban-centre
270530963,Andersen School,44.95366,-93.25821,267.0,Minnesota,Hennepin,Minneapolis,RESIDENTIAL,URBAN AND CENTER CITY,"Minnesota Pollution Control Agency, Division Of Air Quality",2001-01-01,,2727 10th Ave. S.,55407.0,urban-centre
270530964,MSP Airport,44.888551,-93.195377,1.0,Minnesota,Hennepin,Not in a City,COMMERCIAL,SUBURBAN,"Minnesota Pollution Control Agency, Division Of Air Quality",2002-02-01,,MSP AIRPORT BUILDING 6301,,urban-periphery
270530966,City of Lakes Building,44.97944,-93.26613,300.0,Minnesota,Hennepin,Minneapolis,COMMERCIAL,URBAN AND CENTER CITY,"Minnesota Pollution Control Agency, Division Of Air Quality",2002-10-07,,309 2nd Ave. S.,55401.0,urban-centre
270530969,Wenonah Elementary School,44.90057,-93.23828,257.0,Minnesota,Hennepin,Minneapolis,RESIDENTIAL,SUBURBAN,"Minnesota Pollution Control Agency, Division Of Air Quality",2005-04-08,,5625 23rd Ave. S.,55417.0,urban-periphery
270530971,270530971,45.003158,-93.278895,40.0,Minnesota,Hennepin,Minneapolis,INDUSTRIAL,URBAN AND CENTER CITY,"Minnesota Pollution Control Agency, Division Of Air Quality",2009-08-01,,2300 N Second St,55411.0,urban-centre
270530980,PAH 980,44.949981,-93.252426,256.883,Minnesota,Hennepin,Minneapolis,RESIDENTIAL,URBAN AND CENTER CITY,"Minnesota Pollution Control Agency, Division Of Air Quality",2013-06-01,,Bloomington Ave & Midtown Greenway,55407.0,urban-centre
270530981,PAH 981,44.950054,-93.268946,263.751,Minnesota,Hennepin,Minneapolis,RESIDENTIAL,URBAN AND CENTER CITY,"Minnesota Pollution Control Agency, Division Of Air Quality",2013-06-01,,5th Ave S and Midtown Greenway,55408.0,urban-centre
270530982,PAH 982,44.951576,-93.244816,258.315,Minnesota,Hennepin,Minneapolis,RESIDENTIAL,URBAN AND CENTER CITY,"Minnesota Pollution Control Agency, Division Of Air Quality",2013-06-01,,Midtown Greenway & E 28th St,55407.0,urban-centre
270530983,270530983,44.95253,-93.26587,263.156,Minnesota,Hennepin,Minneapolis,RESIDENTIAL,URBAN AND CENTER CITY,"Minnesota Pollution Control Agency, Division Of Air Quality",2013-06-01,,Park Ave South between 26th and 28th street,55407.0,urban-centre
270530984,270530984,44.95428,-93.25112,250.0,Minnesota,Hennepin,Minneapolis,RESIDENTIAL,URBAN AND CENTER CITY,"Minnesota Pollution Control Agency, Division Of Air Quality",2013-06-01,,Bloomington Ave between 26th and 27th streets,55407.0,urban-centre
270530985,270530985,44.956838,-93.247263,257.842,Minnesota,Hennepin,Minneapolis,RESIDENTIAL,URBAN AND CENTER CITY,"Minnesota Pollution Control Agency, Division Of Air Quality",2013-06-01,,Little Earth parking lot off Cedar Ave,55404.0,urban-centre
270530986,270530986,44.957046,-93.244683,257.774,Minnesota,Hennepin,Minneapolis,RESIDENTIAL,URBAN AND CENTER CITY,"Minnesota Pollution Control Agency, Division Of Air Quality",2013-06-01,,Little Earth community garden,55404.0,urban-centre
270530987,270530987,44.95768,-93.25625,250.0,Minnesota,Hennepin,Minneapolis,RESIDENTIAL,URBAN AND CENTER CITY,"Minnesota Pollution Control Agency, Division Of Air Quality",2013-06-01,,E 25th between 12th & 13th Aves,55404.0,urban-centre
270530988,270530988,44.958036,-93.268839,263.84,Minnesota,Hennepin,Minneapolis,RESIDENTIAL,URBAN AND CENTER CITY,"Minnesota Pollution Control Agency, Division Of Air Quality",2013-06-01,,5th Ave S between 24th & 25th Sts,55404.0,urban-centre
270530989,270530989,44.959377,-93.248687,258.255,Minnesota,Hennepin,Minneapolis,RESIDENTIAL,URBAN AND CENTER CITY,"Minnesota Pollution Control Agency, Division Of Air Quality",2013-06-01,,East Phillips Park,55404.0,urban-centre
270530990,270530990,44.96189,-93.262937,255.725,Minnesota,Hennepin,Minneapolis,RESIDENTIAL,URBAN AND CENTER CITY,"Minnesota Pollution Control Agency, Division Of Air Quality",2013-06-01,,CHICAGO AVE SOUTH OF FRANKLIN AVE,55404.0,urban-centre
270530991,270530991,44.964992,-93.261434,258.449,Minnesota,Hennepin,Minneapolis,RESIDENTIAL,URBAN AND CENTER CITY,"Minnesota Pollution Control Agency, Division Of Air Quality",2013-06-01,,E 18th St between Park and Elliot Aves,55404.0,urban-centre
270530992,270530992,44.965411,-93.24799,250.0,Minnesota,Hennepin,Minneapolis,RESIDENTIAL,URBAN AND CENTER CITY,"Minnesota Pollution Control Agency, Division Of Air Quality",2013-06-01,,Peace Garden Site,55404.0,urban-centre
270530993,270530993,44.966352,-93.274931,261.502,Minnesota,Hennepin,Minneapolis,RESIDENTIAL,URBAN AND CENTER CITY,"Minnesota Pollution Control Agency, Division Of Air Quality",2013-06-01,,E 17th St between Stevens & 2nd Ave,55403.0,urban-centre
270531007,Humboldt Avenue,45.03972,-93.29874,263.0,Minnesota,Hennepin,Minneapolis,RESIDENTIAL,SUBURBAN,"Minnesota Pollution Control Agency, Division Of Air Quality",1966-01-01,,4646 North Humboldt,55412.0,urban-periphery
270531901,Little Earth Residental Complex,44.95809,-93.24891,283.0,Minnesota,Hennepin,Minneapolis,RESIDENTIAL,URBAN AND CENTER CITY,"Minnesota Pollution Control Agency, Division Of Air Quality",2013-10-01,,2438 18th Ave S,55404.0,urban-centre
270531902,270531902,44.95809,-93.24891,283.0,Minnesota,Hennepin,Minneapolis,RESIDENTIAL,URBAN AND CENTER CITY,"Minnesota Pollution Control Agency, Division Of Air Quality",2014-01-01,,2438 18th Ave S,55404.0,urban-centre
270531904,Greenway Neighborhood,44.95208,-93.24428,259.0,Minnesota,Hennepin,Minneapolis,INDUSTRIAL,URBAN AND CENTER CITY,"Minnesota Pollution Control Agency, Division Of Air Quality",2014-07-01,,1930 Midtown Greenway,55407.0,urban-centre
270531905,Harrison Neighborhood,44.981393,-93.300703,260.0,Minnesota,Hennepin,Minneapolis,RESIDENTIAL,URBAN AND CENTER CITY,"Minnesota Pollution Control Agency, Division Of Air Quality",2014-10-01,,1600 Glenwood Ave,55405.0,urban-centre
270531906,Lyndale Neighborhood,44.946341,-93.277353,267.0,Minnesota,Hennepin,Minneapolis,COMMERCIAL,URBAN AND CENTER CITY,"Minnesota Pollution Control Agency, Division Of Air Quality",2015-01-01,,3101 Nicollet Ave,55408.0,urban-centre
270531909,Bottineau / Marshall Terrace,45.013611,-93.272049,253.0,Minnesota,Hennepin,Minneapolis,COMMERCIAL,URBAN AND CENTER CITY,"Minnesota Pollution Control Agency, Division Of Air Quality",2017-01-01,,2522 Marshall St. NE,55418.0,urban-centre
270532006,St. Louis Park City Hall,44.94805,-93.34315,272.0,Minnesota,Hennepin,St. Louis Park,RESIDENTIAL,SUBURBAN,"Minnesota Pollution Control Agency, Division Of Air Quality",1972-01-01,,5005 Minnetonka Blvd.,55416.0,urban-periphery
270535501,Minnesota International Middle Charter School,44.990398,-93.282245,0.0,Minnesota,Hennepin,Minneapolis,COMMERCIAL,URBAN AND CENTER CITY,US EPA/OAQPS,2009-07-27,,277 12th Ave N,55401.0,urban-centre
270576300,270576300,47.384953,-94.746383,413.0,Minnesota,Hubbard,Not in a city,INDUSTRIAL,RURAL,Potlatch Corporation,1989-01-16,,HIGHWAY 2 - EAST OF BEMIDJI,,rural
270610007,270610007,47.267167,-93.622159,403.0,Minnesota,Itasca,Not in a city,RESIDENTIAL,RURAL,"Minnesota Pollution Control Agency, Division Of Air Quality",1984-01-01,,COHASSET,,rural
270610008,270610008,47.330493,-93.188255,410.0,Minnesota,Itasca,Not in a city,INDUSTRIAL,RURAL,"Minnesota Pollution Control Agency, Division Of Air Quality",1984-01-01,,SWAN LAKE,,rural
270610009,270610009,47.415213,-93.154084,460.0,Minnesota,Itasca,Not in a city,AGRICULTURAL,RURAL,"Minnesota Pollution Control Agency, Division Of Air Quality",1984-01-01,,LITTLE SWEDEN,,rural
270610010,270610010,47.200222,-93.472992,408.0,Minnesota,Itasca,Not in a city,AGRICULTURAL,RURAL,"Minnesota Pollution Control Agency, Division Of Air Quality",1984-01-01,,SE OF GRAND RAPIDS,,rural
270610011,270610011,47.271881,-93.152144,408.0,Minnesota,Itasca,Not in a city,AGRICULTURAL,RURAL,"Minnesota Pollution Control Agency, Division Of Air Quality",1984-01-01,,HART LAKE,,rural
270610012,270610012,47.320494,-93.299369,442.0,Minnesota,Itasca,Not in a city,COMMERCIAL,URBAN AND CENTER CITY,"Minnesota Pollution Control Agency, Division Of Air Quality",1984-01-01,,MARBLE,,urban-centre
270611105,Itaska County Courthouse,47.236699,-93.526411,0.0,Minnesota,Itasca,Grand Rapids,COMMERCIAL,URBAN AND CENTER CITY,"Minnesota Pollution Control Agency, Division Of Air Quality",2000-10-03,,123 NE 4TH ST.,,urban-centre
270616234,270616234,47.396889,-93.075625,448.847,Minnesota,Itasca,Keewatin,COMMERCIAL,SUBURBAN,"Minnesota Pollution Control Agency, Division Of Air Quality",2010-01-01,,127 1/2 1st Ave W,55769.0,urban-periphery
270674110,Willmar,45.112271,-95.040357,0.0,Minnesota,Kandiyohi,Willmar,COMMERCIAL,URBAN AND CENTER CITY,"Minnesota Pollution Control Agency, Division Of Air Quality",2000-10-03,,201 SOUTHEAST WILMAR AVE.,,urban-centre
270674415,7231 HIGHWAY 23 SW,45.06728,-95.142353,0.0,Minnesota,Kandiyohi,Not in a City,AGRICULTURAL,RURAL,"Minnesota Pollution Control Agency, Division Of Air Quality",2000-11-10,,7231 HIGHWAY 23,56282.0,rural
270710012,270710012,48.605953,-93.403025,343.0,Minnesota,Koochiching,International Falls,INDUSTRIAL,URBAN AND CENTER CITY,"Minnesota Pollution Control Agency, Division Of Air Quality",1986-01-01,,4TH AVE. & 2ND STREET,,urban-centre
270710101,Voyageurs NP - Black Bay,48.587703,-93.172922,343.0,Minnesota,Koochiching,Not in a City,FOREST,RURAL,National Park Service,1986-11-01,,VOYAGEURS NP,,rural
270711240,LOCATED IN PENTHOUSE ATOP CUSTOMS BUILDING,48.605216,-93.402371,0.0,Minnesota,Koochiching,International Falls,INDUSTRIAL,URBAN AND CENTER CITY,"Minnesota Pollution Control Agency, Division Of Air Quality",1994-08-04,,2 SECOND AVE,,urban-centre
270711241,"MPCA SITE 1241, AIR TOXICS SITE",48.605216,-93.406538,0.0,Minnesota,Koochiching,International Falls,RESIDENTIAL,URBAN AND CENTER CITY,"Minnesota Pollution Control Agency, Division Of Air Quality",1996-09-01,,"INTERNATIONAL FALLS, KOOCHICHING COUNTY",,urban-centre
270750005,Boundary Waters,47.948622,-91.495574,528.0,Minnesota,Lake,Not in a City,FOREST,RURAL,"Minnesota Pollution Control Agency, Division Of Air Quality",1977-01-01,,Fernberg Road,55731.0,rural
270750017,270750017,47.946285,-91.496233,528.0,Minnesota,Lake,Not in a city,UNKNOWN,RURAL,"Minnesota Pollution Control Agency, Division Of Air Quality",1982-01-01,,FERNBERG RD. 18 MILES NE OF ELY,,rural
270751006,270751006,47.268815,-91.284471,0.0,Minnesota,Lake,Not in a City,RESIDENTIAL,RURAL,"Minnesota Pollution Control Agency, Division Of Air Quality",1969-01-01,,BEAVER BAY SIGN 8 MI FROM C R 4,55614.0,rural
270751009,North Shore Mining Industrial Site NM18,47.294316,-91.259031,229.0,Minnesota,Lake,Silver Bay,INDUSTRIAL,SUBURBAN,"Minnesota Pollution Control Agency, Division Of Air Quality",1972-01-01,,1/2 MILE FROM PELLETIZER,55614.0,urban-periphery
270752001,270752001,47.0191,-91.667399,197.0,Minnesota,Lake,Two Harbors,INDUSTRIAL,SUBURBAN,Duluth Missabe And Iron Range Railway Company,1977-01-01,,BETWEEN 4TH & 5TH STS ON SOUTH AVENUE,,urban-periphery
270752002,270752002,47.023544,-91.686287,0.0,Minnesota,Lake,Two Harbors,INDUSTRIAL,RURAL,"Minnesota Pollution Control Agency, Division Of Air Quality",1977-01-01,,TWO HARBORS CEMETERY,,rural
270757608,MPCA SITE 7608,47.296309,-91.264331,0.0,Minnesota,Lake,Silver Bay,RESIDENTIAL,URBAN AND CENTER CITY,"Minnesota Pollution Control Agency, Division Of Air Quality",1999-10-01,,"45 BANKS BOULEVARD, SILVERBAY MN 55614",,urban-centre
270757630,270757630,47.286865,-91.267108,0.0,Minnesota,Lake,Silver Bay,INDUSTRIAL,RURAL,"Minnesota Pollution Control Agency, Division Of Air Quality",1990-01-01,,MILE POST 1 PIPELINE ROAD CNM#5,,rural
270757631,270757631,47.291865,-91.266275,0.0,Minnesota,Lake,Silver Bay,INDUSTRIAL,RURAL,"Minnesota Pollution Control Agency, Division Of Air Quality",1990-01-01,,RADIO TOWER HILL CNM#6,,rural
270757632,North Shore Mining Industrial Site NM7,47.29131,-91.267386,0.0,Minnesota,Lake,Silver Bay,INDUSTRIAL,RURAL,"Minnesota Pollution Control Agency, Division Of Air Quality",1990-01-01,,MINNESOTA POWER SUBSTATION CNM#7,,rural
270757634,270757634,47.276533,-91.272697,0.0,Minnesota,Lake,Silver Bay,INDUSTRIAL,RURAL,"Minnesota Pollution Control Agency, Division Of Air Quality",1990-01-01,,SCENIC OVERLOOK SW OF PLANT CNM10&CNM10A,55614.0,rural
270757635,270757635,47.284365,-91.266831,0.0,Minnesota,Lake,Silver Bay,INDUSTRIAL,RURAL,"Minnesota Pollution Control Agency, Division Of Air Quality",1990-01-01,,MILE POST 2 ON PIPELINE ROAD CNM#11,,rural
270757640,North Shore Mining Industrial Site NM19; replaces NM10,47.27439,-91.274863,200.0,Minnesota,Lake,Silver Bay,INDUSTRIAL,RURAL,"Minnesota Pollution Control Agency, Division Of Air Quality",2012-01-01,,99 Beach Dr,55614.0,rural
270757641,Silver Bay Drinking Water Plant - South Sampler,47.300788,-91.242719,199.644,Minnesota,Lake,Silver Bay,COMMERCIAL,RURAL,Cyprus Northshore Mining,2010-01-01,,Silver Bay Drinking Water Plant,55614.0,rural
270757714,270757714,47.01665,-91.666804,602.0,Minnesota,Lake,Two Harbors,COMMERCIAL,URBAN AND CENTER CITY,"Minnesota Pollution Control Agency, Division Of Air Quality",2003-01-01,,PAUL VAN HOVEN PARK - TWO HARBORS,,urban-centre
270759000,270759000,47.946598,-91.495663,527.0,Minnesota,Lake,Not in a City,FOREST,RURAL,National Park Service,1991-08-14,,Boundary Waters Canoe Area,161.0,rural
270834210,Southwest Minnesota Regional Airport,44.4438,-95.81789,361.0,Minnesota,Lyon,Marshall,AGRICULTURAL,RURAL,"Minnesota Pollution Control Agency, Division Of Air Quality",2004-10-13,,WEST HIGHWAY 19,56258.0,rural
270870001,270870001,47.325792,-95.69503,442.0,Minnesota,Mahnomen,Not in a city,AGRICULTURAL,RURAL,"Minnesota Pollution Control Agency, Division Of Air Quality",1984-01-01,,"CHIPPEWA RANCH,STAR ROUTE,MAHNOMEN",,rural
270953051,Mille Lacs Band,46.2053,-93.75945,393.0,Minnesota,Mille Lacs,Onamia,FOREST,RURAL,"Minnesota Pollution Control Agency, Division Of Air Quality",1997-06-17,,43408 Oodena Dr,56359.0,rural
270973049,AIR TOXICS MONITOR,45.971127,-94.347481,0.0,Minnesota,Morrison,Little Falls,RESIDENTIAL,URBAN AND CENTER CITY,"Minnesota Pollution Control Agency, Division Of Air Quality",1996-09-01,,"LITTLE FALLS, MORRISON COUNTY, MN",,urban-centre
271090023,271090023,44.023498,-92.456809,311.0,Minnesota,Olmsted,Rochester,COMMERCIAL,URBAN AND CENTER CITY,Olmstead County Health Department,1980-07-26,,415 4TH ST SE,,urban-centre
271090024,271090024,44.019656,-92.457443,306.0,Minnesota,Olmsted,Rochester,INDUSTRIAL,URBAN AND CENTER CITY,"Minnesota Pollution Control Agency, Division Of Air Quality",1984-01-01,,"WELL HOUSE #20, 323 FOURTH ST SE",,urban-centre
271095008,Ben Franklin School,43.996908,-92.450366,0.0,Minnesota,Olmsted,Rochester,RESIDENTIAL,SUBURBAN,"Minnesota Pollution Control Agency, Division Of Air Quality",1997-09-25,,1801 9th Ave. SE,55904.0,urban-periphery
271095009,Folwell School,44.016284,-92.485781,330.0,Minnesota,Olmsted,Rochester,RESIDENTIAL,URBAN AND CENTER CITY,"Minnesota Pollution Control Agency, Division Of Air Quality",2005-06-02,,603 15 Ave SW.,55902.0,urban-centre
271112005,1997/1998 MN AIR TOXICS SITE,46.281349,-96.074225,0.0,Minnesota,Otter Tail,Fergus Falls,RESIDENTIAL,URBAN AND CENTER CITY,"Minnesota Pollution Control Agency, Division Of Air Quality",1997-09-25,,112 W WASHINGTON PO BOX 866 FERGUS FALLS,,urban-centre
271112012,PRAIRIE WINDS MIDDLE SCHOOL,46.586904,-95.584209,0.0,Minnesota,Otter Tail,Not in a city,RESIDENTIAL,SUBURBAN,"Minnesota Pollution Control Agency, Division Of Air Quality",1999-10-01,,"480 CONEY STREET, PERHAM, MN 56573",,urban-periphery
271151400,MPCA SITE 1400,46.121338,-92.999927,0.0,Minnesota,Pine,Not in a city,AGRICULTURAL,RURAL,"Minnesota Pollution Control Agency, Division Of Air Quality",1996-09-06,,RR#1 BOX 288 SANDSTONE MN. 55072,,rural
271153061,Lake Lena,46.011578,-92.487317,302.4,Minnesota,Pine,Hinckley,RESIDENTIAL,RURAL,"Minnesota Pollution Control Agency, Division Of Air Quality",2023-07-01,,63144 MN-48,55037.0,rural
271153100,Hinckley Casino,46.009952,-92.899092,0.0,Minnesota,Pine,Not in a City,COMMERCIAL,RURAL,"Minnesota Pollution Control Agency, Division Of Air Quality",1999-07-22,,777 LADY LUCK ROAD HINCKLEY MN. 55037,,rural
271174002,MPCA SITE 4002 AIR TOXICS STUDY,43.997422,-96.320099,0.0,Minnesota,Pipestone,Pipestone,RESIDENTIAL,URBAN AND CENTER CITY,"Minnesota Pollution Control Agency, Division Of Air Quality",1996-09-01,,"PIPESTONE, PIPESTONE COUNTY",,urban-centre
271230001,271230001,44.990522,-93.186612,299.0,Minnesota,Ramsey,Falcon Heights,RESIDENTIAL,SUBURBAN,"Minnesota Pollution Control Agency, Division Of Air Quality",1986-01-01,,LARPENTEUR & CLEVELAND,,urban-periphery
271230041,271230041,44.979966,-93.182722,276.0,Minnesota,Ramsey,St. Paul,INDUSTRIAL,SUBURBAN,"Minnesota Pollution Control Agency, Division Of Air Quality",1980-08-31,,"COMMONWEALTH TERRACE, 1250 FIFIELD",,urban-periphery
271230042,271230042,44.955799,-93.166332,283.0,Minnesota,Ramsey,St. Paul,MOBILE,URBAN AND CENTER CITY,"Minnesota Pollution Control Agency, Division Of Air Quality",1981-01-01,,1569 UNIVERSITY AVE.,,urban-centre
271230043,271230043,44.956077,-93.166332,283.0,Minnesota,Ramsey,St. Paul,COMMERCIAL,SUBURBAN,"Minnesota Pollution Control Agency, Division Of Air Quality",1982-01-01,,1549 UNIVERSITY AVENUE,,urban-periphery
271230044,University and Snelling,44.955799,-93.16661,284.0,Minnesota,Ramsey,St. Paul,COMMERCIAL,URBAN AND CENTER CITY,"Minnesota Pollution Control Agency, Division Of Air Quality",1983-01-01,,1549 UNIVERSITY AVENUE,55104.0,urban-centre
271230045,271230045,44.955799,-93.166888,283.0,Minnesota,Ramsey,St. Paul,COMMERCIAL,URBAN AND CENTER CITY,"Minnesota Pollution Control Agency, Division Of Air Quality",1983-01-01,,1549 UNIVERSITY AVENUE,,urban-centre
271230046,271230046,44.96691,-93.20689,259.0,Minnesota,Ramsey,St. Paul,INDUSTRIAL,URBAN AND CENTER CITY,"Minnesota Pollution Control Agency, Division Of Air Quality",1983-01-01,,2650 UNIVERSITY AVENUE,,urban-centre
271230047,271230047,44.902466,-93.019382,215.0,Minnesota,Ramsey,St. Paul,INDUSTRIAL,SUBURBAN,"Minnesota Pollution Control Agency, Division Of Air Quality",1986-01-01,,1303 RED ROCK ROAD,,urban-periphery
271230049,271230049,44.960522,-93.188278,265.0,Minnesota,Ramsey,St. Paul,COMMERCIAL,URBAN AND CENTER CITY,"Minnesota Pollution Control Agency, Division Of Air Quality",1987-01-01,,2145 WEST UNIVERSITY AVE.,,urban-centre
271230050,Lexington Avenue,44.9558,-93.14585,286.0,Minnesota,Ramsey,St. Paul,COMMERCIAL,URBAN AND CENTER CITY,"Minnesota Pollution Control Agency, Division Of Air Quality",1987-01-01,,1088 WEST UNIVERSITY AVE.,55104.0,urban-centre
271230051,271230051,44.955799,-93.105775,263.0,Minnesota,Ramsey,St. Paul,COMMERCIAL,URBAN AND CENTER CITY,"Minnesota Pollution Control Agency, Division Of Air Quality",1987-01-01,,117 WEST UNIVERSITY AVE.,,urban-centre
271230052,271230052,44.991355,-93.166055,291.0,Minnesota,Ramsey,St. Paul,COMMERCIAL,URBAN AND CENTER CITY,"Minnesota Pollution Control Agency, Division Of Air Quality",1987-01-01,,LARPENTEUR & SNELLING AVE.,,urban-centre
271230818,Hollman Field,44.926753,-93.059292,216.0,Minnesota,Ramsey,St. Paul,INDUSTRIAL,URBAN AND CENTER CITY,"Minnesota Pollution Control Agency, Division Of Air Quality",2016-01-01,,719 Eaton Street,55107.0,urban-centre
271230864,Larpenteur Avenue,44.99191,-93.183278,305.0,Minnesota,Ramsey,Falcon Heights,RESIDENTIAL,SUBURBAN,"Minnesota Pollution Control Agency, Division Of Air Quality",1989-10-01,,2077 WEST LARPENTEUR AVENUE,,urban-periphery
271230865,Science Museum of Minnesota,44.950244,-93.098552,244.0,Minnesota,Ramsey,St. Paul,COMMERCIAL,URBAN AND CENTER CITY,"Minnesota Pollution Control Agency, Division Of Air Quality",1993-05-26,,TENTH STREET & WABASHA AVENUE,,urban-centre
271230866,Red Rock Road,44.89926,-93.01708,232.0,Minnesota,Ramsey,St. Paul,INDUSTRIAL,SUBURBAN,"Minnesota Pollution Control Agency, Division Of Air Quality",1995-12-19,,1450 RED ROCK ROAD,55119.0,urban-periphery
271230867,TOP OF 400 E. UNIVERSITY ACROSS FROM ASHBOCK SAND/GRAV & KAPLAN RECY,44.957466,-93.086886,0.0,Minnesota,Ramsey,St. Paul,INDUSTRIAL,URBAN AND CENTER CITY,"Minnesota Pollution Control Agency, Division Of Air Quality",1996-07-17,,"400 E. UNIVERSITY AVE., ST. PAUL, MN",,urban-centre
271230868,Ramsey Health Center,44.95072,-93.09827,251.0,Minnesota,Ramsey,St. Paul,COMMERCIAL,URBAN AND CENTER CITY,"Minnesota Pollution Control Agency, Division Of Air Quality",1998-02-17,,555 CEDAR STREET,55101.0,urban-centre
271230870,LOCATED ON ROOF OF DNR SOUTHERN DISTRICT SERVICE CENTER,44.943919,-93.050309,0.0,Minnesota,Ramsey,St. Paul,COMMERCIAL,SUBURBAN,"Minnesota Pollution Control Agency, Division Of Air Quality",1998-05-05,,"1200 WARNER RD ST PAUL, MN 55106",,urban-periphery
271230871,Harding High School,44.95939,-93.03587,296.0,Minnesota,Ramsey,St. Paul,RESIDENTIAL,SUBURBAN,"Minnesota Pollution Control Agency, Division Of Air Quality",1998-10-02,,1540 EAST 6TH STREET,55106.0,urban-periphery
271230873,BATTLE CREEK MIDDLE SCHOOL  HAPS SPECIAL STUDY  MPCA SITE 0873,44.944966,-93.01216,0.0,Minnesota,Ramsey,St. Paul,RESIDENTIAL,SUBURBAN,"Minnesota Pollution Control Agency, Division Of Air Quality",1999-04-03,,"2121 N. PARK DRIVE, ST. PAUL",,urban-periphery
271230875,West Side,44.9271,-93.0671,296.0,Minnesota,Ramsey,St. Paul,INDUSTRIAL,URBAN AND CENTER CITY,"Minnesota Pollution Control Agency, Division Of Air Quality",2020-02-06,,515 Concord St,55107.0,urban-centre
271230880,St. Paul Brass,44.9606,-93.1383,281.0,Minnesota,Ramsey,St. Paul,RESIDENTIAL,URBAN AND CENTER CITY,"Minnesota Pollution Control Agency, Division Of Air Quality",2025-06-01,,911 Lafond Ave,55104.0,urban-centre
271230890,271230890,44.9667,-93.0642,256.0,Minnesota,Ramsey,St. Paul,INDUSTRIAL,SUBURBAN,"Minnesota Pollution Control Agency, Division Of Air Quality",2024-02-01,,842 Mendota St,55106.0,urban-periphery
271231003,Vandalia Street,44.96133,-93.19019,299.0,Minnesota,Ramsey,St. Paul,COMMERCIAL,URBAN AND CENTER CITY,St Paul Air Pollution Control Agency,1965-01-01,,2179 UNIVERSITY AVENUE,55114.0,urban-centre
271231902,Thomas-Dale Neighborhood,44.957263,-93.126951,271.0,Minnesota,Ramsey,St. Paul,RESIDENTIAL,URBAN AND CENTER CITY,"Minnesota Pollution Control Agency, Division Of Air Quality",2014-01-01,,533 North Dale Street,55104.0,urban-centre
271231903,West Side Neighborhood,44.927318,-93.067534,217.0,Minnesota,Ramsey,St. Paul,RESIDENTIAL,URBAN AND CENTER CITY,"Minnesota Pollution Control Agency, Division Of Air Quality",2014-04-01,,401 Concord St.,55107.0,urban-centre
271231907,Payne-Phalen Neighborhood,44.971539,-93.082984,266.0,Minnesota,Ramsey,St. Paul,RESIDENTIAL,URBAN AND CENTER CITY,"Minnesota Pollution Control Agency, Division Of Air Quality",2015-04-01,,409 Case Ave E,55155.0,urban-centre
271231908,South St. Anthony Park,44.973096,-93.199879,273.0,Minnesota,Ramsey,St. Paul,RESIDENTIAL,URBAN AND CENTER CITY,"Minnesota Pollution Control Agency, Division Of Air Quality",2016-01-01,,2265 Robbins Street,55114.0,urban-centre
271236030,White Bear Township NW,45.075542,-93.033778,285.0,Minnesota,Ramsey,Not in a City,INDUSTRIAL,SUBURBAN,"Minnesota Pollution Control Agency, Division Of Air Quality",2019-09-12,,1584 Whitaker St.,55110.0,urban-periphery
271236031,White Bear Township E,45.074799,-93.030755,285.0,Minnesota,Ramsey,Not in a City,INDUSTRIAL,SUBURBAN,"Minnesota Pollution Control Agency, Division Of Air Quality",2019-09-12,,4400 Otter Lake Road,55110.0,urban-periphery
271238801,3M Center - Site 1,44.95,-92.99,305.7,Minnesota,Ramsey,Maplewood,INDUSTRIAL,URBAN AND CENTER CITY,"Minnesota Pollution Control Agency, Division Of Air Quality",2018-06-27,,McKnight Rd,55119.0,urban-centre
271238802,3M site 2,44.96,-93.0,990.0,Minnesota,Ramsey,Maplewood,INDUSTRIAL,URBAN AND CENTER CITY,"Minnesota Pollution Control Agency, Division Of Air Quality",2018-06-27,,McKnight Rd,55119.0,urban-centre
271238803,3M met site,44.96,-93.0,355.0,Minnesota,Ramsey,Maplewood,INDUSTRIAL,URBAN AND CENTER CITY,"Minnesota Pollution Control Agency, Division Of Air Quality",2018-06-27,,McKnight Rd,55119.0,urban-centre
271294401,MPCA SITE 4401 & 4402,44.659066,-94.951406,0.0,Minnesota,Renville,Not in a city,AGRICULTURAL,RURAL,"Minnesota Pollution Control Agency, Division Of Air Quality",1996-10-16,,"RURAL ROUTE 1 OLIVIA, MN",,rural
271339000,Blue Mounds,43.71579,-96.191613,473.0,Minnesota,Rock,Not in a City,FOREST,RURAL,National Park Service,2002-01-01,,Blue Mounds,56156.0,rural
271339901,271339901,43.6333,-96.216977,438.41,Minnesota,Rock,Not in a city,AGRICULTURAL,RURAL,Illinois State Water Survey,2003-11-01,,Unavailable,,rural
271352401,MPCA 2401 1997/1998 AIR TOXICS SITE,48.911655,-95.328294,0.0,Minnesota,Roseau,Not in a city,COMMERCIAL,SUBURBAN,"Minnesota Pollution Control Agency, Division Of Air Quality",1997-09-25,,"510 CEDAR AVE WARROAD, MN 56763",,urban-periphery
271370002,271370002,47.708806,-91.940436,456.0,Minnesota,Saint Louis,Babbitt,RESIDENTIAL,SUBURBAN,"Minnesota Pollution Control Agency, Division Of Air Quality",1981-11-06,,J WM BRYANT SCHOOL,,urban-periphery
271370018,Torrey Building,46.78362,-92.10251,188.0,Minnesota,Saint Louis,Duluth,COMMERCIAL,URBAN AND CENTER CITY,St Louis County Health Department,1976-01-01,,314 W. Superior St.,55802.0,urban-centre
271370024,271370024,46.815772,-92.091856,347.0,Minnesota,Saint Louis,Duluth,RESIDENTIAL,URBAN AND CENTER CITY,St Louis County Health Department,1980-06-26,,19TH AVENUE E & COLLEGE ST-UMD,,urban-centre
271370025,271370025,46.751608,-92.139913,194.0,Minnesota,Saint Louis,Duluth,INDUSTRIAL,URBAN AND CENTER CITY,"Minnesota Pollution Control Agency, Division Of Air Quality",1980-07-14,,37TH AVE. W. AND ONEOTA,,urban-centre
271370028,271370028,46.685497,-92.21047,210.0,Minnesota,Saint Louis,Duluth,INDUSTRIAL,SUBURBAN,"Minnesota Pollution Control Agency, Division Of Air Quality",1981-06-03,,1467 88TH AVENUE W.,,urban-periphery
271370030,271370030,46.749108,-92.139913,189.0,Minnesota,Saint Louis,Duluth,INDUSTRIAL,URBAN AND CENTER CITY,"Minnesota Pollution Control Agency, Division Of Air Quality",1984-01-01,,"37TH ACE W & ST. LOUIS BAY, ITALLET DUCK",,urban-centre
271370031,271370031,46.757718,-92.110468,184.0,Minnesota,Saint Louis,Duluth,INDUSTRIAL,SUBURBAN,"Minnesota Pollution Control Agency, Division Of Air Quality",1985-01-01,,"MINN. GRAIN INSPECTION BLDG., 716 GARFIE",,urban-periphery
271370032,Oneota Street,46.75154,-92.14127,193.0,Minnesota,Saint Louis,Duluth,INDUSTRIAL,URBAN AND CENTER CITY,"Minnesota Pollution Control Agency, Division Of Air Quality",1985-01-01,,37th Ave W. & Oneota St.,55807.0,urban-centre
271370033,271370033,46.730219,-92.192692,193.0,Minnesota,Saint Louis,Duluth,INDUSTRIAL,SUBURBAN,"Minnesota Pollution Control Agency, Division Of Air Quality",1986-01-01,,300 CENTRAL AVENUE SOUTH,,urban-periphery
271370034,Voyageurs NP #2,48.41252,-92.829225,427.0,Minnesota,Saint Louis,Not in a City,FOREST,RURAL,National Park Service,1988-03-02,,VOYAGEURS NATIONAL PARK,55771.0,rural
271371004,271371004,47.414377,-92.948522,466.0,Minnesota,Saint Louis,Hibbing,RESIDENTIAL,SUBURBAN,"Minnesota Pollution Control Agency, Division Of Air Quality",1984-01-01,,"6 TH WEST & 31ST STREET, AINSLEY RES.",,urban-periphery
271371011,271371011,46.868549,-92.050187,366.0,Minnesota,Saint Louis,Not in a city,AGRICULTURAL,RURAL,"Minnesota Pollution Control Agency, Division Of Air Quality",1981-01-01,,"UMD RESEARCH STATION, JEAN DULUTH ROAD",,rural
271371013,271371013,47.260493,-93.025197,411.0,Minnesota,Saint Louis,Not in a city,AGRICULTURAL,RURAL,"Minnesota Pollution Control Agency, Division Of Air Quality",1984-01-01,,SILICA,,rural
271371014,271371014,47.409933,-93.008247,460.0,Minnesota,Saint Louis,Not in a city,RESIDENTIAL,SUBURBAN,"Minnesota Pollution Control Agency, Division Of Air Quality",1984-01-01,,KELLY LAKE,,urban-periphery
271371015,271371015,47.487152,-92.79185,442.0,Minnesota,Saint Louis,Not in a city,INDUSTRIAL,RURAL,"Minnesota Pollution Control Agency, Division Of Air Quality",1984-01-01,,BUHL,,rural
271371017,271371017,47.36049,-93.000193,459.0,Minnesota,Saint Louis,Not in a city,AGRICULTURAL,RURAL,"Minnesota Pollution Control Agency, Division Of Air Quality",1984-01-01,,HIGHWAY 73,,rural
271371018,271371018,47.50076,-92.515461,0.0,Minnesota,Saint Louis,Not in a city,UNKNOWN,UNKNOWN,"Minnesota Pollution Control Agency, Division Of Air Quality",1984-01-01,,INLAND #1,,unknown
271376219,271376219,47.434099,-92.941855,469.0,Minnesota,Saint Louis,Hibbing,INDUSTRIAL,SUBURBAN,Hibbing Taconite,1988-08-01,,13TH STREET & 1ST AVENUE,,urban-periphery
271376317,271376317,46.855222,-92.711585,424.0,Minnesota,Saint Louis,Not in a city,AGRICULTURAL,RURAL,Potlatch Corporation,1989-02-10,,"STAR ROUTE BOX 600, BROOKSTON",,rural
271377001,Virginia City Hall,47.523355,-92.536305,455.0,Minnesota,Saint Louis,Virginia,COMMERCIAL,URBAN AND CENTER CITY,"Minnesota Pollution Control Agency, Division Of Air Quality",1968-01-01,,327 First St. S.,55792.0,urban-centre
271377014,1997/1998 MN AIR TOXICS SITE,47.423821,-92.926856,0.0,Minnesota,Saint Louis,Hibbing,RESIDENTIAL,SUBURBAN,"Minnesota Pollution Control Agency, Division Of Air Quality",1997-09-24,,23RD ST & 12TH AVE HIBBING MN 55746,,urban-periphery
271377017,271377017,47.450912,-93.009312,100.0,Minnesota,Saint Louis,Not in a city,INDUSTRIAL,RURAL,"Minnesota Pollution Control Agency, Division Of Air Quality",2002-12-01,,HIBBING TACONITE NORTH SITE,,rural
271377018,271377018,47.449951,-93.009246,100.0,Minnesota,Saint Louis,Not in a City,INDUSTRIAL,RURAL,"Minnesota Pollution Control Agency, Division Of Air Quality",2002-12-01,,HIBBING TACONITE SOUTH SITE,,rural
271377548,271377548,47.485763,-92.880185,460.0,Minnesota,Saint Louis,Chisholm,COMMERCIAL,URBAN AND CENTER CITY,"Minnesota Pollution Control Agency, Division Of Air Quality",1988-10-06,,29 1/2 WEST LAKE STREET,,urban-centre
271377549,Michigan Street,46.77107,-92.11732,204.0,Minnesota,Saint Louis,Duluth,INDUSTRIAL,URBAN AND CENTER CITY,"Minnesota Pollution Control Agency, Division Of Air Quality",1994-01-02,,1532 W. Michigan St.,55806.0,urban-centre
271377550,U of M - Duluth,46.81826,-92.08936,351.0,Minnesota,Saint Louis,Duluth,RESIDENTIAL,SUBURBAN,"Minnesota Pollution Control Agency, Division Of Air Quality",1998-10-02,,1202 EAST UNIVERSITY CIRCLE,55812.0,urban-periphery
271377551,Lincoln Park School,46.76643,-92.13354,230.0,Minnesota,Saint Louis,Duluth,RESIDENTIAL,SUBURBAN,"Minnesota Pollution Control Agency, Division Of Air Quality",2000-01-01,,2424 W 5TH ST,55806.0,urban-periphery
271377554,Laura MacArthur School,46.743657,-92.165998,196.3,Minnesota,Saint Louis,Duluth,RESIDENTIAL,SUBURBAN,"Minnesota Pollution Control Agency, Division Of Air Quality",2012-01-01,,720 North Central Avenue,55807.0,urban-periphery
271377555,Waseca Road,46.72938,-92.15998,194.0,Minnesota,Saint Louis,Duluth,INDUSTRIAL,URBAN AND CENTER CITY,"Minnesota Pollution Control Agency, Division Of Air Quality",2001-07-30,,Industrial Rd.,55807.0,urban-centre
271377570,271377570,46.757359,-92.126111,602.0,Minnesota,Saint Louis,Duluth,INDUSTRIAL,URBAN AND CENTER CITY,"Minnesota Pollution Control Agency, Division Of Air Quality",2001-01-01,,2626 COURTLAND ST.  WLSSD,,urban-centre
271377571,271377571,46.750412,-92.139603,602.0,Minnesota,Saint Louis,Duluth,INDUSTRIAL,URBAN AND CENTER CITY,"Minnesota Pollution Control Agency, Division Of Air Quality",2001-01-01,,303S. 37TH AVE W.  LUIGINOS PARKING LOT,,urban-centre
271377650,271377650,47.638821,-91.884499,492.0,Minnesota,Saint Louis,Babbitt,FOREST,RURAL,Cyprus Northshore Mining,2013-01-01,,(none),55706.0,rural
271379000,271379000,48.412598,-92.828815,429.0,Minnesota,Saint Louis,Not in a City,FOREST,RURAL,National Park Service,1999-11-17,,Voyageurs NP #2,59.0,rural
271390505,B.F. Pearson School,44.791437,-93.512534,0.0,Minnesota,Scott,Shakopee,RESIDENTIAL,URBAN AND CENTER CITY,"Minnesota Pollution Control Agency, Division Of Air Quality",2000-01-01,,917 DAKOTA ST.,55379.0,urban-centre
271410010,271410010,45.441355,-93.993037,301.0,Minnesota,Sherburne,Not in a city,AGRICULTURAL,RURAL,"Minnesota Pollution Control Agency, Division Of Air Quality",1984-01-01,,NSP SHERCO MONITORING SITE #9,,rural
271410011,271410011,45.39441,-93.897754,299.0,Minnesota,Sherburne,Not in a city,INDUSTRIAL,RURAL,"Minnesota Pollution Control Agency, Division Of Air Quality",1987-01-01,,"1 1/4 MILES W. OF BECKER, SAND PLAIN",,rural
271410012,271410012,45.39441,-93.885254,299.0,Minnesota,Sherburne,Not in a city,MOBILE,URBAN AND CENTER CITY,Northern States Power Company,1987-01-01,,1/4 MILE W OF HWY 10 AT SAND PLAIN AG ST,,urban-centre
271410013,271410013,45.369409,-93.89831,299.0,Minnesota,Sherburne,Not in a city,INDUSTRIAL,RURAL,"Minnesota Pollution Control Agency, Division Of Air Quality",1987-01-01,,1 MILE SOUTH OF SHERCO ON PT PROPERTY,,rural
271413050,ELK RIVER CITY HALL,45.303298,-93.599684,0.0,Minnesota,Sherburne,Elk River,RESIDENTIAL,SUBURBAN,"Minnesota Pollution Control Agency, Division Of Air Quality",1997-09-24,,"13065 ORONO PARKWAY, ELK RIVER, MN 55330",,urban-periphery
271450009,271450009,45.570798,-94.393886,378.0,Minnesota,Stearns,Not in a city,UNKNOWN,UNKNOWN,"Minnesota Pollution Control Agency, Division Of Air Quality",1981-04-28,,ST JOHNS UNIV SEMINARY COLLEGEVILLE,,unknown
271450028,271450028,45.559965,-94.1611,0.0,Minnesota,Stearns,St. Cloud,COMMERCIAL,URBAN AND CENTER CITY,"Minnesota Pollution Control Agency, Division Of Air Quality",1987-01-01,,810 ST. GERMAIN STREET,,urban-centre
271453048,St. Cloud City Hall,45.561234,-94.155267,316.0,Minnesota,Stearns,St. Cloud,COMMERCIAL,URBAN AND CENTER CITY,"Minnesota Pollution Control Agency, Division Of Air Quality",1992-09-20,,400 Second St. S.,56301.0,urban-centre
271453052,Talahi School,45.549839,-94.13345,0.0,Minnesota,Stearns,St. Cloud,RESIDENTIAL,SUBURBAN,"Minnesota Pollution Control Agency, Division Of Air Quality",1998-10-02,,1321 University Dr.,,urban-periphery
271453053,Foundry Circle,45.564637,-94.226345,314.0,Minnesota,Stearns,St. Cloud,INDUSTRIAL,SUBURBAN,"Minnesota Pollution Control Agency, Division Of Air Quality",2010-01-01,,5200 Foundry Circle,56303.0,urban-periphery
271514500,SCHLEUTER FARM_(HOLLOWAY),45.247739,-95.917822,0.0,Minnesota,Swift,Not in a city,AGRICULTURAL,RURAL,"Minnesota Pollution Control Agency, Division Of Air Quality",1998-10-02,,"ROUTE1, BOX3  HOLLOWAY, MN 56249",,rural
271630009,Saint Paul Park Refinery 435,44.84621,-92.99558,251.0,Minnesota,Washington,St. Paul Park,INDUSTRIAL,SUBURBAN,"Minnesota Pollution Control Agency, Division Of Air Quality",1982-01-01,,7TH AVE. & 5TH STREET,55071.0,urban-periphery
271630301,SITE NAME WEST LAKELAND  1999/2000 STATEWIDE AIR TOXIC SITE  0301,44.991634,-92.822429,0.0,Minnesota,Washington,Stillwater,RESIDENTIAL,RURAL,"Minnesota Pollution Control Agency, Division Of Air Quality",1999-10-01,,2946 OAKGREEN AVENUE,,rural
271630436,Saint Paul Park Refinery 436,44.84737,-92.9954,245.0,Minnesota,Washington,St. Paul Park,INDUSTRIAL,SUBURBAN,"Minnesota Pollution Control Agency, Division Of Air Quality",1989-02-27,,649 FIFTH STREET,55071.0,urban-periphery
271630437,Newport City Hall,44.879716,-93.007421,225.0,Minnesota,Washington,Newport,RESIDENTIAL,URBAN AND CENTER CITY,"Minnesota Pollution Control Agency, Division Of Air Quality",2025-06-02,,2060 1st Ave.,55055.0,urban-centre
271630438,Saint Paul Park Refinery 438,44.85711,-93.00352,230.0,Minnesota,Washington,Newport,INDUSTRIAL,SUBURBAN,"Minnesota Pollution Control Agency, Division Of Air Quality",1995-06-14,,4th Ave & 2nd St,55055.0,urban-periphery
271630446,Point Road,45.02798,-92.77415,230.0,Minnesota,Washington,Bayport,INDUSTRIAL,SUBURBAN,"Minnesota Pollution Control Agency, Division Of Air Quality",2007-05-17,,22 POINT RD,55003.0,urban-periphery
271630447,Andersen Windows North,45.02862,-92.78336,213.4,Minnesota,Washington,Bayport,INDUSTRIAL,SUBURBAN,"Interpoll Laboratories, Inc",2012-01-01,,100 4th Ave N,55003.0,urban-periphery
271630448,Andersen Windows South,45.02124,-92.77525,210.9,Minnesota,Washington,Bayport,INDUSTRIAL,SUBURBAN,"Interpoll Laboratories, Inc",2012-01-01,,110 4th Ave N,55003.0,urban-periphery
271636015,Washington County,45.11728,-92.85532,319.0,Minnesota,Washington,Not in a City,AGRICULTURAL,RURAL,"Minnesota Pollution Control Agency, Division Of Air Quality",1997-09-03,,11660 Myeron Rd. N.,55082.0,rural
271636016,St. Croix Watershed Research Station,45.168004,-92.765136,234.0,Minnesota,Washington,Not in a City,AGRICULTURAL,RURAL,"Minnesota Pollution Control Agency, Division Of Air Quality",2012-05-01,,St. Croix Trail N,55047.0,rural
271695220,Winona,44.052838,-91.642692,203.0,Minnesota,Winona,Winona,RESIDENTIAL,URBAN AND CENTER CITY,"Minnesota Pollution Control Agency, Division Of Air Quality",2014-01-01,,207 Winona Street,55987.0,urban-centre
271699000,Great River Bluffs,43.937299,-91.405348,370.0,Minnesota,Winona,Not in a City,FOREST,RURAL,National Park Service,2002-01-01,,Great River Bluffs,55987.0,rural
271699902,271699902,44.049963,-91.633478,198.17,Minnesota,Winona,Not in a city,AGRICULTURAL,RURAL,Illinois State Water Survey,2003-11-01,,Unavailable,,rural
271713201,St. Michael Elementary School,45.20916,-93.66921,288.0,Minnesota,Wright,St. Michael,RESIDENTIAL,SUBURBAN,"Minnesota Pollution Control Agency, Division Of Air Quality",1999-10-01,,101 Central Ave. W.,55376.0,urban-periphery
271734003,MPCA SITE 4003 1997/1998 AIR TOXICS SITE,44.809957,-95.535853,0.0,Minnesota,Yellow Medicine,Granite Falls,RESIDENTIAL,SUBURBAN,"Minnesota Pollution Control Agency, Division Of Air Quality",1997-09-24,,108 BALDWIN AVE GRANITE FALLS MN 56241,,urban-periphery
280010004,Natchez,31.560752,-91.390405,70.0,Mississippi,Adams,Natchez,COMMERCIAL,URBAN AND CENTER CITY,"Mississippi DEQ, Office Of Pollution",1974-10-01,,Natchez Municipal Water Works Brenham St,39120.0,urban-centre
280030004,"TVA PSD SITE AT ROSCOE TURNER AIRPORT, CORINTH, MS",34.909167,-88.601667,129.0,Mississippi,Alcorn,Not in a city,AGRICULTURAL,RURAL,Tennessee Valley Authority,2001-04-12,,"ROSCOE TURNER AIRPORT, CORINTH, MS",,rural
280110002,Cleveland Delta State,33.750838,-90.734175,50.0,Mississippi,Bolivar,Cleveland,RESIDENTIAL,URBAN AND CENTER CITY,"Mississippi DEQ, Office Of Pollution",2018-01-01,,highway 8 west,38732.0,urban-centre
280190001,"TVA PSD SITE IN ACKERMAN , MS",33.378889,-89.203889,183.0,Mississippi,Choctaw,Not in a city,INDUSTRIAL,RURAL,Tennessee Valley Authority,1996-10-01,,"PERRY DRIVE, ACKERMAN, MS",,rural
280235501,Enterprise High School,32.1725,-88.81972,0.0,Mississippi,Clarke,Enterprise,COMMERCIAL,URBAN AND CENTER CITY,US EPA/OAQPS,2009-07-22,,501 S River Rd,39330.0,urban-centre
280330002,Hernando,34.82056,-89.98778,117.0,Mississippi,DeSoto,Hernando,COMMERCIAL,SUBURBAN,"Mississippi DEQ, Office Of Pollution",1973-01-01,,5 EAST SOUTH ST. (HERNANDO),38632.0,urban-periphery
280350004,Hattiesburg,31.32389,-89.2922,0.0,Mississippi,Forrest,Hattiesburg,COMMERCIAL,URBAN AND CENTER CITY,"Mississippi DEQ, Office Of Pollution",1999-03-07,,205 Bay Street,39401.0,urban-centre
280430001,Grenada,33.834444,-89.792778,0.0,Mississippi,Grenada,Grenada,AGRICULTURAL,RURAL,"Mississippi DEQ, Office Of Pollution",2001-11-01,,HWY 332 GRENADA AIRPORT,38922.0,rural
280450003,Waveland,30.300833,-89.395916,5.0,Mississippi,Hancock,Waveland,COMMERCIAL,RURAL,"Mississippi DEQ, Office Of Pollution",2005-06-01,,400 Baltic St,39576.0,rural
280458104,HANCOCK ELEMENTARY SCHOOL,30.26892,-89.44933,25.0,Mississippi,Hancock,Bay St. Louis,RESIDENTIAL,SUBURBAN,US EPA - Region 4,2005-10-28,,Lakeshore Dr and Lower Bay Rd,39520.0,urban-periphery
280458105,KILN WATER UTILITIES,30.40966,-89.44114,25.0,Mississippi,Hancock,Kiln,RESIDENTIAL,RURAL,US EPA - Region 4,2005-10-31,,16148 Fire Dept Road,,rural
280458108,280458108,30.286737,-89.3743,25.0,Mississippi,Hancock,Waveland,RESIDENTIAL,SUBURBAN,US EPA - Region 4,2006-04-04,,CORNER OF CENTRAL AVE. AND COLEMAN AVE.,39576.0,urban-periphery
280458201,"STENNIS, MS",30.393193,-89.580378,25.0,Mississippi,Hancock,Not in a city,MILITARY RESERVATION,SUBURBAN,US EPA - Region 4,2005-09-20,,"Bldg 9800, Stennis Space Center",,urban-periphery
280470008,Gulfport Youth Court,30.390369,-89.049778,0.0,Mississippi,Harrison,Gulfport,COMMERCIAL,RURAL,"Mississippi DEQ, Office Of Pollution",1999-04-01,,47 Maple Street,39507.0,rural
280478101,LONG BEACH FIRE STATION NO. 1,30.373678,-89.15513,25.0,Mississippi,Harrison,Long Beach,RESIDENTIAL,SUBURBAN,US EPA - Region 4,2005-09-26,,645 Klondyke Road,39560.0,urban-periphery
280478102,UNIFIED COMMAND CENTER; LATIMER ROAD BURN SITE,30.449005,-89.052683,25.0,Mississippi,Harrison,Gulfport,RESIDENTIAL,SUBURBAN,US EPA - Region 4,2005-09-25,,12451 Dedeaux Road,39503.0,urban-periphery
280478103,BILOXI FIRE STATION NO. 8,30.470916,-88.9827,25.0,Mississippi,Harrison,Biloxi,RESIDENTIAL,SUBURBAN,US EPA - Region 4,2005-10-01,,8479 Woolmarket Road,39532.0,urban-periphery
280478106,280478106,30.40288,-88.87987,25.0,Mississippi,Harrison,Biloxi,RESIDENTIAL,URBAN AND CENTER CITY,US EPA - Region 4,2006-04-04,,CORNER OF DIVISION AND LEE STREET,39530.0,urban-centre
280478107,280478107,30.319695,-89.267386,25.0,Mississippi,Harrison,Pass Christian,RESIDENTIAL,SUBURBAN,US EPA - Region 4,2006-04-04,,CORNER OF WEST NORTH STREET AND PIRATE COVE,39571.0,urban-periphery
280490020,Jackson NCORE,32.329111,-90.182722,106.0,Mississippi,Hinds,Jackson,COMMERCIAL,URBAN AND CENTER CITY,"Mississippi DEQ, Office Of Pollution",2013-07-01,,232 East Woodrow Wilson Drive,39216.0,urban-centre
280490021,Hinds CC,32.346722,-90.225667,106.0,Mississippi,Hinds,Jackson,COMMERCIAL,URBAN AND CENTER CITY,"Mississippi DEQ, Office Of Pollution",2015-04-01,,3925 Sunset Drive,39213.0,urban-centre
280590006,Pascagoula,30.378287,-88.53393,0.0,Mississippi,Jackson,Pascagoula,COMMERCIAL,URBAN AND CENTER CITY,"Mississippi DEQ, Office Of Pollution",1992-08-10,,Hospital Road at Co. Health Dept.,39581.0,urban-centre
280750003,Meridian,32.364565,-88.731491,102.0,Mississippi,Lauderdale,Meridian,COMMERCIAL,URBAN AND CENTER CITY,"Mississippi DEQ, Office Of Pollution",1997-04-01,,Hwy 19 and 53rd Ave,39307.0,urban-centre
280810004,"TVA PSD SITE IN TUPELO, MS",34.263333,-88.759722,107.0,Mississippi,Lee,Tupelo,COMMERCIAL,SUBURBAN,Tennessee Valley Authority,1997-01-01,,JACKSON ST.,,urban-periphery
280810005,TUPELO AIRPORT NEAR OLD NWS OFFICE,34.264917,-88.766222,107.0,Mississippi,Lee,Tupelo,COMMERCIAL,SUBURBAN,"Mississippi DEQ, Office Of Pollution",1998-01-01,,West Jackson at Tupelo Airport,38801.0,urban-periphery
280870002,280870002,33.509588,-88.408928,3.0,Mississippi,Lowndes,Columbus,RESIDENTIAL,URBAN AND CENTER CITY,"Mississippi DEQ, Office Of Pollution",2013-01-01,,2300 14th Avenue North,39701.0,urban-centre
280870003,280870003,33.499588,-88.403648,3.0,Mississippi,Lowndes,Columbus,RESIDENTIAL,URBAN AND CENTER CITY,"Mississippi DEQ, Office Of Pollution",2013-01-01,,25th Street North and 4th Avenue North,39701.0,urban-centre
280930001,TVA PSD SITE,34.955,-89.423,155.0,Mississippi,Marshall,Not in a city,RESIDENTIAL,RURAL,Tennessee Valley Authority,2004-03-01,,"480 MILL POND ROAD NEAR SLAYDEN, MS",,rural
281070001,"TVA PSD SITE NEAR BATESVILLE, MISSISSIPPI",34.359944,-89.890889,67.0,Mississippi,Panola,Not in a city,AGRICULTURAL,RURAL,Tennessee Valley Authority,1998-04-01,,"PANOLA COUNTY AIRPORT, BATESVILLE, MS",,rural
281618001,281618001,34.00289,-89.800088,134.0,Mississippi,Yalobusha,Not in a city,FOREST,RURAL,US EPA National Exposure Research Lab,1989-01-01,,"YALOBUSHA USFS WORK CENTER, MS SR7",,rural
281619991,Coffeeville,34.002747,-89.799183,134.0,Mississippi,Yalobusha,Not in a City,FOREST,RURAL,USEPA - Clean Air and Power Division,1988-10-01,,"Jamie L. Whitten Plant Materials Center, Coffeeville, MS 38922",38922.0,rural
290030001,Savannah,39.9544,-94.849,341.0,Missouri,Andrew,Not in a City,RESIDENTIAL,SUBURBAN,Missouri Laboratory  Services Program,2009-04-10,,"SAVANAH: 11796 Highway 71, Savanah, MO 64485",64485.0,urban-periphery
290190004,290190004,38.956431,-92.321834,100.0,Missouri,Boone,Columbia,COMMERCIAL,URBAN AND CENTER CITY,Missouri Laboratory  Services Program,2002-02-01,,"WILSON MEAT PACKERS, PARIS & COLLEGE",65201.0,urban-centre
290190006,290190006,38.953098,-92.331278,230.0,Missouri,Boone,Columbia,COMMERCIAL,URBAN AND CENTER CITY,Missouri Laboratory  Services Program,1981-03-11,,"511 E.WALNUT, COLUMBIA POST OFFICE",65201.0,urban-centre
290190007,290190007,38.973931,-92.301555,244.0,Missouri,Boone,Columbia,RESIDENTIAL,SUBURBAN,Missouri Laboratory  Services Program,1982-01-01,,POWELL DRIVE,65202.0,urban-periphery
290190008,290190008,38.95282,-92.328223,224.0,Missouri,Boone,Columbia,COMMERCIAL,URBAN AND CENTER CITY,Missouri Laboratory  Services Program,1982-11-07,,7TH & WALNUT  ; DOWNTOWN FIRE STATION,65201.0,urban-centre
290190010,290190010,38.96693,-92.33577,255.0,Missouri,Boone,Columbia,INDUSTRIAL,URBAN AND CENTER CITY,Shell,1985-01-01,,1409C ILLINOIS AVE,65203.0,urban-centre
290190011,Finger Lakes,39.07803,-92.31632,221.3,Missouri,Boone,Not in a City,FOREST,RURAL,Missouri Laboratory  Services Program,2009-04-01,,"FINGER LAKES: 1505 East Peaboy Road, Columbia, MO 65202",65255.0,rural
290210005,St. Joseph Pump Station,39.741694,-94.858584,258.0,Missouri,Buchanan,St. Joseph,INDUSTRIAL,URBAN AND CENTER CITY,Missouri Laboratory  Services Program,1980-01-01,,"ST. JOSEPH PUMP STATION: South  Highway 759, St. Joseph, MO 64501",64501.0,urban-centre
290210009,ST. JOSEPH LEVEE - SO2 9-01-94.,39.72213,-94.879567,0.0,Missouri,Buchanan,St. Joseph,INDUSTRIAL,URBAN AND CENTER CITY,Missouri Laboratory  Services Program,1994-07-01,,"ST. JOSEPH LEVEE, ST. JOSEPH MO",64504.0,urban-centre
290210010,LOCATED AT AN ABANDONED GAS STATION BEHIND THE PATEE HOUSE MUSEUM &,39.755305,-94.845807,0.0,Missouri,Buchanan,St. Joseph,INDUSTRIAL,SUBURBAN,Missouri Laboratory  Services Program,1998-12-15,,12TH AND MITCHELL,64503.0,urban-periphery
290210011,FORMERLY ST JOE LEVEE.,39.720451,-94.872693,0.0,Missouri,Buchanan,St. Joseph,INDUSTRIAL,URBAN AND CENTER CITY,Missouri Laboratory  Services Program,2000-10-21,,"5402 PACKERS AVE,",64504.0,urban-centre
290270002,New Bloomfield,38.70608,-92.09308,262.0,Missouri,Callaway,Not in a City,RESIDENTIAL,SUBURBAN,Missouri Laboratory  Services Program,2009-04-01,,"NEW BLOOMFIELD: 2625 Medow Lake Drive, New Bloomfield, MO, 65063",65063.0,urban-periphery
290310003,290310003,37.320278,-89.524722,128.0,Missouri,Cape Girardeau,Cape Girardeau,COMMERCIAL,SUBURBAN,Shell,1985-07-09,,"1401 SPRIGG_ST, CAPE GIRARDEAU, MO",,urban-periphery
290310004,290310004,37.315556,-89.530833,170.0,Missouri,Cape Girardeau,Cape Girardeau,COMMERCIAL,SUBURBAN,Shell,1989-01-01,,WOODLAND DR - STU. LOT #16 - SEMO U.,,urban-periphery
290370003,Richard Gebaur-South,38.75961,-94.57983,330.0,Missouri,Cass,Not in a City,INDUSTRIAL,RURAL,Missouri Laboratory  Services Program,2000-01-01,,"RICHARDS GEBAUR - SOUTH: 1802 E 203rd Street, Belton, MO 64012",64012.0,rural
290390001,El Dorado Springs,37.70097,-94.03474,294.0,Missouri,Cedar,Not in a City,AGRICULTURAL,RURAL,Missouri Laboratory  Services Program,1998-08-01,,"EL DORADO SPRINGS: Highway 97 & Barnes Road, El Dorado Springs, 64744",64756.0,rural
290430001,JOURNAGAN QUARRIES - CLEVER OLD NORTH SITE 20 MILES W OF HWY 65,37.06,-93.454444,0.0,Missouri,Christian,Not in a City,INDUSTRIAL,RURAL,"Aeromet Engineering, Inc",1994-12-01,,JOURNAGAN-CLEVER OLD NORTH SITE,65610.0,rural
290430003,JOURNAGAN CLEVER QUARRY 95SOUTH - BETA.,37.058333,-93.454167,0.0,Missouri,Christian,Not in a City,INDUSTRIAL,RURAL,Missouri Laboratory  Services Program,1994-07-01,,JOURNAGAN CLEVER QUARRY SOUTH,65610.0,rural
290430004,95 NORTH CLEVER COUNTY PM10,37.06,-93.455556,0.0,Missouri,Christian,Not in a City,INDUSTRIAL,RURAL,Missouri Laboratory  Services Program,1994-07-01,,JOURNAGAN CLEVER QUARRY 95NORTH,65610.0,rural
290470003,Watkins Mill State Park,39.407452,-94.265373,308.0,Missouri,Clay,Not in a City,RESIDENTIAL,RURAL,Missouri Laboratory  Services Program,1975-01-01,,"WATKINS MILL STATE PARK: Watkins Mill Road, Lawson, MO 64062",64060.0,rural
290470005,Liberty,39.303174,-94.377014,287.0,Missouri,Clay,Not in a City,AGRICULTURAL,RURAL,Missouri Laboratory  Services Program,1980-01-01,,"LIBERTY: Highway 33 & NE 116th St., Liberty, 64068",64060.0,rural
290470006,Rocky Creek,39.331913,-94.580931,302.0,Missouri,Clay,Kansas City,AGRICULTURAL,RURAL,Missouri Laboratory  Services Program,2002-03-19,,"ROCKY CREEK: 13131 Highway 169, Kansas City, MO 64165",64165.0,rural
290470011,290470011,39.167258,-94.551906,0.0,Missouri,Clay,Kansas City,RESIDENTIAL,SUBURBAN,"Kansas City Health Department, Air Quality Section",1991-09-27,,2400 RUSSELL RD,64116.0,urban-periphery
290470025,290470025,39.183924,-94.497738,283.0,Missouri,Clay,Kansas City,RESIDENTIAL,SUBURBAN,Missouri Laboratory  Services Program,1976-05-03,,49TH & WINCHESTER,64119.0,urban-periphery
290470026,NORTH KANSAS CITY - CATEGORY A CORE SLAMS.,39.148647,-94.56524,0.0,Missouri,Clay,North Kansas City,RESIDENTIAL,SUBURBAN,Missouri Laboratory  Services Program,1999-01-01,,NORTH KANSAS CITY,64116.0,urban-periphery
290470041,PM2.5 CATEGORY B SLAMS,39.109449,-94.44023,0.0,Missouri,Clay,North Kansas City,COMMERCIAL,SUBURBAN,Missouri Laboratory  Services Program,1999-01-01,,SUGAR CREEK-CLAY,,urban-periphery
290490001,Trimble,39.53063,-94.55594,315.0,Missouri,Clinton,Trimble,AGRICULTURAL,RURAL,Missouri Laboratory  Services Program,2004-01-22,,"TRIMBLE: 7536 SW State Highway O, Trimble, MO 64492",64492.0,rural
290510003,JC PRISON PM10 SITE - FLOOD PLAIN ACROSS RIVER.,38.599167,-92.163333,0.0,Missouri,Cole,Jefferson City,RESIDENTIAL,RURAL,Missouri Laboratory  Services Program,1994-06-30,,MO STATE PENITENTIARY POWER PLANT,,rural
290530001,290530001,38.79502,-92.918251,100.0,Missouri,Cooper,Not in a city,FOREST,RURAL,Missouri Laboratory  Services Program,2002-10-01,,PLEASANT GREEN,,rural
290539901,290539901,38.80002,-92.950196,237.8,Missouri,Cooper,Not in a city,AGRICULTURAL,RURAL,Illinois State Water Survey,2003-11-01,,Unavailable,,rural
290719001,"Valley Site, Labadie",38.572522,-90.796911,160.0,Missouri,Franklin,Not in a City,AGRICULTURAL,RURAL,Ameren Missouri,2015-04-22,,"VALLEY SITE: 2901 Labadie Bottom Road, Labadie, MO 63055",63055.0,rural
290719002,"Labadie, Southwest",38.52814,-90.86326,192.0,Missouri,Franklin,Not in a City,AGRICULTURAL,RURAL,Ameren Missouri,2017-01-01,,"LABADIE, SOUTHWEST- 870 Albertina Lane, Labadie, MO 63055",63055.0,rural
290719003,"Labadie ""Plant Site""",38.5486,-90.83725,207.3,Missouri,Franklin,Not in a City,AGRICULTURAL,RURAL,Ameren Missouri,2016-01-01,,"""Plant Site"", ~1.5 km south of the Labadie Energy Center, Labadie, MO 63055",63055.0,rural
290770026,290770026,37.12263,-93.263353,387.0,Missouri,Greene,Springfield,RESIDENTIAL,SUBURBAN,Missouri Laboratory  Services Program,1978-01-01,,"SOUTH CHARLESTON: 5012 S. Charleston,  Springfield, MO 65804",65804.0,urban-periphery
290770028,290770028,37.222568,-93.301027,396.0,Missouri,Greene,Springfield,RESIDENTIAL,URBAN AND CENTER CITY,Springfield-Greene County Air Pollution Control Authority,1980-07-01,,GRANT BEACH PARK,65802.0,urban-centre
290770029,290770029,37.252567,-93.300194,385.0,Missouri,Greene,Springfield,RESIDENTIAL,SUBURBAN,Springfield-Greene County Air Pollution Control Authority,1982-01-01,,FAIR GROUNDS,65803.0,urban-periphery
290770030,290770030,37.252567,-93.252692,400.0,Missouri,Greene,Springfield,RESIDENTIAL,SUBURBAN,Springfield-Greene County Air Pollution Control Authority,1981-01-01,,GRANDVIEW GOLF COURSE,65803.0,urban-periphery
290770031,290770031,37.202846,-93.319083,387.0,Missouri,Greene,Springfield,COMMERCIAL,URBAN AND CENTER CITY,Springfield-Greene County Air Pollution Control Authority,1981-01-01,,ZAGONY1 PARKK,65802.0,urban-centre
290770032,MSU,37.199541,-93.284874,399.0,Missouri,Greene,Springfield,RESIDENTIAL,URBAN AND CENTER CITY,Springfield-Greene County Air Pollution Control Authority,1980-07-01,,"MISSOURI STATE UNIVERSITY (MSU): Springfield, MO 65806",65806.0,urban-centre
290770033,290770033,37.221735,-93.276304,399.0,Missouri,Greene,Springfield,COMMERCIAL,URBAN AND CENTER CITY,Springfield-Greene County Air Pollution Control Authority,1981-01-01,,SILVER SPRINGS PARK,65802.0,urban-centre
290770034,290770034,37.167013,-93.228802,403.0,Missouri,Greene,Springfield,RESIDENTIAL,SUBURBAN,Springfield-Greene County Air Pollution Control Authority,1981-01-01,,2526 HILLS BORO LAURA ING. WILD. SCHOOL,65804.0,urban-periphery
290770035,290770035,37.331455,-93.339917,372.0,Missouri,Greene,Springfield,AGRICULTURAL,RURAL,Missouri Laboratory  Services Program,1987-01-01,,FARM RD.133 AT FARM RD.60,65781.0,rural
290770036,Hillcrest High School,37.256137,-93.299894,410.0,Missouri,Greene,Springfield,RESIDENTIAL,SUBURBAN,Missouri Laboratory  Services Program,1988-02-01,,"HILLCREST HIGH SCHOOL: 3319 N Grant, Springfield, MO 65803",65803.0,urban-periphery
290770037,James River South,37.104461,-93.253337,374.0,Missouri,Greene,Springfield,RESIDENTIAL,RURAL,"Springfield City Utilities, MO",1995-10-01,,"JAMES RIVER-SOUTH: Springfield, MO, 12435 (See coordinates for location)",65804.0,rural
290770038,"CONCO QUARRIES SITE LOCATED NEAR WILLARD, 7 MILES NW OF SPG, GREENE",37.103889,-93.253333,1200.0,Missouri,Greene,Not in a City,RESIDENTIAL,RURAL,"Aeromet Engineering, Inc",1995-05-01,,"CONCO QUARRIES, WILLARD MO",65721.0,rural
290770039,GLENSTONE CO SITE ESTABLISHED 2/00.,37.18999,-93.260725,399.0,Missouri,Greene,Springfield,RESIDENTIAL,URBAN AND CENTER CITY,Springfield-Greene County Air Pollution Control Authority,2000-02-03,,1555 S GLENSTONE,65804.0,urban-centre
290770040,Wildwood Lane,37.108959,-93.25297,375.0,Missouri,Greene,Not in a City,RESIDENTIAL,SUBURBAN,"Springfield City Utilities, MO",2002-01-01,,"WILDWOOD LANE: 1234 Wildwood Lane, Springfield, MO 65802",65804.0,urban-periphery
290770041,290770041,37.108681,-93.272415,100.0,Missouri,Greene,Springfield,RESIDENTIAL,SUBURBAN,Springfield-Greene County Air Pollution Control Authority,2002-01-01,,"WISDOM LANE: 1420 EAST WISDOM LANE SPRINGFIELD MO, 65802",65804.0,urban-periphery
290770042,Fellows Lake,37.319186,-93.204411,410.0,Missouri,Greene,Not in a City,AGRICULTURAL,SUBURBAN,Missouri Laboratory  Services Program,2008-03-20,,"FELLOWS LAKE: 4208 E Farm Road 66, Springfield, MO 65803",65648.0,urban-periphery
290870001,290870001,40.044441,-95.222476,275.0,Missouri,Holt,Not in a city,AGRICULTURAL,RURAL,US EPA - Region 7,1990-03-18,,WALLACE RES RR1 BOX72 FOREST CITY,,rural
290870002,290870002,40.039441,-95.218587,315.0,Missouri,Holt,Not in a city,AGRICULTURAL,RURAL,US EPA - Region 7,1990-07-06,,DOZIER RES RR1 BOX122 FOREST CITY,,rural
290870004,290870004,40.033886,-95.210532,310.0,Missouri,Holt,Not in a city,AGRICULTURAL,RURAL,US EPA - Region 7,1990-03-22,,SALFRANK RES RR1 BOX123 FOREST CITY,,rural
290870005,290870005,40.014997,-95.221365,280.0,Missouri,Holt,Not in a city,AGRICULTURAL,RURAL,US EPA - Region 7,1990-03-22,,DEVOOGHT RES RR1 BOX25A FOREST CITY,,rural
290870006,290870006,40.034719,-95.232476,0.0,Missouri,Holt,Not in a city,AGRICULTURAL,RURAL,Missouri Laboratory  Services Program,1992-03-31,,"SCHUYLKILL METALS - NORTH, HOLT CO., MO",,rural
290870007,290870007,40.029719,-95.23081,0.0,Missouri,Holt,Not in a city,AGRICULTURAL,RURAL,Missouri Laboratory  Services Program,1992-03-31,,"SCHUYLKILL METALS - SOUTH, HOLT CO., MO",,rural
290870008,"Forest City, Exide Levee (ESP SCHULYKILL WEST SITE LOCATED ON A LEVEE)",40.027222,-95.235833,0.0,Missouri,Holt,Forest City,AGRICULTURAL,RURAL,Missouri Laboratory  Services Program,1996-07-01,,"FOREST CITY, EXIDE LEVEE: 300 S. Washington St., Oregon, MO 64473",64451.0,rural
290910001,NORTH OF WEST PLAINS CHARCOAL KILN FACILITY,36.540619,-92.069598,0.0,Missouri,Howell,West Plains,AGRICULTURAL,RURAL,US EPA - Region 7,1996-04-01,,WEST PLAINS CHARCOAL NORTH,,rural
290910002,SOUTHEAST OF WEST PLAINS CHARCOAL KILN FACILITY,36.540619,-92.069598,0.0,Missouri,Howell,West Plains,AGRICULTURAL,RURAL,US EPA - Region 7,1996-04-01,,WEST PLAINS CHARCOAL NORTH,,rural
290930016,Doe Run Buick - South #1,37.624064,-91.128396,458.0,Missouri,Iron,Not in a City,INDUSTRIAL,RURAL,Doe Run Buick,1982-01-01,,"DOE RUN BUICK - SOUTH#1:HC1 Box 1395 HWY KK Buick, MO 65439",65439.0,rural
290930020,290930020,37.652841,-91.142071,0.0,Missouri,Iron,Not in a City,INDUSTRIAL,RURAL,Doe Run Buick,1982-01-01,,"DRB SITE #4, SHORT",65439.0,rural
290930021,Doe Run Buick - North # 5,37.651843,-91.131066,440.0,Missouri,Iron,Not in a City,INDUSTRIAL,RURAL,Doe Run Buick,1982-01-01,,"DOE RUN BUICK - NORTH#5:HC1 Box 1395 HWY 32  Buick, MO 65439",65439.0,rural
290930022,290930022,37.645619,-91.146794,0.0,Missouri,Iron,Not in a City,INDUSTRIAL,RURAL,Doe Run Buick,1982-01-01,,"DRB SITE #6, NW",65439.0,rural
290930023,290930023,37.51066,-90.694946,330.0,Missouri,Iron,Not in a City,AGRICULTURAL,RURAL,Missouri Laboratory  Services Program,1987-10-01,,HOGAN,63620.0,rural
290930024,290930024,37.470615,-90.689241,0.0,Missouri,Iron,Not in a City,AGRICULTURAL,RURAL,Missouri Laboratory  Services Program,1991-06-27,,GLOVER DUNN,63620.0,rural
290930025,290930025,37.510622,-90.697613,0.0,Missouri,Iron,Not in a City,INDUSTRIAL,RURAL,Doe Run Glover,1992-03-31,,DRG - NORTH,63620.0,rural
290930026,290930026,37.459234,-90.686501,0.0,Missouri,Iron,Not in a City,INDUSTRIAL,RURAL,Doe Run Glover,1992-03-31,,DRG - CHLORIDE,63620.0,rural
290930027,Doe Run Glover - Post Office #2,37.485387,-90.690022,253.0,Missouri,Iron,Not in a City,INDUSTRIAL,RURAL,Doe Run Glover,1992-03-31,,"DOE RUN GLOVER - POST OFFICE: Hwy 49 Glover, MO 65439 (Remte site, see coordinates for location)",63620.0,rural
290930028,290930028,37.510622,-90.697613,0.0,Missouri,Iron,Not in a City,INDUSTRIAL,RURAL,Doe Run Glover,1992-03-31,,DRG NORTH COLLOCATED #4 QA,63620.0,rural
290930029,Doe Run Glover - Big Creek #5,37.472177,-90.689302,255.0,Missouri,Iron,Not in a City,INDUSTRIAL,RURAL,Doe Run Glover,1992-03-31,,"DOE RUN GLOVER - BIG CREEK: Glover Hwy 49, MO 65439 (Remote site, see coordinates for location)",63620.0,rural
290930030,GLOVER SOUTH - TINDELL RESIDENCE,37.466894,-90.685264,0.0,Missouri,Iron,Not in a City,RESIDENTIAL,RURAL,Missouri Laboratory  Services Program,1993-07-01,,GLOVER SOUTH TINDELL,63620.0,rural
290930031,THIS SITE IS HOGAN MOUNTAIN.  IT WAS ESTABLISHED IN 1994.,37.512603,-90.716246,0.0,Missouri,Iron,Not in a City,AGRICULTURAL,RURAL,Missouri Laboratory  Services Program,1994-01-01,,HOGAN MOUNTAIN,63650.0,rural
290930032,Bixby West,37.653943,-91.131286,410.0,Missouri,Iron,Not in a City,FOREST,RURAL,Missouri Laboratory  Services Program,2010-02-01,,"BIXBY WEST: Highway 32, West of Bixby, MO 65439",65439.0,rural
290930033,Glover,37.489726,-90.692572,278.0,Missouri,Iron,Not in a City,RESIDENTIAL,RURAL,Missouri Laboratory  Services Program,2010-01-01,,"GLOVER: Highway 49, Approx. 0.4M S. Highway 21/49/72 Intersection, Glover, 63620",63620.0,rural
290930034,Buick NE,37.65214,-91.11689,434.0,Missouri,Iron,Not in a City,FOREST,RURAL,Missouri Laboratory  Services Program,2010-11-22,,BUICK NE: 347 Power Lane,65439.0,rural
290939007,290939007,37.653943,-91.131286,410.0,Missouri,Iron,Not in a City,FOREST,RURAL,Doe Run Buick,2010-02-01,,"BIXBY WEST: Highway 32, West of Bixby, MO 65439",65439.0,rural
290939008,Doe Run Buick - Buick NE,37.65214,-91.11689,434.0,Missouri,Iron,Not in a City,FOREST,RURAL,Doe Run Buick,2010-12-01,,BUICK NE; 347 Power Lane,65439.0,rural
290939009,Highway 32 Northeast,37.65319,-91.12795,421.84,Missouri,Iron,Not in a City,FOREST,RURAL,Doe Run Buick,2017-01-01,,"DOE RUN BUICK, HWY 32 NORTHEAST- 1582 Highway 32 Bixby, MO 65439",65439.0,rural
290939010,County Road 75,37.64876,-91.1498,416.05,Missouri,Iron,Not in a City,FOREST,RURAL,Doe Run Buick,2017-01-01,,"DOE RUN BUICK- COUNTY ROAD 75 - 98 Iron County Road, Bixby, MO 65439",65439.0,rural
290939011,West Entrance,37.63211,-91.13565,445.9,Missouri,Iron,Not in a City,FOREST,RURAL,Doe Run Buick,2017-01-01,,"DOE RUN BUICK, WEST ENTRANCE- 18594 Hwy KK, Boss, MO 65440",65439.0,rural
290950008,290950008,39.055315,-94.450514,299.0,Missouri,Jackson,Independence,COMMERCIAL,SUBURBAN,Missouri Laboratory  Services Program,1983-01-01,,SMF PRINTING >3501B STERLING,64052.0,urban-periphery
290950010,UMKC,39.036,-94.5741,925.0,Missouri,Jackson,Kansas City,COMMERCIAL,URBAN AND CENTER CITY,Missouri Laboratory  Services Program,2003-07-01,,UMKC - 5130 TROOST,64110.0,urban-centre
290950018,290950018,39.132016,-94.531518,222.0,Missouri,Jackson,Kansas City,INDUSTRIAL,URBAN AND CENTER CITY,Missouri Laboratory  Services Program,2010-10-01,,"FRONT STREET: 1331 N. Jackson, Kansas City, MO64120",64120.0,urban-centre
290950027,290950027,39.100592,-94.57774,280.0,Missouri,Jackson,Kansas City,COMMERCIAL,URBAN AND CENTER CITY,Missouri Dept Of Natural Resources,1985-01-01,,414 E. 12TH ST.,64106.0,urban-centre
290950031,290950031,38.95726,-94.569683,259.0,Missouri,Jackson,Kansas City,INDUSTRIAL,SUBURBAN,"Kansas City Health Department, Air Quality Section",1982-01-01,,9500 E. BANNISTER ROAD,64131.0,urban-periphery
290950033,290950033,39.105036,-94.570518,290.0,Missouri,Jackson,Kansas City,COMMERCIAL,URBAN AND CENTER CITY,US EPA/OAQPS/AAMG,1984-01-01,,"720 TROOST ,REAR OF,ON HWY.DEPT.RT.OF WA",64106.0,urban-centre
290950034,Troost,39.104686,-94.57079,287.0,Missouri,Jackson,Kansas City,COMMERCIAL,URBAN AND CENTER CITY,Missouri Laboratory  Services Program,1987-06-30,,"TROOST: 724 Troost (Rear), Kansas City, MO 64106",64106.0,urban-centre
290950035,290950035,39.07587,-94.521627,280.0,Missouri,Jackson,Kansas City,COMMERCIAL,SUBURBAN,Missouri Laboratory  Services Program,1988-06-01,,"VAN BRUNT: 27th & Van Brunt, Kansas City, 64128",64128.0,urban-periphery
290950036,290950036,38.856151,-94.550794,335.0,Missouri,Jackson,Kansas City,INDUSTRIAL,RURAL,Missouri Laboratory  Services Program,1988-08-30,,"RICHARDS-GEBAUR AFB, KANSAS CITY",64147.0,rural
290950037,PLAZA CO MONITORING SITE FORMERLY BENDIX.,39.037778,-94.5875,900.0,Missouri,Jackson,Kansas City,COMMERCIAL,URBAN AND CENTER CITY,Missouri Laboratory  Services Program,1995-01-01,,4928 MAIN STREET,64112.0,urban-centre
290950038,PM10 LOCATED N. OF B.R.BLDG (GST) KNOWN AS BAR FAB PM10 ALSO 42602.,39.104167,-94.492222,0.0,Missouri,Jackson,Kansas City,INDUSTRIAL,SUBURBAN,"Environmental Consulting Services, Inc",1994-10-01,,7000 ROBERTS STREET,64125.0,urban-periphery
290950039,GST STEEL CO 7300 HAWTHORNE ARMCO/SLUDGE STATION.,39.118889,-94.496389,0.0,Missouri,Jackson,Kansas City,COMMERCIAL,URBAN AND CENTER CITY,"Environmental Consulting Services, Inc",1994-09-30,,ARMCO/SLUDGE STATION,64120.0,urban-centre
290950040,FORMERLY WAS 800 SOUTH BROADWAY (CARNIVAL -NAMS SITE),39.103092,-94.588573,0.0,Missouri,Jackson,Kansas City,COMMERCIAL,URBAN AND CENTER CITY,Missouri Laboratory  Services Program,1995-07-01,,BROADWAY-CARNIVAL,64105.0,urban-centre
290950041,SUGAR CREEK,39.109296,-94.441061,303.63,Missouri,Jackson,Sugar Creek,COMMERCIAL,SUBURBAN,Missouri Laboratory  Services Program,1999-01-01,,SUGARCREEK:100 S. Vermont St.,64054.0,urban-periphery
290950043,290950043,38.940794,-94.578508,280.0,Missouri,Jackson,Kansas City,RESIDENTIAL,SUBURBAN,Missouri Dept Of Natural Resources,2025-01-23,,"1076 E 103rd St. Kansas City, MO 64131",64131.0,urban-periphery
290951003,290951003,38.905873,-94.260229,303.0,Missouri,Jackson,Lee's Summit,AGRICULTURAL,RURAL,Shell,1989-11-30,,HIGHWAY 7 NORTH OF US 50,64086.0,rural
290951004,290951004,38.895318,-94.265785,309.0,Missouri,Jackson,Lee's Summit,COMMERCIAL,RURAL,Shell,1989-11-18,,HIGHWAYS 50 & 7,64086.0,rural
290952002,290952002,39.095314,-94.578018,259.0,Missouri,Jackson,Kansas City,COMMERCIAL,URBAN AND CENTER CITY,Missouri Laboratory  Services Program,1957-01-01,,"FIRE STA#8 , 1517 LOCUST ST.",64108.0,urban-centre
290970003,Carthage,37.198286,-94.317246,0.0,Missouri,Jasper,Not in a City,INDUSTRIAL,RURAL,Missouri Laboratory  Services Program,1999-01-01,,"CARTHAGE: 530 Juniper, Carthage, MO 64836",64836.0,rural
290970004,Alba,37.2385,-94.42468,294.0,Missouri,Jasper,Not in a City,RESIDENTIAL,SUBURBAN,Missouri Laboratory  Services Program,2009-04-01,,"ALBA: 20400 Millwood Road, Alba, MO64755",64755.0,urban-periphery
290970005,290970005,37.170016,-94.4633,294.0,Missouri,Jasper,Webb City,RESIDENTIAL,RURAL,Missouri Laboratory  Services Program,2010-01-01,,"WEBB CITY: 2424 N. Main, Webb City, MO 64870",64870.0,rural
290990005,290990005,38.267085,-90.378853,140.0,Missouri,Jefferson,Herculaneum,INDUSTRIAL,SUBURBAN,Missouri Laboratory  Services Program,1968-01-01,,"DUNKLIN HIGH SCHOOL: 1 Black Cat Dr., Herculaneum, MO, 63048",63048.0,urban-periphery
290990008,290990008,38.261999,-90.394271,0.0,Missouri,Jefferson,Herculaneum,INDUSTRIAL,RURAL,Doe Run Herculaneum,1982-01-01,,"DRH SITE #2, GOLF COURSE",63048.0,rural
290990010,290990010,38.241155,-90.376903,0.0,Missouri,Jefferson,Crystal City,INDUSTRIAL,RURAL,Doe Run Herculaneum,1982-01-01,,"HERC, URSULINE",63019.0,rural
290990011,290990011,38.268254,-90.373903,0.0,Missouri,Jefferson,Herculaneum,INDUSTRIAL,RURAL,Missouri Laboratory  Services Program,1982-01-01,,"BLUFF: Herculaneum, MO 63048",63048.0,rural
290990012,290990012,38.43783,-90.361492,154.0,Missouri,Jefferson,Arnold,RESIDENTIAL,SUBURBAN,Missouri Laboratory  Services Program,1981-01-01,,ARNOLD TENBROOK & TENBROOK,63010.0,urban-periphery
290990013,"Herculaneum, Sherman",38.271754,-90.376683,141.0,Missouri,Jefferson,Herculaneum,INDUSTRIAL,RURAL,Missouri Laboratory  Services Program,1982-01-01,,"SHERMAN: 460 Sherman Street, Herculaneum, MO 63048",63048.0,rural
290990014,290990014,38.267277,-90.379548,15.0,Missouri,Jefferson,Herculaneum,INDUSTRIAL,RURAL,Missouri Laboratory  Services Program,1986-07-01,,"DRH, DUNKLIN H.S.",63048.0,rural
290990015,290990015,38.261792,-90.378844,152.0,Missouri,Jefferson,Herculaneum,INDUSTRIAL,RURAL,Missouri Laboratory  Services Program,1992-07-01,,"Broad Street: Herculaneum, MO 63048",63048.0,rural
290990016,290990016,38.266,-90.3846,1.0,Missouri,Jefferson,Herculaneum,INDUSTRIAL,RURAL,Doe Run Herculaneum,2004-09-20,,HERC - Thurwell,63048.0,rural
290990018,MONITOR WAS FORMERLY LOCATED AT FESTUS.,38.26427,-90.384247,0.0,Missouri,Jefferson,Herculaneum,RESIDENTIAL,SUBURBAN,Missouri Laboratory  Services Program,2001-04-01,,"HERC J-CREEK, 695 JOACHIM",63048.0,urban-periphery
290990019,Arnold West,38.44853,-90.3986,195.0,Missouri,Jefferson,Arnold,RESIDENTIAL,SUBURBAN,Missouri Laboratory  Services Program,2008-03-01,,"ARNOLD WEST: 1709 Lonedell Drive, Arnold, MO 63010",63010.0,urban-periphery
290990020,"Herculaneum, City Hall (Mott Street)",38.26351,-90.37993,142.0,Missouri,Jefferson,Herculaneum,INDUSTRIAL,RURAL,Doe Run Herculaneum,2008-04-01,,"MOTT STREET: 747 Mott Street, Herculaneum, MO 63048",63048.0,rural
290990021,290990021,38.264888,-90.37777,140.0,Missouri,Jefferson,Herculaneum,INDUSTRIAL,SUBURBAN,Missouri Laboratory  Services Program,2006-10-01,,"HERC, Circle St.",63048.0,urban-periphery
290990022,290990022,38.260694,-90.381083,139.0,Missouri,Jefferson,Herculaneum,INDUSTRIAL,SUBURBAN,Doe Run Herculaneum,2008-04-01,,"SOUTH CROSS: 843 South Cross, Herculaneum, MO 63048",63048.0,urban-periphery
290990023,"Herculaneum, North Cross",38.26216,-90.38126,141.0,Missouri,Jefferson,Herculaneum,INDUSTRIAL,SUBURBAN,Doe Run Herculaneum,2008-04-01,,"NORTH CROSS: Herculaneum, MO 63048",63048.0,urban-periphery
290990027,"Herculaneum, Mott Street",38.26351,-90.37993,142.0,Missouri,Jefferson,Herculaneum,INDUSTRIAL,RURAL,Missouri Laboratory  Services Program,2011-06-01,,"MOTT STREET: 360 Short Street, Herculaneum, 63048",63048.0,rural
290999001,"Herculaneum, Main Street",38.26339,-90.37883,150.0,Missouri,Jefferson,Herculaneum,INDUSTRIAL,RURAL,Doe Run Herculaneum,2004-01-01,,"MAIN STREET: 1 Parkwood, Herculaneum, MO 63048",63048.0,rural
290999002,"Herculaneum, Dunklin High School",38.267085,-90.378853,140.0,Missouri,Jefferson,Herculaneum,INDUSTRIAL,SUBURBAN,Doe Run Herculaneum,1968-01-01,,"DUNKLIN HIGH SCHOOL: 1 Black Cat Dr., Herculaneum, MO 63048",63048.0,urban-periphery
290999003,290999003,38.268254,-90.373903,400.0,Missouri,Jefferson,Herculaneum,INDUSTRIAL,RURAL,Doe Run Herculaneum,1982-01-01,,"BLUFF: Herculaneum, MO 63048",63048.0,rural
290999004,"Herculaneum, Sherman",38.271754,-90.376683,141.0,Missouri,Jefferson,Herculaneum,INDUSTRIAL,RURAL,Doe Run Herculaneum,1982-01-01,,"SHERMAN: 460 Sherman Street, Herculaneum, MO 63048",63048.0,rural
290999005,"Herculaneum, Broad Street",38.261792,-90.378823,152.0,Missouri,Jefferson,Herculaneum,INDUSTRIAL,RURAL,Doe Run Herculaneum,1992-07-01,,"BROAD STREET: 847 Broad St, Herculaneum, MO 63048",63048.0,rural
290999006,Ursuline North,38.243055,-90.373823,176.2,Missouri,Jefferson,Not in a City,INDUSTRIAL,RURAL,Doe Run Herculaneum,2010-02-01,,"URSULINE NORTH: 210 Glennon Heights Road, Crystal City, MO 63019",63019.0,rural
290999007,Weaver-AA,38.144972,-90.304783,125.0,Missouri,Jefferson,Not in a City,FOREST,RURAL,Ameren Missouri,2015-12-12,,"802 Weaver Road, Festus, MO. 63028",63028.0,rural
290999008,"Rush Island, Johnson Tall Tower",38.11999,-90.28214,200.0,Missouri,Jefferson,Not in a City,FOREST,RURAL,Ameren Missouri,2015-12-30,,"JOHNSON TALL TOWER: 600 Johnson Rd. Festus, MO 63028",63627.0,rural
290999009,"Rush Island, Natchez",38.10525,-90.29842,153.0,Missouri,Jefferson,Not in a City,FOREST,RURAL,Ameren Missouri,2015-12-13,,"917 Natchez Trace Drive Bloomdale, MO. 63627",63627.0,rural
291130001,LINCOLN SOUTH - SOURTH OF MOSCOW MILLS 6 MILES W OF HWY 61 ON HWY U.,38.915833,-90.936667,0.0,Missouri,Lincoln,Not in a City,RESIDENTIAL,RURAL,Missouri Laboratory  Services Program,1999-08-07,,LINCOLN SOUTH,63362.0,rural
291130002,S OF MOSCOW MILLS 4 MILES N OF INTERSECTION OF HWY 61 ON HWY U,38.915833,-90.925,0.0,Missouri,Lincoln,Moscow Mills,RESIDENTIAL,RURAL,Missouri Laboratory  Services Program,1999-08-07,,LINCOLN NORTH,63362.0,rural
291130003,Foley,39.04512,-90.86633,238.0,Missouri,Lincoln,Not in a City,RESIDENTIAL,RURAL,Missouri Laboratory  Services Program,2005-01-01,,"FOLEY: #7 Wild Horse, Foley, MO 63347",63347.0,rural
291130004,Foley West,39.04577,-90.84927,218.0,Missouri,Lincoln,Foley,RESIDENTIAL,RURAL,Missouri Laboratory  Services Program,2017-03-01,,"FOLEY WEST: 2100 Highway Y, Foley, MO 63347",63347.0,rural
291250001,HWY 28 TO HWY EE TO MARIES CO RD 404 #22912 - E&M TRAVIS,38.274083,-91.701611,0.0,Missouri,Maries,Not in a City,AGRICULTURAL,RURAL,Missouri Laboratory  Services Program,2001-04-01,,BELLE - 22912 MARIES CO RD 404,65013.0,rural
291270004,291270004,39.704756,-91.381249,165.0,Missouri,Marion,Hannibal,RESIDENTIAL,URBAN AND CENTER CITY,Missouri Laboratory  Services Program,1984-01-01,,ST ELIZABETH HOSPITAL BROADWAY & VIRGINI,63401.0,urban-centre
291290001,MERCER COUNTY IS A SPMS CAFO SITE ESTABLISHED 1/01/00.,40.56,-93.418333,0.0,Missouri,Mercer,Not in a City,AGRICULTURAL,RURAL,Missouri Laboratory  Services Program,2000-01-01,,MERCER COUNTY,64661.0,rural
291370001,MTSP,39.474976,-91.788991,218.0,Missouri,Monroe,Not in a City,,RURAL,Missouri Laboratory  Services Program,1980-01-01,,"MARK TWAIN STATE PARK: 20057 State Park Office Road, Stoutville, MO 65283",65282.0,rural
291439001,M7M Site #1 AECI Water Tower Location,36.51364,-89.56093,90.5,Missouri,New Madrid,Not in a City,INDUSTRIAL,RURAL,Magnitude 7 Metals,2017-01-01,,"SITE #1 AECI WATER TOWER: 391 St Jude Industrial Park, New Madrid, MO 63869",63866.0,rural
291439002,291439002,36.50838,-89.56074,90.2,Missouri,New Madrid,Not in a City,INDUSTRIAL,RURAL,Magnitude 7 Metals,2017-01-01,,"SITE #2 EAST GRAVEYARD: 391 St Jude Industrial Park, New Madrid, MO 63869",63866.0,rural
291439003,M7M Site #3 West Entrance,36.50899,-89.57099,90.8,Missouri,New Madrid,Not in a City,INDUSTRIAL,RURAL,Magnitude 7 Metals,2017-01-01,,"SITE #3 WEST ENTRANCE: 391 St Jude Industrial Park, New Madrid, MO 63569",63866.0,rural
291570001,291570001,37.70264,-89.69864,151.0,Missouri,Perry,Not in a City,AGRICULTURAL,RURAL,Missouri Laboratory  Services Program,2004-01-22,,"FARRAR: County Road 342, Farrar, MO 63746",63775.0,rural
291630002,291630002,39.3726,-90.9144,207.0,Missouri,Pike,Not in a City,RESIDENTIAL,RURAL,Missouri Laboratory  Services Program,2005-01-01,,"Clarksville, 22972 Pike Co. Rd. 239",63336.0,rural
291650023,291650023,39.300033,-94.700244,293.0,Missouri,Platte,Kansas City,MOBILE,SUBURBAN,Missouri Laboratory  Services Program,1969-01-01,,11500 N 71 HWY,64153.0,urban-periphery
291710001,291710001,40.530132,-92.910162,140.0,Missouri,Putnam,Not in a City,AGRICULTURAL,RURAL,Missouri Laboratory  Services Program,2006-12-01,,"Unionville, 20010 Hiway 129",63565.0,rural
291730001,291730001,39.66309,-91.317914,187.0,Missouri,Ralls,Not in a City,AGRICULTURAL,RURAL,Shell,1990-04-01,,RT T SOUTH OF HANNIBAL,63401.0,rural
291730002,291730002,39.66309,-91.317914,187.0,Missouri,Ralls,Not in a City,AGRICULTURAL,RURAL,Shell,1990-04-01,,HWY 79 SOUTH OF HANNIBAL,63401.0,rural
291750003,291750003,39.515312,-92.649901,235.0,Missouri,Randolph,Not in a City,AGRICULTURAL,RURAL,Missouri Laboratory  Services Program,1987-01-01,,SW1/4 OF SE1/4 SECT 36 OF R16W+T55N,65259.0,rural
291750004,291750004,39.570034,-92.611289,241.0,Missouri,Randolph,Not in a City,AGRICULTURAL,RURAL,Missouri Laboratory  Services Program,1987-01-01,,SE1/4 OF NE1/4 OF SECT 17 OF R15W+T55N,65259.0,rural
291790003,Corridon,37.364208,-91.122386,299.0,Missouri,Reynolds,Not in a City,RESIDENTIAL,RURAL,Missouri Laboratory  Services Program,2010-01-01,,"CORRIDON: 415 RR1, Ellington, MO 63633",63638.0,rural
291790004,291790004,37.564915,-91.114356,345.0,Missouri,Reynolds,Not in a City,RESIDENTIAL,RURAL,Missouri Laboratory  Services Program,2010-01-01,,"OATES, 13155 HIGHWAY KK, BOSS, MO, 65440",63625.0,rural
291790034,Oates,37.564915,-91.114356,346.0,Missouri,Reynolds,Not in a City,RESIDENTIAL,RURAL,Missouri Laboratory  Services Program,2010-01-01,,"OATES: 13155 Highway KK, Oates, MO",63625.0,rural
291830005,291830005,38.665824,-90.734395,211.0,Missouri,Saint Charles,Not in a City,AGRICULTURAL,RURAL,Missouri Laboratory  Services Program,1975-01-01,,WELDON SPRINGS  HWY94 4.5 OFF 40,63304.0,rural
291830008,291830008,38.797268,-90.80984,180.0,Missouri,Saint Charles,Lake St. Louis,AGRICULTURAL,RURAL,Missouri Laboratory  Services Program,1980-01-01,,"PROSPECT & FRAMES ,WENTZVILLE",63367.0,rural
291830009,Augusta,38.600896,-90.864733,244.0,Missouri,Saint Charles,Not in a City,AGRICULTURAL,RURAL,Missouri Laboratory  Services Program,1987-07-01,,"AUGUSTA, MO",63341.0,rural
291831002,West Alton,38.872546,-90.226488,131.0,Missouri,Saint Charles,West Alton,AGRICULTURAL,RURAL,Missouri Laboratory  Services Program,1968-01-01,,"WEST ALTON: General Electric Store, Highway 94, WestT Alton, MO 63386",63386.0,rural
291831004,Orchard Farm,38.8994,-90.44917,134.0,Missouri,Saint Charles,Not in a City,AGRICULTURAL,RURAL,Missouri Laboratory  Services Program,1995-04-27,,"ORCHARD FARM: 2165 Highway V, St. Charles, MO 63301",63373.0,rural
291839002,Northwest,38.581799,-90.865528,168.0,Missouri,Saint Charles,Not in a City,AGRICULTURAL,RURAL,Ameren Missouri,2015-04-22,,"NORTHWEST SITE: Rt.94, Augusta, MO 63332 Intersection with Schluersburg Rd",63332.0,rural
291839004,291839004,38.595607,-90.830618,249.0,Missouri,Saint Charles,Augusta,AGRICULTURAL,RURAL,Ameren Missouri,2017-01-01,,"LABADIE, NORTH:~150 ft. north of Terry Rd. and ~200ft. Kingfisher Ct., Augusta, MO 63332",63332.0,rural
291860004,8 MILES E OF INTERSTATE 55 IN NE STE. GENEVIEVE CO.,38.005278,-90.09,400.0,Missouri,Sainte Genevieve,Ste. Genevieve,AGRICULTURAL,RURAL,"Aeromet Engineering, Inc",1996-01-01,,"CHEMICAL LIME, STE. GENEVIEVE",63670.0,rural
291860005,Bonne Terre,37.90084,-90.42388,0.0,Missouri,Sainte Genevieve,Not in a City,AGRICULTURAL,RURAL,Missouri Laboratory  Services Program,1996-04-01,,"BONNE TERRE: 15797 Highway D, Bonne Terre, MO 63628",63628.0,rural
291860006,STE GENEVIEVE - PM2.5. CORE SLAMS.,37.982225,-90.052547,0.0,Missouri,Sainte Genevieve,Ste. Genevieve,RESIDENTIAL,SUBURBAN,Missouri Laboratory  Services Program,1999-01-01,,STE. GENEVIEVE: 725 Washington St.,63670.0,urban-periphery
291870001,291870001,37.845339,-90.50594,263.0,Missouri,Saint Francois,Park Hills,COMMERCIAL,RURAL,Missouri Laboratory  Services Program,1981-01-01,,FEDERAL MILL ROAD FLAT RIVER,63601.0,rural
291870002,"MISSOURI MINES HISTORIC SITE, ST JOE STATE PARK FLAT RIVER",37.836944,-90.513611,0.0,Missouri,Saint Francois,Park Hills,AGRICULTURAL,RURAL,Missouri Laboratory  Services Program,1993-07-01,,"MO MINES, ST JOE STATE PARK",63601.0,rural
291870003,"PARK GARAGE, ST JOE STATE PARK FLAT RIVER",37.805,-90.513611,0.0,Missouri,Saint Francois,Park Hills,AGRICULTURAL,RURAL,Missouri Laboratory  Services Program,1993-07-01,,"PARK GARAGE, ST JOE STATE PARK",63640.0,rural
291870004,"SOUTHSIDE, ST JOE STATE PARK FLAT RIVER",37.8375,-90.508333,0.0,Missouri,Saint Francois,Park Hills,AGRICULTURAL,RURAL,Missouri Laboratory  Services Program,1993-07-01,,"SOUTHSIDE, ST JOE STATE PARK",63601.0,rural
291870005,BONNE TERRE POSSIBLE PAMS SITE,37.896944,-90.422222,0.0,Missouri,Saint Francois,Bonne Terre,AGRICULTURAL,RURAL,Missouri Laboratory  Services Program,1996-04-01,,"BONNE TERRE, MO",,rural
291870007,St. Joe State Park,37.814191,-90.507487,286.0,Missouri,Saint Francois,Park Hills,FOREST,RURAL,Missouri Laboratory  Services Program,2009-11-27,,"ST. JOE STATE PARK: 2800 Pimville Road, Park Hills, 63601",63640.0,rural
291890004,FORMERLY 5962 SOUTH LINDBERGH.,38.53278,-90.38243,183.0,Missouri,Saint Louis,Sunset Hills,RESIDENTIAL,SUBURBAN,St Louis County Health Department Air Pollution Control,1998-05-13,,"Sunset Hills: 4580 South Lindbergh & Gravios, Sunset Hills, MO 63126",63126.0,urban-periphery
291890005,Pacific,38.49015,-90.70509,160.0,Missouri,Saint Louis,Not in a City,RESIDENTIAL,RURAL,St Louis County Health Department Air Pollution Control,2005-04-01,,"PACIFIC: 18701 Old Highway 66, Pacific, MO 63039",63069.0,rural
291890006,291890006,38.61366,-90.495941,175.0,Missouri,Saint Louis,Not in a City,RESIDENTIAL,RURAL,St Louis County Health Department Air Pollution Control,1971-01-01,,305 WEIDMAN ROAD (QUEENY),63011.0,rural
291890010,291890010,38.695326,-90.435106,172.0,Missouri,Saint Louis,Maryland Heights,COMMERCIAL,SUBURBAN,Missouri Laboratory  Services Program,1975-01-01,,LACKLAND ROAD,63146.0,urban-periphery
291890013,291890013,38.547272,-90.625945,152.0,Missouri,Saint Louis,Wildwood,,RURAL,St Louis County Health Department Air Pollution Control,1983-01-01,,"MARICLIFT MON,2.5MILES N OF I-44 ONHWY10",63038.0,rural
291890014,Maryland Heights,38.71085,-90.47606,185.0,Missouri,Saint Louis,Maryland Heights,RESIDENTIAL,RURAL,Missouri Laboratory  Services Program,2005-04-01,,"MARYLAND HEIGHTS: 13044 Marine Avenue, Maryland Heights, MO 63146",63146.0,rural
291890015,Oakville,38.456762,-90.327477,146.0,Missouri,Saint Louis,Oakville,RESIDENTIAL,SUBURBAN,Missouri Laboratory  Services Program,2008-09-26,,"OAKVILLE: 6115 Frontenac Pointe Court, Oakville, MO 63129",63129.0,urban-periphery
291890016,"Rider Trail, I-70",38.75264,-90.44884,157.0,Missouri,Saint Louis,Bridgeton,COMMERCIAL,SUBURBAN,Missouri Dept Of Natural Resources,2015-01-01,,"RIDER TRAIL, I-70: 13080  Hollenberg Drive, Bridgeton, MO 63044",63045.0,urban-periphery
291890102,291890102,0.0,0.0,137.0,Missouri,Saint Louis,Not in a City,INDUSTRIAL,SUBURBAN,Missouri Laboratory  Services Program,1982-01-01,,8900 S BROADWAY ST LOUIS MO,,urban-periphery
291890103,291890103,0.0,0.0,137.0,Missouri,Saint Louis,Not in a City,INDUSTRIAL,SUBURBAN,Missouri Laboratory  Services Program,1982-01-01,,8900 S BROADWAY ST LOUIS MO,,urban-periphery
291890104,291890104,0.0,0.0,137.0,Missouri,Saint Louis,Not in a City,INDUSTRIAL,SUBURBAN,Missouri Laboratory  Services Program,1982-01-01,,8900 SOUTH BROADWAY ST LOUIS MO,,urban-periphery
291890105,291890105,0.0,0.0,137.0,Missouri,Saint Louis,Not in a City,INDUSTRIAL,SUBURBAN,Missouri Laboratory  Services Program,1982-01-01,,2ND ST & ARSENAL ST LOUIS MO,,urban-periphery
291890106,291890106,0.0,0.0,137.0,Missouri,Saint Louis,Not in a City,INDUSTRIAL,SUBURBAN,Missouri Laboratory  Services Program,1982-01-01,,"2ND STREET AND ARSENAL ST LOUIS, MO",,urban-periphery
291890107,291890107,0.0,0.0,122.0,Missouri,Saint Louis,Not in a City,INDUSTRIAL,SUBURBAN,Missouri Laboratory  Services Program,1982-01-01,,8900 SOUTH BROADWAY ST LOUIS MO,,urban-periphery
291890108,291890108,0.0,0.0,137.0,Missouri,Saint Louis,Not in a City,INDUSTRIAL,SUBURBAN,Missouri Laboratory  Services Program,1982-01-01,,8900 SOUTH BROADWAY ST LOUIS MO,,urban-periphery
291890109,291890109,0.0,0.0,137.0,Missouri,Saint Louis,Not in a City,INDUSTRIAL,SUBURBAN,Missouri Laboratory  Services Program,1982-01-01,,8900 SOUTH BROADWAY ST LOUIS MO,,urban-periphery
291890110,291890110,0.0,0.0,137.0,Missouri,Saint Louis,Not in a City,INDUSTRIAL,SUBURBAN,Missouri Laboratory  Services Program,1982-01-01,,8900 SOUTH BROADWAY ST LOUIS MO,,urban-periphery
291890111,291890111,0.0,0.0,137.0,Missouri,Saint Louis,Not in a City,INDUSTRIAL,SUBURBAN,Missouri Laboratory  Services Program,1982-01-01,,2ND STREET AND ARSENAL ST LOUIS MO,,urban-periphery
291890112,291890112,0.0,0.0,137.0,Missouri,Saint Louis,Not in a City,INDUSTRIAL,SUBURBAN,Missouri Laboratory  Services Program,1982-01-01,,2ND STREET AND ARSENAL ST LOUIS MO,,urban-periphery
291892003,291892003,38.649771,-90.350659,161.0,Missouri,Saint Louis,Ladue,COMMERCIAL,SUBURBAN,St Louis County Health Department Air Pollution Control,1988-06-01,,"CLAYTON ANIMAL SHELTER: 77 Hunter Avenue, Ladue, MO 63124",63124.0,urban-periphery
291893001,Ladue,38.650329,-90.350313,156.0,Missouri,Saint Louis,Ladue,COMMERCIAL,SUBURBAN,St Louis County Health Department Air Pollution Control,1971-01-01,,"LADUE: 73 Hunter Avenue, Ladue, MO 63105",63124.0,urban-periphery
291897002,291897002,38.72727,-90.379548,168.0,Missouri,Saint Louis,St. Ann,RESIDENTIAL,SUBURBAN,St Louis County Health Department Air Pollution Control,1990-12-07,,10267 ST CHARLES ROCK ROAD,63074.0,urban-periphery
291897003,.7 MILES E FROM OLD SITE ON S SIDE OF ST CHAS ROCK RD.,38.720965,-90.367132,0.0,Missouri,Saint Louis,Breckenridge Hills,RESIDENTIAL,SUBURBAN,St Louis County Health Department Air Pollution Control,2001-02-13,,"9630 ST CHAS ROCK RD, BREKENRIDGE 63314",63114.0,urban-periphery
292070001,Mingo,36.970052,-90.1401,112.0,Missouri,Stoddard,Not in a City,FOREST,RURAL,Missouri Laboratory  Services Program,2000-01-01,,MINGO REFUGE MAINTENANCE SHED,,rural
292110001,292110001,40.254747,-92.878521,100.0,Missouri,Sullivan,Not in a City,AGRICULTURAL,RURAL,Missouri Laboratory  Services Program,2001-09-01,,GREEN CASTLE,63544.0,rural
292110002,292110002,40.23997,-92.87771,100.0,Missouri,Sullivan,Not in a City,AGRICULTURAL,RURAL,Missouri Laboratory  Services Program,2003-06-01,,65915 Iberian Dr.,63544.0,rural
292110003,292110003,40.203223,-92.930462,311.0,Missouri,Sullivan,Not in a City,AGRICULTURAL,RURAL,Missouri Laboratory  Services Program,2008-07-01,,"Green City: 23000 Harvest Road, Green City, MO 63545",63545.0,rural
292130001,NORTH OF HIGHWAY 76 NEXT TO A HELICOPTER TOURING COMPANY.,36.6375,-93.283333,0.0,Missouri,Taney,Branson,COMMERCIAL,SUBURBAN,Missouri Laboratory  Services Program,1993-03-25,,"HIGHWAY 76, BRANSON, MO",65616.0,urban-periphery
292130002,THIS SITE WAS MOVED FROM A HELICOPTER TOURING COMPANY,36.644444,-93.283333,0.0,Missouri,Taney,Branson,COMMERCIAL,SUBURBAN,Missouri Laboratory  Services Program,1997-05-22,,FARM HOUSE RESTAURANT 119 W. MAIN,65616.0,urban-periphery
292130003,Hercules-Glades,36.613879,-92.92228,404.0,Missouri,Taney,Not in a City,FOREST,RURAL,National Park Service,2001-01-01,,Hercules-Glades,65744.0,rural
292150002,292150002,37.492544,-91.868765,0.0,Missouri,Texas,Not in a city,AGRICULTURAL,RURAL,Missouri Laboratory  Services Program,1991-02-02,,645 MAPLE,,rural
295100007,South Broadway,38.542551,-90.263711,148.0,Missouri,St. Louis City,St. Louis,RESIDENTIAL,URBAN AND CENTER CITY,St Louis City Division Of Air Pollution Control,1965-01-01,,"SOUTH BROADWAY: 8227 South Broadway, St. Louis, MO 63111",63111.0,urban-centre
295100072,295100072,38.624216,-90.198709,154.0,Missouri,St. Louis City,St. Louis,COMMERCIAL,URBAN AND CENTER CITY,St Louis City Division Of Air Pollution Control,1975-01-01,,1122 CLARK,63102.0,urban-centre
295100079,295100079,38.63116,-90.19482,137.0,Missouri,St. Louis City,St. Louis,COMMERCIAL,URBAN AND CENTER CITY,St Louis City Division Of Air Pollution Control,1982-01-01,,11TH & WASHINGTON,63101.0,urban-centre
295100080,295100080,38.658645,-90.244257,152.0,Missouri,St. Louis City,St. Louis,RESIDENTIAL,URBAN AND CENTER CITY,St Louis City Division Of Air Pollution Control,1982-01-01,,NEWSTEAD & COTEBRILLIANT,63113.0,urban-centre
295100081,295100081,38.751159,-90.188154,122.0,Missouri,St. Louis City,St. Louis,COMMERCIAL,URBAN AND CENTER CITY,St Louis City Division Of Air Pollution Control,1984-01-01,,CHAIN OF ROCKS WATER DEPARTMENT,63137.0,urban-centre
295100083,295100083,38.63116,-90.194265,146.0,Missouri,St. Louis City,St. Louis,COMMERCIAL,URBAN AND CENTER CITY,St Louis City Division Of Air Pollution Control,1985-12-31,,1009 WASHINGTON,63101.0,urban-centre
295100084,HALL ST AND CARRIE WAS 1122 CLARK,38.695,-90.212778,0.0,Missouri,St. Louis City,St. Louis,INDUSTRIAL,URBAN AND CENTER CITY,St Louis City Division Of Air Pollution Control,1993-11-01,,HALL ST AND CARRIE,63147.0,urban-centre
295100085,Blair Street,38.656429,-90.198348,150.0,Missouri,St. Louis City,St. Louis,RESIDENTIAL,URBAN AND CENTER CITY,Missouri Laboratory  Services Program,1999-03-01,,"BLAIR STREET: 3247 Blair Street, St. Louis, MO 63107",63107.0,urban-centre
295100086,MARGARETTA CATEGORY B CORE SLAM PM2.5.,38.673221,-90.239166,0.0,Missouri,St. Louis City,St. Louis,RESIDENTIAL,URBAN AND CENTER CITY,St Louis City Division Of Air Pollution Control,1999-01-01,,"MARGARETTA: 4520 Margaretta, St. Louis, MO 63115",63115.0,urban-centre
295100087,SLCI PM25 SITE LOCATED AT 2ND & MOUND STREET.,38.642857,-90.185059,128.0,Missouri,St. Louis City,St. Louis,INDUSTRIAL,URBAN AND CENTER CITY,St Louis City Division Of Air Pollution Control,1999-11-01,,"MOUND STREET: 1716 N 2nd Street, St. Louis, MO, 63102",63102.0,urban-centre
295100088,FORMERLY 29-510-0084 HALL ST & CARRIE,38.69075,-90.209306,0.0,Missouri,St. Louis City,St. Louis,INDUSTRIAL,URBAN AND CENTER CITY,St Louis City Division Of Air Pollution Control,2001-04-01,,"HALL STREET: 6204 Hall Street, St. Louis, MO 63147",63147.0,urban-centre
295100089,295100089,38.60183,-90.232891,100.0,Missouri,St. Louis City,St. Louis,RESIDENTIAL,URBAN AND CENTER CITY,St Louis City Division Of Air Pollution Control,2001-05-01,,3026 MINNESOTA AVE,,urban-centre
295100090,CAP SITE,38.616833,-90.208222,0.0,Missouri,St. Louis City,St. Louis,RESIDENTIAL,URBAN AND CENTER CITY,St Louis City Division Of Air Pollution Control,2001-04-01,,GRATTON CAP SITE,63104.0,urban-centre
295100091,295100091,38.585913,-90.239307,0.0,Missouri,St. Louis City,St. Louis,RESIDENTIAL,URBAN AND CENTER CITY,St Louis City Division Of Air Pollution Control,2001-05-01,,KEOKUK AND VIRGINIA,,urban-centre
295100092,295100092,38.654449,-90.185376,50.0,Missouri,St. Louis City,St. Louis,INDUSTRIAL,URBAN AND CENTER CITY,St Louis City Division Of Air Pollution Control,2001-06-01,,3 NORTH MARKET,63102.0,urban-centre
295100093,Branch Street,38.656479,-90.189868,131.0,Missouri,St. Louis City,St. Louis,INDUSTRIAL,URBAN AND CENTER CITY,St Louis City Division Of Air Pollution Control,2006-10-01,,"BRANCH STREET: 100 Branch Street, St. Louis, MO 63102",63102.0,urban-centre
295100094,Forest Park,38.63114,-90.28115,168.0,Missouri,St. Louis City,St. Louis,COMMERCIAL,SUBURBAN,Missouri Laboratory  Services Program,2013-01-01,,"FOREST PARK: McKinely Dr., St. Louis, MO 63110",63110.0,urban-periphery
300010003,300010003,45.206448,-112.64251,1600.0,Montana,Beaverhead,Dillon,COMMERCIAL,URBAN AND CENTER CITY,"MT Dept Of Environmental Quality, Air Quality Division",2023-01-01,,30 State Hwy 91 S,59725.0,urban-centre
300030039,300030039,45.534983,-106.958108,1045.0,Montana,Big Horn,Not in a city,UNKNOWN,UNKNOWN,"MT Dept Of Environmental Quality, Air Quality Division",1982-01-01,,BUSBY MT,,unknown
300030042,300030042,45.311911,-107.365646,1036.0,Montana,Big Horn,Not in a City,RESIDENTIAL,SUBURBAN,Crow Tribe of Montana,1985-01-01,,LODGE GRASS CITY PARK,,urban-periphery
300030045,300030045,45.430508,-108.531797,4100.0,Montana,Big Horn,Not in a City,AGRICULTURAL,RURAL,Crow Tribe of Montana,1987-01-01,,CROW - PRYOR CLINIC,,rural
300130001,Great Falls Overlook Park,47.494318,-111.303317,1021.0,Montana,Cascade,Great Falls,COMMERCIAL,URBAN AND CENTER CITY,"MT Dept Of Environmental Quality, Air Quality Division",2001-07-02,,10th Ave. S. and 2nd St. E.,59405.0,urban-centre
300170005,Miles City - Pines Hills,46.411389,-105.812778,720.0,Montana,Custer,Not in a City,AGRICULTURAL,RURAL,"MT Dept Of Environmental Quality, Air Quality Division",2021-11-10,,3636 Leighton Blvd,59301.0,rural
300210005,Glendive,47.12072,-104.75168,654.39,Montana,Dawson,West Glendive,RESIDENTIAL,RURAL,"MT Dept Of Environmental Quality, Air Quality Division",2024-01-01,,"8th Street, West Glendive, MT 59330",59330.0,rural
300270004,"CR KENDALL-N TOWNSITE #3, HILGER",47.286922,-109.461573,1421.0,Montana,Fergus,Not in a City,INDUSTRIAL,RURAL,Kendall Company,1990-01-01,,"CR KENDALL-N TOWNSITE #3, HILGER",,rural
300270005,"CR KENDALL-BSA SITE #4, HILGER",47.273589,-109.456573,1341.0,Montana,Fergus,Not in a City,INDUSTRIAL,RURAL,Kendall Company,1990-01-01,,"CR KENDALL-BSA SITE #4, HILGER",,rural
300270006,Lewistown,47.048537,-109.455315,1253.0,Montana,Fergus,Not in a City,COMMERCIAL,RURAL,"MT Dept Of Environmental Quality, Air Quality Division",2012-08-01,,303 East Aztec Drive Lewistown MT 59457,59457.0,rural
300279000,UL Bend,47.582225,-108.720383,891.0,Montana,Fergus,Not in a City,FOREST,RURAL,National Park Service,2000-01-01,,UL Bend,59471.0,rural
300290009,White Fish Dead End,48.400407,-114.336962,0.0,Montana,Flathead,Whitefish,COMMERCIAL,SUBURBAN,Flathead County Health Department,2001-09-13,,END OF 10TH ST,59937.0,urban-periphery
300290047,Kalispell Flathead Electric,48.20054,-114.305334,890.0,Montana,Flathead,Kalispell,INDUSTRIAL,URBAN AND CENTER CITY,Flathead County Health Department,1999-06-24,,E Center St. and Woodland Ave.,59901.0,urban-centre
300290049,Flathead Valley,48.363694,-114.189272,928.0,Montana,Flathead,Columbia Falls,RESIDENTIAL,SUBURBAN,"MT Dept Of Environmental Quality, Air Quality Division",2011-08-27,,610 13th Street West (located in Athletic Field at this address),59912.0,urban-periphery
300298001,Glacier NP,48.5103,-113.99681,964.0,Montana,Flathead,Not in a City,FOREST,RURAL,National Park Service,1988-01-01,,GLACIER NATIONAL PARK,59916.0,rural
300299001,300299001,48.510387,-113.99758,975.0,Montana,Flathead,Not in a City,FOREST,RURAL,National Park Service,1988-03-02,,Glacier NP,59916.0,rural
300310015,300310015,44.6572,-111.09167,2040.0,Montana,Gallatin,Not in a city,FOREST,RURAL,National Park Service,2002-12-17,,"YELLOWSTONE NATIONAL PARK, WEST ENTRANCE",,rural
300310017,West Yellowstone Park Ent #2,44.657014,-111.089618,2030.0,Montana,Gallatin,Not in a City,FOREST,RURAL,National Park Service,2008-07-30,,NE of West Park Entrance Gate,59758.0,rural
300310019,Bozeman High School,45.683765,-111.056282,1468.0,Montana,Gallatin,Bozeman,RESIDENTIAL,SUBURBAN,"MT Dept Of Environmental Quality, Air Quality Division",2009-01-23,,"N 15th Avenue, H.S. Parking Lot, Bozeman MT.",59715.0,urban-periphery
300350022,Cut Bank,48.607406,-112.36384,1170.0,Montana,Glacier,Not in a City,COMMERCIAL,RURAL,"MT Dept Of Environmental Quality, Air Quality Division",2023-01-01,,2705 Valier Hwy,59427.0,rural
300350101,EAST SIDE OF TOWN OF BROWNING NEAR HIGHWAY #2,48.555251,-113.009806,1322.0,Montana,Glacier,Not in a city,INDUSTRIAL,SUBURBAN,Blackfeet Tribe of Blackfeet Indian Reservation of Montana,1994-01-01,,"BLACKFEET TRANSIT BLDG BLOCK 34, BROWNIN",,urban-periphery
300350102,SOUTH OF BROWNING AT BLACKFEET INDUSTRIAL SITE,48.531916,-113.01425,1366.0,Montana,Glacier,Not in a city,AGRICULTURAL,RURAL,Blackfeet Tribe of Blackfeet Indian Reservation of Montana,1994-01-02,,"BLACKFEET INDUSTRIAL PARK, BROWNING MT",,rural
300350106,BROWNING MET,48.528862,-113.025917,1348.0,Montana,Glacier,Browning,AGRICULTURAL,RURAL,Blackfeet Tribe of Blackfeet Indian Reservation of Montana,2005-10-01,,"ROUTE 1 HEART BUTTE ROAD, BROWNING",,rural
300351001,Glacier NP - Saint Mary's Ranger District,48.7408,-113.4347,1384.0,Montana,Glacier,Not in a City,FOREST,RURAL,National Park Service,2009-05-05,,Glacier National Park - portable ozone unit,59411.0,rural
300410002,Havre,48.540373,-109.684432,781.51,Montana,Hill,Havre,RESIDENTIAL,RURAL,"MT Dept Of Environmental Quality, Air Quality Division",2023-06-01,,"300 13th St W, Havre, MT 59501 (Montana State University Northern)",59501.0,rural
300470013,300470013,47.526878,-114.101502,919.0,Montana,Lake,Not in a city,RESIDENTIAL,SUBURBAN,"Confederated Salish & Kootenai Tribes of Flathead Reservation, MT",1981-01-01,,RONAN PARK,,urban-periphery
300470028,300470028,47.692161,-114.163172,892.0,Montana,Lake,Polson,COMMERCIAL,URBAN AND CENTER CITY,"Confederated Salish & Kootenai Tribes of Flathead Reservation, MT",1984-01-01,,"POLSON SADDLE SHOP, 1ST STREET & 4TH AVE",,urban-centre
300470030,300470030,47.688828,-114.125114,0.0,Montana,Lake,Polson,COMMERCIAL,URBAN AND CENTER CITY,"Confederated Salish & Kootenai Tribes of Flathead Reservation, MT",1992-07-01,,"FIRE STATION-POLSON, 1ST AVE & KOOTENAI",,urban-centre
300470031,SITE LOCATED ON NE CORNER OF INTERSECTION OF HWY 93 & TERRACE LK.RD.,47.530212,-114.097056,935.0,Montana,Lake,Not in a City,COMMERCIAL,SUBURBAN,"Confederated Salish & Kootenai Tribes of Flathead Reservation, MT",1993-03-26,,US HWY 93 SOUTH AND TERRACE LAKE ROAD,,urban-periphery
300470032,SAMPLER LOCATED ON STRUCTURE ADJACENT TO TRAILER.,47.595214,-114.11678,0.0,Montana,Lake,Not in a City,COMMERCIAL,RURAL,"Confederated Salish & Kootenai Tribes of Flathead Reservation, MT",1996-01-04,,CS&KT TRIBAL COMPLEX,,rural
300470034,300470034,47.693515,-114.144031,2923.0,Montana,Lake,Polson,RESIDENTIAL,URBAN AND CENTER CITY,"Confederated Salish & Kootenai Tribes of Flathead Reservation, MT",2009-07-21,,50382 US Hiway 93,59860.0,urban-centre
300479000,Flathead,47.773283,-114.269975,1580.0,Montana,Lake,Not in a City,FOREST,RURAL,National Park Service,2002-01-01,,Flathead,59910.0,rural
300490004,NCORE - Sieben Flats,46.8505,-111.987164,1194.0,Montana,Lewis and Clark,Not in a City,AGRICULTURAL,RURAL,"MT Dept Of Environmental Quality, Air Quality Division",2011-01-01,,"I-15 Exit 209, then Sperry Dr.",59648.0,rural
300490026,ROSSITER PUMP HOUSE,46.658762,-112.013089,1131.0,Montana,Lewis and Clark,Helena Valley West Central,RESIDENTIAL,SUBURBAN,Lewis And Clark County Health Department,2003-01-01,,1497 SIERRA ROAD EAST,59602.0,urban-periphery
300499000,Gates of the Mountains,46.826103,-111.711573,2387.0,Montana,Lewis and Clark,Not in a City,FOREST,RURAL,National Park Service,2000-07-26,,Gates of the Mountains,59648.0,rural
300499001,300499001,46.596778,-112.299989,2183.0,Montana,Lewis and Clark,Helena,FOREST,RURAL,US Forest Service,2024-10-09,,MacDonald Pass,59601.0,rural
300530018,Libby Courthouse Annex,48.391545,-115.553309,634.0,Montana,Lincoln,Libby,COMMERCIAL,URBAN AND CENTER CITY,Lincoln County Health Department,1986-12-19,,418 Mineral Ave,59923.0,urban-centre
300630005,Msla Malfunction Junction,46.848813,-114.017054,969.0,Montana,Missoula,Missoula,COMMERCIAL,URBAN AND CENTER CITY,Missoula City-County Health Department,1979-01-01,,"MALFUNCTION JCT, SOUTH, BROOKS & RUSSELL",,urban-centre
300630024,MSLA Boyd Park,46.842181,-114.021499,975.0,Montana,Missoula,Missoula,RESIDENTIAL,SUBURBAN,Missoula City-County Health Department,1981-01-01,,"BOYD PARK, 3100 WASHBURN Rd.",59801.0,urban-periphery
300630037,French Town - Beckwith,47.012907,-114.224273,933.0,Montana,Missoula,Frenchtown,RESIDENTIAL,SUBURBAN,Missoula City-County Health Department,2009-10-01,,"16134 Beckwith St, Frenchtown, MT",59834.0,urban-periphery
300630038,Seeley Elementary School,47.17563,-113.476182,1239.0,Montana,Missoula,Seeley Lake,RESIDENTIAL,SUBURBAN,Missoula City-County Health Department,2009-11-13,,School Lane,59868.0,urban-periphery
300710005,300710005,47.917496,-108.521814,1220.0,Montana,Phillips,Not in a city,RESIDENTIAL,RURAL,Pegasus Gold Corporation,1990-05-17,,"ZORTMAN MINE #5, DOWNEY RESIDENCE",,rural
300710010,Malta,48.317507,-107.862471,785.0,Montana,Phillips,Not in a City,AGRICULTURAL,RURAL,"MT Dept Of Environmental Quality, Air Quality Division",2012-08-01,,"2309 Short Oil Road, Malta, MT 59538",59538.0,rural
300750001,BROADUS,45.440295,-105.370283,943.0,Montana,Powder River,Not in a City,AGRICULTURAL,RURAL,"MT Dept Of Environmental Quality, Air Quality Division",2009-12-25,,Big Powder River Road East,59314.0,rural
300779000,Monture,47.122091,-113.155326,1282.0,Montana,Powell,Not in a City,FOREST,RURAL,National Park Service,2000-03-29,,Monture,59854.0,rural
300810001,RAVALLI COUNTY COURTHOUSE,46.244328,-114.158166,1090.0,Montana,Ravalli,Hamilton,COMMERCIAL,URBAN AND CENTER CITY,"MT Dept Of Environmental Quality, Air Quality Division",1983-01-01,,"RAVALLI COUNTY COURTHOUSE, 205 BEDFORD",59840.0,urban-centre
300810007,HAMILTON - PS 46,46.243621,-114.158889,1088.0,Montana,Ravalli,Hamilton,RESIDENTIAL,URBAN AND CENTER CITY,"MT Dept Of Environmental Quality, Air Quality Division",2005-06-27,,MADISON AND 3RD STREET SOUTH,59840.0,urban-centre
300819000,Sula Peak,45.859686,-114.001032,1896.0,Montana,Ravalli,Not in a City,FOREST,RURAL,National Park Service,1994-08-10,,Sula Peak,59827.0,rural
300830002,Sidney 201,47.8679,-104.676944,713.0,Montana,Richland,Not in a City,AGRICULTURAL,RURAL,"MT Dept Of Environmental Quality, Air Quality Division",2017-05-01,,Corner of CR 326 and State Highway 201,59221.0,rural
300859000,Fort Peck,48.30795,-105.102866,638.0,Montana,Roosevelt,Not in a City,FOREST,RURAL,National Park Service,2002-01-01,,Fort Peck,59255.0,rural
300870307,300870307,45.623325,-106.668643,1018.0,Montana,Rosebud,Not in a City,COMMERCIAL,SUBURBAN,"Northern Cheyenne Tribe of Northern Cheyenne Indian Reservation, MT",1985-01-01,,"INTERSECTION OF HWY 212 & 39, LAME DEER",,urban-periphery
300870760,300870760,45.668052,-106.519466,1311.0,Montana,Rosebud,Not in a city,FOREST,RURAL,"Northern Cheyenne Tribe of Northern Cheyenne Indian Reservation, MT",1981-03-01,,"NO CHEYENNE, MORNINGSTAR, COLSTRIP",,rural
300870761,300870761,45.603053,-106.464744,1293.0,Montana,Rosebud,Not in a city,FOREST,RURAL,"Northern Cheyenne Tribe of Northern Cheyenne Indian Reservation, MT",1981-03-01,,"NO CHEYENNE, GARFIELD PEAK, COLSTRIP",,rural
300870762,Northern Cheyenne,45.648328,-106.557247,1323.0,Montana,Rosebud,Not in a City,FOREST,RURAL,"Northern Cheyenne Tribe of Northern Cheyenne Indian Reservation, MT",1981-03-01,,"NO CHEYENNE, BADGER PEAK, COLSTRIP",,rural
300890004,300890004,47.329097,-114.292619,774.0,Montana,Sanders,Not in a City,INDUSTRIAL,RURAL,"Confederated Salish & Kootenai Tribes of Flathead Reservation, MT",1984-01-01,,"DIXON, OLD TRIBAL HEADQUARTERS",,rural
300890007,THOMPSON FALLS HIGH SCHOOL,47.594395,-115.323746,745.0,Montana,Sanders,Thompson Falls,RESIDENTIAL,SUBURBAN,"MT Dept Of Environmental Quality, Air Quality Division",1999-10-03,,Golf and Haley,59873.0,urban-periphery
300890101,TOP OF BUILDING,47.60827,-114.669297,863.0,Montana,Sanders,Not in a City,FOREST,RURAL,"Confederated Salish & Kootenai Tribes of Flathead Reservation, MT",1995-01-03,,101 MAIN STREET,,rural
300899000,Cabinet Mountains,47.954771,-115.671925,1441.0,Montana,Sanders,Not in a City,FOREST,RURAL,National Park Service,2000-07-26,,Cabinet Mountains,59874.0,rural
300919000,Medicine Lake,48.487054,-104.476346,606.0,Montana,Sheridan,Not in a City,FOREST,RURAL,National Park Service,1999-12-15,,Medicine Lake,59247.0,rural
300930005,Butte Greeley School,46.002602,-112.501247,1682.0,Montana,Silver Bow,Butte-Silver Bow (Remainder),RESIDENTIAL,URBAN AND CENTER CITY,"MT Dept Of Environmental Quality, Air Quality Division",1971-01-01,,Alley Btwn N. Park Pl. and S. Park Pl.,59701.0,urban-centre
300930033,300930033,45.982425,-112.818647,1695.0,Montana,Silver Bow,Not in a city,INDUSTRIAL,RURAL,Pegasus Gold Corporation,1987-12-01,,BEAL MOUNTAIN MINE-BEEFSTRAIGHT CR #3,,rural
300930036,300930036,45.959369,-112.871981,1658.0,Montana,Silver Bow,Not in a city,INDUSTRIAL,RURAL,Pegasus Gold Corporation,1988-10-24,,PEGASUS BEAL MOUNTAIN MINE #6,,rural
300930038,300930038,45.957981,-112.891982,2280.0,Montana,Silver Bow,Not in a city,INDUSTRIAL,RURAL,Pegasus Gold Corporation,1991-06-08,,BEAL MOUNTAIN-CRUSHER UPWIND #8,,rural
300990005,Choteau,47.820308,-112.193636,1168.91,Montana,Teton,Choteau,COMMERCIAL,RURAL,"MT Dept Of Environmental Quality, Air Quality Division",2024-01-01,,"900 Block of Richem Rd, Choteau MT 59422",59422.0,rural
301110066,COBURN ROAD,45.786579,-108.45878,1035.0,Montana,Yellowstone,Not in a City,RESIDENTIAL,RURAL,"MT Dept Of Environmental Quality, Air Quality Division",1981-01-01,,COBURN HILL ROAD,59101.0,rural
301110087,Billings Lockwood,45.806311,-108.425978,713.0,Montana,Yellowstone,Billings,RESIDENTIAL,SUBURBAN,"MT Dept Of Environmental Quality, Air Quality Division",2017-12-01,,2320 Old Hardin Rd,59101.0,urban-periphery
310250002,310250002,40.865557,-96.146955,347.0,Nebraska,Cass,Weeping Water,RESIDENTIAL,SUBURBAN,Nebraska Department Of Environmental Control,1972-01-01,,CITY SANITATION BLDG (WEEPING WATER),,urban-periphery
310250006,310250006,41.00111,-96.161958,317.0,Nebraska,Cass,Not in a city,COMMERCIAL,URBAN AND CENTER CITY,Nebraska Department Of Environmental Control,1983-01-01,,"LIBRARY, LOUISVILLE",,urban-centre
310250007,NEAR NATURAL GAS ODORIZER ON ASH GROVE CEMENT PROPERTY,41.00122,-96.154314,396.0,Nebraska,Cass,Not in a city,RESIDENTIAL,SUBURBAN,Nebraska Department Of Environmental Control,1996-05-01,,"709 2ND STREET  LOUISVILLE, NE",,urban-periphery
310410001,310410001,41.501397,-99.301767,732.0,Nebraska,Custer,Not in a City,,RURAL,Nebraska Department Of Environmental Control,1979-01-01,,COMSTOCK HWY 106,,rural
310470002,310470002,40.868063,-99.984844,763.0,Nebraska,Dawson,Cozad,RESIDENTIAL,SUBURBAN,Nebraska Department Of Environmental Control,1981-01-01,,16TH & AVE G.  (COZAD HIGH SCHOOL),,urban-periphery
310530003,310530003,41.429443,-96.481414,0.0,Nebraska,Dodge,Fremont,RESIDENTIAL,URBAN AND CENTER CITY,Nebraska Department Of Environmental Control,1990-04-01,,"1321 EAST CUMING FREMONT, NE",,urban-centre
310530005,310530005,41.425,-96.48,362.1,Nebraska,Dodge,Not in a City,INDUSTRIAL,URBAN AND CENTER CITY,Nebraska Department Of Environmental Control,2010-03-01,,"1255 Front Street, Fremont, NE",68025.0,urban-centre
310550002,310550002,41.26861,-96.228357,381.0,Nebraska,Douglas,Not in a city,AGRICULTURAL,RURAL,Omaha-Douglas County Health Department,1982-01-01,,"711 VETERANS DR., ELKHORN",,rural
310550019,4102 Woolworth Ave. on Healthcenter Warehouse,41.247486,-95.973142,372.0,Nebraska,Douglas,Omaha,RESIDENTIAL,SUBURBAN,Omaha-Douglas County Health Department,1965-01-01,,DOUGLAS COUNTY HOSP  42ND & WOOLWORTH,68105.0,urban-periphery
310550032,310550032,41.360275,-96.025015,400.0,Nebraska,Douglas,Omaha,AGRICULTURAL,RURAL,Omaha-Douglas County Health Department,1976-01-01,,11414 N 72ND ST   NATION WEATHER SERVICE,,rural
310550035,310550035,41.306758,-95.960967,332.0,Nebraska,Douglas,Omaha,COMMERCIAL,URBAN AND CENTER CITY,Omaha-Douglas County Health Department,1980-02-21,, METRO-TECH CAMPUS  30TH & FORT ST,68111.0,urban-centre
310550036,310550036,41.278887,-95.94057,314.0,Nebraska,Douglas,Omaha,RESIDENTIAL,SUBURBAN,Omaha-Douglas County Health Department,1980-08-28,, FLORENCE BLVD AT BURDETTE,,urban-periphery
310550038,310550038,41.258888,-96.035295,320.0,Nebraska,Douglas,Omaha,COMMERCIAL,SUBURBAN,Omaha-Douglas County Health Department,1982-01-01,,7759 DODGE,,urban-periphery
310550039,310550039,41.271387,-95.943348,314.0,Nebraska,Douglas,Omaha,RESIDENTIAL,URBAN AND CENTER CITY,Omaha-Douglas County Health Department,1983-01-01,,2211 PAUL STREET,,urban-centre
310550040,310550040,41.25861,-96.033628,315.0,Nebraska,Douglas,Omaha,COMMERCIAL,SUBURBAN,Omaha-Douglas County Health Department,1984-01-01,,7717 DODGE,,urban-periphery
310550043,310550043,41.323608,-95.936958,978.0,Nebraska,Douglas,Omaha,INDUSTRIAL,URBAN AND CENTER CITY,Omaha-Douglas County Health Department,1990-01-01,,"15TH & READ OMAHA, NEBRASKA",,urban-centre
310550044,310550044,41.205555,-96.122519,978.0,Nebraska,Douglas,Omaha,COMMERCIAL,URBAN AND CENTER CITY,Omaha-Douglas County Health Department,1990-01-01,,"132ND & Q STREETS OMAHA, NEBRASKA",,urban-centre
310550045,310550045,41.257442,-95.983731,978.0,Nebraska,Douglas,Omaha,RESIDENTIAL,URBAN AND CENTER CITY,Omaha-Douglas County Health Department,1990-04-01,,"46TH & FARNAM  OMAHA, NE",68106.0,urban-centre
310550047,310550047,41.238332,-95.95057,978.0,Nebraska,Douglas,Omaha,COMMERCIAL,URBAN AND CENTER CITY,Omaha-Douglas County Health Department,1992-06-17,,"2300 SOUTH 26TH ST. OMAHA, NE",,urban-centre
310550048,"SITE MOVED FROM 19TH & BURDT, SITE DETERMINED HIGHEST CONCENTRATION",41.323886,-95.943069,298.0,Nebraska,Douglas,Omaha,RESIDENTIAL,URBAN AND CENTER CITY,Omaha-Douglas County Health Department,1994-04-01,,20TH & READ STREETS,,urban-centre
310550049,253 FEET FROM ASARCO PROPERTY LINE IN UNION PACIFIC YARD,41.258879,-95.943265,306.0,Nebraska,Douglas,Omaha,INDUSTRIAL,URBAN AND CENTER CITY,Omaha-Douglas County Health Department,1995-01-01,,"UNION PACIFIC OMAHA, NE",,urban-centre
310550052,ON TOP OF ELEMENTARY SCHOOL,41.197847,-96.056686,0.0,Nebraska,Douglas,Omaha,RESIDENTIAL,SUBURBAN,Omaha-Douglas County Health Department,1999-01-01,,9225 BERRY,68127.0,urban-periphery
310550053,Whitmore,41.322508,-95.938593,0.0,Nebraska,Douglas,Omaha,INDUSTRIAL,URBAN AND CENTER CITY,Omaha-Douglas County Health Department,1999-07-01,,1616 WHITMORE,68112.0,urban-centre
310550054,19th & Burt,41.26605,-95.94059,0.0,Nebraska,Douglas,Omaha,INDUSTRIAL,URBAN AND CENTER CITY,Omaha-Douglas County Health Department,2001-06-01,,701 FLORENCE BLVD,68178.0,urban-centre
310550055,310550055,41.362433,-95.976112,351.57,Nebraska,Douglas,Omaha,RESIDENTIAL,SUBURBAN,Omaha-Douglas County Health Department,2004-05-18,,11300 NORTH POST ROAD,68112.0,urban-periphery
310550056,310550056,41.259175,-96.028628,320.0,Nebraska,Douglas,Omaha,COMMERCIAL,SUBURBAN,Omaha-Douglas County Health Department,2007-10-01,,7747 dodge street,68114.0,urban-periphery
310670005,310670005,40.285,-96.824166,398.0,Nebraska,Gage,Beatrice,AGRICULTURAL,RURAL,Nebraska Department Of Environmental Control,2021-06-02,,24405 SW 75 Rd,,rural
310699000,310699000,41.762681,-102.434108,1207.0,Nebraska,Garden,Not in a City,FOREST,RURAL,National Park Service,2002-01-01,,Crescent Lake,69154.0,rural
310790004,Grand Island Senior High,40.942099,-98.364967,568.0,Nebraska,Hall,Grand Island,RESIDENTIAL,SUBURBAN,Nebraska Department Of Environmental Control,2004-05-03,,2124 NORTH LAFAYETTE,,urban-periphery
310790005,Grand Island NDOT,40.915555,-98.378888,566.0,Nebraska,Hall,Grand Island,INDUSTRIAL,URBAN AND CENTER CITY,Nebraska Department Of Environmental Control,2019-11-26,,3305 W Old Potash Hwy,68803.0,urban-centre
311079992,Santee Sioux - Environmental Office,42.74749,-97.92823,386.0,Nebraska,Knox,Not in a City,FOREST,RURAL,USEPA - Clean Air and Power Division,2024-06-04,,"52948 Hwy 12, Niobrara, NE 68760",68760.0,rural
311090012,311090012,40.811669,-96.707794,355.0,Nebraska,Lancaster,Lincoln,COMMERCIAL,URBAN AND CENTER CITY,Lincoln-Lancaster County Health Department,1979-12-17,,"POLICE STATION, 10TH & M STREETS",,urban-centre
311090013,311090013,40.836668,-96.673349,351.0,Nebraska,Lancaster,Lincoln,COMMERCIAL,SUBURBAN,Lincoln-Lancaster County Health Department,1981-01-01,,2435 NORTH 33RD  (COLSTONS),,urban-periphery
311090014,311090014,40.790001,-96.697794,366.0,Nebraska,Lancaster,Lincoln,RESIDENTIAL,SUBURBAN,Lincoln-Lancaster County Health Department,1982-01-01,,"2200 ST.MARYS AVE , HEALTH DEPT",,urban-periphery
311090015,311090015,40.83389,-96.671404,363.0,Nebraska,Lancaster,Lincoln,RESIDENTIAL,SUBURBAN,Lincoln-Lancaster County Health Department,1982-01-01,,"2200 NORTH 33  , GAME & PARKS COMM.",,urban-periphery
311090016,311090016,40.98498,-96.671373,384.0,Nebraska,Lancaster,Not in a City,RESIDENTIAL,RURAL,Lincoln-Lancaster County Health Department,1985-01-01,,"FIRST & MAPLE , DAVEY",68336.0,rural
311090017,311090017,40.79139,-96.682794,366.0,Nebraska,Lancaster,Lincoln,COMMERCIAL,URBAN AND CENTER CITY,Nebraska Department Of Environmental Control,1986-01-01,,"27TH & OST ,SW CORNER",,urban-centre
311090019,311090019,40.80139,-96.681683,366.0,Nebraska,Lancaster,Lincoln,COMMERCIAL,URBAN AND CENTER CITY,Lincoln-Lancaster County Health Department,1986-01-01,,2805 C STREET,,urban-centre
311090020,311090020,40.812779,-96.650849,366.0,Nebraska,Lancaster,Lincoln,COMMERCIAL,URBAN AND CENTER CITY,Lincoln-Lancaster County Health Department,1988-01-04,,"4327 O STREET , CORNHUSKER SHOOTERS SPLY",,urban-centre
311090021,311090021,40.799723,-96.685016,1200.0,Nebraska,Lancaster,Lincoln,RESIDENTIAL,SUBURBAN,Lincoln-Lancaster County Health Department,1988-08-01,,"3040 ARLINGTON  LINCOLN, NE",,urban-periphery
311090022,ON ROOF OF HEALTH DEPARTMENT,40.812591,-96.683314,0.0,Nebraska,Lancaster,Lincoln,COMMERCIAL,URBAN AND CENTER CITY,Nebraska Department Of Environmental Control,1999-01-01,,3140 N ST LINCOLN,,urban-centre
311090024,311090024,40.796134,-96.748843,361.19,Nebraska,Lancaster,Lincoln,RESIDENTIAL,SUBURBAN,Lincoln-Lancaster County Health Department,2002-10-05,,1700 SOUTH CODDINGTON,68522.0,urban-periphery
311090025,Sheldon Station,40.55476,-96.78035,450.0,Nebraska,Lancaster,Not in a City,AGRICULTURAL,RURAL,Lincoln-Lancaster County Health Department,2016-12-23,,SW 42nd St ~0.2 mi N of W Pella Rd,68368.0,rural
311091016,311091016,40.812501,-96.691961,366.0,Nebraska,Lancaster,Lincoln,COMMERCIAL,URBAN AND CENTER CITY,Nebraska Department Of Environmental Control,1984-01-01,,2024 P STREET,,urban-centre
311190002,311190002,42.033338,-97.403662,0.0,Nebraska,Madison,Norfolk,COMMERCIAL,URBAN AND CENTER CITY,Nebraska Department Of Environmental Control,1988-11-23,,"119 NORFOLK AVENUE, NORFOLK, NE 68701",,urban-centre
311270001,311270001,40.392501,-95.839164,300.0,Nebraska,Nemaha,Auburn,COMMERCIAL,URBAN AND CENTER CITY,Nebraska Department Of Environmental Control,1976-01-01,,1208 J STREET,,urban-centre
311310003,311310003,40.673058,-95.900559,305.0,Nebraska,Otoe,Nebraska City,RESIDENTIAL,URBAN AND CENTER CITY,Nebraska Department Of Environmental Control,1982-01-01,,905 3RD CORSO NEBRASKA CITY,,urban-centre
311530003,311530003,41.166943,-95.924179,315.0,Nebraska,Sarpy,Bellevue,RESIDENTIAL,SUBURBAN,Omaha-Douglas County Health Department,1981-01-01,,FAIRVIEW AT GALVIN RD  AVERY FIRE STA,,urban-periphery
311530005,OMNI ENGINEERING RESIDENTIAL AREA,41.158888,-96.042237,0.0,Nebraska,Sarpy,Not in a city,RESIDENTIAL,SUBURBAN,US EPA National Exposure Research Lab,1997-04-15,,"7615 SOUTH 139TH AVENUE, PAPILLION",,urban-periphery
311530007,ON GOLDEN HILLS ELEMENTARY ROOF,41.133294,-95.956103,0.0,Nebraska,Sarpy,Bellevue,RESIDENTIAL,SUBURBAN,Omaha-Douglas County Health Department,1999-03-01,,2912 COFFEY AVE  BELLEVUE,68123.0,urban-periphery
311570002,ON TOP OF FORD DEALERSHIP'S WORK SHOP,41.859414,-103.638556,0.0,Nebraska,Scotts Bluff,Scottsbluff,COMMERCIAL,URBAN AND CENTER CITY,Nebraska Department Of Environmental Control,1995-08-01,,"1901 EAST OVERLAND SCOTTSBLUFF, NE",,urban-centre
311570004,Scottsbluff Senior High School,41.876853,-103.656561,1186.0,Nebraska,Scotts Bluff,Scottsbluff,RESIDENTIAL,SUBURBAN,Nebraska Department Of Environmental Control,2009-05-13,,Highway 26 & 5th Avenue,69361.0,urban-periphery
311570006,311570006,41.875556,-103.658056,1186.0,Nebraska,Scotts Bluff,Scottsbluff,RESIDENTIAL,SUBURBAN,Nebraska Department Of Environmental Control,2020-03-24,,Hwy 26 & 5th Ave,69361.0,urban-periphery
311651001,311651001,42.4283,-103.7294,1344.0,Nebraska,Sioux,Not in a City,FOREST,RURAL,National Park Service,2007-07-27,,Agate Fossil Beds National Monument,69346.0,rural
311657103,Fort Robinson,42.71,-103.591,1320.0,Nebraska,Sioux,Not in a City,FOREST,RURAL,US Forest Service,2024-01-01,,"Soldier Creek Road and US Hwy 20, Crawford, NE 69339",69346.0,rural
311719000,Nebraska NF,41.888789,-100.339141,883.0,Nebraska,Thomas,Not in a City,FOREST,RURAL,National Park Service,2002-01-01,,Nebraska NF,69142.0,rural
311739000,311739000,42.148699,-96.432113,430.0,Nebraska,Thurston,Not in a City,FOREST,RURAL,National Park Service,2003-01-01,,Omaha,68067.0,rural
311770002,ON ROOF OF GOOD SHEPARD LUTHERAN HOME,41.551211,-96.146175,0.0,Nebraska,Washington,Blair,RESIDENTIAL,RURAL,Nebraska Department Of Environmental Control,1999-03-01,,2242 WRIGHT STREET,68008.0,rural
320010002,Fallon,39.472471,-118.783624,1208.0,Nevada,Churchill,Fallon,RESIDENTIAL,RURAL,Nevada Division Of Environmental Protection,1993-05-02,,280 SOUTH RUSSELL STREET,89406.0,rural
320030007,Henderson,36.028866,-114.989715,579.0,Nevada,Clark,Henderson,,,"Clark County, NV DES",1980-01-01,,"545 LAKE MEAD DR, HENDERSON",,unknown
320030017,East Las Vegas,36.143306,-115.052775,1720.0,Nevada,Clark,East Las Vegas (Whitney),RESIDENTIAL,SUBURBAN,"Clark County, NV DES",1987-09-01,,"2001 WINTERWOOD BLVD, EAST LAS VEGAS",,urban-periphery
320030021,Located in APC Building,36.163581,-115.163056,0.0,Nevada,Clark,Las Vegas,RESIDENTIAL,URBAN AND CENTER CITY,"Clark County, NV DES",1998-01-01,,625 SHADOW LANE,,urban-centre
320030022,Apex,36.39103,-114.907429,662.0,Nevada,Clark,Not in a City,INDUSTRIAL,RURAL,"Clark County, NV DES",1998-01-01,,"12101 Hwy 91, Nevada Las Vegas, NV 89165",89040.0,rural
320030024,Virgin Valley High School,36.815897,-114.050347,10.0,Nevada,Clark,Mesquite,RESIDENTIAL,SUBURBAN,"Clark County, NV DES",2021-01-01,,820 Valley View Dr. Mesquite,89027.0,urban-periphery
320030025,Apex,36.40493,-114.8799,50.0,Nevada,Clark,Not in a City,DESERT,RURAL,"Clark County, NV DES",2023-05-01,,"Apex Valley in Section 7, T18S, R64E, Government Lot Sixteen (16)",,rural
320030043,Paul Meyer,36.106389,-115.253333,737.0,Nevada,Clark,Spring Valley,RESIDENTIAL,SUBURBAN,"Clark County, NV DES",1998-01-01,,4525 NEW FOREST DRIVE,89147.0,urban-periphery
320030044,Mountains Edge Park,36.004733,-115.268517,821.0,Nevada,Clark,Enterprise,RESIDENTIAL,SUBURBAN,"Clark County, NV DES",2020-08-10,,7929 West Mountains Edge Parkway,89178.0,urban-periphery
320030071,Walter Johnson,36.16976,-115.263038,780.0,Nevada,Clark,Las Vegas,RESIDENTIAL,SUBURBAN,"Clark County, NV DES",1995-07-01,,7701 DUCHARME AVE,89145.0,urban-periphery
320030073,Palo Verde,36.173415,-115.332728,932.0,Nevada,Clark,Las Vegas,RESIDENTIAL,SUBURBAN,"Clark County, NV DES",1998-07-01,,333 PAVILION CENTER DRIVE,89144.0,urban-periphery
320030075,Joe Neal,36.270592,-115.238282,709.0,Nevada,Clark,Las Vegas,RESIDENTIAL,URBAN AND CENTER CITY,"Clark County, NV DES",2000-07-01,,6651 W. AZURE AVE,89130.0,urban-centre
320030078,Searchlight,35.465041,-114.920427,1094.0,Nevada,Clark,Searchlight,DESERT,RURAL,"Clark County, NV DES",2000-07-01,,"103 HIGHWAY 95, SEARCHLIGHT, NV",,rural
320030298,Green Valley,36.048705,-115.052942,0.0,Nevada,Clark,Henderson,RESIDENTIAL,SUBURBAN,"Clark County, NV DES",1998-01-01,,298 ARROYO GRANDE,89074.0,urban-periphery
320030299,Liberty High School,35.987908,-115.148885,10.0,Nevada,Clark,Henderson,RESIDENTIAL,SUBURBAN,"Clark County, NV DES",2021-01-01,,"3700 Liberty Heights Ave. Henderson, NV",89052.0,urban-periphery
320030538,Winterwood,36.142957,-115.056305,521.0,Nevada,Clark,Sunrise Manor,RESIDENTIAL,SUBURBAN,"Clark County, NV DES",1979-07-01,,"5483 CLUBHOUSE DR-WINTERWOOD, LAS VEGAS",89142.0,urban-periphery
320030540,Jerome Mack-NCore,36.141875,-115.078742,610.0,Nevada,Clark,Sunrise Manor,RESIDENTIAL,URBAN AND CENTER CITY,"Clark County, NV DES",2010-05-01,,4250 Karen Ave,89121.0,urban-centre
320030557,2850 E. Charleston,36.15886,-115.110833,567.0,Nevada,Clark,Las Vegas,RESIDENTIAL,SUBURBAN,"Clark County, NV DES",1980-04-01,,"2850 E CHARLESTON BLVD., LAS VEGAS",,urban-periphery
320030559,Channel 10 Dr.,36.118028,-115.117499,588.0,Nevada,Clark,Las Vegas,RESIDENTIAL,SUBURBAN,"Clark County, NV DES",1983-01-01,,"4210 CHANNEL 10 DR, LAS VEGAS",,urban-periphery
320030560,East Charleston Microscale Site,36.158582,-115.111666,0.0,Nevada,Clark,Las Vegas,COMMERCIAL,URBAN AND CENTER CITY,"Clark County, NV DES",1998-01-01,,2801A EAST CHARLESTON,,urban-centre
320030561,Sunrise Acres,36.163962,-115.11393,0.0,Nevada,Clark,Las Vegas,RESIDENTIAL,URBAN AND CENTER CITY,"Clark County, NV DES",1996-10-01,,2501 SUNRISE AVENUE,89101.0,urban-centre
320030562,High CO Area,36.155249,-115.128055,575.0,Nevada,Clark,Las Vegas,RESIDENTIAL,URBAN AND CENTER CITY,"Clark County, NV DES",1996-10-01,,130 PAULINE WAY,,urban-centre
320030563,North Mojave,36.176361,-115.103614,570.0,Nevada,Clark,Las Vegas,RESIDENTIAL,SUBURBAN,"Clark County, NV DES",2000-10-01,,650 N. MOJAVE,,urban-periphery
320030601,Boulder City,35.978149,-114.846313,0.0,Nevada,Clark,Boulder City,COMMERCIAL,SUBURBAN,"Clark County, NV DES",1998-01-01,,1005 INDUSTRIAL ROAD,89005.0,urban-periphery
320030602,Garrett Jr. High,35.969848,-114.835007,10.0,Nevada,Clark,Boulder City,RESIDENTIAL,SUBURBAN,"Clark County, NV DES",2021-01-01,,"1200 Ave G. Boulder City, NV",89005.0,urban-periphery
320031002,East Bonanza,36.172749,-115.088333,2035.0,Nevada,Clark,Las Vegas,RESIDENTIAL,URBAN AND CENTER CITY,"Clark County, NV DES",1985-07-05,,"208 E BONANZA, LAS VEGAS",,urban-centre
320031010,2801 E. Charleston,36.156641,-114.999998,572.0,Nevada,Clark,Las Vegas,RESIDENTIAL,SUBURBAN,"Clark County, NV DES",1989-01-01,,"2801 E CHARLESTON, LAS VEGAS",,urban-periphery
320031019,Jean,35.785665,-115.357087,924.0,Nevada,Clark,Jean,DESERT,RURAL,"Clark County, NV DES",1995-01-01,,"1965 State Hwy 161, Jean, NV",89019.0,rural
320031023,Microscale Site,36.101361,-115.172776,0.0,Nevada,Clark,Las Vegas,COMMERCIAL,URBAN AND CENTER CITY,"Clark County, NV DES",1996-10-01,,3799 S LAS VEGAS BLVD,,urban-centre
320031501,Rancho & Teddy,36.139707,-115.175654,1.0,Nevada,Clark,Las Vegas,COMMERCIAL,URBAN AND CENTER CITY,"Clark County, NV DES",2015-08-01,,2755 South Rancho Drive,89102.0,urban-centre
320031502,Casino Center,36.174365,-115.13977,1.0,Nevada,Clark,Las Vegas,COMMERCIAL,URBAN AND CENTER CITY,"Clark County, NV DES",2016-07-01,,500 N. Casino Center Boulevard,89101.0,urban-centre
320032003,Walnut Community Center,36.214465,-115.091437,10.0,Nevada,Clark,North Las Vegas,RESIDENTIAL,SUBURBAN,"Clark County, NV DES",2021-01-01,,"3075 N Walnut Rd, Las Vegas, NV",89115.0,urban-periphery
320037771,SM Youth Camp,36.318874,-115.586128,10.0,Nevada,Clark,Mount Charleston,FOREST,RURAL,"Clark County, NV DES",2010-05-10,,"Ries Rd, Spring Mountain Youth Camp, Mt. Charleston",89018.0,rural
320037772,Indian Springs,36.569333,-115.676651,10.0,Nevada,Clark,Indian Springs,RESIDENTIAL,SUBURBAN,"Clark County, NV DES",2010-05-11,,"668 Gretta Ln, Indian Springs",89018.0,urban-periphery
320037773,Shooting Park,36.336099,-115.210284,10.0,Nevada,Clark,Not in a City,COMMERCIAL,SUBURBAN,"Clark County, NV DES",2010-05-26,,"11357 N. Decatur Blvd., Las Vegas",89018.0,urban-periphery
320037774,Frenchman Mountain,36.176937,-114.999443,10.0,Nevada,Clark,Sunrise Manor,FOREST,RURAL,"Clark County, NV DES",2012-07-01,,Top of Frenchman Mountain comm tower,89011.0,rural
320037775,Mt. Potosi,35.980826,-115.531678,10.0,Nevada,Clark,Not in a City,FOREST,RURAL,"Clark County, NV DES",2010-06-02,,"11480 Mt. Potosi Canyon Rd., Las Vegas",89124.0,rural
320037776,Mt. Pass,36.017771,-115.497233,10.0,Nevada,Clark,Not in a City,FOREST,RURAL,"Clark County, NV DES",2011-05-01,,"Mt. Pass, State Hwy 160 way to Pahrump",89124.0,rural
320037777,Sandy Valley,35.810183,-115.646285,10.0,Nevada,Clark,Sandy Valley,FOREST,RURAL,"Clark County, NV DES",2011-05-07,,650 Quartz,89019.0,rural
320037778,Arden Peak,35.94583,-115.043609,10.0,Nevada,Clark,Not in a City,FOREST,RURAL,"Clark County, NV DES",2011-05-14,,"Southeast of Las Vegas, Near comm towers in Henderson, NV",89124.0,rural
320037779,Laughlin,35.169462,-114.580254,10.0,Nevada,Clark,Laughlin,RESIDENTIAL,RURAL,"Clark County, NV DES",2012-05-01,,101 Laughlin Civic DriveLaughlin,89029.0,rural
320037780,Logandale,36.606003,-114.473983,10.0,Nevada,Clark,Moapa Valley,RESIDENTIAL,RURAL,"Clark County, NV DES",2014-05-01,,3570 Lyman Street,89040.0,rural
320038000,Las Vegas Paiute Air Quality Site,36.357786,-115.362234,1.0,Nevada,Clark,Not in a City,DESERT,RURAL,"Las Vegas Tribe of Paiute Indians of the Las Vegas Indian Colony, NV",2013-01-01,,No Address,89124.0,rural
320050004,320050004,38.963519,-119.941292,1908.0,Nevada,Douglas,Stateline,COMMERCIAL,RURAL,Nevada Division Of Environmental Protection,1982-01-01,,HORIZON HOTEL,,rural
320050005,Minden,38.954722,-119.769167,0.0,Nevada,Douglas,Minden,COMMERCIAL,RURAL,Nevada Division Of Environmental Protection,1993-07-18,,"1615 EIGHTH ST., MINDEN",,rural
320050007,Ranchos Aspen Park,38.897557,-119.732507,1485.0,Nevada,Douglas,Gardnerville Ranchos,RESIDENTIAL,RURAL,Nevada Division Of Environmental Protection,1995-12-11,,"820 LYELL WAY, GARDNERVILLE",89460.0,rural
320050009,Harvey's Hotel - Stateline,38.9605,-119.941564,1908.54,Nevada,Douglas,Stateline,COMMERCIAL,RURAL,Nevada Division Of Environmental Protection,1999-10-01,,"18 US HWY 50,  STATELINE NV",89413.0,rural
320051000,320051000,38.893583,-119.7105,1481.0,Nevada,Douglas,Gardnerville Ranchos,RESIDENTIAL,RURAL,Washoe Tribe of Nevada and California,2010-03-13,,1651 Mendewee,89410.0,rural
320051002,Washoe Tribe,38.893583,-119.7105,1481.0,Nevada,Douglas,Gardnerville Ranchos,RESIDENTIAL,RURAL,Washoe Tribe of Nevada and California,2018-12-21,,1651 Memdewee,89410.0,rural
320070003,320070003,40.834365,-115.748123,1535.0,Nevada,Elko,Elko,COMMERCIAL,URBAN AND CENTER CITY,Nevada Division Of Environmental Protection,1982-01-01,,"1751 COLLEGE ST, ELKO",,urban-centre
320070005,Elko Grammar School No. 2,40.83835,-115.766029,1560.0,Nevada,Elko,Elko,RESIDENTIAL,RURAL,Nevada Division Of Environmental Protection,2008-09-25,,1055 SEVENTH STREET   ELKO GRAMMAR SCHOOL NO. 2,89801.0,rural
320070006,Ruby Guard,40.733,-115.23,2085.0,Nevada,Elko,Not in a City,FOREST,RURAL,US Forest Service,2014-05-12,,Ruby Guard,,rural
320078001,320078001,41.283245,-115.827578,1850.0,Nevada,Elko,Elko,AGRICULTURAL,RURAL,US EPA National Exposure Research Lab,1989-03-01,,"SAVAL RANCH, SR225 N. OF ELKO",,rural
320079000,Jarbidge Wilderness,41.892499,-115.427015,1869.0,Nevada,Elko,Not in a City,FOREST,RURAL,National Park Service,1988-03-02,,Jarbidge Wilderness,89825.0,rural
320130002,320130002,40.971014,-117.734296,1317.0,Nevada,Humboldt,Winnemucca,COMMERCIAL,URBAN AND CENTER CITY,Nevada Division Of Environmental Protection,1981-01-01,,JUNGO RD STP NW OF WINNEMUCCA,,urban-centre
320150003,320150003,40.649911,-116.850931,1387.0,Nevada,Lander,Battle Mountain,COMMERCIAL,RURAL,Nevada Division Of Environmental Protection,1983-01-01,,"LANDER AIRPORT  BATTLE MOUNTAIN, NV 8982",,rural
320150004,Battle Mountain,40.634167,-116.937222,1381.0,Nevada,Lander,Battle Mountain,RESIDENTIAL,RURAL,Nevada Division Of Environmental Protection,1998-08-19,,625 WEAVER AVENUE,,rural
320190006,Fernley,39.602787,-119.247741,1271.0,Nevada,Lyon,Fernley,RESIDENTIAL,RURAL,Nevada Division Of Environmental Protection,2007-07-06,,320 HARDIE LANE,89408.0,rural
320191000,WABUSKA 5S NEVADA,39.0628,-119.2042,4330.0,Nevada,Lyon,Not in a City,RESIDENTIAL,RURAL,"Yerington Paiute Tribe of Yerington Colony & Campbell Ranch, NV",2000-01-18,,OFF CAMPBELL LANE,89447.0,rural
320192012,Yerington,39.063033,-119.2044,1331.0,Nevada,Lyon,Yerington,DESERT,RURAL,"Yerington Paiute Tribe of Yerington Colony & Campbell Ranch, NV",2012-09-25,,1000 Taboosi Way,89447.0,rural
320211017,Walker River Paiute Tribe Air Quality Site,38.951811,-118.81557,1280.0,Nevada,Mineral,Schurz,AGRICULTURAL,RURAL,"Walker River Paiute Tribe of Walker River Reservation, NV",2003-06-02,,#1 Hospital Road  Schurz NV 89427,89427.0,rural
320219000,320219000,38.951811,-118.81557,1250.0,Nevada,Mineral,Schurz,FOREST,RURAL,National Park Service,2003-06-02,,Walker River Paiute Tribe,89427.0,rural
320230004,320230004,38.866592,-117.917616,1443.0,Nevada,Nye,Gabbs,RESIDENTIAL,RURAL,Nevada Division Of Environmental Protection,1982-01-01,,"TELEPHONE SWITCH BLDG, GABBS",,rural
320230011,Linda Street,36.349408,-116.031976,909.09,Nevada,Nye,Pahrump,DESERT,RURAL,Nevada Division Of Environmental Protection,2003-05-03,,8825 NORTH LINDA STREET,89060.0,rural
320230013,Church,36.159639,-115.996263,775.0,Nevada,Nye,Pahrump,DESERT,RURAL,Nevada Division Of Environmental Protection,2004-02-14,,781 E. GAMEBIRD,89048.0,rural
320230014,Manse Elementary,36.212787,-115.994802,797.88,Nevada,Nye,Pahrump,COMMERCIAL,RURAL,Nevada Division Of Environmental Protection,2005-11-17,,1020 E. WILSON ROAD,89048.0,rural
320230015,Glen Oaks,36.193469,-116.007584,823.0,Nevada,Nye,Pahrump,RESIDENTIAL,RURAL,Nevada Division Of Environmental Protection,2009-10-07,,410 SOUTH GLENOAKS STREET,89048.0,rural
320270003,Lovelock,40.183889,-118.478889,1213.0,Nevada,Pershing,Lovelock,RESIDENTIAL,RURAL,Nevada Division Of Environmental Protection,1993-04-13,,1215 FRANKLIN AVE. (HIGH SCHOOL),,rural
320310020,South Reno,39.469219,-119.775354,1341.0,Nevada,Washoe,Reno,COMMERCIAL,SUBURBAN,Washoe County District Health Department,1988-01-01,,"4110 DE LUCCI LANE, RENO NV 89502",89511.0,urban-periphery
320310025,Toll,39.399837,-119.739606,1341.0,Nevada,Washoe,Reno,MOBILE,SUBURBAN,Washoe County District Health Department,1996-03-01,,"684A STATE ROUTE 341, RENO NV 89521",89521.0,urban-periphery
320310030,Plumb-Kit,39.506358,-119.788561,1341.0,Nevada,Washoe,Reno,MOBILE,URBAN AND CENTER CITY,Washoe County District Health Department,2006-01-01,,"891 E. PLUMB LN., RENO, NV 89502",89502.0,urban-centre
320310031,Reno4,39.521933,-119.7954,1359.7128,Nevada,Washoe,Reno,RESIDENTIAL,URBAN AND CENTER CITY,Washoe County District Health Department,2020-01-01,,1260-A Stewart St.,89502.0,urban-centre
320311005,Sparks,39.540917,-119.746761,1341.0,Nevada,Washoe,Sparks,RESIDENTIAL,SUBURBAN,Washoe County District Health Department,1979-01-01,,"750 4TH ST, SPARKS, NV 89431",89431.0,urban-periphery
320311006,320311006,39.535744,-119.747966,1280.0,Nevada,Washoe,Sparks,COMMERCIAL,SUBURBAN,Washoe County District Health Department,1980-03-01,,"1136 B ST, SPARKS",,urban-periphery
320311007,Spanish Springs,39.621434,-119.71877,1368.0,Nevada,Washoe,Sparks,RESIDENTIAL,SUBURBAN,Washoe County District Health Department,2017-01-01,,"7200 Pyramid Hwy, Sparks, NV, 89441",89436.0,urban-periphery
320311025,320311025,40.1753,-119.7425,1189.0,Nevada,Washoe,Not in a City,DESERT,RURAL,"Pyramid Lake Paiute Tribe of Pyramid Lake Reservation, NV",2003-01-01,,North Lake  ten miles North of Sutcliffe,89405.0,rural
320311026,Wadsworth Air  and Meteorological Monitoring Site,39.6368,-119.2888,1248.0,Nevada,Washoe,Wadsworth,RESIDENTIAL,SUBURBAN,"Pyramid Lake Paiute Tribe of Pyramid Lake Reservation, NV",2002-11-26,,340 Pyramid Street,89442.0,urban-periphery
320312002,Incline,39.250409,-119.956738,1957.0,Nevada,Washoe,Incline Village-Crystal Bay,RESIDENTIAL,URBAN AND CENTER CITY,Washoe County District Health Department,1993-06-25,,"855 ALDER DRIVE, INCLINE VILLAGE, NV 89451",89451.0,urban-centre
320312006,320312006,39.455189,-119.762965,1433.0,Nevada,Washoe,Sparks,RESIDENTIAL,SUBURBAN,Washoe County District Health Department,1980-01-01,,"5399 SUN VALLEY DR, SPARKS",,urban-periphery
320312009,Lemmon Valley,39.645264,-119.840025,1341.0,Nevada,Washoe,Lemmon Valley-Golden Valley,RESIDENTIAL,URBAN AND CENTER CITY,Washoe County District Health Department,1987-01-01,,"325 PATRICIAN DR, LEMMON VALLEY, NV 89506",89506.0,urban-centre
320312010,Hungry Valley Air Quality Monitoring Station,39.717247,-119.753251,1501.0,Nevada,Washoe,Not in a City,DESERT,RURAL,US EPA - Region 9,2012-09-17,,9055 Eagle Canyon Road,89441.0,rural
320330101,Great Basin NP,39.00512,-114.21593,2058.0,Nevada,White Pine,Not in a City,FOREST,RURAL,National Park Service,1992-05-27,,GREAT BASIN NATIONAL PARK,89311.0,rural
320339000,320339000,39.005146,-114.216942,2066.0,Nevada,White Pine,Not in a City,FOREST,RURAL,National Park Service,1992-05-27,,Great Basin NP,89311.0,rural
325100002,Carson City Yard,39.167247,-119.731702,1408.0,Nevada,Carson City,Carson City,RESIDENTIAL,RURAL,Nevada Division Of Environmental Protection,1981-01-01,,3300 EAST FIFTH ST (CITY YARD),89701.0,rural
325100003,325100003,39.162687,-119.772959,1433.0,Nevada,Carson City,Carson City,RESIDENTIAL,RURAL,Nevada Division Of Environmental Protection,1984-01-01,,110 THOMPSON DR. (BORDEWICH SCHOOL),,rural
325100004,Carson City-NW Corner of Equipment Yard,39.173056,-119.759167,1433.0,Nevada,Carson City,Carson City,RESIDENTIAL,RURAL,Nevada Division Of Environmental Protection,1997-01-01,,875 EAST LONG STREET,,rural
325100020,Carson City Armory,39.1447,-119.7661,1408.0,Nevada,Carson City,Carson City,RESIDENTIAL,URBAN AND CENTER CITY,Nevada Division Of Environmental Protection,2013-04-01,,2601 SOUTH CARSON ST (OLD NATIONAL GUARD ARMORY),89701.0,urban-centre
330012004,FIELD OFFICE ON THE GROUNDS OF THE FORMER STATE PRISON,43.566122,-71.496335,216.0,New Hampshire,Belknap,Laconia,RESIDENTIAL,RURAL,New Hampshire Air Resources Agency,2001-04-01,,"GREEN STREET, LACONIA",3246.0,rural
330012005,"Webster Street, Laconia Special Study",43.520844,-71.466609,152.09,New Hampshire,Belknap,Laconia,RESIDENTIAL,SUBURBAN,New Hampshire Air Resources Agency,2016-11-01,,Webster St. Laconia,3218.0,urban-periphery
330012006,330012006,43.519907,-71.474179,151.0,New Hampshire,Belknap,Laconia,RESIDENTIAL,SUBURBAN,New Hampshire Air Resources Agency,2017-12-01,,Memorial Park Rd,3246.0,urban-periphery
330012007,330012007,43.567989,-71.498328,214.0,New Hampshire,Belknap,Laconia,RESIDENTIAL,RURAL,New Hampshire Air Resources Agency,2024-03-01,,15 Eastman Rd. Laconia,3246.0,rural
330012008,330012008,43.52496,-71.466336,157.0,New Hampshire,Belknap,Laconia,COMMERCIAL,URBAN AND CENTER CITY,New Hampshire Air Resources Agency,2024-03-06,,379 South Main St. Laconia,3246.0,urban-centre
330050007,WATER STREET,42.930521,-72.272332,145.0,New Hampshire,Cheshire,Keene,COMMERCIAL,URBAN AND CENTER CITY,New Hampshire Air Resources Agency,1989-11-01,,WATER STREET,3431.0,urban-centre
330070014,330070014,44.471169,-71.166188,344.0,New Hampshire,Coos,Berlin,RESIDENTIAL,URBAN AND CENTER CITY,New Hampshire Air Resources Agency,1977-01-01,,LANCASTER STREET TRAILER,,urban-centre
330074001,330074001,44.270093,-71.303821,1910.0,New Hampshire,Coos,Not in a City,FOREST,RURAL,Appalachian Mountain Club,1990-07-12,,MT. WASHINGTON,3589.0,rural
330074002,"CAMP DODGE, GREENS GRANT",44.308132,-71.217639,449.0,New Hampshire,Coos,Not in a City,FOREST,RURAL,New Hampshire Air Resources Agency,1995-01-01,,"CAMP DODGE, ROUTE 16, GREEN'S GRANT",183.0,rural
330090010,LEBANON AIRPORT ROAD,43.629605,-72.309499,171.0,New Hampshire,Grafton,Lebanon,COMMERCIAL,URBAN AND CENTER CITY,New Hampshire Air Resources Agency,2005-01-01,,LEBANON AIRPORT,3784.0,urban-centre
330098001,HUBBARD BROOK USFS-FES,43.943125,-71.702858,250.0,New Hampshire,Grafton,Not in a city,AGRICULTURAL,RURAL,US EPA National Exposure Research Lab,1989-01-01,,HUBBARD BROOK USFS-FES,,rural
330099991,Woodstock,43.944519,-71.700788,258.0,New Hampshire,Grafton,Not in a City,FOREST,RURAL,USEPA - Clean Air and Power Division,1988-12-21,,"Hubbard Brook Experimental Forest, North Woodstock, NH 03262",3223.0,rural
330110015,330110015,42.989251,-71.460067,67.0,New Hampshire,Hillsborough,Manchester,COMMERCIAL,URBAN AND CENTER CITY,New Hampshire Air Resources Agency,1983-01-01,,"351 CHESTNUT STREET, POLICE STATION",,urban-centre
330110020,PEARL ST MUNICIPAL PARKING LOT,42.995778,-71.462528,84.1,New Hampshire,Hillsborough,Manchester,COMMERCIAL,URBAN AND CENTER CITY,New Hampshire Air Resources Agency,2001-04-15,,PEARL ST,3101.0,urban-centre
330111011,GILSON ROAD,42.718653,-71.522416,59.0,New Hampshire,Hillsborough,Nashua,RESIDENTIAL,SUBURBAN,New Hampshire Air Resources Agency,2003-06-09,,GILSON ROAD,3062.0,urban-periphery
330115001,MILLER STATE PARK,42.86183,-71.878626,694.0,New Hampshire,Hillsborough,Peterborough (Peterboro),FOREST,RURAL,New Hampshire Air Resources Agency,2002-07-01,,PACK MONADNOCK SUMMIT,3458.0,rural
330131006,PEMBROKE HIGHWAY DEPARTMENT,43.13246,-71.458246,74.0,New Hampshire,Merrimack,Suncook,RESIDENTIAL,SUBURBAN,New Hampshire Air Resources Agency,2002-08-20,,PLEASANT STREET,3275.0,urban-periphery
330131007,HAZEN DRIVE,43.2185,-71.5145,110.3,New Hampshire,Merrimack,Concord,COMMERCIAL,URBAN AND CENTER CITY,New Hampshire Air Resources Agency,2004-01-01,,HAZEN DRIVE,3301.0,urban-centre
330132007,330132007,43.209342,-71.535103,72.5,New Hampshire,Merrimack,Concord,INDUSTRIAL,URBAN AND CENTER CITY,New Hampshire Air Resources Agency,2012-10-01,,11 Stickney Ave Bdg C,3301.0,urban-centre
330150009,330150009,43.078144,-70.762276,3.0,New Hampshire,Rockingham,Portsmouth,COMMERCIAL,SUBURBAN,New Hampshire Air Resources Agency,1978-01-01,,VAUGHAN STREET,,urban-periphery
330150014,PORTSMOUTH - PEIRCE ISLAND,43.075371,-70.748017,10.0,New Hampshire,Rockingham,Portsmouth,RESIDENTIAL,URBAN AND CENTER CITY,New Hampshire Air Resources Agency,2001-05-01,,"PORTSMOUTH, PEIRCE ISLAND",3801.0,urban-centre
330150015,FIELD OFFICE - CONTINUOUS MONITORING - REPLACES 33-015-0009,43.082588,-70.761442,3.0,New Hampshire,Rockingham,Portsmouth,COMMERCIAL,SUBURBAN,New Hampshire Air Resources Agency,2001-08-01,,"PORTSMOUTH, PORT AUTHORITY",,urban-periphery
330150016,SEACOAST SCIENCE CENTER,43.045269,-70.713958,9.0,New Hampshire,Rockingham,Rye,RESIDENTIAL,SUBURBAN,New Hampshire Air Resources Agency,2003-04-01,,SEACOAST SCIENCE CENTER,3870.0,urban-periphery
330150018,MOOSEHILL SCHOOL,42.862531,-71.38014,108.0,New Hampshire,Rockingham,Londonderry,RESIDENTIAL,SUBURBAN,New Hampshire Air Resources Agency,2011-01-01,,150 Pillsbury Rd,3053.0,urban-periphery
340010006,Brigantine,39.464872,-74.448736,5.0,New Jersey,Atlantic,Galloway (Township of),RESIDENTIAL,RURAL,New Jersey State Department Of Environmental Protection,1991-09-18,,"Edwin B. Forsythe National Wildlife Refuge Visitor Center, 800 Great Creek Road",8205.0,rural
340011006,Atlantic City,39.36326,-74.431,2.0,New Jersey,Atlantic,Atlantic City,COMMERCIAL,URBAN AND CENTER CITY,New Jersey State Department Of Environmental Protection,2001-07-27,,"Atlantic Cape Community College, 1535 Bacharach Boulevard",8401.0,urban-centre
340019000,340019000,39.465017,-74.448791,5.0,New Jersey,Atlantic,Not in a City,FOREST,RURAL,National Park Service,1991-09-18,,Brigantine NWR,8205.0,rural
340030003,Fort Lee Library,40.852256,-73.973314,91.0,New Jersey,Bergen,Fort Lee,COMMERCIAL,URBAN AND CENTER CITY,New Jersey State Department Of Environmental Protection,1986-01-23,,320 Main Street,7024.0,urban-centre
340030006,Leonia,40.870436,-73.991994,1.0,New Jersey,Bergen,Leonia,RESIDENTIAL,SUBURBAN,New Jersey State Department Of Environmental Protection,2007-12-07,,"Overpeck Park, 40 Fort Lee Road",7605.0,urban-periphery
340030007,340030007,40.817218,-74.043758,-0.48,New Jersey,Bergen,Carlstadt,INDUSTRIAL,SUBURBAN,US EPA - Region 2,2007-09-01,,"1 Metro Rd, Carlstad, New Jersey",7072.0,urban-periphery
340030008,340030008,40.816809,-74.043673,1.76,New Jersey,Bergen,Carlstadt,INDUSTRIAL,URBAN AND CENTER CITY,US EPA - Region 2,2007-09-01,,"1 Metro Rd, Carlstadt, NJ 07072",7072.0,urban-centre
340030009,340030009,40.833111,-74.043459,1.8,New Jersey,Bergen,Carlstadt,INDUSTRIAL,URBAN AND CENTER CITY,US EPA - Region 2,2007-09-01,,"1 Metro Rd, Carlstadt, NJ 07072",7072.0,urban-centre
340030010,Fort Lee Near Road,40.85355,-73.96618,87.0,New Jersey,Bergen,Fort Lee,COMMERCIAL,URBAN AND CENTER CITY,New Jersey State Department Of Environmental Protection,2014-04-01,,"Hoyt Ave & Hudson St, south of toll plaza",7024.0,urban-centre
340070002,Camden Spruce Street,39.934559,-75.125219,4.0,New Jersey,Camden,Camden,INDUSTRIAL,URBAN AND CENTER CITY,New Jersey State Department Of Environmental Protection,2012-04-11,,266-298 Spruce Street,8103.0,urban-centre
340070009,Camden RRF,39.912431,-75.116864,5.0,New Jersey,Camden,Camden,INDUSTRIAL,URBAN AND CENTER CITY,New Jersey State Department Of Environmental Protection,1994-05-01,,600 Morgan Street,8104.0,urban-centre
340070010,South Camden,39.923969,-75.122317,5.0,New Jersey,Camden,Camden,COMMERCIAL,URBAN AND CENTER CITY,New Jersey State Department Of Environmental Protection,2003-11-20,,"Camden County Municipal Utilities Authority, 1645 Ferry Avenue",8104.0,urban-centre
340071001,Ancora State Hospital,39.68425,-74.861491,33.0,New Jersey,Camden,Winslow (Township of),COMMERCIAL,RURAL,New Jersey State Department Of Environmental Protection,1966-01-01,,301 Spring Garden Road,8037.0,rural
340071007,Pennsauken,39.989036,-75.050008,5.0,New Jersey,Camden,Pennsauken (Township of),INDUSTRIAL,SUBURBAN,New Jersey State Department Of Environmental Protection,1983-09-01,,"Camden Water Inc., 8999 Zimmerman Avenue",8110.0,urban-periphery
340110007,Millville,39.422273,-75.025204,22.0,New Jersey,Cumberland,Millville,INDUSTRIAL,RURAL,New Jersey State Department Of Environmental Protection,1983-01-01,,Behind 4401 S. Main Road,8361.0,rural
340150002,Clarksboro,39.800339,-75.212119,12.0,New Jersey,Gloucester,East Greenwich (Township of),AGRICULTURAL,RURAL,New Jersey State Department Of Environmental Protection,1981-01-01,,"Shady Lane Complex, 256 County House Road",8020.0,rural
340155501,Paulsboro High School,39.83709,-75.24401,0.0,New Jersey,Gloucester,Paulsboro,COMMERCIAL,URBAN AND CENTER CITY,US EPA/OAQPS,2009-06-11,,670 N Delaware St # 1,8066.0,urban-centre
340170006,Bayonne,40.67025,-74.126081,3.0,New Jersey,Hudson,Bayonne,COMMERCIAL,URBAN AND CENTER CITY,New Jersey State Department Of Environmental Protection,1983-01-01,,"Veterans Park, Park Road at end of W. 25th St.",7002.0,urban-centre
340170008,Union City High School,40.770908,-74.036218,60.0,New Jersey,Hudson,Union City,RESIDENTIAL,URBAN AND CENTER CITY,New Jersey State Department Of Environmental Protection,2016-01-01,,2500 John F. Kennedy Blvd.,7087.0,urban-centre
340171002,Jersey City,40.731645,-74.066308,27.0,New Jersey,Hudson,Jersey City,COMMERCIAL,URBAN AND CENTER CITY,New Jersey State Department Of Environmental Protection,1970-01-01,,2828 John F. Kennedy Boulevard,7306.0,urban-centre
340171003,Jersey City Firehouse,40.725413,-74.052293,6.0,New Jersey,Hudson,Jersey City,COMMERCIAL,URBAN AND CENTER CITY,New Jersey State Department Of Environmental Protection,1967-01-01,,"JCFD Engine 5/Ladder 6, 355 Newark Avenue",7302.0,urban-centre
340190001,Flemington,40.515262,-74.806671,45.0,New Jersey,Hunterdon,Flemington,AGRICULTURAL,RURAL,New Jersey State Department Of Environmental Protection,1980-01-01,,"Raritan Township Municipal Utilities Authority, 365 Old York Road",8822.0,rural
340210005,Rider University,40.283092,-74.742613,30.0,New Jersey,Mercer,Lawrence (Township of),RESIDENTIAL,SUBURBAN,New Jersey State Department Of Environmental Protection,1981-06-01,,"Athletic Fields, off of 2083 Lawrenceville Road",8648.0,urban-periphery
340210008,Trenton,40.222411,-74.763167,14.0,New Jersey,Mercer,Trenton,RESIDENTIAL,URBAN AND CENTER CITY,New Jersey State Department Of Environmental Protection,1982-09-01,,"Trenton Public Library, 120 Academy Street",8608.0,urban-centre
340219991,Wash. Crossing,40.3125,-74.8729,61.0,New Jersey,Mercer,Not in a City,FOREST,RURAL,USEPA - Clean Air and Power Division,1988-12-01,,"Washington Crossing State Park, Titusville, NJ 08560",8560.0,rural
340230011,Rutgers University,40.462182,-74.429439,19.0,New Jersey,Middlesex,East Brunswick (Township of),AGRICULTURAL,RURAL,New Jersey State Department Of Environmental Protection,1994-10-01,,"Vegetable Farm 3, 67 Ryders Lane",8816.0,rural
340250005,Monmouth University,40.277647,-74.0051,8.0,New Jersey,Monmouth,West Long Branch,COMMERCIAL,SUBURBAN,New Jersey State Department Of Environmental Protection,1989-05-13,,"Edison Science Hall, off of 400 Cedar Avenue",7764.0,urban-periphery
340273001,Chester,40.787628,-74.676301,278.0,New Jersey,Morris,Chester,AGRICULTURAL,RURAL,New Jersey State Department Of Environmental Protection,1978-01-01,,"Department of Public Works Bldg. #1, 50 North Road",7930.0,rural
340290006,Colliers Mills,40.06483,-74.44405,41.0,New Jersey,Ocean,Jackson (Township of),AGRICULTURAL,RURAL,New Jersey State Department Of Environmental Protection,1985-01-01,,"JPTD Training Center, south of Success Rd., east of Hawkin Rd.",8527.0,rural
340292002,Toms River,39.994908,-74.170447,11.0,New Jersey,Ocean,Toms River,RESIDENTIAL,SUBURBAN,New Jersey State Department Of Environmental Protection,1999-02-11,,"Hooper Avenue Elementary School, 1517 Hooper Avenue",8753.0,urban-periphery
340310005,Paterson,40.918381,-74.168092,21.0,New Jersey,Passaic,Paterson,COMMERCIAL,URBAN AND CENTER CITY,New Jersey State Department Of Environmental Protection,1978-01-01,,"Paterson Board of Health, 176 Broadway",7505.0,urban-centre
340315001,Ramapo,41.058617,-74.255544,307.0,New Jersey,Passaic,Wanaque (Wanaque-Midvale),FOREST,RURAL,New Jersey State Department Of Environmental Protection,1998-06-05,,"Ramapo Station Fire Tower, Ramapo Park Drive",7465.0,rural
340390003,Elizabeth,40.662435,-74.214854,6.0,New Jersey,Union,Elizabeth,COMMERCIAL,URBAN AND CENTER CITY,New Jersey State Department Of Environmental Protection,1970-01-01,,7 Broad Street,7201.0,urban-centre
340390004,Elizabeth Lab,40.64144,-74.208365,5.0,New Jersey,Union,Elizabeth,INDUSTRIAL,SUBURBAN,New Jersey State Department Of Environmental Protection,1972-01-01,,NJ Turnpike Interchange 13 Toll Plaza,7202.0,urban-periphery
340392003,Rahway,40.603943,-74.276174,3.0,New Jersey,Union,Rahway,COMMERCIAL,SUBURBAN,New Jersey State Department Of Environmental Protection,1999-12-11,,"Rahway Fire Department, 1300 Main Street",7065.0,urban-periphery
340395502,Mabel Holmes Middle School,40.652053,-74.199861,0.0,New Jersey,Union,Elizabeth,COMMERCIAL,URBAN AND CENTER CITY,US EPA/OAQPS,2009-07-27,,436 1st Avenue,7206.0,urban-centre
340410007,Columbia,40.92458,-75.067815,146.0,New Jersey,Warren,Knowlton (Township of),RESIDENTIAL,SUBURBAN,New Jersey State Department Of Environmental Protection,2010-09-23,,105 Delaware Avenue (approximate),7832.0,urban-periphery
350010021,350010021,35.12949,-106.509468,1729.0,New Mexico,Bernalillo,Albuquerque,RESIDENTIAL,SUBURBAN,"Albuquerque Environmental Health Department, Air Quality Division",1980-10-01,,10608 MONTGOMERY NE ALBUQUERQUE NM,,urban-periphery
350010023,DEL NORTE HIGH SCHOOL,35.1343,-106.5852,1592.5,New Mexico,Bernalillo,Albuquerque,RESIDENTIAL,URBAN AND CENTER CITY,"Albuquerque Environmental Health Department, Air Quality Division",1986-01-01,,4700A SAN MATEO NE,87109.0,urban-centre
350010026,JEFFERSON,35.1443,-106.60468,1554.0,New Mexico,Bernalillo,Albuquerque,COMMERCIAL,SUBURBAN,"Albuquerque Environmental Health Department, Air Quality Division",1999-07-01,,3700 SINGER,87109.0,urban-periphery
350010029,SOUTH VALLEY,35.01708,-106.65739,1508.0,New Mexico,Bernalillo,South Valley,COMMERCIAL,RURAL,"Albuquerque Environmental Health Department, Air Quality Division",2002-03-22,,201 PROSPERITY SE,87105.0,rural
350011012,Foothills,35.1852,-106.50815,1806.5,New Mexico,Bernalillo,Albuquerque,RESIDENTIAL,SUBURBAN,"Albuquerque Environmental Health Department, Air Quality Division",1980-01-01,,8901 LOWELL NE,87122.0,urban-periphery
350011013,NORTH VALLEY,35.19324,-106.613815,1523.0,New Mexico,Bernalillo,North Valley,RESIDENTIAL,SUBURBAN,"Albuquerque Environmental Health Department, Air Quality Division",1980-01-01,,9819A SECOND STREET NW,87114.0,urban-periphery
350012022,San Jose,35.063569,-106.647503,1509.0,New Mexico,Bernalillo,Albuquerque,RESIDENTIAL,URBAN AND CENTER CITY,"Albuquerque Environmental Health Department, Air Quality Division",2022-01-01,,2015 Galena Street SE,87102.0,urban-centre
350019004,ISLETA ELDERLY CENTER,34.903108,-106.700581,0.0,New Mexico,Bernalillo,Not in a City,RESIDENTIAL,RURAL,All Indian Pueblo Council/POEP (consortium),2000-01-01,,"TRIBAL ROAD #40, BUILDING 79",,rural
350019013,ISLETA PUEBLO PM2.5,34.9031,-106.7,1639.0,New Mexico,Bernalillo,Not in a City,RESIDENTIAL,RURAL,Cherokee Nation/ITEC (consortium),2003-01-01,,TRIBAL ROAD #40 OFF OF EL CAMINO REAL - LOCATED NEAR SCHOOL,87068.0,rural
350030001,350030001,0.0,0.0,2432.0,New Mexico,Catron,Not in a city,UNKNOWN,RURAL,New Mexico Environment Department,1984-01-01,,TWENTY KM E BY SE OF UNIT ONE STACK,,rural
350037501,Gila Wilderness Ozone Monitoring Site,33.22,-108.235,1780.0,New Mexico,Catron,Not in a City,FOREST,RURAL,US Forest Service,2024-06-20,,"26 Jim Bradford Trail, Mimres NM 88049",87825.0,rural
350039000,Gila Wilderness,33.220502,-108.235719,1776.0,New Mexico,Catron,Not in a City,FOREST,RURAL,National Park Service,1994-04-06,,Gila Wilderness,87821.0,rural
350059000,Salt Creek,33.459914,-104.404711,1072.0,New Mexico,Chaves,Not in a City,FOREST,RURAL,National Park Service,2000-04-08,,Salt Creek,88201.0,rural
350060003,350060003,35.139485,-107.376991,1864.0,New Mexico,Cibola,Not in a city,INDUSTRIAL,RURAL,New Mexico Environment Department,1981-01-01,,PAGUATE COMMUNITY CENTER (ROOF),,rural
350060004,350060004,35.241146,-107.867281,2015.0,New Mexico,Cibola,Not in a city,UNKNOWN,RURAL,New Mexico Environment Department,1981-01-01,,PRIVATE FARMHOUSE,,rural
350060005,350060005,35.335033,-107.639499,2230.0,New Mexico,Cibola,Not in a city,UNKNOWN,UNKNOWN,New Mexico Environment Department,1981-01-01,,SAN MATEO ELEMENTARY SCHOOL,,unknown
350060006,350060006,35.279478,-107.922838,2047.0,New Mexico,Cibola,Not in a city,UNKNOWN,UNKNOWN,New Mexico Environment Department,1981-01-01,,ANACONDA BLUEWATER MILL,,unknown
350060007,350060007,35.25559,-107.980339,2021.0,New Mexico,Cibola,Not in a city,AGRICULTURAL,RURAL,New Mexico Environment Department,1981-01-01,,BLUEWATER ELEMENTARY SCHOOL (ROOF),,rural
350060008,350060008,35.160871,-107.840057,1975.0,New Mexico,Cibola,Grants,RESIDENTIAL,RURAL,New Mexico Environment Department,1985-01-01,,SANDPOINT HELIPORT,,rural
350090002,350090002,34.412021,-103.226061,1301.0,New Mexico,Curry,Clovis,RESIDENTIAL,SUBURBAN,New Mexico Environment Department,1981-01-01,,CLOVIS MEMORIAL HOSPITAL,,urban-periphery
350130008,6O La Union,31.930659,-106.631103,1204.0,New Mexico,Dona Ana,Not in a City,AGRICULTURAL,RURAL,New Mexico Environment Department,1975-01-01,,"7048 McNutt, La Union, NM",,rural
350130016,6CM Anthony,32.003712,-106.599715,1159.0,New Mexico,Dona Ana,Anthony,AGRICULTURAL,RURAL,New Mexico Environment Department,1988-03-01,,"705 Church St., Anthony, NM",,rural
350130017,350130017,31.79594,-106.558044,0.0,New Mexico,Dona Ana,Not in a city,COMMERCIAL,SUBURBAN,New Mexico Environment Department,1988-12-27,,SUNLAND PARK CITY YARD,,urban-periphery
350130018,6ZJ EAST OF FLOOD DIVERSION DAM AND WEST OF NEW DEVELOPMENT,32.342037,-106.760837,1189.0,New Mexico,Dona Ana,Las Cruces,DESERT,RURAL,New Mexico Environment Department,1995-11-02,,DIRT ROAD EAST OF TELSHOR DRIVE,,rural
350130019,6ZL Holman Road,32.424813,-106.674724,1189.0,New Mexico,Dona Ana,Not in a City,DESERT,RURAL,New Mexico Environment Department,1995-10-24,,"Las Cruces Well #41, Las Cruces, NM",,rural
350130020,6ZK Chaparral,32.041212,-106.40971,1250.0,New Mexico,Dona Ana,Not in a City,RESIDENTIAL,RURAL,New Mexico Environment Department,1996-02-07,,"680 MCCOMBS, CHAPARRAL, NM",,rural
350130021,6ZM Desert View,31.796218,-106.584434,1219.0,New Mexico,Dona Ana,Not in a City,RESIDENTIAL,SUBURBAN,New Mexico Environment Department,1996-02-01,,"5935A VALLE VISTA, SUNLAND PARK, NM",,urban-periphery
350130022,6ZN Santa Teresa,31.787885,-106.683324,1280.0,New Mexico,Dona Ana,Not in a City,DESERT,RURAL,New Mexico Environment Department,1996-01-11,,"104-2 SANTA TERESA INTERNATIONAL BLVD,NM",,rural
350130023,6ZQ Solano,32.317593,-106.768337,1219.0,New Mexico,Dona Ana,Las Cruces,COMMERCIAL,URBAN AND CENTER CITY,New Mexico Environment Department,1997-10-09,,"750 N.SOLANO DRIVE, LAS CRUCES, NM",,urban-centre
350130024,6WM West Mesa,32.27815,-106.865006,1293.0,New Mexico,Dona Ana,Las Cruces,DESERT,RURAL,New Mexico Environment Department,2000-05-08,,"West Mesa Well #46, Las Cruces, NM",,rural
350130025,6Q Las Cruces,32.322037,-106.768337,1219.0,New Mexico,Dona Ana,Las Cruces,COMMERCIAL,URBAN AND CENTER CITY,New Mexico Environment Department,2001-01-01,,"2301 Entrada Del Sol , Las Cruces, NM",,urban-centre
350131012,350131012,32.281483,-106.767781,1188.0,New Mexico,Dona Ana,Las Cruces,COMMERCIAL,SUBURBAN,New Mexico Environment Department,1981-01-01,,HOLIDAY INN,,urban-periphery
350150002,350150002,32.76678,-104.45052,1044.0,New Mexico,Eddy,Artesia,RESIDENTIAL,SUBURBAN,New Mexico Environment Department,1981-01-01,,702 13TH STREET,,urban-periphery
350150003,350150003,32.854279,-104.38774,1024.0,New Mexico,Eddy,Artesia,INDUSTRIAL,SUBURBAN,New Mexico Environment Department,1984-01-01,, 200 EAST LOGAN ST.,,urban-periphery
350150007,350150007,32.426506,-104.267173,949.0,New Mexico,Eddy,Carlsbad,RESIDENTIAL,SUBURBAN,New Mexico Environment Department,1986-01-01,,406 N GUADALUPE,,urban-periphery
350150010,350150010,32.178157,-104.443447,1357.0,New Mexico,Eddy,Not in a City,DESERT,RURAL,National Park Service,2019-07-17,,727 Carlsbad Caverns Highway,88220.0,rural
350151005,5ZR Carlsbad,32.380118,-104.262726,780.0,New Mexico,Eddy,Carlsbad,DESERT,RURAL,New Mexico Environment Department,1997-08-11,,"2811 HOLLAND ST,CARLSBAD,NM 88220",,rural
350153001,Carlsbad Caverns,32.1783,-104.4406,1349.0,New Mexico,Eddy,Not in a City,DESERT,RURAL,National Park Service,2006-06-15,,Carlsbad Caverns National Park,88220.0,rural
350170001,350170001,32.75952,-108.131988,1768.0,New Mexico,Grant,Bayard,INDUSTRIAL,SUBURBAN,New Mexico Environment Department,1973-01-01,,COBRE CONSOLIDATED SCHOOLS ADMIN. OFFICE,,urban-periphery
350171002,ON ROOF OF WNMU ADULT BASIC EDUCATION BLDG,32.784519,-108.272271,0.0,New Mexico,Grant,Silver City,COMMERCIAL,URBAN AND CENTER CITY,New Mexico Environment Department,1990-11-14,,500 E. 18TH STREET,,urban-centre
350171003,7T ALONGSIDE SOFTBALL FIELD AND NEAR CHINO COPPER SMELTER,32.692022,-108.125042,1823.0,New Mexico,Grant,Not in a city,INDUSTRIAL,RURAL,New Mexico Environment Department,1997-10-28,,"CHINO BLVD NR HURLEY PARK, HURLEY,NM",,rural
350250007,PM10 MONITOR LOCATED ON ROOF OF JAS MURRAY STATE OFFICE BUILDING,32.724832,-103.129097,1128.0,New Mexico,Lea,Hobbs,COMMERCIAL,SUBURBAN,New Mexico Environment Department,1994-03-27,,"2120 N. ALTO ST., HOBBS, NM",,urban-periphery
350250008,5ZS Hobbs Jefferson,32.726656,-103.122917,1110.1,New Mexico,Lea,Hobbs,DESERT,SUBURBAN,New Mexico Environment Department,2004-08-20,,"2320 N. JEFFERSON ST, HOBBS, NM 88240",,urban-periphery
350279000,White Mountain,33.468809,-105.535444,2064.0,New Mexico,Lincoln,Ruidoso,FOREST,RURAL,National Park Service,2001-01-01,,White Mountain,88316.0,rural
350281002,Bandelier NM,35.804193,-106.298639,0.0,New Mexico,Los Alamos,Not in a City,FOREST,RURAL,New Mexico Environment Department,1988-01-01,,NORTH SIDE OF NM 4,,rural
350290001,350290001,32.267309,-107.755863,1356.0,New Mexico,Luna,Deming,MOBILE,URBAN AND CENTER CITY,New Mexico Environment Department,1973-01-01,,POST OFFICE PINE ST,,urban-centre
350290002,350290002,32.263976,-107.759752,1322.0,New Mexico,Luna,Deming,COMMERCIAL,SUBURBAN,New Mexico Environment Department,1986-01-01,,825 SILVER,,urban-periphery
350290003,7E Deming Airport,32.2558,-107.7227,1313.0,New Mexico,Luna,Deming,COMMERCIAL,SUBURBAN,New Mexico Environment Department,2006-07-14,,"3412 Raymond Reed Blvd, Deming, NM",88030.0,urban-periphery
350311236,Crownpoint,35.685935,-108.148985,0.0,New Mexico,McKinley,Crownpoint,RESIDENTIAL,RURAL,"Navajo Nation, AZ, NM, UT",2001-01-01,,Navajo Technical College,87313.0,rural
350312002,350312002,35.078643,-108.812582,1928.0,New Mexico,McKinley,Not in a city,UNKNOWN,UNKNOWN,New Mexico Environment Department,1983-01-01,,MAINTEN. BLDG ON ZUNI PUEBLO FAIRGROUNDS,,unknown
350312015,Churchrock School Toxic Project,35.538747,-108.596741,2038.0,New Mexico,McKinley,Church Rock,RESIDENTIAL,RURAL,"Navajo Nation, AZ, NM, UT",2014-12-25,,43 Challenger Road,87301.0,rural
350351002,6ZP PM10 SITE LOCATED ON ROOF OF LA LUZ ELEMENTARY SCHOOL,32.976476,-105.959712,1321.0,New Mexico,Otero,Not in a city,RESIDENTIAL,RURAL,New Mexico Environment Department,1995-11-30,,LA LUZ ELEMENTARY SCHOOL,,rural
350390026,3CRD Coyote Ranger District,36.187742,-106.698369,2229.0,New Mexico,Rio Arriba,Not in a City,FOREST,RURAL,New Mexico Environment Department,2013-03-14,,"21 New Mexico 96, Coyote, NM, 87012",87017.0,rural
350399000,San Pedro Parks,36.013945,-106.845299,2935.0,New Mexico,Rio Arriba,Not in a City,FOREST,RURAL,National Park Service,2000-08-16,,San Pedro Parks,87017.0,rural
350430001,350430001,35.297262,-106.545025,1544.0,New Mexico,Sandoval,Bernalillo,COMMERCIAL,URBAN AND CENTER CITY,New Mexico Environment Department,1974-02-01,,BERNALILLO CITY HALL,,urban-centre
350431001,2ZJ Bernalillo,35.299484,-106.548914,1544.0,New Mexico,Sandoval,Not in a City,RESIDENTIAL,RURAL,New Mexico Environment Department,1981-01-01,,"600 Oak Street, Bernalillo, NM 87004",,rural
350439001,SAMPLER ON ROOF OF THE FIRE STATION IN MAIN VILLAGE OF COCHITI.,35.610031,-106.34836,0.0,New Mexico,Sandoval,Not in a City,RESIDENTIAL,RURAL,All Indian Pueblo Council/POEP (consortium),1999-09-01,,"255 COCHITI STREET, PUEBLO DE COCHITI",,rural
350439003,CENTEX AMERICAN GYPSUM CO. AND COPAR PUMICE MINE ARE 5 MI. W OF ZIA,35.50642,-106.722811,0.0,New Mexico,Sandoval,Not in a City,RESIDENTIAL,RURAL,All Indian Pueblo Council/POEP (consortium),1999-09-01,,"ROOFTOP OF 'OLD' RECREATION CENTER, ZIA",,rural
350439004,"PUEBLO OF JEMEZ TRIBAL TRUST LANDS, DEPARTMENT OF RESOURCE PROTEC-",35.615306,-106.725034,1707.0,New Mexico,Sandoval,Not in a City,RESIDENTIAL,RURAL,"Pueblo of Jemez, NM",2000-01-01,,040 TRADING POST ROAD,,rural
350439005,MET STATION IS LOCATED NE OF MONITORS AT A DISTANCE OF 755.9 METERS.,35.339483,-106.523914,0.0,New Mexico,Sandoval,Not in a City,AGRICULTURAL,RURAL,All Indian Pueblo Council/POEP (consortium),2000-01-19,,"7 EAGLE DRIVE, SANTA ANA PUEBLO",,rural
350439011,ZIA PUEBLO PM2.5,35.5064,-106.7222,1830.0,New Mexico,Sandoval,Zia Pueblo,RESIDENTIAL,RURAL,"Pueblo of Zia, NM",2003-01-01,,ROOFTOP OF ZIA PUEBLO POLICE STATION,87053.0,rural
350439012,SANTA ANA PM10,35.3394,-106.5239,1711.0,New Mexico,Sandoval,Santa Ana Pueblo,RESIDENTIAL,SUBURBAN,"Pueblo of Santa Ana, NM",2003-01-01,,"7 EAGLE DRIVE, SANTA ANA PUEBLO",87004.0,urban-periphery
350450008,SITE LOCATED ON MESA TOP WITHIN MUNICIPAL AIRPORT,36.735835,-108.238964,0.0,New Mexico,San Juan,Farmington,DESERT,RURAL,New Mexico Environment Department,1993-02-17,,"1300 W.NAVAJO, FARMINGTON, NM",,rural
350450009,1ZB Bloomfield,36.742227,-107.977567,1713.0,New Mexico,San Juan,Bloomfield,INDUSTRIAL,RURAL,New Mexico Environment Department,1996-03-12,,"2200 N 1st Street, Bloomfield, NM 87413",,rural
350450018,1NL Navajo Lake,36.809735,-107.652192,1950.0,New Mexico,San Juan,Not in a City,FOREST,RURAL,New Mexico Environment Department,2005-07-08,,"423A HWAY 539, NAVAJO DAM, NM 87419",,rural
350450019, Farmington Environment Department Office,36.774162,-108.165034,17.11,New Mexico,San Juan,Farmington,RESIDENTIAL,SUBURBAN,New Mexico Environment Department,2008-10-01,,3400 Messina Drive Suite 5000 Farmington New Mexico 87402,87402.0,urban-periphery
350450020,Chaco Culture NHP - Radio Repeater,36.035,-107.904167,1965.0,New Mexico,San Juan,Not in a City,DESERT,RURAL,National Park Service,2017-02-23,,Chaco Culture National Historical Park - Radio Repeater,87401.0,rural
350451005,1H Substation,36.796667,-108.473138,1678.0,New Mexico,San Juan,Not in a City,,,New Mexico Environment Department,1971-01-01,,"Shiprock Electrical Substation, Waterflow, NM, 87421",,unknown
350451233,Dine College GIS Lab,36.8071,-108.69523,0.0,New Mexico,San Juan,Shiprock,RESIDENTIAL,RURAL,"Navajo Nation, AZ, NM, UT",2000-01-01,,"DINE COLLEGE, GIS LAB",,rural
350455501,"Nenahnezad, NM school (Nenmsch)",36.73633,-108.41737,1574.0,New Mexico,San Juan,Not in a City,AGRICULTURAL,RURAL,"Navajo Nation, AZ, NM, UT",2010-10-26,,"P.O. Box 337, Fruitland, NM, 87416",87401.0,rural
350470002,350470002,35.603655,-105.218619,1962.0,New Mexico,San Miguel,Las Vegas,RESIDENTIAL,SUBURBAN,New Mexico Environment Department,1988-03-01,,ROBERTSON HIGH SCHOOL ROOF,,urban-periphery
350490019,350490019,35.666142,-105.971688,2138.0,New Mexico,Santa Fe,Santa Fe,COMMERCIAL,URBAN AND CENTER CITY,New Mexico Environment Department,1976-01-01,,1702 CERRILLOS ROAD,,urban-centre
350490020,350490020,35.671142,-105.954188,0.0,New Mexico,Santa Fe,Santa Fe,MOBILE,URBAN AND CENTER CITY,New Mexico Environment Department,1988-07-02,,RUNNELS BLDG. 1190 ST. FRANCIS DR.,,urban-centre
350490021,3SFA Santa Fe Airport,35.61975,-106.07968,1930.0,New Mexico,Santa Fe,Not in a City,INDUSTRIAL,RURAL,New Mexico Environment Department,2007-07-01,,"2001 Aviation Drive, Santa Fe, NM 87507",87507.0,rural
350499002,LANL IS APPROXIMATELY 15.5 MILES W OF THE PUEBLO OF POJOAQUE.,35.892804,-106.0228,0.0,New Mexico,Santa Fe,Not in a City,RESIDENTIAL,RURAL,All Indian Pueblo Council/POEP (consortium),1999-09-01,,LIFT STATION AT POJOAQUE PUEBLO,,rural
350539000,Bosque del Apache,33.869593,-106.852584,1390.0,New Mexico,Socorro,Not in a City,FOREST,RURAL,National Park Service,2000-04-15,,Bosque del Apache,87801.0,rural
350550005,3ZD Taos,36.383359,-105.5839,0.0,New Mexico,Taos,Taos,RESIDENTIAL,SUBURBAN,New Mexico Environment Department,1989-08-20,,"123 Camino de Santiago Fire Station, Taos, NM 87571",87571.0,urban-periphery
350550006,"AT SOUTH END OF SCHOOLYARD, NORTH OF MOLYCORP TAILINGS PILES",36.721692,-105.602506,2320.0,New Mexico,Taos,Not in a city,INDUSTRIAL,RURAL,New Mexico Environment Department,1993-03-26,,QUESTA MIDDLE SCHOOL,,rural
350559000,Wheeler Peak,36.58544,-105.452563,3366.0,New Mexico,Taos,Not in a City,FOREST,RURAL,National Park Service,2000-01-01,,Wheeler Peak,87580.0,rural
350610008,2LL Los Lunas,34.8147,-106.7396,1489.0,New Mexico,Valencia,Not in a City,COMMERCIAL,SUBURBAN,New Mexico Environment Department,2006-08-28,,"1000 W. MAIN ST, LOS LUNAS, NM 87031",87031.0,urban-periphery
350611001,"2ZP,8 MI SOUTH OF ALBUQUERQUE CITY LIMITS, 1 MI EAST OF I-25",34.853942,-106.705859,1463.0,New Mexico,Valencia,Not in a city,AGRICULTURAL,RURAL,New Mexico Environment Department,1988-06-01,,"MAINTENANCE YD, VILLAGE OF BOSQUE FARMS",,rural
360010005,ALBANY COUNTY HEALTH DEPT,42.64225,-73.75464,7.0,New York,Albany,Albany,COMMERCIAL,URBAN AND CENTER CITY,New York State Department Of Environmental Conservation,1973-01-01,,ALBANY CO. HEALTH DEPT. GREEN & S FERRY STREETS,12202.0,urban-centre
360010012,LOUDONVILLE,42.68075,-73.75733,101.0,New York,Albany,Albany,RESIDENTIAL,SUBURBAN,New York State Department Of Environmental Conservation,1973-01-01,,LOUDONVILLE RESERVOIR  300 ALBANY SHAKER RD,12211.0,urban-periphery
360010013,S. Pearl Street,42.640931,-73.756511,101.0,New York,Albany,Not in a City,RESIDENTIAL,URBAN AND CENTER CITY,New York State Department Of Environmental Conservation,2015-02-01,,"274 S Pearl St, Albany, NY 12202",12202.0,urban-centre
360010014,360010014,42.63113,-73.765528,2.0,New York,Albany,Albany,RESIDENTIAL,URBAN AND CENTER CITY,New York State Department Of Environmental Conservation,2017-07-19,,"639  NY32, Albany, NY 12202",12202.0,urban-centre
360010015,360010015,42.642018,-73.765863,1.0,New York,Albany,Albany,RESIDENTIAL,URBAN AND CENTER CITY,New York State Department Of Environmental Conservation,2017-08-04,,"179 3rd Ave, Albany, NY 12202",12202.0,urban-centre
360050080,MORRISANIA,40.83606,-73.92009,20.0,New York,Bronx,New York,RESIDENTIAL,URBAN AND CENTER CITY,New York State Department Of Environmental Conservation,1989-11-30,,"MORRISANIA CENTER, 1225-57 GERARD AVE.",10452.0,urban-centre
360050083,BOTANICAL GARDEN,40.86585,-73.88083,24.0,New York,Bronx,New York,COMMERCIAL,URBAN AND CENTER CITY,New York State Department Of Environmental Conservation,1994-05-10,,200TH STREET AND SOUTHERN BLVD Harding Lab,10458.0,urban-centre
360050110,IS 52,40.816,-73.902,17.0,New York,Bronx,New York,RESIDENTIAL,URBAN AND CENTER CITY,New York State Department Of Environmental Conservation,1999-08-24,,IS 52    681 KELLY ST,10455.0,urban-centre
360050112,IS 74,40.81551,-73.88553,20.0,New York,Bronx,New York,INDUSTRIAL,SUBURBAN,New York State Department Of Environmental Conservation,2000-02-01,,IS 74    730 BRYANT AV,10474.0,urban-periphery
360050133,PFIZER LAB SITE,40.8679,-73.87809,31.0,New York,Bronx,New York,COMMERCIAL,URBAN AND CENTER CITY,New York State Department Of Environmental Conservation,2006-01-01,,200TH STREET AND SOUTHERN BOULDVARD Pfizer Lab,10458.0,urban-centre
360077005,Airport temperature data for EPA PM25 alignment,42.2068,-75.97992,497.0,New York,Broome,Not in a City,COMMERCIAL,RURAL,Pennsylvania Department Of Environmental Protection,2017-01-01,,"2534 Airport Road Box 16 Johnson City, NY",13790.0,rural
360095501,Olean Middle School ,42.08506,-78.43355,0.0,New York,Cattaraugus,Olean,COMMERCIAL,URBAN AND CENTER CITY,US EPA/OAQPS,2009-07-24,,401 Wayne St,14760.0,urban-centre
360130006,DUNKIRK,42.49963,-79.31881,180.0,New York,Chautauqua,Dunkirk,INDUSTRIAL,URBAN AND CENTER CITY,New York State Department Of Environmental Conservation,1999-03-04,,"STP,  Wright Park Drive,  DUNKIRK",14048.0,urban-centre
360157007,Airport temperature data for EPA PM25 alignment,42.15658,-76.9029,291.0,New York,Chemung,Not in a City,COMMERCIAL,SUBURBAN,Pennsylvania Department Of Environmental Protection,2017-01-01,,"276 Sing Song Road No.1 Horseheads, NY",14845.0,urban-periphery
360270007,MILLBROOK,41.78555,-73.74136,98.0,New York,Dutchess,Millbrook,AGRICULTURAL,RURAL,New York State Department Of Environmental Conservation,1990-07-01,,"Forest Road, VILLAGE OF MILLBROOK, Inst of Ecosystem Studies",12545.0,rural
360290002,AMHERST,42.99328,-78.77153,184.0,New York,Erie,Amherst,RESIDENTIAL,SUBURBAN,New York State Department Of Environmental Conservation,1972-01-01,,"AUDUBON GOLF COURSE, 450 MAPLE ROAD",14221.0,urban-periphery
360290005,BUFFALO,42.876907,-78.809526,185.0,New York,Erie,Buffalo,RESIDENTIAL,URBAN AND CENTER CITY,New York State Department Of Environmental Conservation,1969-01-01,,"TRAILER,185 DINGENS STREET (near WEISS ST.)",14206.0,urban-centre
360290023,Buffalo Near-Road,42.921107,-78.765825,199.0,New York,Erie,Cheektowaga,MOBILE,URBAN AND CENTER CITY,New York State Department Of Environmental Conservation,2014-04-01,,"I90 Mile Post 424.6 East Bound Side, Cheektowaga, NY 14225",14225.0,urban-centre
360290024,Busti Ave - Peace Bridge Study,42.904715,-78.897961,3.0,New York,Erie,Buffalo,RESIDENTIAL,URBAN AND CENTER CITY,New York State Department Of Environmental Conservation,2014-08-11,,"Busti Ave, Buffalo NY",14213.0,urban-centre
360290025,PS 198 - Peace Bridge Study,42.904506,-78.885208,3.0,New York,Erie,Buffalo,RESIDENTIAL,URBAN AND CENTER CITY,New York State Department Of Environmental Conservation,2014-08-21,,"117 York Street, Buffalo NY",14213.0,urban-centre
360291007,SIMON STREET,42.8273,-78.84984,183.0,New York,Erie,Lackawanna,INDUSTRIAL,URBAN AND CENTER CITY,New York State Department Of Environmental Conservation,1982-01-01,,SIMON STREET AND RIDGE ROAD,14218.0,urban-centre
360291013,GRAND ISLE BOULDVARD,42.98844,-78.91859,183.0,New York,Erie,Tonawanda,INDUSTRIAL,URBAN AND CENTER CITY,New York State Department Of Environmental Conservation,2007-06-01,,520 GRAND ISLAND BLVD,14150.0,urban-centre
360291014,BROOKSIDE TERRACE,42.99813,-78.89926,182.0,New York,Erie,Tonawanda,RESIDENTIAL,SUBURBAN,New York State Department Of Environmental Conservation,2007-06-01,,192 BROOKSIDE TERRACE WEST,14150.0,urban-periphery
360294002,TONAWANDA,42.99551,-78.90152,180.0,New York,Erie,Tonawanda,INDUSTRIAL,SUBURBAN,New York State Department Of Environmental Conservation,1968-01-01,,"STP, 779 TWO MILE CREEK ROAD",14150.0,urban-periphery
360310002,WHITEFACE SUMMIT,44.36608,-73.90312,1483.0,New York,Essex,Not in a City,FOREST,RURAL,New York State Department Of Environmental Conservation,1973-01-01,,"Wilmington, SUMMIT, WHITEFACE MTN,  WEATHER STATION",12997.0,rural
360310003,WHITEFACE BASE,44.39308,-73.8589,599.0,New York,Essex,Not in a City,FOREST,RURAL,New York State Department Of Environmental Conservation,1974-01-01,,"Wilmington, BASE WHITEFACE MTN, ASRC, SUNY",12997.0,rural
360330004,PAUL SMITHS,44.43426,-74.24593,495.0,New York,Franklin,Not in a City,COMMERCIAL,RURAL,New York State Department Of Environmental Conservation,2003-10-01,,"ROUTE 86&30, PAUL SMITH'S COLLEGE",12970.0,rural
360337003,Y001,44.980577,-74.695005,3.0,New York,Franklin,Not in a City,COMMERCIAL,RURAL,"St. Regis Mohawk Tribe, New York",2001-11-28,,"55 Library Road, HOGANSBURG, NY 13655",13655.0,rural
360410005,PISECO LAKE,43.44957,-74.51625,519.0,New York,Hamilton,Not in a City,COMMERCIAL,RURAL,New York State Department Of Environmental Conservation,1988-08-09,,PISECO LAKE AIRPORT,12139.0,rural
360430005,NICKS LAKE,43.68578,-74.98538,525.0,New York,Herkimer,Not in a City,FOREST,RURAL,New York State Department Of Environmental Conservation,1987-02-03,,"278 Bisby Road, NICKS LAKE CAMPGROUND",13331.0,rural
360450002,PERCH RIVER,44.08747,-75.97316,107.0,New York,Jefferson,Not in a City,,RURAL,New York State Department Of Environmental Conservation,1986-01-01,,"VAADI ROAD, PERCH RIVER",13656.0,rural
360470052,PS 314,40.64182,-74.01871,1.0,New York,Kings,New York,RESIDENTIAL,URBAN AND CENTER CITY,New York State Department Of Environmental Conservation,1982-12-25,,"PS 314, 330 59th ST",11220.0,urban-centre
360470118,PS 274,40.69454,-73.92769,18.0,New York,Kings,New York,RESIDENTIAL,SUBURBAN,New York State Department Of Environmental Conservation,1999-12-31,,PS 274  800 BUSHWICK AVE,11221.0,urban-periphery
360470122,JHS 126,40.71961,-73.94771,6.0,New York,Kings,New York,INDUSTRIAL,SUBURBAN,New York State Department Of Environmental Conservation,2000-10-01,,JHS 126  424 LEONARD ST,11222.0,urban-periphery
360530006,CAMP GEORGETOWN,42.73046,-75.78444,500.0,New York,Madison,Not in a City,AGRICULTURAL,RURAL,New York State Department Of Environmental Conservation,1990-01-01,,"Crumb Hill Road, Camp GEORGETOWN",13072.0,rural
360550015,Rochester Near-Road,43.145013,-77.55728,143.0,New York,Monroe,Rochester,MOBILE,URBAN AND CENTER CITY,New York State Department Of Environmental Conservation,2014-12-18,,"I-490 and 1775 East Avenue, Rochester, NY 14610",14610.0,urban-centre
360551007,ROCHESTER 2,43.14618,-77.54817,137.0,New York,Monroe,Rochester,RESIDENTIAL,URBAN AND CENTER CITY,New York State Department Of Environmental Conservation,2004-01-01,,"2 YARMOUTH ROAD, RG&E Substation",14610.0,urban-centre
360590005,EISENHOWER PARK,40.74316,-73.58549,27.0,New York,Nassau,East Meadow,COMMERCIAL,SUBURBAN,New York State Department Of Environmental Conservation,1970-01-01,,"EISENHOWER PARK,  740 MERRICK AV at OLD COUNTRY Rd",11554.0,urban-periphery
360610077,MADISON AVE,40.75623,-73.97657,20.0,New York,New York,New York,COMMERCIAL,URBAN AND CENTER CITY,New York State Department Of Environmental Conservation,1988-01-10,,"400 MADISON AVE., STREET CANYON, 47TH-48TH STS.",10017.0,urban-centre
360610079,IS 45,40.7997,-73.93432,3.0,New York,New York,New York,RESIDENTIAL,URBAN AND CENTER CITY,New York State Department Of Environmental Conservation,1981-06-15,,"SCHOOL IS 45, 2351 1ST AVENUE",10035.0,urban-centre
360610115,Intermediate School 143,40.84955,-73.935649,0.0,New York,New York,New York,COMMERCIAL,URBAN AND CENTER CITY,New York State Department Of Environmental Conservation,1999-12-31,,515 W 182nd St,10033.0,urban-centre
360610128,PS 19,40.73,-73.984,9.0,New York,New York,New York,COMMERCIAL,URBAN AND CENTER CITY,New York State Department Of Environmental Conservation,2001-10-01,,PS 19    185 1ST AVENUE,10003.0,urban-centre
360610134,DIVISION STREET,40.71436,-73.99518,17.0,New York,New York,New York,COMMERCIAL,URBAN AND CENTER CITY,New York State Department Of Environmental Conservation,2006-09-01,,"40 DIVISION STREET, PS 124",10002.0,urban-centre
360610135,CCNY,40.81976,-73.94825,45.0,New York,New York,New York,COMMERCIAL,URBAN AND CENTER CITY,New York State Department Of Environmental Conservation,2007-06-01,,160 CONVENT AVENUE,10031.0,urban-centre
360631006,MIDDLEPORT,43.22386,-78.47888,139.0,New York,Niagara,Middleport,AGRICULTURAL,RURAL,New York State Department Of Environmental Conservation,1980-02-27,,"MIDDLEPORT STP, 3825 NORTH HARTLAND RD",14105.0,rural
360632008,NIAGARA FALLS,43.08218,-79.00106,176.0,New York,Niagara,Niagara Falls,INDUSTRIAL,SUBURBAN,New York State Department Of Environmental Conservation,1998-02-01,,FRONTIER AVE AT 55TH STREET,14304.0,urban-periphery
360637001,Packard Court Community Center,43.096373,-79.011447,5.0,New York,Niagara,Niagara Falls,RESIDENTIAL,SUBURBAN,New York State Department Of Environmental Conservation,2016-06-17,,"4200 Pine Ave, Niagara Falls, NY 14301",14301.0,urban-periphery
360652001,UTICA HEALTH DEPT,43.09892,-75.22506,139.0,New York,Oneida,Utica,COMMERCIAL,URBAN AND CENTER CITY,New York State Department Of Environmental Conservation,1957-01-11,,"406 ELIZABETH ST., Utica HEALTH Dept",13501.0,urban-centre
360670019,DEC REGIONAL OFFICE,43.04823,-76.16479,116.0,New York,Onondaga,Syracuse,INDUSTRIAL,URBAN AND CENTER CITY,New York State Department Of Environmental Conservation,1999-03-01,,615 ERIE BLVD WEST,13204.0,urban-centre
360671015,EAST SYRACUSE,43.05235,-76.05921,127.0,New York,Onondaga,East Syracuse,COMMERCIAL,SUBURBAN,New York State Department Of Environmental Conservation,1991-01-30,,"5895 ENTERPRISE PARKWAY,",13057.0,urban-periphery
360710002,NEWBURGH,41.49916,-74.00885,127.0,New York,Orange,Newburgh,COMMERCIAL,URBAN AND CENTER CITY,New York State Department Of Environmental Conservation,1999-12-31,,55 BROADWAY,12550.0,urban-centre
360713002,WALLKILL WAKEFERN,41.45869,-74.35404,162.0,New York,Orange,Not in a City,AGRICULTURAL,RURAL,New York State Department Of Environmental Conservation,1990-02-28,,"260 BALLARD ROAD, TOWN OF WALLKILL, Wakefern Corp",10941.0,rural
360715001,VALLEY CENTRAL HIGH SCHOOL,41.52375,-74.21534,37.0,New York,Orange,Montgomery,RESIDENTIAL,SUBURBAN,New York State Department Of Environmental Conservation,1995-04-01,,"1175 ROUTE 17K, MONTGOMERY Valley Central HS",12549.0,urban-periphery
360750003,FULTON,43.28428,-76.46324,127.0,New York,Oswego,Fulton,COMMERCIAL,RURAL,New York State Department Of Environmental Conservation,2002-07-19,,820 COUNTY ROUTE 8,13069.0,rural
360790005,MT NINHAM,41.45589,-73.70977,227.0,New York,Putnam,Not in a City,FOREST,RURAL,New York State Department Of Environmental Conservation,1987-01-01,,NYSDEC FIELD HQTRS Mt Ninham,10512.0,rural
360810120,MASPETH LIBRARY,40.72698,-73.89313,31.0,New York,Queens,New York,RESIDENTIAL,SUBURBAN,New York State Department Of Environmental Conservation,2000-05-20,,Maspeth Library       69-70 GRAND AV,11378.0,urban-periphery
360810124,QUEENS COLLEGE 2,40.73614,-73.82153,25.0,New York,Queens,New York,COMMERCIAL,URBAN AND CENTER CITY,New York State Department Of Environmental Conservation,2001-01-01,,Queens College   65-30 Kissena Blvd  Parking Lot#6,11367.0,urban-centre
360810125,Queens College Near Road,40.739264,-73.817694,25.0,New York,Queens,New York,MOBILE,URBAN AND CENTER CITY,New York State Department Of Environmental Conservation,2017-04-01,,"I-495, H Harding Expwy and 153rd St",11367.0,urban-centre
360831003,TROY,42.73194,-73.68909,12.0,New York,Rensselaer,Troy,COMMERCIAL,URBAN AND CENTER CITY,New York State Department Of Environmental Conservation,1983-07-05,,"Broadway& 4th St, UNCLE SAM ATRIUM, DTN.SHOPPING CENTER",12180.0,urban-centre
360850055,RICHMOND POST OFFICE,40.63307,-74.13719,16.0,New York,Richmond,New York,RESIDENTIAL,URBAN AND CENTER CITY,New York State Department Of Environmental Conservation,1984-01-01,,"POST OFFICE, 364 PORT RICHMOND AVE.",10302.0,urban-centre
360850067,SUSAN WAGNER HS,40.59664,-74.12525,95.0,New York,Richmond,New York,RESIDENTIAL,SUBURBAN,New York State Department Of Environmental Conservation,1977-01-01,,"SUSAN WAGNER HS,   1200 MANOR RD, near Brielle Ave",10314.0,urban-periphery
360850111,FRESHKILLS WEST,40.58027,-74.19832,3.0,New York,Richmond,New York,COMMERCIAL,SUBURBAN,New York State Department Of Environmental Conservation,1999-07-05,,FRESHKILLS WEST   310 West Service Road,10314.0,urban-periphery
360870005,Rockland County,41.18208,-74.02819,140.0,New York,Rockland,Not in a City,AGRICULTURAL,RURAL,New York State Department Of Environmental Conservation,2009-06-01,,2 South Mountain Road,10956.0,rural
360890004,Alcoa West,44.955468,-74.9078,1.0,New York,St. Lawrence,Not in a City,INDUSTRIAL,RURAL,New York State Department Of Environmental Conservation,2017-01-01,,327 Pontoon Bridge Rd,13662.0,rural
360890005,Alcoa East,44.965412,-74.875,1.0,New York,St. Lawrence,Not in a City,INDUSTRIAL,RURAL,New York State Department Of Environmental Conservation,2017-01-01,,2019 NY-131,13662.0,rural
360893001,POTSDAM AIRPORT,44.67811,-74.95151,143.0,New York,St. Lawrence,Potsdam,COMMERCIAL,RURAL,New York State Department Of Environmental Conservation,1999-10-01,,"ROUTE 11B, Potsdam Airport",13676.0,rural
360910004,STILLWATER,43.01209,-73.6489,117.0,New York,Saratoga,Not in a City,FOREST,RURAL,New York State Department Of Environmental Conservation,1988-07-05,,SARATOGA NATIONAL HISTORICAL PARK,12170.0,rural
360930003,SCHENECTADY,42.79901,-73.9389,99.0,New York,Schenectady,Schenectady,RESIDENTIAL,SUBURBAN,New York State Department Of Environmental Conservation,1972-01-01,,"MT.PLEASANT HS, 1121 FOREST RD.",12303.0,urban-periphery
360990002,Cayuga West,42.574106,-76.7026,1.0,New York,Seneca,Not in a City,AGRICULTURAL,RURAL,New York State Department Of Environmental Conservation,2017-01-01,,3996 6 Corners Rd,14847.0,rural
361010003,PINNACLE STATE PARK,42.09142,-77.20978,507.0,New York,Steuben,Not in a City,FOREST,RURAL,New York State Department Of Environmental Conservation,1999-08-01,,"8301 ACKERSON ROAD, Pinnacle State Park",14801.0,rural
361019000,361019000,42.091198,-77.209566,512.0,New York,Steuben,Not in a City,FOREST,RURAL,National Park Service,2001-01-01,,Addison Pinnacle,14801.0,rural
361030002,BABYLON,40.74529,-73.41919,27.0,New York,Suffolk,East Farmingdale,INDUSTRIAL,SUBURBAN,New York State Department Of Environmental Conservation,1973-09-01,,"EAST FARMINGDALE WATER DIST., 72 GAZZA BLVD.",11735.0,urban-periphery
361030004,RIVERHEAD,40.96078,-72.71238,31.0,New York,Suffolk,Riverhead,AGRICULTURAL,RURAL,New York State Department Of Environmental Conservation,1992-04-21,,"3059 SOUND AVENUE, RIVERHEAD",11901.0,rural
361030009,HOLTSVILLE,40.82799,-73.05754,45.0,New York,Suffolk,Holtsville,RESIDENTIAL,SUBURBAN,New York State Department Of Environmental Conservation,2000-01-01,,57 DIVISION STREET,11742.0,urban-periphery
361030010,HOLBROOK,40.82686,-73.05734,36.0,New York,Suffolk,Holbrook,RESIDENTIAL,SUBURBAN,New York State Department Of Environmental Conservation,2001-08-01,,326 BRISTOL CT,11742.0,urban-periphery
361030024,Brookhaven Airport,40.8129,-72.8621,18.0,New York,Suffolk,Shirley,INDUSTRIAL,URBAN AND CENTER CITY,New York State Department Of Environmental Conservation,2011-10-01,,Dawn Drive,11950.0,urban-centre
361030044,Flax Pond,40.961017,-73.139046,9.0,New York,Suffolk,Old Field,RESIDENTIAL,RURAL,New York State Department Of Environmental Conservation,2018-06-01,,15 Shore Dr. Setauket-East Setauket NY 11733,11733.0,rural
361090002,Cayuga East,42.613199,-76.6152,1.0,New York,Tompkins,Lansing (South Lansing),RESIDENTIAL,RURAL,New York State Department Of Environmental Conservation,2017-01-01,,134 Lake Ridge Rd,14882.0,rural
361099000,361099000,42.400894,-76.653046,519.0,New York,Tompkins,Not in a City,FOREST,RURAL,National Park Service,2001-01-01,,Connecticut Hill,14867.0,rural
361099991,Connecticut Hill,42.4006,-76.6538,501.0,New York,Tompkins,Not in a City,FOREST,RURAL,USEPA - Clean Air and Power Division,1987-08-21,,"Connecticut Hill Wildlife Management Area, Newfield, NY 14867",14867.0,rural
361119991,Claryville,41.942325,-74.551999,754.0,New York,Ulster,Not in a City,FOREST,RURAL,USEPA - Clean Air and Power Division,1994-05-10,,47 Southern Way,12725.0,rural
361173001,WILLIAMSON,43.23086,-77.17136,139.0,New York,Wayne,Not in a City,AGRICULTURAL,RURAL,New York State Department Of Environmental Conservation,1979-08-01,,"4440 Ridge Road, WAYNE County Occupational CENTER, WILLIAMSON",14589.0,rural
361192004,WHITE PLAINS,41.05192,-73.76366,64.0,New York,Westchester,White Plains,RESIDENTIAL,SUBURBAN,New York State Department Of Environmental Conservation,1976-01-01,,"WHITE PLAINS PUMP STATION,  240 ORCHARD STREET",10604.0,urban-periphery
370030005,Taylorsville Liledoun,35.9138,-81.191,365.0,North Carolina,Alexander,Taylorsville,RESIDENTIAL,SUBURBAN,North Carolina Dept Of Environmental Quality,2013-08-01,,700 Liledoun Road,28681.0,urban-periphery
370110002,Linville Falls,35.972347,-81.933072,987.0,North Carolina,Avery,Not in a City,FOREST,RURAL,North Carolina Dept Of Environmental Quality,1999-08-01,,100 Linville Falls Road,28657.0,rural
370118001,370118001,36.105922,-82.043731,1219.0,North Carolina,Avery,Not in a City,FOREST,RURAL,US EPA National Exposure Research Lab,1988-12-01,,"ROARING CREEK RD., PISGAH N.F.",28657.0,rural
370130151,Bayview Ferry,35.428,-76.7399,2.0,North Carolina,Beaufort,Bath,INDUSTRIAL,RURAL,North Carolina Dept Of Environmental Quality,1980-01-01,,229 NC Hwy 306N,27808.0,rural
370210030,Bent Creek,35.500102,-82.59986,675.0,North Carolina,Buncombe,Bent Creek,FOREST,SUBURBAN,Asheville-Buncombe Air Quality Agency,1989-04-01,,125 Idlewood Drive,28704.0,urban-periphery
370210034,Board Of Ed. Bldg.,35.6062,-82.5844,662.94,North Carolina,Buncombe,Asheville,COMMERCIAL,SUBURBAN,Asheville-Buncombe Air Quality Agency,1999-01-01,,175 BINGHAM ROAD,28806.0,urban-periphery
370210035,AB Tech,35.57222,-82.55889,658.0,North Carolina,Buncombe,Asheville,COMMERCIAL,SUBURBAN,Asheville-Buncombe Air Quality Agency,2004-11-08,,AB TECH COLLEGE,28801.0,urban-periphery
370210036,370210036,35.481963,-82.509719,676.0,North Carolina,Buncombe,Royal Pines,INDUSTRIAL,RURAL,Duke Energy,2017-12-01,,Crestwwod Drive Air Monitor,28704.0,rural
370210038,Asheville,35.596611,-82.424234,699.0,North Carolina,Buncombe,Not in a City,COMMERCIAL,SUBURBAN,North Carolina Dept Of Environmental Quality,2018-11-01,,"2090 U.S. 70 Highway Swannanoa, NC",28778.0,urban-periphery
370270003,Lenoir (city),35.9359,-81.5306,366.0,North Carolina,Caldwell,Lenoir,INDUSTRIAL,URBAN AND CENTER CITY,North Carolina Dept Of Environmental Quality,1981-01-01,,291 NUWAY CIRCLE,28645.0,urban-centre
370318001,"MERRIMON ROAD BEAUFORT,NC",34.720162,-76.659652,0.0,North Carolina,Carteret,Not in a city,RESIDENTIAL,RURAL,US EPA National Exposure Research Lab,1994-01-01,,"MERRIMON ROAD BEAUFORT,NC",,rural
370319991,Beaufort,34.8848,-76.6203,2.0,North Carolina,Carteret,Not in a City,AGRICULTURAL,RURAL,USEPA - Clean Air and Power Division,1993-12-28,,"Open Grounds Farm, Beaufort, NC 28516",28516.0,rural
370330001,Cherry Grove,36.307033,-79.467417,235.6,North Carolina,Caswell,Not in a City,AGRICULTURAL,RURAL,North Carolina Dept Of Environmental Quality,1993-02-26,,"7074 CHERRY GROVE RD, REIDSVILLE",27320.0,rural
370350004,Hickory Water Tower,35.728889,-81.365556,333.0,North Carolina,Catawba,Hickory,INDUSTRIAL,SUBURBAN,North Carolina Dept Of Environmental Quality,1978-01-01,,1650 1ST STREET,28602.0,urban-periphery
370510009,William Owen School,35.041416,-78.953112,63.0,North Carolina,Cumberland,Fayetteville,RESIDENTIAL,URBAN AND CENTER CITY,North Carolina Dept Of Environmental Quality,1998-09-16,,4533 RAEFORD RD,28304.0,urban-centre
370510010,Honeycutt School,35.002304,-78.991692,60.04,North Carolina,Cumberland,Fayetteville,RESIDENTIAL,SUBURBAN,North Carolina Dept Of Environmental Quality,2015-05-01,,4665 Lakewood Dr,28304.0,urban-periphery
370510011,Wade School,35.1487,-78.7068,48.0,North Carolina,Cumberland,Not in a City,COMMERCIAL,RURAL,North Carolina Dept Of Environmental Quality,2022-03-01,,5721 Smithfield Road,,rural
370570002,Lexington water tower,35.8145,-80.2627,241.0,North Carolina,Davidson,Lexington,COMMERCIAL,URBAN AND CENTER CITY,North Carolina Dept Of Environmental Quality,1979-01-01,,938 S.SALISBURY ST,27292.0,urban-centre
370630014,370630014,35.892868,-78.876445,94.0,North Carolina,Durham,Not in a City,COMMERCIAL,SUBURBAN,North Carolina Dept Of Environmental Quality,2002-01-01,,"ALEXANDER DR., N. OF HIGHWAY 54",27709.0,urban-periphery
370630015,Durham Armory,36.032955,-78.904037,118.0,North Carolina,Durham,Durham,COMMERCIAL,SUBURBAN,North Carolina Dept Of Environmental Quality,2007-02-01,,801 STADIUM DRIVE,27704.0,urban-periphery
370630099,Ambient Air Innovation and Research Site (AIRS),35.88931,-78.87466,108.0,North Carolina,Durham,Not in a City,COMMERCIAL,SUBURBAN,US EPA/OAQPS/AAMG,2011-05-03,,"109 TW Alexander Drive RTP, NC  27709",27560.0,urban-periphery
370638001,370638001,35.902588,-78.869745,94.0,North Carolina,Durham,Not in a City,COMMERCIAL,RURAL,US EPA National Exposure Research Lab,1987-01-01,,"ALEXANDER DR., N. OF HIGHWAY 54",27709.0,rural
370639997,370639997,35.902588,-78.905,94.0,North Carolina,Durham,Durham,COMMERCIAL,RURAL,US EPA National Exposure Research Lab,1987-01-01,,"ALEXANDER DR., N. OF HIGHWAY 54",27713.0,rural
370639999,370639999,35.881997,-78.874495,1.0,North Carolina,Durham,Not in a City,COMMERCIAL,SUBURBAN,EPA/OAR/OAQPS/OID/NADG,2020-01-01,,109 TW Alexander Dr,27713.0,urban-periphery
370650099,Leggett,35.988278,-77.5843,18.0,North Carolina,Edgecombe,Leggett,AGRICULTURAL,RURAL,North Carolina Dept Of Environmental Quality,1983-01-01,,7589 NC Hwy 33-NW,27886.0,rural
370670021,370670021,36.099304,-80.254772,288.0,North Carolina,Forsyth,Winston-Salem,COMMERCIAL,URBAN AND CENTER CITY,Forsyth County Environmental Affairs Department,1981-01-01,,SIXTH & BROAD ST FRIENDS CHURCH,,urban-centre
370670022,Hattie Avenue,36.11094,-80.224501,284.0,North Carolina,Forsyth,Winston-Salem,RESIDENTIAL,URBAN AND CENTER CITY,Forsyth County Environmental Affairs Department,1983-01-01,,1300 BLK. HATTIE AVENUE,27101.0,urban-centre
370670024,370670024,36.171527,-80.281717,860.0,North Carolina,Forsyth,Winston-Salem,RESIDENTIAL,SUBURBAN,Forsyth County Environmental Affairs Department,1991-04-11,,NORTH FORSYTH HIGH SCHOOL,,urban-periphery
370670025,370670025,36.097359,-80.276717,280.0,North Carolina,Forsyth,Winston-Salem,RESIDENTIAL,URBAN AND CENTER CITY,Forsyth County Environmental Affairs Department,1992-10-23,,100 SW STRATFORD RD,,urban-centre
370670026,BOLTON PARK EAST OF HANES MALL,36.0675,-80.293889,256.0,North Carolina,Forsyth,Winston-Salem,RESIDENTIAL,SUBURBAN,Forsyth County Environmental Affairs Department,1993-02-25,,1590 BOLTON STREET,,urban-periphery
370670030,Clemmons Middle,36.026612,-80.341962,245.0,North Carolina,Forsyth,Winston-Salem,RESIDENTIAL,SUBURBAN,Forsyth County Environmental Affairs Department,2004-08-01,,FRATERNITY CHURCH ROAD,27127.0,urban-periphery
370671008,Union Cross,36.051805,-80.144933,285.0,North Carolina,Forsyth,Winston-Salem,RESIDENTIAL,RURAL,Forsyth County Environmental Affairs Department,1988-04-01,,3656 PIEDMONT MEMORIAL DRIVE,27107.0,rural
370750001,Joanna Bald,35.2578,-83.7955,1436.0,North Carolina,Graham,Not in a City,FOREST,RURAL,North Carolina Dept Of Environmental Quality,2003-04-03,,FOREST ROAD 423 SPUR,28771.0,rural
370770001,Butner,36.141111,-78.768056,91.0,North Carolina,Granville,Butner,RESIDENTIAL,SUBURBAN,North Carolina Dept Of Environmental Quality,1979-01-01,,800 Central Avenue,27509.0,urban-periphery
370810013,Mendenhall School,36.109006,-79.802314,244.0,North Carolina,Guilford,Greensboro,RESIDENTIAL,URBAN AND CENTER CITY,North Carolina Dept Of Environmental Quality,2001-12-12,,205 WILOUGHBY BLVD,27408.0,urban-centre
370870008,Waynesville School,35.507224,-82.963625,791.0,North Carolina,Haywood,Not in a City,RESIDENTIAL,SUBURBAN,North Carolina Dept Of Environmental Quality,2011-03-20,,2236 ASHEVILLE ROAD,28786.0,urban-periphery
370870013,Canton,35.534102,-82.852868,753.0,North Carolina,Haywood,West Canton,INDUSTRIAL,RURAL,North Carolina Dept Of Environmental Quality,2016-10-15,,104 Pace St,28716.0,rural
370870035,Frying Pan Mountain,35.379167,-82.7925,1617.88,North Carolina,Haywood,Not in a City,FOREST,RURAL,North Carolina Dept Of Environmental Quality,1994-07-01,,TOWER BLUE RIDGE PKWY MILE MARKER 410,28716.0,rural
370870036,Purchase Knob,35.587144,-83.074156,1550.0,North Carolina,Haywood,Waynesville,FOREST,RURAL,North Carolina Dept Of Environmental Quality,1995-06-06,,6905 Purchase Knob Road,28751.0,rural
370959000,Swanquarter,35.45109,-76.207165,-4.0,North Carolina,Hyde,Not in a City,FOREST,RURAL,National Park Service,2000-06-10,,Swanquarter,27885.0,rural
370990005,OZONE MONITOR ON SW SIDE OF TOWER/MET EQUIPMENT 10FT ABOVE TOWER,35.524544,-83.235981,1433.0,North Carolina,Jackson,Not in a City,FOREST,RURAL,Eastern Band Of Cherokee Indians of North Carolina,1999-04-01,,BARNET KNOB FIRETOWER ROAD,,rural
370990006,PM2.5 COLOCATED MONITORS LOCATED ON TOP OF BUILDING,35.466767,-83.277928,636.0,North Carolina,Jackson,Not in a City,COMMERCIAL,RURAL,Eastern Band Of Cherokee Indians of North Carolina,2000-04-01,,US RT 19NORTH CHEROKEE NC,,rural
371010002,West Johnston Co.,35.59095,-78.4622,127.0,North Carolina,Johnston,Not in a City,AGRICULTURAL,RURAL,North Carolina Dept Of Environmental Quality,1995-01-01,,1338 JACK ROAD,27520.0,rural
371050002,Blackstone,35.4325,-79.2887,131.0,North Carolina,Lee,Sanford,AGRICULTURAL,RURAL,North Carolina Dept Of Environmental Quality,2013-10-16,,4110 Blackstone Drive,27330.0,rural
371070004,Lenoir Co. Comm. Coll.,35.2318,-77.5669,15.0,North Carolina,Lenoir,Kinston,COMMERCIAL,SUBURBAN,North Carolina Dept Of Environmental Quality,1997-06-01,, HIGHWAY 70 EAST AND HIGHWAY  58 SOUTH,28501.0,urban-periphery
371090004,Crouse,35.438556,-81.27675,270.0,North Carolina,Lincoln,Lincolnton,RESIDENTIAL,RURAL,North Carolina Dept Of Environmental Quality,1993-05-01,,1487 RIVERVIEW ROAD,28092.0,rural
371138001,371138001,35.060668,-83.430442,686.0,North Carolina,Macon,Not in a City,FOREST,RURAL,US EPA National Exposure Research Lab,1987-11-01,,COWEETA HYDROLOGIC LABRATORY,28763.0,rural
371139991,Coweeta,35.0608,-83.4306,686.0,North Carolina,Macon,Not in a City,FOREST,RURAL,USEPA - Clean Air and Power Division,1987-11-01,,"USDA Southern Research Station, Coweeta Hydrologic Laboratory, Otto, NC 28763",28763.0,rural
371170001,Jamesville School,35.81066,-76.9063,14.0,North Carolina,Martin,Jamesville,AGRICULTURAL,RURAL,North Carolina Dept Of Environmental Quality,1994-12-01,,1210 Hayes Street,27846.0,rural
371190003,#11 Fire Station,35.251717,-80.824717,223.0,North Carolina,Mecklenburg,Charlotte,RESIDENTIAL,URBAN AND CENTER CITY,Mecklenburg County Air Quality,1966-01-01,,FIRE STA #11 620 WEST 28TH STREET,28206.0,urban-centre
371190036,371190036,35.244827,-80.95481,7440.0,North Carolina,Mecklenburg,Charlotte,RESIDENTIAL,SUBURBAN,Mecklenburg County Air Quality,1987-06-01,,"7400 TUCKASEEGE ROAD, CHARLOTTE",28214.0,urban-periphery
371190039,371190039,35.383435,-80.943143,213.0,North Carolina,Mecklenburg,Not in a City,FOREST,RURAL,Mecklenburg County Air Quality,1989-02-01,,MCDOWELL CREEK WTP NECK ROAD,28078.0,rural
371190041,Garinger High School,35.2401,-80.785683,232.0,North Carolina,Mecklenburg,Charlotte,RESIDENTIAL,URBAN AND CENTER CITY,Mecklenburg County Air Quality,1999-07-30,,1130 EASTWAY DRIVE,28205.0,urban-centre
371190043,OAKDALE,35.3041,-80.88865,245.0,North Carolina,Mecklenburg,Not in a City,RESIDENTIAL,URBAN AND CENTER CITY,Mecklenburg County Air Quality,2006-01-01,,513 RADIO ROAD,28216.0,urban-centre
371190045,Remount,35.213171,-80.874084,194.0,North Carolina,Mecklenburg,Charlotte,INDUSTRIAL,URBAN AND CENTER CITY,Mecklenburg County Air Quality,2014-06-09,,1030 Remount Road,28203.0,urban-centre
371190046,University Meadows,35.314158,-80.713469,216.0,North Carolina,Mecklenburg,Charlotte,RESIDENTIAL,SUBURBAN,Mecklenburg County Air Quality,2016-04-01,,1660 Pavilion Boulevard,28262.0,urban-periphery
371190047,Ramblewood Park,35.123954,-80.907577,179.0,North Carolina,Mecklenburg,Charlotte,INDUSTRIAL,SUBURBAN,Mecklenburg County Air Quality,2019-12-16,,10200 Nations Ford Road,28273.0,urban-periphery
371190048,Friendship Park,35.281791,-80.851473,224.0,North Carolina,Mecklenburg,Charlotte,RESIDENTIAL,URBAN AND CENTER CITY,Mecklenburg County Air Quality,2020-01-06,,2310 Cindy Lane,28216.0,urban-centre
371190049,Oehler,35.413342,-80.805735,218.0,North Carolina,Mecklenburg,Huntersville,RESIDENTIAL,RURAL,Mecklenburg County Air Quality,2021-04-04,,14108 Hunsterville-Concord Road,28078.0,rural
371190050,Equipment Dr,35.278292,-80.796996,231.6,North Carolina,Mecklenburg,Charlotte,INDUSTRIAL,URBAN AND CENTER CITY,Mecklenburg County Air Quality,2024-01-22,,4850 Equipment Drive,28262.0,urban-centre
371190901,371190901,35.244827,-80.95481,247.0,North Carolina,Mecklenburg,Charlotte,RESIDENTIAL,SUBURBAN,Mecklenburg County Air Quality,1987-07-26,,W. MECKLENBURG 7400 TUCKASEEGE,28214.0,urban-periphery
371191001,371191001,35.498433,-80.852585,252.0,North Carolina,Mecklenburg,Davidson,RESIDENTIAL,SUBURBAN,Mecklenburg County Air Quality,1968-01-01,,FILTER PLANT,28036.0,urban-periphery
371191005,Arrowood,35.113164,-80.919532,195.0,North Carolina,Mecklenburg,Charlotte,INDUSTRIAL,RURAL,Mecklenburg County Air Quality,1977-01-01,,400 WESTINGHOUSE BLVD.,28273.0,rural
371210004,Spruce Pine Hospital,35.912487,-82.062082,788.0,North Carolina,Mitchell,Spruce Pine,COMMERCIAL,SUBURBAN,North Carolina Dept Of Environmental Quality,2014-01-09,,272 Hospital Dr,28777.0,urban-periphery
371230001,Candor: EPA CASTNet Site,35.263165,-79.836636,173.0,North Carolina,Montgomery,Candor,FOREST,RURAL,North Carolina Dept Of Environmental Quality,1999-07-16,,136 PERRY DRIVE,27229.0,rural
371238001,"112 PERRY DRIVE CANDOR, NC",35.260143,-79.839767,0.0,North Carolina,Montgomery,Not in a city,RESIDENTIAL,RURAL,US EPA National Exposure Research Lab,1990-09-01,,112 PERRY  DRIVE,,rural
371239991,Candor,35.2632,-79.8365,198.0,North Carolina,Montgomery,Not in a City,FOREST,RURAL,USEPA - Clean Air and Power Division,1990-09-20,,"136 Perry Dr, Candor, NC 27229",27229.0,rural
371290002,Castle Hayne,34.364167,-77.838611,8.0,North Carolina,New Hanover,Castle Hayne,AGRICULTURAL,RURAL,North Carolina Dept Of Environmental Quality,1979-01-01,,6028 HOLLY SHELTER RD,28429.0,rural
371290010,Eagles Island,34.235536,-77.955864,5.0,North Carolina,New Hanover,Wilmington,AGRICULTURAL,RURAL,North Carolina Dept Of Environmental Quality,2002-01-01,,#1 Battleship Road,28401.0,rural
371310003,Northampton County,36.511708,-77.655389,55.0,North Carolina,Northampton,Gaston,AGRICULTURAL,RURAL,North Carolina Dept Of Environmental Quality,2019-07-24,,152 Hurricane Drive,27832.0,rural
371330004,371330004,34.765386,-77.414426,10.0,North Carolina,Onslow,Jacksonville,COMMERCIAL,URBAN AND CENTER CITY,North Carolina Dept Of Environmental Quality,1984-01-01,," 2553 ONSLOW DRIVE, JACKSONVILLE",28540.0,urban-centre
371359991,Duke Forest,35.9745,-79.099,164.0,North Carolina,Orange,Not in a City,FOREST,RURAL,USEPA - Clean Air and Power Division,2017-04-03,,600 Eubanks Road,27516.0,rural
371450003,Bushy Fork,36.306965,-79.09197,198.0,North Carolina,Person,Not in a City,AGRICULTURAL,RURAL,North Carolina Dept Of Environmental Quality,1997-12-31,,7901 Burlington Rd,27541.0,rural
371470006,Pitt Agri. Center,35.641276,-77.360126,7.0,North Carolina,Pitt,Not in a City,RESIDENTIAL,RURAL,North Carolina Dept Of Environmental Quality,2008-04-01,,403 Government Circle,27834.0,rural
371570099,Bethany sch.,36.308889,-79.859167,274.0,North Carolina,Rockingham,Not in a City,AGRICULTURAL,RURAL,Forsyth County Environmental Affairs Department,1993-07-07,,6371 NC 65 @ BETHANY SCHOOL,27320.0,rural
371590021,Rockwell,35.551868,-80.395039,240.0,North Carolina,Rowan,Rockwell,COMMERCIAL,RURAL,North Carolina Dept Of Environmental Quality,1993-04-01,,301 WEST ST & GOLD HILL AVENUE,28138.0,rural
371730002,Bryson City,35.434767,-83.442133,560.0,North Carolina,Swain,Bryson City (RR name Bryson),RESIDENTIAL,SUBURBAN,North Carolina Dept Of Environmental Quality,1995-04-01,,30 Recreation Park Drive,28713.0,urban-periphery
371730007,Old High School,35.498711,-83.310242,50.0,North Carolina,Swain,Not in a City,COMMERCIAL,SUBURBAN,Eastern Band Of Cherokee Indians of North Carolina,2012-04-01,,1501 Acquoni Rd.,28719.0,urban-periphery
371790003,Monroe School,34.974039,-80.540622,184.0,North Carolina,Union,Monroe,RESIDENTIAL,SUBURBAN,North Carolina Dept Of Environmental Quality,1999-04-07,,701 CHARLES STREET,28112.0,urban-periphery
371830014,Millbrook School,35.856111,-78.574167,100.0,North Carolina,Wake,Raleigh,RESIDENTIAL,SUBURBAN,North Carolina Dept Of Environmental Quality,1989-04-17,,3801 SPRING FOREST RD.,27616.0,urban-periphery
371830021,Triple Oak,35.8652,-78.8197,97.0,North Carolina,Wake,Not in a City,MOBILE,SUBURBAN,North Carolina Dept Of Environmental Quality,2013-12-01,,2826 TRIPLE OAK DRIVE,27560.0,urban-periphery
371990004,Mt. Mitchell,35.765413,-82.264944,2023.0,North Carolina,Yancey,Not in a City,FOREST,RURAL,North Carolina Dept Of Environmental Quality,2006-06-02,,2388 State Highway 128,28714.0,rural
380057001,SPIRIT LAKE,47.978667,-99.007168,457.0,North Dakota,Benson,Not in a city,RESIDENTIAL,RURAL,"Spirit Lake Tribe, ND",2004-01-22,,"400 MAIN STREET, FORT TOTTEN, ND  58335",,rural
380057002,380057002,47.9861,-99.0168,10.0,North Dakota,Benson,Fort Totten,AGRICULTURAL,RURAL,"Spirit Lake Tribe, ND",2003-08-21,,1000 HIGH MEADOWS,,rural
380070002,PAINTED CANYON,46.8943,-103.37853,832.0,North Dakota,Billings,Not in a City,AGRICULTURAL,RURAL,North Dakota DEQ,1985-10-17,,13881 I94 EAST,58627.0,rural
380130003,LIGNITE,48.876553,-102.56842,605.0,North Dakota,Burke,Lignite,AGRICULTURAL,RURAL,North Dakota DEQ,1999-09-03,,300 KING STREET,58752.0,rural
380130004,LOSTWOOD NWR,48.64193,-102.4018,696.0,North Dakota,Burke,Not in a City,AGRICULTURAL,RURAL,North Dakota DEQ,1999-01-01,,"8315 HIGHWAY 8, KENMARE",58773.0,rural
380150003,BISMARCK RESIDENTIAL,46.825425,-100.76821,580.0,North Dakota,Burleigh,Bismarck,RESIDENTIAL,SUBURBAN,North Dakota DEQ,1995-05-01,,1810 N 16TH STREET,58501.0,urban-periphery
380171004,FARGO NW,46.933754,-96.85535,275.0,North Dakota,Cass,Not in a City,AGRICULTURAL,SUBURBAN,North Dakota DEQ,1998-05-13,,4266 40TH AVE NORTH,58102.0,urban-periphery
380250004,Lake Ilo,47.342423,-102.645864,683.66,North Dakota,Dunn,Dunn Center,AGRICULTURAL,RURAL,North Dakota DEQ,2018-06-28,,5th Street South West Dunn Center,58640.0,rural
380250102,380250102,0.0,0.0,671.0,North Dakota,Dunn,Not in a city,UNKNOWN,UNKNOWN,"Three Affiliated Tribes of Fort Berthold Reservation, ND",1986-01-02,,TWIN BUTTES,,unknown
380350004,LOCATED NEAR CENTER OF VACANT LOTS,47.918596,-97.082314,262.0,North Dakota,Grand Forks,Grand Forks,INDUSTRIAL,RURAL,North Dakota DEQ,1996-07-08,,GRAND FORKS - NORTH,58203.0,rural
380530002,TRNP-NU,47.5812,-103.2995,624.0,North Dakota,McKenzie,Not in a City,AGRICULTURAL,RURAL,North Dakota DEQ,1978-12-01,,"229 SERVICE RD., WATFORD CITY",58854.0,rural
380530108,DRAGSWOLF,47.990295,-102.588794,640.0,North Dakota,McKenzie,Not in a city,AGRICULTURAL,UNKNOWN,"Three Affiliated Tribes of Fort Berthold Reservation, ND",1986-01-01,,DRAGSWOLF,,unknown
380550113,380550113,47.606672,-102.036837,555.0,North Dakota,McLean,Not in a city,AGRICULTURAL,RURAL,"Three Affiliated Tribes of Fort Berthold Reservation, ND",1990-07-01,,WHITE SHIELD,,rural
380570004,BEULAH NORTH,47.298611,-101.766944,630.0,North Dakota,Mercer,Not in a City,AGRICULTURAL,RURAL,North Dakota DEQ,1998-12-13,,6024 HIGHWAY 200,58523.0,rural
380571113,380571113,47.4949,-102.078,658.0,North Dakota,Mercer,Not in a City,AGRICULTURAL,RURAL,"Three Affiliated Tribes of Fort Berthold Reservation, ND",2009-03-12,,Highway 1806,58541.0,rural
380590003,MANDAN REF. NW,46.873075,-100.905039,554.0,North Dakota,Morton,Not in a City,INDUSTRIAL,SUBURBAN,North Dakota DEQ,1998-09-25,,2130 SIOUX STREET NORTH,58554.0,urban-periphery
380610115,380610115,47.979763,-102.477268,605.0,North Dakota,Mountrail,Not in a City,COMMERCIAL,URBAN AND CENTER CITY,"Three Affiliated Tribes of Fort Berthold Reservation, ND",2009-04-10,,Highway 23 south,58763.0,urban-centre
380650002,HANNOVER,47.185833,-101.428056,697.0,North Dakota,Oliver,Not in a City,AGRICULTURAL,RURAL,North Dakota DEQ,1984-10-04,,1575 HIGHWAY 31,58530.0,rural
381010003,Ryder,47.940861,-101.571583,639.0,North Dakota,Ward,Not in a City,AGRICULTURAL,RURAL,North Dakota DEQ,2017-01-01,,184th Street SW Ryder,58756.0,rural
381010114,381010114,47.9711,-101.8494,639.0,North Dakota,Ward,Not in a City,AGRICULTURAL,RURAL,"Three Affiliated Tribes of Fort Berthold Reservation, ND",2009-04-01,,Highway 23 west Makoti,58756.0,rural
381050105,381050105,48.392666,-102.910693,675.0,North Dakota,Williams,Not in a City,INDUSTRIAL,RURAL,Hess-Midstream,1987-11-05,,AMERADA HESS #3,,rural
381050106,381050106,48.465253,-102.894086,762.0,North Dakota,Williams,Not in a City,AGRICULTURAL,RURAL,Hess-Midstream,2017-01-01,,"67th Street NW, Tioga ND",58852.0,rural
390030009,Lima,40.770944,-84.0539,268.0,Ohio,Allen,Lima,RESIDENTIAL,RURAL,"Ohio EPA, Northwest District Office",2009-06-05,,2650 BIBLE ROAD,45801.0,rural
390071001,Conneaut,41.959695,-80.572808,201.0,Ohio,Ashtabula,Conneaut,RESIDENTIAL,SUBURBAN,"Ohio EPA, Northeast District Office",1976-03-19,,770 LAKE RD.,44030.0,urban-periphery
390090003,Gifford,39.442165,-81.908827,200.0,Ohio,Athens,Not in a City,FOREST,RURAL,"Ohio EPA, Southeast District Office",1991-09-01,,S.R. 377 GIFFORD STATE FOREST,43728.0,rural
390170015,Ohio Bell,39.49072,-84.36374,204.0,Ohio,Butler,Middletown,INDUSTRIAL,SUBURBAN,Hamilton County Department Of Environmental Services,1991-01-06,,3901 LEFFERSON,45044.0,urban-periphery
390170018,Middletown Airport,39.529112,-84.394003,195.0,Ohio,Butler,Middletown,COMMERCIAL,SUBURBAN,Hamilton County Department Of Environmental Services,2010-04-01,,"1707 Runway Drive, Room #4",45042.0,urban-periphery
390170019,Amanda Elem,39.479822,-84.409617,194.0,Ohio,Butler,Middletown,RESIDENTIAL,SUBURBAN,Hamilton County Department Of Environmental Services,2011-06-01,,1200 OXFORD STATE ROAD,45044.0,urban-periphery
390170020,Yankee,39.472436,-84.394952,198.0,Ohio,Butler,Middletown,INDUSTRIAL,SUBURBAN,Hamilton County Department Of Environmental Services,2011-07-01,,3350 YANKEE ROAD,45044.0,urban-periphery
390170021,Made,39.46619,-84.40256,198.0,Ohio,Butler,Middletown,RESIDENTIAL,SUBURBAN,Hamilton County Department Of Environmental Services,2013-06-01,,1501 MADE INDUSTRIAL DR.,45044.0,urban-periphery
390170022,BPG,39.478686,-84.397112,200.0,Ohio,Butler,Middletown,RESIDENTIAL,SUBURBAN,Hamilton County Department Of Environmental Services,2015-02-05,,3214 YANKEE RD.,45044.0,urban-periphery
390170023,Crawford Woods,39.384671,-84.540537,202.0,Ohio,Butler,Hamilton,RESIDENTIAL,SUBURBAN,Hamilton County Department Of Environmental Services,2017-03-01,,2200 HENSLEY AVE.,45011.0,urban-periphery
390178001,390178001,39.530871,-84.723533,284.0,Ohio,Butler,Not in a City,AGRICULTURAL,RURAL,US EPA National Exposure Research Lab,1987-08-01,,MIAMI,45056.0,rural
390179991,Oxford,39.5327,-84.7286,284.0,Ohio,Butler,Not in a City,AGRICULTURAL,RURAL,USEPA - Clean Air and Power Division,1987-08-17,,"Ecology Research Center, Miami University, Oxford, Ohio 45056",45056.0,rural
390230001,Springfield Well Fd,40.00103,-83.80456,288.0,Ohio,Clark,Springfield,AGRICULTURAL,RURAL,Dayton Regional Air Pollution Control Agency,1977-01-01,,5171 URBANA,45502.0,rural
390230003,Mud Run,39.85567,-83.99773,259.0,Ohio,Clark,Enon,AGRICULTURAL,RURAL,Dayton Regional Air Pollution Control Agency,1985-01-01,,5400 SPANGLER,45324.0,rural
390230005,Springfield Fire St1,39.92882,-83.80949,297.0,Ohio,Clark,Springfield,COMMERCIAL,URBAN AND CENTER CITY,Dayton Regional Air Pollution Control Agency,2000-07-26,,350 N. FOUNTAIN AVE.,45504.0,urban-centre
390250022,Batavia,39.0828,-84.1441,262.0,Ohio,Clermont,Batavia,RESIDENTIAL,SUBURBAN,Hamilton County Department Of Environmental Services,2001-04-01,,2400 CLERMONT CENTER DR.,45103.0,urban-periphery
390271002,Wilmington,39.427535,-83.788916,322.0,Ohio,Clinton,Not in a City,COMMERCIAL,RURAL,"Ohio EPA, Southwest District Office",1993-04-01,,"300 Oak Drive Wilmington, 45177",45177.0,rural
390290019,Port Authority,40.63134,-80.549218,211.2,Ohio,Columbiana,East Liverpool,INDUSTRIAL,SUBURBAN,"Ohio EPA, Northeast District Office",1992-10-27,,"1250 GEORGE, COLUMBIANA PORT AUTHORITY",43920.0,urban-periphery
390290020,East Liverpool WTP,40.639509,-80.523951,213.4,Ohio,Columbiana,East Liverpool,INDUSTRIAL,SUBURBAN,"Ohio EPA, Northeast District Office",1992-09-02,,2220 MICHIGAN,43920.0,urban-periphery
390290023,Eastside Elem,40.634688,-80.545695,229.0,Ohio,Columbiana,East Liverpool,RESIDENTIAL,SUBURBAN,"Ohio EPA, Northeast District Office",2016-02-01,,500 MARYLAND AVE.,43920.0,urban-periphery
390338001,390338001,40.916964,-82.997641,296.0,Ohio,Crawford,Not in a City,AGRICULTURAL,RURAL,US EPA National Exposure Research Lab,1988-10-01,,1.2 MILES NE BROKENSWORD,44820.0,rural
390350034,District 6,41.55523,-81.575256,191.0,Ohio,Cuyahoga,Cleveland,RESIDENTIAL,URBAN AND CENTER CITY,Cleveland Air Pollution Control Agency,1972-12-01,,881 E. 152nd ST.,44110.0,urban-centre
390350038,St Theodosius,41.477011,-81.682383,202.0,Ohio,Cuyahoga,Cleveland,RESIDENTIAL,URBAN AND CENTER CITY,Cleveland Air Pollution Control Agency,1974-01-01,,2547 ST TIKHON,44113.0,urban-centre
390350045,Cleveland Fire St13,41.471782,-81.656792,211.0,Ohio,Cuyahoga,Cleveland,RESIDENTIAL,URBAN AND CENTER CITY,Cleveland Air Pollution Control Agency,1985-01-01,,4950 BROADWAY AVE.,44127.0,urban-centre
390350049,Ferro,41.446342,-81.6507,213.0,Ohio,Cuyahoga,Cleveland,INDUSTRIAL,SUBURBAN,Cleveland Air Pollution Control Agency,1987-10-01,,E. 56TH ST.,44105.0,urban-periphery
390350051,Galleria,41.504605,-81.69045,196.0,Ohio,Cuyahoga,Cleveland,COMMERCIAL,URBAN AND CENTER CITY,Cleveland Air Pollution Control Agency,1991-10-01,,1301 E. 9TH ST.,44114.0,urban-centre
390350058,Monitor is in an open area NE of the BOF and NNW of the coke oven.,41.471111,-81.673056,183.0,Ohio,Cuyahoga,Cleveland,INDUSTRIAL,URBAN AND CENTER CITY,US EPA - Region 5,1993-01-12,,LTV Steel,44113.0,urban-centre
390350060,GT Craig NCore PAMS,41.492117,-81.678449,206.0,Ohio,Cuyahoga,Cleveland,COMMERCIAL,URBAN AND CENTER CITY,Cleveland Air Pollution Control Agency,1993-01-08,,E. 14TH & ORANGE,44115.0,urban-centre
390350062,Monitor is east of W. 3rd just north of Master Metals' monitor,41.473889,-81.670833,181.0,Ohio,Cuyahoga,Cleveland,INDUSTRIAL,URBAN AND CENTER CITY,US EPA - Region 5,1993-01-12,,East Side of West 3rd St.,44113.0,urban-centre
390350064,Berea BOE,41.361835,-81.86457,245.0,Ohio,Cuyahoga,Berea,RESIDENTIAL,SUBURBAN,Cleveland Air Pollution Control Agency,1994-04-01,,390 FAIR ST.,44017.0,urban-periphery
390350065,Harvard Yards,41.446624,-81.662356,210.3,Ohio,Cuyahoga,Newburgh Heights,INDUSTRIAL,URBAN AND CENTER CITY,Cleveland Air Pollution Control Agency,1997-07-03,,4600 HARVARD AVE.,44105.0,urban-centre
390350073,Cleveland Near Road,41.44013,-81.494833,347.0,Ohio,Cuyahoga,Warrensville Heights,MOBILE,SUBURBAN,Cleveland Air Pollution Control Agency,2014-07-01,,25609 EMERY ROAD,44128.0,urban-periphery
390350075,TREDROC TIRE SERVICES (BELLE TIRE),41.35956,-81.51629,320.0,Ohio,Cuyahoga,Bedford,INDUSTRIAL,SUBURBAN,Cleveland Air Pollution Control Agency,2017-01-01,,205 OAK LEAF OVAL,44146.0,urban-periphery
390350076,Southerly WWTP,41.42353,-81.64755,182.88,Ohio,Cuyahoga,Cuyahoga Heights,INDUSTRIAL,URBAN AND CENTER CITY,Cleveland Air Pollution Control Agency,2017-08-01,,6000 CANAL ROAD,44125.0,urban-centre
390351002,Brookpark,41.39629,-81.818667,238.0,Ohio,Cuyahoga,Brook Park,RESIDENTIAL,SUBURBAN,Cleveland Air Pollution Control Agency,1985-08-23,,16900 HOLLAND RD.,44142.0,urban-periphery
390410002,Delaware,40.356694,-83.063971,275.0,Ohio,Delaware,Delaware,AGRICULTURAL,RURAL,"Ohio EPA, Central District Office",1997-04-01,,359 MAIN RD.,43015.0,rural
390490029,New Albany,40.084514,-82.815585,311.0,Ohio,Franklin,New Albany,AGRICULTURAL,SUBURBAN,"Ohio EPA, Central District Office",2000-09-01,,7600 FODOR RD.,43054.0,urban-periphery
390490034,Fairgrounds,40.002707,-82.994424,250.0,Ohio,Franklin,Columbus,COMMERCIAL,URBAN AND CENTER CITY,"Ohio EPA, Central District Office",1992-07-13,,KORBEL AVE.,43211.0,urban-centre
390490038,Smoky Row Near Road,40.11107,-83.065415,270.0,Ohio,Franklin,Columbus,MOBILE,SUBURBAN,"Ohio EPA, Central District Office",2014-01-01,,7560 SMOKY ROW RD.,43235.0,urban-periphery
390490040,Jackson Pike WWTP,39.91251,-83.01159,213.0,Ohio,Franklin,Columbus,INDUSTRIAL,URBAN AND CENTER CITY,Ohio EPA Central Office,2022-05-17,,2104 Jackson Pike,43223.0,urban-centre
390490081,Maple Canyon,40.0877,-82.959773,271.0,Ohio,Franklin,Columbus,COMMERCIAL,SUBURBAN,"Ohio EPA, Central District Office",1972-07-01,,5750 MAPLE CANYON,43229.0,urban-periphery
390510001,Delta,41.57588,-83.9959,220.0,Ohio,Fulton,Delta,RESIDENTIAL,URBAN AND CENTER CITY,"Ohio EPA, Northwest District Office",1986-01-01,,200 VAN BUREN,43515.0,urban-centre
390515502,Elm Street Elementary School,41.550019,-84.136469,0.0,Ohio,Fulton,Wauseon,COMMERCIAL,URBAN AND CENTER CITY,US EPA/OAQPS,2009-08-29,,440 E Elm St,43567.0,urban-centre
390530003,390530003,38.950002,-82.108935,190.0,Ohio,Gallia,Not in a City,RESIDENTIAL,SUBURBAN,"Ohio EPA, Southeast District Office",2002-02-01,,8323 STATE ROUTE 7,45620.0,urban-periphery
390530004,Cheshire Elem,38.95018,-82.12211,176.0,Ohio,Gallia,Cheshire,AGRICULTURAL,RURAL,"Ohio EPA, Southeast District Office",2017-01-01,,WATSON GROVE RD.,45620.0,rural
390530005,Ridge,38.89495,-82.14893,240.0,Ohio,Gallia,Cheshire,AGRICULTURAL,RURAL,"Ohio EPA, Southeast District Office",2017-01-01,,583 HONEYSUCKLE DR.,45631.0,rural
390530006,Guiding Hand,38.94945,-82.1104,591.0,Ohio,Gallia,Cheshire,AGRICULTURAL,RURAL,"Ohio EPA, Southeast District Office",2017-01-01,,8323 SR 7 North,45620.0,rural
390550004,Notre Dame,41.515051,-81.249906,400.0,Ohio,Geauga,Not in a City,FOREST,RURAL,Lake County Health Department Division Air Pollution Control,1997-04-01,,13000 AUBURN,44024.0,rural
390570006,Xenia,39.66575,-83.94268,285.0,Ohio,Greene,Xenia,AGRICULTURAL,SUBURBAN,Dayton Regional Air Pollution Control Agency,1997-04-01,,"541 LEDBETTER RD.,",45385.0,urban-periphery
390610006,Sycamore,39.2787,-84.36625,259.0,Ohio,Hamilton,Blue Ash,COMMERCIAL,SUBURBAN,Hamilton County Department Of Environmental Services,1969-10-03,,11590 GROOMS RD,45242.0,urban-periphery
390610010,Colerain,39.21487,-84.69086,158.0,Ohio,Hamilton,Cleves,INDUSTRIAL,RURAL,Hamilton County Department Of Environmental Services,1978-01-01,,6950 RIPPLE RD.,45002.0,rural
390610014,Carthage,39.19433,-84.478974,163.0,Ohio,Hamilton,Cincinnati,INDUSTRIAL,SUBURBAN,Hamilton County Department Of Environmental Services,1969-11-01,,SEYMOUR & VINE ST.,45216.0,urban-periphery
390610040,Taft NCore PAMS,39.12886,-84.50404,256.0,Ohio,Hamilton,Cincinnati,COMMERCIAL,URBAN AND CENTER CITY,Hamilton County Department Of Environmental Services,1999-04-01,,250 WM. HOWARD TAFT,45219.0,urban-centre
390610042,Lower Price Hill,39.10492,-84.55117,167.0,Ohio,Hamilton,Cincinnati,RESIDENTIAL,URBAN AND CENTER CITY,Hamilton County Department Of Environmental Services,2000-10-03,,2101 W. 8TH ST.,45204.0,urban-centre
390610048,Cincinnati Near Road,39.146025,-84.538375,162.0,Ohio,Hamilton,Cincinnati,MOBILE,URBAN AND CENTER CITY,Hamilton County Department Of Environmental Services,2014-01-01,,3428 COLERAIN AVE.,45225.0,urban-centre
390619903,390619903,39.150042,-84.516585,207.32,Ohio,Hamilton,Cincinnati,RESIDENTIAL,URBAN AND CENTER CITY,Illinois State Water Survey,2005-04-28,,Unavailable,45220.0,urban-centre
390630005,Sunny Farms West,41.093169,-83.423448,245.364,Ohio,Hancock,Fostoria,AGRICULTURAL,RURAL,Ohio EPA Central Office,2020-12-23,,23921 Twp Rd 214,44830.0,rural
390810017,Steubenville,40.3663,-80.6158,222.0,Ohio,Jefferson,Steubenville,RESIDENTIAL,URBAN AND CENTER CITY,"Ohio EPA, Southeast District Office",2003-11-01,,618 LOGAN ST.,43952.0,urban-centre
390830003,Centerburg WWTP,40.27886,-82.679563,355.0,Ohio,Knox,Centerburg,AGRICULTURAL,RURAL,"Ohio EPA, Central District Office",2018-03-01,,4625 LOCK RD.,43011.0,rural
390850003,Eastlake,41.673006,-81.422455,187.5,Ohio,Lake,Eastlake,RESIDENTIAL,SUBURBAN,Lake County Health Department Division Air Pollution Control,1985-01-01,,36010 LAKESHORE,44095.0,urban-periphery
390850007,Painesville,41.726811,-81.242156,203.0,Ohio,Lake,Painesville,COMMERCIAL,URBAN AND CENTER CITY,Lake County Health Department Division Air Pollution Control,2009-01-01,,177 MAIN STREET,44077.0,urban-centre
390870011,Wilgus,38.62901,-82.45886,195.0,Ohio,Lawrence,Not in a City,FOREST,RURAL,Portsmouth City Health Dept Division Air Pollution Control,1995-04-01,,"S.R. 141, WILGUS",45696.0,rural
390870012,ODOT Ironton,38.508075,-82.659241,163.0,Ohio,Lawrence,Ironton,RESIDENTIAL,SUBURBAN,Portsmouth City Health Dept Division Air Pollution Control,2008-02-11,,450 Commerce Drive,45638.0,urban-periphery
390875503,Whitwell Elementary School,38.51814,-82.66877,0.0,Ohio,Lawrence,Ironton,COMMERCIAL,URBAN AND CENTER CITY,US EPA/OAQPS,2009-07-24,,2220 S 5th St,45638.0,urban-centre
390890005,Heath,40.026037,-82.432996,260.0,Ohio,Licking,Heath (Fourmile Lock),COMMERCIAL,SUBURBAN,"Ohio EPA, Central District Office",1991-04-01,,310 LICKING VIEW DR.,43056.0,urban-periphery
390890008,Reynoldsburg,39.954457,-82.75892,311.0,Ohio,Licking,Reynoldsburg,RESIDENTIAL,SUBURBAN,"Ohio EPA, Central District Office",2018-03-01,,8955 EAST MAIN ST.,43068.0,urban-periphery
390930018,Sheffield,41.420882,-82.095729,205.0,Ohio,Lorain,Sheffield,COMMERCIAL,SUBURBAN,"Ohio EPA, Northeast District Office",2005-04-01,,4706 DETROIT RD.,44035.0,urban-periphery
390950008,Collins Park WTP,41.6637,-83.4725,188.0,Ohio,Lucas,Toledo,INDUSTRIAL,URBAN AND CENTER CITY,"City of Toledo, Environmental Services Division",1977-01-14,,3040 YORK ST.,43605.0,urban-centre
390950024,Erie,41.644067,-83.54616,176.0,Ohio,Lucas,Toledo,COMMERCIAL,URBAN AND CENTER CITY,"City of Toledo, Environmental Services Division",1998-04-01,,348 S. ERIE,43604.0,urban-centre
390950026,RAPS,41.62057,-83.64226,190.0,Ohio,Lucas,Toledo,RESIDENTIAL,SUBURBAN,"City of Toledo, Environmental Services Division",1999-05-29,,4150 AIRPORT HIGHWAY,43615.0,urban-periphery
390950027,Waterville,41.4942,-83.718949,187.0,Ohio,Lucas,Waterville,RESIDENTIAL,SUBURBAN,"City of Toledo, Environmental Services Division",1999-03-01,,200 SOUTH RIVER RD.,43566.0,urban-periphery
390950035,Cooley,41.669001,-83.28717,175.0,Ohio,Lucas,Not in a City,AGRICULTURAL,RURAL,Central Ohio PQAO,2016-08-18,,"10739 CORDUROY RD., CURTICE, OHIO",43412.0,rural
390950081,Friendship Park,41.719483,-83.47515,183.0,Ohio,Lucas,Toledo,RESIDENTIAL,SUBURBAN,"City of Toledo, Environmental Services Division",1971-06-14,,2930 131ST ST.,43611.0,urban-periphery
390951003,Eastside Pump St,41.679867,-83.4785,177.0,Ohio,Lucas,Toledo,INDUSTRIAL,URBAN AND CENTER CITY,"City of Toledo, Environmental Services Division",1965-01-01,,163 LEE ST.,43605.0,urban-centre
390970007,London,39.78819,-83.47606,331.0,Ohio,Madison,Not in a City,AGRICULTURAL,RURAL,"Ohio EPA, Central District Office",1993-04-01,,9940 SR 38 SW,43140.0,rural
390990015,Youngstown State,41.106182,-80.640576,267.6,Ohio,Mahoning,Youngstown,COMMERCIAL,URBAN AND CENTER CITY,Ohio EPA Central Office,2021-10-13,,91 Wick Oval Street,44502.0,urban-centre
391010005,Marion Fairgrounds,40.59995,-83.13681,299.0,Ohio,Marion,Marion,INDUSTRIAL,SUBURBAN,"Ohio EPA, Northwest District Office",2010-01-01,,363 WEST FAIRGROUND AVE.,43302.0,urban-periphery
391030004,Chippewa,41.0604,-81.9239,322.0,Ohio,Medina,Not in a City,AGRICULTURAL,RURAL,Akron Regional Air Pollution Control Agency,2009-08-01,,BALLASH ROAD,44256.0,rural
391090005,Miami East HS,40.08502,-84.113808,301.0,Ohio,Miami,Casstown,AGRICULTURAL,RURAL,Dayton Regional Air Pollution Control Agency,1993-04-01,,3825 NORTH S. R. 589,45312.0,rural
391130037,Eastwood,39.785644,-84.134412,243.0,Ohio,Montgomery,Dayton,RESIDENTIAL,SUBURBAN,Dayton Regional Air Pollution Control Agency,2008-05-01,,1401 Harshman Road,45404.0,urban-periphery
391130038,Sinclair,39.755969,-84.198674,220.0,Ohio,Montgomery,Dayton,COMMERCIAL,URBAN AND CENTER CITY,Dayton Regional Air Pollution Control Agency,2014-10-01,,113 Saint Mary Street,45402.0,urban-centre
391150004,Hackney,39.63223,-81.67005,303.0,Ohio,Morgan,Not in a City,AGRICULTURAL,RURAL,"Ohio EPA, Southeast District Office",2006-01-12,,S.R. 83,45715.0,rural
391218001,Quaker City,39.940029,-81.3387,0.0,Ohio,Noble,Not in a City,RESIDENTIAL,RURAL,US EPA National Exposure Research Lab,1994-04-01,,ST JOHNS ROAD QUAKER CITY,43773.0,rural
391219000,391219000,39.942829,-81.337611,366.0,Ohio,Noble,Not in a City,FOREST,RURAL,National Park Service,2001-01-01,,Quaker City,43773.0,rural
391219991,Quaker City,39.9428,-81.3373,372.0,Ohio,Noble,Not in a City,FOREST,RURAL,USEPA - Clean Air and Power Division,1993-09-10,,"58163 St. Johns Rd, Quaker City, OH 43773",43773.0,rural
391230006,BW Site 3 Villhauer,41.479182,-83.220425,183.0,Ohio,Ottawa,Not in a City,AGRICULTURAL,RURAL,Brush-Wellman,1993-01-01,,2517 ST. RT. 590,43416.0,rural
391230007,BW Site 8 Willet,41.486126,-83.20209,182.0,Ohio,Ottawa,Not in a City,AGRICULTURAL,RURAL,Brush-Wellman,1984-12-01,,2124 S. SLEMMER PORTAGE RD.,43449.0,rural
391230008,BW Site 9 Bitters,41.496126,-83.190701,181.0,Ohio,Ottawa,Not in a City,AGRICULTURAL,RURAL,Brush-Wellman,1993-01-01,,1338 S. PORTAGE RIVER RD.,43449.0,rural
391230009,BW Site 11 Dehring,41.539182,-83.212091,183.0,Ohio,Ottawa,Not in a City,AGRICULTURAL,RURAL,Brush-Wellman,1993-01-01,,14405 WEST TRUE RD.,43449.0,rural
391230010,BW Site 12 Shaw,41.492515,-83.231258,180.0,Ohio,Ottawa,Not in a City,AGRICULTURAL,RURAL,Brush-Wellman,1993-01-01,,15473 W. ST. RT. 105,43416.0,rural
391230011,BW Site 19 Paule,41.493111,-83.223111,182.0,Ohio,Ottawa,Not in a City,AGRICULTURAL,RURAL,Brush-Wellman,1993-01-01,,14850 ST. RT. 105,43416.0,rural
391230012,BW Site 13 Rays,41.495848,-83.206812,177.0,Ohio,Ottawa,Not in a City,AGRICULTURAL,RURAL,Brush-Wellman,1993-01-01,,14244 W. ST RT. 105,43449.0,rural
391230013,BW Site 15 Peters,41.496959,-83.20209,178.0,Ohio,Ottawa,Not in a City,AGRICULTURAL,RURAL,Brush-Wellman,1993-01-01,,14028 W. ST. RT. 105,43449.0,rural
391230014,BW Site 18 Goetz,41.494737,-83.214313,183.0,Ohio,Ottawa,Not in a City,AGRICULTURAL,RURAL,Brush-Wellman,1993-01-01,,14681 W. ST. RT. 105,43449.0,rural
391230015,OSU Stone Lab,41.5848,-82.8374,173.0,Ohio,Ottawa,Not in a City,AGRICULTURAL,RURAL,Ohio EPA Central Office,2012-01-01,,360 WEST SHORE BLVD.,43452.0,rural
391298001,391298001,39.632669,-83.256753,265.0,Ohio,Pickaway,Not in a City,FOREST,RURAL,US EPA National Exposure Research Lab,1988-10-01,,DEER CREEK STATE,43143.0,rural
391331001,Lake Rockwell,41.182466,-81.330486,328.0,Ohio,Portage,Not in a City,AGRICULTURAL,RURAL,Akron Regional Air Pollution Control Agency,1978-06-01,,1570 RAVENNA RD.,44266.0,rural
391351001,Preble NCore,39.83562,-84.720524,357.0,Ohio,Preble,New Paris,AGRICULTURAL,RURAL,Dayton Regional Air Pollution Control Agency,1976-01-01,,6940 OXFORD GETTYSBURG RD.,45347.0,rural
391450013,Portsmouth WTP,38.754599,-82.91701,174.0,Ohio,Scioto,Portsmouth,BLIGHTED AREAS,SUBURBAN,Portsmouth City Health Dept Division Air Pollution Control,1985-01-01,,4862 GALLIA,45662.0,urban-periphery
391450015,East Haverhill,38.59246,-82.80677,169.2,Ohio,Scioto,Portsmouth,COMMERCIAL,RURAL,Ohio EPA Central Office,2020-09-04,,1526 Haverhill-Ohio Furnace Rd.,45638.0,rural
391450019,PCAB,38.735056,-82.998726,169.0,Ohio,Scioto,Portsmouth,COMMERCIAL,URBAN AND CENTER CITY,Portsmouth City Health Dept Division Air Pollution Control,2001-08-29,,605 WASHINGTON,45662.0,urban-centre
391450020,Back Road,38.609338,-82.822512,198.0,Ohio,Scioto,Franklin Furnace,FOREST,RURAL,"URSCorp, TX",2004-11-20,,2840 BACK RD.,45629.0,rural
391450021,Gallia Pike North,38.600611,-82.829782,166.0,Ohio,Scioto,Franklin Furnace,INDUSTRIAL,RURAL,"URSCorp, TX",2004-11-20,,2446 GALLIA PIKE,45629.0,rural
391450022,Gallia Pike South,38.588034,-82.834973,167.0,Ohio,Scioto,Franklin Furnace,INDUSTRIAL,RURAL,"URSCorp, TX",2004-11-20,,1740 GALLIA PIKE,45629.0,rural
391510016,Malone Univ,40.82812,-81.3785,368.8,Ohio,Stark,Canton,RESIDENTIAL,SUBURBAN,Canton City Health Department Air Pollution Control,1981-01-01,,515 25TH. ST.,44709.0,urban-periphery
391510017,Canton Fire St8,40.786804,-81.394153,317.0,Ohio,Stark,Canton,INDUSTRIAL,URBAN AND CENTER CITY,Canton City Health Department Air Pollution Control,1985-09-04,,1330 DUEBER,44706.0,urban-centre
391510020,Canton,40.800717,-81.373,318.0,Ohio,Stark,Canton,COMMERCIAL,URBAN AND CENTER CITY,Canton City Health Department Air Pollution Control,1993-01-27,,420 MARKET,44702.0,urban-centre
391510022,Brewster,40.712703,-81.598078,298.0,Ohio,Stark,Brewster,RESIDENTIAL,RURAL,Canton City Health Department Air Pollution Control,2007-06-29,,"45 S. WABASH AVENUE, S.R 93",44613.0,rural
391510024,Republic Steel,40.80032,-81.33137,320.0,Ohio,Stark,Canton,INDUSTRIAL,SUBURBAN,Canton City Health Department Air Pollution Control,2017-06-06,,"3150 Georgetown Rd., NE",44704.0,urban-periphery
391510025,Republic Community,40.799492,-81.335816,330.7,Ohio,Stark,Canton,RESIDENTIAL,SUBURBAN,Canton City Health Department Air Pollution Control,2022-04-06,,719 Marietta Ave. NE,44704.0,urban-periphery
391514005,Alliance,40.93133,-81.123519,330.0,Ohio,Stark,Alliance,RESIDENTIAL,SUBURBAN,Canton City Health Department Air Pollution Control,1991-05-30,,1175 WEST VINE,44601.0,urban-periphery
391530017,East HS,41.063526,-81.468956,310.0,Ohio,Summit,Akron,INDUSTRIAL,SUBURBAN,Akron Regional Air Pollution Control Agency,1978-10-01,,80 BRITTAIN,44305.0,urban-periphery
391530023,Five Points,41.087862,-81.541532,326.0,Ohio,Summit,Akron,COMMERCIAL,URBAN AND CENTER CITY,Akron Regional Air Pollution Control Agency,1999-01-01,,642 W. EXCHANGE ST.,44320.0,urban-centre
391530026,North HS,41.103028,-81.496253,317.0,Ohio,Summit,Akron,COMMERCIAL,URBAN AND CENTER CITY,Ohio EPA Central Office,2021-03-18,,985 Gorge Blvd.,,urban-centre
391550006,Warren WWTP,41.20222,-80.810584,265.2,Ohio,Trumbull,Warren,INDUSTRIAL,SUBURBAN,"Ohio EPA, Northeast District Office",1990-09-01,,2323 MAIN AVE.,44484.0,urban-periphery
391550011,TCSE,41.240453,-80.66272,356.6,Ohio,Trumbull,Not in a City,RESIDENTIAL,RURAL,"Ohio EPA, Northeast District Office",2002-04-01,,842 YOUNGSTOWN-KINGSVILLE RD.,44473.0,rural
391550013,Kinsman Maintenance,41.454568,-80.589528,295.6,Ohio,Trumbull,Not in a City,AGRICULTURAL,RURAL,"Ohio EPA, Northeast District Office",2015-04-01,,6380 S.R. 87. KINSMAN,44428.0,rural
391550014,Laird Eng Bldg,41.23172,-80.80116,277.0,Ohio,Trumbull,Warren,RESIDENTIAL,URBAN AND CENTER CITY,"Ohio EPA, Northeast District Office",2016-01-01,,540 LAIRD AVE. S.E.,44483.0,urban-centre
391550015,Girard WWTP,41.145672,-80.693682,278.9,Ohio,Trumbull,Girard,INDUSTRIAL,SUBURBAN,Ohio EPA Central Office,2023-06-01,,945 South State Street,44420.0,urban-periphery
391555504,Life Skills of Trumbull County - Academy of Arts and Humanities*,41.235061,-80.812667,0.0,Ohio,Trumbull,Warren,COMMERCIAL,URBAN AND CENTER CITY,US EPA/OAQPS,2009-08-05,,458 Franklin St SE / 261 Elm Road,44483.0,urban-centre
391557017,Airport temperature data for EPA PM25 alignment,41.25479,-80.6736,361.0,Ohio,Trumbull,Not in a City,COMMERCIAL,SUBURBAN,Pennsylvania Department Of Environmental Protection,2017-01-01,,"1453 Youngstown-Kingsville Rd NE Vienna, OH",44473.0,urban-periphery
391650007,Lebanon,39.42689,-84.20077,234.0,Ohio,Warren,Lebanon,RESIDENTIAL,SUBURBAN,Hamilton County Department Of Environmental Services,2003-05-14,,430 S EAST ST.,45036.0,urban-periphery
391670004,Marietta WTP,39.432117,-81.460443,248.0,Ohio,Washington,Marietta,INDUSTRIAL,URBAN AND CENTER CITY,"Ohio EPA, Southeast District Office",1990-06-05,,2000 4TH STREET,45750.0,urban-centre
391670008,Washington Career,39.43147,-81.50131,270.0,Ohio,Washington,Marietta,RESIDENTIAL,SUBURBAN,"Ohio EPA, Southeast District Office",1999-06-01,,S.R. 676  WASHINGTON CAREER CENTER,45750.0,urban-periphery
391670011,Globe,39.58427,-81.67015,640.0,Ohio,Washington,Beverly,RESIDENTIAL,RURAL,Ohio EPA Central Office,2021-01-01,,22275 State Route 60,45715.0,rural
391675506,Warren Elementary School,39.39396,-81.55513,0.0,Ohio,Washington,Not in a City,COMMERCIAL,URBAN AND CENTER CITY,US EPA/OAQPS,2009-08-07,,16855 State Route 550,45750.0,urban-centre
391730003,Bowling Green,41.377685,-83.611104,204.0,Ohio,Wood,Bowling Green,AGRICULTURAL,SUBURBAN,"Ohio EPA, Northwest District Office",1997-04-01,,347 N DUNBRIDGE,43402.0,urban-periphery
400019009,STILWELL,35.750735,-94.669697,300.2219,Oklahoma,Adair,Cherry Tree,AGRICULTURAL,RURAL,"Cherokee Nation, Oklahoma",2002-04-01,,"South Highway 59, RR1, 1795 Dahlonegah Park Road, Stilwell, Oklahoma",74960.0,rural
400019022,400019022,36.089574,-94.689663,345.755,Oklahoma,Adair,Not in a City,AGRICULTURAL,RURAL,"Cherokee Nation, Oklahoma",2012-12-17,,"Rt.1 Box 1189, Watts, Oklahoma 74964",74964.0,rural
400019901,400019901,35.800085,-94.616891,289.63,Oklahoma,Adair,Not in a city,AGRICULTURAL,RURAL,Illinois State Water Survey,2003-11-01,,Unavailable,,rural
400150001,400150001,34.929097,-98.356917,395.0,Oklahoma,Caddo,Apache,COMMERCIAL,RURAL,Fort Sill Apache Tribe,2018-10-01,,43187 US Hwy 281,73006.0,rural
400159008,ANADARKO PM2.5,35.111944,-98.252778,420.0,Oklahoma,Caddo,Anadarko,AGRICULTURAL,RURAL,"Delaware Nation, OK",1999-11-01,,WESTERN DELAWARE TRIBAL COMPLEX,,rural
400170101,YUKON,35.479215,-97.751503,422.21,Oklahoma,Canadian,Yukon,COMMERCIAL,SUBURBAN,Oklahoma Dept. Of Environmental Quality Air Quality Division,2001-10-08,,12575 NW 10TH (WATER TOWER),73099.0,urban-periphery
400179001,"CHEYENNE-ARAPAHOE TRIBAL COMPLEX, CONCHO",35.613044,-97.99325,430.0,Oklahoma,Canadian,Not in a City,RESIDENTIAL,RURAL,"Delaware Nation, OK",1999-07-01,,"CHEYENNE-ARAPAHO TRIBAL COMPLEX, CONCHO",,rural
400190295,RELOCATED FROM SITE 400190294 WHICH BURNED IN NOV. 99,34.166667,-97.126389,0.0,Oklahoma,Carter,Ardmore,RESIDENTIAL,URBAN AND CENTER CITY,Oklahoma Dept. Of Environmental Quality Air Quality Division,1999-12-13,,CARTER & 4TH STREET,,urban-centre
400190297,HEALDTON,34.244189,-97.462931,289.66,Oklahoma,Carter,Healdton,AGRICULTURAL,RURAL,Oklahoma Dept. Of Environmental Quality Air Quality Division,2003-04-09,,"Memorial Dr, Healdton City Lake",73438.0,rural
400232017,400232017,34.153,-95.3213,3.0,Oklahoma,Choctaw,Hugo,AGRICULTURAL,RURAL,Choctaw Nation of Oklahoma,2017-03-01,,"863 N 4210 Rd. Hugo, OK 74743",74743.0,rural
400270049,MOORE,35.320105,-97.484099,372.36,Oklahoma,Cleveland,Moore,RESIDENTIAL,SUBURBAN,Oklahoma Dept. Of Environmental Quality Air Quality Division,1988-07-01,, S. E. 19TH STREET,73160.0,urban-periphery
400310651,LAWTON,34.63298,-98.42879,362.027,Oklahoma,Comanche,Lawton,RESIDENTIAL,SUBURBAN,Oklahoma Dept. Of Environmental Quality Air Quality Division,2008-01-01,,"2211 NW 25  Lawton, Oklahoma  73502  (LPS: Prof. Dev. Center)",73505.0,urban-periphery
400319000,Wichita Mountains,34.732404,-98.713351,509.0,Oklahoma,Comanche,Not in a City,FOREST,RURAL,National Park Service,2001-01-01,,Wichita Mountains,67.0,rural
400330680,WALTERS,34.346981,-98.307621,307.109,Oklahoma,Cotton,Walters,RESIDENTIAL,RURAL,Oklahoma Dept. Of Environmental Quality Air Quality Division,2003-04-01,,3RD STREET AND BOUNDARY,73572.0,rural
400370144,MANNFORD,36.105481,-96.361196,239.047,Oklahoma,Creek,Mannford,COMMERCIAL,RURAL,Oklahoma Dept. Of Environmental Quality Air Quality Division,2003-04-11,,MANNFORD WATER PLANT,74044.0,rural
400430860,SEILING,36.158414,-98.931973,532.9,Oklahoma,Dewey,Seiling,AGRICULTURAL,RURAL,Oklahoma Dept. Of Environmental Quality Air Quality Division,2002-07-18,,SEILING MUNICIPAL AIRPORT,73663.0,rural
400450890,400450890,36.085552,-99.935774,706.82,Oklahoma,Ellis,Not in a city,DESERT,RURAL,Oklahoma Dept. Of Environmental Quality Air Quality Division,2002-01-01,,,,rural
400470554,WEATHER STATION - MESONET NETWORK - LAHOMA STATION,36.420311,-97.88728,0.0,Oklahoma,Garfield,Enid,RESIDENTIAL,SUBURBAN,Oklahoma Dept. Of Environmental Quality Air Quality Division,1998-01-28,,702 W. WILLOW,,urban-periphery
400470555,Kremlin,36.512363,-97.845959,1.0,Oklahoma,Garfield,Enid,INDUSTRIAL,RURAL,Oklahoma Dept. Of Environmental Quality Air Quality Division,2017-01-01,,"11826 N 30th St, Kremlin, OK 73753",73753.0,rural
400539000,Southern Great Plains,36.61,-97.49,314.0,Oklahoma,Grant,Not in a City,AGRICULTURAL,RURAL,"Department of Energy & Environment, District of Columbia",2019-10-01,,109596 Coal Road,74643.0,rural
400670670,TERRAL- RED RIVER STUDY,33.892302,-97.857165,268.06,Oklahoma,Jefferson,Not in a City,AGRICULTURAL,RURAL,Oklahoma Dept. Of Environmental Quality Air Quality Division,1999-05-05,,"5 MI. E.,1/4 MI. S. OF TERRAL ON APACHE",73565.0,rural
400670671,WAURIKA,34.226639,-98.03544,307.542,Oklahoma,Jefferson,Waurika,AGRICULTURAL,RURAL,Oklahoma Dept. Of Environmental Quality Air Quality Division,2001-05-03,,LAKE WAURIKA CORP. OF ENG. OFFICE,73573.0,rural
400690324,Tishomingo,34.214818,-96.676936,1.0,Oklahoma,Johnston,Tishomingo,RESIDENTIAL,RURAL,Oklahoma Dept. Of Environmental Quality Air Quality Division,2015-02-26,,"Murry State College, Tishomingo OK 73460",73460.0,rural
400710604,Ponca City,36.697186,-97.08135,300.0,Oklahoma,Kay,Ponca City,INDUSTRIAL,URBAN AND CENTER CITY,Oklahoma Dept. Of Environmental Quality Air Quality Division,2011-12-01,,306 E Otoe,74601.0,urban-centre
400719030,Kanza Travel Plaza,36.939969,-97.345,324.3,Oklahoma,Kay,Not in a City,COMMERCIAL,RURAL,US EPA - Region 6,2012-02-01,,9695 U.S. 177,74632.0,rural
400750711,Great Plains State Park (Kiowa County),34.745832,-98.967698,1.0,Oklahoma,Kiowa,Not in a City,AGRICULTURAL,RURAL,Oklahoma Dept. Of Environmental Quality Air Quality Division,2021-02-22,,"22487 N 2250 Rd, Mountain Park, OK, 73559",,rural
400790467,400790467,35.186278,-94.786643,1.0,Oklahoma,Le Flore,Not in a City,INDUSTRIAL,RURAL,Oklahoma Dept. Of Environmental Quality Air Quality Division,2018-09-17,,"29903 Main St. Bokoshe, OK 74930",74930.0,rural
400819005,"SAC AND FOX NATION, STROUD",35.6725,-96.657222,265.0,Oklahoma,Lincoln,Stroud,RESIDENTIAL,RURAL,"Sac and Fox Nation, OK",1999-11-01,,"SAC & FOX NATION TRIBAL COMPLEX, STROUD",,rural
400819024,400819024,35.91342,-97.02482,299.0,Oklahoma,Lincoln,Not in a City,AGRICULTURAL,RURAL,"Cherokee Nation, Oklahoma",2014-01-09,,"Located 4 miles south of Perkins, OK on E0760 Road south of the Iowa Tribe Bah-Kho-Je Pow Wow Grounds",74875.0,rural
400850300,BURNEYVILLE,33.880812,-97.275896,227.53,Oklahoma,Love,Not in a City,AGRICULTURAL,RURAL,Oklahoma Dept. Of Environmental Quality Air Quality Division,1999-03-01,,NOBLE FOUNDATION-RED RIVER RESEARCH FARM,73430.0,rural
400871074,Kessler (McClain County),34.984686,-97.522753,1.0,Oklahoma,McClain,Washington,AGRICULTURAL,RURAL,Oklahoma Dept. Of Environmental Quality Air Quality Division,2021-05-05,,18388 190th Street,,rural
400892001,Smithville Site,34.477,-94.656,241.53,Oklahoma,McCurtain,Smithville,FOREST,RURAL,Choctaw Nation of Oklahoma,2010-02-01,,HC 15 Box 72,74957.0,rural
400970187,400970187,36.292941,-95.303409,195.05,Oklahoma,Mayes,Pryor Creek (corporate name for Pryor),INDUSTRIAL,SUBURBAN,Oklahoma Dept. Of Environmental Quality Air Quality Division,2008-10-01,,"1115 SE 9th Street, Pryor OK",74361.0,urban-periphery
400979014,CHEROKEE HEIGHTS,36.228408,-95.249943,190.0,Oklahoma,Mayes,Not in a City,AGRICULTURAL,RURAL,"Cherokee Nation, Oklahoma",2003-12-12,,CHEROKEE HEIGHTS DRIVE,74361.0,rural
401010161,401010161,35.768333,-95.293889,519.0,Oklahoma,Muskogee,Not in a City,INDUSTRIAL,SUBURBAN,Oklahoma Dept. Of Environmental Quality Air Quality Division,2009-04-01,,"Muskogee City-County Port Authority, 5201 Three Forks Rd, Fort Gibson, OK 74434",74403.0,urban-periphery
401050207,Oklahoma Union (Nowata County),36.91841,-95.632286,225.584,Oklahoma,Nowata,South Coffeyville,AGRICULTURAL,RURAL,Oklahoma Dept. Of Environmental Quality Air Quality Division,2018-01-09,,Oklahoma Union School,74042.0,rural
401090035,CENTRAL FIRE STATION,35.47292,-97.52709,369.92,Oklahoma,Oklahoma,Oklahoma City,RESIDENTIAL,URBAN AND CENTER CITY,Oklahoma Dept. Of Environmental Quality Air Quality Division,1978-01-01,,"N.W. 5TH AND SHARTEL, OKLAHOMA CITY",73106.0,urban-centre
401090041,401090041,35.437641,-97.387254,384.675,Oklahoma,Oklahoma,Midwest City,COMMERCIAL,URBAN AND CENTER CITY,Oklahoma Dept. Of Environmental Quality Air Quality Division,2009-05-01,,2712 South Midwest Blvd.,73110.0,urban-centre
401090042,ADOK,35.380316,-97.40572,385.0,Oklahoma,Oklahoma,Oklahoma City,COMMERCIAL,URBAN AND CENTER CITY,Oklahoma Dept. Of Environmental Quality Air Quality Division,2011-12-01,,8900 S. Air Depot,73135.0,urban-centre
401090096,CHOCTAW,35.477801,-97.303044,374.76,Oklahoma,Oklahoma,Choctaw,RESIDENTIAL,SUBURBAN,Oklahoma Dept. Of Environmental Quality Air Quality Division,2001-10-01,,12880 A NE 10TH,73020.0,urban-periphery
401090097,OKC Near Road,35.50307,-97.577981,1.0,Oklahoma,Oklahoma,Oklahoma City,COMMERCIAL,URBAN AND CENTER CITY,Oklahoma Dept. Of Environmental Quality Air Quality Division,2015-03-30,,3112 N. Grand BLVD,73107.0,urban-centre
401091037,OKC NORTH,35.614131,-97.475083,353.84,Oklahoma,Oklahoma,Oklahoma City,RESIDENTIAL,SUBURBAN,Oklahoma Dept. Of Environmental Quality Air Quality Division,1978-01-01,,2501 E. Memorial Rd.  (OKLAHOMA CHRISTIAN UNIVERSITY),73013.0,urban-periphery
401130226,Skiatook,36.35586,-96.01243,201.0,Oklahoma,Osage,Skiatook,COMMERCIAL,SUBURBAN,Oklahoma Dept. Of Environmental Quality Air Quality Division,2016-06-03,,1521 S. Lombard,74070.0,urban-periphery
401130501,OG&E BUILDING,36.161745,-96.015784,214.835,Oklahoma,Osage,Tulsa,COMMERCIAL,URBAN AND CENTER CITY,Oklahoma Dept. Of Environmental Quality Air Quality Division,1996-12-15,,104 GILCREASE RD,74127.0,urban-centre
401139020,401139020,36.670259,-96.340313,261.3873,Oklahoma,Osage,Not in a City,RESIDENTIAL,SUBURBAN,"Cherokee Nation, Oklahoma",2010-01-13,,"From Main Street, take Mathews Ave north; after left curve, take first right. Follow unpaved access road NE to shelter.",74056.0,urban-periphery
401150522,401150522,36.926603,-94.873439,213.915258595386,Oklahoma,Ottawa,Commerce,RESIDENTIAL,URBAN AND CENTER CITY,Oklahoma Dept. Of Environmental Quality Air Quality Division,2023-05-06,,420 Doug Furnas Blvd,74339.0,urban-centre
401159004,QUAPAW SHELTER,36.922222,-94.838889,247.0,Oklahoma,Ottawa,Miami,RESIDENTIAL,RURAL,"Quapaw Tribe of Indians, OK",1999-07-01,,"QUAPAW TRIBE'S INDUSTRIAL PARK, MIAMI",74363.0,rural
401159005,401159005,36.9858,-94.8492,272.0,Oklahoma,Ottawa,Picher,RESIDENTIAL,RURAL,"Quapaw Tribe of Indians, OK",2003-10-01,,2151 SOUTH 570 ROAD,,rural
401159006,401159006,36.9846,-94.8249,274.0,Oklahoma,Ottawa,Picher,RESIDENTIAL,RURAL,"Quapaw Tribe of Indians, OK",2003-10-01,,723 EAST SECOND STREET,,rural
401159007,401159007,36.985702,-94.83931,273.0,Oklahoma,Ottawa,Picher,RESIDENTIAL,RURAL,"Quapaw Tribe of Indians, OK",2003-10-01,,713 West A Street,74360.0,rural
401159008,401159008,36.9716,-94.825,275.0,Oklahoma,Ottawa,Picher,RESIDENTIAL,RURAL,"Quapaw Tribe of Indians, OK",2003-10-01,,58251 EAST 30 ROAD,,rural
401179007,PAWNEE NATION,36.338056,-96.793611,283.0,Oklahoma,Pawnee,Not in a City,AGRICULTURAL,RURAL,Pawnee Nation of Oklahoma,1999-11-01,,PAWNEE NATION TRIBAL COMPLEX,,rural
401190615,CUOK,,,1.0,Oklahoma,Payne,Cushing,COMMERCIAL,RURAL,Oklahoma Dept. Of Environmental Quality Air Quality Division,2025-11-15,,"101 S Harmony Road, Cushing, OK 74023",,rural
401210415,McALESTER,34.885608,-95.78441,231.137,Oklahoma,Pittsburg,McAlester,INDUSTRIAL,RURAL,Oklahoma Dept. Of Environmental Quality Air Quality Division,1998-03-11,,104 AIRPORT ROAD,74501.0,rural
401210416,Savanna,34.833715,-95.842816,223.877,Oklahoma,Pittsburg,Savanna,MILITARY RESERVATION,RURAL,Oklahoma Dept. Of Environmental Quality Air Quality Division,2010-01-01,,117 Liberty St,74565.0,rural
401210417,Haywood Toxics,34.885332,-95.948901,1.0,Oklahoma,Pittsburg,Not in a City,RESIDENTIAL,RURAL,Oklahoma Dept. Of Environmental Quality Air Quality Division,2018-02-19,,"Southeast corner of Main Street & Maple Street Haywood, OK 74501",74501.0,rural
401259023,401259023,35.302864,-96.918326,305.0,Oklahoma,Pottawatomie,Not in a City,COMMERCIAL,SUBURBAN,Cherokee Nation/ITEC (consortium),2013-04-04,,"Located behind Environmental Office on Hardesty Road, Shawnee, OK",74801.0,urban-periphery
401311169,Tulsa Near Road,36.162903,-95.796838,1.0,Oklahoma,Rogers,Catoosa,COMMERCIAL,URBAN AND CENTER CITY,Oklahoma Dept. Of Environmental Quality Air Quality Division,2025-07-15,,"16200-U Skelly Dr, Tulsa, OK 74116",74116.0,urban-centre
401339006,SEMINOLE NATION,35.129722,-96.490556,256.0,Oklahoma,Seminole,Wewoka,RESIDENTIAL,RURAL,"Delaware Nation, OK",1999-11-01,,"SEMINOLE NATION TRIBAL COMPLEX, WEWOKA",,rural
401359015,MARBLE CITY SHELTER,35.581174,-94.830059,238.0,Oklahoma,Sequoyah,Marble City Community,RESIDENTIAL,RURAL,"Cherokee Nation, Oklahoma",2004-10-03,,APPROXIMATELY 1/2 MILE NORTHWEST OF MARBLE CITY ON N4610 ROAD,74962.0,rural
401359021,401359021,35.40814,-94.524413,136.8491,Oklahoma,Sequoyah,Roland,COMMERCIAL,SUBURBAN,"Cherokee Nation, Oklahoma",2010-06-10,,"207 Cherokee Boulevard, Roland, OK  74954",74954.0,urban-periphery
401430137,TULSA NORTH (SKIATOOK),36.357438,-95.999247,194.95,Oklahoma,Tulsa,Skiatook,RESIDENTIAL,SUBURBAN,Oklahoma Dept. Of Environmental Quality Air Quality Division,1978-01-01,,1100 SOUTH OSAGE DRIVE,74070.0,urban-periphery
401430172,EMMERSON SCHOOL,36.164528,-95.985479,217.66,Oklahoma,Tulsa,Tulsa,RESIDENTIAL,SUBURBAN,Oklahoma Dept. Of Environmental Quality Air Quality Division,2006-01-01,,"700 N. GREENWOOD, ON OSU AT TULSA CAMPUS- SEE COMMENTS",74106.0,urban-periphery
401430174,Glenpool,35.953708,-96.004975,223.01,Oklahoma,Tulsa,Glenpool,AGRICULTURAL,RURAL,Oklahoma Dept. Of Environmental Quality Air Quality Division,1979-01-01,,502 EAST 144TH. PL.,74033.0,rural
401430175,Tulsa Newblock,36.149877,-96.011664,194.79,Oklahoma,Tulsa,Tulsa,INDUSTRIAL,SUBURBAN,Oklahoma Dept. Of Environmental Quality Air Quality Division,1980-01-01,,1710 WEST CHARLES PAGE BOULEVARD,74127.0,urban-periphery
401430178,TULSA EAST,36.133802,-95.764537,199.13,Oklahoma,Tulsa,Tulsa,RESIDENTIAL,SUBURBAN,Oklahoma Dept. Of Environmental Quality Air Quality Division,2001-05-01,,18707 E. 21ST STREET,74108.0,urban-periphery
401430179,401430179,36.15483,-96.015845,214.026,Oklahoma,Tulsa,Tulsa,INDUSTRIAL,URBAN AND CENTER CITY,Oklahoma Dept. Of Environmental Quality Air Quality Division,2012-11-20,,"124 North Riverside Drive West, Tulsa OK  74127",74127.0,urban-centre
401430191,CINCINNATI,36.141697,-95.983793,210.2,Oklahoma,Tulsa,Tulsa,RESIDENTIAL,URBAN AND CENTER CITY,Oklahoma Dept. Of Environmental Quality Air Quality Division,1983-01-01,,"1413 S. CINCINNATI, TULSA, OK 74119",74119.0,urban-centre
401430235,Tulsa TCWD,36.126945,-95.998941,197.71,Oklahoma,Tulsa,Tulsa,INDUSTRIAL,URBAN AND CENTER CITY,Oklahoma Dept. Of Environmental Quality Air Quality Division,1995-07-20,,2443 SOUTH JACKSON AVENUE,74107.0,urban-centre
401431110,Turner Park,36.154384,-95.93795,221.43,Oklahoma,Tulsa,Tulsa,RESIDENTIAL,URBAN AND CENTER CITY,Oklahoma Dept. Of Environmental Quality Air Quality Division,2014-01-01,,445 S Jamestown Ave,74112.0,urban-centre
401431127,TULSA CENTRAL,36.204902,-95.976537,198.12,Oklahoma,Tulsa,Tulsa,RESIDENTIAL,URBAN AND CENTER CITY,Oklahoma Dept. Of Environmental Quality Air Quality Division,2000-07-10,,3520 1/2 N. PEORIA,74106.0,urban-centre
401470217,Copan,36.908115,-95.88235,1.0,Oklahoma,Washington,Copan,AGRICULTURAL,RURAL,Oklahoma Dept. Of Environmental Quality Air Quality Division,2016-03-11,,7740 N. 400 Rd,74022.0,rural
410010004,Baker City - US Forest Service (BFS),44.78822,-117.8446,1047.0,Oregon,Baker,Baker City,COMMERCIAL,SUBURBAN,Oregon Department Of Environmental Quality,2005-11-03,,3285 11th Street,97814.0,urban-periphery
410030013,Corvallis - Circle Boulevard (CCB),44.5884,-123.2673,71.0,Oregon,Benton,Corvallis,COMMERCIAL,SUBURBAN,Oregon Department Of Environmental Quality,1999-01-01,,1310 NW Circle Boulevard,97330.0,urban-periphery
410030014,Corvallis - EPA ORD Office (CEO),44.565803,-123.292706,74.0,Oregon,Benton,Corvallis,RESIDENTIAL,SUBURBAN,Oregon Department Of Environmental Quality,2020-10-22,,200 SW 35th Street,97333.0,urban-periphery
410050004,Carus - Spangler Road (SPR),45.25928,-122.588151,174.0,Oregon,Clackamas,Not in a City,AGRICULTURAL,RURAL,Oregon Department Of Environmental Quality,1975-10-01,,13458 Spangler Road,97045.0,rural
410050010,410050010,45.288616,-121.784861,1531.0,Oregon,Clackamas,Not in a City,FOREST,RURAL,National Park Service,2000-03-15,,Mount Hood,97028.0,rural
410050011,Estacada - Clackamas River Elementary (ECR),45.291413,-122.332626,158.0,Oregon,Clackamas,Estacada,RESIDENTIAL,SUBURBAN,Oregon Department Of Environmental Quality,2020-11-01,,301 NE 2nd Aveune,97023.0,urban-periphery
410050102,Government Camp - Multorpor/Ski Bowl (MUL),45.28845,-121.782775,1547.0,Oregon,Clackamas,Not in a City,FOREST,RURAL,Oregon Department Of Environmental Quality,1982-08-01,,31315 E Multorpor Road,97028.0,rural
410052003,Gladstone - Gladstone High School (GHS),45.385433,-122.596565,22.0,Oregon,Clackamas,Gladstone,RESIDENTIAL,SUBURBAN,Oregon Department Of Environmental Quality,2025-05-14,,18800 Portland Ave,97027.0,urban-periphery
410090004,Portland - Sauvie Island (SIS),45.768531,-122.7721,6.0,Oregon,Columbia,Not in a City,AGRICULTURAL,RURAL,Oregon Department Of Environmental Quality,1977-09-01,,31421 NW Reeder Road,97231.0,rural
410110003,Coos Bay - Marshfield High School (CBM),43.36269,-124.21882,6.0,Oregon,Coos,Coos Bay,RESIDENTIAL,URBAN AND CENTER CITY,Oregon Department Of Environmental Quality,2019-11-17,,972 Ingersoll Avenue,97420.0,urban-centre
410111036,CTCLUSI Radar Hill - OR,43.381944,-124.263889,83.0,Oregon,Coos,Coos Bay,RESIDENTIAL,RURAL,"Confederated Tribes of the Coos, Lower Umpqua and Siuslaw Indians of Oregon",2009-10-02,,1245 Fulton Ave,97420.0,rural
410130100,Prineville - Davidson Park (PDP),44.299787,-120.844773,873.0,Oregon,Crook,Prineville,RESIDENTIAL,URBAN AND CENTER CITY,Oregon Department Of Environmental Quality,2008-11-01,,251 SE Court Street,97754.0,urban-centre
410150002,Brookings - Coos Forest Protective Association (BCF),42.0547,-124.2769,49.0,Oregon,Curry,Brookings,RESIDENTIAL,SUBURBAN,Oregon Department Of Environmental Quality,2019-07-19,,415 Redwood Street,97415.0,urban-periphery
410170004,Sisters - US Forest Service (SFS),44.2921,-121.5555,975.0,Oregon,Deschutes,Sisters,RESIDENTIAL,SUBURBAN,Oregon Department Of Environmental Quality,2011-05-17,,201 N Pine Street,97759.0,urban-periphery
410170115,Bend - Ponderosa Elementary School (BPE),44.093619,-121.272518,1058.0,Oregon,Deschutes,Bend,RESIDENTIAL,SUBURBAN,Oregon Department Of Environmental Quality,2021-11-05,,3790 NE Purcell Street,97701.0,urban-periphery
410170116,Bend - Pine Ridge Elementary School (BPR),44.024283,-121.330964,1166.0,Oregon,Deschutes,Bend,RESIDENTIAL,SUBURBAN,Oregon Department Of Environmental Quality,2021-11-05,,19840 Hollygrape Street,97702.0,urban-periphery
410170117,Sunriver - Three Rivers School (SRE),43.868956,-121.434248,1284.0,Oregon,Deschutes,Not in a City,RESIDENTIAL,SUBURBAN,Oregon Department Of Environmental Quality,2021-11-05,,56900 Enterprise Drive,97707.0,urban-periphery
410170120,Bend - Pump Station (BPS),44.063916,-121.312554,1105.0,Oregon,Deschutes,Bend,RESIDENTIAL,URBAN AND CENTER CITY,Oregon Department Of Environmental Quality,2001-03-01,,35 NW Portland Street,97703.0,urban-centre
410170122,Bend - Deschutes County Road Department (BRD),44.021896,-121.260166,1135.0,Oregon,Deschutes,Bend,COMMERCIAL,SUBURBAN,Oregon Department Of Environmental Quality,2008-01-01,,61150 SE 27th Street,97702.0,urban-periphery
410170123,Bend - NE Eight Street and Emerson Avenue (BEE),44.0548,-121.2942,1114.0,Oregon,Deschutes,Bend,RESIDENTIAL,URBAN AND CENTER CITY,Oregon Department Of Environmental Quality,2020-07-01,,230 NE 6th Street,97702.0,urban-centre
410171001,Redmond - Redmond High School (RHS),44.274996,-121.190338,911.0,Oregon,Deschutes,Redmond,RESIDENTIAL,SUBURBAN,Oregon Department Of Environmental Quality,2019-10-08,,675 SW Rimrock Way,97756.0,urban-periphery
410172002,La Pine - Rural Fire Protection District  #103 (LFD),43.70376,-121.5273,1293.0,Oregon,Deschutes,La Pine,RESIDENTIAL,RURAL,Oregon Department Of Environmental Quality,2020-07-01,,15990 Burgess Road,97739.0,rural
410190005,Roseburg - Roseburg High School (RWH),43.217462,-123.354088,135.0,Oregon,Douglas,Roseburg,RESIDENTIAL,URBAN AND CENTER CITY,Oregon Department Of Environmental Quality,2024-06-14,,400 W Harvard Avenue,97471.0,urban-centre
410190006,Green - Green Elementary School (GES),43.149482,-123.382961,152.0,Oregon,Douglas,Green,RESIDENTIAL,SUBURBAN,Oregon Department Of Environmental Quality,2024-06-14,,4498 Carnes Road,97471.0,urban-periphery
410230002,John Day - Dayton Street (JDD),44.418,-118.9513,939.0,Oregon,Grant,John Day,RESIDENTIAL,SUBURBAN,Oregon Department Of Environmental Quality,2011-02-14,,230 NE Dayton Street,97845.0,urban-periphery
410250003,Burns - Washington Street (BWS),43.58925,-119.04872,1267.0,Oregon,Harney,Burns,RESIDENTIAL,URBAN AND CENTER CITY,Oregon Department Of Environmental Quality,2009-09-16,,458 E Washington Street,97720.0,urban-centre
410270001,Hood River - Westside Fire Department #2 (HRF),45.68513,-121.52739,171.0,Oregon,Hood River,Hood River,RESIDENTIAL,SUBURBAN,Oregon Department Of Environmental Quality,2020-08-14,,1185 Tucker Road,97031.0,urban-periphery
410290019,Shady Cove - Shady Cove Schools (SCS),42.623225,-122.810158,438.0,Oregon,Jackson,Shady Cove,RESIDENTIAL,SUBURBAN,Oregon Department Of Environmental Quality,2001-03-19,,37 Schoolhouse Lane,97539.0,urban-periphery
410290029,Medford - Jackson Park (MJP),42.3324,-122.8891,413.0,Oregon,Jackson,Medford,RESIDENTIAL,URBAN AND CENTER CITY,Oregon Department Of Environmental Quality,2023-07-20,,750 N Columbus Avenue,97501.0,urban-centre
410290201,Talent - Rapp Lane (TAL),42.229891,-122.7877,591.0,Oregon,Jackson,Not in a City,AGRICULTURAL,RURAL,Oregon Department Of Environmental Quality,1992-05-01,,7112 Rapp Lane,97540.0,rural
410290203,Ashland - Fire Department (AFD),42.1941,-122.7086,596.0,Oregon,Jackson,Ashland,RESIDENTIAL,SUBURBAN,Oregon Department Of Environmental Quality,2016-07-12,,455 Siskiyou Boulevard,97520.0,urban-periphery
410291001,White City - Dodge Road (background site),42.535958,-122.876155,433.0,Oregon,Jackson,Central Point,AGRICULTURAL,RURAL,Oregon Department Of Environmental Quality,1981-01-01,,"JACOBSEN RES/4035 DODGE RD, White City",,rural
410291002,Medford - Rossanly Drive and Moss Lane (MTV),42.341987,-122.9102,410.0,Oregon,Jackson,Not in a City,AGRICULTURAL,RURAL,Oregon Department Of Environmental Quality,1996-07-17,,1441 Rossanly Drive,97501.0,rural
410292131,Medford - Washington Elementary School,42.329292,-122.884207,439.0,Oregon,Jackson,Medford,RESIDENTIAL,SUBURBAN,Oregon Department Of Environmental Quality,1990-12-01,,"WASHINGTON SCHOOL/610 S PEACH ST, Medford",,urban-periphery
410292132,Medford - Berrydale Ave,42.3693,-122.387525,404.0,Oregon,Jackson,Medford,RESIDENTIAL,SUBURBAN,Oregon Department Of Environmental Quality,1990-12-07,,"FALLIN RESIDENCE/608 BERRYDALE, Medford",,urban-periphery
410294001,White City - Post Office (WPO),42.426705,-122.852272,398.0,Oregon,Jackson,Not in a City,INDUSTRIAL,SUBURBAN,Oregon Department Of Environmental Quality,1985-01-01,,"POST OFFICE/751 CRATER LAKE HWY, White City",97503.0,urban-periphery
410310007,Madras - Westside Elementary School (MWS),44.63062,-121.13165,873.0,Oregon,Jefferson,Madras,RESIDENTIAL,RURAL,Oregon Department Of Environmental Quality,2008-10-27,,410 SW 4th Street,97741.0,rural
410311002,410311002,44.763934,-121.271275,473.96,Oregon,Jefferson,Warm Springs,RESIDENTIAL,RURAL,Confederated Tribes of Warm Springs Reservation of Oregon,2007-03-27,,Family Resource Center (Ground Floor),97761.0,rural
410311034,Family Resource Center,44.763298,-121.270178,529.0,Oregon,Jefferson,Warm Springs,RESIDENTIAL,RURAL,Confederated Tribes of Warm Springs Reservation of Oregon,2004-05-26,,"Family Resource Center, 1144 Warm Springs St., Warm Springs, OR  97761",97761.0,rural
410330010,Cave Junction - Illinois Valley Airport (IVA),42.104278,-123.681083,420.5,Oregon,Josephine,Cave Junction,FOREST,RURAL,Oregon Department Of Environmental Quality,1999-03-01,,"ILLINOIS VALLEY AIRPORT, 30904 Redwood Hwy, Cave Junction, OR 97523",,rural
410330036,Cave Junction - US Forest Service (CJFS),42.1617,-123.64835,1337.0,Oregon,Josephine,Cave Junction,RESIDENTIAL,RURAL,Oregon Department Of Environmental Quality,2011-05-25,,26568 Redwood Highway,97523.0,rural
410330114,Grants Pass - Parkside Elementary School (GPP),42.434139,-123.348466,0.0,Oregon,Josephine,Grants Pass,RESIDENTIAL,SUBURBAN,Oregon Department Of Environmental Quality,2002-06-15,,735 SW Wagner Meadows Drive,97526.0,urban-periphery
410350004,Klamath Falls - Peterson Elementary School (KFP),42.190296,-121.731369,1244.0,Oregon,Klamath,Altamont,RESIDENTIAL,SUBURBAN,Oregon Department Of Environmental Quality,1985-01-20,,4856 Clinton Street,97603.0,urban-periphery
410351001,Crater Lake National Park - Crater Lake Rim (CLR),42.910942,-122.145116,2142.0,Oregon,Klamath,Not in a City,FOREST,RURAL,Oregon Department Of Environmental Quality,1984-07-01,,Rim Village Drive,97731.0,rural
410352040,Chiloquin - Duke Drive (CDD),42.541077,-121.921636,1308.0,Oregon,Klamath,Not in a City,RESIDENTIAL,RURAL,Oregon Department Of Environmental Quality,2019-08-01,,34941 Duke Drive,97624.0,rural
410358001,Crater Lake NP,42.909851,-122.140861,0.0,Oregon,Klamath,Not in a City,FOREST,RURAL,US EPA National Exposure Research Lab,1988-03-01,,CRATER LAKE NATIONAL PARK Lodge,,rural
410370001,Lakeview - Center and M Streets (LCM),42.189215,-120.353969,1448.0,Oregon,Lake,Lakeview,RESIDENTIAL,RURAL,Oregon Department Of Environmental Quality,1991-10-01,,5 S M Street,97630.0,rural
410390059,Eugene - Highway 99 (E99),44.067224,-123.141352,123.0,Oregon,Lane,Eugene,RESIDENTIAL,URBAN AND CENTER CITY,Lane Regional Air Pollution Authority,2011-07-01,,530 Pacific Highway N,97402.0,urban-centre
410390060,Eugene - Amazon Park (AMZ),44.026312,-123.083737,133.0,Oregon,Lane,Eugene,RESIDENTIAL,URBAN AND CENTER CITY,Lane Regional Air Pollution Authority,1985-01-01,,499 E 29th Avenue,97405.0,urban-centre
410390070,Three Sisters Wilderness,44.19982,-122.044547,885.0,Oregon,Lane,Not in a City,FOREST,RURAL,National Park Service,1993-07-24,,Three Sisters Wilderness,97413.0,rural
410390100,Florence - Oregon Department of Forestry (FDF),43.989644,-124.109192,17.0,Oregon,Lane,Florence,RESIDENTIAL,SUBURBAN,Lane Regional Air Pollution Authority,2008-04-18,,2660 Kingwood Street,97439.0,urban-periphery
410390101,Eugene - Wilkes Drive (EWD),44.1158,-123.1211,112.0,Oregon,Lane,Eugene,RESIDENTIAL,SUBURBAN,Lane Regional Air Pollution Authority,2009-01-01,,898 Wilkes Drive,97404.0,urban-periphery
410391007,Saginaw - Delight Valley School Road (SAG),43.8345,-123.0353,184.0,Oregon,Lane,Not in a City,AGRICULTURAL,RURAL,Lane Regional Air Pollution Authority,1985-01-01,,79980 Delight Valley School Road,97424.0,rural
410391009,Springfield - City Hall (SCH),44.046696,-123.017704,146.0,Oregon,Lane,Springfield,COMMERCIAL,URBAN AND CENTER CITY,Lane Regional Air Pollution Authority,1970-10-18,,"225 N 5th Street, Springfiled",97477.0,urban-centre
410391013,Springfield - Lane County Youth Farm (SYF),44.076365,-123.0369,134.0,Oregon,Lane,Springfield,RESIDENTIAL,URBAN AND CENTER CITY,Lane Regional Air Pollution Authority,2024-01-01,,705 Flamingo Avenue,97477.0,urban-centre
410392013,Oakridge - Willamette Activity Center (WAC),43.744352,-122.480487,341.0,Oregon,Lane,Oakridge,RESIDENTIAL,RURAL,Lane Regional Air Pollution Authority,1989-01-01,,47674 School Street,97463.0,rural
410399004,Cottage Grove - City Shops (CGC),43.799501,-123.053487,196.0,Oregon,Lane,Cottage Grove,COMMERCIAL,URBAN AND CENTER CITY,Oregon Department Of Environmental Quality,2008-01-01,,425 N 14th Street,97424.0,urban-centre
410410004,Toledo - Police Station (TPD),44.6244,-123.94006,4.0,Oregon,Lincoln,Toledo,COMMERCIAL,RURAL,Oregon Department Of Environmental Quality,2022-04-21,,250 NE Highway 20,97391.0,rural
410415501,Toledo Elementary School,44.614926,-123.923389,0.0,Oregon,Lincoln,Toledo,COMMERCIAL,URBAN AND CENTER CITY,US EPA/OAQPS,2009-07-28,,600 SE Sturdevant,97391.0,urban-centre
410430009,Albany - Calapooia Middle School (ACS),44.61569,-123.091457,72.0,Oregon,Linn,Albany,RESIDENTIAL,URBAN AND CENTER CITY,Oregon Department Of Environmental Quality,1999-10-25,,830 SE 24th Avenue,97322.0,urban-centre
410430010,Albany - Municipal Airport (AMA),44.636177,-123.061718,65.0,Oregon,Linn,Albany,COMMERCIAL,URBAN AND CENTER CITY,Oregon Department Of Environmental Quality,2024-05-16,,525 Aviation Way SE,97322.0,urban-centre
410430104,Mill City - Santiam High School (MCS),44.752092,-122.479672,253.0,Oregon,Linn,Mill City,RESIDENTIAL,RURAL,Oregon Department Of Environmental Quality,2016-06-15,,265 SW Evergreen Street,97360.0,rural
410432002,Sweet Home - Fire Department (SFD),44.3958,-122.7305,138.0,Oregon,Linn,Sweet Home,RESIDENTIAL,RURAL,Oregon Department Of Environmental Quality,2007-04-03,,1109 Long Street,97386.0,rural
410432003,Lyons - Mari-Lynn Elementary School (LMS),44.778743,-122.617048,202.0,Oregon,Linn,Lyons,RESIDENTIAL,RURAL,Oregon Department Of Environmental Quality,2014-07-01,,641 5th Street,97358.0,rural
410450001,Ontario - May Roberts Elementary School (OMR),44.0334,-116.9697,655.0,Oregon,Malheur,Ontario,RESIDENTIAL,RURAL,Oregon Department Of Environmental Quality,2020-08-01,,590 NW 8th Street,97914.0,rural
410470004,Turner - Cascade Junior High School (CJH),44.81029,-122.915085,102.0,Oregon,Marion,Turner,AGRICULTURAL,RURAL,Oregon Department Of Environmental Quality,1981-01-01,,10226 Marion Road,97392.0,rural
410470007,Silverton - N James Street and Western Avenue (SJW),45.014998,-122.790382,67.0,Oregon,Marion,Silverton,RESIDENTIAL,RURAL,Oregon Department Of Environmental Quality,2010-07-07,,447 N James Street,97381.0,rural
410470022,Salem - Chemeketa Community College (SCC),44.97643,-122.97647,55.0,Oregon,Marion,Salem,RESIDENTIAL,SUBURBAN,Oregon Department Of Environmental Quality,2022-03-24,,4000 Lancaster Drive NE,97305.0,urban-periphery
410470023,Woodburn - Chemeketa Community College (WCC),45.143141,-122.854708,56.0,Oregon,Marion,Woodburn,COMMERCIAL,URBAN AND CENTER CITY,Oregon Department Of Environmental Quality,2022-03-24,,120 E Lincoln Street,97071.0,urban-centre
410470041,Salem - Oregon State Hospital (SSH),44.943114,-123.005934,182.0,Oregon,Marion,Salem,RESIDENTIAL,URBAN AND CENTER CITY,Oregon Department Of Environmental Quality,2004-12-15,,2600 Center Street NE,97301.0,urban-centre
410470123,Detroit - US Forest Service (DFS),44.728314,-122.182756,501.0,Oregon,Marion,Detroit,FOREST,RURAL,Oregon Department Of Environmental Quality,2016-06-15,,44125 N Santiam Highway,97342.0,rural
410510003,Portland - Roosevelt High School (PRH),45.590049,-122.737682,45.0,Oregon,Multnomah,Portland,RESIDENTIAL,URBAN AND CENTER CITY,Oregon Department Of Environmental Quality,1966-01-01,,6941 N Central Avenue,97203.0,urban-centre
410510031,Gresham - Centennial High School (GCH),45.49623,-122.48337,81.0,Oregon,Multnomah,Gresham,RESIDENTIAL,SUBURBAN,Oregon Department Of Environmental Quality,2020-07-01,,30505 SE 182nd Avenue,97236.0,urban-periphery
410510032,Portland - Lane Middle School (PLM),45.471296,-122.60147,77.0,Oregon,Multnomah,Portland,RESIDENTIAL,SUBURBAN,Oregon Department Of Environmental Quality,2021-03-03,,7200 SE 60th Avenue,97206.0,urban-periphery
410510033,Portland - Benson Polytechnic High School (PBH),45.5273,-122.65123,40.0,Oregon,Multnomah,Portland,RESIDENTIAL,URBAN AND CENTER CITY,Oregon Department Of Environmental Quality,2021-03-17,,546 NE 12th Avenue,97232.0,urban-centre
410510034,Portland - Lincoln High School (PLH),45.519378,-122.691012,38.0,Oregon,Multnomah,Portland,RESIDENTIAL,URBAN AND CENTER CITY,Oregon Department Of Environmental Quality,2021-04-22,,1600 SW Salmon Street,97205.0,urban-centre
410510039,Portland - McDaniel High School (PMS),45.5418,-122.5795,81.0,Oregon,Multnomah,Portland,RESIDENTIAL,SUBURBAN,Oregon Department Of Environmental Quality,2021-08-20,,2735 NE 82nd Avenue,97213.0,urban-periphery
410510064,410510064,45.50077,-122.5717,67.0,Oregon,Multnomah,Not in a City,RESIDENTIAL,SUBURBAN,Portland State University,2020-03-25,,"Jade District, Portland (SE 89th & SE Brooklyn Ave) (PSU Monitoring site)",,urban-periphery
410510065,Portland - Brooklyn Yard (PBY),45.483148,-122.641449,15.0,Oregon,Multnomah,Portland,MOBILE,URBAN AND CENTER CITY,Oregon Department Of Environmental Quality,2018-07-01,,SE 24th Ave & SE Harold St,97202.0,urban-centre
410510066,410510066,45.50078,-122.57167,67.0,Oregon,Multnomah,Portland,RESIDENTIAL,SUBURBAN,Portland State University,2020-03-25,,"Jade Neighborhood Pump Station (SE Brooklyn St. & SE 89th Avenue, Portland) (PSU monitoring site)",,urban-periphery
410510080,"Portland - SE Lafayette St (SEL) [NCore, PAMS]",45.496641,-122.602877,69.0,Oregon,Multnomah,Portland,RESIDENTIAL,SUBURBAN,Oregon Department Of Environmental Quality,1980-12-01,,5824 SE Lafayette Street,97206.0,urban-periphery
410510088,Portland Commercial &. Russell (PCR) - Near Road Site,45.540449,-122.670901,37.0,Oregon,Multnomah,Portland,MOBILE,URBAN AND CENTER CITY,Oregon Department Of Environmental Quality,2025-08-21,,"Portland  N. Commercial Ave. and N. Russell St., Portland (PCR)",97227.0,urban-centre
410511191,Portland - Jefferson High School (PJH),45.5609,-122.67152,62.0,Oregon,Multnomah,Portland,RESIDENTIAL,URBAN AND CENTER CITY,Oregon Department Of Environmental Quality,2001-06-01,,5210 N Kerby Avenue,97217.0,urban-centre
410512010,Portland - Humboldt School (PHS) [NATTS],45.558081,-122.670985,63.0,Oregon,Multnomah,Portland,RESIDENTIAL,URBAN AND CENTER CITY,Oregon Department Of Environmental Quality,2017-02-01,,4915 N Gantenbein Avenue,97217.0,urban-centre
410512011,Portland - Helensview School (PCH),45.562192,-122.575705,23.0,Oregon,Multnomah,Portland,RESIDENTIAL,SUBURBAN,Oregon Department Of Environmental Quality,2018-02-01,,8678 NE Summer Street,97220.0,urban-periphery
410515502,Harriet Tubman Middle School,45.539306,-122.669175,0.0,Oregon,Multnomah,Portland,COMMERCIAL,URBAN AND CENTER CITY,US EPA/OAQPS,2009-08-05,,2231 N Flint Ave,97227.0,urban-centre
410530004,Dallas - LaCreole Middle School (DLM),44.92259,-123.30198,95.0,Oregon,Polk,Dallas,RESIDENTIAL,SUBURBAN,Oregon Department Of Environmental Quality,2020-08-01,,701 SE Lacreole Street,97338.0,urban-periphery
410570002,Tillamook - Tillamook Junior High School (TJH),45.454722,-123.82,11.0,Oregon,Tillamook,Tillamook,RESIDENTIAL,RURAL,Oregon Department Of Environmental Quality,2022-06-23,,3906 Alder Lane,97141.0,rural
410590005,410590005,45.667353,-118.615861,378.0,Oregon,Umatilla,Not in a City,RESIDENTIAL,RURAL,Confederated Tribes of Umatilla Reservation of Oregon,2005-04-23,,UMATILLA INDIAN RES. COMMUNITY CENTER - 73239 CONFEDERATED WAY,,rural
410590121,Pendleton - McKay Creek (PMC),45.652231,-118.823033,326.0,Oregon,Umatilla,Pendleton,RESIDENTIAL,SUBURBAN,Oregon Department Of Environmental Quality,1991-10-01,,3745 SW Marshal Place,97801.0,urban-periphery
410591003,Hermiston - Municipal Airport (HMA),45.828968,-119.262991,196.0,Oregon,Umatilla,Hermiston,RESIDENTIAL,SUBURBAN,Oregon Department Of Environmental Quality,2007-02-22,,1600 Airport Way,97838.0,urban-periphery
410597001,410597001,45.667889,-118.645883,389.0,Oregon,Umatilla,Mission (Government Indian Mission),RESIDENTIAL,RURAL,Confederated Tribes of Umatilla Reservation of Oregon,2007-05-24,,47697 SHORTMILE ROAD,97801.0,rural
410597002,410597002,45.66408,-118.68909,372.0,Oregon,Umatilla,Mission (Government Indian Mission),COMMERCIAL,RURAL,Confederated Tribes of Umatilla Reservation of Oregon,2013-03-04,,46330 Timine Way,97801.0,rural
410610010,Starkey,45.224748,-118.513962,1259.0,Oregon,Union,Not in a City,FOREST,RURAL,National Park Service,2000-03-15,,Starkey,97850.0,rural
410610120,Cove - City Hall (CCH),45.300884,-117.812896,848.0,Oregon,Union,Cove,RESIDENTIAL,RURAL,Oregon Department Of Environmental Quality,2007-07-10,,504 Alder Street,97824.0,rural
410610123,La Grande - N Hall and E N Sts (LHN) [NATTS],45.3235,-118.0778,844.0,Oregon,Union,La Grande,RESIDENTIAL,SUBURBAN,Oregon Department Of Environmental Quality,2016-09-01,,1304 N Hall Street,97850.0,urban-periphery
410630001,Enterprise - US Forest Service (EFS),45.426351,-117.296066,1163.0,Oregon,Wallowa,Not in a City,RESIDENTIAL,RURAL,Oregon Department Of Environmental Quality,1994-06-30,,1200 Highland Avenue,97828.0,rural
410630002,Hells Canyon,45.079864,-116.844808,655.0,Oregon,Wallowa,Not in a City,FOREST,RURAL,National Park Service,2000-01-01,,Hells Canyon,97842.0,rural
410650007,The Dalles - Cherry Heights Road (TDC),45.602419,-121.203387,83.0,Oregon,Wasco,The Dalles,COMMERCIAL,URBAN AND CENTER CITY,Oregon Department Of Environmental Quality,1999-08-06,,1112 Cherry Heights Road,97058.0,urban-centre
410670004,Hillsboro - Hare Field (HHF),45.528501,-122.972398,16.0,Oregon,Washington,Hillsboro,RESIDENTIAL,SUBURBAN,Oregon Department Of Environmental Quality,2005-01-27,,1149 NE Grant Street,97124.0,urban-periphery
410670005,Tualatin - Bradbury Court (TBC) [Near Road],45.3992,-122.7455,53.0,Oregon,Washington,Tualatin,COMMERCIAL,SUBURBAN,Oregon Department Of Environmental Quality,2014-04-21,,6745 Bradbury Court,97035.0,urban-periphery
410670006,Forest Grove - Pacific University (FPU),45.52483,-123.10554,56.0,Oregon,Washington,Forest Grove,RESIDENTIAL,SUBURBAN,Oregon Department Of Environmental Quality,2019-06-20,,2311 Cedar Street,97116.0,urban-periphery
410670111,Beaverton - Highland Park (BHP),45.470191,-122.816411,58.0,Oregon,Washington,Beaverton,RESIDENTIAL,URBAN AND CENTER CITY,Oregon Department Of Environmental Quality,1999-01-01,,7000 SW Wilson Street,97008.0,urban-centre
410711003,McMinnville - McMinville High School (MHS),45.21876,-123.18795,49.0,Oregon,Yamhill,McMinnville,RESIDENTIAL,URBAN AND CENTER CITY,Oregon Department Of Environmental Quality,2022-09-28,,615 NE 15th Street,97128.0,urban-centre
420010001,Arendtsville,39.92002,-77.30968,269.0,Pennsylvania,Adams,Not in a City,RESIDENTIAL,RURAL,Pennsylvania Department Of Environmental Protection,1996-04-01,,NARSTO SITE - ARENDTSVILLE,17307.0,rural
420019000,420019000,39.92322,-77.30758,267.0,Pennsylvania,Adams,Not in a City,FOREST,RURAL,National Park Service,2001-01-01,,Arendtsville,17307.0,rural
420019991,Arendtsville,39.9231,-77.3078,269.0,Pennsylvania,Adams,Not in a City,AGRICULTURAL,RURAL,USEPA - Clean Air and Power Division,1988-05-21,,"747 Winding Rd, Biglerville, PA 17307",17307.0,rural
420030002,Avalon,40.50084,-80.066488,256.0,Pennsylvania,Allegheny,Avalon,RESIDENTIAL,SUBURBAN,"Allegheny County, PA Health Department",1980-02-01,,"721 California Ave, Pittsburgh, PA 15202 (Avalon)",15202.0,urban-periphery
420030008,Lawrenceville,40.46542,-79.960757,256.0,Pennsylvania,Allegheny,Pittsburgh,RESIDENTIAL,SUBURBAN,"Allegheny County, PA Health Department",1966-03-01,,"301 39th St, Pittsburgh, PA 15201 (Lawrenceville)",15224.0,urban-periphery
420030064,Liberty,40.323768,-79.868062,0.0,Pennsylvania,Allegheny,Liberty,RESIDENTIAL,SUBURBAN,"Allegheny County, PA Health Department",1969-10-01,,"2743 Washington Blvd, McKeesport, PA 15133 (Liberty)",15133.0,urban-periphery
420030067,South Fayette,40.375644,-80.169943,354.0,Pennsylvania,Allegheny,McDonald,RESIDENTIAL,SUBURBAN,"Allegheny County, PA Health Department",1973-01-01,,"3640 Old Oakdale Rd, McDonald, PA 15057 (South Fayette)",15057.0,urban-periphery
420031008,Harrison,40.617488,-79.727664,302.0,Pennsylvania,Allegheny,Harrison Township,RESIDENTIAL,SUBURBAN,"Allegheny County, PA Health Department",1999-01-01,,"1500 Pacific Ave, Natrona Heights, PA 15065 (Harrison)",15065.0,urban-periphery
420031301,North Braddock,40.402328,-79.860973,274.0,Pennsylvania,Allegheny,North Braddock,RESIDENTIAL,SUBURBAN,"Allegheny County, PA Health Department",1975-01-01,,"600 Anderson St, Braddock, PA 15104 (North Braddock)",15104.0,urban-periphery
420031376,Parkway East Near-Road,40.43743,-79.863572,355.0,Pennsylvania,Allegheny,Wilkinsburg,MOBILE,SUBURBAN,"Allegheny County, PA Health Department",2014-09-01,,"400 Sherwood Rd, Pittsburgh, PA 15221 (Parkway East Near-Road)",15221.0,urban-periphery
420033006,Glassport,40.326008,-79.881703,341.0,Pennsylvania,Allegheny,Glassport,RESIDENTIAL,SUBURBAN,"Allegheny County, PA Health Department",1991-04-30,,"High St, Water Tower, Glassport, PA 15045 (Glassport)",15045.0,urban-periphery
420033007,Clairton,40.294341,-79.885331,0.0,Pennsylvania,Allegheny,Clairton,RESIDENTIAL,SUBURBAN,"Allegheny County, PA Health Department",1992-04-08,,"501 Waddell Ave, Clairton, PA 15025 (Clairton)",15025.0,urban-periphery
420035503,Sto-Rox Elementary School - Sto-Rox Middle School*,40.49435,-80.09638,0.0,Pennsylvania,Allegheny,Stowe Township,COMMERCIAL,URBAN AND CENTER CITY,US EPA/OAQPS,2009-06-24,,300 Ewing Rd / 298 Ewing Road,15136.0,urban-centre
420037101,Airport temperature data for EPA PM25 alignment,40.35501,-79.92121,382.0,Pennsylvania,Allegheny,West Mifflin,COMMERCIAL,URBAN AND CENTER CITY,Pennsylvania Department Of Environmental Protection,2017-01-01,,"12 Allegheny County Airport West Mifflin, PA",15122.0,urban-centre
420037102,Airport temperature data for EPA PM25 alignment,40.48465,-80.21439,373.0,Pennsylvania,Allegheny,Not in a City,COMMERCIAL,SUBURBAN,Pennsylvania Department Of Environmental Protection,2017-01-01,,1000 Airport Blvd,15108.0,urban-periphery
420050001,Kittanning,40.814183,-79.56475,200.0,Pennsylvania,Armstrong,Kittanning,COMMERCIAL,SUBURBAN,Pennsylvania Department Of Environmental Protection,1997-08-14,,GLADE DR. & NOLTE RD. KITTANNING,16201.0,urban-periphery
420070002,Hookstown,40.56252,-80.503948,372.0,Pennsylvania,Beaver,Not in a City,AGRICULTURAL,RURAL,Pennsylvania Department Of Environmental Protection,1983-01-01,,ROUTE 168 & TOMLINSON ROAD,15043.0,rural
420070005,Brighton Township,40.684722,-80.359722,427.0,Pennsylvania,Beaver,Not in a City,AGRICULTURAL,RURAL,Pennsylvania Department Of Environmental Protection,1994-04-20,,1015 SEBRING ROAD,15009.0,rural
420070006,Potter Township,40.638936,-80.365653,340.0,Pennsylvania,Beaver,Not in a City,AGRICULTURAL,RURAL,Pennsylvania Department Of Environmental Protection,2010-01-01,,206 Mowey Rd,15061.0,rural
420070007,Beaver Valley,40.673656,-80.317731,340.0,Pennsylvania,Beaver,Not in a City,COMMERCIAL,SUBURBAN,Pennsylvania Department Of Environmental Protection,2010-01-01,,760 Beaver Valley Mall,15061.0,urban-periphery
420070008,Fort Mcintosh,40.691857,-80.299211,284.0,Pennsylvania,Beaver,Beaver,RESIDENTIAL,URBAN AND CENTER CITY,Pennsylvania Department Of Environmental Protection,2022-05-05,,Old Fort Trail,,urban-centre
420070014,Beaver Falls,40.747796,-80.316442,216.0,Pennsylvania,Beaver,Beaver Falls,RESIDENTIAL,URBAN AND CENTER CITY,Pennsylvania Department Of Environmental Protection,1974-01-01,,EIGHT STREET AND RIVER ALLEY,15010.0,urban-centre
420070035,Glasgow,40.645019,-80.508391,500.0,Pennsylvania,Beaver,Not in a City,INDUSTRIAL,SUBURBAN,Pennsylvania Department Of Environmental Protection,2017-10-01,,H. S. Bell,15059.0,urban-periphery
420070505,Vanport,40.685019,-80.324775,219.0,Pennsylvania,Beaver,Not in a City,INDUSTRIAL,SUBURBAN,Pennsylvania Department Of Environmental Protection,1970-07-01,,TAMAQUI DR,15009.0,urban-periphery
420070727,Little Blue Run,40.6119,-80.500451,287.0,Pennsylvania,Beaver,Not in a City,INDUSTRIAL,RURAL,Pennsylvania Department Of Environmental Protection,2013-01-01,,LITTLE BLUE RUN,15043.0,rural
420110005,420110005,40.4663,-75.7589,0.0,Pennsylvania,Berks,Not in a City,INDUSTRIAL,RURAL,Pennsylvania Department Of Environmental Protection,2002-01-02,,HEFFNER ROAD,19522.0,rural
420110006,Kutztown,40.51408,-75.789721,144.0,Pennsylvania,Berks,Not in a City,COMMERCIAL,SUBURBAN,Pennsylvania Department Of Environmental Protection,2008-04-01,,Kutztown University Campus,19530.0,urban-periphery
420110011,Reading Airport,40.38335,-75.9686,92.0,Pennsylvania,Berks,Not in a City,COMMERCIAL,SUBURBAN,Pennsylvania Department Of Environmental Protection,2007-06-01,,1059 Arnold Road,19605.0,urban-periphery
420110021,Lyons Boro,40.477075,-75.756919,160.0,Pennsylvania,Berks,Lyons (corporate and RR name for Lyon Station),RESIDENTIAL,RURAL,Pennsylvania Department Of Environmental Protection,2010-01-01,,Kemp St,19530.0,rural
420110022,Lyons Park,40.478319,-75.753947,160.0,Pennsylvania,Berks,Lyons (corporate and RR name for Lyon Station),INDUSTRIAL,RURAL,Pennsylvania Department Of Environmental Protection,2010-01-01,,Park Ave,19530.0,rural
420111717,Laureldale South,40.377222,-75.914444,116.0,Pennsylvania,Berks,Laureldale,INDUSTRIAL,SUBURBAN,Pennsylvania Department Of Environmental Protection,1972-01-01,,SPRING VALLEY ROAD,19605.0,urban-periphery
420115504,Riverside Elementary School,40.357052,-75.934437,0.0,Pennsylvania,Berks,Reading,COMMERCIAL,URBAN AND CENTER CITY,US EPA/OAQPS,2009-07-08,,1400 Centre Ave,19601.0,urban-centre
420117003,Airport temperature data for EPA PM25 alignment,40.37327,-75.95921,105.0,Pennsylvania,Berks,Not in a City,COMMERCIAL,SUBURBAN,Pennsylvania Department Of Environmental Protection,2017-01-01,,"2501 Bernville Road Reading, PA",19605.0,urban-periphery
420130801,Altoona,40.535278,-78.370833,378.0,Pennsylvania,Blair,Altoona,INDUSTRIAL,SUBURBAN,Pennsylvania Department Of Environmental Protection,1978-05-01,,2ND AVE & 7TH ST,16602.0,urban-periphery
420137004,Airport temperature data for EPA PM25 alignment,40.29993,-78.3168,458.0,Pennsylvania,Blair,Not in a City,COMMERCIAL,SUBURBAN,Pennsylvania Department Of Environmental Protection,2017-01-01,,"310 Airport Drive Martinsburg, PA",16662.0,urban-periphery
420150011,Towanda,41.705226,-76.512726,340.0,Pennsylvania,Bradford,Not in a City,FOREST,RURAL,Pennsylvania Department Of Environmental Protection,2013-03-01,,"RT 4148 Main St, Monroe, PA 18832",18832.0,rural
420170012,Bristol,40.107222,-74.882222,12.0,Pennsylvania,Bucks,Bristol,RESIDENTIAL,SUBURBAN,Pennsylvania Department Of Environmental Protection,1974-01-01,,ROCKVIEW LANE,19007.0,urban-periphery
420190020,Slippery Rock,41.0632,-80.0309,400.0,Pennsylvania,Butler,Slippery Rock,AGRICULTURAL,SUBURBAN,Pennsylvania Department Of Environmental Protection,2009-08-29,,Storm Harbor Equestrian Building,16057.0,urban-periphery
420210011,Johnstown,40.309722,-78.915,361.0,Pennsylvania,Cambria,Johnstown,COMMERCIAL,URBAN AND CENTER CITY,Pennsylvania Department Of Environmental Protection,1974-01-01,,MILLER AUTO SHOP 1 MESSENGER ST,15902.0,urban-centre
420217006,Airport temperature data for EPA PM25 alignment,40.31491,-78.83074,696.0,Pennsylvania,Cambria,Not in a City,COMMERCIAL,SUBURBAN,Pennsylvania Department Of Environmental Protection,2017-01-01,,"479 Airport Road Johnstown, PA",15904.0,urban-periphery
420250214,Palmerton,40.814204,-75.580448,133.0,Pennsylvania,Carbon,Not in a City,INDUSTRIAL,SUBURBAN,Pennsylvania Department Of Environmental Protection,2012-07-01,,620 Little Gap Road,18071.0,urban-periphery
420250217,Palmerton High School,40.812488,-75.60594,185.0,Pennsylvania,Carbon,Not in a City,RESIDENTIAL,SUBURBAN,Pennsylvania Department Of Environmental Protection,2020-05-09,,3525 Fireline Rd,18071.0,urban-periphery
420250300,Palmerton Electric,40.81329,-75.56979,100.0,Pennsylvania,Carbon,Not in a City,INDUSTRIAL,RURAL,Pennsylvania Department Of Environmental Protection,2017-01-01,,Little Gap Road,18071.0,rural
420270100,State College,40.811389,-77.877028,0.0,Pennsylvania,Centre,State College,AGRICULTURAL,RURAL,Pennsylvania Department Of Environmental Protection,2000-02-01,,PENN STATE UNIVERSITY - ARBORETUM SITE,16803.0,rural
420279991,Penn State,40.7208,-77.9319,378.0,Pennsylvania,Centre,Not in a City,AGRICULTURAL,RURAL,USEPA - Clean Air and Power Division,1987-01-01,,"1366 Tadpole Rd, Pennsylvania Furnace, PA 16865",16865.0,rural
420290100,New Garden,39.834461,-75.768242,0.0,Pennsylvania,Chester,Not in a City,COMMERCIAL,RURAL,Pennsylvania Department Of Environmental Protection,2000-06-29,,NEW GARDEN AIRPORT - TOUGHKENAMON,19311.0,rural
420334000,MOSHANNON STATE FOREST,41.1175,-78.526194,0.0,Pennsylvania,Clearfield,Not in a City,FOREST,RURAL,Pennsylvania Department Of Environmental Protection,1996-04-01,,LOCATED NEAR S.B. ELLIOTT STATE PARK,15849.0,rural
420410101,Carlisle,40.246528,-77.18675,0.0,Pennsylvania,Cumberland,Carlisle,RESIDENTIAL,RURAL,Pennsylvania Department Of Environmental Protection,2001-03-29,,IMPERIAL COURT,17013.0,rural
420430401,Harrisburg,40.246992,-76.846988,125.0,Pennsylvania,Dauphin,Not in a City,COMMERCIAL,RURAL,Pennsylvania Department Of Environmental Protection,1978-01-01,,"651 Gibson Blvd., Harrisburg, PA 17104",17104.0,rural
420431100,Hershey,40.272222,-76.681389,125.0,Pennsylvania,Dauphin,Hershey,COMMERCIAL,URBAN AND CENTER CITY,Pennsylvania Department Of Environmental Protection,1981-08-01,,SIPE AVE & MAE STREET,17033.0,urban-centre
420437008,Airport temperature data for EPA PM25 alignment,40.19626,-76.77258,94.0,Pennsylvania,Dauphin,Not in a City,COMMERCIAL,SUBURBAN,Pennsylvania Department Of Environmental Protection,2017-01-01,,"510 Airport Drive Middletown, PA",17057.0,urban-periphery
420450002,Chester,39.835556,-75.3725,3.0,Pennsylvania,Delaware,Chester,INDUSTRIAL,URBAN AND CENTER CITY,Pennsylvania Department Of Environmental Protection,1974-01-01,,FRONT ST & NORRIS ST,19013.0,urban-centre
420450003,Swarthmore,39.8969,-75.3539,20.0,Pennsylvania,Delaware,Swarthmore,RESIDENTIAL,URBAN AND CENTER CITY,Pennsylvania Department Of Environmental Protection,1997-01-22,,"Swarthmore College, Hicks Hall, 500 College Ave., Swarthmore, PA",19081.0,urban-centre
420450004,Ridley Park,39.862928,-75.325689,5.0,Pennsylvania,Delaware,Eddystone,INDUSTRIAL,URBAN AND CENTER CITY,Pennsylvania Department Of Environmental Protection,2010-01-01,,Industrial Highway (Rte 291),19022.0,urban-centre
420450109,Marcus Hook,39.818715,-75.413973,0.0,Pennsylvania,Delaware,Marcus Hook,INDUSTRIAL,URBAN AND CENTER CITY,Pennsylvania Department Of Environmental Protection,1990-04-03,,MARCUS HOOK ELEMENTARY SCHOOL,19061.0,urban-centre
420457015,Airport temperature data for EPA PM25 alignment,39.8733,-75.22669,9.0,Pennsylvania,Delaware,Not in a City,COMMERCIAL,URBAN AND CENTER CITY,Pennsylvania Department Of Environmental Protection,2017-01-01,,"8000 Essington Avenue Philadelphia, PA",19153.0,urban-centre
420479991,Kane Exp. Forest,41.598119,-78.767867,622.0,Pennsylvania,Elk,Not in a City,FOREST,RURAL,USEPA - Clean Air and Power Division,1988-12-19,,"Kane Experimental Forest, Allegheny National Forest, Wilcox, PA 15870",15870.0,rural
420490003,Erie,42.14175,-80.038611,0.0,Pennsylvania,Erie,Erie,COMMERCIAL,SUBURBAN,Pennsylvania Department Of Environmental Protection,1988-05-18,,10TH AND MARNE STREETS,16511.0,urban-periphery
420490004,Presque Isle,42.155833,-80.11333,170.0,Pennsylvania,Erie,Erie,FOREST,RURAL,Pennsylvania Department Of Environmental Protection,2000-06-27,,"Presque Isle State Park, Erie PA 16505",16505.0,rural
420497009,Airport temperature data for EPA PM25 alignment,42.08026,-80.18236,225.0,Pennsylvania,Erie,Not in a City,COMMERCIAL,URBAN AND CENTER CITY,Pennsylvania Department Of Environmental Protection,2017-01-01,,"4411 West 12th Street Erie, PA",16505.0,urban-centre
420510524,Uniontown,39.917663,-79.805499,350.0,Pennsylvania,Fayette,Uniontown,AGRICULTURAL,RURAL,Pennsylvania Department Of Environmental Protection,2018-05-17,,New Salem Rd,15401.0,rural
420550001,Methodist Hill,39.961111,-77.475556,676.0,Pennsylvania,Franklin,Not in a City,FOREST,RURAL,Pennsylvania Department Of Environmental Protection,1996-06-26,,FOREST ROAD - METHODIST HILL,17257.0,rural
420590002,Holbrook,39.80933,-80.26567,450.0,Pennsylvania,Greene,Not in a City,AGRICULTURAL,RURAL,Pennsylvania Department Of Environmental Protection,1995-01-01,,4.8 KM SE OF HOLBROOK,15362.0,rural
420630004,Strongstown,40.56333,-78.919972,360.0,Pennsylvania,Indiana,Not in a City,COMMERCIAL,RURAL,Pennsylvania Department Of Environmental Protection,2004-11-01,,PA. DEPT. OF TRANSPORTATION - RT.403 - Strongstown,15957.0,rural
420690101,Peckville,41.479116,-75.578186,260.0,Pennsylvania,Lackawanna,Blakely,RESIDENTIAL,SUBURBAN,Pennsylvania Department Of Environmental Protection,1991-04-01,,WILSON FIRE CO. ERIE & PLEASANT,18452.0,urban-periphery
420692006,Scranton,41.442778,-75.623056,251.0,Pennsylvania,Lackawanna,Scranton,RESIDENTIAL,SUBURBAN,Pennsylvania Department Of Environmental Protection,1965-01-01,,GEORGE ST TROOP AND CITY OF SCRANTON,18509.0,urban-periphery
420710007,Lancaster,40.046667,-76.283333,99.0,Pennsylvania,Lancaster,Lancaster,INDUSTRIAL,SUBURBAN,Pennsylvania Department Of Environmental Protection,1974-01-01,,ABRAHAM LINCOLN JR HIGH GROFFTOWN RD,17602.0,urban-periphery
420710009,Mt Joy,40.108944,-76.472235,115.0,Pennsylvania,Lancaster,Mount Joy,AGRICULTURAL,RURAL,Pennsylvania Department Of Environmental Protection,2012-01-01,,1088 East Main Street,17552.0,rural
420710012,Lancaster Downwind,40.043833,-76.1124,116.0,Pennsylvania,Lancaster,Not in a City,AGRICULTURAL,SUBURBAN,Pennsylvania Department Of Environmental Protection,2008-04-01,,3545 W. Newport Road,17572.0,urban-periphery
420717010,Airport temperature data for EPA PM25 alignment,40.12059,-76.29445,123.0,Pennsylvania,Lancaster,Not in a City,COMMERCIAL,SUBURBAN,Pennsylvania Department Of Environmental Protection,2017-01-01,,"500 Airport Road Lititz, PA",17543.0,urban-periphery
420730011,Ellwood City,40.860031,-80.279092,290.0,Pennsylvania,Lawrence,Not in a City,INDUSTRIAL,URBAN AND CENTER CITY,Pennsylvania Department Of Environmental Protection,2010-01-01,,3 Fountain Ave,16117.0,urban-centre
420730015,New Castle,40.995848,-80.346442,262.0,Pennsylvania,Lawrence,New Castle,INDUSTRIAL,SUBURBAN,Pennsylvania Department Of Environmental Protection,1974-01-01,,CROTON ST & JEFFERSON ST.,16101.0,urban-periphery
420750101,Lebanon,40.338516,-76.394788,144.0,Pennsylvania,Lebanon,Not in a City,RESIDENTIAL,SUBURBAN,Pennsylvania Department Of Environmental Protection,2021-01-01,,Birch Rd & Metro Dr,,urban-periphery
420770004,Allentown,40.611944,-75.4325,116.0,Pennsylvania,Lehigh,Allentown,COMMERCIAL,SUBURBAN,Pennsylvania Department Of Environmental Protection,1984-01-01,,STATE HOSPITAL REAR 1600 HANOVER AVE,18109.0,urban-periphery
420777011,Airport temperature data for EPA PM25 alignment,40.65808,-75.43446,117.0,Pennsylvania,Lehigh,Not in a City,COMMERCIAL,SUBURBAN,Pennsylvania Department Of Environmental Protection,2017-01-01,,"3311 Airport Road Allentown, PA",18109.0,urban-periphery
420791101,Wilkes-Barre,41.265556,-75.846389,172.0,Pennsylvania,Luzerne,Wilkes-Barre,RESIDENTIAL,SUBURBAN,Pennsylvania Department Of Environmental Protection,1982-01-01,,CHILWICK & WASHINGTON STS,18705.0,urban-periphery
420797012,Airport temperature data for EPA PM25 alignment,41.33351,-75.7227,289.0,Pennsylvania,Luzerne,Not in a City,COMMERCIAL,SUBURBAN,Pennsylvania Department Of Environmental Protection,2017-01-01,,"100 Terminal Dr Avoca, PA",18641.0,urban-periphery
420810100,MONTOURSVILLE,41.2508,-76.9238,161.54,Pennsylvania,Lycoming,Montoursville,RESIDENTIAL,URBAN AND CENTER CITY,Pennsylvania Department Of Environmental Protection,2001-11-20,,899 CHERRY STREET,17754.0,urban-centre
420810419,Salladasburg,41.266263,-77.231189,190.0,Pennsylvania,Lycoming,Jersey Shore,AGRICULTURAL,RURAL,Pennsylvania Department Of Environmental Protection,2019-07-25,,3490 PA-287,17740.0,rural
420817013,Airport temperature data for EPA PM25 alignment,41.24298,-76.92171,160.0,Pennsylvania,Lycoming,Montoursville,COMMERCIAL,SUBURBAN,Pennsylvania Department Of Environmental Protection,2017-01-01,,"724 Airport Road Montoursville, PA",17754.0,urban-periphery
420850100,Farrell,41.215014,-80.484779,329.0,Pennsylvania,Mercer,Farrell,COMMERCIAL,URBAN AND CENTER CITY,Pennsylvania Department Of Environmental Protection,1980-09-01,,PA518 (NEW CASTLE ROAD) & PA418,16121.0,urban-centre
420859000,420859000,41.426911,-80.145067,380.0,Pennsylvania,Mercer,Not in a City,FOREST,RURAL,National Park Service,2001-01-01,,M.K. Goddard,16145.0,rural
420859991,M.K. Goddard,41.4271,-80.1451,384.0,Pennsylvania,Mercer,Not in a City,FOREST,RURAL,USEPA - Clean Air and Power Division,1988-01-08,,"Maurice K Goddard State Park, Sandy Lake, PA 16145",16145.0,rural
420890002,SWIFTWATER,41.08306,-75.32328,370.0,Pennsylvania,Monroe,Not in a City,FOREST,RURAL,Pennsylvania Department Of Environmental Protection,2006-04-01,,"HC 1, BOX 95-B    NEAR RT 611 & BROOKDALE ROAD",18355.0,rural
420910002,420910002,40.1181,-75.4114,40.0,Pennsylvania,Montgomery,West Norriton,RESIDENTIAL,SUBURBAN,Pennsylvania Department Of Environmental Protection,2004-12-17,,"Skippack Creek Rd., Evansburg State Park, Collegeville, PA",19403.0,urban-periphery
420910005,420910005,40.19255,-75.45754,60.0,Pennsylvania,Montgomery,Collegeville,RESIDENTIAL,SUBURBAN,Pennsylvania Department Of Environmental Protection,2007-05-18,,"601 E. Main St. Collegeville, PA",19426.0,urban-periphery
420910006,Evansburg UM,40.1833,-75.4342,60.0,Pennsylvania,Montgomery,Evansburg,RESIDENTIAL,SUBURBAN,Pennsylvania Department Of Environmental Protection,2009-02-18,,3871 Germantown Pike,19426.0,urban-periphery
420910010,420910010,40.1925,-75.4575,60.0,Pennsylvania,Montgomery,Collegeville,RESIDENTIAL,SUBURBAN,Pennsylvania Department Of Environmental Protection,2008-07-15,,"20 West 5th Ave. Trappe, PA",19426.0,urban-periphery
420910013,A420910013LAT/LON POINT IS OF CORNER OF TRAILER,40.112222,-75.309167,53.0,Pennsylvania,Montgomery,Norristown,RESIDENTIAL,SUBURBAN,Pennsylvania Department Of Environmental Protection,1974-01-01,,STATE ARMORY - 1046 BELVOIR RD,19462.0,urban-periphery
420910015,420910015,40.1964,-75.4658,70.0,Pennsylvania,Montgomery,Trappe,RESIDENTIAL,SUBURBAN,Pennsylvania Department Of Environmental Protection,2005-01-04,,E. 1st Ave. & College Ave.,19426.0,urban-periphery
420950025,LAT/LON POINT IS CENTER OF TRAILER,40.628056,-75.341111,0.0,Pennsylvania,Northampton,Freemansburg,COMMERCIAL,SUBURBAN,Pennsylvania Department Of Environmental Protection,1997-08-20,,WASHINGTON & CAMBRIA STS. FREEMANSBURG,18017.0,urban-periphery
420958000,COMBINED EASTON SITE (420950100) AND EASTON H2S SPECIAL STUDY SITES,40.692224,-75.237156,0.0,Pennsylvania,Northampton,Wilson,RESIDENTIAL,SUBURBAN,Pennsylvania Department Of Environmental Protection,1986-01-01,,17TH AND SPRING GARDEN STREETS,18042.0,urban-periphery
421010001,421010001,39.993068,-75.109609,9.0,Pennsylvania,Philadelphia,Philadelphia,INDUSTRIAL,URBAN AND CENTER CITY,Philadelphia Air Management Services,1957-01-01,,3200 FRANKFORD AVE,19134.0,urban-centre
421010004,Air Management Services Laboratory (AMS LAB),40.008889,-75.09778,22.0,Pennsylvania,Philadelphia,Philadelphia,RESIDENTIAL,URBAN AND CENTER CITY,Philadelphia Air Management Services,1960-01-01,,1501 E. LYCOMING AVE.,19124.0,urban-centre
421010014,Roxborough (ROX),40.049604,-75.241209,111.0,Pennsylvania,Philadelphia,Philadelphia,RESIDENTIAL,SUBURBAN,Philadelphia Air Management Services,1960-01-01,,ROXY WATER PUMP STA EVA-DEARNLEY STS,19128.0,urban-periphery
421010020,421010020,40.002335,-75.219903,79.0,Pennsylvania,Philadelphia,Philadelphia,RESIDENTIAL,SUBURBAN,Philadelphia Air Management Services,1973-01-01,,FORD RD-BELMONT AVE WATER TREAT PLANT,,urban-periphery
421010024,North East Airport (NEA),40.076389,-75.011944,28.0,Pennsylvania,Philadelphia,Philadelphia,INDUSTRIAL,SUBURBAN,Philadelphia Air Management Services,1973-01-01,,GRANT-ASHTON ROADS PHILA NE AIRPORT,19114.0,urban-periphery
421010027,421010027,40.010668,-75.151565,40.0,Pennsylvania,Philadelphia,Philadelphia,MOBILE,URBAN AND CENTER CITY,Philadelphia Air Management Services,1975-01-01,,S W CORNER BROAD AND BUTLER,,urban-centre
421010029,421010029,39.957335,-75.172679,25.0,Pennsylvania,Philadelphia,Philadelphia,COMMERCIAL,URBAN AND CENTER CITY,Philadelphia Air Management Services,1975-01-01,,20TH AND RACE STREETS,,urban-centre
421010037,421010037,39.980113,-75.155733,26.0,Pennsylvania,Philadelphia,Philadelphia,RESIDENTIAL,URBAN AND CENTER CITY,Philadelphia Air Management Services,1978-01-01,,13TH STREET AND MONTGOMERY AVENUE,,urban-centre
421010048,North East Waste (NEW),39.991389,-75.080833,22.0,Pennsylvania,Philadelphia,Philadelphia,RESIDENTIAL,URBAN AND CENTER CITY,Philadelphia Air Management Services,1993-06-01,,"3000 LEWIS ST. (NEAR BATH ST.) Philadelphia, PA. 19137",19137.0,urban-centre
421010055,Ritner (RIT),39.922867,-75.186921,3.5,Pennsylvania,Philadelphia,Philadelphia,RESIDENTIAL,URBAN AND CENTER CITY,Philadelphia Air Management Services,2004-01-01,,24TH & RITNER STREETS,19145.0,urban-centre
421010056,421010056,39.90583,-75.23972,5.0,Pennsylvania,Philadelphia,Philadelphia,RESIDENTIAL,URBAN AND CENTER CITY,Philadelphia Air Management Services,2005-03-26,,"2851 ISLAND AVE, EASTWICK FREE LIBRARY",,urban-centre
421010057,Fire Administration Building (FAB),39.960048,-75.142614,12.0,Pennsylvania,Philadelphia,Philadelphia,RESIDENTIAL,URBAN AND CENTER CITY,Philadelphia Air Management Services,2007-07-01,,240 Spring Garden Street,19123.0,urban-centre
421010063,SW WASTE TREATMENT PLANT,39.88294,-75.21965,13.0,Pennsylvania,Philadelphia,Philadelphia,INDUSTRIAL,URBAN AND CENTER CITY,Philadelphia Air Management Services,2009-09-10,,8200 ENTERPRISE AVENUE,19153.0,urban-centre
421010075,Torresdale Station,40.054171,-74.985166,9.0,Pennsylvania,Philadelphia,Philadelphia,COMMERCIAL,URBAN AND CENTER CITY,Philadelphia Air Management Services,2013-08-01,,"4901 Grant Avenue and James Street Philadelphia, PA. 19114",19114.0,urban-centre
421010076,Car-Barn Montgomery I -76,39.988842,-75.207205,4.0,Pennsylvania,Philadelphia,Philadelphia,COMMERCIAL,URBAN AND CENTER CITY,Philadelphia Air Management Services,2014-07-01,,4100 MONTGOMERY DRIVE,19131.0,urban-centre
421010136,ON AMTRAK RIGHT OF WAY - NEAR AIRPORT HI SPEED LINE (ELECTRIFIED),39.927613,-75.222403,22.0,Pennsylvania,Philadelphia,Philadelphia,RESIDENTIAL,URBAN AND CENTER CITY,Philadelphia Air Management Services,1993-06-01,,"AMTRAK, 5917 ELMWOOD AVENUE",,urban-centre
421010449,CASTOR AND DELAWARE AVENUES (ITO),39.9825,-75.083056,18.0,Pennsylvania,Philadelphia,Philadelphia,INDUSTRIAL,URBAN AND CENTER CITY,Philadelphia Air Management Services,1987-01-01,,CASTOR AND DELAWARE AVENUES,19134.0,urban-centre
421010649,LAT/LONG IS OF SAMPLING INLET,39.985,-75.085,25.0,Pennsylvania,Philadelphia,Philadelphia,INDUSTRIAL,URBAN AND CENTER CITY,Philadelphia Air Management Services,1997-01-01,,WATER DEPT. NEWPCP LAGOON AREA (NEL),,urban-centre
421017016,Airport temperature data for EPA PM25 alignment,40.07895,-75.01335,37.0,Pennsylvania,Philadelphia,Philadelphia,COMMERCIAL,URBAN AND CENTER CITY,Pennsylvania Department Of Environmental Protection,2017-01-01,,"9800 Ashton Road?Philadelphia, PA",19114.0,urban-centre
421119991,Laurel Hill,39.9878,-79.2515,615.0,Pennsylvania,Somerset,Not in a City,FOREST,RURAL,USEPA - Clean Air and Power Division,1987-12-11,,"Laurel Hill State Park, Rockwood, PA 15557",15622.0,rural
421150001,421150001,41.6972,-75.9145,370.0,Pennsylvania,Susquehanna,Not in a City,RESIDENTIAL,RURAL,Pennsylvania Department Of Environmental Protection,2013-02-27,,Springville Field,18844.0,rural
421150215,421150215,41.867331,-75.686219,426.0,Pennsylvania,Susquehanna,New Milford,AGRICULTURAL,RURAL,Pennsylvania Department Of Environmental Protection,2018-10-01,,7 HALL ROAD,18834.0,rural
421174000,PENN STATE OZONE MONITORING SITE,41.644722,-76.939167,650.0,Pennsylvania,Tioga,Not in a City,FOREST,RURAL,Pennsylvania Department Of Environmental Protection,1999-06-01,,TIOGA,17724.0,rural
421190001,421190001,40.95517,-76.88189,150.0,Pennsylvania,Union,Not in a City,RESIDENTIAL,SUBURBAN,Pennsylvania Department Of Environmental Protection,2003-08-20,,"Dana Engineering Bldg. Bucknell University, Lewisburg, PA",17837.0,urban-periphery
421230004,WARREN OVERLOOK,41.844722,-79.169722,505.0,Pennsylvania,Warren,Not in a City,FOREST,RURAL,Pennsylvania Department Of Environmental Protection,1996-11-25,,OVERLOOK SITE - NEAR STONE HILL ROAD,16365.0,rural
421230005,421230005,41.825708,-79.119952,370.0,Pennsylvania,Warren,Warren,INDUSTRIAL,SUBURBAN,Pennsylvania Department Of Environmental Protection,2012-06-14,,2044 Pennsylvania Avenue East,16365.0,urban-periphery
421250005,421250005,40.146667,-79.902222,232.0,Pennsylvania,Washington,Charleroi,COMMERCIAL,SUBURBAN,Pennsylvania Department Of Environmental Protection,1965-01-01,,CHARLER01 WASTE TREATMENT PLANT,15022.0,urban-periphery
421250200,421250200,40.170556,-80.261389,334.0,Pennsylvania,Washington,Washington,RESIDENTIAL,SUBURBAN,Pennsylvania Department Of Environmental Protection,1984-01-01,,MCCARRELL AND FAYETTE STS,15301.0,urban-periphery
421255001,421255001,40.445278,-80.420833,335.0,Pennsylvania,Washington,Not in a City,AGRICULTURAL,RURAL,Pennsylvania Department Of Environmental Protection,1965-01-01,,HILLMAN STATE PARK - KINGS CREEK ROAD,15021.0,rural
421255200,Marcellus,40.268963,-80.243995,327.0,Pennsylvania,Washington,Not in a City,AGRICULTURAL,RURAL,Pennsylvania Department Of Environmental Protection,2012-07-20,,220 Meddings Road,15317.0,rural
421257500,421257500,40.022222,-80.435833,10.0,Pennsylvania,Washington,Not in a City,INDUSTRIAL,RURAL,Pennsylvania Department Of Environmental Protection,2025-05-01,,CNX WELL PAD MONITORING LOCATION 1,15323.0,rural
421290007,A421290007LAT/LON POINT SAMPLER,40.161777,-79.884666,0.0,Pennsylvania,Westmoreland,Monessen,COMMERCIAL,URBAN AND CENTER CITY,Pennsylvania Department Of Environmental Protection,1996-07-26,,435 DONNER AVENUE - COMMUNITY CENTER,15062.0,urban-centre
421290008,LAT/LON POINT IS TRAILER,40.304694,-79.505667,0.0,Pennsylvania,Westmoreland,Greensburg,COMMERCIAL,SUBURBAN,Pennsylvania Department Of Environmental Protection,1997-10-01,,DONOHOE ROAD - PENN DOT MAINT DIST BLDG,15601.0,urban-periphery
421290009,421290009,40.392922,-79.024456,360.0,Pennsylvania,Westmoreland,Not in a City,RESIDENTIAL,SUBURBAN,Pennsylvania Department Of Environmental Protection,2010-01-01,,"Sugar Run Road, Rt 711",15954.0,urban-periphery
421310001,Mehoopany,41.5658,-76.0643,250.0,Pennsylvania,Wyoming,Not in a City,RESIDENTIAL,RURAL,Pennsylvania Department Of Environmental Protection,2014-03-06,,237 School House Road,18629.0,rural
421310010,421310010,41.605244,-75.95774,363.0,Pennsylvania,Wyoming,Tunkhannock,AGRICULTURAL,RURAL,Pennsylvania Department Of Environmental Protection,2019-11-29,,100 Baker Hirkey Road,18657.0,rural
421330008,A421330008LAT/LON POINT AT CORNER OF TRAILER,39.965278,-76.699444,125.0,Pennsylvania,York,York,RESIDENTIAL,SUBURBAN,Pennsylvania Department Of Environmental Protection,1974-01-01,,HILL ST.,17403.0,urban-periphery
421330011,York DW,39.86097,-76.462055,240.0,Pennsylvania,York,Not in a City,AGRICULTURAL,SUBURBAN,Pennsylvania Department Of Environmental Protection,2008-04-22,,2650 Delta Road,17302.0,urban-periphery
421330012,Spring Grove,39.8751,-76.912256,232.0,Pennsylvania,York,Spring Grove,AGRICULTURAL,RURAL,Pennsylvania Department Of Environmental Protection,2017-01-01,,Orchard Road,17362.0,rural
421335505,Kreutz Creek Valley Elementary School,40.005585,-76.610673,0.0,Pennsylvania,York,Not in a City,COMMERCIAL,URBAN AND CENTER CITY,US EPA/OAQPS,2009-06-17,,50 N Lee St,17406.0,urban-centre
421337019,Airport temperature data for EPA PM25 alignment,40.21842,-76.85521,106.0,Pennsylvania,York,Not in a City,COMMERCIAL,URBAN AND CENTER CITY,Pennsylvania Department Of Environmental Protection,2017-01-01,,"112?Airport Road New Cumberland, PA",17070.0,urban-centre
440030002,AJ,41.615237,-71.72,67.0,Rhode Island,Kent,Not in a City,,,Rhode Island DEM And DOH,1976-01-01,,W. ALTON JONES CAMPUS URI PARKERFIELD WE,2817.0,unknown
440030011,440030011,41.73669,-71.43635,18.0,Rhode Island,Kent,Warwick (RR name Apponaug),RESIDENTIAL,SUBURBAN,Rhode Island DEM And DOH,2005-04-28,,KENTUCKY AVE. AT WARWICK FIRE STATION #8,,urban-periphery
440030012,440030012,41.737969,-71.41441,15.0,Rhode Island,Kent,Warwick (RR name Apponaug),RESIDENTIAL,SUBURBAN,Rhode Island DEM And DOH,2005-04-28,,LYDICK AVE. AT WEST END NEAR AIRPORT,,urban-periphery
440030013,440030013,41.7055,-71.37752,14.0,Rhode Island,Kent,Warwick (RR name Apponaug),RESIDENTIAL,SUBURBAN,Rhode Island DEM And DOH,2005-04-16,,ACROSS FROM GORTON SCHOOL AT 69 DRAPER AVE.,,urban-periphery
440030014,Gertrude,41.70549,-71.44176,14.0,Rhode Island,Kent,Warwick (RR name Apponaug),RESIDENTIAL,SUBURBAN,Rhode Island DEM And DOH,2005-05-01,,SMITH ST. AND GERTRUDE AVE.,,urban-periphery
440030015,440030015,41.715811,-71.43755,16.0,Rhode Island,Kent,Warwick (RR name Apponaug),RESIDENTIAL,SUBURBAN,Rhode Island DEM And DOH,2005-04-16,,136 FIELD VIEW DR.,,urban-periphery
440030016,440030016,41.71884,-71.3764,32.0,Rhode Island,Kent,Warwick (RR name Apponaug),RESIDENTIAL,SUBURBAN,Rhode Island DEM And DOH,2005-09-20,,"GORTON SCHOOL, 69 DRAPER AVE., WARWICK, RI",,urban-periphery
440070009,440070009,41.785934,-71.362831,35.0,Rhode Island,Providence,East Providence,RESIDENTIAL,SUBURBAN,Rhode Island DEM And DOH,1981-01-01,,"PAWTUCKET AVENUE, EAST PROVIDENCE.",,urban-periphery
440070017,440070017,41.832322,-71.417557,5.0,Rhode Island,Providence,Providence,COMMERCIAL,URBAN AND CENTER CITY,Rhode Island DEM And DOH,1981-01-01,,SABIN STREET PROVIDENCE,,urban-centre
440070019,440070019,41.830933,-71.43478,40.0,Rhode Island,Providence,Providence,COMMERCIAL,URBAN AND CENTER CITY,Rhode Island DEM And DOH,1988-06-01,,"OUR LADY OF PROVIDENCE, 20 REGENT AVENUE",,urban-centre
440070020,440070020,41.811767,-71.40589,6.0,Rhode Island,Providence,Providence,INDUSTRIAL,URBAN AND CENTER CITY,Rhode Island DEM And DOH,1988-12-01,,"ALLENS AVE, PROVIDENCE",,urban-centre
440070021,440070021,41.823711,-71.41589,6.0,Rhode Island,Providence,Providence,COMMERCIAL,URBAN AND CENTER CITY,Rhode Island DEM And DOH,1990-01-01,,111 FOUNTAIN ST,,urban-centre
440070022,CCRI Liston Campus ROOFTOP,41.807469,-71.412968,9.0,Rhode Island,Providence,Providence,RESIDENTIAL,URBAN AND CENTER CITY,Rhode Island DEM And DOH,1999-01-01,,"1 Hilton St, PROVIDENCE RI",2905.0,urban-centre
440070023,CHEPACHET FIRE STATION,41.912877,-71.672011,0.0,Rhode Island,Providence,Providence,COMMERCIAL,SUBURBAN,Rhode Island DEM And DOH,1999-12-01,,CHEPACHET FIRE STATION 1170 PUTMAN PIKE,,urban-periphery
440070026,"Vernon St, Pawtucket",41.874668,-71.379971,15.0,Rhode Island,Providence,Pawtucket,RESIDENTIAL,URBAN AND CENTER CITY,Rhode Island DEM And DOH,2001-03-02,,VERNON STREET TRAILER,2860.0,urban-centre
440070027,JW LIBRARY,41.822499,-71.410659,0.0,Rhode Island,Providence,Providence,COMMERCIAL,URBAN AND CENTER CITY,Rhode Island DEM And DOH,2004-01-01,,"111 DORRANCE STREET, PROVIDENCE, RI 02903",2903.0,urban-centre
440070028,Hallmark Prop. Building,41.809235,-71.40743,0.0,Rhode Island,Providence,Providence,COMMERCIAL,URBAN AND CENTER CITY,Rhode Island DEM And DOH,2004-01-01,,695 EDDY STREET,2905.0,urban-centre
440070029,Bridgham School site,41.816535,-71.437401,0.0,Rhode Island,Providence,Providence,RESIDENTIAL,URBAN AND CENTER CITY,National Weather Service,2004-01-01,,1655 WESTMINSTER STREET,,urban-centre
440070030,Near Rd,41.829495,-71.417457,23.0,Rhode Island,Providence,Providence,COMMERCIAL,URBAN AND CENTER CITY,Rhode Island DEM And DOH,2014-04-01,,Hayes/Park st,2908.0,urban-centre
440070031,Providence Community Healh Center,41.797364,-71.417931,23.0,Rhode Island,Providence,Providence,COMMERCIAL,URBAN AND CENTER CITY,Rhode Island DEM And DOH,2017-02-01,,"Warren Way/ Poe St Providence, ri",2907.0,urban-centre
440070038,Providence Community Health Center,41.809291,-71.40742,5.0,Rhode Island,Providence,Providence,COMMERCIAL,URBAN AND CENTER CITY,Rhode Island DEM And DOH,2021-06-03,,695 Eddy St. Providence,,urban-centre
440070040,Near road (moved from Providence; Par/Hayes),41.771987,-71.427881,23.0,Rhode Island,Providence,Cranston,COMMERCIAL,URBAN AND CENTER CITY,Rhode Island DEM And DOH,2022-04-12,,Wellington Ave,,urban-centre
440070122,CCRI,41.807436,-71.414056,2.9,Rhode Island,Providence,Providence,RESIDENTIAL,URBAN AND CENTER CITY,Rhode Island DEM And DOH,2019-07-01,,Lison Campus One Hilton St. Providence RI,2905.0,urban-centre
440071005,440071005,41.878433,-71.378389,27.0,Rhode Island,Providence,Pawtucket,RESIDENTIAL,URBAN AND CENTER CITY,Rhode Island DEM And DOH,1985-01-01,,SUMMIT STREET SAMPLING SITE.,,urban-centre
440071009,440071009,41.823711,-71.411168,7.0,Rhode Island,Providence,Providence,COMMERCIAL,URBAN AND CENTER CITY,Rhode Island DEM And DOH,1973-01-01,,76 DORRANCE STREET.,,urban-centre
440071010, FRANCIS SCHOOL East Providence,41.841039,-71.36097,15.0,Rhode Island,Providence,East Providence,RESIDENTIAL,SUBURBAN,Rhode Island DEM And DOH,1993-06-01,,"FRANCIS SCHOOL, 64 BOURNE AVE",2916.0,urban-periphery
440090007,US-EPA Laboratory,41.49511,-71.423705,32.0,Rhode Island,Washington,Not in a City,RESIDENTIAL,SUBURBAN,Rhode Island DEM And DOH,1997-07-16,,"TARZWELL ROAD, NARRAGANSETT",2874.0,urban-periphery
440090008,"950 Succatash Rd South Kingston, RI 02879",41.377434,-71.524337,15.0,Rhode Island,Washington,South Kingstown (Town of),RESIDENTIAL,RURAL,Rhode Island DEM And DOH,2020-03-01,,"950 Succotash Rd South Kingston, ri 02879",2879.0,rural
440094003,440094003,0.0,0.0,0.0,Rhode Island,Washington,Not in a city,COMMERCIAL,URBAN AND CENTER CITY,Rhode Island DEM And DOH,1990-01-01,,142 MAIN ST,,urban-centre
450030003,JACKSON MIDDLE SCHOOL,33.342226,-81.788731,107.0,South Carolina,Aiken,Jackson,RESIDENTIAL,SUBURBAN,South Carolina Department of Environmental Services,1985-10-24,,8217 ATOMIC ROAD (INDIAN DRIVE) [Jackson],29831.0,urban-periphery
450070006,Garrison Arena,34.635958,-82.810667,221.6,South Carolina,Anderson,Pendleton,AGRICULTURAL,RURAL,South Carolina Department of Environmental Services,2020-02-28,,1101 W. Queen St. (Garrison Arena),29670.0,rural
450150002,BUSHY PARK PUMP STATION,32.987252,-79.9367,2.0,South Carolina,Berkeley,Not in a City,INDUSTRIAL,RURAL,South Carolina Department of Environmental Services,1978-06-20,,River Oak Drive (Goose Creek) [Bushy Park],29445.0,rural
450151002,Moncks Corner National Guard,33.183016,-80.030712,20.7,South Carolina,Berkeley,Moncks Corner,MILITARY RESERVATION,SUBURBAN,South Carolina Department of Environmental Services,2020-02-28,,320 Airport Rd (Moncks Corner),29461.0,urban-periphery
450190003,JENKINS AVE. FIRE STATION,32.882289,-79.977538,7.5,South Carolina,Charleston,North Charleston,COMMERCIAL,URBAN AND CENTER CITY,South Carolina Department of Environmental Services,1969-02-14,,4830 JENKINS AVE. [Jenkins Av.],29405.0,urban-centre
450190009,Rosemont,32.830746,-79.957197,2.0,South Carolina,Charleston,Charleston,RESIDENTIAL,SUBURBAN,South Carolina Department of Environmental Services,2010-08-30,,2220 Peace Street [Rosemont],29405.0,urban-periphery
450190020,North Charleston Fire Station,32.84755,-79.96516,10.0,South Carolina,Charleston,North Charleston,RESIDENTIAL,URBAN AND CENTER CITY,South Carolina Department of Environmental Services,2021-11-08,,2800 Carner Avenue (NCFS),29405.0,urban-centre
450190021,SPA - Irving St.,32.836602,-79.956983,4.0,South Carolina,Charleston,North Charleston,INDUSTRIAL,SUBURBAN,South Carolina Department of Environmental Services,2020-05-01,,2011 Irving Avenue (Irving St),29405.0,urban-periphery
450190022,450190022,32.840573,-79.959617,10.0,South Carolina,Charleston,North Charleston,RESIDENTIAL,URBAN AND CENTER CITY,South Carolina Department of Environmental Services,2021-06-01,,2449 Beacon St. (Gethsamane Community Center),29405.0,urban-centre
450190046,CAPE ROMAIN,32.941023,-79.657187,3.0,South Carolina,Charleston,Not in a City,FOREST,RURAL,South Carolina Department of Environmental Services,1983-07-11,,390 BULLS ISLAND ROAD (AWENDAW) [Cape Romain],29429.0,rural
450190048,FAA Tower,32.980254,-80.06501,13.0,South Carolina,Charleston,North Charleston,RESIDENTIAL,SUBURBAN,South Carolina Department of Environmental Services,1999-04-09,,2670 ELMS PLANTATION BLVD. [FAA Tower],29406.0,urban-periphery
450190049,CHARLESTON PUBLIC WORKS,32.790984,-79.958694,2.0,South Carolina,Charleston,Charleston,RESIDENTIAL,URBAN AND CENTER CITY,South Carolina Department of Environmental Services,1998-11-20,,360 FISHBURNE STREET [Charleston Public Works],29403.0,urban-centre
450195501,Chicora Elementary School,32.85395,-79.97042,5.0,South Carolina,Charleston,North Charleston,COMMERCIAL,URBAN AND CENTER CITY,US EPA/OAQPS,2009-06-17,,1912 Success Avenue [Chicora School],29405.0,urban-centre
450210003,450210003,35.131389,-81.405,340.0,South Carolina,Cherokee,Not in a City,FOREST,RURAL,National Park Service,2011-04-22,,Kings Mountain NMP - Brown's Mountain,29702.0,rural
450210004,Kings Mountain NMP - RAWS Station,35.1456,-81.4022,250.0,South Carolina,Cherokee,Not in a City,FOREST,RURAL,National Park Service,2016-04-15,,Kings Mountain NMP - RAWS Station,29702.0,rural
450250001,CHESTERFIELD,34.615367,-80.198787,133.0,South Carolina,Chesterfield,Not in a City,FOREST,RURAL,South Carolina Department of Environmental Services,2000-01-06,,RT 2 BOX 100 MCBEE  (SC145) [Chesterfield],29101.0,rural
450310003,Pee Dee Experimental Station,34.285696,-79.744859,36.0,South Carolina,Darlington,Not in a City,AGRICULTURAL,RURAL,South Carolina Department of Environmental Services,1993-02-25,,2200 POCKET ROAD [Pee Dee],29532.0,rural
450370001,TRENTON,33.739963,-81.853635,190.0,South Carolina,Edgefield,Not in a City,AGRICULTURAL,RURAL,South Carolina Department of Environmental Services,1980-03-28,,660 WOODYARD ROAD [Trenton],29847.0,rural
450410003,Williams Middle School,34.214263,-79.767347,44.0,South Carolina,Florence,Florence,RESIDENTIAL,SUBURBAN,South Carolina Department of Environmental Services,2008-08-04,,1119 N Irby Street [Williams],29501.0,urban-periphery
450418001,JCI Railroad,34.15567,-79.56983,27.0,South Carolina,Florence,Not in a City,INDUSTRIAL,RURAL,South Carolina Department of Environmental Services,2012-01-10,,Liberty Chapel @ Bethel Roads [Clarios Railroad],29506.0,rural
450418002,JCI Entrance,34.16416,-79.57233,31.0,South Carolina,Florence,Not in a City,INDUSTRIAL,RURAL,South Carolina Department of Environmental Services,2012-01-04,,Liberty Chapel at Paper Mill Roads [Clarios Entrance],29506.0,rural
450418003,JCI River (Woods),34.1675,-79.56266,26.0,South Carolina,Florence,Not in a City,INDUSTRIAL,RURAL,South Carolina Department of Environmental Services,2012-01-10,,Liberty Chapel at Paper Mill Roads [Clarios River/Woods],29506.0,rural
450430011,Howard #3,33.368916,-79.296617,6.0,South Carolina,Georgetown,Georgetown,RESIDENTIAL,URBAN AND CENTER CITY,South Carolina Department of Environmental Services,2008-07-15,,594 Gilbert Street [Howard #3],29440.0,urban-centre
450450015,Greenville ESC,34.843895,-82.414585,308.0,South Carolina,Greenville,Greenville,RESIDENTIAL,URBAN AND CENTER CITY,South Carolina Department of Environmental Services,2008-04-11,,133 Perry Avenue [Greenville ESC],29601.0,urban-centre
450450016,Hillcrest Middle School,34.751848,-82.256701,259.0,South Carolina,Greenville,Simpsonville,RESIDENTIAL,SUBURBAN,South Carolina Department of Environmental Services,2009-02-17,,510 Garrison Road [Hillcrest],29681.0,urban-periphery
450510008,Coastal Carolina University,33.8005,-78.9941,14.0,South Carolina,Horry,Conway,COMMERCIAL,SUBURBAN,South Carolina Department of Environmental Services,2016-07-27,,485 Century Circle (Coastal Carolina),29526.0,urban-periphery
450630008,IRMO,34.051017,-81.15495,69.0,South Carolina,Lexington,Seven Oaks,COMMERCIAL,SUBURBAN,South Carolina Department of Environmental Services,1989-04-07,,200 LEISURE LANE [IRMO],29210.0,urban-periphery
450630010,Cayce City Hall,33.969145,-81.06629,67.0,South Carolina,Lexington,Cayce,COMMERCIAL,URBAN AND CENTER CITY,South Carolina Department of Environmental Services,2007-12-06,,1830 Morlaine Road (1800 12th Street) [Cayce City Hall],29033.0,urban-centre
450730001,LONG CREEK,34.805261,-83.2377,658.0,South Carolina,Oconee,Not in a City,FOREST,RURAL,South Carolina Department of Environmental Services,1983-08-01,,ROUND MOUNTAIN TOWER ROAD [Long Creek],29664.0,rural
450770002,CLEMSON CMS,34.653606,-82.838659,219.0,South Carolina,Pickens,Not in a City,AGRICULTURAL,RURAL,South Carolina Department of Environmental Services,1979-07-14,,106 HOPEWELL ROAD [Clemson],29631.0,rural
450770003,Wolf Creek,34.851537,-82.744576,276.0,South Carolina,Pickens,Not in a City,AGRICULTURAL,RURAL,South Carolina Department of Environmental Services,2010-08-10,,901 Allgood Bridge Road [Wolf Creek],29671.0,rural
450790007,PARKLANE,34.093959,-80.962304,107.0,South Carolina,Richland,Dentsville (Dents),COMMERCIAL,SUBURBAN,South Carolina Department of Environmental Services,1980-04-03,,8311 PARKLANE ROAD [Parklane],29203.0,urban-periphery
450790020,STATE HOSPITAL,34.015494,-81.034179,87.0,South Carolina,Richland,Columbia,COMMERCIAL,URBAN AND CENTER CITY,South Carolina Department of Environmental Services,1999-01-07,,2100 BULL STREET [State Hospital],29201.0,urban-centre
450790021,CONGAREE BLUFF,33.81468,-80.781135,33.9,South Carolina,Richland,Not in a City,FOREST,RURAL,South Carolina Department of Environmental Services,1999-12-27,,1850 SOUTH CEDAR CREEK ROAD [Congaree Bluff],29061.0,rural
450790022,Irmo DJJ,34.075687,-81.124988,100.0,South Carolina,Richland,Columbia,COMMERCIAL,SUBURBAN,South Carolina Department of Environmental Services,2023-01-20,,4900 Broad River Rd. [Irmo DJJ],29212.0,urban-periphery
450791001,SANDHILL EXPERIMENTAL STATION,34.131262,-80.868318,139.0,South Carolina,Richland,Not in a City,AGRICULTURAL,RURAL,South Carolina Department of Environmental Services,1959-01-01,,900 CLEMSON ROAD [Sandhill],29229.0,rural
450798007,HAYNE BLDG ANNEX,34.089189,-80.962646,98.0,South Carolina,Richland,Dentsville (Dents),RESIDENTIAL,SUBURBAN,South Carolina Department of Environmental Services,2007-06-01,,8231 PARKLANE ROAD,29223.0,urban-periphery
450799007,HAYNE BLDG - DAQA LAB - THIRD FLOOR,34.091028,-80.96167,98.0,South Carolina,Richland,Dentsville (Dents),RESIDENTIAL,SUBURBAN,South Carolina Department of Environmental Services,1987-01-01,,8231 PARKLANE ROAD [Hayne Lab],29223.0,urban-periphery
450830009,NORTH SPARTANBURG FIRE STATION #2,34.988706,-82.075802,265.0,South Carolina,Spartanburg,Not in a City,RESIDENTIAL,RURAL,South Carolina Department of Environmental Services,1990-04-04,,1556 JOHN DODD ROAD [North Spartanburg Fire Station #2],29385.0,rural
450830011,T.K. Gregg,34.955566,-81.924797,232.0,South Carolina,Spartanburg,Spartanburg,RESIDENTIAL,URBAN AND CENTER CITY,South Carolina Department of Environmental Services,2008-12-29,,267 Northview Street [Gregg],29302.0,urban-centre
450910007,450910007,35.138056,-81.387222,325.0,South Carolina,York,Not in a City,FOREST,RURAL,National Park Service,2011-04-22,,Kings Mountain NMP - Reservoir Hill,29702.0,rural
450910008,YORK (LANDFILL),34.977,-81.207,215.0,South Carolina,York,Not in a City,AGRICULTURAL,RURAL,South Carolina Department of Environmental Services,2017-02-27,,310 LANGRUM RD (York Landfill),29745.0,rural
450918001,Catawba Longhouse,34.9127,-80.8745,162.0,South Carolina,York,Rock Hill,COMMERCIAL,SUBURBAN,South Carolina Department of Environmental Services,2012-05-04,,996 Avenue of the Nations [Catawba Longhouse],29730.0,urban-periphery
450918801,450918801,34.9127,-80.8745,10.0,South Carolina,York,Rock Hill,RESIDENTIAL,SUBURBAN,Catawba Indian Nation,2016-04-01,,996 Avenue of the Nations,29730.0,urban-periphery
450919001,450919001,34.832878,-80.8876,153.56,South Carolina,York,Not in a City,INDUSTRIAL,RURAL,TRC Environmental Corporation,2022-11-01,,5300 Cureton Ferry Rd,29704.0,rural
450919002,450919002,34.848912,-80.868323,146.4,South Carolina,York,Not in a City,INDUSTRIAL,RURAL,TRC Environmental Corporation,2022-11-01,,"5300 Cureton Ferry Rd, Catawba, SC 29704",29704.0,rural
450919003,450919003,34.855995,-80.871611,145.0,South Carolina,York,Not in a City,INDUSTRIAL,RURAL,TRC Environmental Corporation,2022-11-01,,"5300 Cureton Ferry Rd, Catawba, SC 29704",29704.0,rural
460110003,Research Farm,44.348604,-96.807299,504.0,South Dakota,Brookings,Not in a City,AGRICULTURAL,RURAL,South Dakota Department of Agriculture and Natural Resources,2008-05-09,,"3714 Western Ave, Brookings, SD  57006",57006.0,rural
460130004,Aberdeen Bus Stop,45.468596,-98.494061,395.3,South Dakota,Brown,Aberdeen,COMMERCIAL,URBAN AND CENTER CITY,South Dakota Department of Agriculture and Natural Resources,2020-01-01,,250 N 4th St,57401.0,urban-centre
460270001,Vermillion DOT,42.78943,-96.90383,376.0,South Dakota,Clay,Not in a City,AGRICULTURAL,RURAL,South Dakota Department of Agriculture and Natural Resources,2022-01-01,,1005 N Crawford Rd,,rural
460290002,Watertown Utility Yard,44.89965,-97.128802,524.0,South Dakota,Codington,Watertown,COMMERCIAL,URBAN AND CENTER CITY,South Dakota Department of Agriculture and Natural Resources,2003-01-01,,801 4TH AVE SW - WATERTOWN,57201.0,urban-centre
460330003,460330003,43.768683,-103.584732,1614.0,South Dakota,Custer,Not in a city,RESIDENTIAL,SUBURBAN,South Dakota Department of Agriculture and Natural Resources,2002-03-21,,"CANAL AND BLUE BELL, SPORTS COMPLEX",,urban-periphery
460330132,Wind Cave,43.55764,-103.48386,1288.0,South Dakota,Custer,Not in a City,FOREST,RURAL,National Park Service,1999-12-01,,"WIND CAVE NATIONAL PARK, SOUTH DAKOTA",57730.0,rural
460650003,Pierre Airport,44.373786,-100.287269,524.0,South Dakota,Hughes,Pierre,COMMERCIAL,SUBURBAN,South Dakota Department of Agriculture and Natural Resources,2015-01-01,,4293 Airport Rd,57501.0,urban-periphery
460710001,SOUTH OF BADLANDS NP HEADQUARTERS,43.74561,-101.941218,742.0,South Dakota,Jackson,Not in a City,AGRICULTURAL,RURAL,South Dakota Department of Agriculture and Natural Resources,1988-01-01,,BADLANDS PO BOX 6 HEADQUARTERS,57750.0,rural
460930001,BLACK HAWK ELEMENTARY SCHOOL GROUNDS,44.155636,-103.315765,1080.0,South Dakota,Meade,Not in a City,RESIDENTIAL,SUBURBAN,South Dakota Department of Agriculture and Natural Resources,2000-11-29,,7108 SEEAIRE ST - BLACK HAWK ELEMENTARY,,urban-periphery
460990007,NEAR HILLTOP WATERTOWER,43.537626,-96.682001,480.0,South Dakota,Minnehaha,Sioux Falls,RESIDENTIAL,URBAN AND CENTER CITY,South Dakota Department of Agriculture and Natural Resources,1999-01-01,,"BAHNSON AVE, HILLTOP SITE",,urban-centre
460990009,SF-USD,43.59901,-96.78331,452.0,South Dakota,Minnehaha,Sioux Falls,COMMERCIAL,URBAN AND CENTER CITY,South Dakota Department of Agriculture and Natural Resources,2021-02-27,,4801 N Career Ave,,urban-centre
461030013,461030013,44.083489,-103.269603,1031.0,South Dakota,Pennington,Rapid City,INDUSTRIAL,SUBURBAN,South Dakota Department of Agriculture and Natural Resources,1992-01-01,,NATIONAL GUARD CAMP ARMORY SITE,,urban-periphery
461030016,NEAR ROBINSDALE SCHOOL,44.064932,-103.209138,1546.0,South Dakota,Pennington,Rapid City,RESIDENTIAL,URBAN AND CENTER CITY,South Dakota Department of Agriculture and Natural Resources,1999-01-01,,424 EAST INDIANA STREET ROBINSDALE SITE,,urban-centre
461030020,CREDIT UNION,44.087397,-103.273777,1042.0,South Dakota,Pennington,Rapid City,COMMERCIAL,URBAN AND CENTER CITY,South Dakota Department of Agriculture and Natural Resources,2003-10-07,,"CREDIT UNION SITE, 106 KINNEY AVE.",57702.0,urban-centre
461270002,Union County #2 Renken,42.850975,-96.747325,378.0,South Dakota,Union,Not in a City,AGRICULTURAL,RURAL,South Dakota Department of Agriculture and Natural Resources,2009-01-01,,31307 473rd Ave,57025.0,rural
470010028,470010028,36.027857,-84.151307,299.0,Tennessee,Anderson,Not in a city,RESIDENTIAL,SUBURBAN,Tennessee Valley Authority,1976-01-01,,TVA BULL RUN 26__0.5 MI NE BULL RUN FP,,urban-periphery
470010101,Freels/Oak Ridge,35.96504,-84.22319,238.0,Tennessee,Anderson,Oak Ridge,FOREST,RURAL,Tennessee Division Of Air Pollution Control,1992-04-01,,"Freel's Bend Rd, Oak Ridge, TN",37830.0,rural
470018001,WALKER BRANCH ROAD,35.961467,-84.287145,341.0,Tennessee,Anderson,Not in a city,FOREST,RURAL,US EPA National Exposure Research Lab,1987-01-01,,WALKER BRANCH ROAD,,rural
470050009,470050009,36.160891,-87.945031,152.0,Tennessee,Benton,Not in a city,AGRICULTURAL,RURAL,Consolidated Aluminum Company,1980-03-01,,HARMON CREEK BOAT DOCK,,rural
470050101,470050101,36.041727,-88.126427,129.0,Tennessee,Benton,Camden,RESIDENTIAL,RURAL,Tennessee Division Of Air Pollution Control,1981-02-26,,ROBERTS AVE. JACK COLWICK RESIDENCE,,rural
470050102,SITE LOCATED 6 METERS SE OF JD BONG RESIDENCE IN FRONT YARD,36.0475,-88.130833,152.0,Tennessee,Benton,Camden,RESIDENTIAL,URBAN AND CENTER CITY,Tennessee Division Of Air Pollution Control,1986-12-01,,2150 US HWY 70 @ JD BOND RESIDENCE,,urban-centre
470090002,470090002,35.775,-83.965833,302.0,Tennessee,Blount,Alcoa,COMMERCIAL,RURAL,Aluminum Company Of America,1974-11-01,,ROCK GARDENS CLEVELAND ST.,37701.0,rural
470090005,470090005,35.77,-83.938889,354.0,Tennessee,Blount,Maryville,RESIDENTIAL,SUBURBAN,Tennessee Division Of Air Pollution Control,1985-12-01,,FIELD BETWEEN FIRE HALL#2 AND SEVIER SCH,,urban-periphery
470090006,470090006,35.768056,-83.976667,244.0,Tennessee,Blount,Alcoa,RESIDENTIAL,SUBURBAN,Aluminum Company Of America,1991-01-01,,RANKIN RD. & JOULE ST.,37701.0,urban-periphery
470090007,470090007,35.783416,-83.954626,256.0,Tennessee,Blount,Alcoa,RESIDENTIAL,SUBURBAN,Aluminum Company Of America,1991-01-01,,FLETCHER ST. & EAGLETON RD.,,urban-periphery
470090008,SITE LOCATED IN A RURAL AGRICULTURE SETTING,35.660278,-84.129722,265.0,Tennessee,Blount,Not in a city,AGRICULTURAL,RURAL,Sea Ray,1995-04-01,,320 LOU GODDARD LANE,,rural
470090009,470090009,35.790428,-83.927484,333.0,Tennessee,Blount,Not in a City,RESIDENTIAL,SUBURBAN,Aluminum Company Of America,1996-01-01,,"Patrick Dr, Maryville",37804.0,urban-periphery
470090010,470090010,35.836819,-83.82348,310.0,Tennessee,Blount,Not in a City,RESIDENTIAL,RURAL,Aluminum Company Of America,1996-01-01,,421 Keeble Rd,37804.0,rural
470090011,Maryville,35.768847,-83.942152,320.0,Tennessee,Blount,Maryville,RESIDENTIAL,SUBURBAN,Tennessee Division Of Air Pollution Control,2000-05-01,,"2007 Sequoyah Avenue Maryville, TN 37803",37804.0,urban-periphery
470090101,Great Smoky Mountains NP,35.63348,-83.941606,801.0,Tennessee,Blount,Not in a City,FOREST,RURAL,National Park Service,1980-01-01,,GREAT SMOKY MOUNTAINS NP LOOK ROCK,37803.0,rural
470090102,Great Smoky Mountains NP - Cade's Cove,35.603056,-83.783611,564.0,Tennessee,Blount,Not in a City,FOREST,RURAL,National Park Service,1994-05-01,,GREAT SMOKY MOUNTAINS NP - CADES COVE,37882.0,rural
470110002,470110002,35.218962,-84.791609,229.0,Tennessee,Bradley,Not in a city,RESIDENTIAL,RURAL,Tennessee Division Of Air Pollution Control,1983-01-01,,WATER TREATMENT PLANT DRY VALLEY ROAD,,rural
470110004,"TENNESSEE VALLEY AUTHORITY PSD SITE IN BRADLEY COUNTY, TN",35.296183,-84.893558,235.0,Tennessee,Bradley,Not in a city,AGRICULTURAL,RURAL,Tennessee Valley Authority,1994-02-17,,"1815 NO PONE ROAD, GEORGETOWN, TN 37336",,rural
470110103,470110103,35.278164,-84.753816,213.0,Tennessee,Bradley,Not in a City,COMMERCIAL,RURAL,Tennessee Division Of Air Pollution Control,1986-07-01,,BOWATERS VEC SUB-STATION  CALHOUN,37310.0,rural
470111002,470111002,35.188721,-84.867152,262.0,Tennessee,Bradley,Cleveland,COMMERCIAL,SUBURBAN,Tennessee Division Of Air Pollution Control,1972-01-01,,2850 Keith Street NW,37312.0,urban-periphery
470111003,IN A GRASSY FIELD OF A VALLEY VARYING FROM LEVEL TO ROLLING TERRAIN,35.296183,-84.893558,235.0,Tennessee,Bradley,Not in a city,AGRICULTURAL,RURAL,Tennessee Valley Authority,1994-02-17,,1815 NO PONE RD,,rural
470190101,470190101,36.283169,-82.153184,700.0,Tennessee,Carter,Not in a city,RESIDENTIAL,RURAL,Tennessee Division Of Air Pollution Control,1985-06-01,,HAMPTON LEWIS RESIDENCE  BRAEMAN COMM.,,rural
470215501,Ashland City Elementary School,36.271502,-87.062596,0.0,Tennessee,Cheatham,Ashland City,COMMERCIAL,URBAN AND CENTER CITY,Tennessee Division Of Air Pollution Control,2009-04-13,,108 Elizabeth St,37015.0,urban-centre
470258001,"ROUTE1, BOX 52 SPEEDWELL, TN",36.468135,-83.828806,0.0,Tennessee,Claiborne,Not in a city,RESIDENTIAL,RURAL,US EPA National Exposure Research Lab,1989-06-01,,"ROUTE1, BOX 52 SPEEDWELL, TN",,rural
470259991,Speedwell,36.46983,-83.826511,361.0,Tennessee,Claiborne,Not in a City,AGRICULTURAL,RURAL,USEPA - Clean Air and Power Division,1989-06-09,,"718 Russell Hill Rd, Speedwell, TN 37870",37870.0,rural
470310004,"TVA PSD SITE IN COFFEE COUNTY, TN",35.582222,-86.015556,344.0,Tennessee,Coffee,Not in a City,AGRICULTURAL,RURAL,Tennessee Valley Authority,1995-03-28,,"SUMMITVILLE RD., MANCHESTER, TN 37355",37355.0,rural
470370002,Trevecca,36.143301,-86.754609,149.0,Tennessee,Davidson,Nashville,COMMERCIAL,URBAN AND CENTER CITY,Metropolitan Health Department/Nashville & Davidson County,1969-08-22,,LESTER & HART STS,,urban-centre
470370011,East Health Center,36.205055,-86.74472,165.0,Tennessee,Davidson,Nashville,RESIDENTIAL,URBAN AND CENTER CITY,Metropolitan Health Department/Nashville & Davidson County,1970-05-01,,1015 TRINITY LANE,,urban-centre
470370021,470370021,36.159728,-86.781148,151.0,Tennessee,Davidson,Nashville,COMMERCIAL,URBAN AND CENTER CITY,Metropolitan Health Department/Nashville & Davidson County,1972-04-14,,700 BROADWAY,,urban-centre
470370023,Lockeland,36.176382,-86.7389,160.0,Tennessee,Davidson,Nashville,INDUSTRIAL,URBAN AND CENTER CITY,Metropolitan Health Department/Nashville & Davidson County,1976-01-01,,105 SOUTH 17TH ST @ LOCKELAND SCHOOL,,urban-centre
470370024,McCann,36.16282,-86.854927,142.0,Tennessee,Davidson,Nashville,RESIDENTIAL,SUBURBAN,Metropolitan Health Department/Nashville & Davidson County,1976-01-01,,56TH AVE AND LOUISIANA ST,,urban-periphery
470370026,Percy Priest Dam,36.150799,-86.623297,186.0,Tennessee,Davidson,Nashville,FOREST,RURAL,Metropolitan Health Department/Nashville & Davidson County,1978-01-01,,3711 BELL ROAD,,rural
470370031,470370031,36.176445,-86.76222,0.0,Tennessee,Davidson,Nashville,RESIDENTIAL,URBAN AND CENTER CITY,Metropolitan Health Department/Nashville & Davidson County,1980-01-01,,210 NORTH 7TH STREET,,urban-centre
470370035,470370035,36.160278,-86.791667,140.0,Tennessee,Davidson,Nashville,COMMERCIAL,URBAN AND CENTER CITY,Metropolitan Health Department/Nashville & Davidson County,1990-01-01,,1214 CHURCH STREET,,urban-centre
470370036,Hillwood,36.118251,-86.873547,174.0,Tennessee,Davidson,Nashville,RESIDENTIAL,SUBURBAN,Metropolitan Health Department/Nashville & Davidson County,1998-12-01,,400 DAVIDSON RD,,urban-periphery
470370040,Near Road Site,36.1424,-86.7341,155.0,Tennessee,Davidson,Nashville-Davidson (Remainder),INDUSTRIAL,URBAN AND CENTER CITY,Metropolitan Health Department/Nashville & Davidson County,2014-07-01,,1113 Elm Hill Pike,37210.0,urban-centre
470418001,470418001,36.040895,-85.732761,302.0,Tennessee,DeKalb,Not in a city,FOREST,RURAL,US EPA National Exposure Research Lab,1988-04-01,,EDGAR EVINS STATE PARK,,rural
470419991,Edgar Evans,36.0388,-85.7331,302.0,Tennessee,DeKalb,Not in a City,FOREST,RURAL,USEPA - Clean Air and Power Division,1988-03-15,,"Edgar Evans State Park, Smithville, TN 37166",37166.0,rural
470430004,470430004,36.197001,-87.356954,215.0,Tennessee,Dickson,Not in a city,AGRICULTURAL,RURAL,Tennessee Valley Authority,1973-01-01,,21.2 MI SE OF CUMBERLAND POWER PLANT,,rural
470430006,"SUBURBAN SITE NORTH EAST OF TOWN , RESIDENTIAL SETTING",36.085,-87.381944,0.0,Tennessee,Dickson,Dickson,RESIDENTIAL,SUBURBAN,Tennessee Division Of Air Pollution Control,1993-11-19,,507 HENSLEE DRIVE,,urban-periphery
470430007,NORTH OF ROAD IN CENTER OF HAY FIELD,36.161111,-87.298333,207.0,Tennessee,Dickson,Dickson,COMMERCIAL,SUBURBAN,Quebecor,1994-04-01,,1351 OLD HIGHWAY 47,,urban-periphery
470430008,SITE LOCATED NEXT TO OLD COLUMBIA RD AND ADJACENT TO AN OPEN FIELD,36.047839,-87.342789,250.0,Tennessee,Dickson,Dickson,INDUSTRIAL,SUBURBAN,Tennessee Division Of Air Pollution Control,1994-09-01,,OLD COLUMBIA RD ON LUTHER PROPERTY,,urban-periphery
470430009,"TVA PSD SITE IN DICKSON COUNTY, TN",36.246667,-87.364444,226.0,Tennessee,Dickson,Not in a city,AGRICULTURAL,RURAL,Tennessee Valley Authority,1994-09-15,,"1090 DANIEL LANE, CUMBERLAND FURNACE, TN",,rural
470430010,470430010,36.059907,-87.352381,262.0,Tennessee,Dickson,Dickson,COMMERCIAL,URBAN AND CENTER CITY,Tennessee Division Of Air Pollution Control,2003-10-01,,202 PRINTWOOD DRIVE,,urban-centre
470450003,SITE LOCATED ON OUTSKIRTS OF NEWBERN. AREA IS RURAL AND FAIRLY FLAT,36.120833,-89.276111,101.0,Tennessee,Dyer,Not in a city,AGRICULTURAL,RURAL,"World Color Press, Inc",1995-04-01,,501 BIFFLE RD,,rural
470450004,Dyersburg,36.05266,-89.382157,100.0,Tennessee,Dyer,Dyersburg,RESIDENTIAL,SUBURBAN,Tennessee Division Of Air Pollution Control,1999-08-22,,"175-B Greenway Street, Dyersburg, TN 38024",38024.0,urban-periphery
470450005,THE MONITOR IS LOCATED IN A FARM YARD JUST SOUTH OF US HWY 51,36.123611,-89.285278,105.0,Tennessee,Dyer,Not in a city,AGRICULTURAL,RURAL,Quebecor,2001-03-01,,US HWY 41 AT STATE ROUTE 77,,rural
470470101,470470101,35.043702,-89.546468,100.0,Tennessee,Fayette,Not in a city,INDUSTRIAL,URBAN AND CENTER CITY,Tennessee Division Of Air Pollution Control,1984-04-01,,ROSS METALS ROSSVILLE CITY HALL,,urban-centre
470470102,470470102,35.049535,-89.548135,100.0,Tennessee,Fayette,Not in a city,INDUSTRIAL,RURAL,Tennessee Division Of Air Pollution Control,1984-04-01,,ROSS METALS STA #2,,rural
470470103,470470103,35.374806,-89.578133,100.0,Tennessee,Fayette,Not in a city,AGRICULTURAL,RURAL,Tennessee Division Of Air Pollution Control,1987-04-01,,BRADEN HWY 70 W  NORTWEST ELEM SCHOOL,,rural
470470104,470470104,35.048424,-89.55119,97.0,Tennessee,Fayette,Not in a city,INDUSTRIAL,RURAL,Knox County Department Of Air Pollution Control,1990-12-04,,ROSSVILLE WEST LAGOON ACCESS,,rural
470550002,3.4 MILES ON LEFT FROM HWY 64 AT POWELL RESIDENCE 0.1 MILES FROM RD,35.182222,-87.195833,0.0,Tennessee,Giles,Not in a city,AGRICULTURAL,RURAL,Tennessee Valley Authority,1989-10-01,,"HURRICANE RD, POWELL RESIDENCE",,rural
470590003,GRASSY AREA NORTH OF GARDNER RESIDENCE,36.181389,-82.988056,396.0,Tennessee,Greene,Midway,RESIDENTIAL,SUBURBAN,Tennessee Division Of Air Pollution Control,1998-10-20,,20 ROCKY POINT ROAD,,urban-periphery
470591002,470591002,36.189,-83.015,1100.0,Tennessee,Greene,Not in a City,INDUSTRIAL,RURAL,Tennessee Division Of Air Pollution Control,2011-03-16,,"990 Gravel Woods Rd , Mosheim  TN    37809",37809.0,rural
470595502,West Greene High School,36.185198,-82.973017,0.0,Tennessee,Greene,Not in a City,COMMERCIAL,URBAN AND CENTER CITY,Tennessee Division Of Air Pollution Control,2009-08-19,,275 W Greene Dr,37818.0,urban-centre
470630003,"TENNESSEE VALLEY AUTHORITY PSD SITE IN HAMBLEM COUNTY, TN",36.307872,-83.134361,0.0,Tennessee,Hamblen,Not in a city,AGRICULTURAL,RURAL,Tennessee Valley Authority,1993-12-15,,"8250 WHITAKER RIDGE RD., WHITESBURG, TN",,rural
470650031, EAST RIDGE CITY HALL,34.99438,-85.24293,0.0,Tennessee,Hamilton,East Ridge,COMMERCIAL,URBAN AND CENTER CITY,Chattanooga-Hamilton County Air Pollution Control,1999-05-06,,"1517 TOMBRAS AVENUE, EAST RIDGE",37412.0,urban-centre
470650032,MONITOR LOCATED ON TOP OF SHERIFF'S OFFICE,35.176181,-85.253291,0.0,Tennessee,Hamilton,Chattanooga,COMMERCIAL,URBAN AND CENTER CITY,Chattanooga-Hamilton County Air Pollution Control,1999-06-05,,6233 NORTH DAYTON BLVD.,,urban-centre
470651011,Soddy Daisy,35.233476,-85.181581,289.6,Tennessee,Hamilton,Soddy-Daisy,COMMERCIAL,RURAL,Chattanooga-Hamilton County Air Pollution Control,1978-08-01,,SODDY DAISY H.S.  00618 SEQUOYAH RD,37379.0,rural
470654002,Siskin,35.050918,-85.293019,214.8,Tennessee,Hamilton,Chattanooga,COMMERCIAL,URBAN AND CENTER CITY,Chattanooga-Hamilton County Air Pollution Control,1999-01-01,,RIVERSIDE SUBSTATION  911 SISKIN DR,37403.0,urban-centre
470654003,Eastside,35.102638,-85.162194,284.9,Tennessee,Hamilton,Chattanooga,INDUSTRIAL,URBAN AND CENTER CITY,Chattanooga-Hamilton County Air Pollution Control,2004-03-01,,8301 HICKORY VALLEY RD- EASTSIDE UTILITY FILTER PLANT (RESERVOIR ROAD ),37363.0,urban-centre
470710003,470710003,35.036196,-88.270874,146.0,Tennessee,Hardin,Not in a city,RESIDENTIAL,SUBURBAN,Tennessee Division Of Air Pollution Control,1987-03-01,,COUNCE TN. RIVER P&P HARVILL  OFF C-630,,urban-periphery
470710004,470710004,35.042863,-88.265874,104.0,Tennessee,Hardin,Not in a city,INDUSTRIAL,RURAL,Tennessee River Pulp And Paper Company,1988-05-01,,COUNCE HWY 57 & CAMPBELL ST.,,rural
470730002,470730002,36.36704,-82.977663,347.0,Tennessee,Hawkins,Not in a city,AGRICULTURAL,RURAL,Tennessee Valley Authority,1973-01-01,,TVA JOHN SEVIER 4 1.0 MI SW JOHN SEV. FP,,rural
470730003,470730003,36.371207,-82.981829,338.0,Tennessee,Hawkins,Not in a city,AGRICULTURAL,RURAL,Tennessee Valley Authority,1983-07-12,,TVA JOHN SEVIER 5 1.1 MI WSW JOHN SEV FP,,rural
470730101,470730101,36.592321,-82.623489,401.0,Tennessee,Hawkins,Church Hill,AGRICULTURAL,RURAL,Tennessee Division Of Air Pollution Control,1980-04-23,,WEST CARTER VALLEY RD. TITTSWORTH RES.,,rural
470750001,470750001,35.685911,-89.398683,0.0,Tennessee,Haywood,Not in a city,AGRICULTURAL,RURAL,Tennessee Division Of Air Pollution Control,1992-08-01,,"STATE HWY 19 NUTBUSH, TN",,rural
470750002,"TVA PSD STATION NEAR NUTBUSH, TN IN HAYWOOD CO.",35.765909,-89.433962,140.0,Tennessee,Haywood,Not in a city,INDUSTRIAL,RURAL,Tennessee Valley Authority,1993-02-10,,"RT. 1 BOX 437A, GATES TN 38037",,rural
470750003,SHELTER IS IN A FLAT GRASSY AREA NEAR USGS ACID DEPOSITION EQUIPMENT,35.46872,-89.171082,116.0,Tennessee,Haywood,Not in a City,FOREST,RURAL,Tennessee Division Of Air Pollution Control,1999-03-01,,1741 HILLVILLE LOOP ROAD,38069.0,rural
470790004,SITE LOCATED SW OF SPRUCE STREET ALONG RAILROAD SPUR,36.288889,-88.316944,146.0,Tennessee,Henry,Paris,COMMERCIAL,SUBURBAN,American Colloid,1995-04-01,,SPRUCE ST NEAR AMERICAN COLLOID FACILITY,,urban-periphery
470790005,LOCATED BETWEEN RAILROAD TRACKS AND MINERAL WELLS AVENUE,36.288056,-88.313611,146.0,Tennessee,Henry,Paris,INDUSTRIAL,SUBURBAN,American Colloid,1995-02-02,,SHIRLEY_ST,,urban-periphery
470830004,470830004,36.360887,-87.714742,216.0,Tennessee,Houston,Not in a city,AGRICULTURAL,RURAL,Tennessee Valley Authority,1983-01-01,,TVA CUMBERLAND 24 3.96 MI WSW CUMB. FP,,rural
470850020,470850020,36.052004,-87.965032,160.0,Tennessee,Humphreys,Not in a City,AGRICULTURAL,RURAL,Tennessee Valley Authority,1975-01-14,,TVA JOF 13 2.03 N 36 E JOF PLANT,,rural
470850028,470850028,36.03506,-87.990589,195.0,Tennessee,Humphreys,Not in a city,AGRICULTURAL,RURAL,Tennessee Valley Authority,1983-07-05,,TVA J'VILLE 20___1.13 MI ENE J'VILLE FP,,rural
470855503,Lakeview Elementary School,36.0083,-87.9612,0.0,Tennessee,Humphreys,New Johnsonville (corporate name for Johnsonville),COMMERCIAL,URBAN AND CENTER CITY,Tennessee Division Of Air Pollution Control,2009-04-19,,802 Long Street,37134.0,urban-centre
470890001,470890001,36.122778,-83.600278,335.0,Tennessee,Jefferson,Not in a city,AGRICULTURAL,RURAL,Tennessee Division Of Air Pollution Control,1992-04-01,,NANCES GROVE ___NANCES FERRY ROAD,,rural
470890002,New Market,36.105629,-83.602077,310.0,Tennessee,Jefferson,New Market,AGRICULTURAL,RURAL,Tennessee Division Of Air Pollution Control,1999-03-01,,"2393 Forrester Road, New Market, TN 37820",37820.0,rural
470890101,470890101,36.115922,-83.49684,365.0,Tennessee,Jefferson,Not in a city,RESIDENTIAL,SUBURBAN,Tennessee Division Of Air Pollution Control,1986-05-02,,JEFFERSON CITY 400 W.JEFFERSON ST WARREN,,urban-periphery
470930005,470930005,36.077024,-84.061304,280.0,Tennessee,Knox,Not in a city,AGRICULTURAL,RURAL,Tennessee Division Of Air Pollution Control,1987-01-01,,6.85 MILES NE OF BULL RUN POWER PLANT,,rural
470930018,470930018,35.980912,-84.166306,293.0,Tennessee,Knox,Not in a city,AGRICULTURAL,RURAL,Tennessee Division Of Air Pollution Control,1975-01-01,,2.8 MI SSW OF BULL RUN STEAM PLT,,rural
470930020,470930020,35.980912,-84.166306,293.0,Tennessee,Knox,Not in a city,AGRICULTURAL,RURAL,Tennessee Valley Authority,1981-01-01,,2.8 MI SSW OF BULL RUN STEAM PLANT,,rural
470930021,East Knox Elementary School,36.085508,-83.764806,299.0,Tennessee,Knox,Mascot,AGRICULTURAL,RURAL,Knox County Department Of Air Pollution Control,1981-06-01,,9315 RUTLEDGE PIKE MASCOT TN 37806,37806.0,rural
470930022,Green Elementary School,35.968734,-83.911379,305.0,Tennessee,Knox,Knoxville,RESIDENTIAL,URBAN AND CENTER CITY,Knox County Department Of Air Pollution Control,1982-01-01,,800 TOWNVIEW PLACE/GREEN ELEMENTARY SCH.,37915.0,urban-centre
470930023,Ameristeel,35.98104,-83.954311,281.0,Tennessee,Knox,Knoxville,INDUSTRIAL,URBAN AND CENTER CITY,Knox County Department Of Air Pollution Control,2011-01-01,,1526 New York Ave,37921.0,urban-centre
470930024,Parton Place,35.977222,-83.955439,281.0,Tennessee,Knox,Knoxville,RESIDENTIAL,URBAN AND CENTER CITY,Knox County Department Of Air Pollution Control,2021-07-21,,1904 Tennessee Ave,37921.0,urban-centre
470930025,470930025,35.962305,-83.919628,300.0,Tennessee,Knox,Knoxville,COMMERCIAL,URBAN AND CENTER CITY,Knox County Department Of Air Pollution Control,1987-11-01,,501 MAINSTREET  FEDERAL COURT HOUSE,,urban-centre
470930027,Burnside,35.983056,-83.952253,286.0,Tennessee,Knox,Knoxville,INDUSTRIAL,URBAN AND CENTER CITY,Knox County Department Of Air Pollution Control,1994-12-04,, 2522 BURNSIDE ST KNOXVILLE TN 37921,37921.0,urban-centre
470930028,BEARDEN MIDDLE SCHOOL,35.944601,-84.03598,311.0,Tennessee,Knox,Knoxville,MOBILE,SUBURBAN,Knox County Department Of Air Pollution Control,1999-01-01,,1000 FRANCIS ROAD,37909.0,urban-periphery
470931013,AIR LAB,35.980675,-83.925773,277.0,Tennessee,Knox,Knoxville,MOBILE,URBAN AND CENTER CITY,Knox County Department Of Air Pollution Control,1975-01-01,,"939 Stewart St. Knoxville, TN 37917",37917.0,urban-centre
470931017,Rule High School (relo),35.978074,-83.950666,317.0,Tennessee,Knox,Knoxville,RESIDENTIAL,URBAN AND CENTER CITY,Knox County Department Of Air Pollution Control,1978-04-01,,1613 VERMONT AVENUE,37921.0,urban-centre
470931020,Spring Hill Elementary School,36.019186,-83.87381,322.0,Tennessee,Knox,Knoxville,MOBILE,SUBURBAN,Knox County Department Of Air Pollution Control,1981-01-01,,4625 MILDRED DRIVE,37914.0,urban-periphery
470931021,470931021,35.96619,-84.174639,326.0,Tennessee,Knox,Not in a city,RESIDENTIAL,SUBURBAN,Tennessee Valley Authority,1984-01-01,,TVA BULL RUN 28__23 MI SW BULL RUN FP,,urban-periphery
470931030,"TVA PSD SITE 8.0KM S-SW FROM DOWNTOWN, KNOXVILLE",35.898333,-83.957222,265.0,Tennessee,Knox,Knoxville,AGRICULTURAL,SUBURBAN,Tennessee Valley Authority,2000-02-04,,"UT FARM, ALCOA HWY, KNOXVILLE, TN",,urban-periphery
470990003,Loretto,35.116878,-87.419725,276.0,Tennessee,Lawrence,Loretto,AGRICULTURAL,RURAL,Tennessee Division Of Air Pollution Control,2019-01-09,,"60 Busby Road, Loretto, TN 38469",38469.0,rural
471050003,"TVA PSD SITE IN LOUDON CO., TN",35.790077,-84.301865,970.0,Tennessee,Loudon,Not in a city,AGRICULTURAL,RURAL,Carborundum,1995-12-27,,"3435 FOSTER ROAD, LENOIR CITY, TN 37777",,rural
471050101,471050101,35.738966,-84.317421,274.0,Tennessee,Loudon,Loudon,RESIDENTIAL,RURAL,Tennessee Division Of Air Pollution Control,1983-01-20,,TRAIL VIEW DR. LEONARD BROWN RESIDENCE,,rural
471050102,471050102,35.708688,-84.295198,304.0,Tennessee,Loudon,Loudon,RESIDENTIAL,RURAL,Tennessee Division Of Air Pollution Control,1983-06-16,,VONROE HWY. (OLD 72) PRESLEY RESIDENCE,,rural
471050103,471050103,35.724798,-84.333255,244.0,Tennessee,Loudon,Loudon,COMMERCIAL,RURAL,Tennessee Division Of Air Pollution Control,1983-06-16,,CARE INN HOME HWY 72,,rural
471050104,471050104,35.738409,-84.327422,213.0,Tennessee,Loudon,Loudon,COMMERCIAL,RURAL,Tennessee Division Of Air Pollution Control,1983-06-16,,WASTE TREATMENT PLANT OFF HWY 11,,rural
471050105,471050105,35.732577,-84.31631,240.0,Tennessee,Loudon,Loudon,INDUSTRIAL,RURAL,Tennessee Division Of Air Pollution Control,1983-11-04,,BLAIR BEND & WILLIAMSON INDUSTRIAL PARK,,rural
471050106,471050106,35.73341,-84.315477,250.0,Tennessee,Loudon,Loudon,INDUSTRIAL,RURAL,A. E. Staly Company,1990-08-01,,A.E. STALEY EAST STATION 'A',,rural
471050107,471050107,35.735354,-84.326311,255.0,Tennessee,Loudon,Loudon,INDUSTRIAL,RURAL,A. E. Staly Company,1990-08-01,,A.E. STALEY WEST STATION 'B',,rural
471050108,Loudon Pope site,35.744539,-84.317057,268.0,Tennessee,Loudon,Loudon,RESIDENTIAL,SUBURBAN,Tennessee Division Of Air Pollution Control,2003-08-01,,130 WEBB DRIVE Loudon TN 37774,37774.0,urban-periphery
471050109,Loudon School,35.721095,-84.343035,248.0,Tennessee,Loudon,Loudon,RESIDENTIAL,SUBURBAN,Tennessee Division Of Air Pollution Control,2006-02-01,,"2175 Roberts Rd, Loudon, TN 37774",37774.0,urban-periphery
471070003,471070003,35.4685,-84.454,282.2,Tennessee,McMinn,Not in a City,AGRICULTURAL,RURAL,WAUPACA Foundry,2014-03-01,,415 County Rd Engelwood Tn 37329,37354.0,rural
471070101,471070101,35.29733,-84.75076,244.0,Tennessee,McMinn,Not in a City,AGRICULTURAL,SUBURBAN,Bowater Southern Paper Company,1982-03-01,,CALHOUN BOWATERS NORTH(B-1) LAMOUNTVILLE,37309.0,urban-periphery
471071002,Athens,35.450115,-84.596195,280.0,Tennessee,McMinn,Athens,COMMERCIAL,URBAN AND CENTER CITY,Tennessee Division Of Air Pollution Control,1986-07-01,,"Saint Mark AME Zion Church, 707 North Jackson St. Athens TN 37303",37303.0,urban-centre
471130003,471130003,35.637602,-88.834496,122.0,Tennessee,Madison,Jackson,COMMERCIAL,SUBURBAN,Tennessee Division Of Air Pollution Control,1980-01-01,,JACKSON REGIONAL HEALTH OFFICE PARKING L,38301.0,urban-periphery
471130004,471130004,35.609722,-88.815556,100.0,Tennessee,Madison,Jackson,RESIDENTIAL,URBAN AND CENTER CITY,Tennessee Division Of Air Pollution Control,1986-05-01,,"225 MARTIN LUTHER KING, JR. DR, JACKSON",,urban-centre
471130005,LOCATED 45 METERS SW OF OAKFIELD BAPTIST CHURCH,35.725556,-88.798889,125.0,Tennessee,Madison,Not in a city,RESIDENTIAL,SUBURBAN,Tennessee Division Of Air Pollution Control,1996-03-01,,"FLORIDA STEEL CORP. PROPERTY, OAKFIELD",,urban-periphery
471130010,Jackson,35.705319,-88.81964,135.0,Tennessee,Madison,Jackson,RESIDENTIAL,SUBURBAN,Tennessee Division Of Air Pollution Control,2019-03-25,,"210 Demonbreun Drive, Jackson, TN 38305",38305.0,urban-periphery
471131003,OWENS CORNING PLANT MONITOR NEAR INTERSTATE 40,35.634444,-88.913611,103.0,Tennessee,Madison,Jackson,AGRICULTURAL,RURAL,Owens-Corning Fiberglas Corporation,1993-02-01,,1167 LOWER BROWNSVILLE RD,,rural
471170001,471170001,35.547849,-86.716665,207.0,Tennessee,Marshall,Lewisburg,AGRICULTURAL,RURAL,Kantus,1993-03-01,,3590 AMES STATION RD,,rural
471190001,471190001,35.608128,-87.065284,194.0,Tennessee,Maury,Columbia,RESIDENTIAL,SUBURBAN,Tennessee Division Of Air Pollution Control,1972-01-01,,COUNTY HEALTH CENTER HIGHWAY 43,,urban-periphery
471190017,471190017,35.658127,-87.055006,208.0,Tennessee,Maury,Not in a city,INDUSTRIAL,RURAL,Hooker Chemical Company,1980-07-01,,GASDILL FARM NEAR CAVESPRING RD.,,rural
471190101,471190101,35.70954,-87.117777,115.0,Tennessee,Maury,Columbia,AGRICULTURAL,RURAL,Tennessee Division Of Air Pollution Control,1984-04-07,,Pigg Schoolhouse Rd,38482.0,rural
471190102,471190102,35.706459,-87.118896,115.0,Tennessee,Maury,Not in a city,AGRICULTURAL,RURAL,Tennessee Division Of Air Pollution Control,1984-06-01,,MAURY ALUM. WEST  PIGG SCHOOLHOUSE RD.,,rural
471190103,471190103,35.717291,-87.120285,100.0,Tennessee,Maury,Not in a city,AGRICULTURAL,RURAL,Tennessee Division Of Air Pollution Control,1984-06-01,,MAURY ALUM. NORTH  DODSON FARM,,rural
471190105,471190105,35.73118,-86.953059,223.0,Tennessee,Maury,Not in a city,AGRICULTURAL,RURAL,Saturn Corporation,1988-01-01,,SATURN CHEAIRS HWY 31 SPRINGHILL,,rural
471190106,471190106,35.750346,-86.949725,200.0,Tennessee,Maury,Not in a city,AGRICULTURAL,RURAL,Saturn Corporation,1988-01-01,,SATURN BEECH GROVE RD. SPRINGHILL,,rural
471191101,471191101,35.61785,-87.044728,244.0,Tennessee,Maury,Columbia,RESIDENTIAL,SUBURBAN,Tennessee Division Of Air Pollution Control,1980-07-11,,RESERVOIR HILL  WEST HILL ST.,,urban-periphery
471192003,471192003,0.0,0.0,208.0,Tennessee,Maury,Mount Pleasant,INDUSTRIAL,RURAL,Tennessee Division Of Air Pollution Control,1976-01-01,,STAUFFER ORGANIC PLANT,,rural
471192007,Columbia,35.65188,-87.0096,219.0,Tennessee,Maury,Columbia,COMMERCIAL,URBAN AND CENTER CITY,Tennessee Division Of Air Pollution Control,1998-12-25,,"1600 Nashville Hwy, Columbia, TN 38401",38401.0,urban-centre
471210103,471210103,35.556183,-84.783,305.0,Tennessee,Meigs,Not in a city,AGRICULTURAL,RURAL,Environmental System Corporation,1991-02-01,,SMITH BEND MORRISON RD AND RIVER ROAD,,rural
471210104,Meigs County Ozone monitor,35.289379,-84.946111,244.0,Tennessee,Meigs,Not in a City,RESIDENTIAL,RURAL,Tennessee Division Of Air Pollution Control,2000-02-29,,8401 HIGHWAY 60,37336.0,rural
471235504,Vonore Middle School - Vonore Elementary School*,35.594285,-84.23799,0.0,Tennessee,Monroe,Vonore,COMMERCIAL,URBAN AND CENTER CITY,US EPA/OAQPS,2009-08-19,,414 Hall St / 1135 Hwy 411,37885.0,urban-centre
471250006,471250006,36.520298,-87.3955,152.0,Tennessee,Montgomery,Not in a City,INDUSTRIAL,RURAL,Savage Zinc Incinc Company,1978-08-01,,MEEK'S PROPERTY,37040.0,rural
471250009,471250009,36.625879,-87.222226,0.0,Tennessee,Montgomery,Clarksville,INDUSTRIAL,RURAL,Union Carbide,1981-08-01,,"UNION CARBIDE,CLARKSVLLE HWY 79 NEAR I-2",,rural
471250106,471250106,36.505185,-87.397708,0.0,Tennessee,Montgomery,Not in a City,RESIDENTIAL,RURAL,Savage Zinc Incinc Company,1982-01-01,,CUMBERLAND HEIGHTS ELEMENTARY SCHOOL,37040.0,rural
471251008,471251008,36.625879,-87.222226,162.0,Tennessee,Montgomery,Not in a city,UNKNOWN,RURAL,Tennessee Division Of Air Pollution Control,1981-01-01,,"HWY 79 3MI N OF I-24,1MI NNE HAMPTON STA",,rural
471251010,"TVA PSD SITE 19.8 MILES NE OF CLARKSVILLE, TN (NEAR GUTHRIE, KY)",36.625,-87.169167,169.0,Tennessee,Montgomery,Not in a city,AGRICULTURAL,RURAL,Tennessee Valley Authority,2000-04-01,,"4667 GUTHRIE ROAD, CLARKSVILLE, TN",,rural
471251011,471251011,36.53781,-87.327778,176.0,Tennessee,Montgomery,Not in a City,RESIDENTIAL,URBAN AND CENTER CITY,Tennessee Division Of Air Pollution Control,2008-05-01,,"Austin Peay Campus; Morgan Brother Soccer Field, Drane St   Clarksville, TN 37044",37043.0,urban-centre
471251012,471251012,36.638454,-87.239843,172.0,Tennessee,Montgomery,Not in a City,AGRICULTURAL,RURAL,Tennessee Division Of Air Pollution Control,2013-06-10,,1000 Solar Way Clarksville TN  37040,37040.0,rural
471252001,Clarksville,36.611411,-87.384666,149.0,Tennessee,Montgomery,Clarksville,RESIDENTIAL,SUBURBAN,Tennessee Division Of Air Pollution Control,2019-04-02,,"1200 W Creek Coyote Trail, Clarksville, TN 37042",37042.0,urban-periphery
471270101,471270101,35.289524,-86.367214,244.0,Tennessee,Moore,Not in a city,RESIDENTIAL,RURAL,EMPE,1991-02-01,,JACK DANIEL STA#1 HWY 55 & SLOP HILL RD,,rural
471270102,471270102,35.277858,-86.364159,283.0,Tennessee,Moore,Not in a city,RESIDENTIAL,RURAL,EMPE,1991-02-01,,JACK DANIEL STA#2 TANYARD HILL ROAD,,rural
471290005,471290005,36.061744,-84.489379,404.0,Tennessee,Morgan,Not in a city,AGRICULTURAL,RURAL,Tennessee Valley Authority,1988-11-17,,TVA KINGSTON 14   1.3 M N 9 E FROM KIF,,rural
471310003,RURAL AREA WITH MOSTLY FARMLAND NEARBY. VERY FEW HOMES,36.504167,-89.001389,0.0,Tennessee,Obion,Union City,AGRICULTURAL,RURAL,"Goodyear Tire Obion County, TN",2001-03-01,,4977 STATE LINE ROAD,,rural
471310004,471310004,36.345181,-89.319208,0.0,Tennessee,Obion,Not in a city,AGRICULTURAL,RURAL,Tennessee Valley Authority,2003-03-01,,"4575 W HIGHWAY 21, HORNBEAK, TN",,rural
471390003,471390003,35.02619,-84.384646,511.0,Tennessee,Polk,Not in a city,COMMERCIAL,SUBURBAN,Tennessee Division Of Air Pollution Control,1973-01-01,,COPPER BASIN HOSP.,,urban-periphery
471390006,471390006,34.991191,-84.368812,0.0,Tennessee,Polk,Not in a city,INDUSTRIAL,SUBURBAN,Tennessee Division Of Air Pollution Control,1981-01-01,,COPPERHILL ELEM ON HIGHLAND AVE,,urban-periphery
471390007,MONITOR IN TRAILER NEXT TO POLICE DEPARTMENT,34.988413,-84.37159,0.0,Tennessee,Polk,Not in a city,COMMERCIAL,URBAN AND CENTER CITY,Tennessee Division Of Air Pollution Control,1994-02-14,,SOUTH HIGHLAND ST AT OCOEE_RIVER,,urban-centre
471390008,"SITE LOCATED 0.6 MILES EAST OF BIT MANUFACTURING, INC. PLANT",34.995833,-84.368333,515.0,Tennessee,Polk,Not in a city,RESIDENTIAL,RURAL,Boliden Intertrade Inc,1995-07-18,,"OLD C-C CAMP RD, NEWTOWN WATER TANK HILL",,rural
471390009,SITE LOCATED ON A HILL NEXT TO RADIO TOWER FOR WLSB,34.989722,-84.383889,497.0,Tennessee,Polk,Not in a city,INDUSTRIAL,RURAL,Boliden Intertrade Inc,1995-07-18,,"CHILL SEWER PLANT RD, RADIO STATION HILL",,rural
471390010,"SITE LOCATED 185 METERS NE OF BIT MANUFACTURING, INC. PLANT",34.998889,-84.376389,488.0,Tennessee,Polk,Not in a city,RESIDENTIAL,RURAL,Boliden Intertrade Inc,1996-03-01,,MET STATION ON BIT MANUFACTURING PROP.,,rural
471410001,THE PLATFORM IS BEHIND THE SCHOOL OF NURSING BLDG AT TN TECH UNIVER,36.173672,-85.50942,341.0,Tennessee,Putnam,Cookeville,COMMERCIAL,URBAN AND CENTER CITY,Tennessee Division Of Air Pollution Control,1998-12-25,,155 WEST 8TH STREET,,urban-centre
471410004,"TVA PSD SITE IN PUTNAM COUNTY, TN",36.20515,-85.39975,445.0,Tennessee,Putnam,Not in a City,AGRICULTURAL,RURAL,Tennessee Valley Authority,1995-01-01,,"1382 BENSON ROAD, COOKEVILLE, TN",38506.0,rural
471410005,Cookeville,36.185702,-85.492107,358.0,Tennessee,Putnam,Cookeville,RESIDENTIAL,SUBURBAN,Tennessee Division Of Air Pollution Control,2006-08-15,,"630 East 20th St, Cookeville TN, 38501",38501.0,urban-periphery
471450004,Harriman,35.939078,-84.542802,240.0,Tennessee,Roane,Harriman,INDUSTRIAL,SUBURBAN,Tennessee Division Of Air Pollution Control,1980-01-01,,"Harriman High School, 1002 N. Roane St, Harriman, TN 37748",37748.0,urban-periphery
471450009,471450009,35.947297,-84.522157,244.0,Tennessee,Roane,Rockwood,RESIDENTIAL,SUBURBAN,Tennessee Valley Authority,1976-01-01,,TVA KINGSTON #8,,urban-periphery
471450103,471450103,35.868153,-84.698258,304.0,Tennessee,Roane,Rockwood,INDUSTRIAL,SUBURBAN,Tennessee Division Of Air Pollution Control,1986-01-01,,R.CARBON CLYMERSVILLE RD & BALDWIN,37854.0,urban-periphery
471450104,471450104,35.873152,-84.689646,274.0,Tennessee,Roane,Rockwood,INDUSTRIAL,SUBURBAN,Tennessee Division Of Air Pollution Control,1986-01-01,,R.CARBON HEWITT AVE. HIGH SHCOOL,37854.0,urban-periphery
471450105,471450105,35.870351,-84.695218,270.0,Tennessee,Roane,Rockwood,INDUSTRIAL,SUBURBAN,Tennessee Division Of Air Pollution Control,1986-03-01,,R.CARBON PLANT SITE W.BALDWIN BLACKHOUSE,,urban-periphery
471451007,471451007,35.868889,-84.698056,0.0,Tennessee,Roane,Rockwood,INDUSTRIAL,SUBURBAN,Tennessee Division Of Air Pollution Control,1978-04-17,,"ROUTE 1, ROCKWOOD",,urban-periphery
471451009,471451009,35.875073,-84.692996,311.0,Tennessee,Roane,Rockwood,COMMERCIAL,URBAN AND CENTER CITY,Tennessee Division Of Air Pollution Control,1981-01-01,,"SOUTH ROCKWOOD ST,S.TRINITY & S.HEWITT",,urban-centre
471451020,TVA PSD SITE 15 KM E FROM KINGSTON STEAM PLANT,35.885,-84.375278,304.0,Tennessee,Roane,Oak Ridge,FOREST,RURAL,Tennessee Valley Authority,1999-03-19,,"1500 BEAR CREEK ROAD, OAK RIDGE, TN",,rural
471453001,471453001,35.9049,-84.51157,239.3,Tennessee,Roane,Not in a City,AGRICULTURAL,RURAL,Tennessee Valley Authority,2008-12-29,,"714 Swan Pond Road, Harriman, TN 37748",37748.0,rural
471453005,PS05 TVA FLY ASH SPILL,35.902566,-84.524061,242.0,Tennessee,Roane,Not in a City,RESIDENTIAL,RURAL,Tennessee Valley Authority,2009-01-01,,"1025 Swan Pond Road, Harriman, TN 37748",37748.0,rural
471453006,PS06 TVA FLY ASH SPILL,35.918102,-84.511151,239.0,Tennessee,Roane,Not in a City,RESIDENTIAL,RURAL,Tennessee Valley Authority,2009-01-01,,"130 Birkshire Road, Harriman, TN 37748",37748.0,rural
471453008,PS08 TVA FLY ASH SPILL,35.907121,-84.49709,245.0,Tennessee,Roane,Kingston,RESIDENTIAL,RURAL,Tennessee Valley Authority,2009-01-01,,"540 Emory River Road, Harriman, TN 37748",37748.0,rural
471453009,PS09 TVA FLY ASH SPILL,35.889824,-84.51713,231.0,Tennessee,Roane,Kingston,RESIDENTIAL,RURAL,Tennessee Valley Authority,2009-01-01,,"304 Windswept Lane, Kingston, TN 37763",37763.0,rural
471453013,PS13 TVA FLY ASH SPILL,35.9255,-84.51657,747.7,Tennessee,Roane,Not in a City,RESIDENTIAL,RURAL,Tennessee Valley Authority,2010-04-26,,"SWAN POND CIRCLE ROAD; HARRIMAN, TN 37748",37748.0,rural
471490003,471490003,35.861732,-86.399436,183.0,Tennessee,Rutherford,Murfreesboro,RESIDENTIAL,SUBURBAN,Tennessee Division Of Air Pollution Control,1981-01-01,,MURFREESBORO WATER TOWER JONES BLVD,,urban-periphery
471490004,471490004,35.83701,-86.403603,186.0,Tennessee,Rutherford,Murfreesboro,INDUSTRIAL,SUBURBAN,Tennessee Division Of Air Pollution Control,1981-02-01,,MURFREESBORO WATER TOWER MILL ST SALEM R,,urban-periphery
471490101,Eagleville Ozone Monitor,35.732878,-86.598872,225.0,Tennessee,Rutherford,Not in a City,AGRICULTURAL,RURAL,Tennessee Division Of Air Pollution Control,1988-04-01,,EAGLEVILLE PUCKETT'S FARM,37153.0,rural
471510101,471510101,36.46952,-84.652996,445.0,Tennessee,Scott,Not in a city,FOREST,RURAL,Tennessee Division Of Air Pollution Control,1984-02-23,,BIG SOUTH FORK NR&RA__VISITOR CENTER,,rural
471550101,Great Smoky Mountains NP - Cove Mountain,35.696758,-83.609612,1243.0,Tennessee,Sevier,Not in a City,FOREST,RURAL,National Park Service,1988-07-01,,GREAT SMOKY MOUNTAIN NP COVE MOUNTAIN,,rural
471550102,Great Smoky Mountains NP - Clingman's Dome,35.562872,-83.497941,2021.0,Tennessee,Sevier,Not in a City,FOREST,RURAL,National Park Service,1993-04-01,,"CLINGSMANS DOME, GREAT SMOKY MTNS. NP",,rural
471551101,471551101,35.666758,-83.583222,655.0,Tennessee,Sevier,Not in a city,FOREST,RURAL,Tennessee Division Of Air Pollution Control,1982-03-08,,ELKMONT CAMPGROUND GSMP,,rural
471570010,471570010,35.09583,-90.07006,79.0,Tennessee,Shelby,Memphis,RESIDENTIAL,URBAN AND CENTER CITY,Memphis-Shelby County Health Department,2008-06-05,,260 Joubert,38109.0,urban-centre
471570014,471570014,35.085924,-89.949533,79.0,Tennessee,Shelby,Memphis,RESIDENTIAL,SUBURBAN,Memphis-Shelby County Health Department,1971-01-02,,3431 SHARPE AVENUE,,urban-periphery
471570016,Gas Service Center collocated PM 10s,35.165746,-89.970897,85.0,Tennessee,Shelby,Memphis,INDUSTRIAL,URBAN AND CENTER CITY,Memphis-Shelby County Health Department,1972-01-01,,GAS SERVICE CENTER MEAGHER STREET,38108.0,urban-centre
471570021,Frayser Ozone Monitor,35.217501,-90.019707,90.0,Tennessee,Shelby,Memphis,RESIDENTIAL,SUBURBAN,Memphis-Shelby County Health Department,1972-09-01,,1330 FRAYSER BLVD,38127.0,urban-periphery
471570024,Alabama Ave. Station,35.151194,-90.041559,83.0,Tennessee,Shelby,Memphis,RESIDENTIAL,SUBURBAN,Memphis-Shelby County Health Department,1973-01-01,,416 ALABAMA AVENUE,38105.0,urban-periphery
471570033,471570033,35.245644,-89.973145,91.0,Tennessee,Shelby,Memphis,RESIDENTIAL,SUBURBAN,Tennessee Valley Authority,1983-08-16,,TVA ALLEN 8   ___ 3.6 ENE ALLEN FOSSIL P,,urban-periphery
471570034,471570034,35.043492,-90.013691,69.0,Tennessee,Shelby,Memphis,RESIDENTIAL,SUBURBAN,Memphis-Shelby County Health Department,1981-12-02,,2666 HERNANDO ROAD,,urban-periphery
471570036,471570036,35.125556,-89.983611,91.0,Tennessee,Shelby,Memphis,COMMERCIAL,SUBURBAN,Memphis-Shelby County Health Department,1981-01-01,,726 E PARKWAY,,urban-periphery
471570038,471570038,35.184167,-89.930278,79.0,Tennessee,Shelby,Memphis,RESIDENTIAL,SUBURBAN,Memphis-Shelby County Health Department,1981-11-17,,JACKSON PARK SCHOOL,,urban-periphery
471570040,471570040,35.165278,-90.040556,76.0,Tennessee,Shelby,Memphis,RESIDENTIAL,URBAN AND CENTER CITY,Memphis-Shelby County Health Department,1982-08-01,,232 BICKFORD AVE.,,urban-centre
471570043,471570043,35.087869,-90.025369,76.0,Tennessee,Shelby,Memphis,COMMERCIAL,SUBURBAN,Memphis-Shelby County Health Department,1988-10-01,,2111 HERNANDO RD. AT I-240,,urban-periphery
471570044,471570044,35.0875,-90.0725,260.0,Tennessee,Shelby,Memphis,INDUSTRIAL,SUBURBAN,Memphis-Shelby County Health Department,1987-07-01,,290 WEST MALLORY AVE.,,urban-periphery
471570045,471570045,35.08648,-90.071759,255.0,Tennessee,Shelby,Memphis,COMMERCIAL,SUBURBAN,Memphis-Shelby County Health Department,1991-01-01,,235 WEST MALLORY  BESTWAY TERMINAL LOT,,urban-periphery
471570046,NEAR ILLINIOS CENTRAL RAIL AND MEMPHIS LIGHT AND GAS SUBSTATION,35.27346,-89.961217,0.0,Tennessee,Shelby,Not in a City,INDUSTRIAL,SUBURBAN,Tennessee Division Of Air Pollution Control,1994-05-01,,3065 FITE RD,38053.0,urban-periphery
471570047,GUTHRIE CLINIC PM 2.5,35.168894,-90.021537,0.0,Tennessee,Shelby,Memphis,RESIDENTIAL,SUBURBAN,Memphis-Shelby County Health Department,1998-12-01,,1064 BREEDLOVE STREET (Roof of Guthrie Clinic),38107.0,urban-periphery
471570075,Memphis NCORE site,35.151699,-89.850249,87.0,Tennessee,Shelby,Memphis,RESIDENTIAL,SUBURBAN,Memphis-Shelby County Health Department,2011-01-01,,6388 Haley Rd. (Shelby Farms NCORE site),38134.0,urban-periphery
471570100,Near Road Site at Southwest Tennessee Community College,35.16126,-89.87065,87.0,Tennessee,Shelby,Memphis,RESIDENTIAL,URBAN AND CENTER CITY,Memphis-Shelby County Health Department,2014-07-01,,5767 Macon Cove (Near Road Site),38134.0,urban-centre
471571004,Edmund Orgill Park Ozone,35.378153,-89.83447,119.0,Tennessee,Shelby,Millington,AGRICULTURAL,RURAL,Memphis-Shelby County Health Department,1980-01-01,,6855 MUDVILLE RD.,38053.0,rural
471571034,471571034,35.087314,-90.133704,75.0,Tennessee,Shelby,Memphis,AGRICULTURAL,RURAL,Tennessee Valley Authority,1984-01-01,,TVA ALLEN 10_____1.26 MI ENE ALLEN FP,,rural
471572005,471572005,35.188,-89.642,169.0,Tennessee,Shelby,Not in a city,AGRICULTURAL,RURAL,Tennessee Valley Authority,2005-05-01,,"12560 COBURN ROAD, EADS, TN",,rural
471573001,471573001,35.072314,-90.161483,76.0,Tennessee,Shelby,Not in a city,RESIDENTIAL,RURAL,Tennessee Valley Authority,1984-01-01,,TVA ALLEN 9______0.7 MI SW ALLEN FP,,rural
471610007,471610007,36.389775,-87.63335,143.0,Tennessee,Stewart,Not in a city,AGRICULTURAL,RURAL,Tennessee Valley Authority,1973-01-01,,1.13 MILES SSE OF CUMBERLAND POWER PLANT,,rural
471610030,471610030,36.375331,-87.676685,140.0,Tennessee,Stewart,Not in a city,INDUSTRIAL,RURAL,Tennessee Valley Authority,1982-02-11,,TVA CUMBERLAND 23 1.65 MI SW CUMB. FP,,rural
471610031,CUF STATION 26,36.403611,-87.638333,140.0,Tennessee,Stewart,Not in a city,AGRICULTURAL,RURAL,Tennessee Valley Authority,1994-09-01,,"3897 HWY 46, INDIAN MOUND, TN 37079",,rural
471630007,471630007,36.534804,-82.517078,403.0,Tennessee,Sullivan,Kingsport,RESIDENTIAL,SUBURBAN,Tennessee Eastman Company,1974-01-01,,EASTMAN ROSS N.ROBINSON,37664.0,urban-periphery
471630009,471630009,36.513971,-82.560968,371.0,Tennessee,Sullivan,Kingsport,RESIDENTIAL,RURAL,Tennessee Eastman Company,1974-01-01,,EASTMAN MEADOW VIEW,37660.0,rural
471630010,471630010,36.513611,-82.533333,450.0,Tennessee,Sullivan,Kingsport,INDUSTRIAL,SUBURBAN,Tennessee Eastman Company,1974-01-01,,TENNESSEE EASTMAN B-248,37664.0,urban-periphery
471630016,471630016,36.518693,-82.549301,366.0,Tennessee,Sullivan,Not in a City,INDUSTRIAL,URBAN AND CENTER CITY,Tennessee Division Of Air Pollution Control,1977-03-01,,LONG ISLAND SCHOOL,37660.0,urban-centre
471630018,471630018,36.521213,-82.503204,526.0,Tennessee,Sullivan,Kingsport,RESIDENTIAL,SUBURBAN,Tennessee Eastman Company,1981-04-01,,EASTMAN SKYLAND DRIVE CHESTNUT RIDGE,,urban-periphery
471630019,471630019,36.525852,-82.587832,678.0,Tennessee,Sullivan,Kingsport,FOREST,RURAL,Tennessee Eastman Company,2012-11-01,,Bays Mtn Radio Tower  Kingsport TN,37660.0,rural
471630101,471630101,36.580663,-82.164576,518.0,Tennessee,Sullivan,Bristol,INDUSTRIAL,URBAN AND CENTER CITY,Tennessee Division Of Air Pollution Control,1980-01-21,,543 OAKWOOD STREET,,urban-centre
471630102,471630102,36.552044,-82.580153,359.0,Tennessee,Sullivan,Kingsport,COMMERCIAL,SUBURBAN,Tennessee Division Of Air Pollution Control,1981-11-12,,KELLER ST.& NETHERLAND INN RD.(HWY 93),,urban-periphery
471630105,471630105,36.542601,-82.544873,375.0,Tennessee,Sullivan,Kingsport,RESIDENTIAL,URBAN AND CENTER CITY,Tennessee Division Of Air Pollution Control,1987-01-01,,YADKIN  AT 1140 E.CENTER ST.   STA.#4-95,,urban-centre
471630106,471630106,36.557322,-82.598487,408.0,Tennessee,Sullivan,Kingsport,RESIDENTIAL,SUBURBAN,Tennessee Division Of Air Pollution Control,1992-02-06,,DANEEN LN. & GRANBY RD.,,urban-periphery
471631006,LOCATED ON TOP OF KINGSPORT CITY HALL(SURROUNDED BY COMMERCIAL),36.548889,-82.561667,0.0,Tennessee,Sullivan,Kingsport,RESIDENTIAL,URBAN AND CENTER CITY,Tennessee Division Of Air Pollution Control,1993-08-05,,"225 W. CENTER STREET KINGSPORT, TN",,urban-centre
471631007,Kingsport PM,36.538761,-82.521599,4330.0,Tennessee,Sullivan,Kingsport,RESIDENTIAL,SUBURBAN,Tennessee Division Of Air Pollution Control,1998-10-01,,"1649 D St, Kingsport, TN 37664",37664.0,urban-periphery
471632002,Blountville,36.541365,-82.424555,487.0,Tennessee,Sullivan,Not in a City,RESIDENTIAL,RURAL,Tennessee Division Of Air Pollution Control,1980-01-01,,"Indian Springs School, 5504 Shawnee Dr, Kingsport, TN 37664",37664.0,rural
471632003,Kingsport,36.58211,-82.485742,430.0,Tennessee,Sullivan,Bloomingdale,RESIDENTIAL,SUBURBAN,Tennessee Division Of Air Pollution Control,1995-04-01,,"3301 Bloomingdale Rd, Kingsport, TN 37660",37660.0,urban-periphery
471633001,UPWIND MONITOR FROM DOMINANT WIND DIRECTION,36.525556,-82.273333,468.0,Tennessee,Sullivan,Bristol,INDUSTRIAL,SUBURBAN,Exide Corporation,1994-07-01,,364 EXIDE DR.,37618.0,urban-periphery
471633002,Blountville ozone monitoring site,36.524722,-82.268056,451.0,Tennessee,Sullivan,Bristol,INDUSTRIAL,SUBURBAN,Exide Corporation,1994-07-01,,364 EXIDE DR. ON EXIDE PROPERTY,37618.0,urban-periphery
471633003,SECONDARY PREDOMINANT DOWNWIND MONITOR,36.528056,-82.268333,457.0,Tennessee,Sullivan,Bristol,INDUSTRIAL,SUBURBAN,Exide Corporation,1994-07-01,,364 EXIDE DR.,37618.0,urban-periphery
471633004,471633004,36.52443,-82.273296,468.0,Tennessee,Sullivan,Bristol,INDUSTRIAL,URBAN AND CENTER CITY,Tennessee Division Of Air Pollution Control,2010-01-01,,364 Exide Dr Bristol TN  37620,37620.0,urban-centre
471634002,State of TN SLAMS Lead Monitor,36.524722,-82.268056,451.0,Tennessee,Sullivan,Bristol,INDUSTRIAL,SUBURBAN,Tennessee Division Of Air Pollution Control,1994-07-01,,364 Exide Dr,37618.0,urban-periphery
471635001,471635001,36.558,-82.157,524.0,Tennessee,Sullivan,Not in a City,RESIDENTIAL,SUBURBAN,Tennessee Division Of Air Pollution Control,2012-01-01,,"823 Old Jonesboro Rd  Bristol, TN    37620",37620.0,urban-periphery
471635002,471635002,36.4731,-82.4044,457.0,Tennessee,Sullivan,Not in a City,RESIDENTIAL,SUBURBAN,Tennessee Division Of Air Pollution Control,2012-01-01,,"801 Hamilton Rd,   Blountville, TN 37617",37617.0,urban-periphery
471636001,Eastman Ross N. Robinson,36.532616,-82.516306,404.0,Tennessee,Sullivan,Kingsport,RESIDENTIAL,SUBURBAN,Tennessee Division Of Air Pollution Control,2016-07-01,,Wilburn Drive,37664.0,urban-periphery
471636002,Eastman Skyland,36.521066,-82.502454,531.0,Tennessee,Sullivan,Kingsport,RESIDENTIAL,SUBURBAN,Tennessee Division Of Air Pollution Control,2016-08-01,,Skyland Dr at Bagwell St.,37664.0,urban-periphery
471636003,Andrew Johnson School,36.526359,-82.528677,386.0,Tennessee,Sullivan,Kingsport,RESIDENTIAL,SUBURBAN,Tennessee Division Of Air Pollution Control,2018-10-10,,1001 Ormond Drive,37664.0,urban-periphery
471636004,Happy Hill,36.513026,-82.550498,396.0,Tennessee,Sullivan,Kingsport,RESIDENTIAL,SUBURBAN,Tennessee Division Of Air Pollution Control,2018-10-10,,2105 Happy Hill Road,37660.0,urban-periphery
471650004,471650004,0.0,0.0,169.0,Tennessee,Sumner,Gallatin,RESIDENTIAL,SUBURBAN,Tennessee Valley Authority,1981-01-01,,6.4 KM. NW OF GALLATIN STEAM PLANT,,urban-periphery
471650007,Hendersonville,36.29756,-86.653137,143.0,Tennessee,Sumner,Hendersonville,INDUSTRIAL,RURAL,Tennessee Division Of Air Pollution Control,1973-01-01,,"Rockland Recreation Area, 99 Overlook Cir, Hendersonville, TN 37075",37075.0,rural
471650011,471650011,36.398103,-86.40777,206.0,Tennessee,Sumner,Not in a city,AGRICULTURAL,RURAL,Tennessee Valley Authority,1983-05-18,,TVA GALLATIN 10__5.82 MI N GALLATIN FP,,rural
471650101,Cottontown Ozone Monitor,36.453975,-86.564149,189.0,Tennessee,Sumner,Not in a City,AGRICULTURAL,RURAL,Tennessee Division Of Air Pollution Control,1988-04-01,,COTTONTOWN WRIGHT'S FARM,37048.0,rural
471651002,471651002,36.341716,-86.398325,143.0,Tennessee,Sumner,Not in a city,AGRICULTURAL,RURAL,Tennessee Valley Authority,1971-01-01,,TVA GALLATIN 1___1.8 MI N OF GALLATIN FP,,rural
471651005,OPEN AREA NE OF VISITOR PARKING LOT AND ADJACENT TO AIRPORT RD,36.375,-86.422222,1837.0,Tennessee,Sumner,Gallatin,INDUSTRIAL,SUBURBAN,E. Robert Alley & Associates,1998-01-01,,1315 AIRPORT ROAD,,urban-periphery
471670101,471670101,35.55397,-89.643411,100.0,Tennessee,Tipton,Covington,RESIDENTIAL,SUBURBAN,Rayovac Company,1990-08-01,,RAYOVAC#1 SOUTH MAIN & MAPLE(DOWNWIND),,urban-periphery
471670102,471670102,35.554248,-89.645078,100.0,Tennessee,Tipton,Covington,RESIDENTIAL,SUBURBAN,Rayovac Company,1990-08-01,,RAYOVAC#2 REAR LOT (DOWNWIND),,urban-periphery
471670103,471670103,35.546748,-89.648411,130.0,Tennessee,Tipton,Covington,COMMERCIAL,SUBURBAN,Rayovac Company,1990-08-01,,RAYOVAC#3 ELEC SUBSTATION (UPWIND),,urban-periphery
471671101,471671101,35.554525,-89.645911,101.0,Tennessee,Tipton,Covington,COMMERCIAL,SUBURBAN,Tennessee Division Of Air Pollution Control,1980-07-23,,DOUGLAS & ASH STS. NATIONAL GAURD ARMORY,,urban-periphery
471730104,471730104,36.220922,-83.711283,365.0,Tennessee,Union,Not in a City,AGRICULTURAL,RURAL,Tennessee Luttrell Lime,1984-03-01,,LUTTRELL BATES FARM DONAHEW RD,37779.0,rural
471730106,NEW MONITOR,36.223889,-83.708611,372.0,Tennessee,Union,Not in a city,AGRICULTURAL,RURAL,Tennessee Division Of Air Pollution Control,1996-05-15,,274 CLINCH MOUNTAIN RD ON DYER PROPERTY,,rural
471730107,ACROSS RAILROAD TRACK FROM LUTTRELL LIMESTONE ROCKCRUSHER_150 METER,36.224024,-83.714841,366.0,Tennessee,Union,Not in a City,AGRICULTURAL,RURAL,Tennessee Division Of Air Pollution Control,1996-10-25,,640 DONAHUE ROAD  Luttrell  37779,37779.0,rural
471870100,471870100,35.802321,-86.660263,250.0,Tennessee,Williamson,Not in a City,AGRICULTURAL,RURAL,Tennessee Division Of Air Pollution Control,1984-01-01,,KIRKLAND US 41-A & NABRY-COVINGTON RD.,37060.0,rural
471870101,471870101,35.908953,-86.893613,265.0,Tennessee,Williamson,Franklin,INDUSTRIAL,SUBURBAN,Tennessee Division Of Air Pollution Control,1986-08-01,,REEVE'S RESIDENCE CARTER CREEK PIKE,,urban-periphery
471870102,471870102,35.802321,-86.660263,220.0,Tennessee,Williamson,Not in a City,INDUSTRIAL,RURAL,General Smelting And Refining,1984-01-01,,GSM#2 MABRY-COVINGTON RD,37060.0,rural
471870103,471870103,35.933397,-87.156674,280.0,Tennessee,Williamson,Fairview,AGRICULTURAL,RURAL,Tennessee Division Of Air Pollution Control,1988-04-01,,LANE'S FARM,,rural
471870104,471870104,35.801766,-86.658596,216.0,Tennessee,Williamson,Not in a City,AGRICULTURAL,RURAL,Tennessee Division Of Air Pollution Control,1990-12-15,,EAST MABRY-COVINGTON & 41-A,37060.0,rural
471870105,LOCATED ON A HILL 100 FT SE OF A 2 STORY HOUSE,35.793988,-86.878603,286.0,Tennessee,Williamson,Not in a City,AGRICULTURAL,RURAL,Tennessee Division Of Air Pollution Control,1995-03-31,,2700 CLAYTON ARNOLD,37179.0,rural
471870106,Fairview,35.949765,-87.138246,287.0,Tennessee,Williamson,Fairview,AGRICULTURAL,RURAL,Tennessee Division Of Air Pollution Control,1997-04-11,,"Fairview Middle School, 7200 Cumberland Dr, Fairview, TN 37062",37062.0,rural
471871101,471871101,35.799543,-86.664985,213.0,Tennessee,Williamson,Not in a City,INDUSTRIAL,RURAL,General Smelting And Refining,1984-01-01,,GSM#1 HWY 31-A AT HARPETH CREEK,37046.0,rural
471872001,471872001,35.894,-86.848,218.0,Tennessee,Williamson,Franklin,RESIDENTIAL,URBAN AND CENTER CITY,Tennessee Division Of Air Pollution Control,2010-01-01,,1061 Lewisburg Pike,37064.0,urban-centre
471872002,471872002,35.883,-86.878,236.0,Tennessee,Williamson,Not in a City,RESIDENTIAL,SUBURBAN,Tennessee Division Of Air Pollution Control,2010-01-01,,4080 Columbia Pike,37064.0,urban-periphery
471872003,471872003,35.891,-86.866,363.0,Tennessee,Williamson,Franklin,RESIDENTIAL,SUBURBAN,Tennessee Division Of Air Pollution Control,2010-01-01,,248 Stonehaven Circle,37064.0,urban-periphery
471890004,471890004,36.300051,-86.399437,177.0,Tennessee,Wilson,Not in a city,AGRICULTURAL,RURAL,Tennessee Valley Authority,1983-05-12,,TVA GALLATIN 9___1.08 MI S GALLATIN FP,,rural
471890005,471890005,36.255609,-86.462772,171.0,Tennessee,Wilson,Not in a city,AGRICULTURAL,RURAL,Tennessee Valley Authority,1988-09-21,,TVA GALLATIN 11    5.38 MI S41W GAF,,rural
471890101,471890101,36.202833,-86.514438,200.0,Tennessee,Wilson,Mount Juliet,RESIDENTIAL,SUBURBAN,Tennessee Division Of Air Pollution Control,1986-08-01,,BENNETT AND TOMLINSON RESIDENCES,,urban-periphery
471890103,Cedars of Lebanon,36.060895,-86.286291,210.0,Tennessee,Wilson,Not in a City,FOREST,RURAL,Tennessee Division Of Air Pollution Control,1988-05-01,,"Cedars of Lebanon State Park, 3747 Cedar Forest Rd, Lebanon, TN 37090",37090.0,rural
480055501,Temple Elementary School,31.17991,-94.79049,0.0,Texas,Angelina,Diboll,COMMERCIAL,URBAN AND CENTER CITY,US EPA/OAQPS,2009-08-18,,400 Ash St,75941.0,urban-centre
480131090,Von Ormy Highway 16,29.162997,-98.589158,207.0,Texas,Atascosa,Lytle,COMMERCIAL,RURAL,Texas Commission On Environmental Quality,2020-05-29,,17534 North State Highway 16,78065.0,rural
480271045,Temple Georgia,31.122419,-97.431052,188.0,Texas,Bell,Temple,RESIDENTIAL,SUBURBAN,Texas Commission On Environmental Quality,2013-10-04,,8406 Georgia Avenue,76502.0,urban-periphery
480271047,Killeen Skylark Field,31.088002,-97.679734,256.0,Texas,Bell,Killeen,RESIDENTIAL,URBAN AND CENTER CITY,Texas Commission On Environmental Quality,2009-06-11,,1605 Stone Tree Drive,76543.0,urban-centre
480290032,San Antonio Northwest,29.51509,-98.620166,279.5,Texas,Bexar,Leon Valley,RESIDENTIAL,SUBURBAN,Texas Commission On Environmental Quality,1981-07-01,,6655 Bluebird Lane,78240.0,urban-periphery
480290034,NW OF BOWIE & DURANGO STREETS INTERSECTION,29.415511,-98.485017,198.0,Texas,Bexar,San Antonio,INDUSTRIAL,URBAN AND CENTER CITY,Texas Commission On Environmental Quality,1972-01-01,,900 BLK E DURANGO,,urban-centre
480290046,SAN ANTONIO DOWNTOWN  CAMS 27,29.426944,-98.486389,201.0,Texas,Bexar,San Antonio,COMMERCIAL,URBAN AND CENTER CITY,Texas Commission On Environmental Quality,1981-09-01,,615 EAST HOUSTON STREET,78205.0,urban-centre
480290052,Camp Bullis,29.632058,-98.564936,311.0,Texas,Bexar,San Antonio,MILITARY RESERVATION,RURAL,Texas Commission On Environmental Quality,1998-08-10,,F Range (1000Yd marker off Wilderness Trail),78257.0,rural
480290055,CPS Pecan Valley,29.407295,-98.431251,189.0,Texas,Bexar,San Antonio,RESIDENTIAL,SUBURBAN,Texas Commission On Environmental Quality,1999-03-11,,802 Pecan Valley Drive,78220.0,urban-periphery
480290059,Calaveras Lake,29.275381,-98.311692,150.9,Texas,Bexar,San Antonio,INDUSTRIAL,RURAL,Texas Commission On Environmental Quality,1998-05-12,,14620 Laguna Rd,78223.0,rural
480290060,Frank Wing Municipal Court,29.422194,-98.505419,210.0,Texas,Bexar,San Antonio,COMMERCIAL,URBAN AND CENTER CITY,Texas Commission On Environmental Quality,2000-05-18,,401 South Frio St,78207.0,urban-centre
480290622,480290622,29.352778,-98.332778,165.0,Texas,Bexar,Not in a City,RESIDENTIAL,SUBURBAN,"Dios Dado Environmental Ltd., Selma, TX",2004-07-29,,7145 Gardner Roas,78263.0,urban-periphery
480290677,Old Hwy 90,29.423937,-98.580511,220.7,Texas,Bexar,San Antonio,RESIDENTIAL,URBAN AND CENTER CITY,Texas Commission On Environmental Quality,2006-10-09,,911 Old Hwy 90 West,78237.0,urban-centre
480291069,San Antonio Interstate 35,29.529432,-98.391403,284.3,Texas,Bexar,San Antonio,COMMERCIAL,URBAN AND CENTER CITY,Texas Commission On Environmental Quality,2014-01-08,,9904 IH 35 N,78233.0,urban-centre
480291087,San Antonio Bulverde Parkway,29.635,-98.4177,307.0,Texas,Bexar,Not in a City,COMMERCIAL,SUBURBAN,Texas Commission On Environmental Quality,2019-11-05,,3843 Bulverde Parkway,78259.0,urban-periphery
480291097,San Antonio Interstate 10 West,29.485125,-98.531422,232.0,Texas,Bexar,San Antonio,COMMERCIAL,URBAN AND CENTER CITY,Texas Commission On Environmental Quality,2025-03-31,,5821 Interstate 10 West,78201.0,urban-centre
480371031,Texarkana New Boston,33.436111,-94.07778,92.0,Texas,Bowie,Texarkana,RESIDENTIAL,URBAN AND CENTER CITY,Texas Commission On Environmental Quality,2016-03-23,,2700 New Boston Rd,75501.0,urban-centre
480391004,Manvel Croix Park,29.520443,-95.392509,19.0,Texas,Brazoria,Manvel,RESIDENTIAL,SUBURBAN,Texas Commission On Environmental Quality,2001-08-23,,4503 Croix Pkwy,77578.0,urban-periphery
480391012,Freeport South Avenue I,28.964394,-95.354974,3.0,Texas,Brazoria,Freeport,RESIDENTIAL,SUBURBAN,Texas Commission On Environmental Quality,2011-05-25,,207 South Avenue I,77541.0,urban-periphery
480391016,Lake Jackson,29.043759,-95.472946,0.0,Texas,Brazoria,Lake Jackson,INDUSTRIAL,SUBURBAN,Texas Commission On Environmental Quality,2003-06-10,,109B  Brazoria Hwy 332 West,77566.0,urban-periphery
480411086,Bryan Finfeather Road,30.628333,-96.362777,103.3,Texas,Brazos,College Station,COMMERCIAL,RURAL,Texas Commission On Environmental Quality,2020-02-27,,3670 Finfeather Road,77845.0,rural
480430101,Big Bend NP,29.30265,-103.17781,1057.0,Texas,Brewster,Not in a City,DESERT,RURAL,National Park Service,1988-03-01,,"BIG BEND NATIONAL PARK, TEXAS",79834.0,rural
480550062,W OF KANE AVE. WEST & 5TH ST. INTERSECTION,29.888276,-97.87806,0.0,Texas,Caldwell,San Marcos,AGRICULTURAL,SUBURBAN,Texas Commission On Environmental Quality,1998-08-12,,2041 AIRPORT DRIVE,,urban-periphery
480611023,Harlingen Teege,26.200335,-97.712684,12.0,Texas,Cameron,Harlingen,RESIDENTIAL,SUBURBAN,Texas Commission On Environmental Quality,2012-10-09,,1602 W Teege Avenue,78550.0,urban-periphery
480611098,Brownsville East 6th Street,25.900911,-97.507783,8.2,Texas,Cameron,Brownsville,COMMERCIAL,URBAN AND CENTER CITY,Texas Commission On Environmental Quality,2023-04-05,,85 East 6th Street,78520.0,urban-centre
480612002,San Benito,26.135173,-97.630039,10.1,Texas,Cameron,San Benito,RESIDENTIAL,URBAN AND CENTER CITY,Texas Commission On Environmental Quality,1983-01-01,,195 ADELE STREET,78586.0,urban-centre
480612004,Isla Blanca State Park Road,26.0711,-97.1577,0.0,Texas,Cameron,South Padre Island,COMMERCIAL,RURAL,Texas Commission On Environmental Quality,2005-08-01,,33174 State Park Road 100,78597.0,rural
480651001,Superfund Site,35.182552,-101.6224,0.0,Texas,Carson,Not in a city,COMMERCIAL,URBAN AND CENTER CITY,US EPA - Region 6,1992-09-09,,2000 S. Houston,,urban-centre
480670099,SOLLEY SITE,33.121799,-94.02935,0.0,Texas,Cass,Not in a city,RESIDENTIAL,RURAL,Arkansas Department of Energy and Environment,1998-02-01,,"ROUTE 1, BLOOMBURG, TX",,rural
480850001,SE OF HICKORY STREET & 6TH STREET INTERSECTION,33.145,-96.822778,227.0,Texas,Collin,Not in a city,RESIDENTIAL,SUBURBAN,Texas Commission On Environmental Quality,1981-01-01,,711 HICKORY,,urban-periphery
480850005,Frisco,33.1324,-96.786419,232.0,Texas,Collin,Frisco,RESIDENTIAL,SUBURBAN,Texas Commission On Environmental Quality,1992-05-07,,6590 Hillcrest Road,75035.0,urban-periphery
480850009,Frisco Eubanks,33.144662,-96.828809,198.0,Texas,Collin,Frisco,RESIDENTIAL,SUBURBAN,Texas Commission On Environmental Quality,1995-01-15,,6601 Eubanks,75034.0,urban-periphery
480850029,Frisco Stonebrook,33.136025,-96.824473,212.0,Texas,Collin,Frisco,COMMERCIAL,SUBURBAN,Texas Commission On Environmental Quality,2011-01-07,,7202 Stonebrook Parkway,75034.0,urban-periphery
481090101,Guadalupe Mountain NP,31.83345,-104.810224,1658.0,Texas,Culberson,Not in a City,DESERT,RURAL,National Park Service,1987-02-01,,GUADALUPE MOUNTAINS NP,,rural
481099000,481099000,31.833155,-104.809914,1672.0,Texas,Culberson,Not in a City,FOREST,RURAL,National Park Service,1988-03-02,,Guadalupe Mountains NP,79847.0,rural
481130050,Convention Center,32.774262,-96.797686,145.1,Texas,Dallas,Dallas,COMMERCIAL,URBAN AND CENTER CITY,Texas Commission On Environmental Quality,1979-01-01,,717 South Akard,75202.0,urban-centre
481130053,NORTH OF BRYAN & ERVAY STREETS INTERSECTION,32.783462,-96.797501,139.0,Texas,Dallas,Dallas,COMMERCIAL,URBAN AND CENTER CITY,City of Dallas Ambient Air Program,1981-01-30,,400 NORTH ERVAY AT BRYAN,,urban-centre
481130056,481130056,32.735278,-96.774167,132.0,Texas,Dallas,Dallas,UNKNOWN,UNKNOWN,City of Dallas Ambient Air Program,1981-01-01,,"1020 SARGENT RD., WASTE WATER TREATMENT",,unknown
481130057,BOY'S  CLUB,32.778889,-96.873056,134.0,Texas,Dallas,Dallas,RESIDENTIAL,URBAN AND CENTER CITY,Texas Commission On Environmental Quality,1982-01-01,,3004 N. WESTMORELAND,75212.0,urban-centre
481130061,Earhart,32.785359,-96.876571,125.3,Texas,Dallas,Dallas,RESIDENTIAL,URBAN AND CENTER CITY,Texas Commission On Environmental Quality,1982-01-01,,3434 Bickers (Earhart Elem School),75212.0,urban-centre
481130069,Dallas Hinton,32.820061,-96.860117,126.5,Texas,Dallas,Dallas,COMMERCIAL,URBAN AND CENTER CITY,Texas Commission On Environmental Quality,1986-01-01,,1415 Hinton Street,75235.0,urban-centre
481130072,NORTH OF TEXAS & HOUSTON STREETS INTERSECTION,32.588889,-96.963333,0.0,Texas,Dallas,Cedar Hill,RESIDENTIAL,SUBURBAN,Texas Commission On Environmental Quality,1991-07-17,,1212 BELTLINE RD. MAIN FIRE STATION,,urban-periphery
481130075,Dallas North #2,32.919206,-96.808498,190.8,Texas,Dallas,Dallas,RESIDENTIAL,SUBURBAN,Texas Commission On Environmental Quality,1998-11-02,,12532 1/2 Nuestra Drive,75230.0,urban-periphery
481130087,Dallas Redbird Airport Executive,32.676451,-96.87206,206.0,Texas,Dallas,Dallas,COMMERCIAL,SUBURBAN,Texas Commission On Environmental Quality,1995-01-01,,3277 W Redbird Lane,75237.0,urban-periphery
481131006,WEST OF SHILOH ROAD.,32.91068,-96.669441,0.0,Texas,Dallas,Garland,INDUSTRIAL,URBAN AND CENTER CITY,Texas Commission On Environmental Quality,1994-03-17,,409 FORREST GATE,,urban-centre
481131067,Dallas LBJ Freeway,32.92118,-96.75355,177.0,Texas,Dallas,Dallas,COMMERCIAL,URBAN AND CENTER CITY,Texas Commission On Environmental Quality,2014-04-01,,8652 LBJ Freeway,75243.0,urban-centre
481131096,Dallas Bexar Street,32.745119,-96.75319,125.0,Texas,Dallas,Dallas,COMMERCIAL,URBAN AND CENTER CITY,Texas Commission On Environmental Quality,2021-09-07,,5800 Bexar Street,75215.0,urban-centre
481135502,NW Harllee Elementary School,32.750557,-96.8058,0.0,Texas,Dallas,Dallas,COMMERCIAL,URBAN AND CENTER CITY,US EPA/OAQPS,2009-09-02,,1216 E 8th St,75203.0,urban-centre
481210034,Denton Airport South,33.219069,-97.196284,183.0,Texas,Denton,Denton,COMMERCIAL,RURAL,Texas Commission On Environmental Quality,1998-02-16,,Denton Airport South,76207.0,rural
481210054,EAST OF FUQUA RD. & HWY 121 INTERSECTION,33.071944,-96.861389,186.0,Texas,Denton,Not in a city,AGRICULTURAL,RURAL,City of Dallas Ambient Air Program,1981-01-26,,QUARTER MILE RD OFF HWY 121,,rural
481211007,Flower Mound Shiloh,33.045862,-97.130002,194.0,Texas,Denton,Flower Mound,RESIDENTIAL,SUBURBAN,Texas Commission On Environmental Quality,2010-10-27,,4401 Shiloh Road,75022.0,urban-periphery
481211013,DISH Airfield,33.13093,-97.29765,667.0,Texas,Denton,Not in a City,AGRICULTURAL,RURAL,Texas Commission On Environmental Quality,2010-03-31,,9800 Clark Airport Road,76247.0,rural
481211032,Pilot Point,33.410648,-96.94459,201.0,Texas,Denton,Pilot Point,RESIDENTIAL,SUBURBAN,Texas Commission On Environmental Quality,2006-04-04,,792 E Northside Dr,76258.0,urban-periphery
481350003,Odessa-Hays Elementary School,31.836577,-102.342066,883.0,Texas,Ector,Odessa,RESIDENTIAL,SUBURBAN,"Dios Dado Environmental Ltd., Selma, TX",1993-02-02,,Barrett & Monahans Streets,79761.0,urban-periphery
481350004,NW OF SAN BENITO AND S. BANDERA AVE.,31.826389,-102.308333,0.0,Texas,Ector,Odessa,RESIDENTIAL,SUBURBAN,Texas Commission On Environmental Quality,2000-08-16,,4711 SAN BENITO,,urban-periphery
481351014,Odessa Gonzales,31.870259,-102.334745,884.0,Texas,Ector,Odessa,RESIDENTIAL,SUBURBAN,"Dios Dado Environmental Ltd., Selma, TX",2002-06-06,,2700 Disney,79761.0,urban-periphery
481390015,NORTH OF TOWER RD. & WATERWORKS RD. INTERSECTION,32.436944,-97.025,0.0,Texas,Ellis,Midlothian,AGRICULTURAL,SUBURBAN,Texas Commission On Environmental Quality,1994-10-24,,4252 WATERWORKS ROAD,,urban-periphery
481390016,Midlothian OFW,32.482083,-97.026899,195.0,Texas,Ellis,Midlothian,AGRICULTURAL,SUBURBAN,Texas Commission On Environmental Quality,1994-11-07,,2725 Old Fort Worth Road,76065.0,urban-periphery
481391044,Italy,32.175417,-96.870189,165.0,Texas,Ellis,Italy,AGRICULTURAL,RURAL,Texas Commission On Environmental Quality,2007-08-21,,900 FM 667 Ellis County,76651.0,rural
481410027,NORTH OF CAMPBELL & FRANKLIN INTERSECTION,31.763076,-106.486712,1140.0,Texas,El Paso,El Paso,COMMERCIAL,URBAN AND CENTER CITY,Texas Commission On Environmental Quality,1973-01-01,,500 NORTH CAMPBELL ST.,,urban-centre
481410028,NW OF BORDER HWY IN ASCARATE PARK,31.753611,-106.403889,1126.0,Texas,El Paso,El Paso,RESIDENTIAL,SUBURBAN,Texas Commission On Environmental Quality,1974-01-01,,6950 ALAMEDA AVE ASCARATE PARK,,urban-periphery
481410029,Ivanhoe,31.785769,-106.323578,1212.0,Texas,El Paso,El Paso,RESIDENTIAL,SUBURBAN,Texas Commission On Environmental Quality,1979-01-01,,10834 Ivanhoe (Ivanhoe Fire Station),79935.0,urban-periphery
481410037,El Paso UTEP,31.768286,-106.501243,1158.0,Texas,El Paso,El Paso,COMMERCIAL,URBAN AND CENTER CITY,Texas Commission On Environmental Quality,1981-01-01,,250 Rim Rd,79902.0,urban-centre
481410038,El Paso Mimosa,31.735857,-106.377909,1121.9,Texas,El Paso,El Paso,RESIDENTIAL,SUBURBAN,Texas Commission On Environmental Quality,1981-01-01,,7501 Mimosa Avenue,79915.0,urban-periphery
481410041,NE OF LAWTON & W. MISSOURI INTERSECTION,31.760538,-106.500449,1136.0,Texas,El Paso,El Paso,RESIDENTIAL,SUBURBAN,Texas Commission On Environmental Quality,1983-01-01,,220 LAWTON ST,,urban-periphery
481410044,El Paso Chamizal,31.765685,-106.455227,1122.0,Texas,El Paso,El Paso,COMMERCIAL,URBAN AND CENTER CITY,Texas Commission On Environmental Quality,1988-04-01,,800 S San Marcial Street,79905.0,urban-centre
481410045,EAST OF STOTTS &_DEL VALLE INTERSECTION,31.846667,-106.588333,0.0,Texas,El Paso,El Paso,RESIDENTIAL,SUBURBAN,Texas Commission On Environmental Quality,1988-08-31,,250 LINDBERGH AVE. LINDBERGH ELEM SCHOOL,,urban-periphery
481410051,SE OF HAAN & PLEASONTON STREETS INTERSECTION,31.801944,-106.420556,0.0,Texas,El Paso,El Paso,COMMERCIAL,SUBURBAN,City of El Paso Environmental Services Department,1990-12-01,,"1660 JEB STUART, FT. BLISS MILITARY BASE",,urban-periphery
481410055,Ascarate Park SE,31.746775,-106.402806,1122.0,Texas,El Paso,El Paso,COMMERCIAL,SUBURBAN,Texas Commission On Environmental Quality,1999-09-01,,650 R E Thomason Loop,79905.0,urban-periphery
481410056,SE OF W. PAISANO &STATE HWY 273,31.7825,-106.523333,0.0,Texas,El Paso,El Paso,INDUSTRIAL,SUBURBAN,Texas Commission On Environmental Quality,1997-03-07,,2301 W. PAISANO DRIVE,,urban-periphery
481410057,Socorro Hueco,31.6675,-106.288,1117.7,Texas,El Paso,Socorro,RESIDENTIAL,SUBURBAN,Texas Commission On Environmental Quality,1999-11-18,,320 Old Hueco Tanks Road,79927.0,urban-periphery
481410058,Skyline Park,31.893913,-106.425827,1201.0,Texas,El Paso,El Paso,RESIDENTIAL,SUBURBAN,Texas Commission On Environmental Quality,2000-07-11,,5050A Yvette Drive,79924.0,urban-periphery
481410693,Van Buren,31.81337,-106.46452,1256.7,Texas,El Paso,El Paso,RESIDENTIAL,URBAN AND CENTER CITY,Texas Commission On Environmental Quality,2010-07-05,,2700 Harrison Avenue,79930.0,urban-centre
481411011,El Paso Delta,31.758476,-106.407346,1127.0,Texas,El Paso,El Paso,COMMERCIAL,URBAN AND CENTER CITY,Orsat,2011-08-05,,6700 Delta Drive,79915.0,urban-centre
481411021,Ojo De Agua,31.86247,-106.5473,1253.0,Texas,El Paso,El Paso,RESIDENTIAL,SUBURBAN,Texas Commission On Environmental Quality,2013-04-15,,6767 Ojo De Agua,79912.0,urban-periphery
481419001,481419001,31.6869,-106.3228,1032.44,Texas,El Paso,El Paso,RESIDENTIAL,SUBURBAN,Ysleta Del Sur Pueblo of Texas,2005-03-01,,9261 SOCORRO ROAD,,urban-periphery
481419018,481419018,31.687006,-106.322942,1119.0,Texas,El Paso,El Paso,RESIDENTIAL,SUBURBAN,Ysleta Del Sur Pueblo of Texas,2007-11-10,,Located on Ysleta del Sur Pueblo,79907.0,urban-periphery
481490001,Fayette County,29.962475,-96.745875,85.0,Texas,Fayette,Round Top,AGRICULTURAL,RURAL,Texas Commission On Environmental Quality,2000-05-18,,636 Roznov Rd,78954.0,rural
481611084,Fairfield FM 2570 Ward Ranch,31.797813,-96.1031,126.4,Texas,Freestone,Fairfield,RESIDENTIAL,RURAL,Texas Commission On Environmental Quality,2017-10-30,,488 FM 2570,75840.0,rural
481670004,Texas City Fire Station,29.384444,-94.930833,5.0,Texas,Galveston,Texas City,RESIDENTIAL,URBAN AND CENTER CITY,Texas Commission On Environmental Quality,1972-01-01,,2516 Texas Avenue,77590.0,urban-centre
481670005,Texas City Ball Park,29.385234,-94.93152,0.0,Texas,Galveston,Texas City,RESIDENTIAL,URBAN AND CENTER CITY,Texas Commission On Environmental Quality,1997-10-20,,2516 1/2 Texas Avenue,77590.0,urban-centre
481670014,GALVESTON ISLAND,29.263319,-94.856568,0.0,Texas,Galveston,Galveston,COMMERCIAL,URBAN AND CENTER CITY,Texas Commission On Environmental Quality,1993-12-01,,8715 CESSNA STREET,,urban-centre
481670053,NE OF 17TH STREET N & 5TH AVE N INTERSECTION,29.39,-94.919444,9.0,Texas,Galveston,Texas City,RESIDENTIAL,URBAN AND CENTER CITY,Galveston City-County Health Department,1979-01-01,,17TH & 5TH AVE. N. PUMPHOUSE ROOF,,urban-centre
481671002,WEST OF 15TH AVE. N & NORTH LOGAN INTERSECTION,29.398611,-94.933333,9.0,Texas,Galveston,Texas City,RESIDENTIAL,SUBURBAN,Texas Commission On Environmental Quality,1974-01-01,,2701 13TH AVE NORTH AT LOGAN,,urban-periphery
481671005,SE OF CALDER DRIVE & FM 518 INTERSECTION,29.503889,-95.104444,0.0,Texas,Galveston,League City,RESIDENTIAL,URBAN AND CENTER CITY,Texas Commission On Environmental Quality,1999-01-01,,171 CALDER DRIVE,,urban-centre
481671034,Galveston 99th Street,29.254474,-94.861289,5.0,Texas,Galveston,Galveston,COMMERCIAL,SUBURBAN,Texas Commission On Environmental Quality,2007-03-20,,9511 Avenue V 1/2,77554.0,urban-periphery
481676002,Superfund Site,29.113854,-95.232711,0.0,Texas,Galveston,Friendswood,COMMERCIAL,SUBURBAN,US EPA - Region 6,1991-01-03,,2501 Dixie Farm Road,,urban-periphery
481830001,Longview,32.378696,-94.711813,109.1,Texas,Gregg,Longview,RESIDENTIAL,RURAL,Texas Commission On Environmental Quality,1977-01-01,,Gregg Co Airport near Longview,75603.0,rural
482010024,Houston Aldine,29.901036,-95.326137,24.1,Texas,Harris,Houston,RESIDENTIAL,SUBURBAN,Texas Commission On Environmental Quality,1974-01-01,,4510 1/2 Aldine Mail Rd,77039.0,urban-periphery
482010026,Channelview,29.802707,-95.125495,11.9,Texas,Harris,Channelview,RESIDENTIAL,SUBURBAN,Texas Commission On Environmental Quality,1980-01-01,,1405 Sheldon Road,77530.0,urban-periphery
482010029,Northwest Harris County,30.039524,-95.673951,50.6,Texas,Harris,Tomball,RESIDENTIAL,RURAL,Texas Commission On Environmental Quality,1981-01-01,,16822 Kitzman,77429.0,rural
482010030,CHANNELVIEW NORTH,29.854288,-95.128711,12.0,Texas,Harris,Sheldon,RESIDENTIAL,SUBURBAN,Texas Commission On Environmental Quality,2005-12-06,,NW corner of US 90 and Sheldon Rd,77049.0,urban-periphery
482010046,Houston North Wayside,29.828086,-95.284096,20.1,Texas,Harris,Houston,RESIDENTIAL,SUBURBAN,Texas Commission On Environmental Quality,1976-01-01,,7330 1/2 North Wayside,77028.0,urban-periphery
482010047,Lang,29.834167,-95.489167,24.0,Texas,Harris,Houston,RESIDENTIAL,SUBURBAN,Texas Commission On Environmental Quality,1978-01-01,,4401 1/2 Lang Rd,77092.0,urban-periphery
482010051,Houston Croquet,29.623889,-95.474167,18.0,Texas,Harris,Houston,RESIDENTIAL,SUBURBAN,Texas Commission On Environmental Quality,1978-01-01,,13826 1/2 Croquet,77085.0,urban-periphery
482010055,Houston Bayland Park,29.695729,-95.499219,19.5,Texas,Harris,Houston,RESIDENTIAL,SUBURBAN,Texas Commission On Environmental Quality,1998-03-24,,6400 Bissonnet Street,77074.0,urban-periphery
482010058,Baytown,29.770698,-95.031232,8.5,Texas,Harris,Baytown,RESIDENTIAL,SUBURBAN,Texas Commission On Environmental Quality,1998-03-25,,7210 1/2 Bayway Drive,77520.0,urban-periphery
482010060,Houston Kirkpatrick,29.807415,-95.293622,18.9,Texas,Harris,Houston,RESIDENTIAL,SUBURBAN,Texas Commission On Environmental Quality,2000-02-10,,5565 Kirkpatrick,77028.0,urban-periphery
482010062,Houston Monroe,29.625556,-95.267222,12.0,Texas,Harris,Houston,RESIDENTIAL,SUBURBAN,Texas Commission On Environmental Quality,1984-01-01,,9726 1/2 Monroe,77075.0,urban-periphery
482010066,Houston Westhollow,29.723333,-95.635833,24.0,Texas,Harris,Houston,INDUSTRIAL,SUBURBAN,Texas Commission On Environmental Quality,1994-07-01,,3333 1/2 Hwy 6 South,77082.0,urban-periphery
482010067,"GALLERIA SITE, COAST STUDY",29.722174,-95.462719,0.0,Texas,Harris,Bellaire,COMMERCIAL,URBAN AND CENTER CITY,City of Houston Health Department,1993-06-01,,"4951 LEHIGH  BELLAIRE, TX",,urban-centre
482010416,Park Place,29.686389,-95.294722,10.0,Texas,Harris,Houston,RESIDENTIAL,URBAN AND CENTER CITY,Texas Commission On Environmental Quality,2006-02-22,,7421 Park Place Blvd,77087.0,urban-centre
482010417,Houston Harvard Street,29.772915,-95.395784,8.0,Texas,Harris,Houston,COMMERCIAL,URBAN AND CENTER CITY,Texas Commission On Environmental Quality,2021-01-25,,160 Harvard Street,77007.0,urban-centre
482010803,HRM #3 Haden Rd,29.764788,-95.178538,13.1,Texas,Harris,Houston,INDUSTRIAL,SUBURBAN,Texas Commission On Environmental Quality,1992-11-14,,1504 1/2 Haden Road,77015.0,urban-periphery
482010807,HRM 7 BAYTOWN,29.768889,-95.0175,0.0,Texas,Harris,Baytown,COMMERCIAL,URBAN AND CENTER CITY,Radian Corporation,1999-11-29,,4621-4639 W Baker Rd,77520.0,urban-centre
482011015,Lynchburg Ferry,29.758889,-95.079444,2.0,Texas,Harris,Baytown,COMMERCIAL,SUBURBAN,Texas Commission On Environmental Quality,2003-04-24,,4364 Independence Parkway South,77571.0,urban-periphery
482011017,Baytown Garth,29.827158,-94.988423,12.2,Texas,Harris,Baytown,RESIDENTIAL,SUBURBAN,Texas Commission On Environmental Quality,2012-06-05,,"4898 Ashbel Cove Drive, Trailer A",77521.0,urban-periphery
482011034,Houston East,29.767997,-95.220582,9.1,Texas,Harris,Houston,COMMERCIAL,SUBURBAN,Texas Commission On Environmental Quality,1973-01-01,,1262 1/2 Mae Drive,77029.0,urban-periphery
482011035,Clinton,29.733726,-95.257593,12.5,Texas,Harris,Houston,INDUSTRIAL,URBAN AND CENTER CITY,Texas Commission On Environmental Quality,1972-01-01,,9525 1/2 Clinton Dr,77029.0,urban-centre
482011039,Houston Deer Park #2,29.670025,-95.128508,10.0,Texas,Harris,Deer Park,RESIDENTIAL,URBAN AND CENTER CITY,Texas Commission On Environmental Quality,1996-10-22,,4413 Glenwood Avenue,77536.0,urban-centre
482011043,La Porte Airport C243,29.672,-95.0647,5.0,Texas,Harris,La Porte,COMMERCIAL,SUBURBAN,Texas Commission On Environmental Quality,2005-06-09,,La Porte Airport,77571.0,urban-periphery
482011050,Seabrook Friendship Park,29.583047,-95.015544,0.0,Texas,Harris,Seabrook,RESIDENTIAL,SUBURBAN,Texas Commission On Environmental Quality,2001-07-29,,4522 Park Rd,77586.0,urban-periphery
482011052,Houston North Loop,29.81453,-95.38769,13.5,Texas,Harris,Houston,RESIDENTIAL,URBAN AND CENTER CITY,Texas Commission On Environmental Quality,2015-04-13,,822 North Loop,77022.0,urban-centre
482011066,Houston Southwest Freeway,29.7216,-95.49265,13.0,Texas,Harris,Houston,COMMERCIAL,URBAN AND CENTER CITY,Texas Commission On Environmental Quality,2014-01-22,,5617 Westward Avenue,77081.0,urban-centre
482015503,Lamkin Elementary,29.93939,-95.65133,0.0,Texas,Harris,Not in a City,COMMERCIAL,URBAN AND CENTER CITY,US EPA/OAQPS,2009-08-17,,11521 Telge Rd,77429.0,urban-centre
482015504,San Jacinto Elementary School - Deer Park Junior High School*,29.7068,-95.1175,0.0,Texas,Harris,Deer Park,COMMERCIAL,URBAN AND CENTER CITY,US EPA/OAQPS,2009-08-26,,601 E 8th Street / 203 Ivy,77536.0,urban-centre
482015505,Young Scholars Academy,29.75273,-95.37244,0.0,Texas,Harris,Houston,COMMERCIAL,URBAN AND CENTER CITY,US EPA/OAQPS,2009-08-18,,1809 Louisiana St,77002.0,urban-centre
482030002,Karnack,32.669001,-94.167468,72.2,Texas,Harrison,Not in a City,AGRICULTURAL,RURAL,Texas Commission On Environmental Quality,2001-06-30,,Hwy 134 & Spur 449,75661.0,rural
482031079,Hallsville Red Oak Road,32.470228,-94.481595,120.0,Texas,Harrison,Hallsville,COMMERCIAL,RURAL,Texas Commission On Environmental Quality,2016-12-06,,9206 Red Oak Road,75670.0,rural
482150042,Edinburg,26.309858,-98.183101,30.0,Texas,Hidalgo,Edinburg,RESIDENTIAL,URBAN AND CENTER CITY,Texas Commission On Environmental Quality,1995-01-07,,1902 WEST SCHUNIOR,78541.0,urban-centre
482150043,Mission,26.226343,-98.29085,37.0,Texas,Hidalgo,Mission,RESIDENTIAL,SUBURBAN,University of Texas Rio Grande Valley,1995-07-01,,2300 North Glasscock,78572.0,urban-periphery
482151046,Edinburg East Freddy Gonzalez Drive,26.288622,-98.152066,10.0,Texas,Hidalgo,Edinburg,COMMERCIAL,URBAN AND CENTER CITY,Texas Commission On Environmental Quality,2015-07-08,,1491 East Freddy Gonzalez Drive,78542.0,urban-centre
482151048,Mercedes,26.131081,-97.937265,19.0,Texas,Hidalgo,Mercedes,COMMERCIAL,URBAN AND CENTER CITY,Texas Commission On Environmental Quality,2008-10-29,,325 Golf Course Road,78570.0,urban-centre
482210001,Granbury,32.442304,-97.803529,226.0,Texas,Hood,Granbury,RESIDENTIAL,SUBURBAN,Texas Commission On Environmental Quality,2000-05-09,,200 N Gordon Street,76048.0,urban-periphery
482271072,Big Spring Midway,32.280422,-101.407137,726.0,Texas,Howard,Big Spring,COMMERCIAL,RURAL,Texas Commission On Environmental Quality,2016-12-03,,1218 N. Midway Rd,79720.0,rural
482311006,Greenville,33.153088,-96.115572,161.0,Texas,Hunt,Greenville,RESIDENTIAL,SUBURBAN,Texas Commission On Environmental Quality,2003-03-20,,824 Sayle Street,75401.0,urban-periphery
482331073,Borger FM 1559,35.6762,-101.4401,945.4,Texas,Hutchinson,Borger,COMMERCIAL,RURAL,Texas Commission On Environmental Quality,2016-11-02,,19440 FM 1559,79007.0,rural
482430004,McDonald Observatory,30.669362,-104.024657,1829.0,Texas,Jeff Davis,Not in a City,AGRICULTURAL,RURAL,Texas Commission On Environmental Quality,2002-03-18,,HC 75 Box 1337-MCD,79734.0,rural
482450009,Beaumont Downtown,30.036422,-94.071061,10.1,Texas,Jefferson,Beaumont,RESIDENTIAL,SUBURBAN,Texas Commission On Environmental Quality,1980-01-01,,1086 Vermont Avenue,77705.0,urban-periphery
482450011,Port Arthur West,29.897516,-93.991084,4.0,Texas,Jefferson,Port Arthur,RESIDENTIAL,URBAN AND CENTER CITY,Texas Commission On Environmental Quality,1981-01-01,,623 Ellias Street,77640.0,urban-centre
482450018,Jefferson County Airport,29.942798,-94.00077,4.0,Texas,Jefferson,Port Arthur,RESIDENTIAL,SUBURBAN,Texas Commission On Environmental Quality,1994-10-01,,End of 90th Street @ Jefferson County Airport,77640.0,urban-periphery
482450020,CARROLL STREET PARK,30.06607,-94.077383,6.0,Texas,Jefferson,Beaumont,INDUSTRIAL,URBAN AND CENTER CITY,Texas Commission On Environmental Quality,1997-11-18,,GRANT & GROVE STREETS,77701.0,urban-centre
482450021,Port Arthur Memorial School,29.922894,-93.909018,0.0,Texas,Jefferson,Port Arthur,RESIDENTIAL,SUBURBAN,South East Texas Regional Planning Commission (SETRPC),2000-03-06,,2200 Jefferson Drive,77642.0,urban-periphery
482450022,Hamshire,29.863957,-94.317802,5.0,Texas,Jefferson,Not in a City,RESIDENTIAL,SUBURBAN,Texas Commission On Environmental Quality,2000-02-10,,12552 Second St,77622.0,urban-periphery
482450101,SETRPC  40  Sabine Pass,29.727931,-93.894081,1.0,Texas,Jefferson,Not in a City,COMMERCIAL,RURAL,South East Texas Regional Planning Commission (SETRPC),2000-01-01,,5200 Mechanic,77655.0,rural
482450102,SETRPC 43 Jefferson Co Airport,29.9425,-94.000556,0.0,Texas,Jefferson,Port Arthur,RESIDENTIAL,SUBURBAN,South East Texas Regional Planning Commission (SETRPC),2000-01-01,,Jefferson County Airport,77640.0,urban-periphery
482451035,Nederland 17th Street,29.979958,-94.004746,15.0,Texas,Jefferson,Nederland,RESIDENTIAL,SUBURBAN,Texas Commission On Environmental Quality,2006-08-30,,1516 17th Street,77627.0,urban-periphery
482451071,Port Arthur West 7th Street Gate 2,29.8442,-93.9652,2.4,Texas,Jefferson,Port Arthur,COMMERCIAL,RURAL,Texas Commission On Environmental Quality,2016-09-30,,"West 7th Street, Valero Port Arthur Gate 2",77642.0,rural
482454007,482454007,29.98688,-93.95434,0.0,Texas,Jefferson,Port Neches,RESIDENTIAL,SUBURBAN,US EPA National Exposure Research Lab,1990-01-01,,GROVES HIGH SCHOOL 1225 PORT NECHES,,urban-periphery
482510003,Cleburne Airport,32.353595,-97.436742,250.0,Texas,Johnson,Cleburne,COMMERCIAL,SUBURBAN,Texas Commission On Environmental Quality,2000-05-10,,1650 Airport Drive,76033.0,urban-periphery
482511008,Johnson County Luisa,32.469701,-97.169271,209.0,Texas,Johnson,Alvarado,RESIDENTIAL,SUBURBAN,Texas Commission On Environmental Quality,2010-11-23,,2420 Luisa Ln,76009.0,urban-periphery
482551070,Karnes County,28.88044,-97.888065,131.7,Texas,Karnes,Karnes City,COMMERCIAL,RURAL,Texas Commission On Environmental Quality,2020-01-01,,1100B East Main Avenue,78118.0,rural
482570005,Kaufman,32.564968,-96.317687,128.0,Texas,Kaufman,Kaufman,COMMERCIAL,SUBURBAN,Texas Commission On Environmental Quality,2000-09-11,,3790 S Houston St,75142.0,urban-periphery
482570020,Terrell Temtex,32.728561,-96.318552,153.0,Texas,Kaufman,Terrell,COMMERCIAL,RURAL,Texas Commission On Environmental Quality,2010-12-22,,8 Jamison Ct,75160.0,rural
482730314,National Seashore,27.422433,-97.300869,20.0,Texas,Kleberg,Corpus Christi,MILITARY RESERVATION,RURAL,Texas Commission On Environmental Quality,2002-10-25,,20420 Park Road,78418.0,rural
483031028,Lubbock 12th Street,33.58553,-101.78698,501.0,Texas,Lubbock,Lubbock,COMMERCIAL,URBAN AND CENTER CITY,Texas Commission On Environmental Quality,2016-08-13,,3901 East 12th Street,79403.0,urban-centre
483091002,SW OF ALFORD & HARVEY INTERSECTION,31.520556,-97.200556,0.0,Texas,McLennan,Waco,RESIDENTIAL,SUBURBAN,Texas Commission On Environmental Quality,2000-01-01,,6801 SANGER AVE. SUITE 2500,,urban-periphery
483091037,Waco Mazanec,31.653086,-97.070704,143.0,Texas,McLennan,Waco,COMMERCIAL,RURAL,Texas Commission On Environmental Quality,2007-04-16,,4472 Mazanec Rd,76705.0,rural
483230004,Eagle Pass,28.704607,-100.451156,255.0,Texas,Maverick,Eagle Pass,RESIDENTIAL,URBAN AND CENTER CITY,Texas Commission On Environmental Quality,2005-06-01,,265 Foster Maldonado,78852.0,urban-centre
483390078,Conroe Relocated,30.350302,-95.425128,77.0,Texas,Montgomery,Conroe,COMMERCIAL,SUBURBAN,Texas Commission On Environmental Quality,2001-10-01,,9472A Hwy 1484,77303.0,urban-periphery
483491051,Corsicana Airport,32.031934,-96.399141,128.0,Texas,Navarro,Corsicana,COMMERCIAL,RURAL,Texas Commission On Environmental Quality,2009-06-16,,Corsicana Airport,75109.0,rural
483491081,Richland Southeast 1220 Road,31.9041,-96.352,100.9,Texas,Navarro,Richland,COMMERCIAL,RURAL,Texas Commission On Environmental Quality,2016-11-16,,Southeast 1220 Road,76681.0,rural
483550025,Corpus Christi West,27.76534,-97.434262,12.0,Texas,Nueces,Corpus Christi,RESIDENTIAL,SUBURBAN,Texas Commission On Environmental Quality,1981-01-01,,902 Airport Road,78405.0,urban-periphery
483550026,Corpus Christi Tuloso,27.832413,-97.555387,12.0,Texas,Nueces,Corpus Christi,RESIDENTIAL,SUBURBAN,Texas Commission On Environmental Quality,1984-01-01,,9860 La Branch,78410.0,urban-periphery
483550030,THIS IS THE CORPUS CHRISTI POTH SITE/NEAR THE COASTAL REFINERY CO.,27.808082,-97.434714,0.0,Texas,Nueces,Corpus Christi,INDUSTRIAL,URBAN AND CENTER CITY,Texas Commission On Environmental Quality,1993-07-22,,POTH LANE NEAR OAK PARK AREA,,urban-centre
483550032,Corpus Christi Huisache,27.804489,-97.431553,6.0,Texas,Nueces,Corpus Christi,RESIDENTIAL,URBAN AND CENTER CITY,Texas Commission On Environmental Quality,1997-08-06,,3810 Huisache Street,78407.0,urban-centre
483550034,Dona Park,27.811817,-97.465703,6.0,Texas,Nueces,Corpus Christi,RESIDENTIAL,URBAN AND CENTER CITY,Texas Commission On Environmental Quality,2001-01-31,,5707 Up River Rd,78407.0,urban-centre
483611001,West Orange,30.085263,-93.761341,3.0,Texas,Orange,West Orange,RESIDENTIAL,URBAN AND CENTER CITY,Texas Commission On Environmental Quality,1974-01-01,,2700 Austin Ave,77630.0,urban-centre
483611083,Orange 1st Street,30.153675,-93.725897,8.0,Texas,Orange,Orange,COMMERCIAL,URBAN AND CENTER CITY,Texas Commission On Environmental Quality,2016-10-03,,2239 1st Street,77630.0,urban-centre
483611100,483611100,30.194167,-93.866944,0.01,Texas,Orange,West Orange,RESIDENTIAL,SUBURBAN,Texas Commission On Environmental Quality,1999-01-01,,INTERSECTION OF TX HWYS 62 AND 12,,urban-periphery
483670081,Parker County,32.868773,-97.905931,347.0,Texas,Parker,Weatherford,RESIDENTIAL,RURAL,Texas Commission On Environmental Quality,2000-07-26,,3033 New Authon Rd,76088.0,rural
483739991,Alabama-Coushatta,30.7017,-94.6742,101.0,Texas,Polk,Not in a City,FOREST,RURAL,USEPA - Clean Air and Power Division,2004-04-02,,"361 Tombigbee Rd, Livingston, TX 77351",77351.0,rural
483751025,Amarillo 24th Avenue,35.236736,-101.787405,1116.0,Texas,Potter,Amarillo,COMMERCIAL,SUBURBAN,Texas Commission On Environmental Quality,2013-10-16,,4205 NE 24th Avenue,79107.0,urban-periphery
483751077,Amarillo Xcel El Rancho,35.3165,-101.7418,1074.3,Texas,Potter,Amarillo,COMMERCIAL,RURAL,Texas Commission On Environmental Quality,2016-12-16,,Folsom Rd. & El Rancho Rd.,79108.0,rural
483819991,Palo Duro,34.8803,-101.6649,1050.0,Texas,Randall,Not in a City,AGRICULTURAL,RURAL,USEPA - Clean Air and Power Division,2007-04-24,,"Palo Duro Canyon State Park, Canyon, TX 79015",79015.0,rural
483951076,Franklin Oak Grove,31.168889,-96.481944,137.1,Texas,Robertson,Franklin,COMMERCIAL,RURAL,Texas Commission On Environmental Quality,2016-10-13,,8127 Oak Grove Road,77856.0,rural
483970001,Rockwall Heath,32.936523,-96.459211,168.0,Texas,Rockwall,Rockwall,RESIDENTIAL,SUBURBAN,Texas Commission On Environmental Quality,2000-08-08,,100 E Heath St,75087.0,urban-periphery
484011082,Tatum CR 2181d Martin Creek Lake,32.277929,-94.570851,106.7,Texas,Rusk,Tatum,COMMERCIAL,RURAL,Texas Commission On Environmental Quality,2017-11-01,,9515 County Road 2181d,75691.0,rural
484230007,Tyler Airport Relocated,32.344027,-95.415754,165.0,Texas,Smith,Tyler,AGRICULTURAL,RURAL,Texas Commission On Environmental Quality,2000-05-25,,14790 County Road 1145,75704.0,rural
484390029,EAST OF FAA & AMERICAN INTERSECTION,32.831389,-97.063889,0.0,Texas,Tarrant,Fort Worth,COMMERCIAL,SUBURBAN,Fort Worth Health Department,1988-04-21,,13800 FAA ROAD,,urban-periphery
484390057,NORTH OF LEXINGTON & EAST ARKANSAS INTERSECTION,32.706944,-97.093611,0.0,Texas,Tarrant,Arlington,RESIDENTIAL,URBAN AND CENTER CITY,Texas Commission On Environmental Quality,1998-02-19,,1101 E. ARKANSAS LANE,,urban-centre
484390063,484390063,32.741667,-97.468889,187.0,Texas,Tarrant,Fort Worth,UNKNOWN,UNKNOWN,Fort Worth Health Department,1985-01-01,,"3201 PORTALES, FIRE HALL #23",,unknown
484390075,Eagle Mountain Lake,32.987891,-97.477175,241.0,Texas,Tarrant,Eagle Mountain,RESIDENTIAL,RURAL,Texas Commission On Environmental Quality,2000-06-06,,14290 Morris Dido Newark Rd,76179.0,rural
484391002,Fort Worth Northwest,32.80581,-97.356529,203.0,Texas,Tarrant,Fort Worth,COMMERCIAL,URBAN AND CENTER CITY,Texas Commission On Environmental Quality,1975-01-01,,3317 Ross Ave,76106.0,urban-centre
484391006,Haws Athletic Center,32.759154,-97.342332,165.0,Texas,Tarrant,Fort Worth,COMMERCIAL,URBAN AND CENTER CITY,Texas Commission On Environmental Quality,2001-04-01,,600 1/2 Congress St,76107.0,urban-centre
484391009,Everman Johnson Park,32.621136,-97.290353,204.0,Texas,Tarrant,Everman,RESIDENTIAL,SUBURBAN,Orsat,2011-06-28,,633 Everman Parkway,76140.0,urban-periphery
484391053,Fort Worth California Parkway North,32.664753,-97.337917,214.9,Texas,Tarrant,Fort Worth,RESIDENTIAL,URBAN AND CENTER CITY,Texas Commission On Environmental Quality,2015-03-12,,1198 California Parkway North,76115.0,urban-centre
484392002,484392002,32.944167,-97.353333,168.0,Texas,Tarrant,Not in a city,AGRICULTURAL,RURAL,Texas Commission On Environmental Quality,1981-01-01,,BLUE MOUND RD. & HWY 156,,rural
484392003,Keller,32.922492,-97.282099,254.0,Texas,Tarrant,Fort Worth,AGRICULTURAL,SUBURBAN,Fort Worth Health Department,1981-02-11,,FAA Site off Alta Vista Road,76244.0,urban-periphery
484393002,FIRE STATION AT GRAPEVINE,32.943736,-97.070009,0.0,Texas,Tarrant,Grapevine,RESIDENTIAL,URBAN AND CENTER CITY,Texas Commission On Environmental Quality,1994-06-29,,"601 BOYD DRIVE, GRAPEVINE",,urban-centre
484393004,AT THE DALLAS/FORT WORTH AIRPORT,32.923736,-97.044175,0.0,Texas,Tarrant,Fort Worth,COMMERCIAL,SUBURBAN,Texas Commission On Environmental Quality,1994-08-12,,"NORTH AIRFIELD DRIVE, IRVING",,urban-periphery
484393007,EAST OF FAA RD. & AMERICAN INTERSECTION,32.8319,-97.0661,0.0,Texas,Tarrant,Fort Worth,COMMERCIAL,URBAN AND CENTER CITY,Fort Worth Health Department,2000-03-13,,13800 FAA RD.,,urban-centre
484393009,Grapevine Fairway,32.98426,-97.063721,165.0,Texas,Tarrant,Grapevine,RESIDENTIAL,SUBURBAN,Texas Commission On Environmental Quality,2000-08-04,,4100 Fairway Dr,75022.0,urban-periphery
484393011,Arlington Municipal Airport,32.65637,-97.088598,183.0,Texas,Tarrant,Arlington,COMMERCIAL,SUBURBAN,Fort Worth Health Department,2002-01-17,,5504 South Collins Street,76018.0,urban-periphery
484491078,Cookville FM 4855,33.0752,-94.8474,108.0,Texas,Titus,Not in a City,COMMERCIAL,RURAL,Texas Commission On Environmental Quality,2016-12-07,,385 CR 4855,75558.0,rural
484530014,Austin North Hills Drive,30.354944,-97.761803,259.7,Texas,Travis,Austin,RESIDENTIAL,SUBURBAN,Texas Commission On Environmental Quality,1979-01-01,,3824 North Hills Drive,78731.0,urban-periphery
484530017,NW OF COLORADO & W. CESAR CHAVEZ STREETS INTERSECTION,30.264376,-97.746394,0.0,Texas,Travis,Austin,COMMERCIAL,URBAN AND CENTER CITY,Texas Commission On Environmental Quality,1988-06-01,,WEST FIRST AND COLORADO STREETS,,urban-centre
484530020,Austin Audubon Society,30.483163,-97.875084,327.0,Texas,Travis,Leander,FOREST,RURAL,Texas Commission On Environmental Quality,1997-02-28,,12200 Lime Creek Rd,78641.0,rural
484530021,Austin Webberville Rd,30.263204,-97.712891,152.0,Texas,Travis,Austin,INDUSTRIAL,URBAN AND CENTER CITY,Texas Commission On Environmental Quality,1999-09-29,,2600B Webberville Rd,78702.0,urban-centre
484531068,Austin North Interstate 35,30.35386,-97.69166,205.0,Texas,Travis,Austin,COMMERCIAL,URBAN AND CENTER CITY,Texas Commission On Environmental Quality,2014-04-16,,8912 N IH 35 SVRD SB,78753.0,urban-centre
484537000,WEBBERVILLE ROAD (WETX),30.2632,-97.7131,142.0,Texas,Travis,Austin,RESIDENTIAL,URBAN AND CENTER CITY,Radian Corporation,2005-06-15,,2600-B WEBBERVILLE ROAD,,urban-centre
484537001,MURCHISON MIDDLE SCHOOL (MUTX),30.3544,-97.7602,250.0,Texas,Travis,Austin,RESIDENTIAL,SUBURBAN,Radian Corporation,2005-06-15,,3724 NORTH HILLS DRIVE,,urban-periphery
484537002,TRAVIS HIGH SCHOOL (TRTX),30.2322,-97.7444,193.0,Texas,Travis,Austin,RESIDENTIAL,SUBURBAN,Radian Corporation,2005-06-15,,1211 EAST OLTORF STREET,,urban-periphery
484537003,PICKLE RESEARCH CENTER (PITX),30.3926,-97.7285,238.0,Texas,Travis,Austin,RESIDENTIAL,SUBURBAN,Radian Corporation,2005-06-15,,10000 BURNET ROAD,,urban-periphery
484690003,Victoria,28.836214,-97.005525,34.0,Texas,Victoria,Victoria,COMMERCIAL,URBAN AND CENTER CITY,Texas Commission On Environmental Quality,1989-04-01,,106 Mockingbird Lane,77904.0,urban-centre
484790016,Laredo College,27.507904,-99.523949,128.0,Texas,Webb,Laredo,COMMERCIAL,URBAN AND CENTER CITY,Texas Commission On Environmental Quality,1996-02-15,,West End Washington Street,78040.0,urban-centre
484790017,Laredo Bridge,27.501826,-99.502984,98.0,Texas,Webb,Laredo,COMMERCIAL,URBAN AND CENTER CITY,Texas Commission On Environmental Quality,1999-09-21,,700 Zaragosa St,78040.0,urban-centre
484790313,World Trade Bridge,27.599444,-99.533333,146.0,Texas,Webb,Laredo,RESIDENTIAL,SUBURBAN,Texas Commission On Environmental Quality,2002-08-13,,Mines Road 11601 FM 1472,78045.0,urban-periphery
484855506,I C Evans Elementary School,34.07954,-98.56117,0.0,Texas,Wichita,Burkburnett,COMMERCIAL,URBAN AND CENTER CITY,US EPA/OAQPS,2009-06-17,,1015 S Berry St,76354.0,urban-centre
484917004,ROUND ROCK FIRE STATION (RRTX),30.5326,-97.6849,233.0,Texas,Williamson,Round Rock,COMMERCIAL,SUBURBAN,Radian Corporation,2005-06-15,,203 COMMERCE BLVD,,urban-periphery
484931038,Floresville Hospital Boulevard,29.1307,-98.1481,123.0,Texas,Wilson,Floresville,COMMERCIAL,RURAL,Texas Commission On Environmental Quality,2020-01-01,,1404 Hospital Blvd,78114.0,rural
484970088,Decatur Thompson,33.220085,-97.584992,327.0,Texas,Wise,Decatur,RESIDENTIAL,URBAN AND CENTER CITY,Texas Commission On Environmental Quality,2010-10-06,,"190 E. Thompson St, Unit B",76234.0,urban-centre
490030004,Brigham,41.792366,-112.164528,1353.0,Utah,Box Elder,Not in a City,AGRICULTURAL,RURAL,Nucor Steel,2017-12-04,,NOT IN A CITY,84312.0,rural
490030005,Brigham City #3,41.485007,-112.021476,1334.0,Utah,Box Elder,Brigham City,RESIDENTIAL,SUBURBAN,Utah Department Of Environmental Quality,2023-07-04,,"340 Paxton Pl, BRIGHAM CITY, UT",84302.0,urban-periphery
490037001,WASHAKIE,41.945874,-112.233973,1369.0,Utah,Box Elder,Not in a City,AGRICULTURAL,RURAL,Northwestern Band of Shoshoni Nation of Utah (Washakie),2004-04-01,,"8600 WEST 24000 NORTH PORTAGE, UTAH",,rural
490050004,LOGAN #4,41.731111,-111.8375,1380.0,Utah,Cache,Logan,COMMERCIAL,URBAN AND CENTER CITY,Utah Department Of Environmental Quality,1999-11-23,,"125 W. CENTER STREET, LOGAN, UT",84321.0,urban-centre
490050007,Smithfield,41.842649,-111.852199,1.0,Utah,Cache,Smithfield,RESIDENTIAL,RURAL,Utah Department Of Environmental Quality,2015-01-01,,675 West 220 North,84335.0,rural
490071003,Price #2,39.59575,-110.770111,1737.6,Utah,Carbon,Price,RESIDENTIAL,SUBURBAN,Utah Department Of Environmental Quality,2010-09-01,,"On Prperty of Resident at 351 W 2500 E.  Price, Utah",84501.0,urban-periphery
490110004,Bountiful Viewmont,40.902967,-111.884467,1309.0,Utah,Davis,Bountiful,RESIDENTIAL,SUBURBAN,Utah Department Of Environmental Quality,2003-07-12,,"171 WEST 1370 NORTH, BOUNTIFUL, UTAH",84010.0,urban-periphery
490116001,Antelope Island,41.041609,-112.233281,1349.0,Utah,Davis,Not in a City,DESERT,RURAL,Utah Department Of Environmental Quality,1996-07-01,,(NO STREET ADDRESS; ON ISLAND),,rural
490130002,Roosevelt,40.294178,-110.009732,1596.0,Utah,Duchesne,Roosevelt,RESIDENTIAL,SUBURBAN,Utah Department Of Environmental Quality,2011-10-01,,290 S. 1000 W.,84066.0,urban-periphery
490137011,STATION LOCATED NEAR INTERSECTION OF 6000 SO & 10000 WEST,40.216779,-110.182742,1606.0,Utah,Duchesne,Not in a City,DESERT,RURAL,"Ute Indian Tribe of Uintah & Ouray Reservation, UT",1985-01-01,,6000 SOUTH AND 10000 WEST (MYTON),84021.0,rural
490170004,490170004,37.775556,-111.614722,1789.0,Utah,Garfield,Escalante,DESERT,RURAL,National Park Service,2011-12-15,,Escalante National Monument - Visitor Center,84726.0,rural
490170005,490170005,37.775556,-111.61475,1714.0,Utah,Garfield,Not in a City,FOREST,RURAL,National Park Service,2017-05-09,,Escalante National Monument,84726.0,rural
490170006,490170006,37.77556,-111.61472,1714.0,Utah,Garfield,Escalante,FOREST,RURAL,Utah Department Of Environmental Quality,2017-06-01,,Escalante National Monument,84726.0,rural
490170101,Bryce Canyon NP,37.618383,-112.174368,2481.0,Utah,Garfield,Not in a City,FOREST,RURAL,National Park Service,1988-03-01,,Bryce Canyon NP,84717.0,rural
490190007,Moab,38.566055,-109.53716,1222.0,Utah,Grand,Moab,COMMERCIAL,SUBURBAN,Utah Department Of Environmental Quality,2023-04-15,,691 S Mill Creek Dr,84532.0,urban-periphery
490210005,Enoch,37.74743,-113.055525,1692.0,Utah,Iron,Enoch,RESIDENTIAL,RURAL,Utah Department Of Environmental Quality,2018-01-01,,3840 North 325 East,84721.0,rural
490350015,Snowbird,40.569,-111.659,2940.0,Utah,Salt Lake,Not in a City,FOREST,RURAL,US Forest Service,2014-03-12,,Snowbird,,rural
490352005,Copper View,40.598056,-111.894167,1.0,Utah,Salt Lake,Midvale,RESIDENTIAL,SUBURBAN,Utah Department Of Environmental Quality,2018-04-01,,8449 S. Monroe St.,84047.0,urban-periphery
490353006,Hawthorne,40.736389,-111.872222,1306.0,Utah,Salt Lake,Salt Lake City,RESIDENTIAL,SUBURBAN,Utah Department Of Environmental Quality,1997-01-01,,"1675 SOUTH 600 EAST, SALT LAKE CITY",84105.0,urban-periphery
490353010,ROSE PARK,40.78422,-111.931,1286.0,Utah,Salt Lake,Salt Lake City,RESIDENTIAL,SUBURBAN,Utah Department Of Environmental Quality,2007-04-01,,1250 NORTH 1400 WEST,84116.0,urban-periphery
490353012,490353012,40.712,-111.961,1295.0,Utah,Salt Lake,Not in a City,COMMERCIAL,SUBURBAN,Utah Department Of Environmental Quality,2008-01-01,,"2861 WEST PARKWAY BLVD., WEST VALLEY CITY, UTAH 84119",84119.0,urban-periphery
490353013,Herriman #3,40.496392,-112.036298,1.0,Utah,Salt Lake,Herriman,RESIDENTIAL,SUBURBAN,Utah Department Of Environmental Quality,2015-01-01,,14058 Mirabella Dr.,84096.0,urban-periphery
490353014,Lake Park,40.709762,-112.00876,1297.0,Utah,Salt Lake,West Valley City,COMMERCIAL,URBAN AND CENTER CITY,Utah Department Of Environmental Quality,2020-09-01,,2782 South Corporate Park Dr.,84120.0,urban-centre
490353015,Utah Technical Center,40.777145,-111.945849,1286.0,Utah,Salt Lake,Salt Lake City,RESIDENTIAL,URBAN AND CENTER CITY,Utah Department Of Environmental Quality,2019-09-01,,240 N 1950 W,84116.0,urban-centre
490353016,Inland Port,40.807897,-112.087717,1286.0,Utah,Salt Lake,Salt Lake City,INDUSTRIAL,URBAN AND CENTER CITY,Utah Department Of Environmental Quality,2021-03-01,,1480 North 8000 West,84116.0,urban-centre
490353017,Inland Port,40.808004,-112.087514,1285.0,Utah,Salt Lake,Salt Lake City,RESIDENTIAL,SUBURBAN,Utah Department Of Environmental Quality,2021-01-01,,1480 N 8000 W,84105.0,urban-periphery
490353018,Red Butte,40.766528,-111.82835,1286.0,Utah,Salt Lake,Salt Lake City,INDUSTRIAL,URBAN AND CENTER CITY,Utah Department Of Environmental Quality,2023-05-26,,Red Butte Canyon Rd.,84112.0,urban-centre
490354002,Near Road,40.662961,-111.901851,1295.0,Utah,Salt Lake,Murray,MOBILE,URBAN AND CENTER CITY,Utah Department Of Environmental Quality,2019-01-01,,4951 South Galleria Dr,84123.0,urban-centre
490370004,Dark Canyon,37.823,-109.771,2600.0,Utah,San Juan,Not in a City,FOREST,RURAL,US Forest Service,2014-05-09,,Dark Canyon,84511.0,rural
490370101,Canyonlands NP,38.45832,-109.82126,1794.0,Utah,San Juan,Not in a City,DESERT,RURAL,National Park Service,1988-03-02,,"CANYONLANDS NATIONAL PARK, UTAH",84535.0,rural
490377001,490377001,37.471856,-109.466164,1615.0,Utah,San Juan,White Mesa,RESIDENTIAL,RURAL,US EPA - Region 8,2011-05-04,,North Pumphouse Cowboy Wash Road,84511.0,rural
490379000,490379000,38.458684,-109.821708,1798.0,Utah,San Juan,Not in a City,FOREST,RURAL,National Park Service,1988-03-02,,Canyonlands NP,84535.0,rural
490450004,Erda,40.60055,-112.35578,1321.7,Utah,Tooele,Erda,COMMERCIAL,RURAL,Utah Department Of Environmental Quality,2015-06-01,,2163 W. Erda Way,84074.0,rural
490456001,Badger Isaland,40.943827,-112.564687,1282.0,Utah,Tooele,Not in a City,DESERT,RURAL,Utah Department Of Environmental Quality,1996-07-01,,NO STREET ADDRESS; NOT NEAR A CITY,,rural
490470014,Little Mountain,40.538,-109.7,2620.0,Utah,Uintah,Not in a City,FOREST,RURAL,US Forest Service,2010-05-28,,Little Mountain,84078.0,rural
490471002,Dinosaur NM - West Entrance Housing,40.4372,-109.3047,1463.0,Utah,Uintah,Not in a City,FOREST,RURAL,National Park Service,2005-05-01,,Dinosaur National Monument,84078.0,rural
490471003,Vernal,40.452267,-109.510393,1.0,Utah,Uintah,Vernal,COMMERCIAL,URBAN AND CENTER CITY,Utah Department Of Environmental Quality,2012-01-01,,220 South 1000 East,84078.0,urban-centre
490471004,Vernal #4,40.46471,-109.561472,1.0,Utah,Uintah,Vernal,RESIDENTIAL,URBAN AND CENTER CITY,Utah Department Of Environmental Quality,2015-01-01,,628 North 1700 West,84078.0,urban-centre
490472002,490472002,40.206291,-109.353932,1701.8,Utah,Uintah,Not in a City,DESERT,RURAL,"Ute Indian Tribe of Uintah & Ouray Reservation, UT",2008-12-05,,2 Miles west of Redwash atop Deadman's Bench,84078.0,rural
490472003,490472003,40.05671,-109.688108,1466.8,Utah,Uintah,Not in a City,DESERT,RURAL,"Ute Indian Tribe of Uintah & Ouray Reservation, UT",2008-12-05,,2 miles south of Ouray and south of the White and Green River confluence,84078.0,rural
490475601,Red Leaf AQ,39.63551,-109.43128,2074.0,Utah,Uintah,Not in a City,DESERT,RURAL,"Ute Indian Tribe of Uintah & Ouray Reservation, UT",2018-04-01,,Seep Ridge Road,84078.0,rural
490475602,Red Leaf Met,39.627553,-109.441525,2076.0,Utah,Uintah,Not in a City,DESERT,RURAL,"Ute Indian Tribe of Uintah & Ouray Reservation, UT",2018-04-01,,Woods Canyon Road,84078.0,rural
490475632,490475632,39.868622,-109.097302,1878.871,Utah,Uintah,Not in a City,DESERT,RURAL,Enefit,2012-01-01,,"Accessed from Dragon Road/145-S, Uintah Co, UT",84078.0,rural
490477022,STATION NEAR INTERSECTION OF WHITEROCK CANYON RD & QURAY CANAL,40.483598,-109.906796,1893.0,Utah,Uintah,Not in a City,DESERT,RURAL,"Ute Indian Tribe of Uintah & Ouray Reservation, UT",1985-01-01,,WHITEROCKS & COUNTY ROAD,84085.0,rural
490479000,Dinosaur NM,40.44,-109.3,443.0,Utah,Uintah,Not in a City,FOREST,RURAL,National Park Service,2018-10-29,,"11625 E 1500 S, Jensen, UT",84078.0,rural
490490002,North Provo,40.253611,-111.663056,1402.0,Utah,Utah,Provo,COMMERCIAL,URBAN AND CENTER CITY,Utah Department Of Environmental Quality,1981-09-01,,1355 NORTH 200 WEST PROVO UT,84604.0,urban-centre
490494001,Lindon,40.341389,-111.713611,1442.0,Utah,Utah,Lindon,RESIDENTIAL,SUBURBAN,Utah Department Of Environmental Quality,1973-05-01,,"30 NORTH MAIN STREET, LINDON, UTAH",84042.0,urban-periphery
490495010,Spanish Fork,40.136378,-111.657936,1380.0,Utah,Utah,Spanish Fork,INDUSTRIAL,SUBURBAN,Utah Department Of Environmental Quality,1998-06-15,,"312 W. 2050 NORTH, SPANISH FORK, UTAH",84660.0,urban-periphery
490499000,490499000,40.444843,-111.708885,1768.0,Utah,Utah,Not in a City,FOREST,RURAL,National Park Service,1993-12-01,,Lone Peak Wilderness,84004.0,rural
490510001,Heber,40.497962,-111.39763,1306.0,Utah,Wasatch,Heber (corporate name for Heber City),COMMERCIAL,SUBURBAN,Utah Department Of Environmental Quality,2024-07-17,,"Heber City Site #1 Water Conservatio District lot,  626 E 1200 S Heber City UT 84032",84032.0,urban-periphery
490530007,Hurricane,37.179125,-113.305096,846.0,Utah,Washington,Hurricane,RESIDENTIAL,RURAL,Utah Department Of Environmental Quality,2012-08-01,,"147 N 870 W, Hurrricane, Utah",84737.0,rural
490530130,Zion Canyon,37.1983,-113.1506,1213.0,Utah,Washington,Virgin,DESERT,RURAL,National Park Service,2002-01-01,,"ZION NATIONAL PARK, UTAH",84737.0,rural
490539000,490539000,37.459079,-113.225096,1545.0,Utah,Washington,Not in a City,FOREST,RURAL,National Park Service,2000-03-25,,Zion,84737.0,rural
490559000,Capitol Reef NP,38.302177,-111.293349,1897.0,Utah,Wayne,Not in a City,FOREST,RURAL,National Park Service,2000-04-19,,Capitol Reef NP,84773.0,rural
490571003,Harrisville,41.303614,-111.987871,1331.0,Utah,Weber,Harrisville,RESIDENTIAL,RURAL,Utah Department Of Environmental Quality,2000-11-05,,"425 W 2550 NORTH, OGDEN, UTAH",84414.0,rural
500010002,500010002,43.926574,-73.384203,67.0,Vermont,Addison,Not in a City,AGRICULTURAL,RURAL,Vermont Agency Of Environmental Conservation,2003-11-29,,LAPHAM BAY ROAD (NORTH SITE),,rural
500010003,500010003,43.867746,-73.355735,67.0,Vermont,Addison,Not in a City,AGRICULTURAL,RURAL,Vermont Agency Of Environmental Conservation,2003-11-23,,SMITH STREET,,rural
500030004,Morse Airport - State of Vermont Property,42.88759,-73.24984,241.0,Vermont,Bennington,Bennington,AGRICULTURAL,RURAL,Vermont Agency Of Environmental Conservation,1986-01-01,,230 AIRPORT RD S.,5201.0,rural
500030005,ON EDGE OF PARK BESIDE TENNIS COURTS IN RESIDENTIAL AREA,42.880079,-73.183996,226.54,Vermont,Bennington,Bennington,RESIDENTIAL,SUBURBAN,Vermont Agency Of Environmental Conservation,1993-04-01,,BRADFORD STREET BENNINGTON,,urban-periphery
500038001,500038001,43.148176,-73.126323,1015.0,Vermont,Bennington,Not in a City,FOREST,RURAL,National Park Service,1991-09-21,,Lye Brook Wilderness,5255.0,rural
500039991,Lye Brook,43.050884,-73.061334,725.0,Vermont,Bennington,Not in a City,FOREST,RURAL,USEPA - Clean Air and Power Division,1994-03-29,,138 Benmont Ave.,5252.0,rural
500050002,500050002,44.539499,-72.010373,285.0,Vermont,Caledonia,Lyndon,RESIDENTIAL,SUBURBAN,Vermont Agency Of Environmental Conservation,2000-01-01,,ROUTE 5 LYNDONVILLE,,urban-periphery
500070007,PROCTOR MAPLE RESEARCH CTR,44.52839,-72.86884,392.0,Vermont,Chittenden,Underhill (Town of),FOREST,RURAL,Vermont Agency Of Environmental Conservation,1988-05-01,,"58 HARVEY ROAD, Underhill, Vermont",5489.0,rural
500070012,ZAMPIERI STATE OFFICE BUILDING,44.480278,-73.214444,81.4,Vermont,Chittenden,Burlington,COMMERCIAL,URBAN AND CENTER CITY,Vermont Agency Of Environmental Conservation,1999-07-29,,"108 CHERRY STREET, BURLINGTON",5401.0,urban-centre
500070013,500070013,44.492057,-73.208487,73.58,Vermont,Chittenden,Burlington,RESIDENTIAL,SUBURBAN,Vermont Agency Of Environmental Conservation,2001-09-01,,"RIVERSIDE AVENUE, BURLINGTON VT",5401.0,urban-periphery
500070014,City of Burlington Parking Lot,44.4762,-73.2106,63.1,Vermont,Chittenden,Burlington,COMMERCIAL,URBAN AND CENTER CITY,Vermont Agency Of Environmental Conservation,2003-01-15,,"150 SOUTH WINOOSKI AVENUE, Burlington, Vermont",5401.0,urban-centre
500070015,Upper Main St Far,44.475494,-73.206191,102.8,Vermont,Chittenden,Burlington,COMMERCIAL,URBAN AND CENTER CITY,Vermont Agency Of Environmental Conservation,2007-07-15,,163 Willard St.,5401.0,urban-centre
500070016,Upper Main St Near,44.475997,-73.2061,102.8,Vermont,Chittenden,Burlington,COMMERCIAL,URBAN AND CENTER CITY,Vermont Agency Of Environmental Conservation,2007-07-15,,163 Willard St.,5401.0,urban-centre
500070017,Upper Main St mid,44.475747,-73.206233,102.8,Vermont,Chittenden,Burlington,COMMERCIAL,URBAN AND CENTER CITY,Vermont Agency Of Environmental Conservation,2007-07-15,,163 Willard St.,5401.0,urban-centre
500070018,Gas Station,44.475894,-73.210478,69.6,Vermont,Chittenden,Burlington,COMMERCIAL,URBAN AND CENTER CITY,Vermont Agency Of Environmental Conservation,2007-07-15,,219 Main St.,5401.0,urban-centre
500070019,Court House,44.4753,-73.211012,69.5,Vermont,Chittenden,Burlington,COMMERCIAL,URBAN AND CENTER CITY,Vermont Agency Of Environmental Conservation,2007-07-15,,199 Main St.,5401.0,urban-centre
500070020,Church St.,44.476234,-73.212606,69.5,Vermont,Chittenden,Burlington,COMMERCIAL,URBAN AND CENTER CITY,Vermont Agency Of Environmental Conservation,2007-05-30,,135 Church St.,5401.0,urban-centre
500070021,Route2/Mary Street,44.467681,-73.177867,92.1,Vermont,Chittenden,South Burlington,RESIDENTIAL,SUBURBAN,Vermont Agency Of Environmental Conservation,2007-05-30,,14 Mary St.,5403.0,urban-periphery
500070022,UVM Campus,44.478449,-73.196594,104.6,Vermont,Chittenden,Burlington,COMMERCIAL,SUBURBAN,Vermont Agency Of Environmental Conservation,2007-05-30,,61 Colchester Ave.,5405.0,urban-periphery
500070023,North Champlain Street,44.483603,-73.217536,68.0,Vermont,Chittenden,Burlington,RESIDENTIAL,SUBURBAN,Vermont Agency Of Environmental Conservation,2007-05-30,,104 No. Champlain St.,5401.0,urban-periphery
500070024,Calahan Park,44.462354,-73.115962,50.5,Vermont,Chittenden,Burlington,RESIDENTIAL,SUBURBAN,Vermont Agency Of Environmental Conservation,2007-05-30,,Locust St.,5495.0,urban-periphery
500070025,Exxon/Mobil,44.459249,-73.221471,39.2,Vermont,Chittenden,Burlington,RESIDENTIAL,SUBURBAN,Vermont Agency Of Environmental Conservation,2007-05-30,,61 Central Ave.,5401.0,urban-periphery
500070026,UVM Farm/I-89,44.462411,-73.186101,95.1,Vermont,Chittenden,South Burlington,MOBILE,SUBURBAN,Vermont Agency Of Environmental Conservation,2007-05-30,,500 Spear St.,5403.0,urban-periphery
500171001,500171001,43.942009,-72.603436,411.0,Vermont,Orange,Randolph,UNKNOWN,RURAL,US EPA National Exposure Research Lab,1974-01-01,,VERMONT TECHNICAL COLLEGE,,rural
500210002,State of Vermont District Court Parking Lot,43.608056,-72.982778,165.0,Vermont,Rutland,Rutland,COMMERCIAL,URBAN AND CENTER CITY,Vermont Agency Of Environmental Conservation,1971-01-01,,"96 STATE STREET, Rutland, Vermont",5701.0,urban-centre
500230984,500230984,44.330335,-72.753173,0.0,Vermont,Washington,Waterbury,RESIDENTIAL,SUBURBAN,Vermont Agency Of Environmental Conservation,1990-06-01,,103 S.MAIN ST. WATERBURY VT,,urban-periphery
500233001,ON THE 3RD FLOOR OF VERMONT NATURAL RESOURCES AGENCY,44.195339,-72.496771,0.0,Vermont,Washington,Waterbury,COMMERCIAL,SUBURBAN,US EPA National Exposure Research Lab,1993-01-01,,VERMONT NATURAL RESOURCES AGENCY HWY 89,,urban-periphery
500250003,500250003,42.855915,-72.557034,107.0,Vermont,Windham,Brattleboro (Town of),COMMERCIAL,URBAN AND CENTER CITY,Vermont Agency Of Environmental Conservation,1983-01-01,,"232 MAIN STREET, BRATTLEBORO",,urban-centre
500250004,"1277 PUTNEY ROAD, RTE 5 IN AGWAY  PARKING LOT",42.888971,-72.553701,89.9,Vermont,Windham,Brattleboro (Town of),COMMERCIAL,SUBURBAN,Vermont Agency Of Environmental Conservation,1996-03-01,,"1277 PUTNEY ROAD, RTE 5 BRATTLEBORO",5301.0,urban-periphery
500259000,Lye Brook Wilderness,42.9561,-72.9098,882.09,Vermont,Windham,Not in a City,FOREST,RURAL,National Park Service,2011-12-14,,"Mount Snow Ski Area, 39 Mount Snow Road, West Dover, VT 05356",5356.0,rural
510030001,Albemarle High School,38.07657,-78.50397,172.0,Virginia,Albemarle,Not in a City,RESIDENTIAL,SUBURBAN,Virginia Department of Environmental Quality,2008-04-01,,"Lambs Lane, behind Albemarle High School Athletic Field",22901.0,urban-periphery
510130020,Aurora Hills Visitors Center,38.8577,-77.05922,16.0,Virginia,Arlington,Arlington,COMMERCIAL,URBAN AND CENTER CITY,Virginia Department of Environmental Quality,1978-01-01,,S 18TH AND HAYES ST,22202.0,urban-centre
510330001,"USGS Geomagnetic Center, Corbin",38.20087,-77.37742,68.0,Virginia,Caroline,Not in a City,FOREST,RURAL,Virginia Department of Environmental Quality,1993-03-25,,"U.S. GEODETIC SURVEY, OFF RT.2, CORBIN",22535.0,rural
510350001,"Gladeville Elementary School, Galax",36.70067,-80.87978,765.0,Virginia,Carroll,Not in a City,AGRICULTURAL,RURAL,Virginia Department of Environmental Quality,1984-01-01,,GLADEVILLE ELEM SCHOOL NEAR GALAX,24333.0,rural
510360002,Shirley Plantation,37.34438,-77.25925,6.0,Virginia,Charles,Not in a City,RESIDENTIAL,SUBURBAN,Virginia Department of Environmental Quality,1988-04-01,,"SHIRLEY PLANTATION, ROUTE 5",23030.0,urban-periphery
510410004,VDOT Chesterfield Residency Shop,37.35748,-77.59355,83.0,Virginia,Chesterfield,Not in a City,RESIDENTIAL,RURAL,Virginia Department of Environmental Quality,1980-01-01,,"BEACH,INTERSECTION OF CO.ROADS 655 & 654",23832.0,rural
510590030,Lee District Park,38.77335,-77.10468,68.0,Virginia,Fairfax,Groveton,RESIDENTIAL,SUBURBAN,Virginia Department of Environmental Quality,1998-07-01,,"STA. 46-B9, LEE PARK, TELEGRAPH ROAD",22310.0,urban-periphery
510590031,Springfield Near Road Site,38.76835,-77.18347,73.5,Virginia,Fairfax,Springfield,COMMERCIAL,URBAN AND CENTER CITY,Virginia Department of Environmental Quality,2016-04-05,,6831 Backlick Road,22150.0,urban-centre
510610002,"Chester Phelps Wildlife Management Area, Sumerduck",38.47367,-77.76772,102.0,Virginia,Fauquier,Not in a City,AGRICULTURAL,RURAL,Virginia Department of Environmental Quality,1981-01-01,, RT651 C PHELPS WILDLIFE MANAGEMENT AREA,22734.0,rural
510690010,Rest,39.28102,-78.08157,192.0,Virginia,Frederick,Not in a City,AGRICULTURAL,RURAL,Virginia Department of Environmental Quality,1991-04-01,,"RTE 669, BUTLER MANUF. CO NEAR REST VA",22624.0,rural
510710007,510710007,37.3863,-80.6539,689.0,Virginia,Giles,Not in a City,FOREST,RURAL,ALL4,2017-01-01,,2093 Big Stony Creek Road,24150.0,rural
510719991,Horton Station,37.3297,-80.5578,920.0,Virginia,Giles,Not in a City,FOREST,RURAL,USEPA - Clean Air and Power Division,1987-05-01,,"1856 Horton Ln, Newport, VA 24128",24136.0,rural
510719992,Blue Grass Trail,37.3232,-80.4572,652.0,Virginia,Giles,Not in a City,AGRICULTURAL,RURAL,USEPA - Clean Air and Power Division,2020-08-06,,"1567 Blue Grass Trail, Newport, VA 24128",24128.0,rural
510850003,"Turner Property, Old Church",37.60613,-77.2188,48.0,Virginia,Hanover,Not in a City,RESIDENTIAL,SUBURBAN,Virginia Department of Environmental Quality,2001-04-01,,7345 MCCLELLAN RD MECHANICSVILLE VA,23111.0,urban-periphery
510870014,MathScience Innovation Center,37.55652,-77.40027,58.5,Virginia,Henrico,East Highland Park,RESIDENTIAL,SUBURBAN,Virginia Department of Environmental Quality,1981-01-01,,2401 HARTMAN STREET  MATH & SCIENCE CTR,23223.0,urban-periphery
510870015,DEQ Piedmont Regional Office,37.67132,-77.5664,73.0,Virginia,Henrico,Not in a City,COMMERCIAL,SUBURBAN,Virginia Department of Environmental Quality,1999-01-01,,"4949-A COX ROAD, GLEN ALLEN",23060.0,urban-periphery
511071005,"Broad Run High School, Ashburn",39.02473,-77.48925,88.0,Virginia,Loudoun,Not in a City,RESIDENTIAL,SUBURBAN,Virginia Department of Environmental Quality,1998-04-04,,"38-I, BROAD RUN HIGH SCHOOL, ASHBURN",20147.0,urban-periphery
511130003,Shenandoah NP,38.5231,-78.43471,1068.0,Virginia,Madison,Not in a City,FOREST,RURAL,National Park Service,1983-05-01,,SHENANDOAH NP BIG MEADOWS,22743.0,rural
511139000,511139000,38.522942,-78.434522,1079.0,Virginia,Madison,Not in a City,FOREST,RURAL,National Park Service,1988-03-02,,Shenandoah NP,22743.0,rural
511479991,Prince Edward,37.1655,-78.3069,150.0,Virginia,Prince Edward,Not in a City,FOREST,RURAL,USEPA - Clean Air and Power Division,1987-10-29,,"Prince Edward-Gallion State Forest, Burkeville, VA 23922",23942.0,rural
511530009,James S. Long Park,38.85287,-77.63462,117.0,Virginia,Prince William,Not in a City,RESIDENTIAL,SUBURBAN,Virginia Department of Environmental Quality,1991-04-01,,JAMES S. LONG PARK,20169.0,urban-periphery
511611004,East Vinton Elementary School,37.28342,-79.88452,340.0,Virginia,Roanoke,Vinton,RESIDENTIAL,SUBURBAN,Virginia Department of Environmental Quality,1981-01-01,,HERMAN HORN ELEMENTARY SCHOOL,24179.0,urban-periphery
511630003,Natural Bridge Ranger Station,37.62668,-79.51257,281.0,Virginia,Rockbridge,Not in a City,FOREST,RURAL,Virginia Department of Environmental Quality,1999-04-08,,"21-C,GLENWOOD-PEDLAR DISTRICT RANGER STA",24579.0,rural
511639000,511639000,37.626658,-79.512259,290.0,Virginia,Rockbridge,Not in a City,FOREST,RURAL,National Park Service,2000-06-03,,James River Face Wilderness,24579.0,rural
511650003,ROCKINGHAM CO. VDOT,38.47753,-78.81952,390.0,Virginia,Rockingham,Not in a City,COMMERCIAL,SUBURBAN,Virginia Department of Environmental Quality,2004-04-13,,"VDOT RESIDENCY SHOP, 3536 NORTH VALLEY PIKE, HARRISONBURG, VA",22802.0,urban-periphery
511730003,511730003,36.638729,-81.605114,1686.0,Virginia,Smyth,Not in a city,UNKNOWN,RURAL,Tennessee Valley Authority,1985-08-14,,"TVA WHITETOP 1___WHITETOP MTN, VIRGINIA",,rural
511790001,Widewater Elementary School,38.48123,-77.3704,51.0,Virginia,Stafford,Aquia Harbour,RESIDENTIAL,SUBURBAN,Virginia Department of Environmental Quality,1992-09-01,,"WIDEWATER ELEM. SCH., DEN RICH ROAD",22554.0,urban-periphery
511970002,Rural Retreat Sewage Treatment Plant,36.89117,-81.25423,751.0,Virginia,Wythe,Not in a City,AGRICULTURAL,RURAL,Virginia Department of Environmental Quality,1990-04-01,,16-B RURAL RETREAT SEWAGE DISPOSAL,24368.0,rural
515100020,Tucker Elementary School,38.804933,-77.126866,22.0,Virginia,Alexandria City,Alexandria,RESIDENTIAL,URBAN AND CENTER CITY,Alexandria Health Department,2006-06-01,,"435 FERDINAND DAY DRIVE, ALEXANDRIA, VA",22304.0,urban-centre
515200006,Highland View Elementary School,36.608,-82.1641,550.0,Virginia,Bristol City,Bristol,RESIDENTIAL,SUBURBAN,Virginia Department of Environmental Quality,1999-01-01,,EADS STREET,24201.0,urban-periphery
516500008,NASA Langley Research Center,37.103733,-76.387017,2.0,Virginia,Hampton City,Hampton,MILITARY RESERVATION,SUBURBAN,Virginia Department of Environmental Quality,2010-04-01,,"Adjacent to Building 1196, Wythe Landing Loop, NASA-Langley Research Center",23666.0,urban-periphery
516700010,Carter G. Woodson Middle School,37.289616,-77.291816,12.0,Virginia,Hopewell City,Hopewell,COMMERCIAL,SUBURBAN,Virginia Department of Environmental Quality,2006-11-19,,1000 WINSTON CHURCHILL DR,23860.0,urban-periphery
516800015,LYNCHBURG CITY WATER TOWER,37.332706,-79.215011,306.0,Virginia,Lynchburg City,Lynchburg,RESIDENTIAL,SUBURBAN,Virginia Department of Environmental Quality,2003-04-01,,LEESVILLE ROAD AND GREYSTONE DRIVE,24502.0,urban-periphery
517100024,NOAA,36.85555,-76.30135,2.0,Virginia,Norfolk City,Norfolk,COMMERCIAL,URBAN AND CENTER CITY,Virginia Department of Environmental Quality,1997-06-21,,"181-A1, NOAA LOT, 2ND ST & WOODIS AVE.",23510.0,urban-centre
517600025,Bryan Park,37.59088,-77.46925,55.0,Virginia,Richmond City,Richmond,RESIDENTIAL,URBAN AND CENTER CITY,Virginia Department of Environmental Quality,2013-10-01,,"Bryan Park, 4308 Hermitage Road, Richmond, VA",23227.0,urban-centre
517750011,Salem High School,37.297883,-80.081017,347.0,Virginia,Salem City,Salem,RESIDENTIAL,SUBURBAN,Virginia Department of Environmental Quality,2008-11-01,,"400 Spartan Drive, Salem, Virginia",24153.0,urban-periphery
518000004,Tidewater Community College,36.90118,-76.43808,3.0,Virginia,Suffolk City,Suffolk,COMMERCIAL,SUBURBAN,Virginia Department of Environmental Quality,1987-03-24,,"TIDEWATER COMM. COLLEGE, FREDERIC CAMPUS",23435.0,urban-periphery
518000005,"VA Tech Agricultural Research Station, Holland",36.66525,-76.73078,19.0,Virginia,Suffolk City,Suffolk,AGRICULTURAL,SUBURBAN,Virginia Department of Environmental Quality,1991-04-01,,"TIDEWATER RESEARCH STATION, HARE ROAD",23437.0,urban-periphery
518100008,DEQ Tidewater Regional Office,36.841883,-76.181233,4.0,Virginia,Virginia Beach City,Virginia Beach,COMMERCIAL,SUBURBAN,Virginia Department of Environmental Quality,1999-01-01,,5636 SOUTHERN BOULEVARD,23462.0,urban-periphery
530010003,RITZVILLE - ALDER ST,47.12,-118.3819,550.0,Washington,Adams,Ritzville,COMMERCIAL,RURAL,Washington State Department Of Ecology,2000-10-21,,"109 W ALDER, RITZVILLE, WA",99169.0,rural
530030004,CLARKSTON - 13TH ST,46.425416,-117.060445,250.0,Washington,Asotin,Clarkston,INDUSTRIAL,SUBURBAN,Washington State Department Of Ecology,1993-06-16,,13TH ST AND PORT WAY (CLARKSTON STP),99403.0,urban-periphery
530030333,530030333,46.384783,-117.105279,359.0,Washington,Asotin,Not in a City,COMMERCIAL,SUBURBAN,"Nez Perce Tribe, Idaho",2016-06-28,,"2901 6th Ave, Clarkston, WA 99403",99403.0,urban-periphery
530050002,KENNEWICK - METALINE,46.21835,-119.204153,162.0,Washington,Benton,Kennewick,RESIDENTIAL,URBAN AND CENTER CITY,Washington State Department Of Ecology,1994-10-01,,5929 W METALINE (Kennewick Skills Center),99336.0,urban-centre
530050003,Kennewick_S Clodfelter Rd,46.204582,-119.243743,162.0,Washington,Benton,Kennewick,COMMERCIAL,SUBURBAN,Washington State Department Of Ecology,2015-06-10,,526 S Clodfelter Rd,99336.0,urban-periphery
530050004,530050004,46.2089,-119.75267,221.0,Washington,Benton,Prosser,RESIDENTIAL,SUBURBAN,Washington State Department Of Ecology,2022-10-24,,2001 HI ghland Drive,99350.0,urban-periphery
530070007,CHELAN - WOODIN AVE,47.83861,-120.023076,327.0,Washington,Chelan,Chelan,COMMERCIAL,RURAL,Washington State Department Of Ecology,2002-09-15,,"428 W WOODIN AVE. , CHELAN, WA (CHELAN RANGER STATION)",98816.0,rural
530070010,LEAVENWORTH - EVANS ST,47.598863,-120.664702,357.0,Washington,Chelan,Leavenworth,RESIDENTIAL,SUBURBAN,Washington State Department Of Ecology,2005-02-02,,330 EVANS ST (Cascade School District),98826.0,urban-periphery
530070011,Wenatchee-Fifth St,47.43061,-120.34195,260.0,Washington,Chelan,West Wenatchee,RESIDENTIAL,URBAN AND CENTER CITY,Washington State Department Of Ecology,2012-11-05,,1300 Fifth Street,98801.0,urban-centre
530070012,Malaga-Malaga Alcoa Highway,47.334444,-120.095556,20.0,Washington,Chelan,Not in a City,INDUSTRIAL,RURAL,Washington State Department Of Ecology,2017-01-01,,8100 Malaga Alcoa Highway,98831.0,rural
530090004,530090004,48.11148,-123.41574,33.0,Washington,Clallam,Port Angeles,COMMERCIAL,URBAN AND CENTER CITY,Washington State Department Of Ecology,1989-05-01,,1036 E 1ST,,urban-centre
530090007,530090007,48.102591,-123.389907,78.0,Washington,Clallam,Port Angeles,COMMERCIAL,SUBURBAN,Washington State Department Of Ecology,1991-11-01,,ROOSEVELT SCHOOL/400 S MONROE RD,,urban-periphery
530090012,530090012,48.097313,-123.426853,125.0,Washington,Clallam,Not in a city,RESIDENTIAL,SUBURBAN,National Park Service,1982-11-01,,OLYMPIC NATIONAL PARK,,urban-periphery
530090013,CHEEKA PEAK,48.29786,-124.62491,466.0,Washington,Clallam,Not in a City,FOREST,RURAL,Washington State Department Of Ecology,2006-05-17,,LOCATED IN A TREE FARM (Cheeka Peak),98381.0,rural
530090014,Neah Bay (Makah Tribe),48.37182,-124.59519,2.4,Washington,Clallam,Neah Bay,RESIDENTIAL,SUBURBAN,"Makah Indian Tribe of Mekah Indian Reservation, WA",2007-10-02,,"159 Waadah View, Neah Bay WA",98381.0,urban-periphery
530090015,Neah Bay 2-Makah Tribe,48.366058,-124.610045,1.0,Washington,Clallam,Neah Bay,COMMERCIAL,URBAN AND CENTER CITY,"Makah Indian Tribe of Mekah Indian Reservation, WA",2010-02-16,,"1321 Bay View Avenue, Neah Bay",98381.0,urban-centre
530090017,Port Angeles - 5th St,48.115,-123.436434,75.0,Washington,Clallam,Port Angeles,RESIDENTIAL,SUBURBAN,Washington State Department Of Ecology,2015-04-06,,102 E 5th St,98362.0,urban-periphery
530090020,Olympic,48.006295,-122.973953,5.0,Washington,Clallam,Blyn,FOREST,RURAL,National Park Service,2001-01-01,,Olympic,98382.0,rural
530091003,530091003,48.082314,-123.113232,60.0,Washington,Clallam,Sequim,COMMERCIAL,URBAN AND CENTER CITY,Washington State Department Of Ecology,1991-09-13,,"323 N. 5TH AVE. (FIRE HALL), SEQUIM",,urban-centre
530110011,VANCOUVER - BLAIRMONT DR,45.616667,-122.516667,5.0,Washington,Clark,Vancouver,RESIDENTIAL,SUBURBAN,Washington State Department Of Ecology,1988-05-01,,1500 SE BLAIRMONT DR (Mountain View High School),98683.0,urban-periphery
530110012,530110012,45.633172,-122.703153,7.0,Washington,Clark,Vancouver,COMMERCIAL,URBAN AND CENTER CITY,Southwest Air Pollution Control Authority,1990-01-29,,PORT OF VANCOUVER/3103 LOWER RIVER RD,,urban-centre
530110014,530110014,45.587341,-122.430647,70.0,Washington,Clark,Camas,RESIDENTIAL,SUBURBAN,Washington State Department Of Ecology,1989-11-09,,ARMORY BLDG/920 NW HILL ST,,urban-periphery
530110015,530110015,45.641228,-122.650652,60.0,Washington,Clark,Vancouver,COMMERCIAL,SUBURBAN,Washington State Department Of Ecology,1991-11-26,,WA ELEM SCHOOL/2908 S ST,,urban-periphery
530110016,HAZELDELL/7701 NE HIGHWAY 99,45.63845,-122.647041,58.0,Washington,Clark,Vancouver,COMMERCIAL,SUBURBAN,Washington State Department Of Ecology,1995-07-24,,7701 NE HIGHWAY 99,,urban-periphery
530110020,"CAMAS CITY HALL, 616 NE 4TH AVE, CAMAS, WA",45.586785,-122.40287,0.0,Washington,Clark,Camas,RESIDENTIAL,SUBURBAN,Washington State Department Of Ecology,2001-04-06,,"CAMAS CITY HALL, 616 NE 4TH AVE, CAMAS",,urban-periphery
530110022,YACOLT - YACOLT RD,45.8639,-122.410889,213.0,Washington,Clark,Yacolt,COMMERCIAL,RURAL,Washington State Department Of Ecology,2003-07-17,,406 W YACOLT RD,98675.0,rural
530110024,Vancouver-NE 84th Ave,45.64336,-122.58737,54.0,Washington,Clark,Vancouver,RESIDENTIAL,SUBURBAN,Washington State Department Of Ecology,2014-09-01,,2722 NE 84th Ave,98662.0,urban-periphery
530110030,530110030,45.641683,-122.681233,16.0,Washington,Clark,Vancouver,RESIDENTIAL,SUBURBAN,Oregon Department Of Environmental Quality,2005-01-01,,VANCOUVER KAUFFMAN & W 27TH,,urban-periphery
530130002,DAYTON - W MAIN,46.318,-117.985,464.0,Washington,Columbia,Dayton,AGRICULTURAL,RURAL,Washington State Department Of Ecology,2009-02-05,,206 W MAIN ST,99328.0,rural
530139991,Confederated Tribes of the Umatilla Indian Reservation,46.2026,-117.9539,2.0,Washington,Columbia,Not in a City,FOREST,RURAL,USEPA - Clean Air and Power Division,2020-11-03,,"805-203 S Touchet Rd., Dayton, WA 99328",99328.0,rural
530150006,530150006,46.119278,-122.947056,6.0,Washington,Cowlitz,Longview,COMMERCIAL,URBAN AND CENTER CITY,Oregon Department Of Environmental Quality,1978-01-01,,CITY SHOPS/254 OREGON WY,,urban-centre
530150013,2800 DIKE ROAD IN WOODLAND WASHINGTON,45.893448,-122.789547,0.0,Washington,Cowlitz,Not in a city,AGRICULTURAL,RURAL,Washington State Department Of Ecology,1997-04-02,,"2800 DIKE ROAD, WOODLAND, COWLITZ CO",,rural
530150014,549 S. SILVER LAKE RD IN CASTLEROCK - COWLITZ_COUNTY,46.277334,-122.85928,0.0,Washington,Cowlitz,Not in a city,AGRICULTURAL,RURAL,Washington State Department Of Ecology,1996-09-04,,549 S. SILVER LAKE RD. IN CASTLEROCK,,rural
530150015,LONGVIEW - 30TH AVE,46.139444,-122.961944,13.0,Washington,Cowlitz,Longview,RESIDENTIAL,SUBURBAN,Southwest Air Pollution Control Authority,2001-04-01,,1324 30TH AVE (Olympic Elementary School),98632.0,urban-periphery
530155501,St. Helens Elementary School,46.12784,-122.9596,0.0,Washington,Cowlitz,Longview,COMMERCIAL,URBAN AND CENTER CITY,US EPA/OAQPS,2009-07-16,,431 27th Ave,98632.0,urban-centre
530170018,Mobile-East Wenatchee,47.41013,-120.281052,244.0,Washington,Douglas,East Wenatchee Bench,RESIDENTIAL,URBAN AND CENTER CITY,Washington State Department Of Ecology,2015-11-06,,377 Eastmont Ave,98802.0,urban-centre
530190003,530190003,48.29696,-118.202427,494.0,Washington,Ferry,Inchelium,RESIDENTIAL,RURAL,"Confederated Tribe of the Colville Reservation, Washington",2013-01-01,,3043 b Bridge Creek Highway,99138.0,rural
530210002,MESA - PEPOIT WAY,46.5754,-119.0021,224.0,Washington,Franklin,Mesa,DESERT,RURAL,Washington State Department Of Ecology,2003-01-15,,200 PEPIOT WAY (Mesa Elementary School),99343.0,rural
530230001,Pomeroy Sewage Treatment Plant,46.474438,-117.614764,549.0,Washington,Garfield,Pomeroy,COMMERCIAL,SUBURBAN,Washington State Department Of Ecology,2017-05-04,,572 Pataha St,99347.0,urban-periphery
530250003,530250003,47.385564,-119.489855,5.0,Washington,Grant,Soap Lake,RESIDENTIAL,URBAN AND CENTER CITY,Washington State Department Of Ecology,2022-10-24,,19 4th Avenue SE,98851.0,urban-centre
530251002,MOSES LAKE - BALSAM ST,47.1303,-119.2737,325.0,Washington,Grant,Moses Lake,COMMERCIAL,URBAN AND CENTER CITY,Washington State Department Of Ecology,2003-01-19,,"412 S BALSAM ST, MOSES LAKE, WA",98837.0,urban-centre
530251003,Quincy-3rd Ave NE,47.241153,-119.847824,397.0,Washington,Grant,Quincy,RESIDENTIAL,URBAN AND CENTER CITY,Washington State Department Of Ecology,2017-06-01,,330 3rd Ave NE,98848.0,urban-centre
530270003,530270003,46.971203,-123.866557,3.0,Washington,Grays Harbor,Hoquiam,INDUSTRIAL,URBAN AND CENTER CITY,Washington State Department Of Ecology,1984-06-01,,POSEY MANUFACTURING/FOOT OF ONTARIO ST,,urban-centre
530270006,530270006,46.956205,-123.774332,3.0,Washington,Grays Harbor,Not in a city,RESIDENTIAL,URBAN AND CENTER CITY,Washington State Department Of Ecology,1982-01-01,,"SCHOOL BUS GARAGE/112 2ND ST, COSMOPOLIS",,urban-centre
530270007,530270007,46.986759,-123.812944,7.0,Washington,Grays Harbor,Aberdeen,RESIDENTIAL,SUBURBAN,Olympic Region Clean Air Agency,1990-04-05,,STEWARD FIELD/820 WILLARD,,urban-periphery
530270011,TAHOLAH-CHITWIN DRIVE,47.3442,-124.2879,14.0,Washington,Grays Harbor,Taholah,RESIDENTIAL,RURAL,"Quinault Tribe of Quinault Reservation, WA",2004-04-28,,"CHITWIN DRIVE, TAHOLAH, WA",98587.0,rural
530270013,SATELLITE TV SITE,47.355082,-124.305463,34.0,Washington,Grays Harbor,Taholah,RESIDENTIAL,RURAL,"Quinault Tribe of Quinault Reservation, WA",2002-04-02,,1534 CAPOEMAN ST.,,rural
530272002,ABERDEEN - DIVISION ST,46.97228,-123.83173,1.0,Washington,Grays Harbor,Aberdeen,RESIDENTIAL,SUBURBAN,Washington State Department Of Ecology,2002-08-16,,359 N DIVISION ST (Harbor High School),98520.0,urban-periphery
530310003,Port Townsend-San Juan,48.12919,-122.77897,20.0,Washington,Jefferson,Port Townsend,RESIDENTIAL,SUBURBAN,Washington State Department Of Ecology,2000-01-13,,3939 SAN JUAN AVE (Blue Heron Middle School),98368.0,urban-periphery
530330010,ISSAQUAH -  LAKE SAMMAMISH (Wiithin Lake Sammamish State Park),47.5525,-122.064722,22.0,Washington,King,Issaquah,RESIDENTIAL,SUBURBAN,Washington State Department Of Ecology,1975-12-01,,2000 NW SAMMAMISH RD,98027.0,urban-periphery
530330017,NORTH BEND - NORTH BEND WAY,47.49022,-121.77278,140.0,Washington,King,North Bend (Northbend),RESIDENTIAL,RURAL,Washington State Department Of Ecology,1998-06-01,,42404 SE NORTH BEND WAY,98045.0,rural
530330018,530330018,47.374268,-121.923168,73.0,Washington,King,Not in a city,FOREST,RURAL,Washington State Department Of Ecology,1989-04-19,,2.3 MI E OF CEDAR R BRIDGE & 276TH AV SE,,rural
530330020,2501 S 150TH SEATAC N - BETWEEN 24TH AND 26TH AVENUES,47.468154,-122.300679,0.0,Washington,King,Seattle,COMMERCIAL,SUBURBAN,Washington State Department Of Ecology,1998-04-08,,2501 S 150TH (SEATAC NORTH),,urban-periphery
530330022,2401 S 192ND SEATAC (TYEE VALLEY GOLF COURSE),47.426489,-122.30679,60.0,Washington,King,Seattle,COMMERCIAL,SUBURBAN,Washington State Department Of Ecology,1998-06-01,,2401 S 192ND IN SEATAC,,urban-periphery
530330023,ENUMCLAW - MUD MTN (Army Corp of Engineers site),47.1411,-121.9379,402.0,Washington,King,Enumclaw,FOREST,RURAL,Washington State Department Of Ecology,1998-07-08,,30525 SE MUD MOUNTAIN ROAD,98022.0,rural
530330024,LAKE FOREST PARK TOWNE CENTER,47.755,-122.2806,16.0,Washington,King,Lake Forest Park,COMMERCIAL,SUBURBAN,Washington State Department Of Ecology,1999-03-10,,17171 BOTHEL WAY,98155.0,urban-periphery
530330030,Seattle-10th & Weller,47.597222,-122.319722,15.0,Washington,King,Seattle,BLIGHTED AREAS,URBAN AND CENTER CITY,Washington State Department Of Ecology,2014-04-01,,10th & Weller,98104.0,urban-centre
530330031,Bellevue-SE 12th St,47.600863,-122.148397,92.0,Washington,King,Bellevue,RESIDENTIAL,SUBURBAN,Washington State Department Of Ecology,2016-12-01,,14310 SE 12th St,98007.0,urban-periphery
530330040,530330040,47.4785,-122.3111,94.0,Washington,King,SeaTac,INDUSTRIAL,SUBURBAN,Washington State Department Of Ecology,2025-04-03,,13831 18th Avenue S,98168.0,urban-periphery
530330047,530330047,47.2814,-122.2233,31.7,Washington,King,Auburn,RESIDENTIAL,SUBURBAN,Washington State Department Of Ecology,2021-03-22,,"402 29th Street, Auburn, WA",,urban-periphery
530330052,Seattle-Yesler Community Center,47.6017,-122.3225,79.0,Washington,King,Seattle,COMMERCIAL,URBAN AND CENTER CITY,Washington State Department Of Ecology,2017-01-25,,600 Yesler Way,98104.0,urban-centre
530330053,Seattle-Danny Woo Memorial Garden,47.6003,-122.3247,51.0,Washington,King,Seattle,COMMERCIAL,URBAN AND CENTER CITY,Washington State Department Of Ecology,2017-01-25,,620 S Main St,98104.0,urban-centre
530330054,Seattle-8th & Jackson,47.5989,-122.3222,38.0,Washington,King,Seattle,COMMERCIAL,URBAN AND CENTER CITY,Washington State Department Of Ecology,2017-01-25,,418 8th  Ave S,98104.0,urban-centre
530330055,Seattle-Union Station,47.5983,-122.3283,15.0,Washington,King,Seattle,COMMERCIAL,URBAN AND CENTER CITY,Washington State Department Of Ecology,2017-01-25,,401 S Jackson St,98104.0,urban-centre
530330056,Seattle-Denise Louis Ed Center,47.5964,-122.3219,27.0,Washington,King,Seattle,COMMERCIAL,URBAN AND CENTER CITY,Washington State Department Of Ecology,2017-01-25,,606 Maynard Ave S #101,98104.0,urban-centre
530330057,SEATTLE - DUWAMISH,47.55975,-122.338265,1.0,Washington,King,Seattle,INDUSTRIAL,SUBURBAN,Washington State Department Of Ecology,1971-08-02,,4700 East Marginal Way South,98134.0,urban-periphery
530330067,Seattle S King Street,47.5986,-122.3165,53.0,Washington,King,Seattle,COMMERCIAL,URBAN AND CENTER CITY,Washington State Department Of Ecology,2017-07-01,,"1212 S King Street, Seattle, WA 98144",98144.0,urban-centre
530330069,Tukwila Allentown,47.498535,-122.278385,5.0,Washington,King,Tukwila,RESIDENTIAL,SUBURBAN,Washington State Department Of Ecology,2017-06-22,,"11675 44th Ave S, Tukwila, WA 98178",98168.0,urban-periphery
530330080,SEATTLE - BEACON HILL,47.568236,-122.308628,105.0,Washington,King,Seattle,RESIDENTIAL,URBAN AND CENTER CITY,Washington State Department Of Ecology,1979-06-04,,4103 BEACON HILL S,98108.0,urban-centre
530330085,530330085,47.650932,-122.308181,0.0,Washington,King,Seattle,MOBILE,URBAN AND CENTER CITY,Washington State Department Of Ecology,1987-01-01,,U OF W PUMP BLDG/1960 NE PACIFIC AVE,,urban-centre
530330088,530330088,47.357324,-121.975392,207.0,Washington,King,Not in a city,AGRICULTURAL,RURAL,Washington State Department Of Ecology,1990-04-25,,"27519 SE KENT-KANGLEY RD, RAVENSDALE",,rural
530330089,Auburn M St SE,47.2875,-122.2144,5.0,Washington,King,Auburn,RESIDENTIAL,SUBURBAN,Washington State Department Of Ecology,2019-01-01,,"2301 M Street SE, Auburn, WA 98002",98002.0,urban-periphery
530330090,530330090,47.5428,-122.3142,1.0,Washington,King,Seattle,INDUSTRIAL,URBAN AND CENTER CITY,Puget Sound Air Pollution Control Agency,2022-01-01,,6605 13th Ave. South,98108.0,urban-centre
530330091,530330091,47.5364,-122.33,1.0,Washington,King,Seattle,INDUSTRIAL,URBAN AND CENTER CITY,Puget Sound Air Pollution Control Agency,2022-01-01,,"7400 3rd Ave S, Seattle, WA 98108",98108.0,urban-centre
530330092,530330092,47.5407,-122.3222,2.0,Washington,King,Seattle,INDUSTRIAL,URBAN AND CENTER CITY,Puget Sound Air Pollution Control Agency,2022-01-01,,Ms Elva Finch House,98108.0,urban-centre
530330093,530330093,47.5419,-122.3256,11.0,Washington,King,Seattle,INDUSTRIAL,URBAN AND CENTER CITY,Puget Sound Air Pollution Control Agency,2022-01-01,,South Seattle Community College Georgetown Campus,98108.0,urban-centre
530330094,530330094,47.5308,-122.3182,1.0,Washington,King,Not in a City,INDUSTRIAL,URBAN AND CENTER CITY,Puget Sound Air Pollution Control Agency,2022-01-01,,S Elm Grove St,98108.0,urban-centre
530331011,SEATTLE - SOUTH PARK #2,47.53091,-122.3208,9.0,Washington,King,Seattle,RESIDENTIAL,URBAN AND CENTER CITY,Washington State Department Of Ecology,2003-01-06,,8201 10TH AVENUE SOUTH,98108.0,urban-centre
530332004,KENT - JAMES & CENTRAL,47.386111,-122.230278,20.0,Washington,King,Kent,COMMERCIAL,URBAN AND CENTER CITY,Washington State Department Of Ecology,1987-07-02,,"614 RAILROAD AVE N, KENT",98030.0,urban-centre
530335502,Concord Elementary School,47.52373,-122.325,0.0,Washington,King,Seattle,COMMERCIAL,URBAN AND CENTER CITY,US EPA/OAQPS,2009-08-11,,723 S Concord St,98108.0,urban-centre
530350007,Bremerton-Spruce Ave,47.592675,-122.627397,78.0,Washington,Kitsap,Bremerton,RESIDENTIAL,SUBURBAN,Washington State Department Of Ecology,2012-05-01,,3250 Spruce Ave,98310.0,urban-periphery
530350008,SUQUAMISH ELEMENTARY SCHOOL,47.7356,-122.556,70.0,Washington,Kitsap,Not in a City,RESIDENTIAL,RURAL,"Suquamish Indian Tribe of Port Madison Reservation, WA",1999-08-03,,"18950 PARK AVENUE E,  SUQUAMISH  WA",,rural
530370002,ELLENSBURG - RUBY ST,46.99364,-120.545,500.0,Washington,Kittitas,Ellensburg,COMMERCIAL,URBAN AND CENTER CITY,Washington State Department Of Ecology,1995-11-04,,201 N. RUBY,98926.0,urban-centre
530370004,Snoqualmie Pass,47.399815,-121.427096,1049.0,Washington,Kittitas,Snoqualmie Pass,FOREST,RURAL,National Park Service,1993-07-03,,Snoqualmie Pass,98922.0,rural
530390003,Columbia River Gorge,45.666204,-121.000708,180.0,Washington,Klickitat,Not in a City,AGRICULTURAL,RURAL,National Park Service,1993-06-26,,1/4 MILE OFF HWY 14 - 1 MI. W OF WISHRAM,,rural
530390006,Mobile-WhiteSalmon,45.735931,-121.488398,270.0,Washington,Klickitat,White Salmon (RR name Bingen-White Salmon),COMMERCIAL,URBAN AND CENTER CITY,Washington State Department Of Ecology,2018-06-07,,111 Unnamed Rd.,98672.0,urban-centre
530390010,530390010,45.749818,-121.401159,230.0,Washington,Klickitat,Not in a City,FOREST,RURAL,National Park Service,1996-09-18,,Columbia Gorge #1,98672.0,rural
530390011,530390011,45.664223,-121.001945,179.0,Washington,Klickitat,Not in a City,FOREST,RURAL,National Park Service,1993-06-26,,Columbia River Gorge,98613.0,rural
530410004,CHEHALIS - MARKET BLVD,46.66409,-122.96732,34.0,Washington,Lewis,Chehalis,RESIDENTIAL,URBAN AND CENTER CITY,Washington State Department Of Ecology,2009-12-29,,350 N MARKET BLVD,98532.0,urban-centre
530410007,White Pass,46.624184,-121.388064,1821.0,Washington,Lewis,Not in a City,FOREST,RURAL,Washington State Department Of Ecology,2000-01-01,,48935 US HWY 12,,rural
530450003,530450003,47.211761,-123.103206,5.0,Washington,Mason,Shelton,COMMERCIAL,URBAN AND CENTER CITY,Olympic Region Clean Air Agency,1976-01-01,,PUD BLDG/3RD & COTA ST,,urban-centre
530450007,Shelton - W Franklin,47.21355,-123.10081,23.0,Washington,Mason,Shelton,COMMERCIAL,URBAN AND CENTER CITY,Washington State Department Of Ecology,2011-04-20,,122 W FRANKLIN,98584.0,urban-centre
530470002,530470002,48.165311,-118.9848,562.0,Washington,Okanogan,Nespelem Community,RESIDENTIAL,RURAL,"Confederated Tribe of the Colville Reservation, Washington",2013-01-01,,229 School House Loop Road,99116.0,rural
530470009,TWISP - GLOVER ST,48.36451,-120.121113,492.0,Washington,Okanogan,Twisp,COMMERCIAL,RURAL,Washington State Department Of Ecology,2003-11-05,,118 S GLOVER ST,98856.0,rural
530470010,WINTHROP - CHEWUCH RD,48.47724,-120.19057,536.0,Washington,Okanogan,Winthrop,RESIDENTIAL,RURAL,Washington State Department Of Ecology,2003-11-06,,24 WEST CHEWUCH RD,98862.0,rural
530470012,Pasayten,48.387531,-119.928671,1627.0,Washington,Okanogan,Not in a City,FOREST,RURAL,National Park Service,2000-01-01,,Pasayten,98856.0,rural
530470013,Omak-Colville Tribe,48.39999,-119.51896,5.0,Washington,Okanogan,Not in a City,RESIDENTIAL,SUBURBAN,"Confederated Tribe of the Colville Reservation, Washington",2010-10-20,,"Corner of 8th Ave & Omak Okanogan E (part of a log yard for an old lumber), Omak",98841.0,urban-periphery
530470016,530470016,48.354124,-120.105116,980.0,Washington,Okanogan,Twisp,COMMERCIAL,SUBURBAN,Washington State Department Of Ecology,2020-06-10,,1205 Ewell St,,urban-periphery
530490003,530490003,46.688081,-123.731796,4.0,Washington,Pacific,Raymond,COMMERCIAL,SUBURBAN,Washington State Department Of Ecology,2023-10-01,,503 4th St,98577.0,urban-periphery
530510008,530510008,48.181952,-117.053102,695.0,Washington,Pend Oreille,Newport,RESIDENTIAL,URBAN AND CENTER CITY,Washington State Department Of Ecology,2020-12-11,,107 N Calispel Ave,99156.0,urban-centre
530530012,MT RAINIER - JACKSON VISITIORS CENTER,46.7841,-121.740367,1615.0,Washington,Pierce,Not in a City,FOREST,RURAL,Washington State Department Of Ecology,1998-07-10,,"JACKSON VISITOR'S CENTER MT RAINIER, WA",98321.0,rural
530530014,MT RAINIER NAT'L PARK - PARADISE,46.784553,-121.739538,0.0,Washington,Pierce,Not in a city,FOREST,RURAL,Washington State Department Of Ecology,1988-03-01,,MOUNT RAINIER NAT'L PARK - PARADISE,,rural
530530019,530530019,47.267878,-122.380123,8.0,Washington,Pierce,Tacoma,INDUSTRIAL,URBAN AND CENTER CITY,Washington State Department Of Ecology,1983-01-01,,TAYLOR WAY/2340 TAYLOR WY,,urban-centre
530530021,530530021,47.280933,-122.375401,128.0,Washington,Pierce,Tacoma,RESIDENTIAL,SUBURBAN,Washington State Department Of Ecology,1985-01-01,,NE TACOMA/27TH ST & 54TH AVE NE,,urban-periphery
530530023,530530023,47.299821,-122.510681,37.0,Washington,Pierce,Tacoma,RESIDENTIAL,SUBURBAN,Puget Sound Air Pollution Control Agency,1983-09-01,,RUSTON SCHOOL/5219 N SHIRLEY ST,,urban-periphery
530530024,Tacoma-S 36th St,47.22634,-122.46256,108.0,Washington,Pierce,Tacoma,RESIDENTIAL,URBAN AND CENTER CITY,Washington State Department Of Ecology,2016-01-01,,1802 S 36th St,98408.0,urban-centre
530530028,9409 KAPOWSIN HWY E NEAR GRAHAM WA IN FIELD BEHIND A&C ANTIQUES,46.979824,-122.299283,0.0,Washington,Pierce,Not in a city,AGRICULTURAL,RURAL,Washington State Department Of Ecology,1999-08-19,,9409 KAPOWSIN HWY E_IN GRAHAM WA,,rural
530530029,TACOMA - L STREET,47.1864,-122.4517,103.0,Washington,Pierce,Tacoma,COMMERCIAL,SUBURBAN,Washington State Department Of Ecology,1999-10-03,,7802 SOUTH L STREET,98408.0,urban-periphery
530530031,TACOMA - ALEXANDER AVE,47.2656,-122.3858,1.0,Washington,Pierce,Tacoma,INDUSTRIAL,SUBURBAN,Washington State Department Of Ecology,1987-01-01,,"2301 ALEXANDER AVE, TACOMA, WA",98421.0,urban-periphery
530531010,Mount Rainier NP,46.75838,-122.12429,420.0,Washington,Pierce,Not in a City,FOREST,RURAL,National Park Service,1988-03-01,,"MOUNT RAINIER NP, TAHOMA WOODS ADMIN",98304.0,rural
530531011,530531011,46.995938,-121.912328,530.0,Washington,Pierce,Not in a city,FOREST,RURAL,Washington State Department Of Ecology,1989-05-18,,"CARBON R RNAGER STN, MT RAINIER NAT'L PK",,rural
530531016,TACOMA - TOWER DR,47.304444,-122.412,134.0,Washington,Pierce,Tacoma,RESIDENTIAL,SUBURBAN,Washington State Department Of Ecology,1991-01-01,,5225 TOWER DRIVE NE,98422.0,urban-periphery
530531018,PUYALLUP - 128TH ST,47.14,-122.3003,133.0,Washington,Pierce,South Hill,COMMERCIAL,SUBURBAN,Washington State Department Of Ecology,1991-12-07,,9616 128TH ST E,98373.0,urban-periphery
530531020,CHIEF LESCHI SCHOOL,47.211,-122.357,7.0,Washington,Pierce,Puyallup,RESIDENTIAL,SUBURBAN,"Puyallup Tribe of Puyallup Reservation, WA",2004-10-12,,5625 52ND STREET EAST,98371.0,urban-periphery
530531022,530531022,47.204986,-122.344619,7.0,Washington,Pierce,Waller,AGRICULTURAL,RURAL,"Puyallup Tribe of Puyallup Reservation, WA",2006-10-13,,5722 66TH AVENUE EAST,98371.0,rural
530532011,530532011,47.240654,-122.425678,9.0,Washington,Pierce,Tacoma,RESIDENTIAL,SUBURBAN,Washington State Department Of Ecology,1988-05-21,,LYLE/950 PORTLAND AVE,,urban-periphery
530550001,Mobile FDH San Juan,48.535474,-123.019731,10.0,Washington,San Juan,Friday Harbor,RESIDENTIAL,SUBURBAN,Washington State Department Of Ecology,2019-01-07,,115 2nd Street North,98250.0,urban-periphery
530570011,Anacortes-202 Ave,48.52059,-122.61428,7.0,Washington,Skagit,Anacortes,COMMERCIAL,URBAN AND CENTER CITY,Washington State Department Of Ecology,2012-05-01,,202 O Ave,98221.0,urban-centre
530570012,530570012,48.493438,-122.553224,9.0,Washington,Skagit,Not in a city,RESIDENTIAL,SUBURBAN,Northwest Air Pollution Authority,1988-07-20,,"TEXACO S/1224 BARTHOLOMEW AVE, ANACORTES",,urban-periphery
530570015,MT VERNON - 2ND AVE,48.4102,-122.3376,7.0,Washington,Skagit,Mount Vernon,RESIDENTIAL,SUBURBAN,Washington State Department Of Ecology,2002-08-07,,1600 SOUTH SECOND STREET,98273.0,urban-periphery
530570018,530570018,48.459928,-122.520388,2.0,Washington,Skagit,Anacortes,COMMERCIAL,SUBURBAN,"Swinomish Indians of Swinomish Reservation, WA",2003-04-01,,CASINO DRIVE/NORTH END SITE,,urban-periphery
530570020,530570020,48.397787,-122.504971,44.0,Washington,Skagit,Not in a City,COMMERCIAL,RURAL,"Swinomish Indians of Swinomish Reservation, WA",2009-06-30,,"Northwest Indian College, 17113 Tallawhalt Lane",98257.0,rural
530570021,530570021,48.532932,-122.102663,793.0,Washington,Skagit,Sedro Woolley (corporate name Sedro-Woolley),FOREST,RURAL,Upper Skagit Indian Tribe of Washington,2002-10-09,,25944 COMMUNITY PLAZA WAY,,rural
530590001,MT ZION - HWY 14,45.569841,-122.2012,130.0,Washington,Skamania,Not in a city,AGRICULTURAL,RURAL,Washington State Department Of Ecology,1996-10-15,,GRAVEL ROAD OFF HWY 14 (NO ST. NUMBER),,rural
530610005,LYNNWOOD - 212TH,47.8064,-122.3167,99.0,Washington,Snohomish,Mountlake Terrace,COMMERCIAL,SUBURBAN,Washington State Department Of Ecology,1999-10-03,,"6120 212TH ST SW, MOUNTLAKE TERRACE, WA",98043.0,urban-periphery
530610012,530610012,47.97954,-122.201802,260.0,Washington,Snohomish,Everett,COMMERCIAL,URBAN AND CENTER CITY,Washington State Department Of Ecology,1987-04-01,,ERICKSON'S #2/2019 HEWITT AVE,,urban-centre
530610014,530610014,48.016485,-122.200137,325.0,Washington,Snohomish,Everett,RESIDENTIAL,SUBURBAN,Washington State Department Of Ecology,1987-04-10,,LEGION PK GOLF CRS/144 W MARINE VIEW DR,,urban-periphery
530610016,530610016,47.983151,-122.210969,40.0,Washington,Snohomish,Everett,COMMERCIAL,URBAN AND CENTER CITY,Puget Sound Air Pollution Control Agency,1989-10-30,,HOYT/HOYT AVE & 26TH ST,,urban-centre
530610017,530610017,48.05343,-122.17736,6.0,Washington,Snohomish,Marysville,COMMERCIAL,SUBURBAN,Puget Sound Air Pollution Control Agency,1989-11-10,,CITY HALL/514 DELTA AVE,,urban-periphery
530610020,DARRINGTON - FIR ST (Darrington High School),48.2469,-121.6031,182.0,Washington,Snohomish,Darrington,RESIDENTIAL,URBAN AND CENTER CITY,Washington State Department Of Ecology,2006-07-21,,1085 FIR ST,98241.0,urban-centre
530610021,Tulalip-Totem Beach Rd,48.065339,-122.285194,10.0,Washington,Snohomish,Tulalip Bay,RESIDENTIAL,RURAL,Washington State Department Of Ecology,2019-10-23,,7520 Totem Beach Road,98271.0,rural
530610022,530610022,47.893611,-122.269722,176.0,Washington,Snohomish,Everett,INDUSTRIAL,SUBURBAN,Washington State Department Of Ecology,2024-06-05,,11401 Beverly Park Rd,98204.0,urban-periphery
530610500,530610500,48.016752,-122.065494,68.0,Washington,Snohomish,Not in a City,RESIDENTIAL,SUBURBAN,Puget Sound Air Pollution Control Agency,2007-09-11,,12409 21st NE,98258.0,urban-periphery
530611007,MARYSVILLE - 7TH AVE (Marysville Junior High),48.054315,-122.171529,2.0,Washington,Snohomish,Marysville,RESIDENTIAL,SUBURBAN,Washington State Department Of Ecology,1991-09-27,,1799 7th S,98270.0,urban-periphery
530611231,530611231,48.067806,-122.291238,12.0,Washington,Snohomish,Tulalip Bay,RESIDENTIAL,RURAL,"Tulalip Triber of Tulalip Reservation, WA",2006-10-31,,"7515 Totem Beach Rd., Tulalip, WA 98271",98271.0,rural
530630001,CHENEY - TURNBULL,47.41645,-117.52997,696.0,Washington,Spokane,Cheney,FOREST,,Washington State Department Of Ecology,1971-07-01,,S 26010 Smith Road (Turnbull Slough National Wildlife Refuge),99004.0,unknown
530630003,530630003,47.768503,-117.354661,589.0,Washington,Spokane,Not in a city,RESIDENTIAL,URBAN AND CENTER CITY,Washington State Department Of Ecology,1979-01-01,,MEAD JUNIOR HIGH SCHOOL N 12509 MARKET S,,urban-centre
530630015,530630015,47.659336,-117.419102,594.0,Washington,Spokane,Spokane,RESIDENTIAL,SUBURBAN,Washington State Department Of Ecology,1982-10-01,,"FINLEY CO. BLDG W. 430 MAIN ST,SPOKANE",,urban-periphery
530630017,Spokane Valley-E Broadway Ave,47.663962,-117.257654,611.0,Washington,Spokane,Not in a City,RESIDENTIAL,SUBURBAN,Washington State Department Of Ecology,2021-01-01,,"11016 E Broadway Ave. Spokane Valley, WA",99206.0,urban-periphery
530630021,SPOKANE - AUGUSTA AVE,47.672482,-117.364852,585.0,Washington,Spokane,Spokane,COMMERCIAL,URBAN AND CENTER CITY,Washington State Department Of Ecology,2009-03-29,,3104 E AUGUSTA AVE,99207.0,urban-centre
530630043,530630043,47.669059,-117.411325,600.0,Washington,Spokane,Spokane,RESIDENTIAL,SUBURBAN,Washington State Department Of Ecology,1989-12-01,,BACKDOOR TAVERN/N 1227 DIVISION,,urban-periphery
530630046,SPOKANE - GREENBLUFF,47.82728,-117.27422,785.0,Washington,Spokane,Not in a City,RESIDENTIAL,RURAL,Washington State Department Of Ecology,1990-04-01,,"E 9814 GREENBLUFF RD, GREENBLUFF",99005.0,rural
530630047,SPOKANE - MONROE ST,47.69978,-117.42635,1881.0,Washington,Spokane,Spokane,COMMERCIAL,URBAN AND CENTER CITY,Washington State Department Of Ecology,1989-01-01,,N 4601 MONROE ST,99205.0,urban-centre
530630048,NORTH SIDE OF 3RD AVENUE ACROSS STREET FROM OLD SITE,47.653781,-117.41799,600.0,Washington,Spokane,Spokane,COMMERCIAL,URBAN AND CENTER CITY,Washington State Department Of Ecology,1996-11-05,,3RD AND WASHINGTON/W 408 3RD AVENUE,,urban-centre
530630051,530630051,47.799851,-117.801091,552.0,Washington,Spokane,Not in a City,FOREST,RURAL,National Park Service,2001-01-01,,Spokane Res.,99029.0,rural
530630052,530630052,47.665122,-117.429093,569.0,Washington,Spokane,Spokane,COMMERCIAL,URBAN AND CENTER CITY,Washington State Department Of Ecology,2005-01-04,,"1101 W COLLEGE AVE, SPOKANE",99201.0,urban-centre
530630054,530630054,47.657087,-117.367795,590.0,Washington,Spokane,Spokane,INDUSTRIAL,URBAN AND CENTER CITY,Washington State Department Of Ecology,2024-01-24,,2904 E Sprague Ave,99202.0,urban-centre
530631014,530631014,47.732947,-117.42244,604.0,Washington,Spokane,Not in a city,RESIDENTIAL,SUBURBAN,Washington State Department Of Ecology,1981-03-15,,COUNTRY HOMES/N 8217 WALL ST,,urban-periphery
530631015,NAZARENE CHURCH,47.737391,-117.414662,604.0,Washington,Spokane,Spokane,RESIDENTIAL,SUBURBAN,Washington State Department Of Ecology,1992-12-08,,NAZARENE/NORTH 9004 COUNTRY HOMES BLVD,,urban-periphery
530631017,VACANT LOT ACROSS FROM NAZARENE CHURCH IN A TRAILER,47.739613,-117.414385,1940.0,Washington,Spokane,Spokane,RESIDENTIAL,URBAN AND CENTER CITY,Washington State Department Of Ecology,1994-11-10,,ROCKWOOD/N 9005 COUNTRY HOMES BLVD,,urban-centre
530639000,1.2 KM WEST OF ID STATE LINE. ON SCHOOL ROOF IN OPEN AREA.,47.715456,-117.042701,610.0,Washington,Spokane,Not in a city,RESIDENTIAL,SUBURBAN,US EPA - Region 10,1998-11-07,,"6011 N. CHASE ROAD; NEWMAN LAKE, WA",,urban-periphery
530650002,SPOKANE - WELLPINIT  FORD RD (SPOKANE TRIBE),47.88528,-117.98865,743.0,Washington,Stevens,Not in a City,AGRICULTURAL,SUBURBAN,"Spokane Tribe of Spokane Reservation, WA",2006-10-10,,"6208 FORD WELLPINIT ROAD, WELLPINIT, WA",99040.0,urban-periphery
530650003,530650003,48.169895,-117.723018,526.0,Washington,Stevens,Not in a city,INDUSTRIAL,RURAL,Washington State Department Of Ecology,1992-05-18,,"3034 HUFFMAN RD., VALLEY SCHOOL, VALLEY",,rural
530650005,Colville-E 1St,48.544448,-117.903425,71.0,Washington,Stevens,Colville,RESIDENTIAL,URBAN AND CENTER CITY,Washington State Department Of Ecology,2015-10-25,,261 E 1st St,99114.0,urban-centre
530670005,YELM - NORTHERN PACIFIC,46.952562,-122.59527,397.0,Washington,Thurston,Yelm,INDUSTRIAL,SUBURBAN,Washington State Department Of Ecology,2006-05-01,,931 NORTHERN PACIFIC ROAD,98597.0,urban-periphery
530670013,LACEY - COLLEGE ST,47.029396,-122.821548,70.0,Washington,Thurston,Lacey,RESIDENTIAL,SUBURBAN,Washington State Department Of Ecology,1984-04-01,,1900 COLLEGE ST SE (Mountain View Elementary School),98503.0,urban-periphery
530710004,530710004,46.071526,-118.339132,0.0,Washington,Walla Walla,Walla Walla,RESIDENTIAL,URBAN AND CENTER CITY,Washington State Department Of Ecology,1983-01-01,,POST OFFICE BLDG-2ND AND SUMAC,,urban-centre
530710005,WALLA WALL - 12TH ST,46.05881,-118.35147,267.0,Washington,Walla Walla,Walla Walla,COMMERCIAL,SUBURBAN,Washington State Department Of Ecology,1989-05-01,,"/200 S 12TH, WALLA WALLA, WA",99362.0,urban-periphery
530710006,BURBANK - MAPLE ST,46.199901,-119.008329,179.0,Washington,Walla Walla,Burbank,RESIDENTIAL,SUBURBAN,Washington State Department Of Ecology,2002-11-05,,755 MAPLE STREET (Columbia High School),99323.0,urban-periphery
530730005,CUSTER - LOOMIS,48.95074,-122.55441,5.0,Washington,Whatcom,Custer,AGRICULTURAL,RURAL,Washington State Department Of Ecology,1989-04-13,,1330 LOOMIS TRAIL RD,98240.0,rural
530730007,530730007,48.748998,-122.449335,39.0,Washington,Whatcom,Bellingham,RESIDENTIAL,URBAN AND CENTER CITY,Washington State Department Of Ecology,1992-05-02,,BELLINGHAM SCH DIST/305 IOWA ST,,urban-centre
530730011,530730011,48.750109,-122.484059,17.0,Washington,Whatcom,Bellingham,INDUSTRIAL,URBAN AND CENTER CITY,Washington State Department Of Ecology,1983-01-01,,CHESTNUT ST/CENTRAL & CHESTNUT ST,,urban-centre
530730012,530730012,48.770664,-122.522949,31.0,Washington,Whatcom,Bellingham,COMMERCIAL,SUBURBAN,Washington State Department Of Ecology,1981-01-01,,"782 MARINE DRIVE, BELLINGHAM",,urban-periphery
530730016,530730016,48.762887,-122.477113,0.0,Washington,Whatcom,Bellingham,COMMERCIAL,URBAN AND CENTER CITY,Northwest Air Pollution Authority,1987-12-01,,FEDERAL BLDG/104 W MAGNOLIA,,urban-centre
530730019,Bellingham-Pacific St,48.760036,-122.456463,24.0,Washington,Whatcom,Bellingham,COMMERCIAL,SUBURBAN,Northwest Air Pollution Authority,2018-01-01,,2221 Pacific Street,98229.0,urban-periphery
530730022,North Cascades,48.73142,-121.065815,569.0,Washington,Whatcom,Not in a City,FOREST,RURAL,National Park Service,1997-07-30,,North Cascades,72.0,rural
530750003, PULLMAN - DEXTER AVE 4,46.72447,-117.18014,771.0,Washington,Whitman,Pullman,RESIDENTIAL,SUBURBAN,Washington State Department Of Ecology,2000-01-19,,240 SE DEXTER (Pullman Administration Building),99163.0,urban-periphery
530750004,"COLFAX PUBLIC SAFETY BLDG. 310 N MAIN ST, COLFAX, WA",46.878221,-117.365183,0.0,Washington,Whitman,Colfax,RESIDENTIAL,SUBURBAN,Washington State Department Of Ecology,2000-01-07,,COLFAX PUBLIC SAFETY BLDG. 310 N MAIN ST,,urban-periphery
530750005,LACAROSSE - HILL ST,46.8153,-117.8739,468.0,Washington,Whitman,La Crosse (corporate and RR name for Lacrosse),AGRICULTURAL,RURAL,Washington State Department Of Ecology,2002-07-19,,"111 HILL STREET, LACROSSE, WA",99143.0,rural
530750006,ROSALIA - JOSEPHINE ST,47.23136,-117.36856,682.0,Washington,Whitman,Rosalia,RESIDENTIAL,URBAN AND CENTER CITY,Washington State Department Of Ecology,2002-06-19,,906 SOUTH JOSEPHINE AVENUE (Rosalia Elementary School),99170.0,urban-centre
530770005,Sunnyside-S16th St (Harrison Middle School),46.31932,-119.999677,155.0,Washington,Yakima,Sunnyside,RESIDENTIAL,SUBURBAN,Yakima County Clean Air Authority,1998-08-21,,810 16thSt (Harrison Middle School),,urban-periphery
530770009,YAKIMA - 4TH AVE,46.594952,-120.512283,326.0,Washington,Yakima,Yakima,COMMERCIAL,URBAN AND CENTER CITY,Washington State Department Of Ecology,2000-04-21,,402 SOUTH 4TH AVE,98902.0,urban-centre
530770012,530770012,46.585127,-120.528677,350.0,Washington,Yakima,Yakima,RESIDENTIAL,SUBURBAN,Yakima County Clean Air Authority,1989-12-14,,YVCC-SUNDQUIST/KNOB HILL & 16TH,,urban-periphery
530770015,TOPPENISH - WARD RD (YAKAMA TRIBE),46.38024,-120.33266,216.0,Washington,Yakima,Toppenish,RESIDENTIAL,URBAN AND CENTER CITY,"Confederated Tribes & Bands of Yakama Nations, WA",2006-01-31,,"141 WARD RD., TOPPENISH, WA",98948.0,urban-centre
540030003,MARTINSBURG BALL FIELD,39.448105,-77.963845,0.0,West Virginia,Berkeley,Martinsburg,COMMERCIAL,SUBURBAN,West Virginia Division of Air Quality,1999-02-10,,MARTINSBURG - BALL FIELD,,urban-periphery
540090005,540090005,40.341023,-80.596635,223.0,West Virginia,Brooke,Follansbee,INDUSTRIAL,SUBURBAN,West Virginia Northern Panhandle Regional Office,1983-01-01,,FOLLANSBEE - MAHAN LANE,26037.0,urban-periphery
540090011,540090011,40.394651,-80.611813,336.0,West Virginia,Brooke,Weirton,RESIDENTIAL,SUBURBAN,West Virginia Northern Panhandle Regional Office,1992-01-01,,WEIRTON - MARLAND HEIGHTS ELEMENTARY,,urban-periphery
540095501,Follansbee Middle School - Jefferson Primary School*,40.335643,-80.595323,0.0,West Virginia,Brooke,Follansbee,COMMERCIAL,URBAN AND CENTER CITY,US EPA/OAQPS,2009-08-10,,1400 Main St / 1098 Jefferson St.,26037.0,urban-centre
540110007,540110007,38.410242,-82.432436,169.4688,West Virginia,Cabell,Huntington,COMMERCIAL,SUBURBAN,West Virginia Division of Air Quality,2019-01-01,,1313 4TH STREET HUNTINGTON,25701.0,urban-periphery
540115502,Cabell County Career Technology Center,38.403168,-82.372863,0.0,West Virginia,Cabell,Not in a City,COMMERCIAL,URBAN AND CENTER CITY,US EPA/OAQPS,2009-06-24,,1035 Norway Ave,25705.0,urban-centre
540219991,Cedar Creek,38.8795,-80.8477,234.0,West Virginia,Gilmer,Not in a City,FOREST,RURAL,USEPA - Clean Air and Power Division,1987-11-07,,"Cedar Creek State Park, Cedarville, WV 26611",26611.0,rural
540250003,SAM BLACK CHURCH - DOH GARAGE - GREENBRIER COUNTY,37.908533,-80.632633,749.1984,West Virginia,Greenbrier,Not in a City,AGRICULTURAL,RURAL,West Virginia Division of Air Quality,1999-03-31,,SAM BLACK CHURCH - DOH GARAGE,24931.0,rural
540290008,540290008,40.61572,-80.56,213.0,West Virginia,Hancock,Chester,RESIDENTIAL,SUBURBAN,West Virginia Northern Panhandle Regional Office,1991-05-15,,"CHESTER - ALLISON ELEMENTARY SCHOOL, 647 RAILROAD STREET",26034.0,urban-periphery
540290009,540290009,40.427372,-80.592318,353.0,West Virginia,Hancock,Weirton,RESIDENTIAL,SUBURBAN,West Virginia Northern Panhandle Regional Office,1992-01-01,,WEIRTON - SUMMIT CIRCLE,26062.0,urban-periphery
540290010,540290010,40.420948,-80.610491,202.0,West Virginia,Hancock,Weirton,INDUSTRIAL,RURAL,West Virginia Northern Panhandle Regional Office,1992-01-01,,WEIRTON - BROWN'S ISLAND,,rural
540330003,WASHINGTON IRVING JUNIOR HIGH SCHOOL,39.278117,-80.34225,336.1944,West Virginia,Harrison,Clarksburg,RESIDENTIAL,URBAN AND CENTER CITY,West Virginia Division of Air Quality,1997-11-19,,CLARKSBURG - WASHINGTON IRVING MIDDLE SCHOOL - 443 LEE AVENUE,26301.0,urban-centre
540390010,CHARLESTON BAPTIST TEMPLE/SITE MOVED FROM OAQ AND FIRE STATION,38.3456,-81.628317,194.1576,West Virginia,Kanawha,Charleston,COMMERCIAL,URBAN AND CENTER CITY,West Virginia Division of Air Quality,1999-04-01,,CHARLESTON - 209 MORRIS STREET,25301.0,urban-centre
540390011,540390011,38.448833,-81.684717,369.1128,West Virginia,Kanawha,Not in a City,RESIDENTIAL,RURAL,West Virginia Division of Air Quality,2003-11-01,,GUTHRIE - AGRICULTURAL CENTER,25312.0,rural
540390020,Dixie St.,38.346258,-81.621161,223.11,West Virginia,Kanawha,Charleston,COMMERCIAL,URBAN AND CENTER CITY,West Virginia Division of Air Quality,2015-01-22,,CHARLESTON - 1436 DIXIE STREET,25311.0,urban-centre
540391005,540391005,38.366183,-81.693717,198.7296,West Virginia,Kanawha,South Charleston,INDUSTRIAL,SUBURBAN,West Virginia Division of Air Quality,1974-01-01,,SOUTH CHARLESTON - PUBLIC LIBRARY 312 4TH AVE,25303.0,urban-periphery
540490006,MARION HEALTH CARE HOSPITAL,39.481483,-80.134667,305.7144,West Virginia,Marion,Fairmont,COMMERCIAL,URBAN AND CENTER CITY,West Virginia Division of Air Quality,2000-01-01,,JOHN MANCHIN SR. HEALTH CARE CTR - WV DEPT OF HEALTH - 401 GUFFEY STREET,26554.0,urban-centre
540511002,540511002,39.915961,-80.733858,209.0,West Virginia,Marshall,Moundsville,RESIDENTIAL,SUBURBAN,West Virginia Northern Panhandle Regional Office,1983-01-01,,"MOUNDSVILLE - NG ARMORY, 1501 NINTH STREET",26041.0,urban-periphery
540530001,AEP Gavin_kyger Lakin site,38.95649,-82.08866,182.0,West Virginia,Mason,Not in a City,AGRICULTURAL,RURAL,"Shell Engineering & Assoc., MO",2017-01-01,,"HWY 62, LAKIN, WVA",25287.0,rural
540578883,Verso Bean,39.4452,-79.0691,499.0,West Virginia,Mineral,Keyser,FOREST,RURAL,Maryland Department of the Environment,2017-01-01,,Old WV 46,26726.0,rural
540610003,540610003,39.649444,-79.920278,378.8664,West Virginia,Monongalia,Morgantown,COMMERCIAL,SUBURBAN,West Virginia Division of Air Quality,1983-01-01,,MORGANTOWN - AIRPORT US 119&AIRPORT BLVD.,26505.0,urban-periphery
540617014,Airport temperature data for EPA PM25 alignment,39.64982,-79.92066,380.0,West Virginia,Monongalia,Morgantown,COMMERCIAL,SUBURBAN,Pennsylvania Department Of Environmental Protection,2017-01-01,,"100 Hart Field Road Morgantown, WV",26505.0,urban-periphery
540690010,540690010,40.114876,-80.700972,0.0,West Virginia,Ohio,Wheeling,COMMERCIAL,URBAN AND CENTER CITY,West Virginia Northern Panhandle Regional Office,2005-01-01,,WHEELING - WARWOOD WATER PLANT,26003.0,urban-centre
540810002,MAXWELL HILL ELEMENTART - BECKLEY,37.807767,-81.197433,756.21,West Virginia,Raleigh,Beckley,RESIDENTIAL,URBAN AND CENTER CITY,West Virginia Division of Air Quality,1998-01-05,,BECKLEY - MAXWELL HILL ELEMENTARY,25801.0,urban-centre
540939000,Dolly Sods Wilderness,39.105336,-79.425851,1182.0,West Virginia,Tucker,Not in a City,FOREST,RURAL,National Park Service,1991-09-25,,Dolly Sods Wilderness,26260.0,rural
540939991,Parsons,39.0905,-79.6617,510.0,West Virginia,Tucker,Not in a City,FOREST,RURAL,USEPA - Clean Air and Power Division,1988-01-04,,"USDA Northern Research Station, Monongahela National Forest, Parsons, WV 26287",26287.0,rural
540990003,540990003,38.39036,-82.585714,256.0,West Virginia,Wayne,Not in a city,RESIDENTIAL,RURAL,Ashland Oil,1981-09-01,,SPRING BROOK DRIVE,,rural
540990004,540990004,38.38036,-82.58377,268.0,West Virginia,Wayne,Not in a city,RESIDENTIAL,RURAL,Ashland Oil,1981-09-01,,ROUTE 52 (ONE MILE SOUTH OF I-64),,rural
540990005,540990005,38.372304,-82.58877,191.0,West Virginia,Wayne,Not in a city,RESIDENTIAL,RURAL,Ashland Oil,1981-09-01,,BIG SANDY ROAD,,rural
541071002,Neale Elementary School,39.323533,-81.552367,196.596,West Virginia,Wood,Vienna,INDUSTRIAL,SUBURBAN,West Virginia Division of Air Quality,1975-01-01,,VIENNA - NEALE ELEM SCHOOL,26105.0,urban-periphery
550030010,BAD RIVER TRIBAL SCHOOL - ODANAH,46.60234,-90.65615,192.0,Wisconsin,Ashland,Not in a City,RESIDENTIAL,SUBURBAN,"Bad River Band of Lake Superior Tribe of Chippewa Indians of Bad River, WI",2002-07-25,,BAD RIVER TRIBAL SCHOOL - ODANAH,54806.0,urban-periphery
550090005,GREEN BAY EAST HIGH,44.50729,-87.99344,184.0,Wisconsin,Brown,Green Bay,RESIDENTIAL,URBAN AND CENTER CITY,"Wisconsin Dept Of Natural Resources, Air Monitoring Section",1971-01-01,,"EAST HIGH, 1415 E. WALNUT",54301.0,urban-centre
550090026,GREEN BAY - UW,44.53098,-87.90799,212.0,Wisconsin,Brown,Green Bay,RESIDENTIAL,RURAL,"Wisconsin Dept Of Natural Resources, Air Monitoring Section",1994-04-07,,"UW Green Bay, E Circle Drive",54311.0,rural
550191001,Wisconsin Proppants - Alma Center Plant - Monitor 2,44.512145,-90.918449,343.2,Wisconsin,Clark,Not in a City,INDUSTRIAL,RURAL,"Wisconsin Proppants, LLC",2017-10-17,,W11296 County Line Road,54746.0,rural
550210015,COLUMBUS,43.31551,-89.10889,306.0,Wisconsin,Columbia,Not in a City,AGRICULTURAL,RURAL,"Wisconsin Dept Of Natural Resources, Air Monitoring Section",1988-08-10,,"1045 WENDT RD, COLUMBUS",53925.0,rural
550210018,"DIDION MILLING, INC BULK Load Out",43.538639,-89.1015,281.0,Wisconsin,Columbia,Cambria,INDUSTRIAL,RURAL,"Wisconsin Dept Of Natural Resources, Air Monitoring Section",2007-01-06,,"Didion Milling, 501 S WILLIAMS ST, CAMBRIA",53923.0,rural
550210019,Didion Milling,43.541333,-89.103139,280.4,Wisconsin,Columbia,Cambria,INDUSTRIAL,RURAL,"Didion Milling, Inc., WI",2008-07-01,,"Cambria School Parking, 410 East Edgewater St, Cambria",53923.0,rural
550250041,MADISON EAST,43.10101,-89.35768,260.0,Wisconsin,Dane,Madison,COMMERCIAL,URBAN AND CENTER CITY,"Wisconsin Dept Of Natural Resources, Air Monitoring Section",1992-04-15,, 2302 HOARD ST,53704.0,urban-centre
550250047,MADISON - UNIVERSITY AVE WELL #6,43.0733,-89.4358,256.0,Wisconsin,Dane,Madison,RESIDENTIAL,URBAN AND CENTER CITY,"Wisconsin Dept Of Natural Resources, Air Monitoring Section",1999-01-03,,2757 UNIVERSITY AVE,53705.0,urban-centre
550270001,HORICON WILDLIFE AREA,43.46611,-88.62111,286.5,Wisconsin,Dodge,Kekoskee,AGRICULTURAL,RURAL,"Wisconsin Dept Of Natural Resources, Air Monitoring Section",1982-06-24,,"Horicon Wildlife Area, 1210 N Palmatory St",53032.0,rural
550279901,550279901,43.483325,-88.533431,286.59,Wisconsin,Dodge,Not in a city,AGRICULTURAL,URBAN AND CENTER CITY,Illinois State Water Survey,2005-05-10,,Unavailable,,urban-centre
550290004,NEWPORT PARK,45.2384,-86.994,195.0,Wisconsin,Door,Not in a City,FOREST,RURAL,"Wisconsin Dept Of Natural Resources, Air Monitoring Section",1989-04-15,,475 Newport Park Rd,54210.0,rural
550299001,Sturgeon Bay - Thresheree,44.91293,-87.2996,228.0,Wisconsin,Door,Not in a City,AGRICULTURAL,RURAL,"Wisconsin Dept Of Natural Resources, Air Monitoring Section",2018-03-07,,5005 County View Rd.,54235.0,rural
550310011,550310011,46.72883,-92.11908,189.0,Wisconsin,Douglas,Superior,INDUSTRIAL,URBAN AND CENTER CITY,Midwest Energy Resources Company,1976-01-01,,"MIDWEST ENERGY (ORBA), 2700 WINTER ST",,urban-centre
550310014,550310014,46.73133,-92.120747,191.0,Wisconsin,Douglas,Superior,COMMERCIAL,URBAN AND CENTER CITY,Midwest Energy Resources Company,1977-01-01,,"MIDWEST ENERGY (ORBA), 404 TOWER AVE",,urban-centre
550310023,550310023,46.676051,-92.037968,0.0,Wisconsin,Douglas,Superior,INDUSTRIAL,URBAN AND CENTER CITY,Burlington Northern Railroad Company,1983-01-01,,"BURLINGTON NORTHERN CO, GRAND & 42ND AVE",,urban-centre
550310027,550310027,46.729662,-92.115191,192.0,Wisconsin,Douglas,Superior,INDUSTRIAL,URBAN AND CENTER CITY,Midwest Energy Resources Company,1990-02-04,,"MIDWEST ENERGY, 2400 WINTER ST",,urban-centre
550310030,550310030,46.736329,-92.082968,185.0,Wisconsin,Douglas,Superior,INDUSTRIAL,URBAN AND CENTER CITY,Peavey Company,1990-10-16,,"PEAVEY GLOBE ELEVATOR, 400 MAIN ST",,urban-centre
550310035,ON PLATFORM ADJACENT TO TOWER BAY SLIP WHERE FREIGHTERS ARE LOADED,46.739444,-92.102778,186.0,Wisconsin,Douglas,Superior,INDUSTRIAL,URBAN AND CENTER CITY,"Cenex Harvest States - Superior, WI",1996-11-05,,"BARKO HYDRAULICS, 1 BANKS AVE",,urban-centre
550310036,550310036,46.73744,-92.099634,187.0,Wisconsin,Douglas,Superior,INDUSTRIAL,URBAN AND CENTER CITY,"Cenex Harvest States - Superior, WI",1997-04-02,,1505 1ST STREET NORTH,,urban-centre
550310037,HALLET DOCK INDUSTRIAL SITE,46.733157,-92.123541,185.0,Wisconsin,Douglas,Superior,INDUSTRIAL,SUBURBAN,TS Monitoring,2003-08-25,,0.37 MI N OF WEST OF WINTER ST BETWEEN MARYLAND AND SUSQUEHANNA AVE,,urban-periphery
550310038,Midwest Energy - Blatnik Bridge Site,46.74495,-92.101133,186.5,Wisconsin,Douglas,Superior,INDUSTRIAL,URBAN AND CENTER CITY,TS Monitoring,2004-02-03,,"Midwest Energy, Connors Point west of Hwy 53/I-535 Bridge",54880.0,urban-centre
550311038,550311038,46.7476,-92.0996,194.0,Wisconsin,Douglas,Superior,INDUSTRIAL,URBAN AND CENTER CITY,TS Monitoring,2009-07-30,,100 m from NW end of Main St.,54880.0,urban-centre
550350014,EAU CLAIRE - DOT SIGN SHOP,44.76249,-91.41445,282.0,Wisconsin,Eau Claire,Eau Claire,INDUSTRIAL,SUBURBAN,"Wisconsin Dept Of Natural Resources, Air Monitoring Section",2011-03-09,,"5509 Highway 53 South, Eau Claire",54722.0,urban-periphery
550390006,FOND DU LAC,43.6874,-88.42205,323.0,Wisconsin,Fond du Lac,Not in a City,AGRICULTURAL,RURAL,"Wisconsin Dept Of Natural Resources, Air Monitoring Section",1994-04-22,," N3996 KELLY RD, TWN BYRON",54935.0,rural
550410007,POTAWATOMI,45.56498,-88.80859,559.0,Wisconsin,Forest,Not in a City,FOREST,RURAL,"Forest County Potawatomi Community, WI",2002-06-07,,"FIRE TOWER RD, POTAWATOMI SITE",54520.0,rural
550430009,POTOSI,42.69302,-90.69813,303.0,Wisconsin,Grant,Potosi,AGRICULTURAL,RURAL,"Wisconsin Dept Of Natural Resources, Air Monitoring Section",1999-01-06,,"128 HWY 61 N, POTOSI TOWNSHIP",53820.0,rural
550450100,550450100,42.590556,-89.780556,245.0,Wisconsin,Green,Not in a City,INDUSTRIAL,RURAL,"Wisconsin Dept Of Natural Resources, Air Monitoring Section",2005-09-20,,"Citation Foundary, Hwy 11 & County Road M",53522.0,rural
550531002,Hixton - Smart Sand,44.3637,-91.03617,292.6,Wisconsin,Jackson,Hixton,INDUSTRIAL,RURAL,"Smart Sand, LLC",2015-10-15,,W14621 Green Acres Rd.,54635.0,rural
550531003,Wisconsin Proppants - Hixton,44.377935,-91.07025,292.6,Wisconsin,Jackson,Not in a City,INDUSTRIAL,RURAL,"Wisconsin Proppants, LLC",2015-11-12,,N8499 S. Adams Rd.,54635.0,rural
550532002,550532002,44.334686,-90.792025,242.0,Wisconsin,Jackson,Black River Falls,RESIDENTIAL,RURAL,Ho-Chunk Nation of Wisconsin,2020-01-01,,N7289 Five Horned Ave,54615.0,rural
550550009,JEFFERSON - LAATSCH,43.0034,-88.8283,259.0,Wisconsin,Jefferson,Not in a City,AGRICULTURAL,SUBURBAN,"Wisconsin Dept Of Natural Resources, Air Monitoring Section",2013-04-08,,N4440 Laatsch Lane,53549.0,urban-periphery
550590019,CHIWAUKEE PRAIRIE STATELINE,42.50472,-87.8093,187.0,Wisconsin,Kenosha,Pleasant Prairie,RESIDENTIAL,RURAL,"Wisconsin Dept Of Natural Resources, Air Monitoring Section",1988-04-15,,"CHIWAUKEE PRAIRIE, 11838 FIRST COURT",53158.0,rural
550590025,KENOSHA - WATER TOWER,42.5956,-87.88576,228.0,Wisconsin,Kenosha,Kenosha,RESIDENTIAL,SUBURBAN,"Wisconsin Dept Of Natural Resources, Air Monitoring Section",2013-05-13,,4504 64th Ave.,53144.0,urban-periphery
550610002,KEWAUNEE,44.44312,-87.50525,207.0,Wisconsin,Kewaunee,Kewaunee,AGRICULTURAL,RURAL,"Wisconsin Dept Of Natural Resources, Air Monitoring Section",1994-04-06,,1630 Milwaukee St,54216.0,rural
550630011,FRENCH ISLAND,43.839317,-91.260333,196.0,Wisconsin,La Crosse,La Crosse,INDUSTRIAL,URBAN AND CENTER CITY,"Wisconsin Dept Of Natural Resources, Air Monitoring Section",2002-12-01,,"146 SCHULTZ DR, FRENCH ISLAND",,urban-centre
550630012,LACROSSE - DOT BUILDING,43.7775,-91.2269,667.0,Wisconsin,La Crosse,La Crosse,RESIDENTIAL,SUBURBAN,"Wisconsin Dept Of Natural Resources, Air Monitoring Section",2005-10-13,,3550 MORMON COULEE RD,54601.0,urban-periphery
550631001,LaCrosse County Landfill Site #1,43.8853,-91.1636,235.0,Wisconsin,La Crosse,La Crosse,COMMERCIAL,SUBURBAN,"Wisconsin Dept Of Natural Resources, Air Monitoring Section",2006-04-01,,"LaCrosse Co Landfill Site #1, 6500 State Rd 16",54650.0,urban-periphery
550631002,LaCrosse County Landfill Site #2,43.8761,-91.1561,235.0,Wisconsin,La Crosse,Onalaska,COMMERCIAL,SUBURBAN,"Wisconsin Dept Of Natural Resources, Air Monitoring Section",2006-04-01,,"LaCrosse Co Landfill Site #2, 4113 North Kinney Coulee Rd",54650.0,urban-periphery
550710007,MANITOWOC - WDLND DUNES,44.13862,-87.61612,182.0,Wisconsin,Manitowoc,Manitowoc,AGRICULTURAL,RURAL,"Wisconsin Dept Of Natural Resources, Air Monitoring Section",1994-04-05,,2193 E Goodwin Rd,54220.0,rural
550710011,MANITOWOC METALS,44.0876,-87.6589,200.0,Wisconsin,Manitowoc,Manitowoc,COMMERCIAL,URBAN AND CENTER CITY,"Wisconsin Dept Of Natural Resources, Air Monitoring Section",2001-08-19,,1025 SOUTH 9TH STREET,,urban-centre
550730012,LAKE DUBAY,44.70735,-89.77192,381.0,Wisconsin,Marathon,Not in a City,AGRICULTURAL,RURAL,"Wisconsin Dept Of Natural Resources, Air Monitoring Section",1991-09-25,,"LAKE DUBAY, 1804 Bergen Rd",54455.0,rural
550790010,MILWAUKEE - SIXTEENTH ST. HEALTH CENTER,43.01724,-87.93369,200.0,Wisconsin,Milwaukee,Milwaukee,COMMERCIAL,URBAN AND CENTER CITY,"Wisconsin Dept Of Natural Resources, Air Monitoring Section",1997-04-04,,"HEALTH CENTER, 1337 SO 16TH ST",53204.0,urban-centre
550790011,ON STAND IN DUMBROWSKI RESIDENCE FRONT YARD,42.915,-87.979167,223.0,Wisconsin,Milwaukee,Franklin,RESIDENTIAL,SUBURBAN,"Wisconsin Dept Of Natural Resources, Air Monitoring Section",1997-06-15,,"7166 S. 51ST ST, DUMBROWSKI HOME",,urban-periphery
550790016,550790016,42.90111,-87.97611,221.0,Wisconsin,Milwaukee,Franklin,RESIDENTIAL,SUBURBAN,"Wisconsin Dept Of Natural Resources, Air Monitoring Section",1997-10-27,,"FRANKLIN FIRE DEPT, 4755 W DREXEL AVE",,urban-periphery
550790037,EAST SIDE OF METRO RECYCLING FACILITY,42.84946,-88.055364,245.0,Wisconsin,Milwaukee,Franklin,AGRICULTURAL,RURAL,"Waste Management Of Wisconsin, Inc",1998-09-11,,"METRO RECYCLING AND DISPOSAL, 76TH ST",,rural
550790038,SOUTHEAST COURNER OF METRO RECYCLING AND DISPOSAL FACILITY,42.843073,-88.054253,244.0,Wisconsin,Milwaukee,Franklin,AGRICULTURAL,RURAL,"Waste Management Of Wisconsin, Inc",1998-11-03,,"METRO RECYCLING, CTY LINE DR AND 76TH ST",,rural
550790049,550790049,43.13251,-87.932307,208.0,Wisconsin,Milwaukee,Glendale,RESIDENTIAL,SUBURBAN,"Wisconsin Dept Of Natural Resources, Air Monitoring Section",2002-12-09,,5910 NORTH MILWAUKEE RIVER RD,,urban-periphery
550790052,MILWAUKEE HAVENWOODS,43.128894,-87.970862,209.0,Wisconsin,Milwaukee,Milwaukee,FOREST,SUBURBAN,"Wisconsin Dept Of Natural Resources, Air Monitoring Section",2006-10-20,,6141 NO. HOPKINS,53218.0,urban-periphery
550790053,550790053,43.00722,-87.9937,210.0,Wisconsin,Milwaukee,West Allis,INDUSTRIAL,URBAN AND CENTER CITY,"Wisconsin Dept Of Natural Resources, Air Monitoring Section",2006-09-01,,WEST ALLIS DEPT OF PUBLIC WORKS 6300 W MCGEOCH AVE,53219.0,urban-centre
550790056,MILWAUKEE - COLLEGE AVE. NR,42.93257,-87.93434,227.69,Wisconsin,Milwaukee,Milwaukee,MOBILE,URBAN AND CENTER CITY,"Wisconsin Dept Of Natural Resources, Air Monitoring Section",2013-10-22,,1550 W. College Ave.,53221.0,urban-centre
550790068,MILWAUKEE - UWM UPARK,43.09456,-87.90144,184.0,Wisconsin,Milwaukee,Milwaukee,MOBILE,URBAN AND CENTER CITY,"Wisconsin Dept Of Natural Resources, Air Monitoring Section",2021-03-16,,4372 North Humboldt Blvd,53212.0,urban-centre
550790085,BAYSIDE,43.1818,-87.901,213.0,Wisconsin,Milwaukee,Bayside,RESIDENTIAL,SUBURBAN,"Wisconsin Dept Of Natural Resources, Air Monitoring Section",1984-05-01,,601 E. ELLSWORTH LANE,53217.0,urban-periphery
550811001,550811001,43.958586,-90.392827,290.0,Wisconsin,Monroe,Not in a City,INDUSTRIAL,RURAL,"Smart Sand, LLC",2012-06-01,,County Road CA,54660.0,rural
550812001,550812001,44.020855,-90.40164,283.464,Wisconsin,Monroe,Tomah,RESIDENTIAL,RURAL,Ho-Chunk Nation of Wisconsin,2020-01-01,,10750,54660.0,rural
550850996,RHINELANDER TOWER,45.6451,-89.41848,500.0,Wisconsin,Oneida,Rhinelander,INDUSTRIAL,URBAN AND CENTER CITY,"Wisconsin Dept Of Natural Resources, Air Monitoring Section",1981-04-13,,"RHINELANDER WATER TOWER, Morrill St",54501.0,urban-centre
550870009,APPLETON - AAL,44.30738,-88.39509,240.0,Wisconsin,Outagamie,Appleton,RESIDENTIAL,SUBURBAN,"Wisconsin Dept Of Natural Resources, Air Monitoring Section",1995-04-14,,4579 N. Meade Street,54913.0,urban-periphery
550870015,Kaukauna,44.2893,-88.25219,676.0,Wisconsin,Outagamie,Kaukauna,INDUSTRIAL,SUBURBAN,"Wisconsin Dept Of Natural Resources, Air Monitoring Section",2017-01-01,,601 Plank Rd.,54130.0,urban-periphery
550890008,GRAFTON,43.34317,-87.92087,229.0,Wisconsin,Ozaukee,Not in a City,AGRICULTURAL,RURAL,"Wisconsin Dept Of Natural Resources, Air Monitoring Section",1991-06-05,,1866 N Port Washington Rd,53024.0,rural
550890009,HARRINGTON BEACH PARK,43.4983,-87.8102,211.0,Wisconsin,Ozaukee,Not in a City,AGRICULTURAL,RURAL,"Wisconsin Dept Of Natural Resources, Air Monitoring Section",1994-06-08,,485 County Hwy D,53004.0,rural
551010020,RACINE - PAYNE AND DOLAN,42.77711,-87.79689,196.0,Wisconsin,Racine,Not in a City,AGRICULTURAL,SUBURBAN,"Wisconsin Dept Of Natural Resources, Air Monitoring Section",2015-04-14,,4500 Charles St.,53402.0,urban-periphery
551050030,BELOIT - CONVERSE,42.51831,-89.06347,243.0,Wisconsin,Rock,Beloit,RESIDENTIAL,URBAN AND CENTER CITY,"Wisconsin Dept Of Natural Resources, Air Monitoring Section",2013-07-19,,1501 Ritsher St.,53511.0,urban-centre
551110007,DEVILS LAKE PARK,43.4351,-89.67979,392.0,Wisconsin,Sauk,Not in a City,FOREST,RURAL,"Wisconsin Dept Of Natural Resources, Air Monitoring Section",1995-05-11,,"DEVILS LAKE STATE PARK, E12886 TOWER RD",53913.0,rural
551170006,SHEBOYGAN - KOHLER ANDRAE,43.66737,-87.71631,182.0,Wisconsin,Sheboygan,Not in a City,FOREST,RURAL,"Wisconsin Dept Of Natural Resources, Air Monitoring Section",1997-06-26,,"KOHLER ANDRE PARK, 1520 Beach Park Rd.",53081.0,rural
551170009,SHEBOYGAN - HAVEN,43.815596,-87.792235,226.0,Wisconsin,Sheboygan,Sheboygan,AGRICULTURAL,RURAL,"Wisconsin Dept Of Natural Resources, Air Monitoring Section",2014-04-02,,N7563 Hwy 42,53083.0,rural
551171004,Kohler Co,43.7478,-87.7772,200.0,Wisconsin,Sheboygan,Kohler,INDUSTRIAL,SUBURBAN,"Wisconsin Dept Of Natural Resources, Air Monitoring Section",2004-10-04,,444 Highland Drive Kohler,53044.0,urban-periphery
551198001,PERKINSTOWN,45.2066,-90.5972,522.0,Wisconsin,Taylor,Not in a City,AGRICULTURAL,RURAL,"Wisconsin Dept Of Natural Resources, Air Monitoring Section",1988-01-01,,W10746 Cty Rd. M,54451.0,rural
551199991,Perkinstown,45.2066,-90.5969,472.0,Wisconsin,Taylor,Not in a City,FOREST,RURAL,USEPA - Clean Air and Power Division,1988-09-17,,"W 10746 County Highway M, Medford, WI 54451",54451.0,rural
551211004,Hi-Crush Blair LLC ? Monitor A,44.298417,-91.172022,273.01,Wisconsin,Trempealeau,Not in a City,INDUSTRIAL,RURAL,Hi-Crush Blair LLC,2016-03-01,,11203 S. River Road,54616.0,rural
551250001,TROUT LAKE,46.0519,-89.654,503.0,Wisconsin,Vilas,Not in a City,FOREST,RURAL,"Wisconsin Dept Of Natural Resources, Air Monitoring Section",1973-01-01,,"TROUT LAKE NURSERY, 10810 COUNTY HWY M",54512.0,rural
551270006,Elkhorn,42.66218,-88.48703,318.0,Wisconsin,Walworth,Elkhorn,AGRICULTURAL,RURAL,"Wisconsin Dept Of Natural Resources, Air Monitoring Section",2018-11-15,,3692 County Road NN,53121.0,rural
551330027,WAUKESHA - CLEVELAND AVE,43.020075,-88.21507,261.0,Wisconsin,Waukesha,Waukesha,RESIDENTIAL,URBAN AND CENTER CITY,"Wisconsin Dept Of Natural Resources, Air Monitoring Section",1989-02-03,,1310 CLEVELAND AVE,53186.0,urban-centre
551330039,MetalTek International - Wisconsin Centrifugal Division,43.018772,-88.224646,250.0,Wisconsin,Waukesha,Waukesha,RESIDENTIAL,URBAN AND CENTER CITY,"Metal Tek Inc., WI",2004-05-03,,905 EAST ST PAUL AVE,53188.0,urban-centre
551410024,ERCO Worldwide East Parking Lot,44.33877,-89.885,295.0,Wisconsin,Wood,Not in a City,INDUSTRIAL,RURAL,"Wisconsin Dept Of Natural Resources, Air Monitoring Section",2008-11-11,,101 Highway 73 South,54469.0,rural
560010008,Pete Lien Downwind PM10,41.4945,-105.561944,2220.0,Wyoming,Albany,Not in a City,INDUSTRIAL,RURAL,"Pete Lien & Sons, Inc.",2015-10-01,,4 mi NNE of U.S. Highway 30,82051.0,rural
560010009,Pete Lien Upwind PM10 Monitoring Station,41.454278,-105.597028,2192.0,Wyoming,Albany,Not in a City,INDUSTRIAL,RURAL,"Pete Lien & Sons, Inc.",2015-10-01,,1.3 miles east of U.S. Highway 30,82051.0,rural
560010012,Laramie SLAMS,41.308825,-105.54913,2195.0,Wyoming,Albany,Laramie,COMMERCIAL,SUBURBAN,"Wyoming Air Quality Division, Dept Of Environmental Quality",2021-08-04,,305 Wister Drive,,urban-periphery
560010800,MT. CEMENT CO. EAST SITE...EAST OF PLANT.,41.26917,-105.59444,0.0,Wyoming,Albany,Not in a City,INDUSTRIAL,SUBURBAN,Mountain Cement,1990-06-01,,"EAST SITE, MOUNTAIN CEMENT CO. LARAMIE, WY",82070.0,urban-periphery
560010801,NORTH SITE...NORTH OF MT. CEMENT PLANT,41.27444,-105.60167,0.0,Wyoming,Albany,Not in a City,INDUSTRIAL,SUBURBAN,Mountain Cement,1990-06-01,,"NORTH SITE, MOUNTAIN CEMENT CO. LARAMIE, WY",82070.0,urban-periphery
560010802,WEST MET SITE,41.269167,-105.614722,7220.0,Wyoming,Albany,Not in a City,INDUSTRIAL,RURAL,Mountain Cement,2007-01-01,,"WEST MET SITE, Mountain Cement, Laramie",82070.0,rural
560018001,560018001,41.309972,-106.152511,2590.0,Wyoming,Albany,Not in a city,FOREST,RURAL,US EPA National Exposure Research Lab,1989-04-01,,"USFS CENTENNIAL WORK CENTER, SR130",,rural
560019000,560019000,41.366166,-106.242427,3196.0,Wyoming,Albany,Not in a City,FOREST,RURAL,National Park Service,1993-07-31,,Brooklyn Lake,82055.0,rural
560019991,Centennial,41.3642,-106.2399,3178.0,Wyoming,Albany,Not in a City,FOREST,RURAL,USEPA - Clean Air and Power Division,1989-05-09,,"Roosevelt National Forest, Centennial, WY 82055",82055.0,rural
560030002,Basin,44.28,-108.041111,1241.0,Wyoming,Big Horn,Not in a City,FOREST,RURAL,Wyoming Bureau of Land Management,2010-02-25,,Basin (WARMS station),82432.0,rural
560050003,560050003,44.941111,-105.837778,1277.0,Wyoming,Campbell,Not in a City,FOREST,RURAL,Wyoming Bureau of Land Management,2005-03-31,,"South Coal, WARMS station",82725.0,rural
560050012,Fortification Creek (WARMS site),44.3395,-105.9198,1409.0,Wyoming,Campbell,Not in a City,FOREST,RURAL,Wyoming Bureau of Land Management,2013-04-25,,Fortification Creek (WARMS station),82716.0,rural
560050014,Black Thunder Site 6,43.65,-105.21,1521.0,Wyoming,Campbell,Wright,INDUSTRIAL,RURAL,"Arch Coal Company, WY",2016-01-29,,Highway 450,82732.0,rural
560050015,Black Thunder Site 15,43.79,-105.37,1500.0,Wyoming,Campbell,Wright,INDUSTRIAL,RURAL,"Arch Coal Company, WY",2016-02-04,,Two Track Dirt Road,82732.0,rural
560050016,Dry Fork Mine Meteorological Station,44.36423,-105.42602,1337.0,Wyoming,Campbell,Gillette,INDUSTRIAL,RURAL,Dry Fork Coal Company,2018-10-30,,Garner Lake Road,82716.0,rural
560050017,Buckskin West,44.4708,-105.5791,1315.0,Wyoming,Campbell,Gillette,AGRICULTURAL,RURAL,Buckskin Mining Company,2020-05-13,,Collins Road,82716.0,rural
560050018,NARM RO-1,43.541607,-105.192683,1489.0,Wyoming,Campbell,Wright,INDUSTRIAL,RURAL,Peabody Powder River Mining,2023-12-04,,,82701.0,rural
560050019,560050019,43.751577,-105.493081,1560.0,Wyoming,Campbell,Wright,RESIDENTIAL,SUBURBAN,"Wyoming Air Quality Division, Dept Of Environmental Quality",2025-09-19,,"330 Wright Blvd, Wright, WY 82732",82732.0,urban-periphery
560050084,School Creek SC-1,43.638927,-105.36983,1491.9,Wyoming,Campbell,Not in a City,INDUSTRIAL,RURAL,Peabody Powder River Mining,2011-04-01,,"SC-1. 39,000 distance from mining activity, 6670"" from LNCM",82718.0,rural
560050086,School Creek SC-3,43.571828,-105.153997,1523.0,Wyoming,Campbell,Not in a City,INDUSTRIAL,RURAL,Peabody Powder River Mining,2011-04-01,,SC-3 Southeast of mine,82718.0,rural
560050087,School Creek SC-2,43.61752,-105.19231,1459.0,Wyoming,Campbell,Not in a City,INDUSTRIAL,RURAL,Peabody Powder River Mining,2011-04-01,,SC-2 East of School Creek Mine,82718.0,rural
560050088,560050088,43.498442,-105.182494,1356.6,Wyoming,Campbell,Not in a City,INDUSTRIAL,RURAL,"Inter-Mountain Laboratory Sheridan, WY",2009-01-13,,NA-8 North Antelope Rochelle (Near Irwin Ranch Road),82718.0,rural
560050123,Thunder Basin,44.6522,-105.2903,1196.0,Wyoming,Campbell,Not in a City,DESERT,RURAL,"Wyoming Air Quality Division, Dept Of Environmental Quality",2001-05-01,,THUNDER BASIN GRASSLAND SITE 35 MI N-NE GILLETTE WY,82731.0,rural
560050303,Coal Creek Site 3,43.902963,-105.251293,1476.7,Wyoming,Campbell,Not in a City,INDUSTRIAL,RURAL,Thunder Basin Coal Company,2012-09-04,,SW SE S3 T45N R70W,82718.0,rural
560050802,1 Site (Met Station and Hi-Vols BA1 and BA1-B),44.135494,-105.424636,0.0,Wyoming,Campbell,Not in a City,INDUSTRIAL,RURAL,"Eagle Specialty Materials, Belle Ayr Mine",1985-01-01,,BELLE AYR BA-1,82718.0,rural
560050808,Eagle Butte EB-3,44.394238,-105.530904,1354.0,Wyoming,Campbell,Not in a City,INDUSTRIAL,RURAL,"Eagle Specialty Materials, Eagle Butte Mine",1985-01-01,,EAGLE BUTTE EB-3,82716.0,rural
560050826,Rawhide Hilltop Site,44.402188,-105.452188,1354.0,Wyoming,Campbell,Not in a City,INDUSTRIAL,RURAL,"Peabody Cabellero Mining, LLC",1978-11-01,,RAWHIDE HILLTOP SITE,82716.0,rural
560050841,Coal Creek Site 7,43.987173,-105.309285,0.0,Wyoming,Campbell,Not in a City,INDUSTRIAL,RURAL,Thunder Basin Coal Company,1979-09-01,,COAL CREEK CCM 7-1,82718.0,rural
560050857,Black Hills Power Site 4,44.277172,-105.375628,1414.0,Wyoming,Campbell,Not in a City,INDUSTRIAL,RURAL,Wyodak Resources,1981-06-01,,WYODAK SITE 4,82718.0,rural
560050869,NARM RO-1,43.530593,-105.222277,1478.0,Wyoming,Campbell,Not in a City,INDUSTRIAL,RURAL,Peabody Powder River Mining,1985-08-01,,ROCHELLE R0-1,82718.0,rural
560050875,Black Thunder Mine Site 3,43.702176,-105.199227,0.0,Wyoming,Campbell,Not in a City,INDUSTRIAL,RURAL,Thunder Basin Coal Company,1985-12-01,,JACOBS RANCH SITE 3,82718.0,rural
560050885,Cordero Rojo Site E-10,44.03413,-105.321772,0.0,Wyoming,Campbell,Not in a City,INDUSTRIAL,RURAL,"Navajo Transitional Energy Company, Cordero Rojo Mine",1990-03-01,,Cordero CRC-E10A,82718.0,rural
560050886,Caballo Mine CB-8,44.112949,-105.310915,1418.0,Wyoming,Campbell,Not in a City,INDUSTRIAL,RURAL,"Peabody Cabellero Mining, LLC",1990-04-23,,CABALLO C-8A/B,82727.0,rural
560050891,Black Thunder BTM 36-2,43.6483,-105.2133,0.0,Wyoming,Campbell,Not in a City,INDUSTRIAL,RURAL,Thunder Basin Coal Company,1991-06-18,,BTM-36-2 (BLACK THUNDER MINE),82718.0,rural
560050892,Belle Ayr BA-4,44.097074,-105.343164,1366.0,Wyoming,Campbell,Not in a City,INDUSTRIAL,RURAL,"Eagle Specialty Materials, Belle Ayr Mine",1991-07-09,,"BELLE AYR BA-4,5N,5S",82718.0,rural
560050893,Belle Ayr BA-3,44.070153,-105.469895,1425.0,Wyoming,Campbell,Not in a City,INDUSTRIAL,RURAL,"Eagle Specialty Materials, Belle Ayr Mine",1991-07-09,,BELLE AYR BA-3,82718.0,rural
560050895,Rawhide North Site,44.42515,-105.473081,0.0,Wyoming,Campbell,Not in a City,INDUSTRIAL,RURAL,"Peabody Cabellero Mining, LLC",1992-01-01,,RAWHIDE NORTH SITE,82716.0,rural
560050897,Dry Fork Site DF-4,44.3155,-105.4386,1394.0,Wyoming,Campbell,Not in a City,INDUSTRIAL,RURAL,Dry Fork Coal Company,2012-06-29,,Dry Fork Mine Site 4,82716.0,rural
560050898,Belle Ayr Ranch House Monitor,44.141083,-105.460618,1400.0,Wyoming,Campbell,Not in a City,INDUSTRIAL,RURAL,"Eagle Specialty Materials, Belle Ayr Mine",2013-10-01,,Belle Ayr Ranch House 805' E HWY 59,82718.0,rural
560050900,AMAX EAGLE BUTTE SITE EB-5 SOUTHEAST OF MINING ACTIVITY,44.394263,-105.530127,1369.0,Wyoming,Campbell,Not in a City,INDUSTRIAL,RURAL,"Eagle Specialty Materials, Eagle Butte Mine",1993-09-16,,AMAX EAGLE BUTTE MINE EB-5 OLD RURAL,82716.0,rural
560050907,Black Thunder Site 12,43.624764,-105.214644,0.0,Wyoming,Campbell,Not in a City,INDUSTRIAL,RURAL,Thunder Basin Coal Company,1997-06-01,,Black Thunder Mine Site 12 Met Teom,82718.0,rural
560050908,Caballo Mine Site CB-9,44.152375,-105.323752,0.0,Wyoming,Campbell,Not in a City,INDUSTRIAL,RURAL,"Peabody Cabellero Mining, LLC",1997-07-15,,CABALLO C-9,82718.0,rural
560051002,Gillette SLAMS site,44.288005,-105.517022,1382.0,Wyoming,Campbell,Gillette,COMMERCIAL,URBAN AND CENTER CITY,"Wyoming Air Quality Division, Dept Of Environmental Quality",1978-01-01,,Gillette - 1000 West 8th,82716.0,urban-centre
560051003,Cordero Rojo Site W-11,44.018505,-105.405232,1471.208,Wyoming,Campbell,Not in a City,INDUSTRIAL,RURAL,"Navajo Transitional Energy Company, Cordero Rojo Mine",2011-06-10,, Cordero Rojo CRM-W11 Hilight Road,82718.0,rural
560051009,Cordero Rojo Site S-11,43.957055,-105.348153,1436.0,Wyoming,Campbell,Not in a City,INDUSTRIAL,RURAL,"Navajo Transitional Energy Company, Cordero Rojo Mine",2011-06-10,, Cordero Rojo CRM-S11,82718.0,rural
560051111,NARM Meteorological Station,43.535435,-105.256646,4751.0,Wyoming,Campbell,Not in a City,INDUSTRIAL,RURAL,Powder River Coal Company,2008-01-01,,NARM Met Station,82718.0,rural
560051112,Coal Creek Mine Meteorological Station,43.956074,-105.286191,4706.0,Wyoming,Campbell,Not in a City,INDUSTRIAL,RURAL,Thunder Basin Coal Company,2008-01-01,,Coal Creek Mine Met Station,82718.0,rural
560051115,Black Thunder Admin Met Station,43.701242,-105.292881,4680.0,Wyoming,Campbell,Not in a City,INDUSTRIAL,RURAL,Thunder Basin Coal Company,2008-01-01,,Black Thunder Met Station,82718.0,rural
560051879,Dry Fork Site DF-2,44.378106,-105.421286,1354.0,Wyoming,Campbell,Not in a City,INDUSTRIAL,RURAL,Dry Fork Coal Company,2008-04-01,,Dry Fork Site DF-2,82716.0,rural
560051895,Rawhide Meteorological Site,44.409156,-105.46553,1327.0,Wyoming,Campbell,Not in a City,INDUSTRIAL,RURAL,Powder River Coal Company,2006-03-31,,Rawhide Mine Hill Met Site,82716.0,rural
560051899,Buckskin Mine North Site & PRB-PM2.5 Network,44.502675,-105.539763,4315.0,Wyoming,Campbell,Not in a City,INDUSTRIAL,RURAL,Buckskin Mining Company,2008-09-03,,Buckskin Mine North Site,82716.0,rural
560051906,RELOCATED AMAX EAGLE BUTTE MINE SITE - 2. 1.5 MI WEST OLD LOCATION.,44.355613,-105.565892,1351.422,Wyoming,Campbell,Not in a City,INDUSTRIAL,RURAL,"Eagle Specialty Materials, Eagle Butte Mine",2010-05-08,,EAGLE BUTTE EB-31,82716.0,rural
560052900,Eagle Butte EB-5,44.33763,-105.494,1360.0,Wyoming,Campbell,Not in a City,INDUSTRIAL,RURAL,"Eagle Specialty Materials, Eagle Butte Mine",2008-05-12,,Amax Eagle Butte Mine Eb-5 Rural,82716.0,rural
560052901,Eagle Butte-Rawhide School Monitor,44.3904,-105.5453,1315.62,Wyoming,Campbell,Not in a City,COMMERCIAL,SUBURBAN,"Eagle Specialty Materials, Eagle Butte Mine",2013-01-01,,"EB-RSCH, 200 Prospector Parkway, Gillette",82716.0,urban-periphery
560052908,Caballo Mine Meteorological Station,44.126316,-105.334521,1408.0,Wyoming,Campbell,Not in a City,INDUSTRIAL,RURAL,"Inter-Mountain Laboratory Sheridan, WY",2008-01-01,,Caballo Mine Met.,82718.0,rural
560052909,Cordero Rojo Met. Station,44.050786,-105.343559,50.0,Wyoming,Campbell,Not in a City,INDUSTRIAL,RURAL,"Navajo Transitional Energy Company, Cordero Rojo Mine",2013-01-14,,CRM Met II,82718.0,rural
560055555,Wyodak Site 5,44.34375,-105.403333,1375.0,Wyoming,Campbell,Not in a City,INDUSTRIAL,RURAL,Wyodak Resources,2012-08-23,,"WYDK-M  3,044 meters NE of intersection of Wyodak Mine Access Rd & Garner Lake Rd",82716.0,rural
560056666,Wyodak Site 6,44.295496,-105.368761,1374.0,Wyoming,Campbell,Not in a City,INDUSTRIAL,RURAL,Wyodak Resources,2012-08-23,,"1,008 meters North of I-90 & 361 West of American Ranch Rd",82716.0,rural
560070006,560070006,41.874962,-106.56725,2066.0,Wyoming,Carbon,Not in a city,INDUSTRIAL,RURAL,"Wyoming Air Quality Division, Dept Of Environmental Quality",1983-01-01,, HANNA WYO,,rural
560070008,Town of Sinclair SO2 Monitor,41.78237,-107.12083,2016.0,Wyoming,Carbon,Sinclair,RESIDENTIAL,RURAL,"Sinclair Refinery, Sinclair",2015-12-10,,CCR 351,82334.0,rural
560070009,Sinclair North East (Ambient),41.79358,-107.08422,1996.0,Wyoming,Carbon,Sinclair,INDUSTRIAL,RURAL,"Sinclair Refinery, Sinclair",2015-12-18,,"Golf Course Road, Sinclair, WY",82334.0,rural
560070851,Sinclair Refinery Meteorological Station,41.784944,-107.114472,6624.0,Wyoming,Carbon,Not in a City,INDUSTRIAL,RURAL,"Sinclair Refinery, Sinclair",2011-04-01,,Sinclair Meteorological Monitoring Station,82334.0,rural
560090009,Antelope Site 7,43.42542,-105.388566,1492.0,Wyoming,Converse,Not in a City,INDUSTRIAL,RURAL,"Inter-Mountain Laboratory Sheridan, WY",2015-01-01,,Antelope Site 7,82633.0,rural
560090010,Converse County Long-Term,43.101281,-105.498931,1650.0,Wyoming,Converse,Not in a City,INDUSTRIAL,RURAL,"Wyoming Air Quality Division, Dept Of Environmental Quality",2015-04-10,,"Converse County Long-Term 16 Miles West of Wyoming Highway 59 on Highland Loop Road, North side of road",82633.0,rural
560090850,Antelope Site 5,43.46096,-105.331263,0.0,Wyoming,Converse,Not in a City,INDUSTRIAL,RURAL,"Navajo Transitional Energy Company, Antelope Mine.",1992-11-06,,ANTELOPE SITE 5,82633.0,rural
560090851,ANTELOPE COAL COMPANY SITE #6 COLLOCATED TSP SITE.,43.474688,-105.310319,0.0,Wyoming,Converse,Not in a City,INDUSTRIAL,RURAL,"Navajo Transitional Energy Company, Antelope Mine.",1994-01-07,,ANTELOPE SITE 6,82633.0,rural
560092819,Antelope Mine Meteorological Station,43.46917,-105.34944,4680.0,Wyoming,Converse,Not in a City,INDUSTRIAL,RURAL,"Navajo Transitional Energy Company, Antelope Mine.",2008-01-01,,Antelope Mine Met Station,82633.0,rural
560130003,Lost Cabin SO2 Monitor,43.27106,-107.60017,1674.0,Wyoming,Fremont,Not in a City,INDUSTRIAL,RURAL,Contango,2017-01-01,,"55 Lost Cabin Road, Lysite, WY",82642.0,rural
560130005,560130005,43.274208,-107.691767,1610.0,Wyoming,Fremont,Not in a City,RESIDENTIAL,RURAL,"Wyoming Air Quality Division, Dept Of Environmental Quality",2025-01-17,,"2580 Badwater Rd., Lysite, WY, 82642",82642.0,rural
560130006,560130006,43.02421,-108.3637,917.0,Wyoming,Fremont,Riverton,RESIDENTIAL,SUBURBAN,"Wyoming Air Quality Division, Dept Of Environmental Quality",2025-04-09,,"Shortite Dr, Riverton, WY 82501",82501.0,urban-periphery
560130099,South Pass,42.529999,-108.720003,2526.0,Wyoming,Fremont,Not in a City,FOREST,RURAL,"Wyoming Air Quality Division, Dept Of Environmental Quality",2007-03-12,,South Pass WyDot,82520.0,rural
560130232,Spring Creek,43.081667,-107.549444,1372.0,Wyoming,Fremont,Not in a City,INDUSTRIAL,RURAL,Aethon Energy,2009-02-05,,Spring Creek Encana,82649.0,rural
560130233,560130233,42.84564,-108.3125,1605.0,Wyoming,Fremont,Not in a City,INDUSTRIAL,RURAL,"Wyoming Air Quality Division, Dept Of Environmental Quality",2012-02-01,,Beaver Creek Met,82310.0,rural
560131003,Lander SLAM site,42.842168,-108.736281,1634.0,Wyoming,Fremont,Lander,RESIDENTIAL,SUBURBAN,"Wyoming Air Quality Division, Dept Of Environmental Quality",1987-01-01,,"600 WASHINGTON, Lander, WY",82520.0,urban-periphery
560136001,W1-SAND DRAW-01,42.994444,-108.370278,1251.0,Wyoming,Fremont,Riverton,DESERT,RURAL,Eastern Shoshone and Northern Arapaho Tribes of Wyoming,2002-11-15,,"90 GAS HILL ROAD, RIVERTON, WY",82501.0,rural
560190002,Buffalo,44.144167,-106.108889,1341.0,Wyoming,Johnson,Not in a City,FOREST,RURAL,Wyoming Bureau of Land Management,2000-01-01,,Buffalo (WARMS station),82834.0,rural
560190004,Johnson County,43.87483,-106.50974,1433.0,Wyoming,Johnson,Kaycee,AGRICULTURAL,RURAL,"Wyoming Air Quality Division, Dept Of Environmental Quality",2018-05-18,,Johnson County - Intersection of Reno Road & Coal Mine Road,82639.0,rural
560199000,560199000,44.33344,-106.957181,2471.0,Wyoming,Johnson,Not in a City,FOREST,RURAL,National Park Service,2002-01-01,,Cloud Peak,82834.0,rural
560210100,Cheyenne NCore,41.182227,-104.778334,15.0,Wyoming,Laramie,Cheyenne,RESIDENTIAL,SUBURBAN,"Wyoming Air Quality Division, Dept Of Environmental Quality",2011-01-01,,NCore - North Cheyenne Soccer Complex,82009.0,urban-periphery
560230005,560230005,41.792581,-110.580761,2140.0,Wyoming,Lincoln,Not in a City,INDUSTRIAL,RURAL,Kemmerer Operations,2024-07-12,,SBV - Kemmerer,83101.0,rural
560230800,MONITORING SITE LOCATED NORTHEAST FROM MINE,41.6914,-110.6092,0.0,Wyoming,Lincoln,Not in a City,INDUSTRIAL,RURAL,Kemmerer Operations,1994-01-01,,"Chevron Kemmerer Mine Site 800 (Formerly FMC SKULL POINT MINE), KEMMERER, WY",83114.0,rural
560230814,SITE SBIII LOCATED 2 MILES NORTHWEST OF NAUGHTON POWER PLANT,41.7733,-110.6297,0.0,Wyoming,Lincoln,Not in a City,INDUSTRIAL,RURAL,Kemmerer Operations,1994-01-01,,"Chevron Kemmerer Mine SB-111 (Fomerly PITTSBURG & MIDWAY COAL), KEMMERER, WY",83114.0,rural
560230815,SITE IV IS LOCATED APPROX 2 2/3 MILES SOUTH OF NAUGHTON POWER PLANT,41.7183,-110.5997,0.0,Wyoming,Lincoln,Not in a City,INDUSTRIAL,RURAL,Kemmerer Operations,1993-01-01,,"Chevron Kemmerer Mine SB-IV (Fomerly PITTSBURG & MIDWAY COAL), KEMMERER, WY",83114.0,rural
560230820,NAUGHTON POWER PLANT PM10 SITE .25 MILE EAST OF POWER PLANT,41.7575,-110.57833,0.0,Wyoming,Lincoln,Kemmerer,INDUSTRIAL,RURAL,"Pacificorp, WY",1994-01-01,,"PACIFICORP NAUGHTON PLANT KEMMERER, WY",83114.0,rural
560250100,Casper Gaseous,42.82231,-106.36501,1591.0,Wyoming,Natrona,Casper,RESIDENTIAL,SUBURBAN,"Wyoming Air Quality Division, Dept Of Environmental Quality",2013-03-01,,"2800 Pheasant Drive, Casper",82604.0,urban-periphery
560252601,560252601,42.8608,-106.23586,1559.0,Wyoming,Natrona,Brookhurst,INDUSTRIAL,SUBURBAN,Sinclair Casper Refining Company,2011-07-01,,"Sinclair, Casper",82636.0,urban-periphery
560290001,Cody SLAMS site,44.524568,-109.06926,1532.0,Wyoming,Park,Cody,RESIDENTIAL,SUBURBAN,"Wyoming Air Quality Division, Dept Of Environmental Quality",1975-01-01,,CODY JR HI SCH-2901 Cougar Ave,82414.0,urban-periphery
560299002,North Absaroka,44.744723,-109.382366,2483.0,Wyoming,Park,Not in a City,FOREST,RURAL,National Park Service,2000-01-01,,North Absaroka,82414.0,rural
560310805,BASIN ELECTRIC SITE COLLOCATED TSP AND PM10,42.112266,-104.86819,0.0,Wyoming,Platte,Not in a City,INDUSTRIAL,RURAL,Basin Electric Power Cooperative,1981-06-01,,"LARAMIE RIVER POWER PLANT WHEATLAND, WY",82201.0,rural
560330002,Sheridan - Police Sta. SLAM Site,44.815142,-106.955933,1192.0,Wyoming,Sheridan,Sheridan,COMMERCIAL,URBAN AND CENTER CITY,"Wyoming Air Quality Division, Dept Of Environmental Quality",1983-10-05,,"Police Station, 45 WEST 12TH ST., SHERIDAN WY.",82801.0,urban-centre
560330004,560330004,44.933611,-106.847222,1135.0,Wyoming,Sheridan,Not in a City,FOREST,RURAL,Wyoming Bureau of Land Management,2000-03-21,,"Sheridan, WARMS station",82801.0,rural
560350002,560350002,42.928333,-109.788056,2396.0,Wyoming,Sublette,Not in a City,FOREST,RURAL,Wyoming Bureau of Land Management,2000-01-01,,"Pinedale, WARMS station",82941.0,rural
560350099,Boulder,42.719,-109.753,2159.0,Wyoming,Sublette,Not in a City,INDUSTRIAL,RURAL,"Wyoming Air Quality Division, Dept Of Environmental Quality",2005-01-26,,Boulder APPROX 3 MILES WEST OF BOULDER,82941.0,rural
560350100,Daniel South,42.7907,-110.0551,2375.0,Wyoming,Sublette,Not in a City,DESERT,RURAL,"Wyoming Air Quality Division, Dept Of Environmental Quality",2005-07-01,,DANIEL SOUTH ~ 4 MILES SO OF DANIEL WYO OFF OF HWY 189,83115.0,rural
560350101,Pinedale Gaseous,42.869824,-109.87076,2191.0,Wyoming,Sublette,Not in a City,RESIDENTIAL,SUBURBAN,"Wyoming Air Quality Division, Dept Of Environmental Quality",2009-01-01,,Pinedale Gaseous Monitor on west side of City Park and Pine Creek,82941.0,urban-periphery
560350700,Big Piney Site #3,42.486361,-110.098861,2076.0,Wyoming,Sublette,Not in a City,RESIDENTIAL,RURAL,"Wyoming Air Quality Division, Dept Of Environmental Quality",2011-03-30,,Big Piney Site #3,83113.0,rural
560351002,Juel Spring,42.373499,-109.560498,2145.0,Wyoming,Sublette,Not in a City,INDUSTRIAL,RURAL,"Wyoming Air Quality Division, Dept Of Environmental Quality",2009-12-11,,Juel Spring - 20 miles NW of Farson on the west side of US Highway 191,82923.0,rural
560357101,White PIne,42.967,-109.748,2900.0,Wyoming,Sublette,Not in a City,FOREST,RURAL,US Forest Service,2024-05-29,,"74 White Pine Rd, Pinedale WY 82941",82941.0,rural
560357102,Pinyon Ridge,43.392,-109.913,2930.0,Wyoming,Sublette,Not in a City,FOREST,RURAL,US Forest Service,2024-05-30,,"Green River Road, Pinedale, WY",82925.0,rural
560358001,560358001,42.928834,-109.787374,2388.0,Wyoming,Sublette,Not in a city,AGRICULTURAL,RURAL,US EPA National Exposure Research Lab,1988-11-01,,4 1/2M NE OF PINEDALE E OF FREEMONT LAKE,,rural
560359000,Bridger Wilderness,42.974831,-109.758655,2627.0,Wyoming,Sublette,Not in a City,FOREST,RURAL,National Park Service,1988-03-02,,Bridger Wilderness,82941.0,rural
560359001,Boulder Lake,42.846483,-109.639733,2296.0,Wyoming,Sublette,Not in a City,FOREST,RURAL,National Park Service,2009-08-26,,Boulder Lake,82941.0,rural
560359991,Pinedale,42.9288,-109.788,2388.0,Wyoming,Sublette,Not in a City,FOREST,RURAL,USEPA - Clean Air and Power Division,1988-10-21,,"Skyline Dr, Pinedale, WY 82941",82941.0,rural
560370007,Rock Springs SLAM site,41.592536,-109.220852,1908.0,Wyoming,Sweetwater,Rock Springs,RESIDENTIAL,URBAN AND CENTER CITY,"Wyoming Air Quality Division, Dept Of Environmental Quality",1983-01-01,,625 AHSAY AVE ROCK SPRINGS WYO,82901.0,urban-centre
560370010,FMC-GRANGER SITE #1,41.645774,-109.928801,1975.0,Wyoming,Sweetwater,Not in a City,DESERT,RURAL,Tronox,1974-01-01,,Genesis Alkali - GRANGER Upwind (SW of facility),82935.0,rural
560370012,Tata Site 3,41.584957,-109.769957,1930.0,Wyoming,Sweetwater,Not in a City,INDUSTRIAL,RURAL,Tata Chemicals,1974-01-01,,TATA Upwind (SW of facility),82935.0,rural
560370014,Tata Site 4,41.6043,-109.755297,1949.0,Wyoming,Sweetwater,Not in a City,INDUSTRIAL,RURAL,Tata Chemicals,1974-01-01,,TATA SITE 4 - Upwind (Not facility),82935.0,rural
560370017,Solvay PM10-DOWNWIND (East of Facility),41.501,-109.731,0.0,Wyoming,Sweetwater,Green River,DESERT,RURAL,Solvay,2014-08-15,,Solvay-DOWNWIND (East of Facility),82938.0,rural
560370018,Bridger Coal JB6,41.71777,-108.62256,2085.0,Wyoming,Sweetwater,Point of Rocks,INDUSTRIAL,RURAL,Bridger Coal Company,2016-08-31,,JB-6,82901.0,rural
560370022,TATA MET,41.58539,-109.76871,1926.0,Wyoming,Sweetwater,Green River,INDUSTRIAL,RURAL,Tata Chemicals,2017-07-01,,0.5 MILES SW OF THE TATA OFFICE,82935.0,rural
560370026,866-A,41.639087,-109.795,1908.0,Wyoming,Sweetwater,Green River,INDUSTRIAL,RURAL,"Genesis Alkali Wyoming, LP",2021-08-04,,Unknown,,rural
560370027,Pit 15,41.639944,-108.580391,2181.0,Wyoming,Sweetwater,Point of Rocks,INDUSTRIAL,RURAL,Black Butte Coal Company,2021-10-08,,No Known Street Address,,rural
560370028,TATA Site 5,41.593611,-109.71115,2373.0,Wyoming,Sweetwater,Little America,INDUSTRIAL,RURAL,Tata Chemicals,2022-01-07,,"RURAL AREA 20 miles west of Green River, WY",,rural
560370029,560370029,41.588856,-109.237842,1970.0,Wyoming,Sweetwater,Rock Springs,RESIDENTIAL,SUBURBAN,"Wyoming Air Quality Division, Dept Of Environmental Quality",2024-07-03,,"2500 College Drive, Rock Springs, WY 82901",82901.0,urban-periphery
560370200,Wamsutter,41.677667,-108.024835,2044.0,Wyoming,Sweetwater,Not in a City,DESERT,RURAL,"Wyoming Air Quality Division, Dept Of Environmental Quality",2006-03-07,,WAMSUTTER SOUTHEAST PORTION OF SWEETWATER COUNTY,82336.0,rural
560370300,Moxa Arch,41.750556,-109.788333,1966.0,Wyoming,Sweetwater,Not in a City,DESERT,RURAL,"Wyoming Air Quality Division, Dept Of Environmental Quality",2010-05-28,,Moxa,82935.0,rural
560370812,"OCI, LTD SITE #3",41.709662,-109.713239,0.0,Wyoming,Sweetwater,Not in a City,DESERT,RURAL,Sisecam Wyoming LLC,1976-01-01,,OCI - Upwind (West of facility),82935.0,rural
560370847,SOLVAY SITE #1,41.495456,-109.776551,0.0,Wyoming,Sweetwater,Not in a City,DESERT,RURAL,Solvay,1981-04-01,,SOLVAY Upwind (West of facility),82938.0,rural
560370849,Solvay Meteorological Station,41.504315,-109.766971,1900.0,Wyoming,Sweetwater,Not in a City,INDUSTRIAL,RURAL,Solvay,2013-01-01,,Solvay Met Tower,82938.0,rural
560370851,JIM BRIDGER 851 SITE,41.741013,-108.770861,0.0,Wyoming,Sweetwater,Not in a City,INDUSTRIAL,RURAL,"Pacificorp, WY",1990-09-14,,PACIFICORP BRIDGER #851,82901.0,rural
560370860,JIM BRIDGER COAL JB # 4,41.792583,-108.729601,0.0,Wyoming,Sweetwater,Not in a City,INDUSTRIAL,RURAL,Bridger Coal Company,1983-01-01,,BRIDGER COAL JB-4,82901.0,rural
560370862,TRONOX GRANGER SITE #7,41.679308,-109.886002,0.0,Wyoming,Sweetwater,Not in a City,DESERT,RURAL,Tronox,1984-10-01,,Genesis Alkali - Granger - Downwind (East of facility),82935.0,rural
560370867,JB SITE # 5,41.749544,-108.670746,0.0,Wyoming,Sweetwater,Not in a City,INDUSTRIAL,RURAL,Bridger Coal Company,1990-10-01,,BRIDGER COAL JB-5,82901.0,rural
560370868,STATION LOCATED NORTH EAST OF ACTIVITIES,41.62413,-108.614496,0.0,Wyoming,Sweetwater,Not in a City,INDUSTRIAL,RURAL,Black Butte Coal Company,1992-06-01,,BLACK BUTTE #868 Downwind PIT#10,82901.0,rural
560370898,OCI #4,41.735325,-109.640283,8.0,Wyoming,Sweetwater,Not in a City,DESERT,RURAL,Sisecam Wyoming LLC,2003-10-01,,OCI - Downwind (East of facility),82935.0,rural
560370901,JIM BRIDGER SITE 901,41.735735,-108.790862,0.0,Wyoming,Sweetwater,Not in a City,INDUSTRIAL,RURAL,"Pacificorp, WY",1990-10-01,,"PACIFICORP BRIDGER PWR PLT Site #901, ROCK Springs, WY",82901.0,rural
560371002,Westvaco #002,41.621073,-109.835484,1914.0,Wyoming,Sweetwater,Not in a City,DESERT,RURAL,Tronox,1974-01-01,,Genesis Alkali-Westvaco Upwind (West of facility),82935.0,rural
560371236,Black Butte Upwind,41.61487,-108.753826,2022.0,Wyoming,Sweetwater,Not in a City,INDUSTRIAL,RURAL,Black Butte Coal Company,2008-09-01,,Black Butte Upwind,82901.0,rural
560371414,Black Butte Mine Pit 14,41.521672,-108.662222,2022.0,Wyoming,Sweetwater,Not in a City,INDUSTRIAL,RURAL,Black Butte Coal Company,2009-05-06,,Black Butte Pit 14,82901.0,rural
560371868,Black Butte Mine I-80 Site,41.647036,-108.632466,2108.0,Wyoming,Sweetwater,Not in a City,INDUSTRIAL,RURAL,Black Butte Coal Company,2008-01-03,,Black Butte Mine I-80 Site,82901.0,rural
560371918,560371918,41.74644,-108.8038,2045.208,Wyoming,Sweetwater,Not in a City,INDUSTRIAL,RURAL,"Wyoming Air Quality Division, Dept Of Environmental Quality",2012-01-01,,Jim Bridger Power Plant SO2 Monitoring Site,82901.0,rural
560372004,Black Butte Office Met Station,41.575538,-108.695123,2001.0,Wyoming,Sweetwater,Not in a City,INDUSTRIAL,RURAL,Black Butte Coal Company,2007-01-01,,Black Butte Office Met Station,82901.0,rural
560372851,Jim Bridger Meteorological Station,41.754697,-108.800341,2047.0,Wyoming,Sweetwater,Not in a City,INDUSTRIAL,RURAL,"Pacificorp, WY",2008-01-01,,Jim Bridger Met Site,82901.0,rural
560372860,Bridger Coal JB-2 Meteorological Station,41.76306,-108.73444,6857.0,Wyoming,Sweetwater,Not in a City,INDUSTRIAL,RURAL,Bridger Coal Company,2007-01-01,,Bridger mine met station,82901.0,rural
560390007,560390007,44.1072,-110.66694,2098.0,Wyoming,Teton,Not in a city,FOREST,RURAL,National Park Service,2002-12-20,,"GRAND TETONS NATIONAL PARK, FLAGG RANCH",,rural
560390008,Grand Teton NP - Science School,43.670833,-110.599472,2105.0,Wyoming,Teton,Not in a City,FOREST,RURAL,National Park Service,2011-08-22,,Grand Teton NP - Science School,83011.0,rural
560391006,Jackson SLAM site,43.45776,-110.79799,1901.0,Wyoming,Teton,Jackson,COMMERCIAL,SUBURBAN,"Wyoming Air Quality Division, Dept Of Environmental Quality",2007-06-08,,Jackson SLAMS - High School Rd.,83001.0,urban-periphery
560391010,Yellowstone NP - Lake Village Ranger Station,44.55115,-110.395369,2361.0,Wyoming,Teton,Yellowstone National Park (Also ID + MT),FOREST,RURAL,National Park Service,1986-11-01,,YELLOWSTONE NP LAKE LODGE AREA,,rural
560391011,Yellowstone NP - Water Tank,44.56536,-110.40034,2430.0,Wyoming,Teton,Not in a City,FOREST,RURAL,National Park Service,1996-06-26,,YELLOWSTONE NATIONAL PARK,82190.0,rural
560391013,Yellowstone National Park - Old Faithful Snow Lodge,44.373056,-110.830833,2230.0,Wyoming,Teton,Not in a City,FOREST,RURAL,National Park Service,2012-10-18,,Yellowstone National Park - Old Faithful Snow Lodge,82190.0,rural
560399000,Yellowstone NP,44.565217,-110.400996,2425.0,Wyoming,Teton,Not in a City,FOREST,RURAL,National Park Service,1996-07-03,,Yellowstone NP 2,82190.0,rural
560410200,Haystack Downwind,41.407517,-110.678433,2136.0,Wyoming,Uinta,Not in a City,INDUSTRIAL,RURAL,Westmoreland Haystack Mining,2012-02-07,,Haystack Down-wind,82930.0,rural
560410201,Haystack Upwind,41.408699,-110.702153,2208.0,Wyoming,Uinta,Not in a City,INDUSTRIAL,RURAL,Westmoreland Haystack Mining,2012-01-18,,Haystack Mine Up-Wind TEOM and Met,82930.0,rural
560430002,Worland SLAMS,44.007919,-107.956965,1239.0,Wyoming,Washakie,Worland,AGRICULTURAL,SUBURBAN,"Wyoming Air Quality Division, Dept Of Environmental Quality",2024-02-01,,"800 Washakie Ave, Worland, WY 82401",82401.0,urban-periphery
560450003,560450003,43.873056,-104.191944,1437.0,Wyoming,Weston,Not in a City,FOREST,RURAL,Wyoming Bureau of Land Management,2000-10-10,,"Newcastle, WARMS station",82701.0,rural
560450800,Wyoming Refining,43.84539,-104.20512,1335.0,Wyoming,Weston,Newcastle,INDUSTRIAL,RURAL,"WY Refining Company, WY",2005-09-28,,"Wyoming Refining, RODEO St., Newcastle, WY",82701.0,rural
660101703,Mangilao Commissioner Office,13.439167,144.787222,113.0,Guam,Guam,Not in a City,RESIDENTIAL,SUBURBAN,Guam Environmental Protection Agency,1982-01-01,,205 Father Duenas Drive - Chalan Pago Ordot Village,96910.0,urban-periphery
720010002,Adjuntas,18.175378,-66.725988,530.7,Puerto Rico,Adjuntas,Adjuntas,FOREST,RURAL,Puerto Rico Environmental Quality Board,2005-01-01,,ROAD #123,601.0,rural
720130001,720130001,18.457039,-66.696693,80.0,Puerto Rico,Arecibo,Not in a City,AGRICULTURAL,RURAL,Puerto Rico Environmental Quality Board,2010-01-02,,Victor Santoni Cordero,,rural
720130002,720130002,18.453389,-66.694987,60.0,Puerto Rico,Arecibo,Not in a City,COMMERCIAL,SUBURBAN,Puerto Rico Environmental Quality Board,2012-08-19,,Road #2,,urban-periphery
720170002,720170002,18.43078,-66.591839,0.0,Puerto Rico,Barceloneta,Barceloneta,INDUSTRIAL,RURAL,Puerto Rico Environmental Quality Board,1991-03-05,,ROAD #2 BARCELONETA,,rural
720170003,RURAL ZONE; NEAR AGRICULTURAL AND INDUSTRIAL/PHARMACEUTICAL AREA,18.436764,-66.58002,0.0,Puerto Rico,Barceloneta,Tiburones,RESIDENTIAL,RURAL,Puerto Rico Environmental Quality Board,1994-08-26,,CENTRO COMUNAL BARRIO TIBURONES,617.0,rural
720210004,720210004,18.413702,-66.132239,15.0,Puerto Rico,Bayamon,Bayamon,INDUSTRIAL,SUBURBAN,Puerto Rico Environmental Quality Board,1987-08-04,,FORT BUCHANAN FM 33 GUAYNABO,936.0,urban-periphery
720210005,720210005,18.41148,-66.128624,24.0,Puerto Rico,Bayamon,Bayamon,INDUSTRIAL,SUBURBAN,Puerto Rico Environmental Quality Board,1987-08-07,,FORT BUCHANAN FM-34,936.0,urban-periphery
720210008,EQB #51-SITE NEAR BAYAMON DONWTOWN COMERCIAL AREA.,18.402171,-66.164889,0.0,Puerto Rico,Bayamon,Bayamon,RESIDENTIAL,URBAN AND CENTER CITY,Puerto Rico Environmental Quality Board,1997-02-13,,"JOSE DAVILA SEPRIT SCHOOL,SIERRA BAYAMON",,urban-centre
720210010,Bayamon,18.420089,-66.150615,70.0,Puerto Rico,Bayamon,Bayamon,INDUSTRIAL,SUBURBAN,Puerto Rico Environmental Quality Board,2011-03-16,,Ave. Central Correccional,,urban-periphery
720250007,720250007,18.198712,-66.052237,8.3,Puerto Rico,Caguas,Caguas,MOBILE,URBAN AND CENTER CITY,Puerto Rico Environmental Quality Board,2016-10-19,,Luis A. Ferre Highway,,urban-centre
720310001,720310001,18.401614,-65.966277,0.0,Puerto Rico,Carolina,Carolina,RESIDENTIAL,URBAN AND CENTER CITY,Puerto Rico Environmental Quality Board,1990-02-22,,FIRE STATION SANCHEZ OSORIO AVE.,,urban-centre
720330004,THE NW STREET AT THE 11 STREET,18.431208,-66.141683,0.0,Puerto Rico,Catano,Catano,RESIDENTIAL,SUBURBAN,Puerto Rico Environmental Quality Board,1993-12-07,,11 FINAL STREET LAS VEGAS CATANO,962.0,urban-periphery
720330006,"EQB #49(OZONE AND NO2) ZARZUELO STREET,MANSIONES DE CATANO",18.434113,-66.161278,0.0,Puerto Rico,Catano,Catano,RESIDENTIAL,URBAN AND CENTER CITY,Puerto Rico Environmental Quality Board,1997-04-17,,URB. MANSIONES CALLE ZARZUELA,,urban-centre
720330007,EQB #54 LA PUNTILLA CATANO,18.442724,-66.115722,0.0,Puerto Rico,Catano,Catano,RESIDENTIAL,URBAN AND CENTER CITY,Puerto Rico Environmental Quality Board,2000-11-22,,SAN FERNANDO ST. LA PUNTILLA CATANO,,urban-centre
720330008,720330008,18.440774,-66.126531,5.02,Puerto Rico,Catano,Catano,COMMERCIAL,URBAN AND CENTER CITY,Puerto Rico Environmental Quality Board,2004-06-30,,PR 165,962.0,urban-centre
720510002,720510002,18.463148,-66.266131,7.0,Puerto Rico,Dorado,Dorado,COMMERCIAL,URBAN AND CENTER CITY,Puerto Rico Environmental Quality Board,1987-03-09,,"GOVERNMENT HEALTH CENTER, MENDEZ VIGO ST",646.0,urban-centre
720530002,720530002,18.300788,-65.644328,10.0,Puerto Rico,Fajardo,Not in a city,RESIDENTIAL,SUBURBAN,Puerto Rico Environmental Quality Board,1984-12-08,,"ESQ.MARIA DONES,BARRIO LUIS CINTRON",,urban-periphery
720530003,Fajardo,18.383983,-65.618888,67.0,Puerto Rico,Fajardo,Not in a City,FOREST,RURAL,Puerto Rico Environmental Quality Board,1988-01-01,,"FAJARDO LIGHTHOUSE,FAJARDO",,rural
720540001,720540001,18.385782,-66.549339,180.0,Puerto Rico,Florida,Not in a city,AGRICULTURAL,RURAL,Puerto Rico Environmental Quality Board,1986-02-04,,"PAJONAL WARD, FLORIDA ADENTRO",,rural
720570008,Guayama,17.957894,-66.165016,5.0,Puerto Rico,Guayama,Not in a City,RESIDENTIAL,RURAL,Puerto Rico Environmental Quality Board,1979-08-23,,"BARRIO JOBOS,INTERSECTION HIGHWAYS 3&707",784.0,rural
720570011,720570011,17.967309,-66.186149,0.0,Puerto Rico,Guayama,Guayama,COMMERCIAL,RURAL,Puerto Rico Environmental Quality Board,2017-04-21,,Rd #3 Cuartel Vehiculos Hurtados,,rural
720570012,720570012,17.955378,-66.162122,0.0,Puerto Rico,Guayama,Guayama,COMMERCIAL,RURAL,Puerto Rico Environmental Quality Board,2019-10-03,,PR Rd. #3,784.0,rural
720610001,720610001,18.425652,-66.115846,8.0,Puerto Rico,Guaynabo,Guaynabo,INDUSTRIAL,SUBURBAN,Puerto Rico Environmental Quality Board,1965-01-01,,USGS AND WATER RESOURCES BUILDING,965.0,urban-periphery
720610004,720610004,18.435502,-66.113222,2.0,Puerto Rico,Guaynabo,Not in a city,INDUSTRIAL,SUBURBAN,Puerto Rico Environmental Quality Board,1987-04-03,,CALLE LA PALMA NEAR PUMPHOUSE,,urban-periphery
720610005,Guaynabo,18.440095,-66.11446,3.0,Puerto Rico,Guaynabo,Guaynabo,INDUSTRIAL,SUBURBAN,Puerto Rico Environmental Quality Board,1987-06-14,,ELECTRICAL SUBSTATION NEAR PUMPHOUSE,965.0,urban-periphery
720610006,720610006,18.422595,-66.120012,8.4,Puerto Rico,Guaynabo,Guaynabo,MOBILE,URBAN AND CENTER CITY,Puerto Rico Environmental Quality Board,2014-07-08,,De Diego Highway,,urban-centre
720610008,720610008,18.43328,-66.117667,2.0,Puerto Rico,Guaynabo,Guaynabo,INDUSTRIAL,SUBURBAN,Puerto Rico Environmental Quality Board,1991-11-06,,"DIEGO VEGA STREET,MATIENZO CINTRON CORNE",,urban-periphery
720690001,"ABOVE VICTOR RICON SCHOOL ROOF, BARRIO JUNQUITO, HUMACAO",18.15344,-65.828617,0.0,Puerto Rico,Humacao,Humacao,RESIDENTIAL,URBAN AND CENTER CITY,Puerto Rico Environmental Quality Board,1997-03-13,,CALLE GLADIOLA Y GIRASOL,791.0,urban-centre
720770001,720770001,18.177939,-65.915482,150.0,Puerto Rico,Juncos,Not in a City,RESIDENTIAL,URBAN AND CENTER CITY,Puerto Rico Environmental Quality Board,2007-10-03,,Rd. 183,777.0,urban-centre
720810001,EQB #60 ESCUELA LA AMERICA - LARES,18.260509,-66.854065,0.0,Puerto Rico,Lares,Lares,AGRICULTURAL,URBAN AND CENTER CITY,Puerto Rico Environmental Quality Board,1998-12-29,,ESCUELA LA AMERICA,,urban-centre
720890002,720890002,18.36995,-65.713774,5.0,Puerto Rico,Luquillo,Not in a city,RESIDENTIAL,RURAL,Puerto Rico Environmental Quality Board,1983-01-01,,"LUQUILLO HIGH SCHOOL,STATE ROAD PR-3",,rural
720910001,720910001,18.438835,-66.497394,0.0,Puerto Rico,Manati,Not in a city,RESIDENTIAL,SUBURBAN,Puerto Rico Environmental Quality Board,1990-02-22,,MUNICIPAL CEMETERY,,urban-periphery
720910002,AT THE TOP OF THE BUILDING IN URBAN AREA,18.430781,-66.486283,0.0,Puerto Rico,Manati,Manati,RESIDENTIAL,URBAN AND CENTER CITY,Puerto Rico Environmental Quality Board,1996-07-14,,PASEO DEL POETA STREET,,urban-centre
720970006,Mayaguez,18.200099,-67.14588,20.82,Puerto Rico,Mayagnez,Mayaguez,RESIDENTIAL,URBAN AND CENTER CITY,Puerto Rico Environmental Quality Board,2007-02-21,,Nenadich,680.0,urban-centre
720970007,Mayaguez,18.216038,-67.144107,20.82,Puerto Rico,Mayagnez,Mayaguez,FOREST,SUBURBAN,Puerto Rico Environmental Quality Board,2019-05-01,,PR-108,682.0,urban-periphery
721130003,721130003,18.011354,-66.606284,17.0,Puerto Rico,Ponce,Ponce,COMMERCIAL,URBAN AND CENTER CITY,Puerto Rico Environmental Quality Board,1982-01-01,,"OLD FIRE STATION,LAS DELICIAS PUBLIC SQ.",,urban-centre
721130004,RESIDENTIAL AREA,18.009558,-66.627249,0.0,Puerto Rico,Ponce,Ponce,RESIDENTIAL,URBAN AND CENTER CITY,Puerto Rico Environmental Quality Board,1998-12-22,,CIVIL DEFENSEBLDG. SAN ANTONIO URB. PONC,728.0,urban-centre
721190002,LOCATE AT THE TOP OF THE SCHOOL.,18.363152,-65.855006,0.0,Puerto Rico,Rio Grande,Rio Grande,RESIDENTIAL,RURAL,Puerto Rico Environmental Quality Board,1994-01-01,,"ROAD #959, RIO GRANDE",745.0,rural
721230001,721230001,17.963756,-66.254208,0.01,Puerto Rico,Salinas,Salinas,AGRICULTURAL,RURAL,Puerto Rico Environmental Quality Board,2004-01-01,,ROAD NO. 3,751.0,rural
721230004,721230004,17.968352,-66.261365,59.0,Puerto Rico,Salinas,Salinas,AGRICULTURAL,RURAL,Puerto Rico Environmental Quality Board,2023-01-01,,Rd # 3,751.0,rural
721270002,721270002,18.445223,-66.06711,15.0,Puerto Rico,San Juan,San Juan,COMMERCIAL,URBAN AND CENTER CITY,Puerto Rico Environmental Quality Board,1981-01-01,,"POA-22,AVENIDA PONCE DE LEON, SANTURCE",,urban-centre
721270003,San Juan,18.449814,-66.05251,1.0,Puerto Rico,San Juan,San Juan,COMMERCIAL,URBAN AND CENTER CITY,Puerto Rico Environmental Quality Board,1982-10-26,,BALDORIOTY DE CASTRO AV.,911.0,urban-centre
721270005,721270005,18.394671,-66.025721,12.0,Puerto Rico,San Juan,Not in a city,RESIDENTIAL,SUBURBAN,Puerto Rico Environmental Quality Board,1982-01-01,,65TH INFANTRY AVE. & CALLE VERONA,,urban-periphery
721270008,A.M.A. TERMINAL_BUS ; COMMERCIAL ZONE,18.399947,-66.045999,0.0,Puerto Rico,San Juan,San Juan,COMMERCIAL,URBAN AND CENTER CITY,Puerto Rico Environmental Quality Board,1995-02-01,,"WILLIAM JONES ST., RIO PIEDRAS",,urban-centre
721270009,CEMMERCIAL ZONE WITH HEAVY TRAFFIC FLOW.,18.416892,-66.08711,0.0,Puerto Rico,San Juan,San Juan,RESIDENTIAL,URBAN AND CENTER CITY,Puerto Rico Environmental Quality Board,1997-02-20,,"STREET #16 NE-5 PUERTO NUEVO, SAN JUAN",,urban-centre
721270010,COMMERCIAL AND TOURISTIC ZONE,18.46676,-66.112793,0.0,Puerto Rico,San Juan,San Juan,COMMERCIAL,URBAN AND CENTER CITY,Puerto Rico Environmental Quality Board,1996-11-29,,TERMIN.COVADONGA C.COMER. Y AVE.F.JUNCOS,901.0,urban-centre
721470001,EQB #64 PM10 ED. DEFENSA CIVIL ISABEL II VIEQUES,18.15024,-65.442103,0.0,Puerto Rico,Vieques,Vieques,COMMERCIAL,URBAN AND CENTER CITY,Puerto Rico Environmental Quality Board,2000-02-25,,ED. DEFENSA CIVIL ISABEL II,,urban-centre
721470002,EQB # 65 PM10 ESC. JUANITA RIVERA ALBERT VIEQUES,18.097742,-65.475992,0.0,Puerto Rico,Vieques,Vieques,RESIDENTIAL,RURAL,Puerto Rico Environmental Quality Board,2000-07-03,,ESC JUANITA RIVERA ALBERT LA ESPERANZA,,rural
721470003,721470003,18.153439,-65.435564,0.0,Puerto Rico,Vieques,Vieques,RESIDENTIAL,SUBURBAN,Puerto Rico Environmental Quality Board,2002-06-01,,PR-200 BO. SANTA MARIA,765.0,urban-periphery
721510005,IS LOCATED AT THE RIGHT SIDE AND IN THE FRONT OF SCHOOL ZONE,18.050798,-65.874606,0.0,Puerto Rico,Yabucoa,Palomas,RESIDENTIAL,URBAN AND CENTER CITY,Puerto Rico Environmental Quality Board,1994-10-19,,ESCUELA JOSE F. CINTRON,,urban-centre
780100012,780100012,17.712474,-64.784868,15.0,Virgin Islands,St Croix,Not in a City,INDUSTRIAL,RURAL,Virgin Islands Department Of Planning & Natural Resources,1979-01-01,,BETHLEHEM VILLAGE HOUSING MGMT OFFICE,,rural
780200001,Virgin Islands NP,18.334399,-64.795972,80.0,Virgin Islands,St John,Not in a City,FOREST,RURAL,National Park Service,1990-10-13,,"ST JOHN, VIRGIN ISLANDS",,rural
780209000,780209000,18.33695,-64.795624,51.0,Virgin Islands,St John,Not in a City,FOREST,RURAL,National Park Service,1990-10-13,,Virgin Islands NP,,rural
780300010,780300010,18.343811,-64.931389,3.0,Virgin Islands,St Thomas,Charlotte Amalie,COMMERCIAL,URBAN AND CENTER CITY,Virgin Islands Department Of Planning & Natural Resources,2007-10-01,,# 8 Tolbod Gade,,urban-centre
800020001,CROSS STREETS CAL DEL TECNOLOGICO & CHAPULTEPEC,32.525058,-116.985856,132.0,Country Of Mexico,BAJA CALIFORNIA NORTE,Tijuana,COMMERCIAL,URBAN AND CENTER CITY,Semarnap,1992-03-01,,"INSTITUTO TECNOLOGICO, ITT TIJUANA",,urban-centre
800020002,HILLS,32.525891,-117.038358,30.0,Country Of Mexico,BAJA CALIFORNIA NORTE,Tijuana,COMMERCIAL,URBAN AND CENTER CITY,Semarnap,1994-01-01,,"1641 CONSTITUCION, CENTER OF HEALTH #1",,urban-centre
800020003,ON STATE SCHOOL #44,32.498392,-116.977523,30.0,Country Of Mexico,BAJA CALIFORNIA NORTE,Tijuana,RESIDENTIAL,SUBURBAN,Semarnap,1994-01-01,,"13891 CAJEME, LA MESA",,urban-periphery
800020004,EAST END OF PEDRO MORENO SCHOOL IN ROSARITO,32.343396,-117.05558,10.0,Country Of Mexico,BAJA CALIFORNIA NORTE,Rosarito,RESIDENTIAL,SUBURBAN,Semarnap,1996-06-20,,"3 BLKS E BLVD BENITO JUAREZ, ROSARITO",,urban-periphery
800020005,TRAILER ON CAMPUS OF INDUSTRIAL TECH HIGH SCHOOL,32.500058,-117.117529,132.0,Country Of Mexico,BAJA CALIFORNIA NORTE,Tijuana,RESIDENTIAL,SUBURBAN,Semarnap,1996-01-01,,"AVENIDA PARQUE, TIJUANA - LAS PLAYAS",,urban-periphery
800020006,1/4 MILE SOUTH OF INT'L BORDER,32.666447,-115.454992,0.0,Country Of Mexico,BAJA CALIFORNIA NORTE,Mexicali,RESIDENTIAL,URBAN AND CENTER CITY,Semarnap,1996-06-01,,"MUSEO, AVENIDA REFORMA, MEXICALI, BCN",,urban-centre
800020007,"ZOTOLUCA Y TORRESILLA S/N EN MEXICALI, BCN",32.632281,-115.453881,0.0,Country Of Mexico,BAJA CALIFORNIA NORTE,Mexicali,RESIDENTIAL,SUBURBAN,Semarnap,1994-11-01,,"UABC ODONTOLGIA, MEXICALI, BCN",,urban-periphery
800020008,"AV. ALFONSO GARCIA GONZALEZ #555, Y EJERCITO NACIONAL, MEXICALI, BCN",32.615337,-115.436935,0.0,Country Of Mexico,BAJA CALIFORNIA NORTE,Mexicali,RESIDENTIAL,SUBURBAN,Semarnap,1996-06-01,,"PROFEPA,ALFONSO GARCIA GONZALEZ,MEXICALI",,urban-periphery
800020009,"AVENIDA COLUMBIA Y JESUS SANSON FLORES S/N, MEXICALI, BCN",32.680056,-115.430824,0.0,Country Of Mexico,BAJA CALIFORNIA NORTE,Mexicali,RESIDENTIAL,SUBURBAN,Semarnap,1996-06-01,,"BUEN PASTOR, MEXICALI, BCN",,urban-periphery
800020010,"AT THE INSTITUTO TECNOLOGICO DE MEXICALI, MEXICALI, BCN",32.615335,-115.388877,0.0,Country Of Mexico,BAJA CALIFORNIA NORTE,Mexicali,RESIDENTIAL,SUBURBAN,Semarnap,1996-06-01,,"ITM, INSTITUTO TECNOLOGICO DE MEXICALI",,urban-periphery
800020011,"CONALEP, EJIDO PUEBLA S/N, MEXICALI, BCN",32.57089,-115.351652,4.0,Country Of Mexico,BAJA CALIFORNIA NORTE,Mexicali,AGRICULTURAL,RURAL,Semarnap,1996-06-01,,"CONALEP, EJIDO PUEBLA, MEXICALI, BCN",,rural
800020012,"AT UABC, CORNER OF CALZADA BENITO JUAREZ & AVENIDA NORMAL, MEXICALI",32.629225,-115.447769,1.0,Country Of Mexico,BAJA CALIFORNIA NORTE,Mexicali,COMMERCIAL,URBAN AND CENTER CITY,Semarnap,1997-01-29,,"UABC, CALZADA BENITO JUAREZ, MEXICALI",,urban-centre
800020013,"AT CBTIS, CORNER OF CALZADA CUAUHTEMOC & CALLE RIO ELOITA, MEXICALI",32.659224,-115.426935,2.0,Country Of Mexico,BAJA CALIFORNIA NORTE,Mexicali,RESIDENTIAL,SUBURBAN,Semarnap,1997-02-15,,"CBTIS, CALZADA CUAUHTEMOC, MEXICALI",,urban-periphery
800020014,"COBACH, CALLE GUADALAJARA JUST SOUTH OF AVENIDA REVOLUCION, MEXICALI",32.633671,-115.504995,0.0,Country Of Mexico,BAJA CALIFORNIA NORTE,Mexicali,COMMERCIAL,URBAN AND CENTER CITY,Semarnap,1997-05-16,,"COBACH, COLEGIO DE BACHILLERES, MEXICALI",,urban-centre
800020015,"PROGRESSO, 1 BLOCK NORTH OF HGWY 2 IN COLONIAL PROGRESSO, MEXICALI",32.582562,-115.578887,0.0,Country Of Mexico,BAJA CALIFORNIA NORTE,Mexicali,RESIDENTIAL,SUBURBAN,Semarnap,1997-03-11,,"PROGRESSO, CENTRO DE SALUD, MEXICALI",,urban-periphery
800020016,"BLOCK S PASEO DEL LOS HEROES & GRAF AL RODRIGUEZ, TIJUANA, BCN",32.518947,-117.012801,0.0,Country Of Mexico,BAJA CALIFORNIA NORTE,Tijuana,COMMERCIAL,URBAN AND CENTER CITY,Semarnap,1997-09-19,,"COLEF, COLEGIO DE LA FRONTERA NORTE, TIJ",,urban-centre
800020017,"CORNER OF PASEO MORELOS S/N & CALLE RIO LERMA, TECATE, BC, MEXICO",32.575061,-116.619184,572.0,Country Of Mexico,BAJA CALIFORNIA NORTE,Tijuana,COMMERCIAL,URBAN AND CENTER CITY,Semarnap,1999-01-27,,"PASEO MORELOS S/N Y RIO LERMA, TECATE,BC",,urban-centre
800020018,"AT UABC, CORNER OF CALZADA BENITO JUAREZ & AVENIDA NORMAL, MEXICALI",32.570338,-115.449436,1.0,Country Of Mexico,BAJA CALIFORNIA NORTE,Mexicali,AGRICULTURAL,SUBURBAN,Tracer Technologies,2004-04-03,,"CARRETERA SAN FELIPE, KM 3.5, FRACC LAGUNA CAMPESTRE",,urban-periphery
800020019,"AT CESPM, COMISION ESTATAL DE SERVICIOS PUBLICOS DE MEXICALI",32.603611,-115.486102,1.0,Country Of Mexico,BAJA CALIFORNIA NORTE,Mexicali,RESIDENTIAL,SUBURBAN,Semarnap,2011-06-01,,"CESPM, COMISION ESTATAL DE SERVICIOS PUBLICOS DE MEXICALI",,urban-periphery
800020020,"AT ENSENADA, BLVD. ADOLFO RAMIREZ MENDEZ NO.98 Y AVE. MEXICO",31.859997,-116.944663,1.0,Country Of Mexico,BAJA CALIFORNIA NORTE,Not in a City,RESIDENTIAL,URBAN AND CENTER CITY,Semarnap,2011-08-01,,BLVD. ADOLFO RAMIREZ MENDEZ NO.98 Y AVE. MEXICO,,urban-centre
800020021,"AT LABORATORIO TIJUANA, BCN",32.528476,-116.921641,1.0,Country Of Mexico,BAJA CALIFORNIA NORTE,Tijuana,INDUSTRIAL,URBAN AND CENTER CITY,Semarnap,2013-01-01,,Calle Dos Oriente S/N Esq. Con calle Nueve Sur Ciudad Industrial Nueva Tijuana  cp 22454,,urban-centre
800020022,"AT THE UNIVERSIDAD POLITECNICA DE BAJA CALIFORNIA, MEXICALI, BCN",32.626049,-115.376558,0.0,Country Of Mexico,BAJA CALIFORNIA NORTE,Mexicali,RESIDENTIAL,URBAN AND CENTER CITY,Semarnap,2012-10-01,,"Calle de la Claridad S/N, Colonia Plutarco Elias Calles, en Mexicali, Baja California, C.P 21376, UPBC",,urban-centre
800020023,"Calzada Universidad #1 Col. San Fernando, Tecate B. C. cp 21460",32.568896,-116.62772,572.0,Country Of Mexico,BAJA CALIFORNIA NORTE,Tecate,RESIDENTIAL,URBAN AND CENTER CITY,Semarnap,2012-08-01,,"Calzada Universidad #1 Col. San Fernando, TECATE-UABC C.P. 21460",,urban-centre
800020024,800020024,32.65442,-115.407267,6.7,Country Of Mexico,BAJA CALIFORNIA NORTE,Mexicali,COMMERCIAL,URBAN AND CENTER CITY,Direccion General De Ecoligia Gobierno del Estado de Baja California,2017-05-01,,Calzada Cetys,,urban-centre
800060001,NE OF AVE. DE LA INDUSTRIA & TOMAS FERNANDEZ INTERSECTION,31.718611,-106.396111,0.0,Country Of Mexico,CHIHUAHUA STATE,Ciudad-Juarez,INDUSTRIAL,URBAN AND CENTER CITY,Semarnap,1990-06-04,,TECHNICAL INSTITUTE,,urban-centre
800060004,SE OF EL CID & PARQUE INDUSTRIAL INTERSECTION,31.689722,-106.4597,0.0,Country Of Mexico,CHIHUAHUA STATE,Ciudad-Juarez,INDUSTRIAL,URBAN AND CENTER CITY,City of El Paso Environmental Services Department,1990-06-04,,CALLE EL CID,,urban-centre
800060005,Benito Juarez Police Station,31.654,-106.3545,1119.8,Country Of Mexico,CHIHUAHUA STATE,Ciudad-Juarez,RESIDENTIAL,SUBURBAN,City of El Paso Environmental Services Department,2010-07-01,,Jose Ma. Morelos y Paron,,urban-periphery
800060006,SITE 20/30 CLUB SPECIAL PURPOSE MONITORING NETWORK,31.73561,-106.460242,0.0,Country Of Mexico,CHIHUAHUA STATE,Ciudad-Juarez,COMMERCIAL,URBAN AND CENTER CITY,City of El Paso Environmental Services Department,1996-07-22,,JOSE BORUNDA,,urban-centre
800060007,SE OF TOMAS FERNANDEZ & AVENIDA DE LA INDUSTRIA INTERSECTION,31.7122,-106.3953,0.0,Country Of Mexico,CHIHUAHUA STATE,Ciudad-Juarez,INDUSTRIAL,URBAN AND CENTER CITY,City of El Paso Environmental Services Department,1999-03-01,,AVENIDA DE LA INDUSTRIA,,urban-centre
800060010,PRESIDENCIA MUNICIPAL/CITY HALL,29.5311,-104.4153,0.0,Country Of Mexico,CHIHUAHUA STATE,Not in a city,COMMERCIAL,URBAN AND CENTER CITY,City of El Paso Environmental Services Department,2003-11-17,,"TRANSVINA Y RETES, N. SECOND ST",,urban-centre
800060011,Ninez Mexicana Juarez,31.66127,-106.4542,1187.0,Country Of Mexico,CHIHUAHUA STATE,Ciudad-Juarez,RESIDENTIAL,SUBURBAN,City of El Paso Environmental Services Department,2010-08-12,,Boulevard Zaragoza,,urban-periphery
800260003,SONORA COBACH,31.319167,-110.956389,1189.0,Country Of Mexico,SONORA,Not in a city,RESIDENTIAL,SUBURBAN,Arizona Department Of Environmental Quality,1994-08-18,,"PASEO CHULA VISTA #501  NOGALES, MEXICO",,urban-periphery
800260004,SONORA TECHNICA,31.279722,-110.941111,1189.0,Country Of Mexico,SONORA,Not in a city,INDUSTRIAL,SUBURBAN,Arizona Department Of Environmental Quality,1994-08-24,,"CARRETERA INTERNACIONAL, KM6",,urban-periphery
800260006,Nogales Sonora Institute ITN,31.291293,-110.951513,1265.0,Country Of Mexico,SONORA,Not in a City,COMMERCIAL,SUBURBAN,Arizona Department Of Environmental Quality,2021-05-01,,"Avenida Instituto Tecnologico #911, Granja, 84065 Nogales, Son., Mexico",,urban-periphery
800268012,San Luis Rio Colorado Well 10,32.466389,-114.768611,38.0,Country Of Mexico,SONORA,Not in a City,RESIDENTIAL,URBAN AND CENTER CITY,Arizona Department Of Environmental Quality,2006-02-01,,Calle 15 & Venustiano Carranza Water Well #10,,urban-centre
CC0110001,CC0110001,49.145602,-103.091252,567.0,Canada,Saskatchewan,Not in a city,AGRICULTURAL,RURAL,North Dakota DEQ,2000-04-06,,"RAFFERTY DAM, SK",,rural
CC0110002,CC0110002,49.135138,-102.984855,567.0,Canada,Saskatchewan,Not in a city,RESIDENTIAL,URBAN AND CENTER CITY,North Dakota DEQ,2000-11-23,,"ESTEVAN, SK",,urban-centre
