# Site ID, Site Name, Latitude, Longitude, Altitude (m)
01_053_1000_RG,Pci Met1,31.092100,-87.543500,89.6
01_073_0023_RG,North Birmingham,33.553056,-86.815000,177.0
01_073_2059_RG,Arkadelphia/Near Road,33.521427,-86.844112,183.7
02_068_0003_RG,Denali Np & Pres - Headquarters,63.723200,-148.967600,663.0
04_003_8001_RG,Chiricahua Nm - Entrance Station,32.009410,-109.389060,1569.0
04_005_8001_RG,Grand Canyon Np - The Abyss,36.058640,-112.183600,2070.0
06_027_0002_RG,White Mountain Research Center - Owens Valley Lab,37.360684,-118.330783,1257.0
06_027_0025_RG,Shell Cut,36.366319,-117.897609,1104.0
06_027_0026_RG,Bill Stanley,36.361932,-118.010680,1104.0
06_027_0030_RG,Mill Site,36.458104,-117.851888,1103.0
06_027_1001_RG,Coso Junction,36.049402,-117.943927,1027.0
06_027_1003_RG,Keeler,36.487823,-117.871036,1097.0
06_027_1018_RG,Lone Pine Paiute-Shoshone Reservation,36.595556,-118.049167,1128.0
06_027_1023_RG,Bishop Tribe Emo,37.362137,-118.417478,1288.6
06_027_1028_RG,Fort Independence Indian Community,36.834957,-118.226677,1201.0
06_027_1033_RG,Stn.1 Big Pine Paiute Site,37.155494,-118.293547,1236.0
06_065_0010_RG,Joshua Tree Np - Cottonwood Visitor Center,33.747236,-115.820124,943.0
06_065_1004_RG,Joshua Tree Np - Pinto Wells,33.939700,-115.410800,326.0
06_067_0011_RG,Elk Grove-Bruceville,38.302591,-121.420838,6.0
06_069_0003_RG,Pinnacles Np - Southwest Of East Entrance Station,36.483240,-121.156880,317.0
06_071_1001_RG,Mojave Np & Pres - Kelso Mountains,35.101900,-115.776700,1212.0
06_071_9002_RG,Joshua Tree Np - Black Rock,34.069570,-116.388930,1243.0
06_089_3003_RG,Lassen Volcanic Np - Manzanita Lake Fire Station,40.539990,-121.576460,1755.0
06_107_0006_RG,Sequoia & Kings Canyon Nps - Lower Kaweah,36.566128,-118.777700,1890.0
06_107_0009_RG,Sequoia & Kings Canyon Nps - Ash Mountain,36.489470,-118.829150,510.0
06_111_0007_RG,Thousand Oaks,34.210169,-118.870509,244.0
06_111_0008_RG,"Site In Simi Valley Landfill. Nearest Traffic Hwy 118, So, 1/2 Mi.",34.291257,-118.797650,288.0
06_111_0009_RG,Piru - Pacific,34.404281,-118.809980,190.0
06_111_1004_RG,Ojai - East Ojai Ave,34.448060,-119.231300,262.0
06_111_3001_RG,El Rio-Rio Mesa School #2,34.252390,-119.143182,43.0
08_029_0007_RG,"Paonia, Colorado",38.876400,-107.602300,3027.0
08_067_1004_RG,08 067 1004,37.303890,-107.484167,2367.0
08_069_0007_RG,Rocky Mountain Np - Long'S Peak,40.278130,-105.545640,2742.0
08_083_0101_RG,Mesa Verde Np - Resource Management Area,37.198400,-108.490460,2170.0
08_085_0005_RG,Paradox,38.342743,-108.994950,1582.0
08_103_0005_RG,08 103 0005,40.038889,-107.847500,1994.0
08_103_0006_RG,"Rangely, Golf Course",40.086944,-108.761389,1655.0
12_086_0030_RG,Site Moved Across Road From Beard Center To Behind Iori Research Bld,25.391220,-80.680819,1.0
13_215_1003_RG,Columbus-Crime Lab,32.539571,-84.844732,122.0
13_245_0091_RG,Augusta,33.433900,-82.022400,46.0
15_001_0005_RG,Hawaii Volcanoes Np - Kilauea Visitors Center,19.430800,-155.257800,1201.0
17_019_1001_RG,Isws Climate Station,40.052780,-88.372510,213.0
17_133_9001_RG,17 133 9001,38.159080,-90.227280,446.0
21_061_0501_RG,Mammoth Cave Np - Houchin Meadow,37.131790,-86.142953,230.0
21_111_0043_RG,Southwick,38.233190,-85.815660,112.0
21_111_0067_RG,Cannons Lane,38.228760,-85.654520,127.0
23_009_0103_RG,Mcfarland Hill Air Pollutant Research Site,44.377050,-68.260900,158.5
24_003_2002_RG,24 003 2002,39.158911,-76.511025,2.4
24_005_0009_RG,Baltimore County Near Road,39.371679,-76.746814,10.0
24_005_1007_RG,Padonia,39.460478,-76.633543,126.0
24_005_3001_RG,Essex,39.310833,-76.474444,5.0
24_013_0001_RG,South Carroll,39.444294,-77.042252,226.0
24_015_0003_RG,Fair Hill Natural Resource Management Area,39.702982,-75.864771,128.0
24_019_0004_RG,Horn Point,38.587525,-76.141006,
24_023_0002_RG,Piney Run,39.705950,-79.012000,776.6
24_025_1001_RG,Edgewood,39.410191,-76.296946,6.0
24_025_9001_RG,Aldino,39.563333,-76.203889,395.0
24_029_0002_RG,Millington,39.305021,-75.797317,18.0
24_043_0009_RG,Hagerstown,39.564178,-77.720244,183.0
25_015_4002_RG,Quabbin Res,42.298493,-72.334079,312.0
27_137_0034_RG,Voyageurs Np - Sullivan Bay,48.412520,-92.829225,427.0
27_163_0448_RG,Andersen Windows South,45.021240,-92.775250,210.9
29_071_9001_RG,"Valley Site, Labadie",38.572522,-90.796911,160.0
29_095_0042_RG,"Blue Ridge, I-70",39.047911,-94.450513,293.0
29_189_0016_RG,"Rider Trail, I-70",38.752640,-90.448840,157.0
29_510_0094_RG,Forest Park,38.631140,-90.281150,168.0
32_031_1026_RG,Wadsworth Air  And Meteorological Monitoring Site,39.636800,-119.288800,1248.0
32_033_0101_RG,Great Basin Np - Maintenance Yard,39.005120,-114.215930,2058.0
33_001_2004_RG,Field Office On The Grounds Of The Former State Prison,43.566122,-71.496335,216.0
33_011_5001_RG,Miller State Park,42.861830,-71.878626,694.0
33_015_0018_RG,Moosehill School,42.862531,-71.380140,108.0
34_019_0001_RG,Flemington,40.515262,-74.806671,45.0
34_021_0005_RG,Rider University,40.283092,-74.742613,30.0
34_041_0007_RG,Columbia,40.924580,-75.067815,146.0
35_001_0023_RG,Del Norte High School,35.134300,-106.585200,1592.5
35_015_0010_RG,35 015 0010,32.178157,-104.443447,1357.0
35_045_0020_RG,Chaco Culture Nhp - Radio Repeater,36.035000,-107.904167,1965.0
37_183_0014_RG,Millbrook School,35.856111,-78.574167,100.0
38_007_0002_RG,Painted Canyon,46.894300,-103.378530,832.0
40_023_2017_RG,40 023 2017,34.153000,-95.321300,3.0
42_003_0008_RG,Lawrenceville,40.465420,-79.960757,256.0
44_007_1010_RG,Francis School East Providence,41.841039,-71.360970,15.0
45_079_0007_RG,Parklane,34.093959,-80.962304,107.0
45_079_0021_RG,Congaree Bluff,33.814680,-80.781135,33.9
46_033_0132_RG,Wind Cave Np - Visitor Center,43.557640,-103.483860,1288.0
47_009_0101_RG,Great Smoky Mountains Np - Look Rock,35.633480,-83.941606,801.0
47_009_0102_RG,Great Smoky Mountains Np - Cade'S Cove,35.603056,-83.783611,564.0
47_155_0101_RG,Great Smoky Mountains Np - Cove Mountain,35.696758,-83.609612,1243.0
47_155_0102_RG,Great Smoky Mountains Np - Clingman'S Dome,35.562872,-83.497941,2021.0
48_043_0101_RG,Big Bend Np - K-Bar Ranch Road,29.302650,-103.177810,1057.0
48_109_0002_RG,Guadalupe Mountains National Park - Maintenance Area,31.891389,-104.809722,1701.0
48_121_0034_RG,Denton Airport South,33.219069,-97.196284,183.0
48_183_0001_RG,Longview,32.378696,-94.711813,109.1
48_245_0018_RG,Jefferson County Airport,29.942798,-94.000770,4.0
48_423_0007_RG,Tyler Airport Relocated,32.344027,-95.415754,165.0
49_003_7001_RG,Washakie,41.945874,-112.233973,1369.0
49_037_0101_RG,Canyonlands Np - Island In The Sky,38.458320,-109.821260,1794.0
49_047_1002_RG,Dinosaur Nm - West Entrance Housing,40.437200,-109.304700,1463.0
49_053_0130_RG,Zion Np - Dalton'S Wash,37.198300,-113.150600,1213.0
50_003_0004_RG,Morse Airport - State Of Vermont Property,42.887590,-73.249840,241.0
50_007_0007_RG,Proctor Maple Research Ctr,44.528390,-72.868840,392.0
50_007_0014_RG,City Of Burlington Parking Lot,44.476200,-73.210600,63.1
50_021_0002_RG,State Of Vermont District Court Parking Lot,43.608056,-72.982778,165.0
51_113_0003_RG,Shenandoah Np - Big Meadows,38.523100,-78.434710,1068.0
56_005_0016_RG,Dry Fork Mine Meteorological Station,44.364230,-105.426020,1337.0
56_005_0085_RG,School Creek Meteorological Station,43.622675,-105.343850,1516.0
56_005_0123_RG,Thunder Basin,44.652200,-105.290300,1196.0
56_005_0802_RG,1 Site (Met Station And Hi-Vols Ba1 And Ba1-B),44.135494,-105.424636,
56_005_0857_RG,Black Hills Power Site 4,44.277172,-105.375628,1414.0
56_005_0900_RG,Amax Eagle Butte Site Eb-5 Southeast Of Mining Activity,44.394263,-105.530127,1369.0
56_005_0907_RG,Black Thunder Site 12,43.624764,-105.214644,
56_005_1111_RG,Narm Meteorological Station,43.535435,-105.256646,4751.0
56_005_1112_RG,Coal Creek Mine Meteorological Station,43.956074,-105.286191,4706.0
56_005_1115_RG,Black Thunder Admin Met Station,43.701242,-105.292881,4680.0
56_005_1895_RG,Rawhide Meteorological Site,44.409156,-105.465530,1327.0
56_005_1899_RG,Buckskin Mine North Site & Prb-Pm2.5 Network,44.502675,-105.539763,4315.0
56_005_2908_RG,Caballo Mine Meteorological Station,44.126316,-105.334521,1408.0
56_005_2909_RG,Cordero Rojo Met. Station,44.050786,-105.343559,50.0
56_009_0010_RG,Converse County Long-Term,43.101281,-105.498931,1650.0
56_009_2819_RG,Antelope Mine Meteorological Station,43.469170,-105.349440,4680.0
56_013_0099_RG,South Pass,42.529999,-108.720003,2526.0
56_013_0232_RG,Spring Creek,43.081667,-107.549444,1372.0
56_021_0003_RG,Laramie County Mobile,41.085360,-104.522770,1741.0
56_021_0100_RG,Cheyenne Ncore,41.182227,-104.778334,15.0
56_023_0814_RG,Site Sbiii Located 2 Miles Northwest Of Naughton Power Plant,41.773300,-110.629700,
56_023_0815_RG,Site Iv Is Located Approx 2 2/3 Miles South Of Naughton Power Plant,41.718300,-110.599700,
56_025_0100_RG,Casper Gaseous,42.822310,-106.365010,1591.0
56_029_0003_RG,Cody Mobile,44.526120,-109.016730,1538.0
56_035_0099_RG,Boulder,42.719000,-109.753000,2159.0
56_035_0700_RG,Big Piney Site #3,42.486361,-110.098861,2076.0
56_035_1002_RG,Juel Spring,42.373499,-109.560498,2145.0
56_037_0022_RG,Tata Met,41.585390,-109.768710,1926.0
56_037_0023_RG,James Town Mobile,41.556430,-109.530440,1859.0
56_037_0077_RG,Hiawatha,41.158000,-108.619000,2164.0
56_037_0200_RG,Wamsutter,41.677667,-108.024835,2044.0
56_037_0300_RG,Moxa Arch,41.750556,-109.788333,1966.0
56_037_0849_RG,Solvay Meteorological Station,41.504315,-109.766971,1900.0
56_037_0862_RG,Tronox Granger Site #7,41.679308,-109.886002,
56_037_0898_RG,Oci #4,41.735325,-109.640283,8.0
56_037_1002_RG,Westvaco #002,41.621073,-109.835484,1914.0
56_037_2004_RG,Black Butte Office Met Station,41.575538,-108.695123,2001.0
56_037_2851_RG,Jim Bridger Meteorological Station,41.754697,-108.800341,2047.0
56_037_2860_RG,Bridger Coal Jb-2 Meteorological Station,41.763060,-108.734440,6857.0
56_039_0008_RG,Grand Teton Np - Science School,43.670833,-110.599472,2105.0
56_039_0009_RG,Jackson Mobile,43.482560,-110.745260,1909.0
56_039_1011_RG,Yellowstone Np - Water Tank,44.565360,-110.400340,2430.0
56_041_0101_RG,Murphy Ridge,41.373097,-111.042376,2167.0
56_041_0201_RG,Haystack Upwind,41.408699,-110.702153,2208.0
AAOT_P-S,Aaot,45.313900,12.508300,10.0
AB14_CV-AFS,Genesee,53.301600,-114.201600,761.0
AB14_RG,Genesee,53.301600,-114.201600,761.0
AB32_CFA,Fort Mackay,57.189400,-111.640600,265.0
AB32_F-AAS,Fort Mackay,57.189400,-111.640600,265.0
AB32_IC,Fort Mackay,57.189400,-111.640600,265.0
AB32_PH-M,Fort Mackay,57.189400,-111.640600,265.0
AB32_RG,Fort Mackay,57.189400,-111.640600,265.0
AB34_CFA,Stony Mountain,55.621400,-111.172700,673.0
AB34_F-AAS,Stony Mountain,55.621400,-111.172700,673.0
AB34_IC,Stony Mountain,55.621400,-111.172700,673.0
AB34_PH-M,Stony Mountain,55.621400,-111.172700,673.0
AB34_RG,Stony Mountain,55.621400,-111.172700,673.0
AB36_CFA,Wapasu,57.259200,-111.038600,491.0
AB36_F-AAS,Wapasu,57.259200,-111.038600,491.0
AB36_IC,Wapasu,57.259200,-111.038600,491.0
AB36_PH-M,Wapasu,57.259200,-111.038600,491.0
AB36_RG,Wapasu,57.259200,-111.038600,491.0
ABPMCAAB1BEA_RG,Beaverlodge,55.196340,-119.396820,762.0
ABPMCAAB1COL_RG,Cold Lake South,54.414014,-110.232939,556.0
ABPMCAAB1FCW_RG,Fort Chipewyan,58.708790,-111.176830,238.0
AK01_CFA,Poker Creek,65.155000,-147.491000,230.0
AK01_F-AAS,Poker Creek,65.155000,-147.491000,230.0
AK01_IC,Poker Creek,65.155000,-147.491000,230.0
AK01_PH-M,Poker Creek,65.155000,-147.491000,230.0
AK01_RG,Poker Creek,65.155000,-147.491000,230.0
AK02_CFA,Juneau,58.513900,-134.784300,25.0
AK02_F-AAS,Juneau,58.513900,-134.784300,25.0
AK02_IC,Juneau,58.513900,-134.784300,25.0
AK02_PH-M,Juneau,58.513900,-134.784300,25.0
AK02_RG,Juneau,58.513900,-134.784300,25.0
AK03_CFA,Denali National Park,63.723200,-148.967600,661.0
AK03_F-AAS,Denali National Park,63.723200,-148.967600,661.0
AK03_IC,Denali National Park,63.723200,-148.967600,661.0
AK03_PH-M,Denali National Park,63.723200,-148.967600,661.0
AK96_CFA,Toolik Field Station,68.625700,-149.606900,730.0
AK96_CV-AFS,Toolik Field Station,68.625700,-149.606900,730.0
AK96_F-AAS,Toolik Field Station,68.625700,-149.606900,730.0
AK96_IC,Toolik Field Station,68.625700,-149.606900,730.0
AK96_PH-M,Toolik Field Station,68.625700,-149.606900,730.0
AK96_RG,Toolik Field Station,68.625700,-149.606900,730.0
AK97_CFA,Katmai National Park - King Salmon,58.679400,-156.666400,50.0
AK97_F-AAS,Katmai National Park - King Salmon,58.679400,-156.666400,50.0
AK97_IC,Katmai National Park - King Salmon,58.679400,-156.666400,50.0
AK97_PH-M,Katmai National Park - King Salmon,58.679400,-156.666400,50.0
AK97_RG,Katmai National Park - King Salmon,58.679400,-156.666400,50.0
AK98_CV-AFS,Kodiak,57.718900,-152.561700,7.0
AK98_RG,Kodiak,57.718900,-152.561700,7.0
AL10_CFA,Black Belt Research & Extension Center,32.458300,-87.242200,58.0
AL10_F-AAS,Black Belt Research & Extension Center,32.458300,-87.242200,58.0
AL10_IC,Black Belt Research & Extension Center,32.458300,-87.242200,58.0
AL10_PH-M,Black Belt Research & Extension Center,32.458300,-87.242200,58.0
AL10_RG,Black Belt Research & Extension Center,32.458300,-87.242200,58.0
AL99_CFA,Sand Mountain Research & Extension Center,34.288600,-85.969900,349.0
AL99_F-AAS,Sand Mountain Research & Extension Center,34.288600,-85.969900,349.0
AL99_IC,Sand Mountain Research & Extension Center,34.288600,-85.969900,349.0
AL99_PH-M,Sand Mountain Research & Extension Center,34.288600,-85.969900,349.0
AL99_RG,Sand Mountain Research & Extension Center,34.288600,-85.969900,349.0
AMY_RG,Anmyeon-Do,36.538500,126.330000,46.0
AOEBaotou_P-D,Aoe Baotou,40.851700,109.628800,1314.0
AOEBaotou_P-S,Aoe Baotou,40.851700,109.628800,1314.0
AR02_CFA,Warren 2Wsw,33.605000,-92.097200,76.0
AR02_F-AAS,Warren 2Wsw,33.605000,-92.097200,76.0
AR02_IC,Warren 2Wsw,33.605000,-92.097200,76.0
AR02_PH-M,Warren 2Wsw,33.605000,-92.097200,76.0
AR02_RG,Warren 2Wsw,33.605000,-92.097200,76.0
AR03_CFA,Caddo Valley,34.179500,-93.099200,71.0
AR03_F-AAS,Caddo Valley,34.179500,-93.099200,71.0
AR03_IC,Caddo Valley,34.179500,-93.099200,71.0
AR03_PH-M,Caddo Valley,34.179500,-93.099200,71.0
AR03_RG,Caddo Valley,34.179500,-93.099200,71.0
AR16_CFA,Buffalo National River-Buffalo Point,36.084200,-92.586800,311.0
AR16_F-AAS,Buffalo National River-Buffalo Point,36.084200,-92.586800,311.0
AR16_IC,Buffalo National River-Buffalo Point,36.084200,-92.586800,311.0
AR16_PH-M,Buffalo National River-Buffalo Point,36.084200,-92.586800,311.0
AR16_RG,Buffalo National River-Buffalo Point,36.084200,-92.586800,311.0
AR27_CFA,Fayetteville,36.101100,-94.173700,381.0
AR27_F-AAS,Fayetteville,36.101100,-94.173700,381.0
AR27_IC,Fayetteville,36.101100,-94.173700,381.0
AR27_PH-M,Fayetteville,36.101100,-94.173700,381.0
AR27_RG,Fayetteville,36.101100,-94.173700,381.0
ARIAKETOWER_P-S,Ariake Tower,33.103617,130.271950,15.0
ARMCordoba_P-D,Arm Cordoba,-32.126410,-64.728370,1141.0
ARMCordoba_P-S,Arm Cordoba,-32.126410,-64.728370,1141.0
ARMGraciosa_P-D,Arm Graciosa,39.091090,-28.029170,15.2
ARMGraciosa_P-S,Arm Graciosa,39.091090,-28.029170,15.2
ARMOliktokAK_P-D,Arm Oliktok Ak,70.499500,-149.880000,2.0
ARMOliktokAK_P-S,Arm Oliktok Ak,70.499500,-149.880000,2.0
ARMSGP_P-D,Arm Sgp,36.605175,-97.485619,319.0
ARMSGP_P-S,Arm Sgp,36.605175,-97.485619,319.0
ASIMalindi_P-D,Asi Malindi,-2.996000,40.194500,12.0
ASIMalindi_P-S,Asi Malindi,-2.996000,40.194500,12.0
AT0034G_NP,Sonnblick,47.054070,12.957940,3116.0
AU0002G_MAAP,Kennaook / Cape Grim Baseline Air Pollution Station,-40.682220,144.688340,94.0
AZ03_CFA,Grand Canyon National Park-Hopi Point,36.058600,-112.184000,2071.0
AZ03_F-AAS,Grand Canyon National Park-Hopi Point,36.058600,-112.184000,2071.0
AZ03_IC,Grand Canyon National Park-Hopi Point,36.058600,-112.184000,2071.0
AZ03_PH-M,Grand Canyon National Park-Hopi Point,36.058600,-112.184000,2071.0
AZ03_RG,Grand Canyon National Park-Hopi Point,36.058600,-112.184000,2071.0
AZ06_CFA,Organ Pipe Cactus National Monument,31.949200,-112.802000,501.0
AZ06_F-AAS,Organ Pipe Cactus National Monument,31.949200,-112.802000,501.0
AZ06_IC,Organ Pipe Cactus National Monument,31.949200,-112.802000,501.0
AZ06_PH-M,Organ Pipe Cactus National Monument,31.949200,-112.802000,501.0
AZ06_RG,Organ Pipe Cactus National Monument,31.949200,-112.802000,501.0
AZ97_CFA,Petrified Forest National Park-Rainbow Forest,34.822400,-109.892500,1707.0
AZ97_F-AAS,Petrified Forest National Park-Rainbow Forest,34.822400,-109.892500,1707.0
AZ97_IC,Petrified Forest National Park-Rainbow Forest,34.822400,-109.892500,1707.0
AZ97_PH-M,Petrified Forest National Park-Rainbow Forest,34.822400,-109.892500,1707.0
AZ97_RG,Petrified Forest National Park-Rainbow Forest,34.822400,-109.892500,1707.0
AZ98_CFA,Chiricahua,32.009700,-109.388900,1570.0
AZ98_F-AAS,Chiricahua,32.009700,-109.388900,1570.0
AZ98_IC,Chiricahua,32.009700,-109.388900,1570.0
AZ98_PH-M,Chiricahua,32.009700,-109.388900,1570.0
AZ98_RG,Chiricahua,32.009700,-109.388900,1570.0
AZ99_CFA,Oliver Knoll,33.070800,-109.866000,1176.0
AZ99_F-AAS,Oliver Knoll,33.070800,-109.866000,1176.0
AZ99_IC,Oliver Knoll,33.070800,-109.866000,1176.0
AZ99_PH-M,Oliver Knoll,33.070800,-109.866000,1176.0
AZ99_RG,Oliver Knoll,33.070800,-109.866000,1176.0
AgiaMarinaXyliatou_P-D,Agiamarina Xyliatou,35.038000,33.057700,521.0
AgiaMarinaXyliatou_P-S,Agiamarina Xyliatou,35.038000,33.057700,521.0
AlkaliLake_P-D,Alkali Lake,37.858800,-117.382000,1468.0
AltaFloresta_P-D,Alta Floresta,-9.871339,-56.104453,277.0
AltaFloresta_P-S,Alta Floresta,-9.871339,-56.104453,277.0
AmazonATTOTower_P-D,Amazon Atto Tower,-2.144117,-58.999867,210.0
AmazonATTOTower_P-S,Amazon Atto Tower,-2.144117,-58.999867,210.0
AmericanSamoa_P-D,American Samoa,-14.247200,-170.564400,76.0
AmericanSamoa_P-S,American Samoa,-14.247200,-170.564400,76.0
Ames_P-D,Ames,42.021361,-93.774778,338.0
Ames_P-S,Ames,42.021361,-93.774778,338.0
AmsterdamIsland_P-D,Amsterdam Island,-37.799544,77.571946,49.0
AmsterdamIsland_P-S,Amsterdam Island,-37.799544,77.571946,49.0
Andenes_P-D,Andenes,69.278333,16.008611,379.0
Andenes_P-S,Andenes,69.278333,16.008611,379.0
Anmyon_P-D,Anmyon,36.538537,126.330194,47.0
Anmyon_P-S,Anmyon,36.538537,126.330194,47.0
AntikytheraNOA_P-D,Antikythera Noa,35.860990,23.309820,193.0
AntikytheraNOA_P-S,Antikythera Noa,35.860990,23.309820,193.0
AppalachianState_P-D,Appalachian State,36.214600,-81.693800,1080.0
AppalachianState_P-S,Appalachian State,36.214600,-81.693800,1080.0
ArasdelosOlmos_P-D,Aras De Los Olmos,39.945000,-1.101600,1280.0
ArasdelosOlmos_P-S,Aras De Los Olmos,39.945000,-1.101600,1280.0
Arcachon_P-D,Arcachon,44.663528,-1.163222,11.0
Arcachon_P-S,Arcachon,44.663528,-1.163222,11.0
Arica_P-D,Arica,-18.471667,-70.313333,25.0
Arica_P-S,Arica,-18.471667,-70.313333,25.0
AscensionIsland_P-D,Ascension Island,-7.976389,-14.414722,30.0
AscensionIsland_P-S,Ascension Island,-7.976389,-14.414722,30.0
AubiereLAMP_P-D,Aubiere Lamp,45.760960,3.111072,423.0
AubiereLAMP_P-S,Aubiere Lamp,45.760960,3.111072,423.0
BAMBEY_IC,"Bambey, Senegal",14.700000,-16.466666,31.0
BAMBEY_RG,"Bambey, Senegal",14.700000,-16.466666,31.0
BANIZOUMBOU_IC,"Banizoumbou, Niger",13.300000,2.366667,220.0
BANIZOUMBOU_RG,"Banizoumbou, Niger",13.300000,2.366667,220.0
BC16_CV-AFS,Saturna Island,48.775300,-123.128100,196.0
BC16_RG,Saturna Island,48.775300,-123.128100,196.0
BC22_CFA,Haul Road Station,54.029400,-128.701900,10.0
BC22_F-AAS,Haul Road Station,54.029400,-128.701900,10.0
BC22_IC,Haul Road Station,54.029400,-128.701900,10.0
BC22_PH-M,Haul Road Station,54.029400,-128.701900,10.0
BC22_RG,Haul Road Station,54.029400,-128.701900,10.0
BC23_CFA,Lakelse Lake,54.377200,-128.577500,111.0
BC23_F-AAS,Lakelse Lake,54.377200,-128.577500,111.0
BC23_IC,Lakelse Lake,54.377200,-128.577500,111.0
BC23_PH-M,Lakelse Lake,54.377200,-128.577500,111.0
BC23_RG,Lakelse Lake,54.377200,-128.577500,111.0
BC24_CFA,Port Edward,54.222600,-130.269600,80.0
BC24_F-AAS,Port Edward,54.222600,-130.269600,80.0
BC24_IC,Port Edward,54.222600,-130.269600,80.0
BC24_PH-M,Port Edward,54.222600,-130.269600,80.0
BC24_RG,Port Edward,54.222600,-130.269600,80.0
BE0014R_IC,Koksijde,51.120920,2.658540,5.6
BE0014R_ICP-AES,Koksijde,51.120920,2.658540,5.6
BE0014R_ICP-MS,Koksijde,51.120920,2.658540,5.6
BE0014R_PH-M,Koksijde,51.120920,2.658540,1007.9
BE0014R_RG,Koksijde,51.120920,2.658540,4.0
BG0001R_CLAP,Beo Moussala,42.166667,23.583333,2925.0
BG0001R_NP,Beo Moussala,42.166667,23.583333,2925.0
BMKGGAWPALU_P-D,Bmkg Gaw Palu,-1.650300,120.182900,1370.0
BMKGGAWPALU_P-S,Bmkg Gaw Palu,-1.650300,120.182900,1370.0
BO0001R_ATH--S1,Mount Chacaltaya,-16.200001,-68.099998,5240.0
BO0001R_MAAP,Mount Chacaltaya,-16.200001,-68.099998,5240.0
BO0001R_NP,Mount Chacaltaya,-16.200001,-68.099998,5240.0
BONDVILLE_P-D,Bondville,40.053333,-88.371944,212.0
BONDVILLE_P-S,Bondville,40.053333,-88.371944,212.0
BY0004R_RG,Vysokoe,52.333333,23.433333,163.0
BY0004R_UNK,Vysokoe,52.333333,23.433333,163.0
BacLieu_P-D,Bac Lieu,9.280000,105.730000,10.0
BacLieu_P-S,Bac Lieu,9.280000,105.730000,10.0
Badajoz_P-D,Badajoz,38.882808,-7.010820,186.0
Badajoz_P-S,Badajoz,38.882808,-7.010820,186.0
Bakersfield_P-D,Bakersfield,35.331506,-119.000008,108.0
Bakersfield_P-S,Bakersfield,35.331506,-119.000008,108.0
Banizoumbou_P-D,Banizoumbou,13.546930,2.665190,274.0
Banizoumbou_P-S,Banizoumbou,13.546930,2.665190,274.0
Barrow_P-D,Barrow,71.312200,-156.665000,8.0
Barrow_P-S,Barrow,71.312200,-156.665000,8.0
BenSalem_P-D,Ben Salem,35.550550,9.914003,130.0
BenSalem_P-S,Ben Salem,35.550550,9.914003,130.0
Bhola_P-D,Bhola,22.226675,90.756415,7.0
Bhola_P-S,Bhola,22.226675,90.756415,7.0
Bidur_P-D,Bidur,27.895500,85.140096,576.0
Bidur_P-S,Bidur,27.895500,85.140096,576.0
Birdsville_P-D,Birdsville,-25.898930,139.345960,46.5
Birdsville_P-S,Birdsville,-25.898930,139.345960,46.5
Birkenes_P-D,Birkenes,58.388450,8.252310,230.0
Birkenes_P-S,Birkenes,58.388450,8.252310,230.0
BonanzaCreek_P-D,Bonanza Creek,64.742805,-148.316269,353.0
BonanzaCreek_P-S,Bonanza Creek,64.742805,-148.316269,353.0
Bonanza_P-D,Bonanza,-21.825556,19.590278,1382.0
Bonanza_P-S,Bonanza,-21.825556,19.590278,1382.0
Bozeman_P-D,Bozeman,45.662204,-111.045013,1507.0
Bozeman_P-S,Bozeman,45.662204,-111.045013,1507.0
BrestMF_P-D,Brest Mf,48.444565,-4.411855,101.0
BrestMF_P-S,Brest Mf,48.444565,-4.411855,101.0
BrnoAirport_P-D,Brno Airport,49.156470,16.683330,238.0
BrnoAirport_P-S,Brno Airport,49.156470,16.683330,238.0
Brookhaven_P-D,Brookhaven,40.866000,-72.884700,37.0
Brookhaven_P-S,Brookhaven,40.866000,-72.884700,37.0
Bujumbura_P-D,Bujumbura,-3.380000,29.383833,863.0
Bujumbura_P-S,Bujumbura,-3.380000,29.383833,863.0
BukitKototabang_P-D,Bukit Kototabang,-0.201940,100.318050,864.5
BukitKototabang_P-S,Bukit Kototabang,-0.201940,100.318050,864.5
BureOPE_P-D,Bure Ope,48.562500,5.505000,393.0
BureOPE_P-S,Bure Ope,48.562500,5.505000,393.0
CA0011R_CLAP,Egbert,44.231006,-79.783839,255.0
CA0011R_NP,Egbert,44.231006,-79.783839,255.0
CA0100R_CLAP,Whistler Mountain,50.059299,-122.957603,2182.0
CA0100R_NP,Whistler Mountain,50.059299,-122.957603,2182.0
CA0102R_CLAP,East Trout Lake,54.353743,-104.986864,500.0
CA0102R_NP,East Trout Lake,54.353743,-104.986864,500.0
CA0420G_ATH,Alert,82.499146,-62.341526,2182.0
CA0420G_CLAP,Alert,82.499146,-62.341526,2182.0
CA0420G_NP,Alert,82.499146,-62.341526,2182.0
CA28_CFA,Kings River Experimental Watershed,37.059200,-119.182200,2000.0
CA28_F-AAS,Kings River Experimental Watershed,37.059200,-119.182200,2000.0
CA28_IC,Kings River Experimental Watershed,37.059200,-119.182200,2000.0
CA28_PH-M,Kings River Experimental Watershed,37.059200,-119.182200,2000.0
CA28_RG,Kings River Experimental Watershed,37.059200,-119.182200,2000.0
CA45_CFA,Hopland,39.004500,-123.086000,253.0
CA45_F-AAS,Hopland,39.004500,-123.086000,253.0
CA45_IC,Hopland,39.004500,-123.086000,253.0
CA45_PH-M,Hopland,39.004500,-123.086000,253.0
CA45_RG,Hopland,39.004500,-123.086000,253.0
CA50_CFA,Sagehen Creek,39.431500,-120.239700,1931.0
CA50_F-AAS,Sagehen Creek,39.431500,-120.239700,1931.0
CA50_IC,Sagehen Creek,39.431500,-120.239700,1931.0
CA50_PH-M,Sagehen Creek,39.431500,-120.239700,1931.0
CA50_RG,Sagehen Creek,39.431500,-120.239700,1931.0
CA66_CFA,Pinnacles National Park-Bear Valley,36.483400,-121.157000,317.0
CA66_F-AAS,Pinnacles National Park-Bear Valley,36.483400,-121.157000,317.0
CA66_IC,Pinnacles National Park-Bear Valley,36.483400,-121.157000,317.0
CA66_PH-M,Pinnacles National Park-Bear Valley,36.483400,-121.157000,317.0
CA66_RG,Pinnacles National Park-Bear Valley,36.483400,-121.157000,317.0
CA67_CFA,Joshua Tree National Park-Black Rock,34.069500,-116.388900,1239.0
CA67_F-AAS,Joshua Tree National Park-Black Rock,34.069500,-116.388900,1239.0
CA67_IC,Joshua Tree National Park-Black Rock,34.069500,-116.388900,1239.0
CA67_PH-M,Joshua Tree National Park-Black Rock,34.069500,-116.388900,1239.0
CA75_CFA,Sequoia National Park-Giant Forest,36.566100,-118.778000,1921.0
CA75_CV-AFS,Sequoia National Park-Giant Forest,36.566100,-118.778000,1921.0
CA75_F-AAS,Sequoia National Park-Giant Forest,36.566100,-118.778000,1921.0
CA75_IC,Sequoia National Park-Giant Forest,36.566100,-118.778000,1921.0
CA75_PH-M,Sequoia National Park-Giant Forest,36.566100,-118.778000,1921.0
CA75_RG,Sequoia National Park-Giant Forest,36.566100,-118.778000,1921.0
CA76_CFA,Montague,41.766200,-122.479800,799.0
CA76_F-AAS,Montague,41.766200,-122.479800,799.0
CA76_IC,Montague,41.766200,-122.479800,799.0
CA76_PH-M,Montague,41.766200,-122.479800,799.0
CA76_RG,Montague,41.766200,-122.479800,799.0
CA88_CFA,Davis,38.535700,-121.776200,18.0
CA88_F-AAS,Davis,38.535700,-121.776200,18.0
CA88_IC,Davis,38.535700,-121.776200,18.0
CA88_PH-M,Davis,38.535700,-121.776200,18.0
CA88_RG,Davis,38.535700,-121.776200,18.0
CA94_CFA,Converse Flats,34.193800,-116.913100,1724.0
CA94_CV-AFS,Converse Flats,34.193800,-116.913100,1724.0
CA94_F-AAS,Converse Flats,34.193800,-116.913100,1724.0
CA94_IC,Converse Flats,34.193800,-116.913100,1724.0
CA94_PH-M,Converse Flats,34.193800,-116.913100,1724.0
CA94_RG,Converse Flats,34.193800,-116.913100,1724.0
CA96_CFA,Lassen Volcanic National Park-Manzanita Lake,40.539000,-121.577200,1754.0
CA96_F-AAS,Lassen Volcanic National Park-Manzanita Lake,40.539000,-121.577200,1754.0
CA96_IC,Lassen Volcanic National Park-Manzanita Lake,40.539000,-121.577200,1754.0
CA96_PH-M,Lassen Volcanic National Park-Manzanita Lake,40.539000,-121.577200,1754.0
CA96_RG,Lassen Volcanic National Park-Manzanita Lake,40.539000,-121.577200,1754.0
CA99_CFA,Yosemite National Park-Hodgdon Meadow,37.796100,-119.858100,1393.0
CA99_F-AAS,Yosemite National Park-Hodgdon Meadow,37.796100,-119.858100,1393.0
CA99_IC,Yosemite National Park-Hodgdon Meadow,37.796100,-119.858100,1393.0
CA99_PH-M,Yosemite National Park-Hodgdon Meadow,37.796100,-119.858100,1393.0
CA99_RG,Yosemite National Park-Hodgdon Meadow,37.796100,-119.858100,1393.0
CAN5_CFA,Frelighsburg,45.041000,-72.858100,195.0
CAN5_F-AAS,Frelighsburg,45.041000,-72.858100,195.0
CAN5_IC,Frelighsburg,45.041000,-72.858100,195.0
CAN5_PH-M,Frelighsburg,45.041000,-72.858100,195.0
CAN5_RG,Frelighsburg,45.041000,-72.858100,195.0
CAPMCAAB1JOU_CO,Joussard,55.340370,-115.895670,676.0
CAPMCAAB1JOU_IC,Joussard,55.340370,-115.895670,676.0
CAPMCAAB1JOU_ICP-AES,Joussard,55.340370,-115.895670,676.0
CAPMCAAB1JOU_PH-M,Joussard,55.340370,-115.895670,676.0
CAPMCAAB1JOU_RG,Joussard,55.340370,-115.895670,676.0
CAPMCABC1SAT_CO,Saturna,48.775030,-123.127530,184.0
CAPMCABC1SAT_IC,Saturna,48.775030,-123.127530,184.0
CAPMCABC1SAT_ICP-AES,Saturna,48.775030,-123.127530,184.0
CAPMCABC1SAT_PH-M,Saturna,48.775030,-123.127530,184.0
CAPMCABC1SAT_RG,Saturna,48.775030,-123.127530,184.0
CAPMCANL1GOS_CO,Goose Bay,53.306000,-60.363140,26.0
CAPMCANL1GOS_IC,Goose Bay,53.306000,-60.363140,26.0
CAPMCANL1GOS_ICP-AES,Goose Bay,53.306000,-60.363140,26.0
CAPMCANL1GOS_PH-M,Goose Bay,53.306000,-60.363140,26.0
CAPMCANL1GOS_RG,Goose Bay,53.306000,-60.363140,26.0
CAPMCANL2BAB_CO,Bay D'Espoir - B,47.989570,-55.817700,167.0
CAPMCANL2BAB_IC,Bay D'Espoir - B,47.989570,-55.817700,167.0
CAPMCANL2BAB_ICP-AES,Bay D'Espoir - B,47.989570,-55.817700,167.0
CAPMCANL2BAB_PH-M,Bay D'Espoir - B,47.989570,-55.817700,167.0
CAPMCANL2BAB_RG,Bay D'Espoir - B,47.989570,-55.817700,167.0
CAPMCANS1KEB_CO,Kejimkujik National Park - B,44.402980,-65.202740,128.0
CAPMCANS1KEB_IC,Kejimkujik National Park - B,44.402980,-65.202740,128.0
CAPMCANS1KEB_ICP-AES,Kejimkujik National Park - B,44.402980,-65.202740,128.0
CAPMCANS1KEB_PH-M,Kejimkujik National Park - B,44.402980,-65.202740,128.0
CAPMCANS1KEB_RG,Kejimkujik National Park - B,44.402980,-65.202740,128.0
CAPMCANS1SBK_CO,Sherbrooke,45.159340,-61.970480,94.0
CAPMCANS1SBK_IC,Sherbrooke,45.159340,-61.970480,94.0
CAPMCANS1SBK_ICP-AES,Sherbrooke,45.159340,-61.970480,94.0
CAPMCANS1SBK_PH-M,Sherbrooke,45.159340,-61.970480,94.0
CAPMCANS1SBK_RG,Sherbrooke,45.159340,-61.970480,94.0
CAPMCANT1SNA_CO,Snare Rapids,63.508440,-116.007920,246.0
CAPMCANT1SNA_IC,Snare Rapids,63.508440,-116.007920,246.0
CAPMCANT1SNA_ICP-AES,Snare Rapids,63.508440,-116.007920,246.0
CAPMCANT1SNA_PH-M,Snare Rapids,63.508440,-116.007920,246.0
CAPMCANT1SNA_RG,Snare Rapids,63.508440,-116.007920,246.0
CAPMCANT1WBP_CO,Wood Buffalo National Park,60.146530,-113.637700,284.0
CAPMCANT1WBP_IC,Wood Buffalo National Park,60.146530,-113.637700,284.0
CAPMCANT1WBP_ICP-AES,Wood Buffalo National Park,60.146530,-113.637700,284.0
CAPMCANT1WBP_PH-M,Wood Buffalo National Park,60.146530,-113.637700,284.0
CAPMCANT1WBP_RG,Wood Buffalo National Park,60.146530,-113.637700,284.0
CAPMCAON1ALG_CO,Algoma,47.033670,-84.378970,411.0
CAPMCAON1ALG_IC,Algoma,47.033670,-84.378970,411.0
CAPMCAON1ALG_ICP-AES,Algoma,47.033670,-84.378970,411.0
CAPMCAON1ALG_PH-M,Algoma,47.033670,-84.378970,411.0
CAPMCAON1ALG_RG,Algoma,47.033670,-84.378970,411.0
CAPMCAON1BON_CO,Bonner Lake,49.385530,-82.121250,242.0
CAPMCAON1BON_IC,Bonner Lake,49.385530,-82.121250,242.0
CAPMCAON1BON_ICP-AES,Bonner Lake,49.385530,-82.121250,242.0
CAPMCAON1BON_PH-M,Bonner Lake,49.385530,-82.121250,242.0
CAPMCAON1BON_RG,Bonner Lake,49.385530,-82.121250,242.0
CAPMCAON1CHA_CO,Chalk River,46.062420,-77.404530,190.0
CAPMCAON1CHA_IC,Chalk River,46.062420,-77.404530,190.0
CAPMCAON1CHA_ICP-AES,Chalk River,46.062420,-77.404530,190.0
CAPMCAON1CHA_PH-M,Chalk River,46.062420,-77.404530,190.0
CAPMCAON1CHA_RG,Chalk River,46.062420,-77.404530,190.0
CAPMCAON1EGB_CO,Egbert,44.234060,-79.791720,206.0
CAPMCAON1EGB_IC,Egbert,44.234060,-79.791720,206.0
CAPMCAON1EGB_ICP-AES,Egbert,44.234060,-79.791720,206.0
CAPMCAON1EGB_PH-M,Egbert,44.234060,-79.791720,206.0
CAPMCAON1EGB_RG,Egbert,44.234060,-79.791720,206.0
CAPMCAON1ELA_CO,Experimental Lakes Area,49.664080,-93.732770,437.0
CAPMCAON1ELA_IC,Experimental Lakes Area,49.664080,-93.732770,437.0
CAPMCAON1ELA_ICP-AES,Experimental Lakes Area,49.664080,-93.732770,437.0
CAPMCAON1ELA_PH-M,Experimental Lakes Area,49.664080,-93.732770,437.0
CAPMCAON1ELA_RG,Experimental Lakes Area,49.664080,-93.732770,437.0
CAPMCAON1LON_CO,Longwoods,42.883560,-81.480250,239.0
CAPMCAON1LON_IC,Longwoods,42.883560,-81.480250,239.0
CAPMCAON1LON_ICP-AES,Longwoods,42.883560,-81.480250,239.0
CAPMCAON1LON_PH-M,Longwoods,42.883560,-81.480250,239.0
CAPMCAON1LON_RG,Longwoods,42.883560,-81.480250,239.0
CAPMCAON1MTR_CO,Marten River,46.671190,-79.919250,300.0
CAPMCAON1MTR_IC,Marten River,46.671190,-79.919250,300.0
CAPMCAON1MTR_ICP-AES,Marten River,46.671190,-79.919250,300.0
CAPMCAON1MTR_PH-M,Marten River,46.671190,-79.919250,300.0
CAPMCAON1MTR_RG,Marten River,46.671190,-79.919250,300.0
CAPMCAON1PKL_CO,Pickle Lake - B,51.448140,-90.217860,391.0
CAPMCAON1PKL_IC,Pickle Lake - B,51.448140,-90.217860,391.0
CAPMCAON1PKL_ICP-AES,Pickle Lake - B,51.448140,-90.217860,391.0
CAPMCAON1PKL_PH-M,Pickle Lake - B,51.448140,-90.217860,391.0
CAPMCAON1PKL_RG,Pickle Lake - B,51.448140,-90.217860,391.0
CAPMCAON1SPR_CO,Sprucedale,45.423970,-79.486140,330.0
CAPMCAON1SPR_IC,Sprucedale,45.423970,-79.486140,330.0
CAPMCAON1SPR_ICP-AES,Sprucedale,45.423970,-79.486140,330.0
CAPMCAON1SPR_PH-M,Sprucedale,45.423970,-79.486140,330.0
CAPMCAON1SPR_RG,Sprucedale,45.423970,-79.486140,330.0
CAPMCAON1WAR_CO,Warsaw Caves Conservation Authority,44.462940,-78.130190,243.0
CAPMCAON1WAR_IC,Warsaw Caves Conservation Authority,44.462940,-78.130190,243.0
CAPMCAON1WAR_ICP-AES,Warsaw Caves Conservation Authority,44.462940,-78.130190,243.0
CAPMCAON1WAR_PH-M,Warsaw Caves Conservation Authority,44.462940,-78.130190,243.0
CAPMCAON1WAR_RG,Warsaw Caves Conservation Authority,44.462940,-78.130190,243.0
CAPMCAON1WPT_CO,Westport,44.638610,-76.370000,148.0
CAPMCAON1WPT_IC,Westport,44.638610,-76.370000,148.0
CAPMCAON1WPT_ICP-AES,Westport,44.638610,-76.370000,148.0
CAPMCAON1WPT_PH-M,Westport,44.638610,-76.370000,148.0
CAPMCAON1WPT_RG,Westport,44.638610,-76.370000,148.0
CAPMCAON2EGB_CO,Egbert - Duplicate Sampler,44.234060,-79.791720,206.0
CAPMCAON2EGB_IC,Egbert - Duplicate Sampler,44.234060,-79.791720,206.0
CAPMCAON2EGB_ICP-AES,Egbert - Duplicate Sampler,44.234060,-79.791720,206.0
CAPMCAON2EGB_PH-M,Egbert - Duplicate Sampler,44.234060,-79.791720,206.0
CAPMCAON2EGB_RG,Egbert - Duplicate Sampler,44.234060,-79.791720,206.0
CAPMCAQC1CPS_CO,Chapais,49.822360,-74.975470,377.0
CAPMCAQC1CPS_IC,Chapais,49.822360,-74.975470,377.0
CAPMCAQC1CPS_ICP-AES,Chapais,49.822360,-74.975470,377.0
CAPMCAQC1CPS_PH-M,Chapais,49.822360,-74.975470,377.0
CAPMCAQC1CPS_RG,Chapais,49.822360,-74.975470,377.0
CAPMCAQC1FRB_CO,Frelighsburg - B,45.040970,-72.858140,235.0
CAPMCAQC1FRB_IC,Frelighsburg - B,45.040970,-72.858140,235.0
CAPMCAQC1FRB_ICP-AES,Frelighsburg - B,45.040970,-72.858140,235.0
CAPMCAQC1FRB_PH-M,Frelighsburg - B,45.040970,-72.858140,235.0
CAPMCAQC1FRB_RG,Frelighsburg - B,45.040970,-72.858140,235.0
CAPMCAQC1LED_CO,Lake Ï¿½Douard,47.680390,-72.444890,426.0
CAPMCAQC1LED_IC,Lake Ï¿½Douard,47.680390,-72.444890,426.0
CAPMCAQC1LED_ICP-AES,Lake Ï¿½Douard,47.680390,-72.444890,426.0
CAPMCAQC1LED_PH-M,Lake Ï¿½Douard,47.680390,-72.444890,426.0
CAPMCAQC1LED_RG,Lake Ï¿½Douard,47.680390,-72.444890,426.0
CAPMCAQC1LGR_CO,La Grande-4,53.757220,-73.675000,300.0
CAPMCAQC1LGR_IC,La Grande-4,53.757220,-73.675000,300.0
CAPMCAQC1LGR_ICP-AES,La Grande-4,53.757220,-73.675000,300.0
CAPMCAQC1LGR_PH-M,La Grande-4,53.757220,-73.675000,300.0
CAPMCAQC1LGR_RG,La Grande-4,53.757220,-73.675000,300.0
CAPMCASK1FLV_CO,Flat Valley,54.294640,-109.209210,506.0
CAPMCASK1FLV_IC,Flat Valley,54.294640,-109.209210,506.0
CAPMCASK1FLV_ICP-AES,Flat Valley,54.294640,-109.209210,506.0
CAPMCASK1FLV_PH-M,Flat Valley,54.294640,-109.209210,506.0
CAPMCASK1FLV_RG,Flat Valley,54.294640,-109.209210,506.0
CAPMCASK1PHL_CO,Pinehouse Lake,55.512170,-106.724530,404.0
CAPMCASK1PHL_IC,Pinehouse Lake,55.512170,-106.724530,404.0
CAPMCASK1PHL_ICP-AES,Pinehouse Lake,55.512170,-106.724530,404.0
CAPMCASK1PHL_PH-M,Pinehouse Lake,55.512170,-106.724530,404.0
CAPMUSPA1PEN_CO,Pennsylvania State University,40.788830,-77.945560,396.0
CAPMUSPA1PEN_IC,Pennsylvania State University,40.788830,-77.945560,396.0
CAPMUSPA1PEN_ICP-AES,Pennsylvania State University,40.788830,-77.945560,396.0
CAPMUSPA1PEN_PH-M,Pennsylvania State University,40.788830,-77.945560,396.0
CAPMUSPA1PEN_RG,Pennsylvania State University,40.788830,-77.945560,396.0
CARTEL_P-D,Cartel,45.379754,-71.931330,251.0
CARTEL_P-S,Cartel,45.379754,-71.931330,251.0
CARTSITE_P-D,Cart Site,36.606670,-97.486390,318.0
CATUCBamenda_P-D,Catuc Bamenda,5.949100,10.156300,1293.0
CATUCBamenda_P-S,Catuc Bamenda,5.949100,10.156300,1293.0
CEILAP-Bariloche_P-D,Ceilap-Bariloche,-41.146944,-71.163333,840.0
CEILAP-Comodoro_P-D,Ceilap-Comodoro,-45.792153,-67.462875,49.0
CEILAP-Comodoro_P-S,Ceilap-Comodoro,-45.792153,-67.462875,49.0
CEILAP-Neuquen_P-D,Ceilap-Neuquen,-38.952220,-68.136660,271.0
CEILAP-Neuquen_P-S,Ceilap-Neuquen,-38.952220,-68.136660,271.0
CEILAP-RG_P-D,Ceilap-Rg,-51.600503,-69.319250,19.0
CEILAP-RG_P-S,Ceilap-Rg,-51.600503,-69.319250,19.0
CH0001G_ATH,Jungfraujoch,46.547500,7.985000,3578.0
CH0001G_MAAP,Jungfraujoch,46.547500,7.985000,3578.0
CH0001G_NP,Jungfraujoch,46.547500,7.985000,3578.0
CH0002R_ATH,Payerne,46.813056,6.944472,489.0
CH0002R_RG,Payerne,46.813056,6.944472,489.0
CH0002R_UNK,Payerne,46.813056,6.944472,489.0
CH0004R_RG,Chaumont,47.049722,6.979444,1137.0
CH0004R_UNK,Chaumont,47.049722,6.979444,1137.0
CH0005R_ATH,Rigi,47.067417,8.463333,1031.0
CH0005R_RG,Rigi,47.067417,8.463333,1031.0
CH0005R_UNK,Rigi,47.067417,8.463333,1031.0
CL0001R_NP,El Tololo,-30.172540,-70.799230,2220.0
CNA007_IC,Xi'An,33.851667,108.814444,1837.0
CNA007_PH-M,Xi'An,33.851667,108.814444,1837.0
CNA007_UNK,Xi'An,33.851667,108.814444,1837.0
CNA008_IC,Xiamen,24.479722,118.163056,39.0
CNA008_PH-M,Xiamen,24.479722,118.163056,39.0
CNA008_UNK,Xiamen,24.479722,118.163056,39.0
CNA009_IC,Xiamen,24.856389,118.048611,530.0
CNA009_PH-M,Xiamen,24.856389,118.048611,530.0
CNA009_UNK,Xiamen,24.856389,118.048611,530.0
CNA010_IC,Zhuhai,22.272778,113.529444,29.0
CNA010_PH-M,Zhuhai,22.272778,113.529444,29.0
CNA010_UNK,Zhuhai,22.272778,113.529444,29.0
CNA011_IC,Zhuhai,22.206667,113.516667,18.0
CNA011_PH-M,Zhuhai,22.206667,113.516667,18.0
CNA011_UNK,Zhuhai,22.206667,113.516667,18.0
CNA013_IC,Wuzhishan,18.836389,109.490556,958.0
CNA013_PH-M,Wuzhishan,18.836389,109.490556,958.0
CNA013_UNK,Wuzhishan,18.836389,109.490556,958.0
CNA014_IC,Lijiang,27.227222,100.246667,3410.0
CNA014_PH-M,Lijiang,27.227222,100.246667,3410.0
CNA014_UNK,Lijiang,27.227222,100.246667,3410.0
CO00_CFA,Alamosa,37.442100,-105.868000,2285.0
CO00_F-AAS,Alamosa,37.442100,-105.868000,2285.0
CO00_IC,Alamosa,37.442100,-105.868000,2285.0
CO00_PH-M,Alamosa,37.442100,-105.868000,2285.0
CO00_RG,Alamosa,37.442100,-105.868000,2285.0
CO01_CFA,Las Animas Fish Hatchery,38.117700,-103.316000,1226.0
CO01_F-AAS,Las Animas Fish Hatchery,38.117700,-103.316000,1226.0
CO01_IC,Las Animas Fish Hatchery,38.117700,-103.316000,1226.0
CO01_PH-M,Las Animas Fish Hatchery,38.117700,-103.316000,1226.0
CO01_RG,Las Animas Fish Hatchery,38.117700,-103.316000,1226.0
CO02_CFA,Niwot Saddle,40.054700,-105.589100,3520.0
CO02_F-AAS,Niwot Saddle,40.054700,-105.589100,3520.0
CO02_IC,Niwot Saddle,40.054700,-105.589100,3520.0
CO02_PH-M,Niwot Saddle,40.054700,-105.589100,3520.0
CO02_RG,Niwot Saddle,40.054700,-105.589100,3520.0
CO08_CFA,Four Mile Park,39.402500,-107.345400,2502.0
CO08_F-AAS,Four Mile Park,39.402500,-107.345400,2502.0
CO08_IC,Four Mile Park,39.402500,-107.345400,2502.0
CO08_PH-M,Four Mile Park,39.402500,-107.345400,2502.0
CO08_RG,Four Mile Park,39.402500,-107.345400,2502.0
CO09_CFA,Kawuneechee Meadow,40.260300,-105.829200,2633.0
CO09_F-AAS,Kawuneechee Meadow,40.260300,-105.829200,2633.0
CO09_IC,Kawuneechee Meadow,40.260300,-105.829200,2633.0
CO09_PH-M,Kawuneechee Meadow,40.260300,-105.829200,2633.0
CO09_RG,Kawuneechee Meadow,40.260300,-105.829200,2633.0
CO10_CFA,Gothic,38.956100,-106.986000,2915.0
CO10_F-AAS,Gothic,38.956100,-106.986000,2915.0
CO10_IC,Gothic,38.956100,-106.986000,2915.0
CO10_PH-M,Gothic,38.956100,-106.986000,2915.0
CO10_RG,Gothic,38.956100,-106.986000,2915.0
CO13_CFA,Fort Collins,40.592300,-105.141400,1570.0
CO13_F-AAS,Fort Collins,40.592300,-105.141400,1570.0
CO13_IC,Fort Collins,40.592300,-105.141400,1570.0
CO13_PH-M,Fort Collins,40.592300,-105.141400,1570.0
CO13_RG,Fort Collins,40.592300,-105.141400,1570.0
CO15_CFA,Sand Spring,40.507700,-107.702500,1998.0
CO15_F-AAS,Sand Spring,40.507700,-107.702500,1998.0
CO15_IC,Sand Spring,40.507700,-107.702500,1998.0
CO15_PH-M,Sand Spring,40.507700,-107.702500,1998.0
CO15_RG,Sand Spring,40.507700,-107.702500,1998.0
CO19_CFA,Rocky Mountain National Park-Beaver Meadows,40.363900,-105.581000,2477.0
CO19_F-AAS,Rocky Mountain National Park-Beaver Meadows,40.363900,-105.581000,2477.0
CO19_IC,Rocky Mountain National Park-Beaver Meadows,40.363900,-105.581000,2477.0
CO19_PH-M,Rocky Mountain National Park-Beaver Meadows,40.363900,-105.581000,2477.0
CO19_RG,Rocky Mountain National Park-Beaver Meadows,40.363900,-105.581000,2477.0
CO21_CFA,Manitou,39.100800,-105.093300,2362.0
CO21_F-AAS,Manitou,39.100800,-105.093300,2362.0
CO21_IC,Manitou,39.100800,-105.093300,2362.0
CO21_PH-M,Manitou,39.100800,-105.093300,2362.0
CO21_RG,Manitou,39.100800,-105.093300,2362.0
CO22_CFA,Pawnee,40.806000,-104.756000,1641.0
CO22_F-AAS,Pawnee,40.806000,-104.756000,1641.0
CO22_IC,Pawnee,40.806000,-104.756000,1641.0
CO22_PH-M,Pawnee,40.806000,-104.756000,1641.0
CO22_RG,Pawnee,40.806000,-104.756000,1641.0
CO90_CFA,Niwot Ridge-Southeast,40.036700,-105.544000,3015.0
CO90_F-AAS,Niwot Ridge-Southeast,40.036700,-105.544000,3015.0
CO90_IC,Niwot Ridge-Southeast,40.036700,-105.544000,3015.0
CO90_PH-M,Niwot Ridge-Southeast,40.036700,-105.544000,3015.0
CO90_RG,Niwot Ridge-Southeast,40.036700,-105.544000,3015.0
CO91_CFA,Wolf Creek Pass,37.468600,-106.787000,3287.0
CO91_F-AAS,Wolf Creek Pass,37.468600,-106.787000,3287.0
CO91_IC,Wolf Creek Pass,37.468600,-106.787000,3287.0
CO91_PH-M,Wolf Creek Pass,37.468600,-106.787000,3287.0
CO91_RG,Wolf Creek Pass,37.468600,-106.787000,3287.0
CO92_CFA,Sunlight Peak,39.426400,-107.379900,3218.0
CO92_F-AAS,Sunlight Peak,39.426400,-107.379900,3218.0
CO92_IC,Sunlight Peak,39.426400,-107.379900,3218.0
CO92_PH-M,Sunlight Peak,39.426400,-107.379900,3218.0
CO92_RG,Sunlight Peak,39.426400,-107.379900,3218.0
CO93_CFA,Buffalo Pass - Dry Lake,40.534700,-106.781100,2538.0
CO93_F-AAS,Buffalo Pass - Dry Lake,40.534700,-106.781100,2538.0
CO93_IC,Buffalo Pass - Dry Lake,40.534700,-106.781100,2538.0
CO93_PH-M,Buffalo Pass - Dry Lake,40.534700,-106.781100,2538.0
CO93_RG,Buffalo Pass - Dry Lake,40.534700,-106.781100,2538.0
CO94_CFA,Sugarloaf,39.993900,-105.480000,2524.0
CO94_F-AAS,Sugarloaf,39.993900,-105.480000,2524.0
CO94_IC,Sugarloaf,39.993900,-105.480000,2524.0
CO94_PH-M,Sugarloaf,39.993900,-105.480000,2524.0
CO94_RG,Sugarloaf,39.993900,-105.480000,2524.0
CO96_CFA,Molas Pass,37.750000,-107.689000,3248.0
CO96_CV-AFS,Molas Pass,37.750000,-107.689000,3248.0
CO96_F-AAS,Molas Pass,37.750000,-107.689000,3248.0
CO96_IC,Molas Pass,37.750000,-107.689000,3248.0
CO96_PH-M,Molas Pass,37.750000,-107.689000,3248.0
CO96_RG,Molas Pass,37.750000,-107.689000,3248.0
CO97_CFA,Buffalo Pass - Summit Lake,40.538300,-106.676600,3234.0
CO97_CV-AFS,Buffalo Pass - Summit Lake,40.538300,-106.676600,3234.0
CO97_F-AAS,Buffalo Pass - Summit Lake,40.538300,-106.676600,3234.0
CO97_IC,Buffalo Pass - Summit Lake,40.538300,-106.676600,3234.0
CO97_PH-M,Buffalo Pass - Summit Lake,40.538300,-106.676600,3234.0
CO97_RG,Buffalo Pass - Summit Lake,40.538300,-106.676600,3234.0
CO98_CFA,Rocky Mountain National Park-Loch Vale,40.287800,-105.662800,3159.0
CO98_F-AAS,Rocky Mountain National Park-Loch Vale,40.287800,-105.662800,3159.0
CO98_IC,Rocky Mountain National Park-Loch Vale,40.287800,-105.662800,3159.0
CO98_PH-M,Rocky Mountain National Park-Loch Vale,40.287800,-105.662800,3159.0
CO98_RG,Rocky Mountain National Park-Loch Vale,40.287800,-105.662800,3159.0
CO99_CFA,Mesa Verde National Park-Chapin Mesa,37.197900,-108.491000,2162.0
CO99_CV-AFS,Mesa Verde National Park-Chapin Mesa,37.197900,-108.491000,2162.0
CO99_F-AAS,Mesa Verde National Park-Chapin Mesa,37.197900,-108.491000,2162.0
CO99_IC,Mesa Verde National Park-Chapin Mesa,37.197900,-108.491000,2162.0
CO99_PH-M,Mesa Verde National Park-Chapin Mesa,37.197900,-108.491000,2162.0
CO99_RG,Mesa Verde National Park-Chapin Mesa,37.197900,-108.491000,2162.0
CRPSMMalindi_P-D,Crpsm Malindi,-2.996000,40.194500,12.0
CT15_CFA,Abington,41.840000,-72.010100,209.0
CT15_F-AAS,Abington,41.840000,-72.010100,209.0
CT15_IC,Abington,41.840000,-72.010100,209.0
CT15_PH-M,Abington,41.840000,-72.010100,209.0
CT15_RG,Abington,41.840000,-72.010100,209.0
CUIABA-MIRANDA_P-D,Cuiaba-Miranda,-15.730910,-56.070860,210.0
CUIABA-MIRANDA_P-S,Cuiaba-Miranda,-15.730910,-56.070860,210.0
CUT-TEPAK_P-D,Cut-Tepak,34.674806,33.042750,22.0
CUT-TEPAK_P-S,Cut-Tepak,34.674806,33.042750,22.0
CZ0003R_ATH,Kosetice (Naok),49.573394,15.080278,535.0
CZ0003R_NP,Kosetice (Naok),49.573394,15.080278,538.0
CZ0003R_RG,Kosetice (Naok),49.573394,15.080278,535.0
CZ0003R_UNK,Kosetice (Naok),49.573394,15.080278,535.0
CZ0005R_RG,Churanov,49.066667,13.600000,1118.0
CZ0005R_UNK,Churanov,49.066667,13.600000,1118.0
CachoeiraPaulista_P-D,Cachoeira Paulista,-22.689000,-45.006000,574.0
CachoeiraPaulista_P-S,Cachoeira Paulista,-22.689000,-45.006000,574.0
CaillouelCOBIACC_P-D,Caillouel Cobiacc,49.619914,3.126810,53.0
CaillouelCOBIACC_P-S,Caillouel Cobiacc,49.619914,3.126810,53.0
Camaguey_P-D,Camaguey,21.422300,-77.849900,122.0
Camaguey_P-S,Camaguey,21.422300,-77.849900,122.0
CamborneMO_P-D,Camborne Mo,50.217820,-5.326560,87.0
CamborneMO_P-S,Camborne Mo,50.217820,-5.326560,87.0
CampoGrandeSONDA_P-D,Campo Grande Sonda,-20.438617,-54.538742,677.0
CapeSanJuan_P-D,Cape San Juan,18.384500,-65.619900,15.0
CapeSanJuan_P-S,Cape San Juan,18.384500,-65.619900,15.0
CapoVerde_P-D,Capo Verde,16.732500,-22.935499,60.0
CapoVerde_P-S,Capo Verde,16.732500,-22.935499,60.0
CasablancaPlatform_P-S,Casablanca Platform,40.717000,1.358000,35.0
CascadeAirport_P-D,Cascade Airport,44.495286,-116.016825,1447.0
CascadeAirport_P-S,Cascade Airport,44.495286,-116.016825,1447.0
CerroPoyos_P-D,Cerro Poyos,37.108869,-3.487261,1809.0
CerroPoyos_P-S,Cerro Poyos,37.108869,-3.487261,1809.0
Chapais_P-D,Chapais,49.822433,-74.975400,373.4
Chapais_P-S,Chapais,49.822433,-74.975400,373.4
ChiangMaiMetSta_P-D,Chiang Mai Met Sta,18.771125,98.972467,312.0
ChiangMaiMetSta_P-S,Chiang Mai Met Sta,18.771125,98.972467,312.0
Chilbolton_P-D,Chilbolton,51.144460,-1.436980,88.0
Chilbolton_P-S,Chilbolton,51.144460,-1.436980,88.0
Churchill_P-D,Churchill,58.736000,-93.818167,10.0
Churchill_P-S,Churchill,58.736000,-93.818167,10.0
CliffCreek1_P-D,Cliff Creek 1,45.108708,-114.843318,1351.0
CliffCreek1_P-S,Cliff Creek 1,45.108708,-114.843318,1351.0
CliffCreek2_P-D,Cliff Creek 2,45.115091,-114.843248,1552.0
CliffCreek2_P-S,Cliff Creek 2,45.115091,-114.843248,1552.0
CliffCreek3_P-D,Cliff Creek 3,45.115417,-114.836824,1727.0
CliffCreek3_P-S,Cliff Creek 3,45.115417,-114.836824,1727.0
CliffCreek4_P-D,Cliff Creek 4,45.123432,-114.839380,2024.0
CliffCreek4_P-S,Cliff Creek 4,45.123432,-114.839380,2024.0
CliffCreek5_P-D,Cliff Creek 5,45.129928,-114.846827,2068.0
CliffCreek5_P-S,Cliff Creek 5,45.129928,-114.846827,2068.0
CliffCreek6_P-D,Cliff Creek 6,45.144171,-114.845318,2232.0
CliffCreek6_P-S,Cliff Creek 6,45.144171,-114.845318,2232.0
Coruna_P-D,Coruna,43.363000,-8.420800,67.0
Coruna_P-S,Coruna,43.363000,-8.420800,67.0
CroisicUTLN_P-D,Croisic Utln,47.293606,-2.513400,6.0
DE0001R_CV-AFS,Westerland,54.925556,8.309722,5.0
DE0001R_IC,Westerland,54.925556,8.309722,5.0
DE0001R_ICP-MS,Westerland,54.925556,8.309722,5.0
DE0001R_PH-M,Westerland,54.925556,8.309722,1007.9
DE0001R_RG,Westerland,54.925556,8.309722,12.0
DE0002R_CV-AFS,Waldhof,52.802222,10.759444,74.0
DE0002R_IC,Waldhof,52.802222,10.759444,74.0
DE0002R_ICP-MS,Waldhof,52.802222,10.759444,74.0
DE0002R_MAAP,Waldhof,52.802222,10.759444,74.0
DE0002R_PH-M,Waldhof,52.802222,10.759444,1007.9
DE0002R_RG,Waldhof,52.802222,10.759444,74.0
DE0003R_CV-AFS,Schauinsland,47.914722,7.908611,1205.0
DE0003R_IC,Schauinsland,47.914722,7.908611,1205.0
DE0003R_ICP-MS,Schauinsland,47.914722,7.908611,1205.0
DE0003R_PH-M,Schauinsland,47.914722,7.908611,1007.9
DE0003R_RG,Schauinsland,47.914722,7.908611,1205.0
DE0007R_IC,Neuglobsow,53.141303,13.031662,62.0
DE0007R_ICP-MS,Neuglobsow,53.141303,13.031662,62.0
DE0007R_MAAP,Neuglobsow,53.141303,13.031662,62.0
DE0007R_PH-M,Neuglobsow,53.141303,13.031662,1007.9
DE0007R_RG,Neuglobsow,53.141303,13.031662,62.0
DE0008R_CV-AFS,Schmücke,50.650000,10.766667,937.0
DE0008R_IC,Schmücke,50.650000,10.766667,937.0
DE0008R_ICP-MS,Schmücke,50.650000,10.766667,937.0
DE0008R_PH-M,Schmücke,50.650000,10.766667,1007.9
DE0008R_RG,Schmücke,50.650000,10.766667,937.0
DE0009R_CV-AFS,Zingst,54.436800,12.724900,1.0
DE0009R_IC,Zingst,54.436800,12.724900,1.0
DE0009R_ICP-MS,Zingst,54.436800,12.724900,1.0
DE0009R_PH-M,Zingst,54.436800,12.724900,1007.9
DE0009R_RG,Zingst,54.436800,12.724900,1.0
DE0043G_MAAP,Hohenpeissenberg,47.801498,11.009619,975.0
DE0043G_NP,Hohenpeissenberg,47.801498,11.009619,975.0
DE0044R_MAAP,Melpitz,51.525500,12.927700,87.0
DE0044R_NP,Melpitz,51.525500,12.927700,87.0
DE0054R_MAAP,Zugspitze-Schneefernerhaus,47.416500,10.979640,2650.0
DE0054R_NP,Zugspitze-Schneefernerhaus,47.416500,10.979640,2671.0
DE0055B_MAAP--S1,Leipzig,51.352500,12.434600,118.0
DE0060G_MAAP,Neumayer,-70.666000,-8.266000,42.0
DE0060G_NP,Neumayer,-70.666000,-8.266000,42.0
DE0066K_MAAP,Leipzig-Eisenbahnstrasse,51.345833,12.406389,111.0
DE0067K_MAAP,Leipzig-Mitte,51.344167,12.377222,111.0
DK0005R_CFA,Keldsnor,54.746495,10.736160,1.0
DK0005R_IC,Keldsnor,54.746495,10.736160,1.0
DK0005R_ICP-MS,Keldsnor,54.746495,10.736160,1.0
DK0005R_RG,Keldsnor,54.746495,10.736160,10.0
DK0008R_CFA,Anholt,56.717306,11.520722,1.0
DK0008R_IC,Anholt,56.717306,11.520722,1.0
DK0008R_ICP-MS,Anholt,56.717306,11.520722,1.0
DK0008R_RG,Anholt,56.717306,11.520722,1.0
DK0022R_CFA,Sepstrup Sande,56.083109,9.420733,1.0
DK0022R_IC,Sepstrup Sande,56.083109,9.420733,1.0
DK0022R_ICP-MS,Sepstrup Sande,56.083109,9.420733,1.0
DK0022R_RG,Sepstrup Sande,56.083109,9.420733,1.0
DK0025G_CLAP,Summit,72.580002,-38.480000,3238.0
DK0025G_NP,Summit,72.580002,-38.480000,3238.0
DK0031R_ICP-MS,Ulborg,56.290424,8.427486,30.0
DK0031R_RG--S1,Ulborg,56.290424,8.427486,30.0
DRAGONGangneungWNU_P-D,Dragon Gangneungwnu,37.771000,128.867000,60.0
Dakar_P-D,Dakar,14.394167,-16.958611,21.0
Dakar_P-S,Dakar,14.394167,-16.958611,21.0
Dalanzadgad_P-D,Dalanzadgad,43.577222,104.419167,1470.0
Dalanzadgad_P-S,Dalanzadgad,43.577222,104.419167,1470.0
Davos_P-D,Davos,46.812810,9.843690,1589.0
Davos_P-S,Davos,46.812810,9.843690,1589.0
Dayton_P-D,Dayton,39.775977,-84.109618,243.0
Dayton_P-S,Dayton,39.775977,-84.109618,243.0
DibrugarhUniv_P-D,Dibrugarh Univ,27.450850,94.896889,119.0
DibrugarhUniv_P-S,Dibrugarh Univ,27.450850,94.896889,119.0
DoiAngKhang_P-D,Doi Ang Khang,19.932450,99.045400,1536.0
DoiAngKhang_P-S,Doi Ang Khang,19.932450,99.045400,1536.0
DongshaIsland_P-D,Dongsha Island,20.698556,116.728833,5.0
DongshaIsland_P-S,Dongsha Island,20.698556,116.728833,5.0
Dunkerque_P-D,Dunkerque,51.035350,2.368117,5.0
Dunkerque_P-S,Dunkerque,51.035350,2.368117,5.0
Dushanbe_P-D,Dushanbe,38.553264,68.857911,821.0
Dushanbe_P-S,Dushanbe,38.553264,68.857911,821.0
EE0009R_RG,Lahemaa,59.500000,25.900000,32.0
EE0009R_UNK,Lahemaa,59.500000,25.900000,32.0
EE0011R_RG,Vilsandi,58.383333,21.816667,6.0
EE0011R_UNK,Vilsandi,58.383333,21.816667,6.0
EPA-ResTrianglePk_P-D,Epa-Res Triangle Pk,35.880000,-78.870000,109.0
EPA-ResTrianglePk_P-S,Epa-Res Triangle Pk,35.880000,-78.870000,109.0
ES0001R_RG,San Pablo De Los Montes,39.546940,-4.350560,917.0
ES0001R_UNK,San Pablo De Los Montes,39.546940,-4.350560,917.0
ES0005R_RG,Noia,42.720560,-8.923610,683.0
ES0005R_UNK,Noia,42.720560,-8.923610,683.0
ES0006R_RG,Mahón,39.875280,4.316390,78.0
ES0006R_UNK,Mahón,39.875280,4.316390,78.0
ES0007R_RG,Víznar,37.237220,-3.534170,1230.0
ES0007R_UNK,Víznar,37.237220,-3.534170,1230.0
ES0008R_RG,Niembro,43.439170,-4.850000,134.0
ES0008R_UNK,Niembro,43.439170,-4.850000,134.0
ES0009R_RG,Campisabalos,41.274170,-3.142500,1360.0
ES0009R_UNK,Campisabalos,41.274170,-3.142500,1360.0
ES0010R_RG,Cabo De Creus,42.319170,3.315830,76.0
ES0011R_RG,Barcarrota,38.472780,-6.923610,393.0
ES0011R_UNK,Barcarrota,38.472780,-6.923610,393.0
ES0012R_RG,Zarra,39.082780,-1.101110,885.0
ES0012R_UNK,Zarra,39.082780,-1.101110,885.0
ES0013R_RG,Penausende,41.238890,-5.897500,985.0
ES0013R_UNK,Penausende,41.238890,-5.897500,985.0
ES0014R_RG,Els Torms,41.393890,0.734720,470.0
ES0014R_UNK,Els Torms,41.393890,0.734720,470.0
ES0016R_RG,O Saviñao,42.634720,-7.704720,506.0
ES0016R_UNK,O Saviñao,42.634720,-7.704720,506.0
ES0017R_RG,Doñana,37.051940,-6.555280,35.0
ES0017R_UNK,Doñana,37.051940,-6.555280,35.0
ES0018G_MAAP,Izana,28.309000,-16.499400,2373.0
ES0018G_NP,Izana,28.309000,-16.499400,2373.0
ES0020U_MAAP,Granada,37.164000,-3.605000,680.0
ES0020U_NP,Granada,37.164000,-3.605000,680.0
ES0022R_MAAP,Montsec,42.051340,0.729560,1571.0
ES0022R_NP,Montsec,42.051340,0.729560,1571.0
ES0100R_CLAP,El Arenosillo,37.100000,-6.733333,41.0
ES0100R_NP,El Arenosillo,37.100000,-6.733333,41.0
ETNAVENA_P-D,Etna Vena,37.790500,15.138600,735.0
ETNAVENA_P-S,Etna Vena,37.790500,15.138600,735.0
Easton-MDE_P-D,Easton-Mde,38.794972,-76.084250,4.5
Easton-MDE_P-S,Easton-Mde,38.794972,-76.084250,4.5
Eforie_P-D,Eforie,44.075000,28.632222,40.0
Eforie_P-S,Eforie,44.075000,28.632222,40.0
Egbert_P-D,Egbert,44.231543,-79.781414,264.0
Egbert_P-S,Egbert,44.231543,-79.781414,264.0
Eilat_P-D,Eilat,29.502500,34.917500,15.0
Eilat_P-S,Eilat,29.502500,34.917500,15.0
ElAlto-Altiplano_P-D,El Alto-Altiplano,-16.509972,-68.198583,4050.0
ElAlto-Altiplano_P-S,El Alto-Altiplano,-16.509972,-68.198583,4050.0
ElArenosillo_P-D,El Arenosillo,37.105000,-6.733472,59.0
ElArenosillo_P-S,El Arenosillo,37.105000,-6.733472,59.0
Ersa_P-D,Ersa,43.003669,9.359289,80.0
Ersa_P-S,Ersa,43.003669,9.359289,80.0
EscuderoStation_P-D,Escudero Station,-62.201500,-58.965700,33.0
EscuderoStation_P-S,Escudero Station,-62.201500,-58.965700,33.0
Evora_P-D,Evora,38.567833,-7.911500,293.0
Evora_P-S,Evora,38.567833,-7.911500,293.0
FI0008R_RG,Kevo,69.750000,27.000000,80.0
FI0008R_UNK,Kevo,69.750000,27.000000,80.0
FI0018R_ICP-MS,Virolahti Iii,60.530020,27.667540,4.0
FI0018R_RG,Virolahti Iii,60.530020,27.667540,4.0
FI0018R_UNK,Virolahti Iii,60.530020,27.667540,4.0
FI0022R_RG,Oulanka,66.320278,29.401667,310.0
FI0022R_UNK,Oulanka,66.320278,29.401667,310.0
FI0036R_ICP-MS,Pallas (Matorova),68.000000,24.237222,340.0
FI0036R_RG,Pallas (Matorova),68.000000,24.237222,340.0
FI0036R_UNK,Pallas (Matorova),68.000000,24.237222,340.0
FI0050R_CLAP,Hyytiälä,61.850000,24.283333,181.0
FI0050R_ICP-MS,Hyytiälä,61.850000,24.283333,181.0
FI0050R_MAAP,Hyytiälä,61.850000,24.283333,181.0
FI0050R_NP,Hyytiälä,61.850000,24.283333,181.0
FI0050R_RG,Hyytiälä,61.850000,24.283333,181.0
FI0050R_UNK,Hyytiälä,61.850000,24.283333,181.0
FI0053R_ICP-MS,Hailuoto Ii,65.000000,24.694167,4.0
FI0053R_RG,Hailuoto Ii,65.000000,24.694167,4.0
FI0053R_UNK,Hailuoto Ii,65.000000,24.694167,4.0
FI0092R_ICP-MS,Hietajärvi,63.166667,30.716667,173.0
FI0092R_UNK,Hietajärvi,63.166667,30.716667,173.0
FI0093R_ICP-MS,Kotinen,61.233333,25.066667,158.0
FI0093R_RG,Kotinen,61.233333,25.066667,158.0
FI0093R_UNK,Kotinen,61.233333,25.066667,158.0
FI0096G_ATH,Pallas (Sammaltunturi),67.973333,24.116111,560.0
FI0096G_MAAP,Pallas (Sammaltunturi),67.973333,24.116111,560.0
FI0096G_NP,Pallas (Sammaltunturi),67.973333,24.116111,560.0
FL00_CFA,Austin-Cary Forest,29.760300,-82.198900,46.0
FL00_F-AAS,Austin-Cary Forest,29.760300,-82.198900,46.0
FL00_IC,Austin-Cary Forest,29.760300,-82.198900,46.0
FL00_PH-M,Austin-Cary Forest,29.760300,-82.198900,46.0
FL00_RG,Austin-Cary Forest,29.760300,-82.198900,46.0
FL05_CFA,Chassahowitzka National Wildlife Refuge,28.748600,-82.555100,3.0
FL05_CV-AFS,Chassahowitzka National Wildlife Refuge,28.748600,-82.555100,3.0
FL05_F-AAS,Chassahowitzka National Wildlife Refuge,28.748600,-82.555100,3.0
FL05_IC,Chassahowitzka National Wildlife Refuge,28.748600,-82.555100,3.0
FL05_PH-M,Chassahowitzka National Wildlife Refuge,28.748600,-82.555100,3.0
FL05_RG,Chassahowitzka National Wildlife Refuge,28.748600,-82.555100,3.0
FL11_CFA,Everglades National Park-Research Center,25.390000,-80.680000,2.0
FL11_CV-AFS,Everglades National Park-Research Center,25.390000,-80.680000,2.0
FL11_F-AAS,Everglades National Park-Research Center,25.390000,-80.680000,2.0
FL11_IC,Everglades National Park-Research Center,25.390000,-80.680000,2.0
FL11_PH-M,Everglades National Park-Research Center,25.390000,-80.680000,2.0
FL11_RG,Everglades National Park-Research Center,25.390000,-80.680000,2.0
FL14_CFA,Quincy,30.548600,-84.600400,60.0
FL14_F-AAS,Quincy,30.548600,-84.600400,60.0
FL14_IC,Quincy,30.548600,-84.600400,60.0
FL14_PH-M,Quincy,30.548600,-84.600400,60.0
FL14_RG,Quincy,30.548600,-84.600400,60.0
FL23_CFA,Sumatra,30.110600,-84.990200,14.0
FL23_F-AAS,Sumatra,30.110600,-84.990200,14.0
FL23_IC,Sumatra,30.110600,-84.990200,14.0
FL23_PH-M,Sumatra,30.110600,-84.990200,14.0
FL23_RG,Sumatra,30.110600,-84.990200,14.0
FL41_CFA,Verna Well Field,27.380100,-82.283100,25.0
FL41_F-AAS,Verna Well Field,27.380100,-82.283100,25.0
FL41_IC,Verna Well Field,27.380100,-82.283100,25.0
FL41_PH-M,Verna Well Field,27.380100,-82.283100,25.0
FL41_RG,Verna Well Field,27.380100,-82.283100,25.0
FL95_CV-AFS,Everglades - South Palm Beach County,26.430300,-80.473900,2.0
FL95_RG,Everglades - South Palm Beach County,26.430300,-80.473900,2.0
FL97_CV-AFS,Everglades-Western Broward County,26.171400,-80.822200,4.0
FL97_RG,Everglades-Western Broward County,26.171400,-80.822200,4.0
FR0008R_GC-MS,Donon,48.500000,7.133333,775.0
FR0008R_IC,Donon,48.500000,7.133333,775.0
FR0008R_RG,Donon,48.500000,7.133333,775.0
FR0009R_GC-MS,Revin,49.900000,4.633333,390.0
FR0009R_IC,Revin,49.900000,4.633333,390.0
FR0009R_RG,Revin,49.900000,4.633333,390.0
FR0010R_IC,Morvan,47.266667,4.083333,620.0
FR0010R_RG,Morvan,47.266667,4.083333,620.0
FR0013R_GC-MS,Peyrusse Vieille,43.616667,0.183333,200.0
FR0013R_IC,Peyrusse Vieille,43.616667,0.183333,200.0
FR0013R_RG,Peyrusse Vieille,43.616667,0.183333,200.0
FR0014R_IC,Montandon,47.300000,6.833333,836.0
FR0014R_RG,Montandon,47.300000,6.833333,836.0
FR0015R_IC,La Tardière,46.650000,-0.750000,133.0
FR0015R_RG,La Tardière,46.650000,-0.750000,133.0
FR0016R_IC,Le Casset,45.000000,6.466667,1750.0
FR0016R_RG,Le Casset,45.000000,6.466667,1750.0
FR0017R_IC,Montfranc,45.800000,2.066667,810.0
FR0017R_RG,Montfranc,45.800000,2.066667,810.0
FR0018R_IC,La Coulonche,48.633333,-0.450000,309.0
FR0018R_RG,La Coulonche,48.633333,-0.450000,309.0
FR0019R_NP,Pic Du Midi,42.936667,0.141944,2877.0
FR0022R_ATH,Observatoire Perenne De L'Environnement,48.562222,5.505556,392.0
FR0022R_NP,Observatoire Perenne De L'Environnement,48.562222,5.505556,392.0
FR0023R_GC-MS,Saint-Nazaire-Le-Désert,44.569444,5.278972,605.0
FR0023R_RG,Saint-Nazaire-Le-Désert,44.569444,5.278972,605.0
FR0024R_GC-MS,Guipry,47.831889,-1.836333,29.5
FR0024R_RG,Guipry,47.831889,-1.836333,29.5
FR0025R_GC-MS,Verneuil,46.814728,2.610008,182.0
FR0025R_RG,Verneuil,46.814728,2.610008,182.0
FR0027U_ATH,Villeneuve D'Ascq,50.611017,3.140350,90.0
FR0027U_NP,Villeneuve D'Ascq,50.611017,3.140350,70.0
FR0028R_GC-MS,Kergoff,48.261978,-2.943831,307.0
FR0028R_RG,Kergoff,48.261978,-2.943831,307.0
FR0030R_MAAP,Puy De Dôme,45.772223,2.964886,1465.0
FR0030R_NP,Puy De Dôme,45.772223,2.964886,1465.0
FR0090R_RG,Porspoder,48.516667,-4.750000,50.0
FR0090R_UNK,Porspoder,48.516667,-4.750000,50.0
Fang_P-D,Fang,19.913397,99.206425,480.0
Fang_P-S,Fang,19.913397,99.206425,480.0
Finokalia-FKL_P-D,Finokalia-Fkl,35.337712,25.669762,258.0
Finokalia-FKL_P-S,Finokalia-Fkl,35.337712,25.669762,258.0
FortMcKay_P-D,Fort Mckay,57.183500,-111.640000,267.0
FortMcKay_P-S,Fort Mckay,57.183500,-111.640000,267.0
FortMcMurray_P-D,Fort Mcmurray,56.752306,-111.476139,360.0
FortMcMurray_P-S,Fort Mcmurray,56.752306,-111.476139,360.0
FowlersGap_P-D,Fowlers Gap,-31.086300,141.700820,181.0
FowlersGap_P-S,Fowlers Gap,-31.086300,141.700820,181.0
Fresno2_P-D,Fresno 2,36.785370,-119.773020,100.0
Fresno2_P-S,Fresno 2,36.785370,-119.773020,100.0
Fresno_P-D,Fresno,36.781733,-119.773167,97.0
Fresno_P-S,Fresno,36.781733,-119.773167,97.0
Fukue_P-D,Fukue,32.752000,128.682000,80.0
Fukue_P-S,Fukue,32.752000,128.682000,80.0
GA09_CFA,Okefenokee National Wildlife Refuge,30.740400,-82.128300,45.0
GA09_CV-AFS,Okefenokee National Wildlife Refuge,30.740400,-82.128300,45.0
GA09_F-AAS,Okefenokee National Wildlife Refuge,30.740400,-82.128300,45.0
GA09_IC,Okefenokee National Wildlife Refuge,30.740400,-82.128300,45.0
GA09_PH-M,Okefenokee National Wildlife Refuge,30.740400,-82.128300,45.0
GA09_RG,Okefenokee National Wildlife Refuge,30.740400,-82.128300,45.0
GA20_CFA,Bellville,32.084900,-81.936700,54.0
GA20_F-AAS,Bellville,32.084900,-81.936700,54.0
GA20_IC,Bellville,32.084900,-81.936700,54.0
GA20_PH-M,Bellville,32.084900,-81.936700,54.0
GA20_RG,Bellville,32.084900,-81.936700,54.0
GA41_CFA,Georgia Station,33.180500,-84.410300,267.0
GA41_F-AAS,Georgia Station,33.180500,-84.410300,267.0
GA41_IC,Georgia Station,33.180500,-84.410300,267.0
GA41_PH-M,Georgia Station,33.180500,-84.410300,267.0
GA41_RG,Georgia Station,33.180500,-84.410300,267.0
GA99_CFA,Chula,31.521700,-83.548200,108.0
GA99_F-AAS,Chula,31.521700,-83.548200,108.0
GA99_IC,Chula,31.521700,-83.548200,108.0
GA99_PH-M,Chula,31.521700,-83.548200,108.0
GA99_RG,Chula,31.521700,-83.548200,108.0
GB0002R_RG,Eskdalemuir,55.313056,-3.204167,243.0
GB0002R_UNK,Eskdalemuir,55.313056,-3.204167,243.0
GB0006R_RG,Lough Navar,54.443056,-7.870000,126.0
GB0006R_UNK,Lough Navar,54.443056,-7.870000,126.0
GB0013R_UNK,Yarner Wood,50.596389,-3.713056,119.0
GB0014R_RG,High Muffles,54.334444,-0.807500,267.0
GB0014R_UNK,High Muffles,54.334444,-0.807500,267.0
GB0015R_RG,Strath Vaich Dam,57.734444,-4.774444,270.0
GB0015R_UNK,Strath Vaich Dam,57.734444,-4.774444,270.0
GB0017R_RG,Heigham Holmes,52.716667,1.616667,12.0
GB0017R_UNK,Heigham Holmes,52.716667,1.616667,12.0
GB0054R_RG,Glen Saugh,56.907222,-2.559167,85.0
GB0054R_UNK,Glen Saugh,56.907222,-2.559167,85.0
GB1055R_RG,Chilbolton Observatory,51.149617,-1.438228,78.0
GB1055R_UNK,Chilbolton Observatory,51.149617,-1.438228,78.0
GR0002R_NP,Finokalia,35.337799,25.669399,250.0
GR0101R_ATH,Helmos Mountain,37.984265,22.196262,2340.0
GR0101R_CLAP,Helmos Mountain,37.984265,22.196262,2314.0
GR0101R_NP,Helmos Mountain,37.984265,22.196262,2314.0
GalataPlatform_P-S,Galata Platform,43.044624,28.193190,31.0
GandhiCollege_P-D,Gandhi College,25.871000,84.127944,60.0
GandhiCollege_P-S,Gandhi College,25.871000,84.127944,60.0
GangneungWNU_P-D,Gangneung Wnu,37.771000,128.867000,60.0
GangneungWNU_P-S,Gangneung Wnu,37.771000,128.867000,60.0
GlasgowMO_P-D,Glasgow Mo,55.906800,-4.531220,59.0
GlasgowMO_P-S,Glasgow Mo,55.906800,-4.531220,59.0
Gloria_P-S,Gloria,44.599970,29.359670,30.0
Gobabeb_P-D,Gobabeb,-23.561619,15.041058,405.0
Gobabeb_P-S,Gobabeb,-23.561619,15.041058,405.0
Goldstone_P-D,Goldstone,35.233333,-116.791667,1100.0
Goldstone_P-S,Goldstone,35.233333,-116.791667,1100.0
Gozo_P-D,Gozo,36.034139,14.264694,111.0
Gozo_P-S,Gozo,36.034139,14.264694,111.0
Granada_P-D,Granada,37.164000,-3.605000,680.0
Granada_P-S,Granada,37.164000,-3.605000,680.0
GrandForks_P-D,Grand Forks,47.911750,-97.325450,268.0
GrandForks_P-S,Grand Forks,47.911750,-97.325450,268.0
GraniteIsland_P-D,Granite Island,46.720800,-87.412000,183.0
GraniteIsland_P-S,Granite Island,46.720800,-87.412000,183.0
Guadeloup_P-D,Guadeloup,16.224920,-61.528378,39.0
GustavDalenTower_P-S,Gustav Dalen Tower,58.594170,17.466830,25.0
HESS_P-D,Hess,-23.273000,16.502944,1818.0
HESS_P-S,Hess,-23.273000,16.502944,1818.0
HU0002R_CLAP,K-Puszta,46.965333,19.544889,125.0
HU0002R_F-AAS,K-Puszta,46.965333,19.544889,128.0
HU0002R_IC,K-Puszta,46.965333,19.544889,128.0
HU0002R_NP,K-Puszta,46.965333,19.544889,125.0
HU0002R_PH-M,K-Puszta,46.965333,19.544889,1007.9
HU0002R_RG,K-Puszta,46.965333,19.544889,125.0
HU0002R_SP,K-Puszta,46.965333,19.544889,128.0
HU0003R_RG,Farkasfa,46.910000,16.320000,313.0
HZR_F-AAS,Khuzhir,53.200000,107.330000,487.0
HZR_IC,Khuzhir,53.200000,107.330000,487.0
HZR_PH-M,Khuzhir,53.200000,107.330000,487.0
HZR_RG,Khuzhir,53.200000,107.330000,487.0
Halifax_P-D,Halifax,44.638000,-63.594000,65.0
Halifax_P-S,Halifax,44.638000,-63.594000,65.0
HamptonUniversity_P-D,Hampton University,37.020400,-76.336500,12.1
HamptonUniversity_P-S,Hampton University,37.020400,-76.336500,12.1
HentiesBay_P-D,Henties Bay,-22.095060,14.259740,20.0
HentiesBay_P-S,Henties Bay,-22.095060,14.259740,20.0
HohenpeissenbergDWD_P-D,Hohenpeissenbergdwd,47.801900,11.011900,989.7
HohenpeissenbergDWD_P-S,Hohenpeissenbergdwd,47.801900,11.011900,989.7
Hornsund_P-D,Hornsund,77.001480,15.540280,12.4
Hornsund_P-S,Hornsund,77.001480,15.540280,12.4
Huambo_P-D,Huambo,-12.867900,15.704600,1670.0
Huambo_P-S,Huambo,-12.867900,15.704600,1670.0
Huancayo-IGP_P-D,Huancayo-Igp,-12.040200,-75.320900,3313.0
Huancayo-IGP_P-S,Huancayo-Igp,-12.040200,-75.320900,3313.0
Hyytiala_P-D,Hyytiala,61.846447,24.295892,191.0
Hyytiala_P-S,Hyytiala,61.846447,24.295892,191.0
IA08_CFA,Big Springs Fish Hatchery,42.909700,-91.470000,229.0
IA08_F-AAS,Big Springs Fish Hatchery,42.909700,-91.470000,229.0
IA08_IC,Big Springs Fish Hatchery,42.909700,-91.470000,229.0
IA08_PH-M,Big Springs Fish Hatchery,42.909700,-91.470000,229.0
IA08_RG,Big Springs Fish Hatchery,42.909700,-91.470000,229.0
IA23_CFA,Mcnay Research Center,40.963100,-93.392500,320.0
IA23_F-AAS,Mcnay Research Center,40.963100,-93.392500,320.0
IA23_IC,Mcnay Research Center,40.963100,-93.392500,320.0
IA23_PH-M,Mcnay Research Center,40.963100,-93.392500,320.0
IA23_RG,Mcnay Research Center,40.963100,-93.392500,320.0
IASBS_P-D,Iasbs,36.705167,48.507111,1805.0
IASBS_P-S,Iasbs,36.705167,48.507111,1805.0
ICIPE-Mbita_P-D,Icipe-Mbita,-0.431525,34.206062,1152.0
ID02_CFA,Priest River Experimental Forest,48.351800,-116.839700,726.0
ID02_F-AAS,Priest River Experimental Forest,48.351800,-116.839700,726.0
ID02_IC,Priest River Experimental Forest,48.351800,-116.839700,726.0
ID02_PH-M,Priest River Experimental Forest,48.351800,-116.839700,726.0
ID02_RG,Priest River Experimental Forest,48.351800,-116.839700,726.0
ID03_CFA,Craters Of The Moon National Monument,43.460500,-113.555100,1807.0
ID03_F-AAS,Craters Of The Moon National Monument,43.460500,-113.555100,1807.0
ID03_IC,Craters Of The Moon National Monument,43.460500,-113.555100,1807.0
ID03_PH-M,Craters Of The Moon National Monument,43.460500,-113.555100,1807.0
ID03_RG,Craters Of The Moon National Monument,43.460500,-113.555100,1807.0
ID11_CFA,Reynolds Creek,43.204900,-116.750000,1200.0
ID11_F-AAS,Reynolds Creek,43.204900,-116.750000,1200.0
ID11_IC,Reynolds Creek,43.204900,-116.750000,1200.0
ID11_PH-M,Reynolds Creek,43.204900,-116.750000,1200.0
ID11_RG,Reynolds Creek,43.204900,-116.750000,1200.0
IDA001A_IC,Jakarta,6.156111,106.842222,7.0
IDA001A_PH-M,Jakarta,6.156111,106.842222,7.0
IDA001A_UNK,Jakarta,6.156111,106.842222,7.0
IDA002_IC,Serpong,6.350556,109.667778,64.0
IDA002_PH-M,Serpong,6.350556,109.667778,64.0
IDA002_UNK,Serpong,6.350556,109.667778,64.0
IDA003_IC,Kototabang,-0.202222,100.318056,845.0
IDA003_PH-M,Kototabang,-0.202222,100.318056,845.0
IDA003_UNK,Kototabang,-0.202222,100.318056,845.0
IDA004_IC,Bandung,6.894722,107.586389,753.0
IDA004_PH-M,Bandung,6.894722,107.586389,753.0
IDA004_UNK,Bandung,6.894722,107.586389,753.0
IDA005_IC,Maros,-4.997222,119.571389,1.0
IDA005_PH-M,Maros,-4.997222,119.571389,1.0
IDA005_UNK,Maros,-4.997222,119.571389,1.0
IDA006_IC,Jembrana,-8.340833,114.617222,24.0
IDA006_PH-M,Jembrana,-8.340833,114.617222,24.0
IDA006_UNK,Jembrana,-8.340833,114.617222,24.0
IDA007_IC,Lombok Barat,-8.636111,116.170833,52.0
IDA007_PH-M,Lombok Barat,-8.636111,116.170833,52.0
IDA007_UNK,Lombok Barat,-8.636111,116.170833,52.0
IE0001R_IC,Valentia Observatory,51.939722,-10.244444,19.0
IE0001R_PH-M,Valentia Observatory,51.939722,-10.244444,1007.9
IE0001R_RG,Valentia Observatory,51.939722,-10.244444,11.0
IE0005R_IC,Oak Park,52.868611,-6.924722,64.0
IE0005R_PH-M,Oak Park,52.868611,-6.924722,1007.9
IE0005R_RG,Oak Park,52.868611,-6.924722,59.0
IE0006R_IC,Malin Head,55.375000,-7.342778,23.0
IE0006R_PH-M,Malin Head,55.375000,-7.342778,1007.9
IE0006R_RG,Malin Head,55.375000,-7.342778,23.0
IE0009R_IC,Johnstown Castle,52.298889,-6.510833,68.0
IE0009R_PH-M,Johnstown Castle,52.298889,-6.510833,1007.9
IE0009R_RG,Johnstown Castle,52.298889,-6.510833,62.0
IERCinzana_P-D,Ier Cinzana,13.278433,-5.933867,285.0
IERCinzana_P-S,Ier Cinzana,13.278433,-5.933867,285.0
IL11_CFA,Bondville,40.052800,-88.371900,212.0
IL11_CV-AFS,Bondville,40.052800,-88.371900,212.0
IL11_F-AAS,Bondville,40.052800,-88.371900,212.0
IL11_IC,Bondville,40.052800,-88.371900,212.0
IL11_PH-M,Bondville,40.052800,-88.371900,212.0
IL11_RG,Bondville,40.052800,-88.371900,212.0
IL46_CFA,Alhambra,38.868900,-89.621900,164.0
IL46_F-AAS,Alhambra,38.868900,-89.621900,164.0
IL46_IC,Alhambra,38.868900,-89.621900,164.0
IL46_PH-M,Alhambra,38.868900,-89.621900,164.0
IL46_RG,Alhambra,38.868900,-89.621900,164.0
IL78_CFA,Monmouth,40.915300,-90.627000,229.0
IL78_F-AAS,Monmouth,40.915300,-90.627000,229.0
IL78_IC,Monmouth,40.915300,-90.627000,229.0
IL78_PH-M,Monmouth,40.915300,-90.627000,229.0
IL78_RG,Monmouth,40.915300,-90.627000,229.0
IMAAPotenza_P-D,Imaa Potenza,40.601254,15.723700,770.0
IMAAPotenza_P-S,Imaa Potenza,40.601254,15.723700,770.0
IMPROVE-MammothCave_P-D,Improve-Mammothcave,37.131800,-86.147900,235.0
IMPROVE-MammothCave_P-S,Improve-Mammothcave,37.131800,-86.147900,235.0
IMS-METU-ERDEMLI_P-D,Ims-Metu-Erdemli,36.565000,34.255000,3.0
IMS-METU-ERDEMLI_P-S,Ims-Metu-Erdemli,36.565000,34.255000,3.0
IN20_CFA,Roush Lake,40.840100,-85.463900,244.0
IN20_F-AAS,Roush Lake,40.840100,-85.463900,244.0
IN20_IC,Roush Lake,40.840100,-85.463900,244.0
IN20_PH-M,Roush Lake,40.840100,-85.463900,244.0
IN20_RG,Roush Lake,40.840100,-85.463900,244.0
IN21_CV-AFS,Clifty Falls State Park,38.762200,-85.420200,256.0
IN21_RG,Clifty Falls State Park,38.762200,-85.420200,256.0
IN22_CFA,Southwest Purdue Agriculture Center,38.740800,-87.485500,134.0
IN22_CV-AFS,Southwest Purdue Agriculture Center,38.740800,-87.485500,134.0
IN22_F-AAS,Southwest Purdue Agriculture Center,38.740800,-87.485500,134.0
IN22_IC,Southwest Purdue Agriculture Center,38.740800,-87.485500,134.0
IN22_PH-M,Southwest Purdue Agriculture Center,38.740800,-87.485500,134.0
IN22_RG,Southwest Purdue Agriculture Center,38.740800,-87.485500,134.0
IN34_CFA,Indiana Dunes National Lakeshore,41.631800,-87.088100,208.0
IN34_CV-AFS,Indiana Dunes National Lakeshore,41.631800,-87.088100,208.0
IN34_F-AAS,Indiana Dunes National Lakeshore,41.631800,-87.088100,208.0
IN34_IC,Indiana Dunes National Lakeshore,41.631800,-87.088100,208.0
IN34_PH-M,Indiana Dunes National Lakeshore,41.631800,-87.088100,208.0
IN34_RG,Indiana Dunes National Lakeshore,41.631800,-87.088100,208.0
IN41_CFA,Agronomy Center For Research And Extension,40.474900,-86.992400,215.0
IN41_F-AAS,Agronomy Center For Research And Extension,40.474900,-86.992400,215.0
IN41_IC,Agronomy Center For Research And Extension,40.474900,-86.992400,215.0
IN41_PH-M,Agronomy Center For Research And Extension,40.474900,-86.992400,215.0
IN41_RG,Agronomy Center For Research And Extension,40.474900,-86.992400,215.0
IS0002R_RG,Irafoss,64.083333,-21.016667,66.0
IS0002R_UNK,Irafoss,64.083333,-21.016667,66.0
IS0091R_UNK,Storhofdi,63.399800,-20.288400,118.0
IT0004R_ATH,Ispra,45.814556,8.635722,209.0
IT0004R_CD,Ispra,45.814556,8.635722,1007.9
IT0004R_IC,Ispra,45.814556,8.635722,209.0
IT0004R_MAAP,Ispra,45.814556,8.635722,209.0
IT0004R_NP,Ispra,45.814556,8.635722,209.0
IT0004R_RG,Ispra,45.814556,8.635722,209.0
IT0009R_MAAP,Monte Cimone,44.193205,10.701429,2165.0
IT0009R_NP,Monte Cimone,44.193205,10.701429,2165.0
IT0015U_MAAP,Lecce (Eco),40.335800,18.124500,36.0
IT0017U_NP,Lecce (University Of Salento),40.334900,18.111400,30.0
IasiLOASL_P-D,Iasi Loasl,47.193056,27.555556,175.0
IasiLOASL_P-S,Iasi Loasl,47.193056,27.555556,175.0
Ilorin_P-D,Ilorin,8.484100,4.674500,400.0
Ilorin_P-S,Ilorin,8.484100,4.674500,400.0
Iqaluit_P-D,Iqaluit,63.747575,-68.542997,15.0
Iqaluit_P-S,Iqaluit,63.747575,-68.542997,15.0
IrbeLighthouse_P-S,Irbe Lighthouse,57.750920,21.722970,38.0
Irkutsk_P-D,Irkutsk,51.799797,103.086644,670.0
Irkutsk_P-S,Irkutsk,51.799797,103.086644,670.0
Ispra_P-S,Ispra,45.803050,8.626700,235.0
Issyk-Kul_P-D,Issyk-Kul,42.622778,76.983056,1650.0
Issyk-Kul_P-S,Issyk-Kul,42.622778,76.983056,1650.0
Itajuba_P-D,Itajuba,-22.413250,-45.452389,856.0
Itajuba_P-S,Itajuba,-22.413250,-45.452389,856.0
Ittoqqortoormiit_P-D,Ittoqqortoormiit,70.484800,-21.951200,68.0
Ittoqqortoormiit_P-S,Ittoqqortoormiit,70.484800,-21.951200,68.0
Izana_P-D,Izana,28.309320,-16.499060,2401.0
Izana_P-S,Izana,28.309320,-16.499060,2401.0
JPA001_IC,Rishiri,45.125000,141.241667,40.0
JPA001_PH-M,Rishiri,45.125000,141.241667,40.0
JPA001_UNK,Rishiri,45.125000,141.241667,40.0
JPA002_IC,Ochiishi,43.161944,145.497222,49.0
JPA002_PH-M,Ochiishi,43.161944,145.497222,49.0
JPA002_UNK,Ochiishi,43.161944,145.497222,49.0
JPA004_IC,Sado-Seki,38.250556,138.400278,129.0
JPA004_PH-M,Sado-Seki,38.250556,138.400278,129.0
JPA004_UNK,Sado-Seki,38.250556,138.400278,129.0
JPA005_IC,Happo,36.696667,137.798056,1850.0
JPA005_PH-M,Happo,36.696667,137.798056,1850.0
JPA005_UNK,Happo,36.696667,137.798056,1850.0
JPA007_IC,Oki,36.288611,133.185000,90.0
JPA007_PH-M,Oki,36.288611,133.185000,90.0
JPA007_UNK,Oki,36.288611,133.185000,90.0
JPA009_IC,Yusuhara,33.379444,132.935000,790.0
JPA009_PH-M,Yusuhara,33.379444,132.935000,790.0
JPA009_UNK,Yusuhara,33.379444,132.935000,790.0
JPA010_IC,Hedo,26.866111,128.248611,60.0
JPA010_PH-M,Hedo,26.866111,128.248611,60.0
JPA010_UNK,Hedo,26.866111,128.248611,60.0
JPA011_IC,Ogasawara,27.092222,142.217222,212.0
JPA011_PH-M,Ogasawara,27.092222,142.217222,212.0
JPA011_UNK,Ogasawara,27.092222,142.217222,212.0
JPA013_IC,Niigata-Maki,37.809167,138.852500,47.0
JPA013_PH-M,Niigata-Maki,37.809167,138.852500,47.0
JPA013_UNK,Niigata-Maki,37.809167,138.852500,47.0
JPA014_IC,Tsushima,34.246667,129.288056,390.0
JPA014_PH-M,Tsushima,34.246667,129.288056,390.0
JPA014_UNK,Tsushima,34.246667,129.288056,390.0
Jabiru_P-D,Jabiru,-12.660700,132.893100,30.0
Jabiru_P-S,Jabiru,-12.660700,132.893100,30.0
Jambi_P-D,Jambi,-1.632445,103.641563,30.0
Jambi_P-S,Jambi,-1.632445,103.641563,30.0
JiParanaSE_P-D,Ji Parana Se,-10.934250,-61.851517,218.0
JiParanaSE_P-S,Ji Parana Se,-10.934250,-61.851517,218.0
KAUSTCampus_P-D,Kaust Campus,22.304833,39.102833,11.2
KAUSTCampus_P-S,Kaust Campus,22.304833,39.102833,11.2
KEMPTENUAS_P-D,Kempten Uas,47.715833,10.314133,718.0
KEMPTENUAS_P-S,Kempten Uas,47.715833,10.314133,718.0
KR0100R_ATH,Anmyeon-Do,36.538334,126.330002,46.0
KR0100R_NP,Anmyeon-Do,36.538334,126.330002,57.7
KR0101R_CLAP,Gosan,33.293917,126.163111,72.0
KR0101R_NP,Gosan,33.293917,126.163111,72.0
KRA002_IC,Cheju(Kosan),33.292222,126.161944,37.0
KRA002_PH-M,Cheju(Kosan),33.292222,126.161944,37.0
KRA002_UNK,Cheju(Kosan),33.292222,126.161944,37.0
KRA003_IC,Imsil,35.602500,127.181389,217.0
KRA003_PH-M,Imsil,35.602500,127.181389,217.0
KRA003_UNK,Imsil,35.602500,127.181389,217.0
KS03_CV-AFS,Reserve,39.979200,-95.568100,265.0
KS03_RG,Reserve,39.979200,-95.568100,265.0
KS05_CV-AFS,Coffey County Lake,38.199200,-95.664600,337.0
KS05_RG,Coffey County Lake,38.199200,-95.664600,337.0
KS07_CFA,Farlington Fish Hatchery,37.651100,-94.803600,281.0
KS07_F-AAS,Farlington Fish Hatchery,37.651100,-94.803600,281.0
KS07_IC,Farlington Fish Hatchery,37.651100,-94.803600,281.0
KS07_PH-M,Farlington Fish Hatchery,37.651100,-94.803600,281.0
KS07_RG,Farlington Fish Hatchery,37.651100,-94.803600,281.0
KS24_CV-AFS,Glen Elder State Park,39.513600,-98.340300,456.0
KS24_RG,Glen Elder State Park,39.513600,-98.340300,456.0
KS31_CFA,Konza Prairie,39.102200,-96.609200,350.0
KS31_F-AAS,Konza Prairie,39.102200,-96.609200,350.0
KS31_IC,Konza Prairie,39.102200,-96.609200,350.0
KS31_PH-M,Konza Prairie,39.102200,-96.609200,350.0
KS31_RG,Konza Prairie,39.102200,-96.609200,350.0
KS32_CFA,Lake Scott State Park,38.671700,-100.916400,863.0
KS32_CV-AFS,Lake Scott State Park,38.671700,-100.916400,863.0
KS32_F-AAS,Lake Scott State Park,38.671700,-100.916400,863.0
KS32_IC,Lake Scott State Park,38.671700,-100.916400,863.0
KS32_PH-M,Lake Scott State Park,38.671700,-100.916400,863.0
KS32_RG,Lake Scott State Park,38.671700,-100.916400,863.0
KS97_CFA,Kickapoo Tribe - Powhattan,39.760300,-95.635800,367.0
KS97_F-AAS,Kickapoo Tribe - Powhattan,39.760300,-95.635800,367.0
KS97_IC,Kickapoo Tribe - Powhattan,39.760300,-95.635800,367.0
KS97_PH-M,Kickapoo Tribe - Powhattan,39.760300,-95.635800,367.0
KS97_RG,Kickapoo Tribe - Powhattan,39.760300,-95.635800,367.0
KWZ_F-AAS,Caucasus Biospheric Reserve,43.680000,40.200000,465.0
KWZ_IC,Caucasus Biospheric Reserve,43.680000,40.200000,465.0
KWZ_PH-M,Caucasus Biospheric Reserve,43.680000,40.200000,465.0
KWZ_RG,Caucasus Biospheric Reserve,43.680000,40.200000,465.0
KY03_CFA,Mackville,37.704700,-85.048900,293.0
KY03_F-AAS,Mackville,37.704700,-85.048900,293.0
KY03_IC,Mackville,37.704700,-85.048900,293.0
KY03_PH-M,Mackville,37.704700,-85.048900,293.0
KY03_RG,Mackville,37.704700,-85.048900,293.0
KY10_CFA,Mammoth Cave National Park-Houchin Meadow,37.131700,-86.148000,236.0
KY10_CV-AFS,Mammoth Cave National Park-Houchin Meadow,37.131700,-86.148000,236.0
KY10_F-AAS,Mammoth Cave National Park-Houchin Meadow,37.131700,-86.148000,236.0
KY10_IC,Mammoth Cave National Park-Houchin Meadow,37.131700,-86.148000,236.0
KY10_PH-M,Mammoth Cave National Park-Houchin Meadow,37.131700,-86.148000,236.0
KY10_RG,Mammoth Cave National Park-Houchin Meadow,37.131700,-86.148000,236.0
KY19_CFA,Cannons Lane,38.228800,-85.654500,177.0
KY19_F-AAS,Cannons Lane,38.228800,-85.654500,177.0
KY19_IC,Cannons Lane,38.228800,-85.654500,177.0
KY19_PH-M,Cannons Lane,38.228800,-85.654500,177.0
KY19_RG,Cannons Lane,38.228800,-85.654500,177.0
KY22_CFA,Lilley Cornett Woods,37.077800,-82.993600,335.0
KY22_F-AAS,Lilley Cornett Woods,37.077800,-82.993600,335.0
KY22_IC,Lilley Cornett Woods,37.077800,-82.993600,335.0
KY22_PH-M,Lilley Cornett Woods,37.077800,-82.993600,335.0
KY22_RG,Lilley Cornett Woods,37.077800,-82.993600,335.0
KY35_CFA,Clark State Fish Hatchery,38.118300,-83.546900,204.0
KY35_F-AAS,Clark State Fish Hatchery,38.118300,-83.546900,204.0
KY35_IC,Clark State Fish Hatchery,38.118300,-83.546900,204.0
KY35_PH-M,Clark State Fish Hatchery,38.118300,-83.546900,204.0
KY35_RG,Clark State Fish Hatchery,38.118300,-83.546900,204.0
KY99_CFA,Mulberry Flat,36.902900,-88.012100,110.0
KY99_F-AAS,Mulberry Flat,36.902900,-88.012100,110.0
KY99_IC,Mulberry Flat,36.902900,-88.012100,110.0
KY99_PH-M,Mulberry Flat,36.902900,-88.012100,110.0
KY99_RG,Mulberry Flat,36.902900,-88.012100,110.0
Kangerlussuaq_P-D,Kangerlussuaq,66.995800,-50.621400,320.0
Kangerlussuaq_P-S,Kangerlussuaq,66.995800,-50.621400,320.0
Kanpur_P-D,Kanpur,26.512778,80.231639,123.0
Kanpur_P-S,Kanpur,26.512778,80.231639,123.0
KanzelhoheObs_P-D,Kanzelhohe Obs,46.677232,13.901269,1526.0
KanzelhoheObs_P-S,Kanzelhohe Obs,46.677232,13.901269,1526.0
Karlsruhe_P-D,Karlsruhe,49.093300,8.427900,140.0
Karlsruhe_P-S,Karlsruhe,49.093300,8.427900,140.0
KelloggLTER_P-D,Kellogg Lter,42.407983,-85.371717,293.0
KelloggLTER_P-S,Kellogg Lter,42.407983,-85.371717,293.0
KelownaUAS_P-D,Kelowna Uas,49.941294,-119.400111,456.0
KelownaUAS_P-S,Kelowna Uas,49.941294,-119.400111,456.0
Kelowna_P-D,Kelowna,49.955333,-119.373000,344.0
KluaneLake_P-D,Kluane Lake,61.027000,-138.410000,773.0
KluaneLake_P-S,Kluane Lake,61.027000,-138.410000,773.0
KoforiduaANUC_P-D,Koforidua Anuc,6.109408,-0.302058,205.0
KoforiduaANUC_P-S,Koforidua Anuc,6.109408,-0.302058,205.0
Kuching_P-D,Kuching,1.490556,110.348611,28.0
Kuching_P-S,Kuching,1.490556,110.348611,28.0
Kuopio_P-D,Kuopio,62.892414,27.633606,105.0
Kuopio_P-S,Kuopio,62.892414,27.633606,105.0
Kupang_P-D,Kupang,-10.139178,123.667097,30.0
Kupang_P-S,Kupang,-10.139178,123.667097,30.0
KwajaleinAtoll_P-D,Kwajalein Atoll,8.847490,167.742808,2.0
KwajaleinAtoll_P-S,Kwajalein Atoll,8.847490,167.742808,2.0
KyanjinGompa_P-D,Kyanjin Gompa,28.211258,85.566300,3862.0
KyanjinGompa_P-S,Kyanjin Gompa,28.211258,85.566300,3862.0
Kyiv_P-D,Kyiv,50.363611,30.496667,200.0
Kyiv_P-S,Kyiv,50.363611,30.496667,200.0
LA12_CFA,Iberia Research Station,29.931000,-91.716500,6.0
LA12_F-AAS,Iberia Research Station,29.931000,-91.716500,6.0
LA12_IC,Iberia Research Station,29.931000,-91.716500,6.0
LA12_PH-M,Iberia Research Station,29.931000,-91.716500,6.0
LA12_RG,Iberia Research Station,29.931000,-91.716500,6.0
LA30_CFA,Southeast Research Station,30.781900,-90.202100,77.0
LA30_F-AAS,Southeast Research Station,30.781900,-90.202100,77.0
LA30_IC,Southeast Research Station,30.781900,-90.202100,77.0
LA30_PH-M,Southeast Research Station,30.781900,-90.202100,77.0
LA30_RG,Southeast Research Station,30.781900,-90.202100,77.0
LAMTO-STATION_P-D,Lamto-Station,6.223517,-5.026617,105.0
LAMTO-STATION_P-S,Lamto-Station,6.223517,-5.026617,105.0
LAMTO_IC,"Lamto, Côte D'Ivoire",6.216666,-5.033333,105.0
LAMTO_RG,"Lamto, Côte D'Ivoire",6.216666,-5.033333,105.0
LAQUILACoppito_P-D,Laquila Coppito,42.368386,13.350636,656.0
LAQUILACoppito_P-S,Laquila Coppito,42.368386,13.350636,656.0
LFS_F-AAS,Long Feng Shan,44.733300,127.600000,331.0
LFS_IC,Long Feng Shan,44.733300,127.600000,331.0
LFS_PH-M,Long Feng Shan,44.733300,127.600000,331.0
LFS_RG,Long Feng Shan,44.733300,127.600000,331.0
LISCO_P-S,Lisco,40.954517,-73.341767,12.0
LT0015R_IC,Preila,55.376111,21.030556,5.0
LT0015R_PH-M,Preila,55.376111,21.030556,1007.9
LT0015R_RG,Preila,55.376111,21.030556,5.0
LaCrau_P-D,La Crau,43.576500,4.819000,32.0
LaCrau_P-S,La Crau,43.576500,4.819000,32.0
LaLaguna_P-D,La Laguna,28.481944,-16.321111,568.0
LaLaguna_P-S,La Laguna,28.481944,-16.321111,568.0
LaParguera_P-D,La Parguera,17.970450,-67.045383,12.4
LaParguera_P-S,La Parguera,17.970450,-67.045383,12.4
LaPaz_P-D,La Paz,-16.539000,-68.066467,3439.0
LaPaz_P-S,La Paz,-16.539000,-68.066467,3439.0
LakeArgyle_P-D,Lake Argyle,-16.108100,128.748500,150.0
LakeArgyle_P-S,Lake Argyle,-16.108100,128.748500,150.0
LakeErie_P-S,Lake Erie,41.825600,-83.193600,173.5
LakeLefroy_P-D,Lake Lefroy,-31.255000,121.705000,300.0
LakeLefroy_P-S,Lake Lefroy,-31.255000,121.705000,300.0
LakeOkeechobee_P-S,Lake Okeechobee,26.901700,-80.789200,9.0
LameziaTerme_P-D,Lamezia Terme,38.876400,16.232100,8.0
LameziaTerme_P-S,Lamezia Terme,38.876400,16.232100,8.0
Lampedusa_P-D,Lampedusa,35.516667,12.631667,45.0
Lampedusa_P-S,Lampedusa,35.516667,12.631667,45.0
LangtangBC_P-D,Langtang Bc,28.214431,85.609781,4901.0
LangtangBC_P-S,Langtang Bc,28.214431,85.609781,4901.0
Learmonth_P-D,Learmonth,-22.240700,114.096700,9.0
Learmonth_P-S,Learmonth,-22.240700,114.096700,9.0
LecceUniversity_P-D,Lecce University,40.335111,18.111389,30.0
LecceUniversity_P-S,Lecce University,40.335111,18.111389,30.0
Leipzig_P-D,Leipzig,51.352500,12.435278,125.0
Leipzig_P-S,Leipzig,51.352500,12.435278,125.0
LerwickMO_P-D,Lerwick Mo,60.139372,-1.185113,82.0
LerwickMO_P-S,Lerwick Mo,60.139372,-1.185113,82.0
Lille_P-D,Lille,50.611667,3.141667,60.0
Lille_P-S,Lille,50.611667,3.141667,60.0
LoftusMO_P-D,Loftus Mo,54.562700,-0.861733,159.0
LoftusMO_P-S,Loftus Mo,54.562700,-0.861733,159.0
Lopburi_P-D,Lopburi,15.266667,101.187361,49.3
Lopburi_P-S,Lopburi,15.266667,101.187361,49.3
LuangNamtha_P-D,Luang Namtha,20.931100,101.416200,557.0
LuangNamtha_P-S,Luang Namtha,20.931100,101.416200,557.0
Lubango_P-D,Lubango,-14.958000,13.445000,2047.0
Lubango_P-S,Lubango,-14.958000,13.445000,2047.0
Lucinda_P-S,Lucinda,-18.519800,146.386100,8.0
Lulin_P-D,Lulin,23.468611,120.873611,2868.0
Lulin_P-S,Lulin,23.468611,120.873611,2868.0
LumbiniNorth_P-D,Lumbini North,27.503722,83.282133,89.0
LumbiniNorth_P-S,Lumbini North,27.503722,83.282133,89.0
Lumbini_P-D,Lumbini,27.490000,83.280000,110.0
Lumbini_P-S,Lumbini,27.490000,83.280000,110.0
MA01_CFA,North Atlantic Coastal Lab,41.975900,-70.024100,57.0
MA01_CV-AFS,North Atlantic Coastal Lab,41.975900,-70.024100,57.0
MA01_F-AAS,North Atlantic Coastal Lab,41.975900,-70.024100,57.0
MA01_IC,North Atlantic Coastal Lab,41.975900,-70.024100,57.0
MA01_PH-M,North Atlantic Coastal Lab,41.975900,-70.024100,57.0
MA01_RG,North Atlantic Coastal Lab,41.975900,-70.024100,57.0
MA08_CFA,Quabbin Reservoir,42.392500,-72.344400,306.0
MA08_F-AAS,Quabbin Reservoir,42.392500,-72.344400,306.0
MA08_IC,Quabbin Reservoir,42.392500,-72.344400,306.0
MA08_PH-M,Quabbin Reservoir,42.392500,-72.344400,306.0
MA08_RG,Quabbin Reservoir,42.392500,-72.344400,306.0
MA14_CFA,Nantucket,41.289700,-70.175100,16.0
MA14_F-AAS,Nantucket,41.289700,-70.175100,16.0
MA14_IC,Nantucket,41.289700,-70.175100,16.0
MA14_PH-M,Nantucket,41.289700,-70.175100,16.0
MA14_RG,Nantucket,41.289700,-70.175100,16.0
MCO-Hanimaadhoo_P-D,Mco-Hanimaadhoo,6.776350,73.183183,13.0
MCO-Hanimaadhoo_P-S,Mco-Hanimaadhoo,6.776350,73.183183,13.0
MD0013R_RG,Leova Ii,46.488400,28.283500,166.0
MD08_CFA,Piney Reservoir,39.705300,-79.012200,769.0
MD08_CV-AFS,Piney Reservoir,39.705300,-79.012200,769.0
MD08_F-AAS,Piney Reservoir,39.705300,-79.012200,769.0
MD08_IC,Piney Reservoir,39.705300,-79.012200,769.0
MD08_PH-M,Piney Reservoir,39.705300,-79.012200,769.0
MD08_RG,Piney Reservoir,39.705300,-79.012200,769.0
MD13_CFA,Wye,38.913100,-76.152500,6.0
MD13_F-AAS,Wye,38.913100,-76.152500,6.0
MD13_IC,Wye,38.913100,-76.152500,6.0
MD13_PH-M,Wye,38.913100,-76.152500,6.0
MD13_RG,Wye,38.913100,-76.152500,6.0
MD15_CFA,Smith Island,37.992500,-76.034500,2.0
MD15_F-AAS,Smith Island,37.992500,-76.034500,2.0
MD15_IC,Smith Island,37.992500,-76.034500,2.0
MD15_PH-M,Smith Island,37.992500,-76.034500,2.0
MD15_RG,Smith Island,37.992500,-76.034500,2.0
MD18_CFA,Assateague Island National Seashore-Woodcock,38.251000,-75.159300,
MD18_F-AAS,Assateague Island National Seashore-Woodcock,38.251000,-75.159300,
MD18_IC,Assateague Island National Seashore-Woodcock,38.251000,-75.159300,
MD18_PH-M,Assateague Island National Seashore-Woodcock,38.251000,-75.159300,
MD18_RG,Assateague Island National Seashore-Woodcock,38.251000,-75.159300,
MDScienceCenter_P-D,Md Science Center,39.281230,-76.612052,15.0
MDScienceCenter_P-S,Md Science Center,39.281230,-76.612052,15.0
ME00_CFA,Caribou,46.867500,-68.013400,191.0
ME00_CV-AFS,Caribou,46.867500,-68.013400,191.0
ME00_F-AAS,Caribou,46.867500,-68.013400,191.0
ME00_IC,Caribou,46.867500,-68.013400,191.0
ME00_PH-M,Caribou,46.867500,-68.013400,191.0
ME00_RG,Caribou,46.867500,-68.013400,191.0
ME02_CFA,Bridgton,44.107500,-70.728900,222.0
ME02_CV-AFS,Bridgton,44.107500,-70.728900,222.0
ME02_F-AAS,Bridgton,44.107500,-70.728900,222.0
ME02_IC,Bridgton,44.107500,-70.728900,222.0
ME02_PH-M,Bridgton,44.107500,-70.728900,222.0
ME02_RG,Bridgton,44.107500,-70.728900,222.0
ME04_CFA,Carrabassett Valley,45.080300,-70.211800,259.0
ME04_CV-AFS,Carrabassett Valley,45.080300,-70.211800,259.0
ME04_F-AAS,Carrabassett Valley,45.080300,-70.211800,259.0
ME04_IC,Carrabassett Valley,45.080300,-70.211800,259.0
ME04_PH-M,Carrabassett Valley,45.080300,-70.211800,259.0
ME04_RG,Carrabassett Valley,45.080300,-70.211800,259.0
ME08_CFA,Gilead,44.400300,-71.009800,212.0
ME08_F-AAS,Gilead,44.400300,-71.009800,212.0
ME08_IC,Gilead,44.400300,-71.009800,212.0
ME08_PH-M,Gilead,44.400300,-71.009800,212.0
ME08_RG,Gilead,44.400300,-71.009800,212.0
ME09_CFA,Greenville Station,45.489100,-69.664700,322.0
ME09_CV-AFS,Greenville Station,45.489100,-69.664700,322.0
ME09_F-AAS,Greenville Station,45.489100,-69.664700,322.0
ME09_IC,Greenville Station,45.489100,-69.664700,322.0
ME09_PH-M,Greenville Station,45.489100,-69.664700,322.0
ME09_RG,Greenville Station,45.489100,-69.664700,322.0
ME94_CFA,Indian Township,45.243600,-67.630800,101.0
ME94_F-AAS,Indian Township,45.243600,-67.630800,101.0
ME94_IC,Indian Township,45.243600,-67.630800,101.0
ME94_PH-M,Indian Township,45.243600,-67.630800,101.0
ME94_RG,Indian Township,45.243600,-67.630800,101.0
ME96_CFA,Casco Bay-Wolfe'S Neck Farm,43.832500,-70.064500,15.0
ME96_CV-AFS,Casco Bay-Wolfe'S Neck Farm,43.832500,-70.064500,15.0
ME96_F-AAS,Casco Bay-Wolfe'S Neck Farm,43.832500,-70.064500,15.0
ME96_IC,Casco Bay-Wolfe'S Neck Farm,43.832500,-70.064500,15.0
ME96_PH-M,Casco Bay-Wolfe'S Neck Farm,43.832500,-70.064500,15.0
ME96_RG,Casco Bay-Wolfe'S Neck Farm,43.832500,-70.064500,15.0
ME98_CFA,Acadia National Park-Mcfarland Hill,44.377200,-68.260800,150.0
ME98_CV-AFS,Acadia National Park-Mcfarland Hill,44.377200,-68.260800,150.0
ME98_F-AAS,Acadia National Park-Mcfarland Hill,44.377200,-68.260800,150.0
ME98_IC,Acadia National Park-Mcfarland Hill,44.377200,-68.260800,150.0
ME98_PH-M,Acadia National Park-Mcfarland Hill,44.377200,-68.260800,150.0
ME98_RG,Acadia National Park-Mcfarland Hill,44.377200,-68.260800,150.0
MI09_CFA,Douglas Lake,45.560800,-84.678300,238.0
MI09_CV-AFS,Douglas Lake,45.560800,-84.678300,238.0
MI09_F-AAS,Douglas Lake,45.560800,-84.678300,238.0
MI09_IC,Douglas Lake,45.560800,-84.678300,238.0
MI09_PH-M,Douglas Lake,45.560800,-84.678300,238.0
MI09_RG,Douglas Lake,45.560800,-84.678300,238.0
MI26_CFA,Kellogg Biological Station,42.410300,-85.392800,288.0
MI26_F-AAS,Kellogg Biological Station,42.410300,-85.392800,288.0
MI26_IC,Kellogg Biological Station,42.410300,-85.392800,288.0
MI26_PH-M,Kellogg Biological Station,42.410300,-85.392800,288.0
MI26_RG,Kellogg Biological Station,42.410300,-85.392800,288.0
MI48_CFA,Seney National Wildlife Refuge-Headquarters,46.288900,-85.950400,220.0
MI48_CV-AFS,Seney National Wildlife Refuge-Headquarters,46.288900,-85.950400,220.0
MI48_F-AAS,Seney National Wildlife Refuge-Headquarters,46.288900,-85.950400,220.0
MI48_IC,Seney National Wildlife Refuge-Headquarters,46.288900,-85.950400,220.0
MI48_PH-M,Seney National Wildlife Refuge-Headquarters,46.288900,-85.950400,220.0
MI48_RG,Seney National Wildlife Refuge-Headquarters,46.288900,-85.950400,220.0
MI51_CFA,Unionville,43.613500,-83.359900,201.0
MI51_F-AAS,Unionville,43.613500,-83.359900,201.0
MI51_IC,Unionville,43.613500,-83.359900,201.0
MI51_PH-M,Unionville,43.613500,-83.359900,201.0
MI51_RG,Unionville,43.613500,-83.359900,201.0
MI52_CFA,Ann Arbor,42.416400,-83.901900,267.0
MI52_CV-AFS,Ann Arbor,42.416400,-83.901900,267.0
MI52_F-AAS,Ann Arbor,42.416400,-83.901900,267.0
MI52_IC,Ann Arbor,42.416400,-83.901900,267.0
MI52_PH-M,Ann Arbor,42.416400,-83.901900,267.0
MI52_RG,Ann Arbor,42.416400,-83.901900,267.0
MI53_CFA,Wellston,44.224200,-85.818600,292.0
MI53_F-AAS,Wellston,44.224200,-85.818600,292.0
MI53_IC,Wellston,44.224200,-85.818600,292.0
MI53_PH-M,Wellston,44.224200,-85.818600,292.0
MI53_RG,Wellston,44.224200,-85.818600,292.0
MI99_CFA,Chassell,47.104600,-88.551600,296.0
MI99_F-AAS,Chassell,47.104600,-88.551600,296.0
MI99_IC,Chassell,47.104600,-88.551600,296.0
MI99_PH-M,Chassell,47.104600,-88.551600,296.0
MI99_RG,Chassell,47.104600,-88.551600,296.0
MN01_CFA,Cedar Creek,45.401700,-93.203100,280.0
MN01_F-AAS,Cedar Creek,45.401700,-93.203100,280.0
MN01_IC,Cedar Creek,45.401700,-93.203100,280.0
MN01_PH-M,Cedar Creek,45.401700,-93.203100,280.0
MN01_RG,Cedar Creek,45.401700,-93.203100,280.0
MN06_CV-AFS,Leech Lake,47.158000,-94.150900,1311.0
MN06_RG,Leech Lake,47.158000,-94.150900,1311.0
MN08_CFA,Hovland,47.847100,-89.965000,224.0
MN08_F-AAS,Hovland,47.847100,-89.965000,224.0
MN08_IC,Hovland,47.847100,-89.965000,224.0
MN08_PH-M,Hovland,47.847100,-89.965000,224.0
MN08_RG,Hovland,47.847100,-89.965000,224.0
MN16_CFA,Marcell Experimental Forest,47.531100,-93.468600,431.0
MN16_CV-AFS,Marcell Experimental Forest,47.531100,-93.468600,431.0
MN16_F-AAS,Marcell Experimental Forest,47.531100,-93.468600,431.0
MN16_IC,Marcell Experimental Forest,47.531100,-93.468600,431.0
MN16_PH-M,Marcell Experimental Forest,47.531100,-93.468600,431.0
MN16_RG,Marcell Experimental Forest,47.531100,-93.468600,431.0
MN18_CFA,Fernberg,47.946400,-91.496100,524.0
MN18_CV-AFS,Fernberg,47.946400,-91.496100,524.0
MN18_F-AAS,Fernberg,47.946400,-91.496100,524.0
MN18_IC,Fernberg,47.946400,-91.496100,524.0
MN18_PH-M,Fernberg,47.946400,-91.496100,524.0
MN18_RG,Fernberg,47.946400,-91.496100,524.0
MN23_CFA,Camp Ripley,46.249400,-94.497200,410.0
MN23_CV-AFS,Camp Ripley,46.249400,-94.497200,410.0
MN23_F-AAS,Camp Ripley,46.249400,-94.497200,410.0
MN23_IC,Camp Ripley,46.249400,-94.497200,410.0
MN23_PH-M,Camp Ripley,46.249400,-94.497200,410.0
MN23_RG,Camp Ripley,46.249400,-94.497200,410.0
MN27_CFA,Lamberton,44.237000,-95.301100,367.0
MN27_CV-AFS,Lamberton,44.237000,-95.301100,367.0
MN27_F-AAS,Lamberton,44.237000,-95.301100,367.0
MN27_IC,Lamberton,44.237000,-95.301100,367.0
MN27_PH-M,Lamberton,44.237000,-95.301100,367.0
MN27_RG,Lamberton,44.237000,-95.301100,367.0
MN28_CFA,Grindstone Lake,46.121700,-93.000100,350.0
MN28_F-AAS,Grindstone Lake,46.121700,-93.000100,350.0
MN28_IC,Grindstone Lake,46.121700,-93.000100,350.0
MN28_PH-M,Grindstone Lake,46.121700,-93.000100,350.0
MN28_RG,Grindstone Lake,46.121700,-93.000100,350.0
MN32_CFA,Voyageurs National Park-Sullivan Bay,48.413200,-92.830500,421.0
MN32_F-AAS,Voyageurs National Park-Sullivan Bay,48.413200,-92.830500,421.0
MN32_IC,Voyageurs National Park-Sullivan Bay,48.413200,-92.830500,421.0
MN32_PH-M,Voyageurs National Park-Sullivan Bay,48.413200,-92.830500,421.0
MN32_RG,Voyageurs National Park-Sullivan Bay,48.413200,-92.830500,421.0
MN99_CFA,Wolf Ridge,47.384100,-91.206700,361.0
MN99_F-AAS,Wolf Ridge,47.384100,-91.206700,361.0
MN99_IC,Wolf Ridge,47.384100,-91.206700,361.0
MN99_PH-M,Wolf Ridge,47.384100,-91.206700,361.0
MN99_RG,Wolf Ridge,47.384100,-91.206700,361.0
MNA001_IC,Ulaanbaatar,47.894317,106.882553,1251.0
MNA001_PH-M,Ulaanbaatar,47.894317,106.882553,1251.0
MNA001_UNK,Ulaanbaatar,47.894317,106.882553,1251.0
MNA002_UNK,Terelj,47.985458,107.458447,1550.0
MO03_CFA,Ashland Wildlife Area,38.754000,-92.199400,257.0
MO03_F-AAS,Ashland Wildlife Area,38.754000,-92.199400,257.0
MO03_IC,Ashland Wildlife Area,38.754000,-92.199400,257.0
MO03_PH-M,Ashland Wildlife Area,38.754000,-92.199400,257.0
MO03_RG,Ashland Wildlife Area,38.754000,-92.199400,257.0
MO05_CFA,University Forest,36.910800,-90.318700,165.0
MO05_F-AAS,University Forest,36.910800,-90.318700,165.0
MO05_IC,University Forest,36.910800,-90.318700,165.0
MO05_PH-M,University Forest,36.910800,-90.318700,165.0
MO05_RG,University Forest,36.910800,-90.318700,165.0
MO46_CV-AFS,Mingo National Wildlife Refuge,36.971600,-90.143300,105.0
MO46_RG,Mingo National Wildlife Refuge,36.971600,-90.143300,105.0
MS10_CFA,Clinton,32.306900,-90.318600,86.0
MS10_F-AAS,Clinton,32.306900,-90.318600,86.0
MS10_IC,Clinton,32.306900,-90.318600,86.0
MS10_PH-M,Clinton,32.306900,-90.318600,86.0
MS10_RG,Clinton,32.306900,-90.318600,86.0
MS12_CFA,Grand Bay Nerr,30.429400,-88.427700,2.0
MS12_CV-AFS,Grand Bay Nerr,30.429400,-88.427700,2.0
MS12_F-AAS,Grand Bay Nerr,30.429400,-88.427700,2.0
MS12_IC,Grand Bay Nerr,30.429400,-88.427700,2.0
MS12_PH-M,Grand Bay Nerr,30.429400,-88.427700,2.0
MS12_RG,Grand Bay Nerr,30.429400,-88.427700,2.0
MS19_CFA,Newton,32.326900,-89.208600,134.0
MS19_F-AAS,Newton,32.326900,-89.208600,134.0
MS19_IC,Newton,32.326900,-89.208600,134.0
MS19_PH-M,Newton,32.326900,-89.208600,134.0
MS19_RG,Newton,32.326900,-89.208600,134.0
MS30_CFA,Coffeeville,34.002500,-89.799300,134.0
MS30_F-AAS,Coffeeville,34.002500,-89.799300,134.0
MS30_IC,Coffeeville,34.002500,-89.799300,134.0
MS30_PH-M,Coffeeville,34.002500,-89.799300,134.0
MS30_RG,Coffeeville,34.002500,-89.799300,134.0
MT0001R_MAAP,Giordan Lighthouse,36.072200,14.218400,167.0
MT00_RG,Little Bighorn Battlefield National Monument,45.570100,-107.438000,962.0
MT05_CFA,Glacier National Park-Fire Weather Station,48.510200,-113.997000,964.0
MT05_CV-AFS,Glacier National Park-Fire Weather Station,48.510200,-113.997000,964.0
MT05_F-AAS,Glacier National Park-Fire Weather Station,48.510200,-113.997000,964.0
MT05_IC,Glacier National Park-Fire Weather Station,48.510200,-113.997000,964.0
MT05_PH-M,Glacier National Park-Fire Weather Station,48.510200,-113.997000,964.0
MT05_RG,Glacier National Park-Fire Weather Station,48.510200,-113.997000,964.0
MT07_CFA,Clancy,46.485000,-112.064700,1448.0
MT07_F-AAS,Clancy,46.485000,-112.064700,1448.0
MT07_IC,Clancy,46.485000,-112.064700,1448.0
MT07_PH-M,Clancy,46.485000,-112.064700,1448.0
MT07_RG,Clancy,46.485000,-112.064700,1448.0
MT95_CV-AFS,Badger Peak,45.633500,-106.550100,1312.0
MT95_RG,Badger Peak,45.633500,-106.550100,1312.0
MT96_CFA,Poplar River,48.314900,-105.144000,640.0
MT96_F-AAS,Poplar River,48.314900,-105.144000,640.0
MT96_IC,Poplar River,48.314900,-105.144000,640.0
MT96_PH-M,Poplar River,48.314900,-105.144000,640.0
MT96_RG,Poplar River,48.314900,-105.144000,640.0
MT97_CFA,Lost Trail Pass,45.692000,-113.968000,2401.0
MT97_F-AAS,Lost Trail Pass,45.692000,-113.968000,2401.0
MT97_IC,Lost Trail Pass,45.692000,-113.968000,2401.0
MT97_PH-M,Lost Trail Pass,45.692000,-113.968000,2401.0
MT97_RG,Lost Trail Pass,45.692000,-113.968000,2401.0
MT98_CFA,Havre - Northern Agricultural Research Center,48.500700,-109.798000,819.0
MT98_F-AAS,Havre - Northern Agricultural Research Center,48.500700,-109.798000,819.0
MT98_IC,Havre - Northern Agricultural Research Center,48.500700,-109.798000,819.0
MT98_PH-M,Havre - Northern Agricultural Research Center,48.500700,-109.798000,819.0
MT98_RG,Havre - Northern Agricultural Research Center,48.500700,-109.798000,819.0
MYA002_IC,Tanah Rata,4.484167,101.371389,1545.0
MYA002_PH-M,Tanah Rata,4.484167,101.371389,1545.0
MYA002_UNK,Tanah Rata,4.484167,101.371389,1545.0
MYA003_UNK,Danum Valley,4.981389,117.843611,426.0
MYA004_IC,Kuching,1.490278,110.352500,20.9
MYA004_PH-M,Kuching,1.490278,110.352500,20.9
MYA004_UNK,Kuching,1.490278,110.352500,20.9
Majadas_P-D,Majadas,39.955031,-5.775914,258.0
Majadas_P-S,Majadas,39.955031,-5.775914,258.0
Makassar_P-D,Makassar,-4.997680,119.572270,16.0
Makassar_P-S,Makassar,-4.997680,119.572270,16.0
MaldivesGan_P-D,Maldives Gan,-0.690500,73.150000,4.0
MaldivesGan_P-S,Maldives Gan,-0.690500,73.150000,4.0
ManausEMBRAPA_P-D,Manaus Embrapa,-2.890528,-59.969778,115.0
MandalayMTU_P-D,Mandalay Mtu,21.972896,96.186136,104.0
MandalayMTU_P-S,Mandalay Mtu,21.972896,96.186136,104.0
Marambio_P-D,Marambio,-64.239996,-56.625244,200.0
Marambio_P-S,Marambio,-64.239996,-56.625244,200.0
Martova_P-D,Martova,49.936000,36.953000,120.0
Martova_P-S,Martova,49.936000,36.953000,120.0
MaunTower_P-D,Maun Tower,-19.900000,23.550000,951.0
MaunTower_P-S,Maun Tower,-19.900000,23.550000,951.0
MaunaLoa_P-D,Mauna Loa,19.536006,-155.576755,3402.0
MaunaLoa_P-S,Mauna Loa,19.536006,-155.576755,3402.0
McCallABStandard_P-D,Mccall Ab Standard,44.870242,-116.115561,1524.0
McCallABStandard_P-S,Mccall Ab Standard,44.870242,-116.115561,1524.0
McCallDragon1_P-D,Mccall Dragon 1,44.764000,-116.196200,2247.0
McCallDragon1_P-S,Mccall Dragon 1,44.764000,-116.196200,2247.0
McCallDragon3_P-D,Mccall Dragon 3,45.038500,-116.289400,1179.0
McCallDragon3_P-S,Mccall Dragon 3,45.038500,-116.289400,1179.0
McCallDragon4_P-D,Mccall Dragon 4,45.276700,-115.914600,1865.0
McCallDragon4_P-S,Mccall Dragon 4,45.276700,-115.914600,1865.0
McCallDragon5_P-D,Mccall Dragon 5,45.267400,-115.683400,1774.0
McCallDragon5_P-S,Mccall Dragon 5,45.267400,-115.683400,1774.0
McCallDragon6_P-D,Mccall Dragon 6,45.405600,-116.025500,1139.0
McCallDragon6_P-S,Mccall Dragon 6,45.405600,-116.025500,1139.0
McCallDragon7_P-D,Mccall Dragon 7,45.410500,-116.329500,582.0
McCallDragon7_P-S,Mccall Dragon 7,45.410500,-116.329500,582.0
Medenine-IRA_P-D,Medenine-Ira,33.499633,10.642547,33.5
Medenine-IRA_P-S,Medenine-Ira,33.499633,10.642547,33.5
MeridianDEQ_P-D,Meridian Deq,43.600697,-116.347989,808.0
MeridianDEQ_P-S,Meridian Deq,43.600697,-116.347989,808.0
Messina_P-D,Messina,38.197500,15.566833,15.0
Messina_P-S,Messina,38.197500,15.566833,15.0
MetObsLindenberg_P-D,Metobs Lindenberg,52.209275,14.120870,120.0
MetObsLindenberg_P-S,Metobs Lindenberg,52.209275,14.120870,120.0
Mezaira_P-D,Mezaira,23.104520,53.754660,201.0
Mezaira_P-S,Mezaira,23.104520,53.754660,201.0
Migal_P-D,Migal,33.236394,35.578278,200.0
Migal_P-S,Migal,33.236394,35.578278,200.0
Mingo_P-D,Mingo,36.971700,-90.143200,111.0
Mingo_P-S,Mingo,36.971700,-90.143200,111.0
Minsk_P-D,Minsk,53.920000,27.601000,235.0
Minsk_P-S,Minsk,53.920000,27.601000,235.0
Misamfu_P-D,Misamfu,-10.171200,31.224100,1381.0
Misamfu_P-S,Misamfu,-10.171200,31.224100,1381.0
MissoulaHealthDpt_P-D,Missoula Health Dpt,46.875753,-113.995597,985.0
MissoulaHealthDpt_P-S,Missoula Health Dpt,46.875753,-113.995597,985.0
MissoulaMidslope_P-D,Missoula Midslope,46.999861,-114.025889,1613.0
MissoulaMidslope_P-S,Missoula Midslope,46.999861,-114.025889,1613.0
MissoulaPtSix_P-D,Missoula Pt Six,47.041333,-113.986306,2420.0
MissoulaPtSix_P-S,Missoula Pt Six,47.041333,-113.986306,2420.0
MissoulaWaterworks_P-D,Missoula Waterworks,46.880881,-113.987222,1107.0
MissoulaWaterworks_P-S,Missoula Waterworks,46.880881,-113.987222,1107.0
Missoula_P-D,Missoula,46.916668,-114.083336,976.0
Missoula_P-S,Missoula,46.916668,-114.083336,976.0
Modesto_P-D,Modesto,37.642170,-120.994220,33.0
Modesto_P-S,Modesto,37.642170,-120.994220,33.0
MonguInn_P-D,Mongu Inn,-15.266667,23.134333,1040.0
MonguInn_P-S,Mongu Inn,-15.266667,23.134333,1040.0
Monterey_P-D,Monterey,36.592550,-121.854867,50.0
Monterey_P-S,Monterey,36.592550,-121.854867,50.0
Montsec_P-D,Montsec,42.051417,0.729689,1574.0
Montsec_P-S,Montsec,42.051417,0.729689,1574.0
Murcia_P-D,Murcia,38.001000,-1.170700,69.0
Murcia_P-S,Murcia,38.001000,-1.170700,69.0
NAMCO_P-D,Nam Co,30.772517,90.962450,4746.0
NASAKSC_P-D,Nasa Ksc,28.463763,-80.663476,1.2
NASAKSC_P-S,Nasa Ksc,28.463763,-80.663476,1.2
NASALaRC_P-D,Nasa Larc,37.104960,-76.378640,5.0
NASALaRC_P-S,Nasa Larc,37.104960,-76.378640,5.0
NC03_CFA,Lewiston,36.132500,-77.170800,22.0
NC03_F-AAS,Lewiston,36.132500,-77.170800,22.0
NC03_IC,Lewiston,36.132500,-77.170800,22.0
NC03_PH-M,Lewiston,36.132500,-77.170800,22.0
NC03_RG,Lewiston,36.132500,-77.170800,22.0
NC06_CFA,Beaufort,34.884600,-76.620700,2.0
NC06_F-AAS,Beaufort,34.884600,-76.620700,2.0
NC06_IC,Beaufort,34.884600,-76.620700,2.0
NC06_PH-M,Beaufort,34.884600,-76.620700,2.0
NC06_RG,Beaufort,34.884600,-76.620700,2.0
NC08_CV-AFS,Waccamaw State Park,34.259200,-78.477700,10.0
NC08_RG,Waccamaw State Park,34.259200,-78.477700,10.0
NC17_CFA,University Research Farm,36.067200,-79.734400,238.0
NC17_CV-AFS,University Research Farm,36.067200,-79.734400,238.0
NC17_F-AAS,University Research Farm,36.067200,-79.734400,238.0
NC17_IC,University Research Farm,36.067200,-79.734400,238.0
NC17_PH-M,University Research Farm,36.067200,-79.734400,238.0
NC17_RG,University Research Farm,36.067200,-79.734400,238.0
NC25_CFA,Coweeta,35.060500,-83.430500,686.0
NC25_F-AAS,Coweeta,35.060500,-83.430500,686.0
NC25_IC,Coweeta,35.060500,-83.430500,686.0
NC25_PH-M,Coweeta,35.060500,-83.430500,686.0
NC25_RG,Coweeta,35.060500,-83.430500,686.0
NC26_CV-AFS,Candor,35.263200,-79.836500,198.0
NC26_RG,Candor,35.263200,-79.836500,198.0
NC29_CFA,Hofmann Forest,34.825000,-77.322800,14.0
NC29_F-AAS,Hofmann Forest,34.825000,-77.322800,14.0
NC29_IC,Hofmann Forest,34.825000,-77.322800,14.0
NC29_PH-M,Hofmann Forest,34.825000,-77.322800,14.0
NC29_RG,Hofmann Forest,34.825000,-77.322800,14.0
NC34_CFA,Piedmont Research Station,35.697000,-80.622500,219.0
NC34_F-AAS,Piedmont Research Station,35.697000,-80.622500,219.0
NC34_IC,Piedmont Research Station,35.697000,-80.622500,219.0
NC34_PH-M,Piedmont Research Station,35.697000,-80.622500,219.0
NC34_RG,Piedmont Research Station,35.697000,-80.622500,219.0
NC35_CFA,Clinton Crops Research Station,35.025800,-78.278300,41.0
NC35_F-AAS,Clinton Crops Research Station,35.025800,-78.278300,41.0
NC35_IC,Clinton Crops Research Station,35.025800,-78.278300,41.0
NC35_PH-M,Clinton Crops Research Station,35.025800,-78.278300,41.0
NC35_RG,Clinton Crops Research Station,35.025800,-78.278300,41.0
NC36_CFA,Jordan Creek,34.970500,-79.528100,132.0
NC36_F-AAS,Jordan Creek,34.970500,-79.528100,132.0
NC36_IC,Jordan Creek,34.970500,-79.528100,132.0
NC36_PH-M,Jordan Creek,34.970500,-79.528100,132.0
NC36_RG,Jordan Creek,34.970500,-79.528100,132.0
NC41_CFA,Finley Farm,35.728300,-78.678900,120.0
NC41_F-AAS,Finley Farm,35.728300,-78.678900,120.0
NC41_IC,Finley Farm,35.728300,-78.678900,120.0
NC41_PH-M,Finley Farm,35.728300,-78.678900,120.0
NC41_RG,Finley Farm,35.728300,-78.678900,120.0
NC45_CFA,Mt. Mitchell,35.735300,-82.286100,1987.0
NC45_F-AAS,Mt. Mitchell,35.735300,-82.286100,1987.0
NC45_IC,Mt. Mitchell,35.735300,-82.286100,1987.0
NC45_PH-M,Mt. Mitchell,35.735300,-82.286100,1987.0
NC45_RG,Mt. Mitchell,35.735300,-82.286100,1987.0
ND00_CFA,Theodore Roosevelt National Park-Painted Canyon,46.895100,-103.378000,863.0
ND00_F-AAS,Theodore Roosevelt National Park-Painted Canyon,46.895100,-103.378000,863.0
ND00_IC,Theodore Roosevelt National Park-Painted Canyon,46.895100,-103.378000,863.0
ND00_PH-M,Theodore Roosevelt National Park-Painted Canyon,46.895100,-103.378000,863.0
ND00_RG,Theodore Roosevelt National Park-Painted Canyon,46.895100,-103.378000,863.0
ND01_CV-AFS,Lostwood National Wildlife Refuge,48.641900,-102.402100,691.0
ND01_RG,Lostwood National Wildlife Refuge,48.641900,-102.402100,691.0
ND08_CFA,Icelandic State Park,48.782000,-97.754600,306.0
ND08_F-AAS,Icelandic State Park,48.782000,-97.754600,306.0
ND08_IC,Icelandic State Park,48.782000,-97.754600,306.0
ND08_PH-M,Icelandic State Park,48.782000,-97.754600,306.0
ND08_RG,Icelandic State Park,48.782000,-97.754600,306.0
ND11_CFA,Woodworth,47.124700,-99.238100,578.0
ND11_F-AAS,Woodworth,47.124700,-99.238100,578.0
ND11_IC,Woodworth,47.124700,-99.238100,578.0
ND11_PH-M,Woodworth,47.124700,-99.238100,578.0
ND11_RG,Woodworth,47.124700,-99.238100,578.0
NDMarbelUniv_P-D,Nd Marbel Univ,6.496011,124.842531,70.0
NDMarbelUniv_P-S,Nd Marbel Univ,6.496011,124.842531,70.0
NE15_CFA,Mead,41.152800,-96.491200,352.0
NE15_CV-AFS,Mead,41.152800,-96.491200,352.0
NE15_F-AAS,Mead,41.152800,-96.491200,352.0
NE15_IC,Mead,41.152800,-96.491200,352.0
NE15_PH-M,Mead,41.152800,-96.491200,352.0
NE15_RG,Mead,41.152800,-96.491200,352.0
NE98_CV-AFS,Santee,42.829200,-97.854100,443.0
NE98_RG,Santee,42.829200,-97.854100,443.0
NE99_CFA,North Platte Agricultural Experiment Station,41.059200,-100.746400,919.0
NE99_F-AAS,North Platte Agricultural Experiment Station,41.059200,-100.746400,919.0
NE99_IC,North Platte Agricultural Experiment Station,41.059200,-100.746400,919.0
NE99_PH-M,North Platte Agricultural Experiment Station,41.059200,-100.746400,919.0
NE99_RG,North Platte Agricultural Experiment Station,41.059200,-100.746400,919.0
NEON-CPER_P-D,Neon-Cper,40.812444,-104.744238,1655.0
NEON-CPER_P-S,Neon-Cper,40.812444,-104.744238,1655.0
NEON-Disney_P-D,Neon-Disney,28.125039,-81.436200,19.0
NEON-Disney_P-S,Neon-Disney,28.125039,-81.436200,19.0
NEONBARR_P-D,Neon Barr,71.282410,-156.619360,6.0
NEONBARR_P-S,Neon Barr,71.282410,-156.619360,6.0
NEONBONA_P-D,Neon Bona,65.154033,-147.502583,263.0
NEONBONA_P-S,Neon Bona,65.154033,-147.502583,263.0
NEONBartlett_P-D,Neon Bartlett,44.063881,-71.287203,273.0
NEONBartlett_P-S,Neon Bartlett,44.063881,-71.287203,273.0
NEONCLBJ_P-D,Neon Clbj,33.401230,-97.570000,259.0
NEONCLBJ_P-S,Neon Clbj,33.401230,-97.570000,259.0
NEONDEJU_P-D,Neon Deju,63.881119,-145.751361,529.0
NEONDEJU_P-S,Neon Deju,63.881119,-145.751361,529.0
NEONGRSM_P-D,Neon Grsm,35.688961,-83.501950,579.0
NEONGRSM_P-S,Neon Grsm,35.688961,-83.501950,579.0
NEONGUAN_P-D,Neon Guan,17.969550,-66.868700,128.0
NEONGUAN_P-S,Neon Guan,17.969550,-66.868700,128.0
NEONHEAL_P-D,Neon Heal,63.875689,-149.213339,678.2
NEONHEAL_P-S,Neon Heal,63.875689,-149.213339,678.2
NEONHarvard_P-D,Neon Harvard,42.536900,-72.172661,348.0
NEONHarvard_P-S,Neon Harvard,42.536900,-72.172661,348.0
NEONKONZ_P-D,Neon Konz,39.100770,-96.563090,415.0
NEONKONZ_P-S,Neon Konz,39.100770,-96.563090,415.0
NEONLENO_P-D,Neon Leno,31.853881,-88.161219,43.0
NEONLENO_P-S,Neon Leno,31.853881,-88.161219,43.0
NEONMLBS_P-D,Neon Mlbs,37.378306,-80.524836,1170.0
NEONMLBS_P-S,Neon Mlbs,37.378306,-80.524836,1170.0
NEONMOAB_P-D,Neon Moab,38.248331,-109.388269,1799.0
NEONMOAB_P-S,Neon Moab,38.248331,-109.388269,1799.0
NEONNIWO_P-D,Neon Niwo,40.054250,-105.582369,3513.0
NEONNIWO_P-S,Neon Niwo,40.054250,-105.582369,3513.0
NEONNOGP_P-D,Neon Nogp,46.769719,-100.915350,578.0
NEONNOGP_P-S,Neon Nogp,46.769719,-100.915350,578.0
NEONOAES_P-D,Neon Oaes,35.410590,-99.058790,523.0
NEONOAES_P-S,Neon Oaes,35.410590,-99.058790,523.0
NEONONAQ_P-D,Neon Onaq,40.177589,-112.452439,1656.0
NEONONAQ_P-S,Neon Onaq,40.177589,-112.452439,1656.0
NEONORNL_P-D,Neon Ornl,35.964128,-84.282588,344.0
NEONORNL_P-S,Neon Ornl,35.964128,-84.282588,344.0
NEONOSBS_P-D,Neon Osbs,29.689269,-81.993431,47.0
NEONOSBS_P-S,Neon Osbs,29.689269,-81.993431,47.0
NEONPUUM_P-D,Neon Puum,19.553144,-155.317242,1685.0
NEONPUUM_P-S,Neon Puum,19.553144,-155.317242,1685.0
NEONRMNP_P-D,Neon Rmnp,40.275900,-105.545972,2750.0
NEONRMNP_P-S,Neon Rmnp,40.275900,-105.545972,2750.0
NEONSCBI_P-D,Neon Scbi,38.892919,-78.139500,354.0
NEONSCBI_P-S,Neon Scbi,38.892919,-78.139500,354.0
NEONSJER_P-D,Neon Sjer,37.108780,-119.732280,368.0
NEONSJER_P-S,Neon Sjer,37.108780,-119.732280,368.0
NEONSRER_P-D,Neon Srer,31.910681,-110.835489,983.0
NEONSRER_P-S,Neon Srer,31.910681,-110.835489,983.0
NEONSterling_P-D,Neon Sterling,40.461903,-103.029297,1372.0
NEONSterling_P-S,Neon Sterling,40.461903,-103.029297,1372.0
NEONTALL_P-D,Neon Tall,32.950461,-87.393269,165.0
NEONTALL_P-S,Neon Tall,32.950461,-87.393269,165.0
NEONTEAK_P-D,Neon Teak,37.005831,-119.006019,2147.0
NEONTEAK_P-S,Neon Teak,37.005831,-119.006019,2147.0
NEONTOOL_P-D,Neon Tool,68.661089,-149.370469,843.0
NEONTOOL_P-S,Neon Tool,68.661089,-149.370469,843.0
NEONUKFS_P-D,Neon Ukfs,39.040431,-95.192150,321.0
NEONUKFS_P-S,Neon Ukfs,39.040431,-95.192150,321.0
NEONUNDE_P-D,Neon Unde,46.233881,-89.537250,520.0
NEONUNDE_P-S,Neon Unde,46.233881,-89.537250,520.0
NEONWOOD_P-D,Neon Wood,47.128228,-99.241356,590.0
NEONWOOD_P-S,Neon Wood,47.128228,-99.241356,590.0
NEONWREF_P-D,Neon Wref,45.820488,-121.951912,407.0
NEONWREF_P-S,Neon Wref,45.820488,-121.951912,407.0
NEONYELL_P-D,Neon Yell,44.953480,-110.539140,2116.0
NEONYELL_P-S,Neon Yell,44.953480,-110.539140,2116.0
NF19_CV-AFS,Stephenville,48.561400,-58.565600,62.0
NF19_RG,Stephenville,48.561400,-58.565600,62.0
NH02_CFA,Hubbard Brook,43.943300,-71.702900,250.0
NH02_F-AAS,Hubbard Brook,43.943300,-71.702900,250.0
NH02_IC,Hubbard Brook,43.943300,-71.702900,250.0
NH02_PH-M,Hubbard Brook,43.943300,-71.702900,250.0
NH02_RG,Hubbard Brook,43.943300,-71.702900,250.0
NJ00_CFA,Edwin B. Forsythe National Wildlife Refuge,39.472800,-74.436900,2.0
NJ00_F-AAS,Edwin B. Forsythe National Wildlife Refuge,39.472800,-74.436900,2.0
NJ00_IC,Edwin B. Forsythe National Wildlife Refuge,39.472800,-74.436900,2.0
NJ00_PH-M,Edwin B. Forsythe National Wildlife Refuge,39.472800,-74.436900,2.0
NJ00_RG,Edwin B. Forsythe National Wildlife Refuge,39.472800,-74.436900,2.0
NJ39_CFA,Cattus Island County Park,39.989400,-74.134400,1.0
NJ39_F-AAS,Cattus Island County Park,39.989400,-74.134400,1.0
NJ39_IC,Cattus Island County Park,39.989400,-74.134400,1.0
NJ39_PH-M,Cattus Island County Park,39.989400,-74.134400,1.0
NJ39_RG,Cattus Island County Park,39.989400,-74.134400,1.0
NL0010R_ICP-MS,Vredepeel,51.541111,5.853611,28.0
NL0010R_RG,Vredepeel,51.541111,5.853611,28.0
NM07_CFA,Bandelier National Monument,35.778800,-106.266000,1997.0
NM07_F-AAS,Bandelier National Monument,35.778800,-106.266000,1997.0
NM07_IC,Bandelier National Monument,35.778800,-106.266000,1997.0
NM07_PH-M,Bandelier National Monument,35.778800,-106.266000,1997.0
NM07_RG,Bandelier National Monument,35.778800,-106.266000,1997.0
NM08_CFA,Mayhill,32.909600,-105.471000,2022.0
NM08_F-AAS,Mayhill,32.909600,-105.471000,2022.0
NM08_IC,Mayhill,32.909600,-105.471000,2022.0
NM08_PH-M,Mayhill,32.909600,-105.471000,2022.0
NM08_RG,Mayhill,32.909600,-105.471000,2022.0
NO0001R_UNK,Birkenes,58.383333,8.250000,190.0
NO0002R_NP,Birkenes Ii,58.388530,8.252000,220.0
NO0002R_PSAP,Birkenes Ii,58.388530,8.252000,220.0
NO0015R_IC,Tustervatn,65.833333,13.916667,439.0
NO0015R_PH-M,Tustervatn,65.833333,13.916667,1007.9
NO0015R_RG,Tustervatn,65.833333,13.916667,439.0
NO0039R_IC,Kårvatn,62.783333,8.883333,210.0
NO0039R_PH-M,Kårvatn,62.783333,8.883333,1007.9
NO0039R_RG,Kårvatn,62.783333,8.883333,210.0
NO0039R_UNK,Kårvatn,62.783333,8.883333,210.0
NO0042G_ATH,Zeppelin Mountain (Ny-Ålesund),78.907150,11.886680,474.0
NO0047R_RG,Svanvik,69.450000,30.033333,30.0
NO0047R_UNK,Svanvik,69.450000,30.033333,30.0
NO0056R_IC,Hurdal,60.372386,11.078142,300.0
NO0056R_PH-M,Hurdal,60.372386,11.078142,1007.9
NO0056R_RG,Hurdal,60.372386,11.078142,300.0
NO0057R_IC,Ny-Ålesund,78.925000,11.922222,8.0
NO0057R_PH-M,Ny-Ålesund,78.925000,11.922222,1007.9
NO0057R_RG,Ny-Ålesund,78.925000,11.922222,8.0
NO0059G_NP,Trollhaugen,-72.011700,2.535100,1553.0
NO0059G_PSAP,Trollhaugen,-72.011700,2.535100,1553.0
NO0098R_ICP-MS,Karpdalen,69.656165,30.421796,70.0
NO0098R_RG,Karpdalen,69.656165,30.421796,70.0
NO0098R_UNK,Karpdalen,69.656165,30.421796,70.0
NO0236R_IC,Treungen,59.016667,8.516667,300.0
NO0236R_PH-M,Treungen,59.016667,8.516667,1007.9
NO0236R_RG,Treungen,59.016667,8.516667,300.0
NO0237R_IC,Vatnedalen,59.466667,7.366667,800.0
NO0237R_PH-M,Vatnedalen,59.466667,7.366667,1007.9
NO0237R_RG,Vatnedalen,59.466667,7.366667,800.0
NO0478R_IC,Høylandet,64.646965,12.312422,60.0
NO0478R_PH-M,Høylandet,64.646965,12.312422,1007.9
NO0478R_RG,Høylandet,64.646965,12.312422,60.0
NO0572R_IC,Vikedal,59.536766,5.972167,60.0
NO0572R_PH-M,Vikedal,59.536766,5.972167,1007.9
NO0572R_RG,Vikedal,59.536766,5.972167,60.0
NO0655R_IC,Nausta,61.577408,5.898247,230.0
NO0655R_PH-M,Nausta,61.577408,5.898247,1007.9
NO0655R_RG,Nausta,61.577408,5.898247,230.0
NO1041R_RG,Osen (Forest),61.284167,11.852778,560.0
NO1041R_UNK,Osen (Forest),61.284167,11.852778,560.0
NO1218R_IC,Brekkebygda,60.300000,9.733333,390.0
NO1218R_PH-M,Brekkebygda,60.300000,9.733333,1007.9
NO1218R_RG,Brekkebygda,60.300000,9.733333,390.0
NO1241R_IC,Karpbukt,69.666667,30.366667,20.0
NO1241R_PH-M,Karpbukt,69.666667,30.366667,1007.9
NO1241R_RG,Karpbukt,69.666667,30.366667,20.0
NS01_CV-AFS,Kejimkujik National Park,44.432800,-65.205600,155.0
NS01_RG,Kejimkujik National Park,44.432800,-65.205600,155.0
NSPOTaiwan_P-D,Nspo Taiwan,24.783995,121.001122,99.0
NSPOTaiwan_P-S,Nspo Taiwan,24.783995,121.001122,99.0
NV03_CFA,Smith Valley,38.799200,-119.256700,1501.0
NV03_F-AAS,Smith Valley,38.799200,-119.256700,1501.0
NV03_IC,Smith Valley,38.799200,-119.256700,1501.0
NV03_PH-M,Smith Valley,38.799200,-119.256700,1501.0
NV03_RG,Smith Valley,38.799200,-119.256700,1501.0
NV05_CFA,Great Basin National Park-Lehman Caves,39.005400,-114.217000,2066.0
NV05_F-AAS,Great Basin National Park-Lehman Caves,39.005400,-114.217000,2066.0
NV05_IC,Great Basin National Park-Lehman Caves,39.005400,-114.217000,2066.0
NV05_PH-M,Great Basin National Park-Lehman Caves,39.005400,-114.217000,2066.0
NV05_RG,Great Basin National Park-Lehman Caves,39.005400,-114.217000,2066.0
NY01_CFA,Alfred,42.227600,-77.801600,697.0
NY01_F-AAS,Alfred,42.227600,-77.801600,697.0
NY01_IC,Alfred,42.227600,-77.801600,697.0
NY01_PH-M,Alfred,42.227600,-77.801600,697.0
NY01_RG,Alfred,42.227600,-77.801600,697.0
NY08_CFA,Aurora Research Farm,42.733900,-76.659700,249.0
NY08_F-AAS,Aurora Research Farm,42.733900,-76.659700,249.0
NY08_IC,Aurora Research Farm,42.733900,-76.659700,249.0
NY08_PH-M,Aurora Research Farm,42.733900,-76.659700,249.0
NY08_RG,Aurora Research Farm,42.733900,-76.659700,249.0
NY10_CFA,Chautauqua,42.299400,-79.396400,488.0
NY10_F-AAS,Chautauqua,42.299400,-79.396400,488.0
NY10_IC,Chautauqua,42.299400,-79.396400,488.0
NY10_PH-M,Chautauqua,42.299400,-79.396400,488.0
NY10_RG,Chautauqua,42.299400,-79.396400,488.0
NY20_CFA,Huntington Wildlife,43.973100,-74.223100,500.0
NY20_CV-AFS,Huntington Wildlife,43.973100,-74.223100,500.0
NY20_F-AAS,Huntington Wildlife,43.973100,-74.223100,500.0
NY20_IC,Huntington Wildlife,43.973100,-74.223100,500.0
NY20_PH-M,Huntington Wildlife,43.973100,-74.223100,500.0
NY20_RG,Huntington Wildlife,43.973100,-74.223100,500.0
NY22_CFA,Akwesasne Mohawk-Fort Covington,44.922600,-74.480600,70.0
NY22_F-AAS,Akwesasne Mohawk-Fort Covington,44.922600,-74.480600,70.0
NY22_IC,Akwesasne Mohawk-Fort Covington,44.922600,-74.480600,70.0
NY22_PH-M,Akwesasne Mohawk-Fort Covington,44.922600,-74.480600,70.0
NY22_RG,Akwesasne Mohawk-Fort Covington,44.922600,-74.480600,70.0
NY28_CFA,Piseco Lake,43.433600,-74.500200,519.0
NY28_F-AAS,Piseco Lake,43.433600,-74.500200,519.0
NY28_IC,Piseco Lake,43.433600,-74.500200,519.0
NY28_PH-M,Piseco Lake,43.433600,-74.500200,519.0
NY28_RG,Piseco Lake,43.433600,-74.500200,519.0
NY43_CFA,Rochester,43.146300,-77.548200,136.0
NY43_CV-AFS,Rochester,43.146300,-77.548200,136.0
NY43_F-AAS,Rochester,43.146300,-77.548200,136.0
NY43_IC,Rochester,43.146300,-77.548200,136.0
NY43_PH-M,Rochester,43.146300,-77.548200,136.0
NY43_RG,Rochester,43.146300,-77.548200,136.0
NY52_CFA,Bennett Bridge,43.528200,-75.949200,247.0
NY52_F-AAS,Bennett Bridge,43.528200,-75.949200,247.0
NY52_IC,Bennett Bridge,43.528200,-75.949200,247.0
NY52_PH-M,Bennett Bridge,43.528200,-75.949200,247.0
NY52_RG,Bennett Bridge,43.528200,-75.949200,247.0
NY59_CFA,Wanakena,44.146100,-74.902500,468.0
NY59_F-AAS,Wanakena,44.146100,-74.902500,468.0
NY59_IC,Wanakena,44.146100,-74.902500,468.0
NY59_PH-M,Wanakena,44.146100,-74.902500,468.0
NY59_RG,Wanakena,44.146100,-74.902500,468.0
NY67_CFA,Ithaca,42.401400,-76.658900,503.0
NY67_F-AAS,Ithaca,42.401400,-76.658900,503.0
NY67_IC,Ithaca,42.401400,-76.658900,503.0
NY67_PH-M,Ithaca,42.401400,-76.658900,503.0
NY67_RG,Ithaca,42.401400,-76.658900,503.0
NY68_CFA,Biscuit Brook,41.993600,-74.503100,634.0
NY68_CV-AFS,Biscuit Brook,41.993600,-74.503100,634.0
NY68_F-AAS,Biscuit Brook,41.993600,-74.503100,634.0
NY68_IC,Biscuit Brook,41.993600,-74.503100,634.0
NY68_PH-M,Biscuit Brook,41.993600,-74.503100,634.0
NY68_RG,Biscuit Brook,41.993600,-74.503100,634.0
NY92_CFA,Amherst,42.993100,-78.771700,183.0
NY92_F-AAS,Amherst,42.993100,-78.771700,183.0
NY92_IC,Amherst,42.993100,-78.771700,183.0
NY92_PH-M,Amherst,42.993100,-78.771700,183.0
NY92_RG,Amherst,42.993100,-78.771700,183.0
NY93_CFA,Paul Smith'S,44.434000,-74.246000,498.0
NY93_F-AAS,Paul Smith'S,44.434000,-74.246000,498.0
NY93_IC,Paul Smith'S,44.434000,-74.246000,498.0
NY93_PH-M,Paul Smith'S,44.434000,-74.246000,498.0
NY93_RG,Paul Smith'S,44.434000,-74.246000,498.0
NY94_CFA,Nick'S Lake,43.683300,-74.983300,525.0
NY94_F-AAS,Nick'S Lake,43.683300,-74.983300,525.0
NY94_IC,Nick'S Lake,43.683300,-74.983300,525.0
NY94_PH-M,Nick'S Lake,43.683300,-74.983300,525.0
NY94_RG,Nick'S Lake,43.683300,-74.983300,525.0
NY96_CFA,Cedar Beach-Southold,41.034700,-72.389100,1.0
NY96_CV-AFS,Cedar Beach-Southold,41.034700,-72.389100,1.0
NY96_F-AAS,Cedar Beach-Southold,41.034700,-72.389100,1.0
NY96_IC,Cedar Beach-Southold,41.034700,-72.389100,1.0
NY96_PH-M,Cedar Beach-Southold,41.034700,-72.389100,1.0
NY96_RG,Cedar Beach-Southold,41.034700,-72.389100,1.0
NY98_CFA,Whiteface Mountain,44.393300,-73.859400,610.0
NY98_F-AAS,Whiteface Mountain,44.393300,-73.859400,610.0
NY98_IC,Whiteface Mountain,44.393300,-73.859400,610.0
NY98_PH-M,Whiteface Mountain,44.393300,-73.859400,610.0
NY98_RG,Whiteface Mountain,44.393300,-73.859400,610.0
NY99_CFA,West Point,41.351100,-74.048400,211.0
NY99_F-AAS,West Point,41.351100,-74.048400,211.0
NY99_IC,West Point,41.351100,-74.048400,211.0
NY99_PH-M,West Point,41.351100,-74.048400,211.0
NY99_RG,West Point,41.351100,-74.048400,211.0
Narsarsuaq_P-D,Narsarsuaq,61.155952,-45.419379,75.0
Narsarsuaq_P-S,Narsarsuaq,61.155952,-45.419379,75.0
Natal_P-D,Natal,-5.841500,-35.199500,40.0
NhaTrang_P-D,Nhatrang,12.204722,109.205556,20.0
NhaTrang_P-S,Nhatrang,12.204722,109.205556,20.0
Niassa_P-D,Niassa,-12.155120,37.566560,510.0
Niassa_P-S,Niassa,-12.155120,37.566560,510.0
Nicosia_P-D,Nicosia,35.140628,33.381353,181.0
Nicosia_P-S,Nicosia,35.140628,33.381353,181.0
Niigata_P-D,Niigata,37.846000,138.942000,10.0
Niigata_P-S,Niigata,37.846000,138.942000,10.0
NongKhai_P-D,Nong Khai,17.877200,102.716710,175.0
NongKhai_P-S,Nong Khai,17.877200,102.716710,175.0
Noto_P-D,Noto,37.334444,137.136944,200.0
Noto_P-S,Noto,37.334444,137.136944,200.0
NyAlesundAWI_P-D,Ny Alesund Awi,78.923166,11.923040,7.0
NyAlesundAWI_P-S,Ny Alesund Awi,78.923166,11.923040,7.0
OH02_CV-AFS,Athens Super Site,39.307800,-82.118200,275.0
OH02_RG,Athens Super Site,39.307800,-82.118200,275.0
OH09_CFA,Oxford,39.530900,-84.723800,284.0
OH09_F-AAS,Oxford,39.530900,-84.723800,284.0
OH09_IC,Oxford,39.530900,-84.723800,284.0
OH09_PH-M,Oxford,39.530900,-84.723800,284.0
OH09_RG,Oxford,39.530900,-84.723800,284.0
OH16_CV-AFS,Northeast Ohio Regional Sewer District (Neorsd),41.503200,-81.658600,50.0
OH16_RG,Northeast Ohio Regional Sewer District (Neorsd),41.503200,-81.658600,50.0
OH17_CFA,Delaware,40.355500,-83.066100,285.0
OH17_F-AAS,Delaware,40.355500,-83.066100,285.0
OH17_IC,Delaware,40.355500,-83.066100,285.0
OH17_PH-M,Delaware,40.355500,-83.066100,285.0
OH17_RG,Delaware,40.355500,-83.066100,285.0
OH49_CFA,Caldwell,39.792800,-81.531100,276.0
OH49_F-AAS,Caldwell,39.792800,-81.531100,276.0
OH49_IC,Caldwell,39.792800,-81.531100,276.0
OH49_PH-M,Caldwell,39.792800,-81.531100,276.0
OH49_RG,Caldwell,39.792800,-81.531100,276.0
OH52_CV-AFS,South Bass Island,41.658200,-82.827000,177.0
OH52_RG,South Bass Island,41.658200,-82.827000,177.0
OH54_CFA,Deer Creek State Park,39.635900,-83.260600,267.0
OH54_F-AAS,Deer Creek State Park,39.635900,-83.260600,267.0
OH54_IC,Deer Creek State Park,39.635900,-83.260600,267.0
OH54_PH-M,Deer Creek State Park,39.635900,-83.260600,267.0
OH54_RG,Deer Creek State Park,39.635900,-83.260600,267.0
OH71_CFA,Wooster,40.781300,-81.919700,308.0
OH71_F-AAS,Wooster,40.781300,-81.919700,308.0
OH71_IC,Wooster,40.781300,-81.919700,308.0
OH71_PH-M,Wooster,40.781300,-81.919700,308.0
OH71_RG,Wooster,40.781300,-81.919700,308.0
OHPOBSERVATOIRE_P-D,Ohp Observatoire,43.935000,5.710000,680.0
OHPOBSERVATOIRE_P-S,Ohp Observatoire,43.935000,5.710000,680.0
OK00_CFA,Salt Plains National Wildlife Refuge,36.786300,-98.180000,344.0
OK00_F-AAS,Salt Plains National Wildlife Refuge,36.786300,-98.180000,344.0
OK00_IC,Salt Plains National Wildlife Refuge,36.786300,-98.180000,344.0
OK00_PH-M,Salt Plains National Wildlife Refuge,36.786300,-98.180000,344.0
OK00_RG,Salt Plains National Wildlife Refuge,36.786300,-98.180000,344.0
OK01_CV-AFS,Mcgee Creek,34.315400,-95.889300,195.0
OK01_RG,Mcgee Creek,34.315400,-95.889300,195.0
OK04_CV-AFS,Lake Murray,34.103300,-97.070800,245.0
OK04_RG,Lake Murray,34.103300,-97.070800,245.0
OK05_CV-AFS,Hugo,34.031500,-95.537600,174.0
OK05_RG,Hugo,34.031500,-95.537600,174.0
OK06_CV-AFS,Wichita Mountains Nwr,34.734200,-98.709400,492.0
OK06_RG,Wichita Mountains Nwr,34.734200,-98.709400,492.0
OK17_CFA,Kessler Atmospheric And Ecological Field Station,34.980000,-97.521400,331.0
OK17_F-AAS,Kessler Atmospheric And Ecological Field Station,34.980000,-97.521400,331.0
OK17_IC,Kessler Atmospheric And Ecological Field Station,34.980000,-97.521400,331.0
OK17_PH-M,Kessler Atmospheric And Ecological Field Station,34.980000,-97.521400,331.0
OK17_RG,Kessler Atmospheric And Ecological Field Station,34.980000,-97.521400,331.0
OK29_CFA,Goodwell Research Station,36.590800,-101.617500,999.0
OK29_F-AAS,Goodwell Research Station,36.590800,-101.617500,999.0
OK29_IC,Goodwell Research Station,36.590800,-101.617500,999.0
OK29_PH-M,Goodwell Research Station,36.590800,-101.617500,999.0
OK29_RG,Goodwell Research Station,36.590800,-101.617500,999.0
OK31_CV-AFS,Copan,36.908100,-95.882300,255.0
OK31_RG,Copan,36.908100,-95.882300,255.0
OK97_CV-AFS,Tuskahoma,34.633900,-95.296100,182.0
OK97_RG,Tuskahoma,34.633900,-95.296100,182.0
OK99_CV-AFS,Stilwell,35.750800,-94.670000,299.0
OK99_RG,Stilwell,35.750800,-94.670000,299.0
OKA_F-AAS,Oka-Terrase Biospheric Reserve,54.900000,37.800000,166.0
OKA_IC,Oka-Terrase Biospheric Reserve,54.900000,37.800000,166.0
OKA_PH-M,Oka-Terrase Biospheric Reserve,54.900000,37.800000,166.0
ON07_CV-AFS,Egbert,44.233900,-79.791700,196.0
ON07_RG,Egbert,44.233900,-79.791700,196.0
OPAL_P-D,Opal,79.990278,-85.939167,5.0
OPAL_P-S,Opal,79.990278,-85.939167,5.0
OR09_CFA,Silver Lake Ranger Station,43.119000,-121.059000,1338.0
OR09_F-AAS,Silver Lake Ranger Station,43.119000,-121.059000,1338.0
OR09_IC,Silver Lake Ranger Station,43.119000,-121.059000,1338.0
OR09_PH-M,Silver Lake Ranger Station,43.119000,-121.059000,1338.0
OR09_RG,Silver Lake Ranger Station,43.119000,-121.059000,1338.0
OR10_CFA,H. J. Andrews Experimental Forest,44.211800,-122.256000,443.0
OR10_F-AAS,H. J. Andrews Experimental Forest,44.211800,-122.256000,443.0
OR10_IC,H. J. Andrews Experimental Forest,44.211800,-122.256000,443.0
OR10_PH-M,H. J. Andrews Experimental Forest,44.211800,-122.256000,443.0
OR10_RG,H. J. Andrews Experimental Forest,44.211800,-122.256000,443.0
OR18_CFA,Starkey Experimental Forest,45.224700,-118.513000,1254.0
OR18_F-AAS,Starkey Experimental Forest,45.224700,-118.513000,1254.0
OR18_IC,Starkey Experimental Forest,45.224700,-118.513000,1254.0
OR18_PH-M,Starkey Experimental Forest,45.224700,-118.513000,1254.0
OR18_RG,Starkey Experimental Forest,45.224700,-118.513000,1254.0
OR97_CFA,Hyslop Farm,44.634700,-123.190000,69.0
OR97_F-AAS,Hyslop Farm,44.634700,-123.190000,69.0
OR97_IC,Hyslop Farm,44.634700,-123.190000,69.0
OR97_PH-M,Hyslop Farm,44.634700,-123.190000,69.0
OR97_RG,Hyslop Farm,44.634700,-123.190000,69.0
OkinawaHedo_P-D,Okinawa Hedo,26.867000,128.249000,60.0
OkinawaHedo_P-S,Okinawa Hedo,26.867000,128.249000,60.0
Oxford_P-D,Oxford,51.759000,-1.256000,87.0
Oxford_P-S,Oxford,51.759000,-1.256000,87.0
PA00_CFA,Arendtsville,39.923100,-77.307800,269.0
PA00_CV-AFS,Arendtsville,39.923100,-77.307800,269.0
PA00_F-AAS,Arendtsville,39.923100,-77.307800,269.0
PA00_IC,Arendtsville,39.923100,-77.307800,269.0
PA00_PH-M,Arendtsville,39.923100,-77.307800,269.0
PA00_RG,Arendtsville,39.923100,-77.307800,269.0
PA13_CFA,Allegheny Portage Railroad National Historic Site,40.457000,-78.560000,739.0
PA13_CV-AFS,Allegheny Portage Railroad National Historic Site,40.457000,-78.560000,739.0
PA13_F-AAS,Allegheny Portage Railroad National Historic Site,40.457000,-78.560000,739.0
PA13_IC,Allegheny Portage Railroad National Historic Site,40.457000,-78.560000,739.0
PA13_PH-M,Allegheny Portage Railroad National Historic Site,40.457000,-78.560000,739.0
PA13_RG,Allegheny Portage Railroad National Historic Site,40.457000,-78.560000,739.0
PA15_CFA,Penn State,40.788300,-77.945800,393.0
PA15_F-AAS,Penn State,40.788300,-77.945800,393.0
PA15_IC,Penn State,40.788300,-77.945800,393.0
PA15_PH-M,Penn State,40.788300,-77.945800,393.0
PA15_RG,Penn State,40.788300,-77.945800,393.0
PA18_CFA,Young Woman'S Creek,41.414200,-77.679900,272.0
PA18_F-AAS,Young Woman'S Creek,41.414200,-77.679900,272.0
PA18_IC,Young Woman'S Creek,41.414200,-77.679900,272.0
PA18_PH-M,Young Woman'S Creek,41.414200,-77.679900,272.0
PA18_RG,Young Woman'S Creek,41.414200,-77.679900,272.0
PA29_CFA,Kane Experimental Forest,41.597800,-78.767500,618.0
PA29_F-AAS,Kane Experimental Forest,41.597800,-78.767500,618.0
PA29_IC,Kane Experimental Forest,41.597800,-78.767500,618.0
PA29_PH-M,Kane Experimental Forest,41.597800,-78.767500,618.0
PA29_RG,Kane Experimental Forest,41.597800,-78.767500,618.0
PA30_CFA,Erie,42.155800,-80.113400,177.0
PA30_CV-AFS,Erie,42.155800,-80.113400,177.0
PA30_F-AAS,Erie,42.155800,-80.113400,177.0
PA30_IC,Erie,42.155800,-80.113400,177.0
PA30_PH-M,Erie,42.155800,-80.113400,177.0
PA30_RG,Erie,42.155800,-80.113400,177.0
PA42_CFA,Leading Ridge,40.657500,-77.939700,287.0
PA42_CV-AFS,Leading Ridge,40.657500,-77.939700,287.0
PA42_F-AAS,Leading Ridge,40.657500,-77.939700,287.0
PA42_IC,Leading Ridge,40.657500,-77.939700,287.0
PA42_PH-M,Leading Ridge,40.657500,-77.939700,287.0
PA42_RG,Leading Ridge,40.657500,-77.939700,287.0
PA72_CFA,Milford,41.327300,-74.819900,212.0
PA72_F-AAS,Milford,41.327300,-74.819900,212.0
PA72_IC,Milford,41.327300,-74.819900,212.0
PA72_PH-M,Milford,41.327300,-74.819900,212.0
PA72_RG,Milford,41.327300,-74.819900,212.0
PA90_CFA,Hills Creek State Park,41.804300,-77.190300,476.0
PA90_CV-AFS,Hills Creek State Park,41.804300,-77.190300,476.0
PA90_F-AAS,Hills Creek State Park,41.804300,-77.190300,476.0
PA90_IC,Hills Creek State Park,41.804300,-77.190300,476.0
PA90_PH-M,Hills Creek State Park,41.804300,-77.190300,476.0
PA90_RG,Hills Creek State Park,41.804300,-77.190300,476.0
PEARL_P-D,Pearl,80.053611,-86.416944,615.0
PEARL_P-S,Pearl,80.053611,-86.416944,615.0
PL0002R_RG,Jarczew,51.814408,21.972419,180.0
PL0002R_UNK,Jarczew,51.814408,21.972419,180.0
PL0003R_RG,Sniezka,50.736444,15.739500,1603.0
PL0003R_UNK,Sniezka,50.736444,15.739500,1603.0
PL0004R_F-AAS,Leba,54.753894,17.534264,2.0
PL0004R_RG,Leba,54.753894,17.534264,2.0
PL0004R_UNK,Leba,54.753894,17.534264,2.0
PL0005R_CV-AFS,Diabla Gora,54.150000,22.066667,158.5
PL0005R_F-AAS,Diabla Gora,54.150000,22.066667,158.5
PL0005R_GF-AAS,Diabla Gora,54.150000,22.066667,158.5
PL0005R_HPLC-UNK,Diabla Gora,54.150000,22.066667,158.5
PL0005R_IC,Diabla Gora,54.150000,22.066667,158.5
PL0005R_ICP-AES,Diabla Gora,54.150000,22.066667,158.5
PL0005R_PH-M,Diabla Gora,54.150000,22.066667,1007.9
PL0005R_RG,Diabla Gora,54.150000,22.066667,157.0
PL0005R_SP,Diabla Gora,54.150000,22.066667,158.5
PNNL_P-D,Pnnl,46.340950,-119.278800,127.0
PNNL_P-S,Pnnl,46.340950,-119.278800,127.0
POLWETRzecin_P-D,Polwet Rzecin,52.762019,16.309589,54.0
POLWETRzecin_P-S,Polwet Rzecin,52.762019,16.309589,54.0
PR0100C_CLAP,Cape San Juan,18.381000,-65.618000,65.0
PR0100C_NP,Cape San Juan,18.381000,-65.618000,65.0
PR20_CFA,El Verde,18.320600,-65.820000,380.0
PR20_CV-AFS,El Verde,18.320600,-65.820000,380.0
PR20_F-AAS,El Verde,18.320600,-65.820000,380.0
PR20_IC,El Verde,18.320600,-65.820000,380.0
PR20_PH-M,El Verde,18.320600,-65.820000,380.0
PR20_RG,El Verde,18.320600,-65.820000,380.0
PSDAChile_P-D,Psda Chile,-24.090306,-69.929028,965.0
PSDAChile_P-S,Psda Chile,-24.090306,-69.929028,965.0
Palangkaraya_P-D,Palangkaraya,-2.227990,113.946240,27.0
Palangkaraya_P-S,Palangkaraya,-2.227990,113.946240,27.0
Palencia_P-D,Palencia,41.988572,-4.515694,750.0
Palencia_P-S,Palencia,41.988572,-4.515694,750.0
Palgrunden_P-S,Palgrunden,58.755333,13.151500,49.0
PalmadeMallorca_P-D,Palma De Mallorca,39.553300,2.625100,10.0
PalmadeMallorca_P-S,Palma De Mallorca,39.553300,2.625100,10.0
Payerne_P-D,Payerne,46.812408,6.942019,491.0
Payerne_P-S,Payerne,46.812408,6.942019,491.0
PetrolinaSONDA_P-D,Petrolina Sonda,-9.069100,-40.320108,381.0
PetrolinaSONDA_P-S,Petrolina Sonda,-9.069100,-40.320108,381.0
PickleLake_P-D,Pickle Lake,51.449444,-90.217500,393.0
PickleLake_P-S,Pickle Lake,51.449444,-90.217500,393.0
PilarCordoba_P-D,Pilar Cordoba,-31.667411,-63.882597,333.0
PilarCordoba_P-S,Pilar Cordoba,-31.667411,-63.882597,333.0
PinehurstIdaho_P-D,Pinehurst Idaho,47.536739,-116.236917,680.0
PinehurstIdaho_P-S,Pinehurst Idaho,47.536739,-116.236917,680.0
Pokhara_P-D,Pokhara,28.186643,83.975180,800.0
Pokhara_P-S,Pokhara,28.186643,83.975180,800.0
Pontianak_P-D,Pontianak,0.075380,109.190860,2.0
Pontianak_P-S,Pontianak,0.075380,109.190860,2.0
Poprad-Ganovce_P-D,Poprad-Ganovce,49.035000,20.322000,706.0
Poprad-Ganovce_P-S,Poprad-Ganovce,49.035000,20.322000,706.0
PortglenoneMO_P-D,Portglenone Mo,54.865000,-6.457000,64.0
PortglenoneMO_P-S,Portglenone Mo,54.865000,-6.457000,64.0
PuntaArenasUMAG_P-D,Punta Arenas Umag,-53.135400,-70.884500,25.0
PuntaArenasUMAG_P-S,Punta Arenas Umag,-53.135400,-70.884500,25.0
QOMSCAS_P-D,Qoms Cas,28.365000,86.948056,4276.0
QOMSCAS_P-S,Qoms Cas,28.365000,86.948056,4276.0
QenaSVU_P-D,Qena Svu,26.199924,32.747029,75.7
QenaSVU_P-S,Qena Svu,26.199924,32.747029,75.7
REUNIONSTDENIS_P-D,Reunion St Denis,-20.901390,55.484740,93.0
REUNIONSTDENIS_P-S,Reunion St Denis,-20.901390,55.484740,93.0
RU0001R_RG,Janiskoski,68.933333,28.850000,118.0
RU0001R_UNK,Janiskoski,68.933333,28.850000,118.0
RU0013R_RG,Pinega,64.700000,43.400000,28.0
RU0013R_UNK,Pinega,64.700000,43.400000,28.0
RU0018R_RG,Danki,54.900000,37.800000,150.0
RU0018R_UNK,Danki,54.900000,37.800000,150.0
RU0020R_RG,Lesnoy,56.530000,32.940000,340.0
RU0020R_UNK,Lesnoy,56.530000,32.940000,340.0
RUA001_IC,Mondy,51.621667,100.919444,1996.0
RUA001_PH-M,Mondy,51.621667,100.919444,1996.0
RUA001_UNK,Mondy,51.621667,100.919444,1996.0
RUA002_IC,Listvyanka,51.846389,104.892778,646.0
RUA002_PH-M,Listvyanka,51.846389,104.892778,646.0
RUA002_UNK,Listvyanka,51.846389,104.892778,646.0
RUA003_IC,Irkutsk,52.248056,104.259167,495.0
RUA003_PH-M,Irkutsk,52.248056,104.259167,495.0
RUA003_UNK,Irkutsk,52.248056,104.259167,495.0
RUA004_IC,Primorskaya,43.629167,132.236944,85.0
RUA004_PH-M,Primorskaya,43.629167,132.236944,85.0
RUA004_UNK,Primorskaya,43.629167,132.236944,85.0
Raciborz_P-D,Raciborz,50.083100,18.191700,230.0
Raciborz_P-S,Raciborz,50.083100,18.191700,230.0
RaggedPoint_P-D,Ragged Point,13.165018,-59.432035,40.0
RaggedPoint_P-S,Ragged Point,13.165018,-59.432035,40.0
RailroadNSPO_P-D,Railroad Nspo,38.504600,-115.692000,1438.0
RailroadValley2_P-D,Railroad Valley2,38.497000,-115.691000,1437.0
RailroadValley2_P-S,Railroad Valley2,38.497000,-115.691000,1437.0
RailroadValley_P-D,Railroad Valley,38.497000,-115.691000,1437.0
RailroadValley_P-S,Railroad Valley,38.497000,-115.691000,1437.0
RameHead_P-D,Rame Head,50.317132,-4.219809,105.0
RameHead_P-S,Rame Head,50.317132,-4.219809,105.0
RedMountainPass_P-D,Red Mountain Pass,37.907449,-107.710917,3376.0
RedMountainPass_P-S,Red Mountain Pass,37.907449,-107.710917,3376.0
ResoluteBay_P-D,Resolute Bay,74.705123,-94.969409,35.0
ResoluteBay_P-S,Resolute Bay,74.705123,-94.969409,35.0
RexburgIdaho_P-D,Rexburg Idaho,43.820110,-111.783010,1501.0
RexburgIdaho_P-S,Rexburg Idaho,43.820110,-111.783010,1501.0
Reykjavik_P-D,Reykjavik,64.127800,-21.903700,51.0
Reykjavik_P-S,Reykjavik,64.127800,-21.903700,51.0
Richland_P-D,Richland,46.340000,-119.280000,123.0
Richland_P-S,Richland,46.340000,-119.280000,123.0
Rimrock_P-D,Rimrock,46.487500,-116.991667,824.0
Rimrock_P-S,Rimrock,46.487500,-116.991667,824.0
RioBranco_P-D,Rio Branco,-9.957467,-67.869350,212.0
RioBranco_P-S,Rio Branco,-9.957467,-67.869350,212.0
RoqueMuchachos_P-D,Roque Muchachos,28.763900,-17.893900,2396.0
RoqueMuchachos_P-S,Roque Muchachos,28.763900,-17.893900,2396.0
SAI_F-AAS,Sikhote-Alin Biospheric Reserve,45.000000,136.600000,51.0
SAI_IC,Sikhote-Alin Biospheric Reserve,45.000000,136.600000,51.0
SAI_PH-M,Sikhote-Alin Biospheric Reserve,45.000000,136.600000,51.0
SAI_RG,Sikhote-Alin Biospheric Reserve,45.000000,136.600000,51.0
SANTACRUZUTEPSA_P-D,Santa Cruz Utepsa,-17.767325,-63.200961,432.0
SANTACRUZUTEPSA_P-S,Santa Cruz Utepsa,-17.767325,-63.200961,432.0
SC05_CFA,Cape Romain National Wildlife Refuge,32.943000,-79.659200,1.0
SC05_CV-AFS,Cape Romain National Wildlife Refuge,32.943000,-79.659200,1.0
SC05_F-AAS,Cape Romain National Wildlife Refuge,32.943000,-79.659200,1.0
SC05_IC,Cape Romain National Wildlife Refuge,32.943000,-79.659200,1.0
SC05_PH-M,Cape Romain National Wildlife Refuge,32.943000,-79.659200,1.0
SC05_RG,Cape Romain National Wildlife Refuge,32.943000,-79.659200,1.0
SC06_CFA,Santee National Wildlife Refuge,33.539400,-80.435000,24.0
SC06_F-AAS,Santee National Wildlife Refuge,33.539400,-80.435000,24.0
SC06_IC,Santee National Wildlife Refuge,33.539400,-80.435000,24.0
SC06_PH-M,Santee National Wildlife Refuge,33.539400,-80.435000,24.0
SC06_RG,Santee National Wildlife Refuge,33.539400,-80.435000,24.0
SC19_CV-AFS,Congaree Swamp,33.814500,-80.780900,34.0
SC19_RG,Congaree Swamp,33.814500,-80.780900,34.0
SD04_CFA,Wind Cave National Park-Elk Mountain,43.557700,-103.484000,1292.0
SD04_F-AAS,Wind Cave National Park-Elk Mountain,43.557700,-103.484000,1292.0
SD04_IC,Wind Cave National Park-Elk Mountain,43.557700,-103.484000,1292.0
SD04_PH-M,Wind Cave National Park-Elk Mountain,43.557700,-103.484000,1292.0
SD08_CFA,Cottonwood,43.946100,-101.855200,733.0
SD08_F-AAS,Cottonwood,43.946100,-101.855200,733.0
SD08_IC,Cottonwood,43.946100,-101.855200,733.0
SD08_PH-M,Cottonwood,43.946100,-101.855200,733.0
SD08_RG,Cottonwood,43.946100,-101.855200,733.0
SD18_CV-AFS,Eagle Butte,44.993100,-101.240300,742.0
SD18_RG,Eagle Butte,44.993100,-101.240300,742.0
SD99_CFA,Huron Well Field,44.355000,-98.291700,398.0
SD99_F-AAS,Huron Well Field,44.355000,-98.291700,398.0
SD99_IC,Huron Well Field,44.355000,-98.291700,398.0
SD99_PH-M,Huron Well Field,44.355000,-98.291700,398.0
SD99_RG,Huron Well Field,44.355000,-98.291700,398.0
SDM_F-AAS,Shadzhatmaz,43.730000,42.670000,2070.0
SDM_IC,Shadzhatmaz,43.730000,42.670000,2070.0
SDM_PH-M,Shadzhatmaz,43.730000,42.670000,2070.0
SDM_RG,Shadzhatmaz,43.730000,42.670000,2070.0
SDSUIPLab_P-D,Sdsu Iplab,44.314828,-96.786075,518.0
SDSUIPLab_P-S,Sdsu Iplab,44.314828,-96.786075,518.0
SDZ_F-AAS,Shang Dian Zi,40.650000,117.116700,294.0
SDZ_IC,Shang Dian Zi,40.650000,117.116700,294.0
SDZ_PH-M,Shang Dian Zi,40.650000,117.116700,294.0
SDZ_RG,Shang Dian Zi,40.650000,117.116700,294.0
SE0004R_RG,Ryda Kungsgård,59.766667,17.133333,86.0
SE0004R_UNK,Ryda Kungsgård,59.766667,17.133333,86.0
SE0005R_CV-AFS,Bredkälen,63.845500,15.319700,380.0
SE0005R_IC,Bredkälen,63.845500,15.319700,380.0
SE0005R_ICP-MS,Bredkälen,63.845500,15.319700,380.0
SE0005R_PH-M,Bredkälen,63.845500,15.319700,380.0
SE0005R_RG,Bredkälen,63.845500,15.319700,380.0
SE0005R_UNK,Bredkälen,63.850000,15.333333,404.0
SE0013R_IC,Esrange,67.878600,21.063000,524.0
SE0013R_ICP-AES,Esrange,67.878600,21.063000,524.0
SE0013R_PH-M,Esrange,67.878600,21.063000,524.0
SE0013R_RG,Esrange,67.878600,21.063000,524.0
SE0013R_SP,Esrange,67.878600,21.063000,524.0
SE0014R_CV-AFS,Råö,57.393600,11.914200,2.0
SE0014R_IC,Råö,57.393700,11.914200,2.0
SE0014R_ICP-MS,Råö,57.393600,11.914200,2.0
SE0014R_PH-M,Råö,57.393700,11.914200,2.0
SE0014R_RG,Råö,57.393700,11.914200,2.0
SE0014R_UNK,Råö,57.394000,11.914000,5.0
SE00174_IC,Sännen,56.308300,15.354000,90.0
SE00174_ICP-AES,Sännen,56.308300,15.354000,90.0
SE00174_PH-M,Sännen,56.308300,15.354000,90.0
SE00174_RG,Sännen,56.308300,15.354000,90.0
SE00174_SP,Sännen,56.308300,15.354000,90.0
SE00186_IC,Docksta,63.053000,18.299000,215.0
SE00186_ICP-AES,Docksta,63.053000,18.299000,215.0
SE00186_PH-M,Docksta,63.053000,18.299000,215.0
SE00186_RG,Docksta,63.053000,18.299000,215.0
SE00186_SP,Docksta,63.053000,18.299000,215.0
SE00193_IC,Sandnäset,63.771000,12.441000,470.0
SE00193_ICP-AES,Sandnäset,63.771000,12.441000,470.0
SE00193_PH-M,Sandnäset,63.771000,12.441000,470.0
SE00193_RG,Sandnäset,63.771000,12.441000,470.0
SE00193_SP,Sandnäset,63.771000,12.441000,470.0
SE00205_IC,Djursvallen Nedre,62.014000,13.516000,649.0
SE00205_ICP-AES,Djursvallen Nedre,62.014000,13.516000,649.0
SE00205_PH-M,Djursvallen Nedre,62.014000,13.516000,649.0
SE00205_RG,Djursvallen Nedre,62.014000,13.516000,649.0
SE00205_SP,Djursvallen Nedre,62.014000,13.516000,649.0
SE0020R_RG,Hallahus,56.042900,13.148000,190.0
SE0020R_UNK,Hallahus,56.042900,13.148000,190.0
SE0022R_UNK,Norunda Stenen,60.085800,17.505280,45.0
SE0023R_MAAP,Norunda Tornet,60.086389,17.479444,46.0
SE0023R_NP,Norunda Tornet,60.086389,17.479444,46.0
SE00289_IC,Ryda Kungsgård,59.756000,17.124000,45.0
SE00289_ICP-AES,Ryda Kungsgård,59.756000,17.124000,45.0
SE00289_PH-M,Ryda Kungsgård,59.756000,17.124000,45.0
SE00289_RG,Ryda Kungsgård,59.756000,17.124000,45.0
SE00289_SP,Ryda Kungsgård,59.756000,17.124000,45.0
SE00291_IC,Granan,58.601900,12.189400,175.0
SE00291_ICP-AES,Granan,58.601900,12.189400,175.0
SE00291_PH-M,Granan,58.601900,12.189400,175.0
SE00291_RG,Granan,58.601900,12.189400,175.0
SE00291_SP,Granan,58.601900,12.189400,175.0
SE0032R_RG,Norra-Kvill,57.816667,15.566667,261.0
SE0032R_UNK,Norra-Kvill,57.816667,15.566667,261.0
SE0033R_RG,Sännen,56.333333,15.333333,90.0
SE0033R_UNK,Sännen,56.333333,15.333333,90.0
SE0053R_IC,Rickleå,64.086500,20.939800,10.0
SE0053R_ICP-AES,Rickleå,64.086500,20.939800,10.0
SE0053R_PH-M,Rickleå,64.086500,20.939800,10.0
SE0053R_RG,Rickleå,64.086500,20.939800,10.0
SE0053R_SP,Rickleå,64.086500,20.939800,10.0
SE0053R_UNK,Rickleå,64.166667,20.933333,16.0
SE00601_IC,Jädraås,60.814800,16.506500,185.0
SE00601_ICP-AES,Jädraås,60.814800,16.506500,185.0
SE00601_PH-M,Jädraås,60.814800,16.506500,185.0
SE00601_RG,Jädraås,60.814800,16.506500,185.0
SE00601_SP,Jädraås,60.814800,16.506500,185.0
SE0080R_RG,"Djursvallen,Nedre",62.017000,13.511800,623.0
SE0080R_UNK,"Djursvallen,Nedre",62.017000,13.511800,623.0
SE0081R_RG,Docksta,63.077800,18.228800,222.0
SE0081R_UNK,Docksta,63.077800,18.228800,222.0
SE0082R_UNK,Granan,58.601900,12.189400,195.0
SE0085R_UNK,Jädraås,60.814800,16.506500,184.0
SE0086R_RG,Majstre,56.930500,18.197000,19.0
SE0086R_UNK,Majstre,56.930500,18.197000,19.0
SE0087R_UNK,Pjungserud,58.789900,14.316600,137.0
SE0088R_RG,Sandnäset,63.759500,12.433900,411.0
SE0088R_UNK,Sandnäset,63.759500,12.433900,411.0
SE0090R_UNK,Transtrandsberget,60.576100,13.097300,210.0
SE0093R_IC,Abisko,68.353000,19.063000,360.0
SE0093R_ICP-AES,Abisko,68.353000,19.063000,360.0
SE0093R_PH-M,Abisko,68.353000,19.063000,360.0
SE0093R_RG,Abisko,68.353000,19.063000,360.0
SE0093R_SP,Abisko,68.353000,19.063000,360.0
SE0094R_IC,Ammarnäs,65.972000,16.116000,450.0
SE0094R_ICP-AES,Ammarnäs,65.972000,16.116000,450.0
SE0094R_PH-M,Ammarnäs,65.972000,16.116000,450.0
SE0094R_RG,Ammarnäs,65.972000,16.116000,450.0
SE0094R_SP,Ammarnäs,65.972000,16.116000,450.0
SE0116A_CV-AFS,Hallahus,56.042400,13.148600,187.0
SE0116A_IC,Hallahus,56.042400,13.148600,187.0
SE0116A_ICP-MS,Hallahus,56.042400,13.148600,187.0
SE0116A_PH-M,Hallahus,56.042400,13.148600,187.0
SE0116A_RG,Hallahus,56.042400,13.148600,187.0
SE01554_IC,Majstre,56.942000,18.187000,20.0
SE01554_ICP-AES,Majstre,56.942000,18.187000,20.0
SE01554_PH-M,Majstre,56.942000,18.187000,20.0
SE01554_RG,Majstre,56.942000,18.187000,20.0
SE01554_SP,Majstre,56.942000,18.187000,20.0
SE08954_IC,Fagerhult,57.511000,15.348000,260.0
SE08954_ICP-AES,Fagerhult,57.511000,15.348000,260.0
SE08954_PH-M,Fagerhult,57.511000,15.348000,260.0
SE08954_RG,Fagerhult,57.511000,15.348000,260.0
SE08954_SP,Fagerhult,57.511000,15.348000,260.0
SE159216_IC,Högbränna,65.405100,18.105200,410.0
SE159216_ICP-AES,Högbränna,65.405100,18.105200,410.0
SE159216_PH-M,Högbränna,65.405100,18.105200,410.0
SE159216_RG,Högbränna,65.405100,18.105200,410.0
SE159216_SP,Högbränna,65.405100,18.105200,410.0
SE159218_IC,Edeby,58.953800,16.976100,60.0
SE159218_ICP-AES,Edeby,58.953800,16.976100,60.0
SE159218_PH-M,Edeby,58.953800,16.976100,60.0
SE159218_RG,Edeby,58.953800,16.976100,60.0
SE159218_SP,Edeby,58.953800,16.976100,60.0
SE159220_IC,Tagel B,57.054800,14.379600,190.0
SE159220_ICP-AES,Tagel B,57.054800,14.379600,190.0
SE159220_PH-M,Tagel B,57.054800,14.379600,190.0
SE159220_RG,Tagel B,57.054800,14.379600,190.0
SE159220_SP,Tagel B,57.054800,14.379600,190.0
SE159221_IC,Komperskulla,56.299700,14.646200,100.0
SE159221_ICP-AES,Komperskulla,56.299700,14.646200,100.0
SE159221_PH-M,Komperskulla,56.299700,14.646200,100.0
SE159221_RG,Komperskulla,56.299700,14.646200,100.0
SE159221_SP,Komperskulla,56.299700,14.646200,100.0
SE159223_IC,Hissmossa,56.175300,13.519300,120.0
SE159223_ICP-AES,Hissmossa,56.175300,13.519300,120.0
SE159223_PH-M,Hissmossa,56.175300,13.519300,120.0
SE159223_RG,Hissmossa,56.175300,13.519300,120.0
SE159223_SP,Hissmossa,56.175300,13.519300,120.0
SE159224_IC,Timrilt B,56.771300,13.167400,170.0
SE159224_ICP-AES,Timrilt B,56.771300,13.167400,170.0
SE159224_PH-M,Timrilt B,56.771300,13.167400,170.0
SE159224_RG,Timrilt B,56.771300,13.167400,170.0
SE159224_SP,Timrilt B,56.771300,13.167400,170.0
SE159225_IC,Blåbärskullen,59.821400,12.909400,370.0
SE159225_ICP-AES,Blåbärskullen,59.821400,12.909400,370.0
SE159225_PH-M,Blåbärskullen,59.821400,12.909400,370.0
SE159225_RG,Blåbärskullen,59.821400,12.909400,370.0
SE159225_SP,Blåbärskullen,59.821400,12.909400,370.0
SE159226_IC,Kvisterhult,59.349500,15.932400,50.0
SE159226_ICP-AES,Kvisterhult,59.349500,15.932400,50.0
SE159226_PH-M,Kvisterhult,59.349500,15.932400,50.0
SE159226_RG,Kvisterhult,59.349500,15.932400,50.0
SE159226_SP,Kvisterhult,59.349500,15.932400,50.0
SE159227_IC,Storulvsjön,62.280900,16.321200,420.0
SE159227_ICP-AES,Storulvsjön,62.280900,16.321200,420.0
SE159227_PH-M,Storulvsjön,62.280900,16.321200,420.0
SE159227_RG,Storulvsjön,62.280900,16.321200,420.0
SE159227_SP,Storulvsjön,62.280900,16.321200,420.0
SE159228_IC,Sör-Digertjärnen,61.997300,14.421500,400.0
SE159228_ICP-AES,Sör-Digertjärnen,61.997300,14.421500,400.0
SE159228_PH-M,Sör-Digertjärnen,61.997300,14.421500,400.0
SE159228_RG,Sör-Digertjärnen,61.997300,14.421500,400.0
SE159228_SP,Sör-Digertjärnen,61.997300,14.421500,400.0
SE159388_IC,Norunda Stenen,60.085800,17.505300,45.0
SE159388_ICP-MS,Norunda Stenen,60.085800,17.505300,45.0
SE159388_PH-M,Norunda Stenen,60.085800,17.505300,45.0
SE159388_RG,Norunda Stenen,60.085800,17.505300,45.0
SE17572_IC,Fulufjället,61.575600,12.914100,480.0
SE17572_ICP-AES,Fulufjället,61.575600,12.914100,480.0
SE17572_PH-M,Fulufjället,61.575600,12.914100,480.0
SE17572_RG,Fulufjället,61.575600,12.914100,480.0
SE17572_SP,Fulufjället,61.575600,12.914100,480.0
SE30014_IC,Höka,58.767700,15.144700,170.0
SE30014_ICP-AES,Höka,58.767700,15.144700,170.0
SE30014_PH-M,Höka,58.767700,15.144700,170.0
SE30014_RG,Höka,58.767700,15.144700,170.0
SE30014_SP,Höka,58.767700,15.144700,170.0
SE30015_IC,Ottenby,56.225700,16.427700,10.0
SE30015_ICP-AES,Ottenby,56.225700,16.427700,10.0
SE30015_PH-M,Ottenby,56.225700,16.427700,10.0
SE30015_RG,Ottenby,56.225700,16.427700,10.0
SE30015_SP,Ottenby,56.225700,16.427700,10.0
SE30016_IC,Hensbacka,58.433900,11.737300,120.0
SE30016_ICP-AES,Hensbacka,58.433900,11.737300,120.0
SE30016_PH-M,Hensbacka,58.433900,11.737300,120.0
SE30016_RG,Hensbacka,58.433900,11.737300,120.0
SE30016_SP,Hensbacka,58.433900,11.737300,120.0
SE37152_IC,Rockneby,56.856000,16.291700,30.0
SE37152_ICP-AES,Rockneby,56.856000,16.291700,30.0
SE37152_PH-M,Rockneby,56.856000,16.291700,30.0
SE37152_RG,Rockneby,56.856000,16.291700,30.0
SE37152_SP,Rockneby,56.856000,16.291700,30.0
SE38793_IC,Grankölen,66.062000,21.467300,179.0
SE38793_ICP-AES,Grankölen,66.062000,21.467300,179.0
SE38793_PH-M,Grankölen,66.062000,21.467300,179.0
SE38793_RG,Grankölen,66.062000,21.467300,179.0
SE38793_SP,Grankölen,66.062000,21.467300,179.0
SE38940_IC,Pjungserud,58.789900,14.316600,128.0
SE38940_ICP-AES,Pjungserud,58.789900,14.316600,128.0
SE38940_PH-M,Pjungserud,58.789900,14.316600,128.0
SE38940_RG,Pjungserud,58.789900,14.316600,128.0
SE38940_SP,Pjungserud,58.789900,14.316600,128.0
SE38943_IC,Transtrandsberget,60.576100,13.097300,203.0
SE38943_ICP-AES,Transtrandsberget,60.576100,13.097300,203.0
SE38943_PH-M,Transtrandsberget,60.576100,13.097300,203.0
SE38943_RG,Transtrandsberget,60.576100,13.097300,203.0
SE38943_SP,Transtrandsberget,60.576100,13.097300,203.0
SEDEBOKER_P-D,Sede Boker,30.855000,34.782222,480.0
SEDEBOKER_P-S,Sede Boker,30.855000,34.782222,480.0
SEGCLopeGabon_P-D,Segc Lope Gabon,-0.201550,11.600820,280.0
SEGCLopeGabon_P-S,Segc Lope Gabon,-0.201550,11.600820,280.0
SK0002R_UNK,Chopok,48.933333,19.583333,2008.0
SK0004R_RG,Stará Lesná,49.150000,20.283333,808.0
SK0004R_UNK,Stará Lesná,49.150000,20.283333,808.0
SK0007R_UNK,Topolniky,47.960000,17.860556,113.0
SK20_CFA,Cactus Lake,52.022900,-109.861500,784.0
SK20_F-AAS,Cactus Lake,52.022900,-109.861500,784.0
SK20_IC,Cactus Lake,52.022900,-109.861500,784.0
SK20_PH-M,Cactus Lake,52.022900,-109.861500,784.0
SK20_RG,Cactus Lake,52.022900,-109.861500,784.0
SK21_CFA,Hudson Bay,52.887700,-102.575600,423.0
SK21_F-AAS,Hudson Bay,52.887700,-102.575600,423.0
SK21_IC,Hudson Bay,52.887700,-102.575600,423.0
SK21_PH-M,Hudson Bay,52.887700,-102.575600,423.0
SK21_RG,Hudson Bay,52.887700,-102.575600,423.0
SK27_CV-AFS,Pinehouse,55.512100,-106.724500,404.0
SK27_RG,Pinehouse,55.512100,-106.724500,404.0
SK30_CFA,Weyburn,49.552300,-103.855700,589.0
SK30_F-AAS,Weyburn,49.552300,-103.855700,589.0
SK30_IC,Weyburn,49.552300,-103.855700,589.0
SK30_PH-M,Weyburn,49.552300,-103.855700,589.0
SK30_RG,Weyburn,49.552300,-103.855700,589.0
SK31_CFA,Fox Valley,50.460600,-109.462200,718.0
SK31_F-AAS,Fox Valley,50.460600,-109.462200,718.0
SK31_IC,Fox Valley,50.460600,-109.462200,718.0
SK31_PH-M,Fox Valley,50.460600,-109.462200,718.0
SK31_RG,Fox Valley,50.460600,-109.462200,718.0
SPBayboro_P-D,Sp Bayboro,27.761550,-82.633000,5.0
SPBayboro_P-S,Sp Bayboro,27.761550,-82.633000,5.0
Saada_P-D,Saada,31.625830,-8.155830,420.0
Saada_P-S,Saada,31.625830,-8.155830,420.0
SakejiSchool_P-D,Sakeji School,-11.232956,24.312000,1406.0
SakejiSchool_P-S,Sakeji School,-11.232956,24.312000,1406.0
SaltonSea_P-D,Salton Sea,33.169230,-115.855930,-32.0
SaltonSea_P-S,Salton Sea,33.169230,-115.855930,-32.0
SanCristobalUSFQ_P-D,San Cristobal Usfq,-0.895400,-89.608790,22.0
SanCristobalUSFQ_P-S,San Cristobal Usfq,-0.895400,-89.608790,22.0
SandiaNMPSEL_P-D,Sandia Nm Psel,35.054583,-106.540069,1662.5
SandiaNMPSEL_P-S,Sandia Nm Psel,35.054583,-106.540069,1662.5
SantaCruzTenerife_P-D,Santa Cruz Tenerife,28.472528,-16.247361,52.0
SantaCruzTenerife_P-S,Santa Cruz Tenerife,28.472528,-16.247361,52.0
SaoMartinhoSONDA_P-D,Sao Martinho Sonda,-29.443333,-53.823444,489.0
SaoMartinhoSONDA_P-S,Sao Martinho Sonda,-29.443333,-53.823444,489.0
SaturnIsland_P-D,Saturn Island,48.775252,-123.128177,193.0
SaturnIsland_P-S,Saturn Island,48.775252,-123.128177,193.0
Section-7Platform_P-S,Section-7 Platform,44.545800,29.446600,30.0
Sevilleta_P-D,Sevilleta,34.354721,-106.885002,1477.0
Sevilleta_P-S,Sevilleta,34.354721,-106.885002,1477.0
ShagayaPark_P-D,Shagaya Park,29.209072,47.060528,242.0
ShagayaPark_P-S,Shagaya Park,29.209072,47.060528,242.0
Shirahama_P-D,Shirahama,33.693450,135.356917,10.0
Shirahama_P-S,Shirahama,33.693450,135.356917,10.0
SilpakornUniv_P-D,Silpakorn Univ,13.819308,100.041183,72.0
SilpakornUniv_P-S,Silpakorn Univ,13.819308,100.041183,72.0
SirmioneMuseoGC_P-D,Sirmione Museo Gc,45.500278,10.605833,86.5
SirmioneMuseoGC_P-S,Sirmione Museo Gc,45.500278,10.605833,86.5
Skukuza_P-D,Skukuza,-24.991700,31.587500,265.0
Skukuza_P-S,Skukuza,-24.991700,31.587500,265.0
Socheongcho_P-S,Socheongcho,37.423133,124.738039,28.0
Sodankyla_P-D,Sodankyla,67.366620,26.629570,184.0
SonLa_P-D,Son La,21.332200,103.905151,681.0
SongkhlaMetSta_P-D,Songkhla Met Sta,7.184387,100.604583,15.0
SongkhlaMetSta_P-S,Songkhla Met Sta,7.184387,100.604583,15.0
Sorong_P-D,Sorong,-0.874600,131.267700,127.0
Sorong_P-S,Sorong,-0.874600,131.267700,127.0
SouthGreenbay_P-S,South Greenbay,44.596330,-87.951200,175.9
SouthPoleObsNOAA_P-D,South Pole Obs Noaa,-90.000000,70.300000,2835.0
SouthPoleObsNOAA_P-S,South Pole Obs Noaa,-90.000000,70.300000,2835.0
SraKaeo_P-D,Sra Kaeo,13.688900,102.504300,67.8
SraKaeo_P-S,Sra Kaeo,13.688900,102.504300,67.8
StHelena_P-D,St Helena,-15.942400,-5.667300,434.0
StHelena_P-S,St Helena,-15.942400,-5.667300,434.0
StLouisUniversity_P-D,St Louis University,38.636342,-90.231552,159.0
StLouisUniversity_P-S,St Louis University,38.636342,-90.231552,159.0
StornowayMO_P-D,Stornoway Mo,58.211560,-6.182147,82.5
StornowayMO_P-S,Stornoway Mo,58.211560,-6.182147,82.5
Strzyzow_P-D,Strzyzow,49.878600,21.861300,450.0
Strzyzow_P-S,Strzyzow,49.878600,21.861300,450.0
TABLEMOUNTAINCA_P-D,Table Mountain Ca,34.380000,-117.680000,2200.0
TABLEMOUNTAINCA_P-S,Table Mountain Ca,34.380000,-117.680000,2200.0
THA004_IC,Kanchanaburi(Vajiralongkorn Dam),14.784722,98.601389,130.0
THA004_PH-M,Kanchanaburi(Vajiralongkorn Dam),14.784722,98.601389,130.0
THA004_UNK,Kanchanaburi(Vajiralongkorn Dam),14.784722,98.601389,130.0
THA005_IC,Chiang Mai Mae Hia,18.761111,98.931667,349.0
THA005_PH-M,Chiang Mai Mae Hia,18.761111,98.931667,349.0
THA005_UNK,Chiang Mai Mae Hia,18.761111,98.931667,349.0
THA008_IC,Nakhon Ratchasima Sakaerat,14.467778,101.901389,409.0
THA008_PH-M,Nakhon Ratchasima Sakaerat,14.467778,101.901389,409.0
THA008_UNK,Nakhon Ratchasima Sakaerat,14.467778,101.901389,409.0
TN00_CFA,Walker Branch Watershed,35.961400,-84.287200,341.0
TN00_F-AAS,Walker Branch Watershed,35.961400,-84.287200,341.0
TN00_IC,Walker Branch Watershed,35.961400,-84.287200,341.0
TN00_PH-M,Walker Branch Watershed,35.961400,-84.287200,341.0
TN00_RG,Walker Branch Watershed,35.961400,-84.287200,341.0
TN04_CFA,Speedwell,36.469800,-83.827200,384.0
TN04_F-AAS,Speedwell,36.469800,-83.827200,384.0
TN04_IC,Speedwell,36.469800,-83.827200,384.0
TN04_PH-M,Speedwell,36.469800,-83.827200,384.0
TN04_RG,Speedwell,36.469800,-83.827200,384.0
TN11_CFA,Great Smoky Mountains National Park-Elkmont,35.664500,-83.590300,640.0
TN11_CV-AFS,Great Smoky Mountains National Park-Elkmont,35.664500,-83.590300,640.0
TN11_F-AAS,Great Smoky Mountains National Park-Elkmont,35.664500,-83.590300,640.0
TN11_IC,Great Smoky Mountains National Park-Elkmont,35.664500,-83.590300,640.0
TN11_PH-M,Great Smoky Mountains National Park-Elkmont,35.664500,-83.590300,640.0
TN11_RG,Great Smoky Mountains National Park-Elkmont,35.664500,-83.590300,640.0
TN12_CV-AFS,Great Smoky Mountains National Park-Clingmans Dome,35.562200,-83.497200,2015.0
TN12_RG,Great Smoky Mountains National Park-Clingmans Dome,35.562200,-83.497200,2015.0
TN14_CFA,Hatchie National Wildlife Refuge,35.498800,-89.261100,117.0
TN14_F-AAS,Hatchie National Wildlife Refuge,35.498800,-89.261100,117.0
TN14_IC,Hatchie National Wildlife Refuge,35.498800,-89.261100,117.0
TN14_PH-M,Hatchie National Wildlife Refuge,35.498800,-89.261100,117.0
TN14_RG,Hatchie National Wildlife Refuge,35.498800,-89.261100,117.0
TRH_F-AAS,Turukhansk,65.780000,87.950000,38.0
TRH_IC,Turukhansk,65.780000,87.950000,38.0
TRH_PH-M,Turukhansk,65.780000,87.950000,38.0
TRH_RG,Turukhansk,65.780000,87.950000,38.0
TW0100R_NP,Lulin,23.470000,120.870000,2862.0
TW0100R_PSAP,Lulin,23.470000,120.870000,2862.0
TWRS_P-D,Twrs,45.103582,-114.849910,1166.0
TX02_CFA,Muleshoe National Wildlife Refuge,33.955700,-102.776000,1144.0
TX02_F-AAS,Muleshoe National Wildlife Refuge,33.955700,-102.776000,1144.0
TX02_IC,Muleshoe National Wildlife Refuge,33.955700,-102.776000,1144.0
TX02_PH-M,Muleshoe National Wildlife Refuge,33.955700,-102.776000,1144.0
TX02_RG,Muleshoe National Wildlife Refuge,33.955700,-102.776000,1144.0
TX03_CFA,Beeville,28.466700,-97.706900,82.0
TX03_F-AAS,Beeville,28.466700,-97.706900,82.0
TX03_IC,Beeville,28.466700,-97.706900,82.0
TX03_PH-M,Beeville,28.466700,-97.706900,82.0
TX03_RG,Beeville,28.466700,-97.706900,82.0
TX04_CFA,Big Bend National Park - K-Bar,29.302500,-103.178100,1056.0
TX04_F-AAS,Big Bend National Park - K-Bar,29.302500,-103.178100,1056.0
TX04_IC,Big Bend National Park - K-Bar,29.302500,-103.178100,1056.0
TX04_PH-M,Big Bend National Park - K-Bar,29.302500,-103.178100,1056.0
TX04_RG,Big Bend National Park - K-Bar,29.302500,-103.178100,1056.0
TX10_CFA,Attwater Prairie Chicken National Wildlife Refuge,29.661400,-96.259400,54.0
TX10_F-AAS,Attwater Prairie Chicken National Wildlife Refuge,29.661400,-96.259400,54.0
TX10_IC,Attwater Prairie Chicken National Wildlife Refuge,29.661400,-96.259400,54.0
TX10_PH-M,Attwater Prairie Chicken National Wildlife Refuge,29.661400,-96.259400,54.0
TX10_RG,Attwater Prairie Chicken National Wildlife Refuge,29.661400,-96.259400,54.0
TX16_CFA,Sonora,30.261300,-100.555100,696.0
TX16_F-AAS,Sonora,30.261300,-100.555100,696.0
TX16_IC,Sonora,30.261300,-100.555100,696.0
TX16_PH-M,Sonora,30.261300,-100.555100,696.0
TX16_RG,Sonora,30.261300,-100.555100,696.0
TX22_CFA,Guadalupe Mountains National Park Frijole Ranger Station,31.906900,-104.805000,1705.0
TX22_F-AAS,Guadalupe Mountains National Park Frijole Ranger Station,31.906900,-104.805000,1705.0
TX22_IC,Guadalupe Mountains National Park Frijole Ranger Station,31.906900,-104.805000,1705.0
TX22_PH-M,Guadalupe Mountains National Park Frijole Ranger Station,31.906900,-104.805000,1705.0
TX22_RG,Guadalupe Mountains National Park Frijole Ranger Station,31.906900,-104.805000,1705.0
TX43_CFA,Ca��Nceta,34.880000,-101.665000,1057.0
TX43_F-AAS,Ca��Nceta,34.880000,-101.665000,1057.0
TX43_IC,Ca��Nceta,34.880000,-101.665000,1057.0
TX43_PH-M,Ca��Nceta,34.880000,-101.665000,1057.0
TX43_RG,Ca��Nceta,34.880000,-101.665000,1057.0
TX56_CFA,L.B.J. National Grasslands,33.391700,-97.639700,312.0
TX56_F-AAS,L.B.J. National Grasslands,33.391700,-97.639700,312.0
TX56_IC,L.B.J. National Grasslands,33.391700,-97.639700,312.0
TX56_PH-M,L.B.J. National Grasslands,33.391700,-97.639700,312.0
TX56_RG,L.B.J. National Grasslands,33.391700,-97.639700,312.0
TabernasPSA-DLR_P-D,Tabernas Psa-Dlr,37.090760,-2.358180,500.0
TabernasPSA-DLR_P-S,Tabernas Psa-Dlr,37.090760,-2.358180,500.0
TaiPing_P-D,Tai Ping,10.375500,114.362000,4.0
TaiPing_P-S,Tai Ping,10.375500,114.362000,4.0
Tallahassee_P-D,Tallahassee,30.445833,-84.299350,49.0
Tallahassee_P-S,Tallahassee,30.445833,-84.299350,49.0
TamanrassetINM_P-D,Tamanrasset Inm,22.790000,5.530000,1377.0
TamanrassetINM_P-S,Tamanrasset Inm,22.790000,5.530000,1377.0
TaylorRanchTWRS_P-D,Taylor Ranch Twrs,45.103500,-114.849950,1159.0
TaylorRanchTWRS_P-S,Taylor Ranch Twrs,45.103500,-114.849950,1159.0
TechnionHaifaIL_P-D,Technion Haifa Il,32.775870,35.024900,230.0
TechnionHaifaIL_P-S,Technion Haifa Il,32.775870,35.024900,230.0
Teide_P-D,Teide,28.270000,-16.639000,3555.0
Teide_P-S,Teide,28.270000,-16.639000,3555.0
Temuco-UFROCEFOP_P-D,Temuco-Ufro Cefop,-38.745803,-72.615525,119.0
Temuco-UFROCEFOP_P-S,Temuco-Ufro Cefop,-38.745803,-72.615525,119.0
Thessaloniki_P-D,Thessaloniki,40.630000,22.960000,60.0
Thessaloniki_P-S,Thessaloniki,40.630000,22.960000,60.0
Thimphu_P-D,Thimphu,27.472643,89.639057,2314.0
Thimphu_P-S,Thimphu,27.472643,89.639057,2314.0
ThompsonFarm_P-D,Thompson Farm,43.108772,-70.948344,26.0
ThompsonFarm_P-S,Thompson Farm,43.108772,-70.948344,26.0
Thule_P-D,Thule,76.516102,-68.769001,225.0
Thule_P-S,Thule,76.516102,-68.769001,225.0
Timisoara_P-D,Timisoara,45.746260,21.227360,122.0
Timisoara_P-S,Timisoara,45.746260,21.227360,122.0
TiziOuzou_P-D,Tizi Ouzou,36.698611,4.055833,133.0
TiziOuzou_P-S,Tizi Ouzou,36.698611,4.055833,133.0
Tomsk_P-D,Tomsk,56.475351,85.048060,174.0
Tomsk_P-S,Tomsk,56.475351,85.048060,174.0
Toravere_P-D,Toravere,58.264895,26.466823,85.0
Toravere_P-S,Toravere,58.264895,26.466823,85.0
Toulon_P-D,Toulon,43.135556,6.009444,50.0
Toulon_P-S,Toulon,43.135556,6.009444,50.0
ToulouseMF_P-D,Toulouse Mf,43.572610,1.374320,160.0
ToulouseMF_P-S,Toulouse Mf,43.572610,1.374320,160.0
Trelew_P-D,Trelew,-43.249806,-65.308611,15.0
Trelew_P-S,Trelew,-43.249806,-65.308611,15.0
Tucson_P-D,Tucson,32.233002,-110.953003,779.0
Tucson_P-S,Tucson,32.233002,-110.953003,779.0
TudorHill_P-D,Tudor Hill,32.264000,-64.879000,51.0
TudorHill_P-S,Tudor Hill,32.264000,-64.879000,51.0
Tumbarumba_P-D,Tumbarumba,-35.708300,147.949900,776.0
Tumbarumba_P-S,Tumbarumba,-35.708300,147.949900,776.0
UAHuntsville_P-D,Uahuntsville,34.725330,-86.644730,223.0
UAHuntsville_P-S,Uahuntsville,34.725330,-86.644730,223.0
UCSB_P-D,Ucsb,34.415428,-119.845360,33.0
UCSB_P-S,Ucsb,34.415428,-119.845360,33.0
UPC-GEAB-Valledupar_P-D,Upc-Geab-Valledupar,9.559600,-73.329300,157.0
UPC-GEAB-Valledupar_P-S,Upc-Geab-Valledupar,9.559600,-73.329300,157.0
US0008R_CLAP,Barrow,71.323013,-156.611465,11.0
US0008R_NP,Barrow,71.323013,-156.611465,11.0
US0035R_CLAP,Bondville,40.050000,-88.366670,213.0
US0035R_NP,Bondville,40.050000,-88.366670,213.0
US1200R_CLAP,Mauna Loa,19.536230,-155.576157,3397.0
US1200R_NP,Mauna Loa,19.536230,-155.576157,3397.0
US3446C_CLAP,"Appalachian State University,Boone (Nc)",36.200000,-81.700000,1076.0
US3446C_NP,"Appalachian State University,Boone (Nc)",36.200000,-81.700000,1076.0
US6004G_CLAP,South Pole,-89.996948,-24.799999,2841.0
US6004G_NP,South Pole,-89.996948,-24.799999,2841.0
US9050R_CLAP,"Steamboat Springs,Colorado (Storm Peak Laboratory)",40.445000,-106.740000,3220.0
US9050R_NP,"Steamboat Springs,Colorado (Storm Peak Laboratory)",40.445000,-106.740000,3220.0
USCSEAPRISM2_P-S,Usc Seaprism 2,33.563710,-118.117820,31.0
USCSEAPRISM_P-S,Usc Seaprism,33.563710,-118.117820,31.0
USGSFlagstaffROLO_P-D,Usgs Flagstaff Rolo,35.214840,-111.634420,2179.6
USGSFlagstaffROLO_P-S,Usgs Flagstaff Rolo,35.214840,-111.634420,2179.6
USMPenang_P-D,Usm Penang,5.358380,100.302310,51.0
USMPenang_P-S,Usm Penang,5.358380,100.302310,51.0
USV_F-AAS,Ust-Vym,62.230000,50.420000,106.0
USV_IC,Ust-Vym,62.230000,50.420000,106.0
USV_PH-M,Ust-Vym,62.230000,50.420000,106.0
USV_RG,Ust-Vym,62.230000,50.420000,106.0
UT01_CFA,Logan,41.666100,-111.891400,1370.0
UT01_F-AAS,Logan,41.666100,-111.891400,1370.0
UT01_IC,Logan,41.666100,-111.891400,1370.0
UT01_PH-M,Logan,41.666100,-111.891400,1370.0
UT01_RG,Logan,41.666100,-111.891400,1370.0
UT09_CFA,Canyonlands National Park-Island In The Sky,38.458400,-109.821000,1797.0
UT09_F-AAS,Canyonlands National Park-Island In The Sky,38.458400,-109.821000,1797.0
UT09_IC,Canyonlands National Park-Island In The Sky,38.458400,-109.821000,1797.0
UT09_PH-M,Canyonlands National Park-Island In The Sky,38.458400,-109.821000,1797.0
UT09_RG,Canyonlands National Park-Island In The Sky,38.458400,-109.821000,1797.0
UT95_CFA,East Mckee,40.754300,-109.467100,2569.0
UT95_F-AAS,East Mckee,40.754300,-109.467100,2569.0
UT95_IC,East Mckee,40.754300,-109.467100,2569.0
UT95_PH-M,East Mckee,40.754300,-109.467100,2569.0
UT95_RG,East Mckee,40.754300,-109.467100,2569.0
UT98_CFA,Green River,39.000100,-110.174000,1256.0
UT98_F-AAS,Green River,39.000100,-110.174000,1256.0
UT98_IC,Green River,39.000100,-110.174000,1256.0
UT98_PH-M,Green River,39.000100,-110.174000,1256.0
UT98_RG,Green River,39.000100,-110.174000,1256.0
UT99_CFA,Bryce Canyon National Park-Repeater Hill,37.618600,-112.172800,2477.0
UT99_F-AAS,Bryce Canyon National Park-Repeater Hill,37.618600,-112.172800,2477.0
UT99_IC,Bryce Canyon National Park-Repeater Hill,37.618600,-112.172800,2477.0
UT99_PH-M,Bryce Canyon National Park-Repeater Hill,37.618600,-112.172800,2477.0
UT99_RG,Bryce Canyon National Park-Repeater Hill,37.618600,-112.172800,2477.0
UbonRatchathani_P-D,Ubon Ratchathani,15.245518,104.871011,120.0
UbonRatchathani_P-S,Ubon Ratchathani,15.245518,104.871011,120.0
UnivofLethbridge_P-D,Univ Of Lethbridge,49.681672,-112.868967,904.0
UnivofLethbridge_P-S,Univ Of Lethbridge,49.681672,-112.868967,904.0
UnivofNevada-Reno_P-D,Univ Of Nevada-Reno,39.540867,-119.814033,1410.0
UnivofNevada-Reno_P-S,Univ Of Nevada-Reno,39.540867,-119.814033,1410.0
UofWisconsinSSEC_P-D,U Of Wisconsin Ssec,43.072492,-89.411354,330.0
UofWisconsinSSEC_P-S,U Of Wisconsin Ssec,43.072492,-89.411354,330.0
Upington_P-D,Upington,-28.379000,21.156000,865.0
Upington_P-S,Upington,-28.379000,21.156000,865.0
Ussuriysk_P-D,Ussuriysk,43.700400,132.163500,280.0
Ussuriysk_P-S,Ussuriysk,43.700400,132.163500,280.0
Utsteinen_P-D,Utsteinen,-71.950000,23.333333,1396.0
Utsteinen_P-S,Utsteinen,-71.950000,23.333333,1396.0
VA00_CFA,Charlottesville,38.040200,-78.542700,172.0
VA00_F-AAS,Charlottesville,38.040200,-78.542700,172.0
VA00_IC,Charlottesville,38.040200,-78.542700,172.0
VA00_PH-M,Charlottesville,38.040200,-78.542700,172.0
VA00_RG,Charlottesville,38.040200,-78.542700,172.0
VA13_CFA,Blue Grass Trail,37.323200,-80.457200,652.0
VA13_F-AAS,Blue Grass Trail,37.323200,-80.457200,652.0
VA13_IC,Blue Grass Trail,37.323200,-80.457200,652.0
VA13_PH-M,Blue Grass Trail,37.323200,-80.457200,652.0
VA13_RG,Blue Grass Trail,37.323200,-80.457200,652.0
VA24_CFA,Prince Edward,37.165200,-78.307300,150.0
VA24_F-AAS,Prince Edward,37.165200,-78.307300,150.0
VA24_IC,Prince Edward,37.165200,-78.307300,150.0
VA24_PH-M,Prince Edward,37.165200,-78.307300,150.0
VA24_RG,Prince Edward,37.165200,-78.307300,150.0
VA28_CFA,Shenandoah National Park-Big Meadows,38.523100,-78.434800,1072.0
VA28_CV-AFS,Shenandoah National Park-Big Meadows,38.523100,-78.434800,1072.0
VA28_F-AAS,Shenandoah National Park-Big Meadows,38.523100,-78.434800,1072.0
VA28_IC,Shenandoah National Park-Big Meadows,38.523100,-78.434800,1072.0
VA28_PH-M,Shenandoah National Park-Big Meadows,38.523100,-78.434800,1072.0
VA99_CFA,Natural Bridge Station,37.626500,-79.512600,282.0
VA99_F-AAS,Natural Bridge Station,37.626500,-79.512600,282.0
VA99_IC,Natural Bridge Station,37.626500,-79.512600,282.0
VA99_PH-M,Natural Bridge Station,37.626500,-79.512600,282.0
VA99_RG,Natural Bridge Station,37.626500,-79.512600,282.0
VI01_CFA,Virgin Islands National Park-Lind Point,18.336200,-64.796200,56.0
VI01_F-AAS,Virgin Islands National Park-Lind Point,18.336200,-64.796200,56.0
VI01_IC,Virgin Islands National Park-Lind Point,18.336200,-64.796200,56.0
VI01_PH-M,Virgin Islands National Park-Lind Point,18.336200,-64.796200,56.0
VI01_RG,Virgin Islands National Park-Lind Point,18.336200,-64.796200,56.0
VNA002_IC,Hoa Binh,20.836667,105.342222,23.0
VNA002_PH-M,Hoa Binh,20.836667,105.342222,23.0
VNA002_UNK,Hoa Binh,20.836667,105.342222,23.0
VNA003_IC,Cuc Phuong,20.300278,105.693889,155.0
VNA003_PH-M,Cuc Phuong,20.300278,105.693889,155.0
VNA003_UNK,Cuc Phuong,20.300278,105.693889,155.0
VNA005_IC,Can Tho,10.088333,105.695833,2.0
VNA005_PH-M,Can Tho,10.088333,105.695833,2.0
VNA005_UNK,Can Tho,10.088333,105.695833,2.0
VNA007_IC,Yen Bai,21.707778,104.874722,56.0
VNA007_PH-M,Yen Bai,21.707778,104.874722,56.0
VNA007_UNK,Yen Bai,21.707778,104.874722,56.0
VOR_F-AAS,Voronezh Biospheric Reserve,51.900000,39.600000,156.0
VOR_IC,Voronezh Biospheric Reserve,51.900000,39.600000,156.0
VOR_PH-M,Voronezh Biospheric Reserve,51.900000,39.600000,156.0
VOR_RG,Voronezh Biospheric Reserve,51.900000,39.600000,156.0
VT01_CFA,Bennington,42.876100,-73.163300,305.0
VT01_F-AAS,Bennington,42.876100,-73.163300,305.0
VT01_IC,Bennington,42.876100,-73.163300,305.0
VT01_PH-M,Bennington,42.876100,-73.163300,305.0
VT01_RG,Bennington,42.876100,-73.163300,305.0
VT99_CFA,Underhill,44.528300,-72.868400,399.0
VT99_CV-AFS,Underhill,44.528300,-72.868400,399.0
VT99_F-AAS,Underhill,44.528300,-72.868400,399.0
VT99_IC,Underhill,44.528300,-72.868400,399.0
VT99_PH-M,Underhill,44.528300,-72.868400,399.0
VT99_RG,Underhill,44.528300,-72.868400,399.0
Valladolid_P-D,Valladolid,41.663600,-4.705830,705.0
Valladolid_P-S,Valladolid,41.663600,-4.705830,705.0
VechernayaHill_P-D,Vechernaya Hill,-67.660000,46.158000,80.0
VechernayaHill_P-S,Vechernaya Hill,-67.660000,46.158000,80.0
Venise_P-S,Venise,45.313900,12.508300,10.0
VirginiaTech_P-D,Virginiatech,37.230775,-80.424681,690.0
VirginiaTech_P-S,Virginiatech,37.230775,-80.424681,690.0
WA03_CV-AFS,Makah National Fish Hatchery,48.289200,-124.651900,6.0
WA03_RG,Makah National Fish Hatchery,48.289200,-124.651900,6.0
WA14_CFA,Olympic National Park-Hoh Ranger Station,47.859700,-123.932500,182.0
WA14_F-AAS,Olympic National Park-Hoh Ranger Station,47.859700,-123.932500,182.0
WA14_IC,Olympic National Park-Hoh Ranger Station,47.859700,-123.932500,182.0
WA14_PH-M,Olympic National Park-Hoh Ranger Station,47.859700,-123.932500,182.0
WA14_RG,Olympic National Park-Hoh Ranger Station,47.859700,-123.932500,182.0
WA19_CFA,North Cascades National Park-Marblemount Ranger Station,48.540300,-121.446000,124.0
WA19_F-AAS,North Cascades National Park-Marblemount Ranger Station,48.540300,-121.446000,124.0
WA19_IC,North Cascades National Park-Marblemount Ranger Station,48.540300,-121.446000,124.0
WA19_PH-M,North Cascades National Park-Marblemount Ranger Station,48.540300,-121.446000,124.0
WA19_RG,North Cascades National Park-Marblemount Ranger Station,48.540300,-121.446000,124.0
WA21_CFA,La Grande,46.835300,-122.286700,617.0
WA21_F-AAS,La Grande,46.835300,-122.286700,617.0
WA21_IC,La Grande,46.835300,-122.286700,617.0
WA21_PH-M,La Grande,46.835300,-122.286700,617.0
WA21_RG,La Grande,46.835300,-122.286700,617.0
WA24_CFA,Palouse Conservation Farm,46.760600,-117.184700,766.0
WA24_F-AAS,Palouse Conservation Farm,46.760600,-117.184700,766.0
WA24_IC,Palouse Conservation Farm,46.760600,-117.184700,766.0
WA24_PH-M,Palouse Conservation Farm,46.760600,-117.184700,766.0
WA24_RG,Palouse Conservation Farm,46.760600,-117.184700,766.0
WA99_CFA,Mount Rainier National Park-Tahoma Woods,46.758200,-122.124300,424.0
WA99_F-AAS,Mount Rainier National Park-Tahoma Woods,46.758200,-122.124300,424.0
WA99_IC,Mount Rainier National Park-Tahoma Woods,46.758200,-122.124300,424.0
WA99_PH-M,Mount Rainier National Park-Tahoma Woods,46.758200,-122.124300,424.0
WA99_RG,Mount Rainier National Park-Tahoma Woods,46.758200,-122.124300,424.0
WI06_CFA,Uw Arboretum,43.041000,-89.428000,265.0
WI06_CV-AFS,Uw Arboretum,43.041000,-89.428000,265.0
WI06_F-AAS,Uw Arboretum,43.041000,-89.428000,265.0
WI06_IC,Uw Arboretum,43.041000,-89.428000,265.0
WI06_PH-M,Uw Arboretum,43.041000,-89.428000,265.0
WI06_RG,Uw Arboretum,43.041000,-89.428000,265.0
WI08_CFA,Brule River,46.746600,-91.605500,207.0
WI08_CV-AFS,Brule River,46.746600,-91.605500,207.0
WI08_F-AAS,Brule River,46.746600,-91.605500,207.0
WI08_IC,Brule River,46.746600,-91.605500,207.0
WI08_PH-M,Brule River,46.746600,-91.605500,207.0
WI08_RG,Brule River,46.746600,-91.605500,207.0
WI10_CFA,Potawatomi,45.564800,-88.808300,570.0
WI10_CV-AFS,Potawatomi,45.564800,-88.808300,570.0
WI10_F-AAS,Potawatomi,45.564800,-88.808300,570.0
WI10_IC,Potawatomi,45.564800,-88.808300,570.0
WI10_PH-M,Potawatomi,45.564800,-88.808300,570.0
WI10_RG,Potawatomi,45.564800,-88.808300,570.0
WI31_CFA,Devil'S Lake,43.435200,-89.680100,389.0
WI31_CV-AFS,Devil'S Lake,43.435200,-89.680100,389.0
WI31_F-AAS,Devil'S Lake,43.435200,-89.680100,389.0
WI31_IC,Devil'S Lake,43.435200,-89.680100,389.0
WI31_PH-M,Devil'S Lake,43.435200,-89.680100,389.0
WI31_RG,Devil'S Lake,43.435200,-89.680100,389.0
WI35_CFA,Perkinstown,45.206400,-90.597800,472.0
WI35_F-AAS,Perkinstown,45.206400,-90.597800,472.0
WI35_IC,Perkinstown,45.206400,-90.597800,472.0
WI35_PH-M,Perkinstown,45.206400,-90.597800,472.0
WI35_RG,Perkinstown,45.206400,-90.597800,472.0
WI36_CFA,Trout Lake,46.051200,-89.654100,509.0
WI36_CV-AFS,Trout Lake,46.051200,-89.654100,509.0
WI36_F-AAS,Trout Lake,46.051200,-89.654100,509.0
WI36_IC,Trout Lake,46.051200,-89.654100,509.0
WI36_PH-M,Trout Lake,46.051200,-89.654100,509.0
WI36_RG,Trout Lake,46.051200,-89.654100,509.0
WI37_CFA,Spooner,45.822800,-91.874400,331.0
WI37_F-AAS,Spooner,45.822800,-91.874400,331.0
WI37_IC,Spooner,45.822800,-91.874400,331.0
WI37_PH-M,Spooner,45.822800,-91.874400,331.0
WI37_RG,Spooner,45.822800,-91.874400,331.0
WV04_CFA,Babcock State Park,37.979600,-80.952500,753.0
WV04_F-AAS,Babcock State Park,37.979600,-80.952500,753.0
WV04_IC,Babcock State Park,37.979600,-80.952500,753.0
WV04_PH-M,Babcock State Park,37.979600,-80.952500,753.0
WV04_RG,Babcock State Park,37.979600,-80.952500,753.0
WV05_CFA,Cedar Creek State Park,38.879400,-80.847600,210.0
WV05_F-AAS,Cedar Creek State Park,38.879400,-80.847600,210.0
WV05_IC,Cedar Creek State Park,38.879400,-80.847600,210.0
WV05_PH-M,Cedar Creek State Park,38.879400,-80.847600,210.0
WV05_RG,Cedar Creek State Park,38.879400,-80.847600,210.0
WV18_CFA,Parsons,39.089700,-79.662200,505.0
WV18_F-AAS,Parsons,39.089700,-79.662200,505.0
WV18_IC,Parsons,39.089700,-79.662200,505.0
WV18_PH-M,Parsons,39.089700,-79.662200,505.0
WV18_RG,Parsons,39.089700,-79.662200,505.0
WV99_CFA,Canaan Valley Institute,39.119100,-79.452200,988.0
WV99_F-AAS,Canaan Valley Institute,39.119100,-79.452200,988.0
WV99_IC,Canaan Valley Institute,39.119100,-79.452200,988.0
WV99_PH-M,Canaan Valley Institute,39.119100,-79.452200,988.0
WV99_RG,Canaan Valley Institute,39.119100,-79.452200,988.0
WY00_CFA,Snowy Range,41.376200,-106.260000,3269.0
WY00_F-AAS,Snowy Range,41.376200,-106.260000,3269.0
WY00_IC,Snowy Range,41.376200,-106.260000,3269.0
WY00_PH-M,Snowy Range,41.376200,-106.260000,3269.0
WY00_RG,Snowy Range,41.376200,-106.260000,3269.0
WY02_CFA,Sinks Canyon,42.733600,-108.849800,2164.0
WY02_F-AAS,Sinks Canyon,42.733600,-108.849800,2164.0
WY02_IC,Sinks Canyon,42.733600,-108.849800,2164.0
WY02_PH-M,Sinks Canyon,42.733600,-108.849800,2164.0
WY02_RG,Sinks Canyon,42.733600,-108.849800,2164.0
WY06_CFA,Pinedale,42.929000,-109.787500,2388.0
WY06_F-AAS,Pinedale,42.929000,-109.787500,2388.0
WY06_IC,Pinedale,42.929000,-109.787500,2388.0
WY06_PH-M,Pinedale,42.929000,-109.787500,2388.0
WY06_RG,Pinedale,42.929000,-109.787500,2388.0
WY08_CFA,Yellowstone National Park-Tower Falls,44.916600,-110.420300,1912.0
WY08_CV-AFS,Yellowstone National Park-Tower Falls,44.916600,-110.420300,1912.0
WY08_F-AAS,Yellowstone National Park-Tower Falls,44.916600,-110.420300,1912.0
WY08_IC,Yellowstone National Park-Tower Falls,44.916600,-110.420300,1912.0
WY08_PH-M,Yellowstone National Park-Tower Falls,44.916600,-110.420300,1912.0
WY08_RG,Yellowstone National Park-Tower Falls,44.916600,-110.420300,1912.0
WY26_CV-AFS,Roundtop Mountain,42.529900,-108.720000,2534.0
WY26_RG,Roundtop Mountain,42.529900,-108.720000,2534.0
WY94_CFA,Grand Tetons National Park,43.833300,-110.700800,2105.0
WY94_F-AAS,Grand Tetons National Park,43.833300,-110.700800,2105.0
WY94_IC,Grand Tetons National Park,43.833300,-110.700800,2105.0
WY94_PH-M,Grand Tetons National Park,43.833300,-110.700800,2105.0
WY94_RG,Grand Tetons National Park,43.833300,-110.700800,2105.0
WY95_CFA,Brooklyn Lake,41.364700,-106.240800,3181.0
WY95_F-AAS,Brooklyn Lake,41.364700,-106.240800,3181.0
WY95_IC,Brooklyn Lake,41.364700,-106.240800,3181.0
WY95_PH-M,Brooklyn Lake,41.364700,-106.240800,3181.0
WY95_RG,Brooklyn Lake,41.364700,-106.240800,3181.0
WY97_CFA,South Pass City,42.494400,-108.832000,2524.0
WY97_F-AAS,South Pass City,42.494400,-108.832000,2524.0
WY97_IC,South Pass City,42.494400,-108.832000,2524.0
WY97_PH-M,South Pass City,42.494400,-108.832000,2524.0
WY97_RG,South Pass City,42.494400,-108.832000,2524.0
WY98_CFA,Gypsum Creek,43.222700,-109.991700,2428.0
WY98_F-AAS,Gypsum Creek,43.222700,-109.991700,2428.0
WY98_IC,Gypsum Creek,43.222700,-109.991700,2428.0
WY98_PH-M,Gypsum Creek,43.222700,-109.991700,2428.0
WY98_RG,Gypsum Creek,43.222700,-109.991700,2428.0
WY99_CFA,Newcastle,43.873000,-104.191700,1466.0
WY99_F-AAS,Newcastle,43.873000,-104.191700,1466.0
WY99_IC,Newcastle,43.873000,-104.191700,1466.0
WY99_PH-M,Newcastle,43.873000,-104.191700,1466.0
WY99_RG,Newcastle,43.873000,-104.191700,1466.0
Wallops_P-D,Wallops,37.932850,-75.471950,37.0
Wallops_P-S,Wallops,37.932850,-75.471950,37.0
Waskesiu_P-D,Waskesiu,53.914386,-106.069578,569.0
Waskesiu_P-S,Waskesiu,53.914386,-106.069578,569.0
WatnallMO_P-D,Watnall Mo,53.005652,-1.250958,120.0
WatnallMO_P-S,Watnall Mo,53.005652,-1.250958,120.0
WaveCISSiteCSI6_P-S,Wavecis Site Csi 6,28.866667,-90.483333,33.6
Welgegund_P-D,Welgegund,-26.569444,26.939167,1480.0
Welgegund_P-S,Welgegund,-26.569444,26.939167,1480.0
WhiteSandsHELSTF_P-D,White Sands Helstf,32.634942,-106.338072,1207.2
WhiteSandsHELSTF_P-S,White Sands Helstf,32.634942,-106.338072,1207.2
Windpoort_P-D,Windpoort,-19.365556,15.482778,1206.0
Windpoort_P-S,Windpoort,-19.365556,15.482778,1206.0
XiangHe_P-D,Xianghe,39.753600,116.961500,36.0
XiangHe_P-S,Xianghe,39.753600,116.961500,36.0
XuZhou-CUMT_P-D,Xuzhou-Cumt,34.216670,117.141670,59.7
XuZhou-CUMT_P-S,Xuzhou-Cumt,34.216670,117.141670,59.7
Yakutsk_P-D,Yakutsk,61.661667,129.366667,118.5
Yakutsk_P-S,Yakutsk,61.661667,129.366667,118.5
Yanqihu_P-D,Yanqihu,40.408300,116.674400,100.0
Yanqihu_P-S,Yanqihu,40.408300,116.674400,100.0
Yekaterinburg_P-D,Yekaterinburg,57.038333,59.545000,300.0
Yekaterinburg_P-S,Yekaterinburg,57.038333,59.545000,300.0
YellowknifeAurora_P-D,Yellowknife Aurora,62.451300,-114.376250,220.8
YellowknifeAurora_P-S,Yellowknife Aurora,62.451300,-114.376250,220.8
Yuma_P-D,Yuma,32.644138,-114.582780,63.0
Yuma_P-S,Yuma,32.644138,-114.582780,63.0
Zaragoza_P-D,Zaragoza,41.633400,-0.882350,250.0
Zaragoza_P-S,Zaragoza,41.633400,-0.882350,250.0
Zeebrugge-MOW1_P-S,Zeebrugge-Mow1,51.362000,3.120000,15.0
ZinderAirport_P-D,Zinder Airport,13.776683,8.990233,456.0
ZinderAirport_P-S,Zinder Airport,13.776683,8.990233,456.0
Zvenigorod_P-D,Zvenigorod,55.695000,36.775000,200.0
Zvenigorod_P-S,Zvenigorod,55.695000,36.775000,200.0
