# Site ID, Site Name, Latitude, Longitude, Altitude (m)
4101241,4101241,40.810833,29.436552,
4101322,4101322,40.845787,29.425142,
AD0942A,Escaldes-Engordany,42.509693,1.539138,1080.0
AD0944A,Engolasters,42.516945,1.565250,1637.0
AD0945A,SudRadio-Envalira,42.534882,1.716986,2515.0
AL0203A,Korca,40.625931,20.780180,848.0
AL0204A,AL0204A,40.403091,19.486200,
AL0205A,Durres,41.319901,19.449200,1.0
AL0206A,Shkoder,42.313900,19.523420,13.0
AL0207A,Elbasan,41.110981,20.081699,150.0
AT0ENK1,Enzenkirchen im Sauwald,48.391647,13.671101,525.0
AT0ILL1,Illmitz am Neusiedler See,47.770279,16.766390,117.0
AT0KLH1,Klöch bei Bad Radkersburg,46.767502,15.956111,417.0
AT0PIL1,Pillersdorf bei Retz,48.721100,15.942222,315.0
AT0SON1,Sonnblick,47.054165,12.957778,3106.0
AT0VOR1,Vorhegg bei Kötschach-Mauthen,46.679707,12.971942,1036.0
AT0ZOE2,Zöbelboden im Reichraminger Hintergebirge - Wildwiese,47.838612,14.441389,892.0
AT10001,Eisenstadt Laschoberstraße,47.840015,16.526665,165.0
AT10002,AT10002,47.304142,16.193031,
AT10003,Kittsee,48.109165,17.070278,136.0
AT10035,AT10035,46.942036,16.148272,
AT11007,AT11007,47.465279,16.647223,
AT2F103,AT2F103,46.653057,14.266111,
AT2F202,Klein St. Paul - Pemberg,46.841923,14.528902,810.0
AT2KA21,AT2KA21,46.620014,14.316990,
AT2KA41,Klagenfurt Kreuzbergl,46.629700,14.289142,550.0
AT2KA61,Klagenfurt A2 Nordumfahrung ,46.652500,14.266111,455.0
AT2KA71,Klagenfurt Sterneckstraße,46.626617,14.299145,445.0
AT2M121,Arnoldstein Gailitz Waldsiedlungsstraße,46.558899,13.704967,574.0
AT2M226,Ebenthal Zell,46.610279,14.398334,420.0
AT2SP10,AT2SP10,46.935547,13.195533,
AT2SP18,AT2SP18,46.801388,13.493889,
AT2VI12,AT2VI12,46.611130,13.841152,
AT2VL52,Gerlitzen Steinturm,46.683899,13.901968,1897.0
AT2WO15,Wolfsberg Hauptschule,46.834999,14.843611,460.0
AT2WO25,AT2WO25,46.763893,14.822202,
AT2WO35,St. Georgen im Lavanttal - Herzogberg,46.708332,14.891667,540.0
AT30065,"Purkersdorf, Tullnerbachstraße",48.195835,16.143612,260.0
AT30101,AT30101,48.120277,14.878333,
AT30103,Kollmitzberg,48.179722,14.866667,465.0
AT30104,AT30104,48.192230,14.519540,
AT30201,"Bad Vöslau, Gainfarn",47.959167,16.205833,265.0
AT30202,Forsthof am Schöpfl,48.106133,15.919404,581.0
AT30301,Hainburg Krankenhaus,48.143612,16.959444,180.0
AT30302,Stixneusiedl,48.050278,16.675278,235.0
AT30401,Gänserndorf Baumschulweg,48.334721,16.729445,161.0
AT30403,Wolkersdorf,48.392242,16.522264,260.0
AT30407,AT30407,48.230835,16.636389,
AT30502,Heidenreichstein Thaures,48.878613,15.046667,570.0
AT30599,Klosterneuburg B14,48.308224,16.327944,170.0
AT30601,Klosterneuburg Meynertgasse,48.301373,16.304691,260.0
AT30603,AT30603,48.086094,16.433331,
AT30701,Ziersdorf,48.528896,15.942760,230.0
AT30801,AT30801,48.724209,15.498420,
AT30902,"Stockerau, Rudolf Diesel-Straße",48.385277,16.182222,175.0
AT31102,"Annaberg, Joachimsberg",47.855267,15.321935,880.0
AT31204,Pöchlarn,48.213333,15.197222,216.0
AT31301,AT31301,48.578609,16.580555,
AT31401,Mödling Bachgasse,48.086113,16.302221,215.0
AT31402,AT31402,48.125000,16.331388,
AT31406,Biedermannsdorf Mühlengasse,48.083336,16.337212,188.0
AT31413,Wiener Neudorf Hauptstraße,48.083889,16.330278,210.0
AT31502,AT31502,47.670006,15.854726,
AT31701,Dunkelsteinerwald - Unterbergern,48.370277,15.545834,320.0
AT31703,AT31703,48.353336,15.746928,
AT31901,Tulln Leopoldgasse,48.331364,16.059452,178.0
AT31902,AT31902,48.331112,15.903611,
AT31904,AT31904,48.276390,15.935000,
AT32101,Wiesmath,47.608334,16.293056,738.0
AT32301,St. Pölten Eybnerstraße,48.211422,15.631674,270.0
AT32302,St. Pölten Europaplatz,48.209984,15.611103,271.0
AT32401,Wiener Neustadt,47.814140,16.255014,265.0
AT32501,AT32501,48.408611,15.619166,
AT32604,AT32604,48.044971,14.772256,
AT32701,"Schwechat Sportplatz, Mühlgasse",48.145000,16.474445,155.0
AT32702,AT32702,48.145000,16.511110,
AT4S108,Grünbach bei Freistadt,48.531097,14.574717,918.0
AT4S125,AT4S125,47.716110,13.632222,
AT4S156,"Braunau Zentrum, Kolpingplatz",48.257778,13.039722,350.0
AT4S173,"Steyregg Au, Freizeitpark",48.278889,14.365833,250.0
AT4S184,"Linz Stadtpark, Noßbergerstraße",48.306095,14.297496,260.0
AT4S217,Enns Kristein - A1 Westautobahn,48.209446,14.436914,255.0
AT4S235,Feuerkogel (Höllengebirge),47.815853,13.720737,1602.0
AT4S245,AT4S245,47.974140,13.615047,
AT4S252,AT4S252,48.036331,14.415724,
AT4S254,AT4S254,47.557083,13.647278,
AT4S404,AT4S404,48.225277,14.238889,
AT4S406,Wels Linzerstraße,48.165005,14.035547,316.0
AT4S407,AT4S407,48.000832,13.667500,
AT4S409,Steyr Münichholz,48.050858,14.440598,305.0
AT4S415,Linz 24er Turm A7,48.323360,14.297766,255.0
AT4S416,Linz Neue Welt,48.274445,14.314722,265.0
AT4S418,AT4S418,47.971943,13.600833,
AT4S431,Linz Römerberg B139,48.302776,14.282778,262.0
AT4S432,Lenzing Hauptstraße,47.974319,13.609270,485.0
AT51000,AT51000,47.797489,13.053599,
AT51066,AT51066,47.805557,13.043333,
AT51200,AT51200,47.818062,13.029973,
AT52000,AT52000,47.683056,13.100000,
AT52055,St. Koloman Kleinhorn,47.650276,13.232778,1005.0
AT52100,Hallein Winterstall,47.666920,13.105881,650.0
AT52300,Hallein A10 Tauernautobahn,47.691113,13.108037,445.0
AT53055,Haunsberg,47.936668,13.015833,730.0
AT54057,"St. Johann im Pongau, Bezirkshauptmannschaft",47.351387,13.205556,620.0
AT55018,AT55018,47.154140,13.505002,
AT55019,Zederhaus Lamm,47.133781,13.543180,1140.0
AT55032,AT55032,47.125847,13.806927,
AT56072,Zell am See Freizeitzentrum/Eishalle,47.326641,12.795124,775.0
AT60018,Graz Schloßberg,47.075832,15.437500,450.0
AT60036,Graz Lustbühel,47.066956,15.493603,473.0
AT60106,Köflach,47.061695,15.079210,445.0
AT60107,AT60107,47.044987,15.149998,
AT60114,AT60114,47.192490,14.753302,
AT60118,"Judenburg, Sportplatz",47.178333,14.676666,715.0
AT60119,AT60119,47.210251,14.824448,
AT60135,Straßengel Kirche,47.113056,15.339167,454.0
AT60136,Judendorf Süd,47.120277,15.351111,375.0
AT60137,AT60137,47.059170,15.016667,
AT60138,Graz Nord Gösting,47.095524,15.414192,355.0
AT60139,AT60139,47.069710,15.404131,
AT60141,AT60141,47.359425,15.098884,
AT60142,Leoben Donawitz Kindergarten,47.375557,15.074500,555.0
AT60143,AT60143,47.382500,15.089167,
AT60145,AT60145,47.445580,15.290315,
AT60150,AT60150,47.404984,15.360832,
AT60151,AT60151,46.873066,15.495040,
AT60156,AT60156,47.348045,15.881945,
AT60157,AT60157,47.630562,13.796667,
AT60164,AT60164,47.055611,15.416603,
AT60170,Graz Süd Tiergartenweg,47.041668,15.433056,345.0
AT60171,Graz Ost Petersgasse,47.059429,15.466115,366.0
AT60172,Graz Mitte Gries,47.069160,15.431709,366.0
AT60177,AT60177,47.565437,14.244676,
AT60178,Weiz Bahnhofstraße,47.215702,15.628392,459.0
AT60179,AT60179,47.282860,15.971852,
AT60180,AT60180,47.409420,15.253304,
AT60183,AT60183,47.206390,15.345834,
AT60185,Klöch bei Bad Radkersburg,46.767502,15.956111,417.0
AT60189,AT60189,47.358330,13.633371,
AT60190,Arnfels - Remschnigg,46.651966,15.367749,785.0
AT60191,Gratwein,47.135555,15.323611,382.0
AT60194,Mürzzuschlag Roseggerpark,47.604721,15.673056,679.0
AT60195,AT60195,46.813889,15.212778,
AT60196,Grebenzen bei St. Lambrecht,47.040272,14.330015,1860.0
AT60197,Leibnitz Lastenstraße,46.778332,15.540556,272.0
AT60198,Fürstenfeld Ungartorweg,47.047222,16.078888,276.0
AT72106,AT72106,47.271290,11.416945,
AT72110,Innsbruck Fallmerayerstraße,47.262619,11.392361,577.0
AT72113,Innsbruck Sadrach,47.271118,11.366652,678.0
AT72123,AT72123,47.305622,11.375998,
AT72223,AT72223,47.239552,11.390653,
AT72227,Hall in Tirol Sportplatz,47.278069,11.512497,558.0
AT72315,Imst Inntalautobahn A12,47.216961,10.735586,719.0
AT72519,Brixlegg Innweg,47.428555,11.871802,519.0
AT72530,Wörgl Josef Stelzhamer-Straße,47.488560,12.066633,508.0
AT72538,Kramsach Angerberg,47.458717,11.909950,602.0
AT72547,Kufstein Festung,47.580528,12.169248,526.0
AT72550,Kundl A12 Inntal-Autobahn,47.468918,11.958036,507.0
AT72552,AT72552,47.581810,12.172411,
AT72619,AT72619,46.968082,10.185693,
AT72705,Höfen Lärchbichl,47.469997,10.682226,877.0
AT72710,Heiterwang Ort L355,47.447598,10.744117,985.0
AT72821,"Vomp A12 Inntalautobahn, Raststätte",47.348774,11.692028,557.0
AT72822,AT72822,47.346951,11.691663,
AT72910,AT72910,46.828033,12.765599,
AT72912,Lienz Tiefbrunnen ,46.819183,12.765869,681.0
AT80503,AT80503,47.529171,9.926653,
AT80706,Lustenau Wiesenrain,47.410820,9.652757,410.0
AT80709,AT80709,47.458885,9.640270,
AT80710,Lustenau Zollamt,47.432518,9.649433,410.0
AT80807,AT80807,47.410030,9.743441,
AT81919,Feldkirch Bärenkreuzung,47.238861,9.596703,460.0
AT82708,Bludenz Herrengasse,47.156483,9.822944,563.0
AT82801,Wald am Arlberg S16,47.128864,10.034324,949.0
AT900KE,Kaiser-Ebersdorf,48.156918,16.475552,158.0
AT900ZA,Hohe Warte,48.248993,16.357079,210.0
AT90A23,AT90A23,48.203060,16.434549,
AT90AKC,AT90AKC,48.219517,16.345552,
AT90FLO,AT90FLO,48.260841,16.396950,
AT90LAA,AT90LAA,48.161411,16.392817,
AT90LOB,AT90LOB,48.162071,16.525614,
AT90MBA,AT90MBA,48.188374,16.300020,
AT90TAB,Taborstraße,48.216740,16.380919,162.0
AT9BELG,AT9BELG,48.174355,16.361418,
AT9GAUD,AT9GAUD,48.187145,16.339331,
AT9JAEG,AT9JAEG,48.270157,16.297264,
AT9KEND,AT9KEND,48.205002,16.309750,
AT9LIES,Liesing - Carlberger-Gasse Gewerbegebiet,48.138035,16.296698,211.0
AT9SCHA,AT9SCHA,48.235371,16.301563,
AT9STAD,Stadlau,48.226360,16.458345,159.0
AT9STEF,Stephansplatz,48.208149,16.373253,172.0
BA0001G,IVAN SEDLO,43.778332,18.020281,970.0
BA0002A,ZENICA - BRIST,44.202221,17.900499,341.0
BA0029A,SARAJEVO-BJ-AUTOMAT,43.867496,18.423061,630.0
BA0031A,SKVER - MS1,44.540554,18.673338,220.0
BA0032A,TUZLA1 - MS2,44.534721,18.661678,210.0
BA0037A,ZENICA - CENTAR,44.199001,17.912701,318.0
BA0038A,ZENICA - TETOVO,44.225399,17.891100,336.0
BA0039A,ZENICA - RADAKOVO,44.195202,17.931999,332.0
BA0040A,JAJCE - HARMANI,44.342999,17.267900,421.0
BA0041A,GORAZDE - RASADNIK,43.661598,18.977501,361.0
BA0042A,SARAJEVO - OTOKA,43.848400,18.363701,512.0
BA0043A,SARAJEVO - ILIDZA,43.830101,18.311100,498.0
BA0044A,TUZLA - BUKINJE,44.523701,18.600201,215.0
BA0045A,LUKAVAC - CENTAR,44.533199,18.534700,187.0
BA0046A,ZIVINICE - CENTAR,44.454102,18.648500,215.0
BA0047A,BROD-RAFINERIJA,45.070000,17.590000,88.0
BA0048A,PRIJEDOR-AUTOMATSKA STANICA,44.970001,16.709999,133.0
BA0049A,SARAJEVO - VIJECNICA,43.859001,18.434799,553.0
BA0050A,SARAJEVO - ILIJAS,43.959999,18.269300,459.0
BA0051A,ZENICA - VRANDUK,44.290001,17.910000,361.0
BA0052A,KAKANJ - DOBOJ,44.110001,18.120001,381.0
BELAL01,BELAL01,51.236195,4.385224,
BELAL02,40AL02 - BEVEREN,51.304520,4.234833,4.0
BELAL03,40AL03 - BEVEREN,51.253963,4.201460,4.0
BELAL05,40AL05 - BEVEREN,51.263119,4.278890,8.0
BELGK06,BELGK06,50.927891,5.470620,
BELHB23,40HB23 - HOBOKEN,51.170300,4.341005,13.0
BELLD01,BELLD01,51.109978,5.004864,
BELLD02,40LD02 - LAAKDAL,51.120384,5.021546,22.0
BELLM05,BELLM05,51.215149,5.258111,
BELMN01,40MN01 - MENEN,50.793468,3.109642,10.0
BELOB01,BELOB01,50.917229,3.307386,
BELOB02,BELOB02,50.914951,3.376212,
BELR833,BELR833,51.327660,4.362261,
BELRB01,BELRB01,51.089397,4.331232,
BELRL01,40RL01 - ROESELARE,50.953178,3.121156,20.0
BELSA04,40SA04 - Hoevenen,51.313931,4.403868,6.0
BELSZ02,BELSZ02,50.913021,4.512184,
BELWZ02,40WZ02 - MOL,51.192799,5.221534,40.0
BETB001,BETB001,50.845779,4.368113,
BETB004,BETB004,50.852051,4.347777,
BETB006,BETB006,50.838638,4.374388,
BETB011,BETB011,50.857807,4.288706,
BETE007,BETE007,50.795300,4.252628,
BETE008,BETE008,50.926094,4.395920,
BETE009,BETE009,50.954918,4.435417,
BETE703,BETE703,51.190315,3.687296,
BETE704,47E704 - WACHTEBEKE,51.176102,3.869928,
BETE714,BETE714,51.278965,3.248624,
BETE715,BETE715,51.245865,3.174984,
BETE716,BETE716,51.066986,3.682813,
BETE814,47E814 - Ham,51.082188,5.129718,
BETH201,BETH201,50.624992,5.547464,
BETM204,BETM204,50.611923,5.611150,
BETM702,BETM702,51.166023,3.762137,
BETM705,BETM705,50.945358,3.152402,
BETM802,BETM802,51.260990,4.424399,
BETMEU1,BETMEU1,50.895000,4.395717,
BETN012,BETN012,51.254574,3.362536,
BETN016,BETN016,51.233654,5.163979,
BETN027,BETN027,51.133717,5.606659,
BETN029,BETN029,51.016281,2.582323,
BETN035,BETN035,50.977543,4.837618,
BETN040,42N040 - ST.P.LEEUWG,50.768139,4.225194,20.0
BETN043,41N043 - HAREN,50.883694,4.382977,17.0
BETN046,BETN046,50.882298,5.618874,
BETN051,BETN051,50.798916,3.930293,
BETN052,BETN052,50.814873,3.322494,
BETN054,BETN054,50.711704,5.103158,
BETN060,43N060 - HAVINNES,50.616718,3.457624,
BETN063,BETN063,50.655437,4.668288,
BETN066,43N066 - EUPEN,50.628860,6.002329,295.0
BETN067,43N067 - MEMBACH,50.612278,5.992753,
BETN070,BETN070,50.465191,3.939714,
BETN073,BETN073,50.502716,4.988423,
BETN085,43N085 - VIELSALM,50.303207,6.001736,490.0
BETN093,43N093 - SINSIN,50.274479,5.235168,265.0
BETN100,43N100 - DOURBES,50.095684,4.594763,225.0
BETN113,BETN113,50.027027,5.593017,
BETN121,BETN121,49.877129,5.202387,
BETN132,43N132 - HABAY-LA-N.,49.719280,5.630398,375.0
BETR001,41R001 - MOLENBEEK,50.849712,4.334104,20.0
BETR002,BETR002,50.825127,4.384562,
BETR010,BETR010,50.865108,4.428427,
BETR012,41R012 - UCCLE,50.796650,4.358624,101.0
BETR020,BETR020,50.941387,4.436721,
BETR221,BETR221,50.658443,5.627835,
BETR222,43R222 - SERAING,50.613411,5.570223,65.0
BETR223,43R223 - JEMEPPE,50.620670,5.516405,50.0
BETR240,43R240 - ENGIS,50.583614,5.397446,135.0
BETR501,BETR501,50.409313,4.452172,
BETR502,BETR502,50.428997,4.458681,
BETR510,45R510 - CHATELINEAU,50.416435,4.521130,118.0
BETR511,BETR511,50.377594,4.424700,
BETR512,45R512 - MARCHIENNE,50.407810,4.395897,107.0
BETR701,BETR701,51.058331,3.729298,
BETR702,44R702 - Gent (G.Carlierlaan),51.040688,3.734972,8.0
BETR710,BETR710,51.061279,3.775262,
BETR721,BETR721,51.088959,3.716119,
BETR731,BETR731,51.124691,3.739504,
BETR740,BETR740,51.150135,3.808735,
BETR750,BETR750,51.196064,3.822920,
BETR801,BETR801,51.209663,4.431821,
BETR802,42R802 - BORGERHOUT,51.209518,4.431792,6.0
BETR803,42R803 - ANTWERPEN,51.228630,4.428454,
BETR805,42R805 - ANTWERPEN,51.208229,4.421559,6.0
BETR811,BETR811,51.252102,4.491362,
BETR817,42R817 - ANTWERPEN,51.177132,4.417949,6.0
BETR820,BETR820,51.320415,4.444810,
BETR823,BETR823,51.213249,4.239931,
BETR830,BETR830,51.318230,4.262634,
BETR831,BETR831,51.348797,4.339710,
BETR834,42R834 - Boom,51.091999,4.380104,
BETR892,42R892 - KALLO,51.263039,4.278890,9.0
BETR893,BETR893,51.281380,4.385771,
BETR897,42R897 - ANTWERPEN,51.250107,4.342104,5.0
BETWOL1,BETWOL1,50.856712,4.425761,
BG0013A,AMS Izvorite-Devnya,43.223045,27.587238,20.0
BG0018A,AMS Studen kladenets-Kardzhali,41.636078,25.379683,238.0
BG0019A,BG0019A,43.411800,24.615005,
BG0026A,AMS Galabovo,42.146477,25.875406,136.0
BG0038A,AMS Shumen,43.268208,26.938438,212.0
BG0040A,AMS Nadezhda-Sofia,42.732292,23.310972,534.0
BG0041A,AMS Rakovski-Dimitrovgrad,42.056381,25.593451,103.0
BG0043A,AMS Railway Station-Vratsa,43.207977,23.557413,363.0
BG0044A,AMS Dolno Ezerovo-Burgas,42.518890,27.375143,6.0
BG0045A,AMS Vazrazhdane-Ruse,43.851368,25.964087,41.0
BG0050A,AMS Hipodruma-Sofia,42.680557,23.296785,581.0
BG0051A,AMS Kamenitsa-Plovdiv,42.142887,24.765240,166.0
BG0052A,AMS Druzhba -Sofia,42.666508,23.400164,548.0
BG0053R,AMS Rozhen peak,41.694344,24.738077,1720.0
BG0055A,AMS Zelen klin-Stara Zagora,42.432358,25.637388,208.0
BG0056A,AMS Meden rudnik-Burgas,42.456623,27.420967,51.0
BG0057A,AMS Gorna Oryahovitsa,43.126476,25.691212,172.0
BG0058A,AMS Blagoevgrad,42.001934,23.097822,414.0
BG0066A,AMS Lovech,43.136925,24.715742,177.0
BG0069A,AMS Sliven,42.674007,26.338326,240.0
BG0070A,AMS Kopitoto,42.637192,23.243864,1321.0
BG0071A,AMS Nesebar,42.659760,27.720957,27.0
BG0073A,AMS ExEA/Pavlovo-Sofia,42.669796,23.268402,615.0
BG0075A,AMS SOU Angel Kanchev-Varna,43.224388,27.915733,83.0
BG0076A,AMS OU Han Asparuh-Dobrich,43.552883,27.833080,246.0
BG0077A,AMS Bibliotekata-Smolyan,41.576622,24.714115,920.0
BG0078A,AMS Trakia - Plovdiv,42.141186,24.787952,
BG0079A,AMS Mladost-Sofia,42.655487,23.383270,
BG0080A,AMS Center-Pernik,42.610336,23.032190,
BG0081A,AMS Vidin 2,43.998932,22.867590,35.0
BG0083A,AMS Chaika - Varna,43.217281,27.935961,51.0
CH0002R,Payerne,46.813099,6.944480,489.0
CH0003R,CH0003R,47.479801,8.904680,
CH0004R,CH0004R,47.049500,6.979210,
CH0005A,Dübendorf-EMPA,47.402901,8.613400,432.0
CH0005R,Rigi-Seebodenalp,47.067402,8.463330,1031.0
CH0008A,Basel-Binningen,47.541100,7.583280,316.0
CH0010A,Zürich-Kaserne,47.377602,8.530410,409.0
CH0011A,Lugano-Università,46.011101,8.957170,280.0
CH0013A,Zürich-Stampfenbachstrasse,47.386799,8.539810,445.0
CH0017A,CH0017A,47.565899,7.582080,
CH0019A,St-Gallen-Stuelegg,47.406700,9.394380,915.0
CH0021A,CH0021A,47.370899,8.523540,
CH0022A,Ebikon-Sedel,47.067699,8.300680,484.0
CH0024A,CH0024A,46.139000,7.148330,
CH0028A,CH0028A,46.521999,6.639700,
CH0029A,CH0029A,47.567001,7.594710,
CH0031A,CH0031A,46.951000,7.440870,
CH0033A,Magadino-Cadenazzo,46.160400,8.933940,203.0
CH0041A,CH0041A,46.976398,7.478720,
CH0043A,Lugano-Pregassona,46.025902,8.967520,305.0
CH0044A,Opfikon-Balsberg,47.438702,8.570120,430.0
CH0046A,CH0046A,46.195599,6.211250,
CH0050A,CH0050A,46.231098,6.074170,
CH0051A,CH0051A,46.162601,6.005180,
CH0053R,Beromünster,47.189602,8.175440,797.0
CH0054A,Bern-Morgartenstrasse,46.963100,7.462520,554.0
CH0055A,Genève-Necker,46.207802,6.141130,383.0
CH0056A,Luzern-Moosstrasse,47.045799,8.304390,441.0
CH0057A,St-Gallen-Blumenbergplatz,47.427101,9.373990,675.0
CH0058A,Zürich-Rosengartenstrasse,47.395199,8.526080,433.0
CH0059A,Zürich-Heubeeribüel,47.381500,8.565920,610.0
CH0060A,Winterthur-Veltheim,47.508202,8.720350,440.0
CH0061A,Lausanne-Plaines-du-Loup,46.535801,6.622300,598.0
CY0002R,"""Emep - Ayia Marina""",0.000315,0.000297,532.0
CY0004A,"""NICOSIA TRAFFIC POLICE""",0.000316,0.000300,175.0
CY0006A,"""NICOSIA RESIDENTIAL""",35.126942,33.331665,208.0
CZ0ABRE,Praha 6-Brevnov,50.084385,14.380116,300.0
CZ0ACHO,Praha 4-Chodov,50.030170,14.517450,300.0
CZ0AKAL,Praha 8-Karlin,50.094227,14.442035,203.0
CZ0AKOB,Praha 8-Kobylisy,50.122166,14.467547,269.0
CZ0ALEG,Praha 2-Legerova,50.072388,14.430673,219.0
CZ0ALIB,Praha 4-Libus,50.007298,14.445898,301.0
CZ0APRU,Praha 10-Prumyslova,50.062286,14.537796,267.0
CZ0AREP,Praha 1-n. Republiky,50.088058,14.429190,190.0
CZ0ARIE,CZ0ARIE,50.081486,14.442664,
CZ0ASMI,CZ0ASMI,50.073128,14.398108,
CZ0ASTO,Praha 5-Stodulky,50.046131,14.331413,309.0
CZ0ASUC,CZ0ASUC,50.126545,14.384633,
CZ0AVRS,Praha 10-Vrsovice,50.066429,14.446152,201.0
CZ0AVYN,Praha 9-Vysocany,50.111080,14.503096,219.0
CZ0BBDN,Brno - Detska nemocnice,49.202724,16.616287,225.0
CZ0BBNI,Brno-Lisen,49.213211,16.678024,340.0
CZ0BBNV,Brno-Uvoz,49.198090,16.593643,235.0
CZ0BBNY,Brno-Turany,49.148991,16.696178,241.0
CZ0BKUC,Kucharovice,48.881332,16.085772,334.0
CZ0BMIS,Mikulov-Sedlec,48.791756,16.724474,245.0
CZ0BZNO,Znojmo,48.842957,16.060127,225.0
CZ0CCBD,Ceske Budejovice,48.984371,14.465661,383.0
CZ0CCHU,CZ0CCHU,49.068428,13.614777,
CZ0CHVO,Hojna Voda,48.724197,14.723382,818.0
CZ0CKOC,CZ0CKOC,49.467274,13.837456,
CZ0CPRA,CZ0CPRA,49.016087,14.000444,
CZ0CTAB,CZ0CTAB,49.411232,14.676389,
CZ0EMTP,Moravska Trebova - Piaristicka.,49.758995,16.666721,350.0
CZ0EPAO,Pardubice-Rosice,50.042213,15.739382,217.0
CZ0EPAU,Pardubice Dukla,50.024040,15.763547,239.0
CZ0ESVR,Svratouch,49.735085,16.034197,735.0
CZ0HHKB,Hradec Kralove-Brnen,50.195374,15.846372,232.0
CZ0HHKO,Hradec Kralove-observator,50.177658,15.838376,276.0
CZ0HKRY,Krkonose-Rychory,50.660454,15.850055,1001.0
CZ0HPLO,Polom,50.350563,16.322727,747.0
CZ0HTRT,Trutnov - Tkalcovska,50.565880,15.903927,432.0
CZ0JJIH,CZ0JJIH,49.401649,15.609935,
CZ0JKMY,Kostelni Myslova,49.159153,15.439048,569.0
CZ0JKOS,Kosetice,49.573395,15.080278,535.0
CZ0JTRE,Trebic,49.223442,15.865775,462.0
CZ0KCHM,Cheb,50.065865,12.363423,493.0
CZ0KPRB,Prebuz,50.372478,12.615380,904.0
CZ0KSOM,CZ0KSOM,50.172825,12.672803,
CZ0LCLM,Ceska Lipa,50.698044,14.537345,299.0
CZ0LFRT,Frydlant,50.940651,15.069817,366.0
CZ0LLIL,Liberec-Rochlice,50.755100,15.069967,422.0
CZ0LSOU,Sous,50.789646,15.319683,771.0
CZ0MBEL,CZ0MBEL,49.587082,17.804220,
CZ0MJES,Jesenik-lazne,50.242218,17.190161,625.0
CZ0MLOS,Lostice,49.747917,16.925777,258.0
CZ0MOLJ,CZ0MOLJ,49.601635,17.237862,
CZ0MPRR,Prerov,49.451656,17.454159,210.0
CZ0MPST,Prostejov,49.467838,17.114702,218.0
CZ0PKUJ,Kamenny Ujezd,49.722000,13.618538,385.0
CZ0PPLA,CZ0PPLA,49.732449,13.402281,
CZ0PPLE,CZ0PPLE,49.747318,13.381035,
CZ0PPLL,Plzen-Lochotin,49.770123,13.368189,360.0
CZ0PPLV,Plzen-Doubravka,49.768616,13.423346,348.0
CZ0PPRM,Primda,49.669582,12.677884,740.0
CZ0SBER,Beroun,49.957912,14.058275,216.0
CZ0SKLM,CZ0SKLM,50.143875,14.101753,
CZ0SKLS,Kladno-Svermov,50.167412,14.106048,219.0
CZ0SMBO,Mlada Boleslav,50.428627,14.913831,224.0
CZ0SONR,Ondrejov,49.913506,14.782586,514.0
CZ0SPBR,CZ0SPBR,49.676315,13.991222,
CZ0SROR,Rozdalovice-Ruska,50.301983,15.178303,198.0
CZ0STCS,Tobolka-Certovy schody,49.918503,14.094489,420.0
CZ0TBKR,CZ0TBKR,49.502621,18.538532,
CZ0TCER,Cervena hora,49.777142,17.541941,749.0
CZ0TCTN,Cesky Tesin,49.748959,18.609726,285.0
CZ0TFMI,Frydek-Mistek,49.671799,18.351053,290.0
CZ0THAR,Havirov,49.790977,18.406836,260.0
CZ0TKAR,Karvina,49.863796,18.551453,238.0
CZ0TOCB,Ostrava-Ceskobratrsk,49.839870,18.289968,215.0
CZ0TOFF,CZ0TOFF,49.839172,18.263378,
CZ0TOPO,Ostrava-Poruba CHMU,49.825268,18.159264,242.0
CZ0TOPR,Ostrava-Privoz,49.856258,18.269741,207.0
CZ0TORO,Ostrava-Radvanice OZO,49.818558,18.340389,258.0
CZ0TOVK,Opava-Katerinky,49.944988,17.909531,255.0
CZ0TOZR,CZ0TOZR,49.796040,18.247181,
CZ0TRYC,Rychvald,49.871670,18.377254,241.0
CZ0TSTD,Studenka,49.720936,18.089306,231.0
CZ0TTRK,CZ0TTRK,49.672379,18.643007,
CZ0TTRO,Trinec-Kosmos,49.668137,18.677771,320.0
CZ0TVER,CZ0TVER,49.924667,18.422829,
CZ0UCHM,Chomutov,50.467525,13.412656,344.0
CZ0UDCM,Decin,50.774151,14.218794,131.0
CZ0UDOK,Doksany,50.458855,14.170162,158.0
CZ0UKRU,Krupka,50.696671,13.847692,533.0
CZ0ULOM,Lom,50.585766,13.673418,265.0
CZ0ULTT,CZ0ULTT,50.540897,14.119409,
CZ0UMED,Medenec,50.427597,13.130136,827.0
CZ0UMOM,Most,50.510391,13.645229,221.0
CZ0URVH,Rudolice v Horach,50.579861,13.419483,840.0
CZ0USNZ,Sneznik,50.789444,14.086799,590.0
CZ0UTPM,Teplice,50.645302,13.851213,257.0
CZ0UTUS,CZ0UTUS,50.376579,13.327585,
CZ0UULD,Usti n.L.-Vseboricka,50.683125,13.997873,230.0
CZ0UULK,Usti n.L.-Kockov,50.683525,14.041195,367.0
CZ0UULM,CZ0UULM,50.661095,14.043063,
CZ0ZSNV,Stitna n.Vlari,49.047825,18.007809,600.0
CZ0ZTNV,CZ0ZTNV,49.259392,17.410561,
CZ0ZUHR,Uherske Hradiste,49.067955,17.466843,191.0
CZ0ZVMZ,Valasske Mezirici,49.472057,17.966976,290.0
CZ0ZZLN,Zlin,49.232887,17.667166,258.0
DEBB007,DEBB007,51.462734,13.526796,
DEBB021,Potsdam-Zentrum,52.401352,13.059945,31.0
DEBB029,Schwedt (Oder),53.064262,14.285139,5.0
DEBB032,Eisenhüttenstadt,52.146263,14.638166,40.0
DEBB044,"Cottbus, Bahnhofstr.",51.756592,14.327998,75.0
DEBB045,"Frankfurt (Oder), Leipziger Str.",52.337337,14.538595,56.0
DEBB048,Neuruppin,52.931889,12.809481,43.0
DEBB049,"Brandenburg, Neuendorfer Str.",52.409309,12.548376,33.0
DEBB053,Hasenholz (Buckow),52.563835,14.015252,88.0
DEBB054,"Potsdam, Zeppelinstr.",52.393932,13.037474,31.0
DEBB055,Brandenburg a.d. Havel,52.420441,12.552303,33.0
DEBB060,DEBB060,52.832466,13.822211,
DEBB063,Wittenberge,52.998749,11.738460,22.0
DEBB064,Cottbus,51.746849,14.334470,75.0
DEBB065,DEBB065,52.194225,12.561389,
DEBB066,Spreewald,51.897598,14.057064,52.0
DEBB067,DEBB067,52.608608,12.885194,
DEBB068,"Bernau, Lohmühlenstr.",52.677650,13.582269,71.0
DEBB073,"Potsdam, Großbeerenstr.",52.388870,13.094618,32.0
DEBB075,"Potsdam, Groß Glienicke",52.484169,13.123698,39.0
DEBB083,Spremberg,51.564499,14.376400,99.0
DEBB086,Blankenfelde-Mahlow,52.349705,13.424304,43.0
DEBB092,Frankfurt (Oder),52.334679,14.525960,74.0
DEBB099,DEBB099,52.481880,13.848250,
DEBB109,DEBB109,52.089680,13.174949,
DEBB110,Dallgow-Döberitz,52.539505,13.048779,39.0
DEBE010,DEBE010,52.543041,13.349326,
DEBE018,DEBE018,52.485813,13.348775,
DEBE027,Berlin Marienfelde,52.398407,13.368103,45.0
DEBE032,Berlin Grunewald (3.5 m),52.473190,13.225144,50.0
DEBE034,DEBE034,52.489452,13.430844,
DEBE051,Berlin Buch,52.644169,13.483079,60.0
DEBE056,Berlin Friedrichshagen,52.447697,13.647050,35.0
DEBE061,DEBE061,52.463612,13.318250,
DEBE062,Berlin Frohnau (3.5 m),52.653271,13.296081,50.0
DEBE063,DEBE063,52.467533,13.441654,
DEBE064,DEBE064,52.481709,13.433967,
DEBE065,DEBE065,52.514072,13.469931,
DEBE066,Berlin Karlshorst,52.485294,13.529504,35.0
DEBE067,DEBE067,52.506599,13.332972,
DEBE068,Berlin Mitte,52.513607,13.418833,35.0
DEBE069,Berlin Mariendorfer Damm,52.438114,13.387720,50.0
DEBW004,DEBW004,49.076550,8.406660,
DEBW005,Mannheim-Nord,49.544079,8.465281,94.0
DEBW009,Heidelberg,49.419529,8.676700,112.0
DEBW010,Wiesloch,49.300732,8.700103,162.0
DEBW013,Stuttgart-Bad Cannstatt,48.808800,9.229745,235.0
DEBW015,Heilbronn,49.165508,9.224786,157.0
DEBW019,DEBW019,48.396835,9.979031,
DEBW022,Kehl,48.578178,7.802317,136.0
DEBW023,Weil am Rhein,47.588154,7.633271,275.0
DEBW024,DEBW024,48.899235,9.172792,
DEBW027,Reutlingen,48.488888,9.207320,385.0
DEBW029,DEBW029,48.847916,10.096292,
DEBW031,DEBW031,47.809891,7.764528,
DEBW033,DEBW033,48.889038,8.665536,
DEBW038,Friedrichshafen,47.660057,9.485675,404.0
DEBW039,Villingen-Schwenningen,48.048656,8.463597,700.0
DEBW042,DEBW042,48.678070,9.227769,
DEBW046,Biberach,48.089886,9.800325,534.0
DEBW052,Konstanz,47.664360,9.169289,403.0
DEBW056,Schwäbisch Hall,49.107880,9.733231,306.0
DEBW059,Tauberbischofsheim,49.634842,9.657919,177.0
DEBW073,Neuenburg,47.819019,7.567969,223.0
DEBW076,Baden-Baden,48.773071,8.220214,148.0
DEBW080,DEBW080,49.007961,8.387190,
DEBW081,DEBW081,49.028595,8.355628,
DEBW084,DEBW084,48.001511,7.832122,
DEBW087,Schwäbische Alb,48.345779,9.207639,798.0
DEBW098,Mannheim Friedrichsring,49.492561,8.472040,101.0
DEBW099,DEBW099,48.783131,9.180720,
DEBW107,DEBW107,48.507702,9.051178,
DEBW112,DEBW112,48.645607,8.904442,
DEBW116,Stuttgart Hohenheimer Straße,48.768711,9.184490,302.0
DEBW117,DEBW117,48.889198,9.190030,
DEBW118,Stuttgart Am Neckartor,48.788101,9.191010,239.0
DEBW120,DEBW120,48.801022,9.016520,
DEBW122,DEBW122,47.988201,7.859920,
DEBW125,DEBW125,49.003712,8.526280,
DEBW136,Tübingen Mühlstraße,48.520229,9.058020,340.0
DEBW147,DEBW147,48.489330,9.210790,
DEBW152,DEBW152,49.146000,9.225890,
DEBW156,DEBW156,48.229149,8.390620,
DEBY001,DEBY001,49.304890,10.572297,
DEBY002,DEBY002,50.058193,12.188650,
DEBY004,Kleinwallstadt/Hofstetter Straße,49.869423,9.171544,124.0
DEBY005,Aschaffenburg/Bussardweg,49.991516,9.117973,134.0
DEBY006,DEBY006,48.364590,10.895029,
DEBY007,Augsburg/Bourges-Platz,48.376575,10.888370,477.0
DEBY009,DEBY009,49.898331,10.887686,
DEBY012,DEBY012,48.177174,12.829314,
DEBY013,DEBY013,48.182835,12.781387,
DEBY014,DEBY014,50.260578,10.959312,
DEBY020,Hof/LfU,50.320610,11.897492,525.0
DEBY021,DEBY021,48.769444,11.428766,
DEBY026,Vohburg a.d. Donau/Alter Wöhrer Weg,48.767109,11.638330,355.0
DEBY028,DEBY028,48.909519,11.879245,
DEBY030,Saal a.d. Donau/Regensburger Straße,48.904228,11.948795,340.0
DEBY031,Kempten (Allgäu)/Westendstraße,47.725140,10.306561,678.0
DEBY032,DEBY032,50.103134,11.442591,
DEBY033,DEBY033,48.539803,12.157051,
DEBY035,Lindau (Bodensee)/Friedrichshafener Straße,47.557472,9.688869,411.0
DEBY037,DEBY037,48.137253,11.564924,
DEBY039,DEBY039,48.154533,11.554669,
DEBY047,DEBY047,50.323246,11.721605,
DEBY049,Neustadt a.d. Donau/Eining,48.853210,11.777818,359.0
DEBY052,DEBY052,48.397079,10.008293,
DEBY053,DEBY053,49.445911,11.088444,
DEBY056,DEBY056,49.472210,10.984705,
DEBY058,Nürnberg/Muggenhof,49.462231,11.024800,300.0
DEBY062,DEBY062,48.972401,13.128932,
DEBY063,DEBY063,49.015244,12.101557,
DEBY067,DEBY067,49.321957,12.128139,
DEBY068,DEBY068,50.048397,10.232076,
DEBY072,Tiefenbach/Altenschneeberg,49.438465,12.548869,755.0
DEBY075,DEBY075,49.678951,12.159361,
DEBY077,DEBY077,49.804695,9.956420,
DEBY079,Bad Reichenhall/Kirchholzstraße,47.733440,12.891241,469.0
DEBY088,DEBY088,48.021656,12.538174,
DEBY089,München/Johanneskirchen,48.173195,11.648036,513.0
DEBY093,Sulzbach-Rosenberg/Lohe,49.487984,11.786341,393.0
DEBY099,DEBY099,48.326012,10.903051,
DEBY109,DEBY109,47.968754,11.220172,
DEBY110,DEBY110,48.370235,10.896221,
DEBY111,DEBY111,49.943638,11.570088,
DEBY113,Erlangen/Kraepelinstraße,49.605915,10.963528,284.0
DEBY115,München/Landshuter Allee,48.149605,11.536513,521.0
DEBY118,DEBY118,48.573627,13.422039,
DEBY119,DEBY119,49.790527,9.947654,
DEBY120,Nürnberg/Von-der-Tann-Straße,49.440479,11.036096,308.0
DEBY121,Oberaudorf/Inntal-Autobahn,47.648460,12.188324,469.0
DEBY122,Bad Hindelang/Unterjoch,47.518013,10.404232,1056.0
DEBY124,Burgbernheim/Grüne Au,49.444061,10.325000,362.0
DEBY187,Oettingen/Goethestraße,48.952179,10.597720,417.0
DEBY188,Schwabach/Angerstraße,49.322731,11.027920,344.0
DEBY189,München/Allach,48.181690,11.464450,510.0
DEBY196,Garmisch-Partenkirchen/Wasserwerk,47.477058,11.057220,732.0
DEHB001,Bremen-Mitte,53.077152,8.815780,10.0
DEHB002,Bremen-Ost,53.060043,8.916966,7.0
DEHB004,Bremen-Nord,53.180946,8.625456,20.0
DEHB005,DEHB005,53.562454,8.569405,
DEHB006,Bremen-Dobben,53.078663,8.825173,5.0
DEHB011,DEHB011,53.585262,8.598760,
DEHB012,Bremen-Oslebshausen,53.124561,8.735047,8.0
DEHB013,Bremen-Hasenbüren,53.117699,8.695060,4.0
DEHE001,DEHE001,49.872303,8.664619,
DEHE005,Frankfurt-Höchst,50.101749,8.542517,100.0
DEHE008,Frankfurt Ost,50.125332,8.746343,103.0
DEHE011,Hanau,50.135769,8.921570,105.0
DEHE013,Kassel Mitte,51.314247,9.483397,180.0
DEHE018,Raunheim,50.010326,8.451527,90.0
DEHE020,Wetzlar,50.567184,8.500619,150.0
DEHE022,DEHE022,50.050343,8.244949,
DEHE024,DEHE024,51.291756,9.774588,
DEHE026,DEHE026,50.164429,9.399441,
DEHE028,Fürth/Odenwald,49.653465,8.817251,480.0
DEHE030,Marburg,50.804256,8.769324,180.0
DEHE032,Bebra,50.970024,9.800260,206.0
DEHE037,Wiesbaden Ringkirche,50.077190,8.230316,135.0
DEHE039,Burg Herzberg,50.770382,9.459402,490.0
DEHE040,DEHE040,49.869457,8.653745,
DEHE041,DEHE041,50.124588,8.691911,
DEHE042,DEHE042,50.532967,8.684397,
DEHE043,Riedstadt,49.825165,8.516798,90.0
DEHE044,DEHE044,50.383217,8.060998,
DEHE045,Michelstadt,49.672508,9.001981,207.0
DEHE046,DEHE046,51.430897,8.928171,
DEHE049,Kassel Fünffensterstraße,51.312077,9.491120,172.0
DEHE050,DEHE050,51.360756,9.271233,
DEHE051,Wasserkuppe,50.497711,9.935862,950.0
DEHE052,Kleiner Feldberg,50.221943,8.446079,824.0
DEHE059,Fulda Petersberger Straße,50.550030,9.684854,269.0
DEHE060,Kellerwald,51.154842,9.031754,462.0
DEHE061,DEHE061,50.584106,8.668579,
DEHE062,DEHE062,50.807167,8.770508,
DEHE063,DEHE063,49.643238,8.642000,
DEHE112,Wiesbaden Schiersteiner Straße,50.072121,8.228865,147.0
DEHE116,DEHE116,50.101494,8.784892,
DEHE131,Limburg Schiede,50.386425,8.059909,119.0
DEHE134,Fulda Zentral,50.546383,9.680167,270.0
DEHE135,Frankfurt-Schwanheim,50.075462,8.576305,94.0
DEHH008,DEHH008,53.564140,9.967882,
DEHH015,Hamburg Veddel,53.523262,10.021227,4.0
DEHH016,DEHH016,53.529018,10.081685,
DEHH026,DEHH026,53.560631,9.957236,
DEHH033,DEHH033,53.638290,9.998009,
DEHH047,DEHH047,53.630741,10.110595,
DEHH050,Hamburg Neugraben,53.480927,9.857223,3.0
DEHH059,DEHH059,53.507931,9.990569,
DEHH064,DEHH064,53.564400,9.944580,
DEHH068,DEHH068,53.592300,10.053859,
DEHH070,DEHH070,53.555668,9.943012,
DEHH072,DEHH072,53.535957,9.844080,
DEHH073,DEHH073,53.532074,9.832702,
DEHH079,DEHH079,53.545269,9.944815,
DEHH081,Hamburg Hafen,53.529160,9.981599,6.0
DEMV003,DEMV003,53.559784,13.266440,
DEMV004,DEMV004,53.817776,12.064708,
DEMV007,Rostock-Stuthof,54.161556,12.174105,5.0
DEMV012,Löcknitz,53.520454,14.257407,17.0
DEMV017,Göhlen,53.302353,11.362965,25.0
DEMV019,Güstrow,53.781750,12.175512,17.0
DEMV020,Rostock Am Strande,54.092278,12.141994,1.0
DEMV021,Rostock-Warnemünde,54.171329,12.080003,2.0
DEMV022,DEMV022,54.092621,12.099553,
DEMV023,DEMV023,53.631805,11.398332,
DEMV024,Leizen,53.396347,12.463929,116.0
DEMV025,Stralsund-Knieperdamm,54.319229,13.081010,8.0
DEMV026,Garz,54.323513,13.342138,17.0
DEMV028,Wismar,53.902260,11.475960,5.0
DEMV031,Rostock-Hohe Düne,54.177292,12.097920,2.0
DENI011,Braunschweig,52.226940,10.473640,98.0
DENI016,Oker/Harlingerode,51.901581,10.481320,208.0
DENI020,Wolfsburg,52.440811,10.816380,66.0
DENI028,Eichsfeld,51.507580,10.238540,185.0
DENI029,Ostfriesland,53.362350,7.207260,1.0
DENI031,Jadebusen,53.596169,8.090590,2.0
DENI038,Osnabrück,52.255341,8.052860,95.0
DENI041,Weserbergland,52.170170,9.062550,54.0
DENI042,Göttingen,51.551071,9.949760,170.0
DENI043,Emsland,52.498550,7.317470,30.0
DENI048,Hannover Verkehr,52.359478,9.715500,66.0
DENI051,Wurmberg,51.758160,10.612480,939.0
DENI052,DENI052,52.829430,9.622950,
DENI053,Südoldenburg,52.997959,7.942570,17.0
DENI054,Hannover,52.362919,9.706120,85.0
DENI058,Ostfries. Inseln,53.715302,7.213980,5.0
DENI059,Elbmündung,53.830170,8.801220,3.0
DENI060,Wendland,52.957020,11.167050,16.0
DENI062,Lüneburger Heide,53.246960,10.456500,47.0
DENI063,Altes Land,53.524181,9.685030,3.0
DENI066,Hildesheim Verkehr,52.150776,9.950223,86.0
DENI067,Osnabrück-Verkehr,52.270302,8.041470,69.0
DENI068,Göttingen-Verkehr,51.530201,9.928330,150.0
DENI070,Salzgitter-Drütte,52.153690,10.455910,93.0
DENI071,DENI071,51.613651,10.422750,
DENI075,Braunschweig-Verkehr,52.266731,10.540550,81.0
DENI077,Solling-Süd,51.708839,9.554620,295.0
DENI143,Oldenburg Heiligengeistwall,53.142838,8.212084,8.0
DENI157,Wolfsburg Heßlinger Straße,52.427887,10.793683,61.0
DENW002,Datteln-Hagem,51.641376,7.331409,56.0
DENW006,Lünen-Niederaden,51.592209,7.569761,59.0
DENW008,Dortmund-Eving,51.536892,7.457409,71.0
DENW010,Unna-Königsborn,51.547478,7.693785,76.0
DENW015,Marl-Sickingmühle,51.698956,7.122684,37.0
DENW021,Bottrop-Welheim,51.525955,6.976880,30.0
DENW022,Gelsenkirchen-Bismarck,51.533642,7.101868,30.0
DENW024,Essen-Vogelheim,51.496540,6.980991,40.0
DENW029,Hattingen-Blankenstein,51.403008,7.208546,95.0
DENW030,DENW030,51.672859,6.629658,
DENW034,Duisburg-Walsum,51.524029,6.748363,17.0
DENW038,Mülheim-Styrum,51.453461,6.865050,39.0
DENW040,Duisburg-Buchholz,51.385258,6.762973,35.0
DENW042,Krefeld-Linn,51.337669,6.640242,36.0
DENW043,Essen-Ost Steeler Straße,51.451176,7.030534,113.0
DENW053,Köln-Chorweiler,51.019337,6.884571,46.0
DENW058,Hürth,50.876179,6.873818,92.0
DENW059,Köln-Rodenkirchen,50.889870,6.985074,50.0
DENW062,Bonn-Auerberg,50.753628,7.082648,60.0
DENW064,Simmerath (Eifel),50.653233,6.281008,580.0
DENW065,Netphen Rothaargebirge,50.930328,8.191907,641.0
DENW066,Nettetal-Kaldenkirchen,51.326935,6.195834,47.0
DENW067,Bielefeld-Ost,52.023155,8.548362,106.0
DENW068,Soest-Ost,51.570675,8.148023,108.0
DENW071,Düsseldorf-Lörick,51.249214,6.732353,38.0
DENW074,Niederzier,50.883484,6.469312,105.0
DENW078,Ratingen-Tiefenbroich,51.303394,6.819887,42.0
DENW079,Leverkusen-Manfort,51.028931,7.004976,50.0
DENW080,Solingen-Wald,51.183781,7.052573,208.0
DENW081,Borken-Gemen,51.862041,6.874469,44.0
DENW082,Düsseldorf Corneliusstraße,51.213165,6.782538,45.0
DENW094,Aachen-Burtscheid,50.754730,6.093826,200.0
DENW095,Münster-Geist,51.936535,7.611583,64.0
DENW096,Mönchengladbach-Rheydt,51.154606,6.425610,83.0
DENW100,DENW100,51.169960,6.458890,
DENW101,DENW101,51.519600,7.464249,
DENW112,Duisburg Kardinal-Galen-Straße,51.437687,6.771867,36.0
DENW114,Wuppertal-Langerfeld,51.277615,7.231854,186.0
DENW116,Krefeld (Hafen),51.342571,6.670194,34.0
DENW133,Hagen Graf-von-Galen-Ring,51.362820,7.463550,112.0
DENW134,Essen Gladbecker Straße,51.477898,7.005276,50.0
DENW136,Dortmund Brackeler Straße,51.523544,7.483562,80.0
DENW179,Schwerte,51.448795,7.582247,118.0
DENW181,Warstein,51.442993,8.360797,315.0
DENW182,DENW182,50.927109,6.582205,
DENW188,Oberhausen Mülheimer Straße 117,51.474934,6.863629,47.0
DENW189,Wuppertal Gathe,51.260685,7.147378,158.0
DENW200,Bielefeld Detmolder Straße,52.005619,8.552790,137.0
DENW206,DENW206,51.176151,7.084060,
DENW207,Aachen Wilhelmstraße,50.773125,6.095760,168.0
DENW208,Gelsenkirchen Kurt-Schumacher-Straße,51.527901,7.084555,36.0
DENW211,Köln Clevischer Ring,50.962837,7.004605,53.0
DENW212,Köln Turiner Straße,50.947269,6.957649,55.0
DENW247,Essen-Schuir (LANUV),51.406845,6.965589,155.0
DENW259,Mönchengladbach Friedrich-Ebert-Straße,51.169434,6.439945,65.0
DENW260,Münster Weseler Straße,51.953278,7.619377,66.0
DENW329,Jackerath,51.033833,6.451483,112.0
DENW337,Jüchen-Hochneukirch,51.097637,6.469463,83.0
DENW338,Duisburg-Bruckhausen,51.485493,6.735431,24.0
DENW355,Leverkusen Gustav-Heinemann-Straße,51.031471,7.010934,49.0
DENW367,DENW367,51.568050,6.990946,
DENW381,DENW381,51.219578,6.704074,
DENW382,DENW382,51.460720,6.727486,
DENW383,DENW383,52.024158,8.534087,
DERP001,Ludwigshafen-Oppau,49.514957,8.402331,91.0
DERP003,Ludwigshafen-Mundenheim,49.455509,8.425897,98.0
DERP007,Mainz-Mombach,50.017551,8.216803,115.0
DERP009,Mainz-Zitadelle,49.995014,8.273979,100.0
DERP010,DERP010,50.001026,8.261131,
DERP011,Mainz-Rheinallee,50.009869,8.265800,85.0
DERP013,Westpfalz-Dunzweiler,49.423115,7.293543,460.0
DERP014,Hunsrück-Leisel,49.740898,7.193411,650.0
DERP015,Westeifel Wascheid,50.266548,6.378081,680.0
DERP016,Westerwald-Herdorf,50.766815,7.973542,480.0
DERP017,Pfälzerwald-Hortenkopf,49.270264,7.826407,600.0
DERP019,Kaiserslautern-Rathausplatz,49.445999,7.767300,232.0
DERP020,Trier-Ostallee,49.754230,6.646718,140.0
DERP021,Neuwied-Hafenstraße,50.424686,7.481378,65.0
DERP022,Bad Kreuznach-Bosenheimer Straße,49.841221,7.866222,108.0
DERP023,Worms-Hagenstraße,49.628700,8.364900,90.0
DERP024,Koblenz-Friedrich-Ebert-Ring,50.354404,7.596633,68.0
DERP025,Wörth-Marktplatz,49.052284,8.253538,115.0
DERP026,Frankenthal-Europaring,49.533298,8.355300,99.0
DERP028,Westerwald-Neuhäusel,50.424290,7.729909,540.0
DERP041,DERP041,49.478497,8.443850,
DERP045,DERP045,50.359371,7.592242,
DERP046,DERP046,50.431438,7.460718,
DERP047,Trier-Pfalzel,49.784023,6.690258,131.0
DERP053,Speyer-Nord,49.351124,8.423000,103.0
DERP060,Pirmasens-Innenstadt,49.191998,7.614573,378.0
DESH001,Altendeich,53.670551,9.585874,8.0
DESH008,DESH008,54.093231,10.240596,
DESH013,Fehmarn,54.412987,11.215994,2.0
DESH014,St.-Peter-Ording,54.327808,8.603474,2.0
DESH015,Itzehoe,53.924713,9.532635,40.0
DESH016,Barsbüttel,53.570583,10.214871,42.0
DESH022,DESH022,54.781429,9.438090,
DESH023,Lübeck-St. Jürgen,53.835491,10.695936,12.0
DESH025,DESH025,53.928028,9.511769,
DESH027,DESH027,54.304676,10.135158,
DESH030,Norderstedt,53.681992,9.997256,26.0
DESH035,Brunsbüttel-Cuxhavener Straße,53.896118,9.156908,
DESH052,Kiel-Theodor-Heuss-Ring,54.304241,10.122364,18.0
DESH053,DESH053,53.862236,10.673320,
DESH055,Lübeck Fackenburger Allee,53.874531,10.664881,13.0
DESH056,Eggebek,54.616669,9.363674,14.0
DESH057,Kiel-Bremerskamp,54.347610,10.105600,30.0
DESH058,Lauenburg-Murjahnstraße,53.382339,10.540524,37.0
DESL001,DESL001,49.263905,6.687126,
DESL002,DESL002,49.362049,7.263369,
DESL003,Dillingen City,49.357861,6.733540,185.0
DESL006,Lauterbach,49.183609,6.744856,221.0
DESL010,DESL010,49.244247,6.948776,
DESL011,Saarbrücken-Eschberg,49.237228,7.036322,315.0
DESL012,Saarbrücken-City,49.233463,6.987601,192.0
DESL013,DESL013,49.322647,6.753639,
DESL017,DESL017,49.254345,6.867744,
DESL019,Biringen,49.416885,6.552037,339.0
DESL020,Saarbrücken-Verkehr,49.230740,7.003174,192.0
DESL030,Ottweiler,49.399502,7.165575,260.0
DESN001,Annaberg-Buchholz,50.570873,12.997278,545.0
DESN004,Bautzen,51.175671,14.443771,203.0
DESN006,Borna,51.125000,12.493056,145.0
DESN017,Freiberg,50.916302,13.346826,393.0
DESN019,DESN019,50.826000,12.542056,
DESN020,Görlitz,51.155800,14.973958,210.0
DESN024,Klingenthal,50.354782,12.468739,540.0
DESN025,Leipzig-Mitte,51.344166,12.377163,110.0
DESN045,Zittau-Ost,50.892376,14.822846,230.0
DESN049,Carlsfeld,50.431320,12.611125,896.0
DESN051,Radebeul-Wahnsdorf,51.119514,13.675005,246.0
DESN052,Zinnwald,50.731480,13.751450,877.0
DESN053,Fichtelberg,50.428490,12.953459,1214.0
DESN059,Leipzig-West,51.317905,12.297411,115.0
DESN061,Dresden-Nord,51.064930,13.741397,112.0
DESN074,Schwartenberg,50.659096,13.465078,785.0
DESN075,Plauen-Süd,50.486137,12.138054,343.0
DESN076,DESN076,51.303772,13.009406,
DESN077,Leipzig Lützner Str.,51.335873,12.334686,113.0
DESN079,Niesky,51.285355,14.749731,148.0
DESN080,Schkeuditz,51.396095,12.234054,122.0
DESN081,DESN081,50.481750,12.130376,
DESN082,DESN082,51.375988,12.425748,
DESN083,Chemnitz-Leipziger Str.,50.845741,12.903367,327.0
DESN084,Dresden-Bergstr.,51.026295,13.731608,150.0
DESN091,Zwickau-Werdauer Str.,50.720406,12.486621,267.0
DESN092,Dresden-Winckelmannstr.,51.036106,13.730205,112.0
DESN093,Brockau,50.608135,12.211112,430.0
DESN104,Chemnitz Hans-Link-Straße,50.855190,12.959368,318.0
DEST002,Burg,52.268353,11.864763,47.0
DEST011,Wernigerode/Bahnhof,51.839382,10.790143,235.0
DEST015,Bitterfeld/Wolfen,51.651165,12.302866,75.0
DEST028,Zeitz,51.054558,12.141322,156.0
DEST029,Bernburg,51.803535,11.738962,60.0
DEST039,DEST039,51.798630,10.618275,
DEST044,Halberstadt,51.896980,11.057442,120.0
DEST050,Halle/Nord,51.496185,11.979056,116.0
DEST066,Wittenberg/Bahnstrasse,51.870853,12.663663,71.0
DEST075,DEST075,51.475163,11.983406,
DEST077,Magdeburg/West,52.127899,11.611464,58.0
DEST089,Zartau/Waldstation,52.593136,11.172327,95.0
DEST090,Leuna,51.321365,12.032141,96.0
DEST091,DEST091,51.840576,12.244764,
DEST092,Wittenberg/Dessauer Strasse,51.867470,12.598270,73.0
DEST095,Aschersleben,51.759518,11.449471,118.0
DEST098,Unterharz / Friedrichsbrunn,51.662434,11.043386,419.0
DEST102,Halle/Paracelsusstr.,51.494755,11.981314,118.0
DEST103,Magdeburg Schleinufer,52.120762,11.632669,53.0
DEST104,Domäne Bobbe,51.837307,11.891412,72.0
DEST105,Stendal Stadtsee,52.602055,11.850274,35.0
DEST106,Goldene Aue (Roßla),51.456070,11.091078,143.0
DEST108,Weißenfels/Am Krug,51.197250,11.960960,116.0
DEST112,Magdeburg/Guericke-Stra.,52.131741,11.631919,56.0
DEST133,Halle/Riebeckplatz,51.475777,11.983850,111.0
DETH005,DETH005,50.651180,11.368875,
DETH009,Gera Friedericistr.,50.877922,12.074900,190.0
DETH011,Altenburg Theaterplatz,50.987759,12.437621,185.0
DETH013,Eisenach Werneburgstr.,50.978291,10.317236,210.0
DETH018,Nordhausen,51.497196,10.791404,185.0
DETH020,DETH020,50.979454,11.037924,
DETH026,Dreißigacker,50.561752,10.375299,450.0
DETH027,Neuhaus,50.499954,11.134593,840.0
DETH036,Greiz Mollbergstr.,50.655861,12.205199,265.0
DETH040,DETH040,50.619183,10.787135,
DETH041,Jena Dammstr.,50.933514,11.597062,140.0
DETH042,Possen,51.333332,10.867188,420.0
DETH043,DETH043,50.984875,11.019353,
DETH060,DETH060,50.653244,10.668641,
DETH061,Hummelshain,50.791615,11.661233,357.0
DETH072,DETH072,50.611530,10.693092,
DETH081,DETH081,50.972332,11.010446,
DETH083,Weimar Steubenstr.,50.977463,11.326070,220.0
DETH091,Mühlhausen Wanfrieder Str,51.205227,10.448432,220.0
DETH093,Weimar Schwanseestr.,50.982185,11.321017,224.0
DETH095,Mühlhausen Bastmarkt,51.207943,10.450997,215.0
DETH117,Erfurt Bautzener Weg,50.993126,11.056578,196.0
DEUB001,Westerland,54.924969,8.308208,12.0
DEUB004,Schauinsland,47.913258,7.908035,1205.0
DEUB005,Waldhof,52.800774,10.756733,74.0
DEUB028,Zingst,54.436985,12.721938,1.0
DEUB029,Schmücke,50.654064,10.769534,937.0
DEUB030,Neuglobsow,53.141304,13.031662,65.0
DEUB044,Zugspitze Schneefernerhaus,47.414436,10.980657,2650.0
DEUB046,DEUB046,48.947613,13.420573,
DK0008R,DK0008R,56.717400,11.521000,
DK0012R,"""Risoe""",55.694199,12.088900,3.0
DK0030A,DK0030A,55.698334,12.553336,
DK0031R,DK0031R,56.290401,8.427400,
DK0034A,"""Copenhagen/1103""",55.674301,12.571100,5.0
DK0045A,"""Copenhagen/1259""",55.700279,12.561400,25.0
DK0046A,DK0046A,55.396389,10.389173,
DK0051A,DK0051A,56.150558,10.200842,
DK0053A,DK0053A,57.046665,9.930847,
DK0054A,DK0054A,54.754471,10.715521,
DK0056A,"""Århus/6160""",56.159760,10.193640,21.0
DK0057A,DK0057A,55.632000,12.463300,
DK0058A,"""Odense/9155""",55.397999,10.366900,10.0
E135019,E135019,56.177292,14.857318,
E135020,E135020,59.378185,13.498062,
E155527,E155527,59.314575,18.075712,
E155528,E155528,59.654213,12.596442,
E155530,E155530,59.609871,16.550461,
E155531,E155531,55.372875,13.157458,
E156417,E156417,59.857094,17.646309,
E157868,E157868,57.778240,14.159519,
E157992,E157992,59.340500,18.037016,
E157993,E157993,59.313301,18.004040,
E157995,E157995,59.368431,16.510622,
E159388,E159388,60.085835,17.505278,
E159402,E159402,59.446381,17.955032,
E159403,E159403,59.314602,18.077139,
E159404,E159404,59.860519,17.637596,
E164766,E164766,67.135971,20.665703,
E164904,E164904,56.097412,13.419637,
E165094,E165094,59.132988,12.917436,
E165095,E165095,60.281403,15.989098,
EE0009R,"""Lahemaa""",59.494446,25.930569,32.0
EE0011R,"""Vilsandi""",58.376110,21.845013,6.0
EE0015A,"""Rahu""",59.456944,24.698624,9.0
EE0016A,"""Saarejärve""",58.702778,26.758898,50.0
EE0018A,"""Õismäe""",59.414169,24.649458,6.0
EE0019A,"""Kohtla-Järve""",59.409725,27.278622,60.0
EE0020A,"""Liivalaia""",59.431114,24.760565,5.0
EE0021A,"""Tartu""",58.370556,26.734722,41.0
EE0022A,"""Narva""",59.376160,28.179167,25.0
ES0001R,SAN PABLO DE LOS MONTES,39.546940,-4.350560,923.0
ES0005R,NOIA,42.720558,-8.923610,686.0
ES0006R,MAHÓN,39.875278,4.316390,78.0
ES0007R,VÍZNAR,37.237221,-3.534170,1258.0
ES0008R,NIEMBRO,43.439171,-4.850000,132.0
ES0009R,CAMPISÁBALOS,41.274170,-3.142500,1368.0
ES0010R,CABO DE CREUS,42.319172,3.315830,75.0
ES0011R,BARCARROTA,38.472778,-6.923610,377.0
ES0012R,ZARRA,39.082779,-1.101110,855.0
ES0013R,PEÑAUSENDE,41.238892,-5.897500,1003.0
ES0014R,ELS TORMS,41.393890,0.734720,488.0
ES0016R,O SAVIÑAO,42.634720,-7.704720,560.0
ES0017R,DOÑANA,37.051941,-6.555280,35.0
ES0041A,DIRECCIÓN DE SALUD,43.258831,-2.945650,32.0
ES0094A,FRAGA REDONDA (F-2),43.405399,-7.988600,478.0
ES0110A,ERANDIO,43.302681,-2.977240,4.0
ES0115A,ES0115A,40.424168,-3.712222,
ES0118A,ESCUELAS AGUIRRE,40.421665,-3.682222,672.0
ES0120A,RAMÓN Y CAJAL,40.451668,-3.677222,708.0
ES0124A,ARTURO SORIA,40.439999,-3.639167,698.0
ES0125A,ES0125A,40.346943,-3.705000,
ES0126A,ES0126A,40.394722,-3.731944,
ES0201A,MAGDALENA (B-1),43.453899,-7.847800,362.0
ES0296A,SA POBLA,39.747311,3.014880,7.0
ES0316A,MONAGREGA,40.946671,-0.290830,570.0
ES0339A,XOVE,43.686268,-7.507778,60.0
ES0343A,RIO COBO,43.684444,-7.431944,100.0
ES0354A,ES0354A,42.877800,-6.440000,
ES0360A,ES0360A,42.781399,-6.603900,
ES0365A,ES0365A,42.703609,-4.827220,
ES0373A,ES0373A,42.625557,-6.520833,
ES0377A,ES0377A,42.611668,-6.643333,
ES0556A,CAMPAMENTO,36.179428,-5.376970,9.0
ES0557A,ECONOMATO,36.186211,-5.380810,15.0
ES0584A,MONTCADA I REIXAC (PL. DE LLUÍS COMPANYS),41.482018,2.188297,34.0
ES0587A,MUSKIZ,43.320740,-3.112720,30.0
ES0588A,ABANTO,43.320518,-3.074140,136.0
ES0624A,RODALQUILAR,36.847450,-2.038190,50.0
ES0629A,COLEGIO (S1),36.185619,-5.488930,30.0
ES0633A,PALMONES (S5),36.174702,-5.432770,1.0
ES0634A,SAN ROQUE (S6),36.212040,-5.430270,32.0
ES0651A,ALUMBRES,37.603333,-0.913333,60.0
ES0691A,BARCELONA (EL POBLENOU),41.403881,2.204523,3.0
ES0692A,L'HOSPITALET DE LLOBREGAT (AV. DEL TORRENT GORNAL),41.370502,2.114973,29.0
ES0694A,SANT VICENÇ DELS HORTS (RIBOT - SANT MIQUEL),41.392159,2.009802,38.0
ES0712A,LOS BARRIOS,36.175381,-5.480830,45.0
ES0761A,ES0761A,42.715557,-5.638889,
ES0777A,PRESA DE VILLAGUDÍN,43.093498,-8.496400,270.0
ES0785A,ROMERALEJO,37.267250,-6.919050,31.0
ES0787A,TORREARENILLA,37.190331,-6.904530,13.0
ES0805A,BASAURI,43.241100,-2.883700,125.0
ES0813A,ES0813A,40.841942,-0.057500,
ES0817A,LA RANILLA,37.384251,-5.959620,29.0
ES0822A,LA ORDEN,37.279640,-6.938070,66.0
ES0823A,PUNTA UMBRÍA,37.185680,-6.964140,1.0
ES0824A,MERIÑÁN,43.306900,-5.705700,218.0
ES0825A,LA FELGUERA,43.306702,-5.689700,206.0
ES0827A,SAN JUÁN DEL PUERTO,37.315399,-6.844630,23.0
ES0873A,JINÁMAR III FASE,28.035120,-15.416310,53.0
ES0879A,LLARANES,43.550301,-5.898900,8.0
ES0880A,LLANOPONTE,43.551201,-5.919700,6.0
ES0886A,PEDRO LEZCANO,28.029852,-15.416086,90.0
ES0890A,TORNEO,37.394520,-6.003100,17.0
ES0892A,LA RÁBIDA,37.199772,-6.920270,8.0
ES0893A,GUADARRANQUE,36.182098,-5.411410,2.0
ES0894A,MADREVIEJA,36.204418,-5.404710,23.0
ES0901A,ES0901A,43.244598,-8.318700,
ES0926A,ES0926A,38.108139,-4.926800,
ES0961A,CAMPELO,42.427502,-8.676900,20.0
ES0971A,ES0971A,41.450768,1.974887,
ES1018A,TERRASSA (PARE ALEGRE),41.556114,2.007401,261.0
ES1035A,CERCEDA,43.186600,-8.471600,340.0
ES1037A,BARREDA,43.367500,-4.042780,18.0
ES1038A,ZAPATÓN,43.346390,-4.064170,20.0
ES1039A,ESCUELA DE MINAS,43.355831,-4.063610,20.0
ES1044A,ES1044A,41.670280,-0.871110,
ES1047A,ROGER DE FLOR,41.651390,-0.916110,212.0
ES1067A,PALOS,37.219250,-6.888580,28.0
ES1072A,LA LÍNEA,36.159370,-5.348360,1.0
ES1074A,HOSTELERÍA,36.203880,-5.383710,51.0
ES1076A,CORTIJILLOS,36.190479,-5.435760,26.0
ES1090A,JAIME FERRÁN,41.674171,-0.864170,196.0
ES1093A,S'ALBUFERA,39.789951,3.074130,6.0
ES1094A,ES1094A,39.874901,4.258600,
ES1095A,POUS,39.890900,4.253000,55.0
ES1096A,GOMEZ FRANQUEIRA,42.353001,-7.877900,132.0
ES1117A,ES1117A,41.112091,1.151824,
ES1120A,TARRAGONA (BONAVISTA),41.115879,1.191975,39.0
ES1122A,PERAFORT (PUIGDELFÍ),41.193588,1.236703,97.0
ES1123A,CONSTANTÍ (GAUDÍ),41.154922,1.217718,56.0
ES1124A,TARRAGONA (SANT SALVADOR),41.159451,1.239704,77.0
ES1125A,MANRESA (PL. D'ESPANYA),41.730282,1.825306,238.0
ES1126A,ES1126A,41.475601,1.923200,
ES1130A,ES1130A,41.288330,-0.326670,
ES1131A,TOME CANO,28.462173,-16.261894,67.0
ES1135A,ES1135A,41.577599,1.625900,
ES1137A,ARENAL,42.219002,-8.742100,53.0
ES1138A,CORLAB 1,43.367100,-8.420599,35.0
ES1148A,ES1148A,41.425621,2.222245,
ES1160A,ES1160A,42.350830,-3.675560,
ES1161A,BARRIO PINILLA,42.603889,-5.587222,838.0
ES1162A,MEDINA DEL CAMPO,41.316387,-4.909167,721.0
ES1163A,MIRANDA DE EBRO 1,42.684444,-2.917500,471.0
ES1169A,CARTEYA (S9),36.208790,-5.391380,51.0
ES1174A,ES1174A,42.726112,-7.451944,
ES1175A,ES1175A,42.715279,-7.449444,
ES1181A,QUART DE POBLET,39.481110,-0.447222,41.0
ES1182A,GANDÍA,38.966667,-0.190000,22.0
ES1185A,SAGUNT PORT,39.667221,-0.234722,10.0
ES1193A,ES1193A,40.419998,-3.749167,
ES1201A,AGULLANA (DIPÒSITS D'AIGUA),42.391975,2.842139,214.0
ES1208A,REUS (EL TALLAPEDRA),41.150780,1.120172,102.0
ES1215A,ES1215A,40.706707,0.581652,
ES1222A,ES1222A,41.691273,2.440945,
ES1225A,LLEIDA (IRURITA - PIUS XII),41.615795,0.615726,170.0
ES1231A,SANT CUGAT DEL VALLÈS (PARC DE SANT FRANCESC),41.476768,2.088977,113.0
ES1234A,PASTORIZA-REPSOL,43.335300,-8.472000,240.0
ES1239A,VALÈNCIA-PISTA DE SILLA,39.456112,-0.375833,11.0
ES1244A,MAZARREDO,43.267502,-2.935200,33.0
ES1246A,CAN MISSES,38.913799,1.414300,25.0
ES1247A,ES1247A,38.906479,1.435370,
ES1248A,SORT (ESCOLA DE CAIAC),42.405380,1.130000,692.0
ES1253A,BAILÉN,38.092930,-3.783920,368.0
ES1256A,LOS ROSALES,37.260159,-6.925460,23.0
ES1258A,MOGUER,37.281559,-6.833840,52.0
ES1259A,NIEBLA,37.358440,-6.678460,41.0
ES1262A,SABADELL (GRAN VIA),41.561176,2.101405,210.0
ES1268A,ES1268A,43.358299,-5.866400,
ES1269A,PALACIO DE DEPORTES,43.366501,-5.833000,180.0
ES1270A,HERMANOS FELGUEROSO,43.535198,-5.658300,18.0
ES1271A,ARGENTINA,43.538799,-5.698900,19.0
ES1272A,CONSTITUCIÓN,43.529900,-5.673500,29.0
ES1275A,SANT CELONI (CARLES DAMM),41.689049,2.495747,145.0
ES1277A,ES1277A,38.680698,-4.108300,
ES1278A,ES1278A,38.689251,-4.111510,
ES1279A,CAMPO DE FÚTBOL,38.681980,-4.088580,685.0
ES1285A,ES1285A,43.532902,-7.737700,
ES1287A,GUARDO,42.795277,-4.840833,1120.0
ES1297A,LA ROBLA,42.802776,-5.623611,945.0
ES1298A,RENAULT 4,41.961399,-4.494400,734.0
ES1307A,ES1307A,43.177021,-8.194420,
ES1309A,CAMPO DE FÚTBOL,42.909199,-8.506800,320.0
ES1310A,PARDINES (AJUNTAMENT),42.312077,2.214273,1226.0
ES1311A,BEGUR (CENTRE D'ESTUDIS DEL MAR),41.958675,3.212854,200.0
ES1312A,TARRAGONA (UNIVERSITAT LABORAL),41.103680,1.200765,5.0
ES1328A,MARISMAS DEL TITÁN,37.252579,-6.942190,17.0
ES1339A,VILANOVA I LA GELTRÚ (PL. DE LES DANSES DE VILANOVA),41.219036,1.721249,12.0
ES1340A,POZO DULCE,37.253361,-6.935140,18.0
ES1346A,MIRANDA DE EBRO 2,42.688057,-2.940556,471.0
ES1347A,SANTA PAU (CAN JORDÀ),42.143261,2.510207,496.0
ES1348A,ES1348A,42.368317,1.776783,
ES1349A,LLODIO,43.144070,-2.963370,122.0
ES1353A,SAMA I,43.294102,-5.679600,216.0
ES1354A,RENAULT 1,41.599998,-4.732500,706.0
ES1358A,AVENIDA DE CASTILLA,43.537800,-5.646100,19.0
ES1359A,MOURENCE (C-9),43.313000,-7.693700,469.0
ES1365A,BARRIO 630,38.702702,-4.112000,685.0
ES1366A,AREEIRO,42.404701,-8.670300,40.0
ES1370A,MOTRIL,36.743118,-3.517300,50.0
ES1379A,GANDESA (CREU ROJA),41.058205,0.439712,368.0
ES1386A,ES1386A,40.012779,-0.057222,
ES1387A,ONDA,39.962776,-0.233333,163.0
ES1393A,ES1393A,36.841331,-2.446720,
ES1396A,BARCELONA (SANTS),41.378803,2.133098,35.0
ES1397A,MANLLEU (HOSPITAL COMARCAL),42.003277,2.287272,460.0
ES1400A,ES1400A,41.505562,-0.151940,
ES1417A,HUESCA,42.136108,-0.403890,488.0
ES1418A,ALAGÓN,41.762779,-1.143330,235.0
ES1421A,TERUEL,40.336391,-1.106670,915.0
ES1422A,PLAZA DEL CARMEN,40.419167,-3.703333,657.0
ES1423A,LA ALJORRA,37.693611,-1.064722,80.0
ES1424A,ES1424A,43.558899,-5.927500,
ES1425A,PRINCIPES,37.375252,-6.005580,9.0
ES1426A,MORATALAZ,40.408054,-3.645278,685.0
ES1428A,CASTELLÓ-ERMITA,39.959167,-0.036111,44.0
ES1432A,CANGAS DEL NARCEA,43.178799,-6.552700,363.0
ES1433A,BLIMEA,43.275700,-5.596000,262.0
ES1435A,VILAFRANCA,40.416668,-0.249167,1125.0
ES1437A,CORATXAR,40.691666,0.084722,1200.0
ES1438A,BARCELONA (L'EIXAMPLE),41.385342,2.153822,26.0
ES1439A,ESTACION 2 (OESTE),42.202900,-8.747000,26.0
ES1440A,ESTACION 1 (ESTE),42.210300,-8.736500,12.0
ES1441A,MORELLA,40.637222,-0.091111,1150.0
ES1442A,ARRASATE,43.064201,-2.490400,218.0
ES1443A,BURGOS 4,42.336109,-3.636110,929.0
ES1445A,CASTELLÓ-GRAU,39.981945,0.010556,10.0
ES1450A,SANTA CLARA,37.398312,-5.951650,29.0
ES1451A,NÉSTOR ÁLAMO,28.031561,-15.409140,33.0
ES1453A,SANTA COLOMA DE GRAMENET (BALLDOVINA),41.447350,2.209511,23.0
ES1472A,PAMPLONA - ITURRAMA,42.807220,-1.651390,449.0
ES1479A,AVDA. MARCONI,36.506020,-6.268570,4.0
ES1480A,BARCELONA (GRÀCIA - SANT GERVASI),41.398743,2.153385,61.0
ES1489A,VALDEREJO,42.875198,-3.231700,911.0
ES1490A,DURANGO,43.168320,-2.637940,113.0
ES1491A,MUNDAKA,43.405918,-2.703180,116.0
ES1492A,TRES MARZO,42.856071,-2.667790,518.0
ES1494A,ATEGORRIETA,43.321999,-1.960700,23.0
ES1497A,HERNANI,43.267502,-1.977700,18.0
ES1498A,TOLOSA,43.130798,-2.078000,90.0
ES1499A,BEASAIN,43.048111,-2.191380,153.0
ES1501A,AZPEITIA,43.180401,-2.268200,110.0
ES1502A,ES1502A,42.854801,-2.680700,
ES1516A,RIO SAN PEDRO,36.522831,-6.225170,1.0
ES1517A,ALCUDIA I,39.834801,3.145500,15.0
ES1518A,ES1518A,39.839619,3.027050,
ES1519A,SAN JERÓNIMO,37.429859,-5.980390,21.0
ES1521A,BARRIO DEL PILAR,40.478333,-3.711389,673.0
ES1525A,ES1525A,40.445278,-3.706389,
ES1529A,TETUÁN,43.467781,-3.790280,30.0
ES1530A,REINOSA,43.011940,-4.135560,850.0
ES1531A,LOS TOJOS,43.153332,-4.253060,650.0
ES1532A,ES1532A,40.388054,-3.651389,
ES1535A,ES1535A,38.979301,-1.852100,
ES1536A,ES1536A,40.570999,-3.264600,
ES1537A,GUADALAJARA,40.629841,-3.171590,700.0
ES1542A,SANT JORDI,40.554722,0.372778,181.0
ES1543A,ZORITA,40.735001,-0.169444,619.0
ES1544A,AGURAIN,42.848999,-2.393700,594.0
ES1546A,ES1546A,37.252232,-1.770830,
ES1547A,ES1547A,37.254971,-1.781740,
ES1549A,EL EJIDO,36.769718,-2.810970,97.0
ES1551A,BARBERÀ DEL VALLÈS (MORAGUES - MONTSERRAT),41.512676,2.125384,131.0
ES1557A,PAIOSACO,43.259701,-8.555000,210.0
ES1560A,GRANADA - NORTE,37.196098,-3.612660,689.0
ES1563A,ALCALÁ DE HENARES,40.479328,-3.377949,589.0
ES1564A,ES1564A,40.540352,-3.645253,
ES1565A,ES1565A,40.281506,-3.800946,
ES1567A,LEGANÉS,40.339699,-3.754500,640.0
ES1568A,MÓSTOLES,40.324200,-3.876770,650.0
ES1569A,LORCA,37.688889,-1.701111,340.0
ES1572A,PURIFICACIÓN TOMÁS,43.372700,-5.872800,276.0
ES1573A,MERCADO CENTRAL,28.133732,-15.432823,11.0
ES1576A,ESTACIÓN DEL MEDITERRANEO,43.404442,-3.841940,16.0
ES1577A,PARQUE DE CROSS,43.420830,-3.841110,10.0
ES1578A,CASTRO URDIALES,43.382500,-3.220560,20.0
ES1579A,LOS CORRALES DE BUELNA,43.264439,-4.062780,88.0
ES1580A,SANTANDER CENTRO,43.460560,-3.808610,9.0
ES1588A,PONTS (PONENT),41.906647,1.192975,370.0
ES1591A,CARRACEDELO,42.558613,-6.725555,450.0
ES1593A,SAN FERNANDO,36.460590,-6.203070,35.0
ES1595A,SANGRONIZ,43.298458,-2.930380,21.0
ES1596A,ENERGYWORKS-VA 1,41.666389,-4.715000,694.0
ES1597A,ENERGYWORKS-VA 2,41.683334,-4.741111,753.0
ES1598A,ZALLA,43.212910,-3.134400,62.0
ES1599A,PAGOETA,43.250557,-2.155000,225.0
ES1601A,BADAJOZ,38.887630,-7.011450,390.0
ES1602A,LA CIGÜEÑA,42.464001,-2.428000,385.0
ES1604A,BELLVER,39.563320,2.620550,117.0
ES1610A,FONERS,39.570080,2.655830,23.0
ES1611A,ARANJUEZ,40.033272,-3.591400,512.0
ES1612A,MAJADAHONDA,40.446098,-3.868900,722.0
ES1613A,COLMENAR VIEJO,40.664600,-3.773900,905.0
ES1615A,CÁCERES,39.472778,-6.360280,389.0
ES1616A,MONFRAGÜE,39.849171,-5.939720,376.0
ES1617A,ALZIRA,39.150002,-0.457778,60.0
ES1618A,SALAMANCA 5,40.979168,-5.665278,797.0
ES1619A,VALÈNCIA-VIVERS,39.478054,-0.368333,11.0
ES1620A,CARTUJA,36.660858,-6.114490,49.0
ES1623A,ALCOI - VERGE DELS LLIRIS,38.706390,-0.466944,534.0
ES1624A,ELX-AGROALIMENTARI,38.242222,-0.682778,44.0
ES1625A,BURJASSOT - FACULTATS,39.509445,-0.417778,25.0
ES1627A,ALCANTARILLA,37.975555,-1.230833,80.0
ES1630A,ALJARAFE,37.340752,-6.042460,50.0
ES1631A,ARCO DE LADRILLO II,41.645557,-4.730278,700.0
ES1632A,VEGA SICILIA,41.620556,-4.746666,690.0
ES1633A,SAN BASILIO,37.993610,-1.144722,40.0
ES1634A,E7:EL ZABAL,36.173149,-5.341940,8.0
ES1635A,ALACANT-EL PLÁ,38.359444,-0.471944,45.0
ES1636A,PUENTE REGUERAL,41.656113,-4.733889,691.0
ES1637A,E4:RINCONCILLO,36.161739,-5.442550,1.0
ES1638A,BERMEJALES,37.347191,-5.979630,26.0
ES1640A,ALCALÁ DE GUADAIRA,37.342461,-5.833720,68.0
ES1641A,RENOVALES,41.635281,-0.893610,220.0
ES1642A,VIC (ESTADI),41.935665,2.238568,498.0
ES1643A,SORIA,41.766666,-2.466667,1090.0
ES1644A,CENTRO,37.388081,-5.991490,19.0
ES1645A,BARAJAS - PUEBLO,40.474724,-3.575000,631.0
ES1648A,E2: ALCORNOCALES,36.233860,-5.663500,189.0
ES1649A,ALFARO,42.175999,-1.744000,350.0
ES1651A,JARDINES DE JUAN XXIII,43.256100,-5.775900,205.0
ES1653A,DOS HERMANAS,37.284489,-5.913840,49.0
ES1654A,SIERRA NORTE,37.994350,-5.666870,573.0
ES1656A,RONDA DEL VALLE,37.782551,-3.781570,480.0
ES1658A,CAMPUS DEL CARMEN,37.271481,-6.924620,48.0
ES1661A,TUDELA - CANRASO,42.074699,-1.626900,383.0
ES1662A,ES1662A,42.308300,-1.808300,
ES1664A,ALGECIRAS EPS,36.136230,-5.453430,24.0
ES1666A,TARRAGONA (PARC DE LA CIUTAT),41.117390,1.241650,13.0
ES1670A,CAUDETE DE LAS FUENTES,39.558613,-1.281389,804.0
ES1671A,VILLAR DEL ARZOBISPO,39.708057,-0.831944,430.0
ES1672A,EL CIEGO,42.518333,-2.619444,480.0
ES1673A,LOS HERRAN,42.843613,-2.661389,50.0
ES1675A,BENIDORM,38.571388,-0.146667,44.0
ES1677A,ORIHUELA,38.084721,-0.852778,32.0
ES1679A,BARCELONA (CIUTADELLA),41.386414,2.187417,7.0
ES1684A,RUBÍ (CA N'ORIOL),41.492085,2.042497,171.0
ES1685A,ALCORA,40.051945,-0.189722,160.0
ES1687A,BENICASSIM,40.062222,0.072778,50.0
ES1688A,BURRIANA,39.892223,-0.065000,37.0
ES1689A,CIRAT,40.054165,-0.468333,466.0
ES1690A,TORRE ENDOMENECH,40.269444,-0.078889,259.0
ES1691A,VIVER,39.930557,-0.603333,616.0
ES1696A,PUYO,43.302776,-1.984444,88.0
ES1697A,AVENIDA TOLOSA,43.309399,-2.010900,3.0
ES1709A,BENIGANIM,38.934723,-0.441389,195.0
ES1711A,ONTINYENT,38.788055,-0.697222,510.0
ES1712A,BARAKALDO,43.298401,-2.987100,17.0
ES1713A,PARQUE EUROPA,43.254902,-2.902300,76.0
ES1718A,VILLANUEVA DEL ARZOBISPO,38.174397,-3.010220,691.0
ES1740A,ES1740A,42.812222,-1.640000,
ES1741A,ES1741A,27.763653,-15.563851,
ES1742A,SAN AGUSTÍN,27.772598,-15.541881,15.0
ES1744A,ES1744A,27.869070,-15.387150,
ES1745A,AGÜIMES,27.897638,-15.445028,265.0
ES1746A,GALILEA,42.341000,-2.232000,570.0
ES1747A,ES1747A,42.826939,-1.649440,
ES1749A,ALTSASU,42.898102,-2.173100,530.0
ES1750A,CARRANQUE,36.719639,-4.447500,36.0
ES1751A,EL ATABAL,36.729561,-4.465530,86.0
ES1752A,TORREJON DE ARDOZ ,40.449501,-3.477600,581.0
ES1753A,PRADEJÓN,42.340000,-2.059000,380.0
ES1754A,LA SÉNIA (REPETIDOR),40.643005,0.288446,428.0
ES1755A,SANGÜESA,42.580559,-1.282500,397.0
ES1756A,CALETILLA,28.376713,-16.361929,24.0
ES1759A,CASA CUNA,28.451021,-16.277693,183.0
ES1760A,GRANADILLA,28.112486,-16.577578,580.0
ES1761A,SAN ISIDRO,28.080008,-16.559855,235.0
ES1762A,MÉDANO,28.047333,-16.536049,12.0
ES1763A,CASTILLO DEL ROMERAL,27.801277,-15.461157,13.0
ES1764A,IGUESTE,28.380537,-16.371986,215.0
ES1765A,ES1765A,39.684723,-0.278889,
ES1766A,EL RÍO,28.145094,-16.523687,500.0
ES1767A,ES1767A,28.072550,-16.653023,
ES1768A,GALLETAS,28.007738,-16.655912,3.0
ES1769A,SAN MIGUEL DE TAJAO,28.111374,-16.471624,30.0
ES1772A,BARRANCO HONDO,28.393408,-16.358101,396.0
ES1773A,ES1773A,41.202232,1.672200,
ES1778A,MONTSENY (LA CASTANYA),41.779343,2.358019,693.0
ES1779A,ARRÚBAL,42.439999,-2.239000,336.0
ES1781A,JEREZ-CHAPMN,36.688549,-6.117240,62.0
ES1785A,BENAHADUX,36.923100,-2.463220,148.0
ES1786A,EL BOTICARIO,36.864948,-2.390500,55.0
ES1790A,PONFERRADA 4,42.542778,-6.584722,541.0
ES1792A,MAZAGON,37.133789,-6.807450,31.0
ES1793A,EL ARENOSILLO,37.104092,-6.734080,31.0
ES1798A,LA GRELA,43.354198,-8.424900,65.0
ES1799A,LEPANTO,37.892609,-4.762340,119.0
ES1800A,ASOMADILLA,37.902740,-4.779580,152.0
ES1801A,ARGANDA DEL REY,40.300694,-3.458831,584.0
ES1802A,EL ATAZAR,40.909000,-3.467900,995.0
ES1803A,COLLADO VILLALBA,40.633900,-4.014250,873.0
ES1805A,GUADALIX DE LA SIERRA,40.780632,-3.702147,852.0
ES1806A,ORUSCO DE TAJUÑA,40.287601,-3.221100,795.0
ES1807A,RIVAS-VACIAMADRID ,40.359699,-3.542900,610.0
ES1808A,SAN MARTIN DE VALDEIGLESIAS ,40.367699,-4.398100,707.0
ES1809A,ES1809A,40.185242,-3.680265,
ES1810A,VILLA DEL PRADO,40.247898,-4.275200,469.0
ES1811A,ES1811A,40.167198,-3.276600,
ES1812A,ALCOVER (MESTRAL),41.278381,1.179917,238.0
ES1813A,ELS GUIAMETS (CAMP DE FUTBOL),41.100693,0.755100,220.0
ES1814A,MOLLET DEL VALLÈS (AP7 KM. 139),41.549168,2.212050,90.0
ES1815A,VILAFRANCA DEL PENEDÈS (ZONA ESPORTIVA),41.346825,1.686576,192.0
ES1816A,MATARÓ (PASSEIG DELS MOLINS),41.547161,2.443254,40.0
ES1817A,SANTA PERPÈTUA DE MOGODA (ONZE DE SETEMBRE),41.526707,2.183795,84.0
ES1818A,TOLEDO2,39.868099,-4.020800,500.0
ES1819A,MERIDA,38.907501,-6.338060,214.0
ES1820A,ZAFRA,38.429169,-6.395000,551.0
ES1821A,ARCOS,36.739750,-5.743720,216.0
ES1822A,PRADO REY,36.794491,-5.531620,390.0
ES1824A,LAS FUENTEZUELAS,37.784439,-3.810320,376.0
ES1825A,SANT ANTONI DE PORTMANY,38.993229,1.308940,65.0
ES1826A,PATERNA-CEAM,39.551388,-0.460833,122.0
ES1827A,HOSPITAL JOAN MARCH,39.677662,2.686650,172.0
ES1828A,CIUTADELLA DE MENORCA,40.009441,3.856480,30.0
ES1829A,UIB-PARC BIT,39.633099,2.630440,109.0
ES1831A,TORRENT-SANTA EULALIA,38.934921,1.431810,12.0
ES1832A,CEMENTOS PORTLAND 1,41.932777,-4.470000,721.0
ES1833A,CEMENTOS PORTLAND 2,41.948055,-4.465833,732.0
ES1834A,CASTELLÓ-PATRONAT D'ESPORTS,39.988888,-0.026111,18.0
ES1835A,LA JOYA,36.950001,-1.961480,51.0
ES1836A,LAS FUENTES,41.642220,-0.861940,198.0
ES1837A,CENTRO,41.648331,-0.883890,210.0
ES1838A,ES1838A,40.599701,-3.503300,
ES1845A,PZA. DEL CASTILLO,36.996780,-1.895350,5.0
ES1849A,ELX-PARC DE BOMBERS,38.259167,-0.717500,99.0
ES1851A,BERGA (POLIESPORTIU),42.097912,1.848237,661.0
ES1853A,ES1853A,41.244888,1.617705,
ES1854A,ES1854A,41.008213,0.831085,
ES1855A,VANDELLÒS I L'HOSPITALET DE L'INFANT (VIVER),41.009506,0.912876,60.0
ES1856A,BARCELONA (PARC DE LA VALL D'HEBRON),41.426079,2.147992,136.0
ES1857A,CIUDAD REAL,38.993900,-3.937800,635.0
ES1858A,CUENCA,40.061901,-2.129700,948.0
ES1859A,ES1859A,39.958599,-4.845700,
ES1860A,COBRE LAS CRUCES,37.555019,-6.036160,1.0
ES1863A,ARRECIFE,28.976990,-13.547584,44.0
ES1864A,COSTA TEGUISE,28.990311,-13.516550,36.0
ES1865A,CENTRO DE ARTE JUAN ISMAEL,28.500256,-13.852395,20.0
ES1866A,PARQUE DE LA PIEDRA,28.502762,-13.853700,15.0
ES1867A,FERROL,43.481503,-8.243116,5.0
ES1868A,COMPOSTELA,42.875999,-8.559100,220.0
ES1869A,ES1869A,40.430599,-3.542400,
ES1877A,ALMASSORA-C. P. OCHANDO,39.945278,-0.056389,27.0
ES1878A,MATALASCAÑAS,37.016102,-6.570420,22.0
ES1879A,CASTELNOU,41.225281,-0.364720,201.0
ES1882A,CARAVACA,38.114723,-1.868611,1.0
ES1883A,TORRELISA,42.457779,0.181940,1005.0
ES1884A,SAGUNT CEA,39.634167,-0.265833,3.0
ES1885A,VALÈNCIA-POLITÈCNIC,39.480301,-0.336400,7.0
ES1886A,BUÑOL CEMEX,39.427223,-0.783889,400.0
ES1889A,SALAMANCA 6,40.960835,-5.639722,743.0
ES1890A,ES1890A,40.341900,-3.833700,
ES1891A,ES1891A,41.598667,2.287118,
ES1892A,BADALONA (MONT-ROIG - AUSIÀS MARCH),41.443985,2.237875,7.0
ES1897A,CAMPANILLAS CIFA,36.727852,-4.560950,55.0
ES1898A,CAMPILLOS,36.962299,-4.844830,359.0
ES1899A,SANTA MARGARIDA I ELS MONJOS (LA RÀPITA),41.308403,1.647340,155.0
ES1901A,SAN CAETANO,42.887798,-8.531100,260.0
ES1903A,VILADECANS (ATRIUM),41.313477,2.013825,14.0
ES1905A,LUGO-FINGOY,42.997898,-7.550900,450.0
ES1907A,CENTRO CIVICO,43.302299,-8.506000,100.0
ES1910A,GAVÀ (PARC DEL MIL·LENI),41.303112,1.991524,25.0
ES1911A,ALBALAT DELS TARONGERS,39.705276,-0.336667,320.0
ES1912A,VALÈNCIA - AVD. FRANCIA,39.457500,-0.342778,7.0
ES1913A,EL PINÓS,38.451668,-1.064722,642.0
ES1914A,ELDA-LACY,38.454723,-0.803333,355.0
ES1915A,ALACANT-FLORIDA-BABEL,38.340279,-0.506667,55.0
ES1917A,TORREBAJA,40.099445,-1.253889,728.0
ES1919A,PARQUE DE SAN JUAN-TELDE,28.003645,-15.411851,113.0
ES1920A,LA HIDALGA-ARAFO,28.337219,-16.399719,275.0
ES1921A,MOMPEAN,37.603054,-0.975278,10.0
ES1922A,PALENCIA 3,42.019444,-4.538333,953.0
ES1923A,TONA (ZONA ESPORTIVA),41.846035,2.217576,620.0
ES1924A,PALACIO CONGRESOS,37.165680,-3.600100,666.0
ES1925A,PUENTE MAYORGA,36.180099,-5.382500,3.0
ES1926A,VALÈNCIA - MOLÍ DEL SOL,39.481098,-0.408300,11.0
ES1927A,ZAMORA 2,41.509724,-5.746389,720.0
ES1929A,EL PRAT DE LLOBREGAT (JARDINS DE LA PAU),41.321495,2.097725,5.0
ES1930A,L'AMETLLA DE MAR (DEIXALLERIA),40.902695,0.809795,34.0
ES1937A,MENDEZ ALVARO,40.398056,-3.686667,609.0
ES1938A,CASTELLANA,40.439724,-3.690278,676.0
ES1939A,RETIRO,40.409721,-3.685555,672.0
ES1940A,PLAZA CASTILLA-CANAL,40.465832,-3.688333,729.0
ES1941A,ENSANCHE DE VALLECAS,40.372776,-3.611944,630.0
ES1942A,URBANIZACION EMBAJADA,40.462502,-3.580555,619.0
ES1943A,PLAZA ELÍPTICA,40.384701,-3.718600,605.0
ES1944A,ES1944A,40.494167,-3.660278,
ES1945A,EL PARDO,40.518055,-3.774444,700.0
ES1946A,JUAN CARLOS I,40.465000,-3.608889,669.0
ES1947A,TRES OLIVOS,40.500557,-3.689722,715.0
ES1948A,ES1948A,40.939552,0.831337,
ES1952A,POLIDEPORTIVO AFONSO-ARUCAS,28.111265,-15.520924,226.0
ES1954A,BALSA DE ZAMORA-LOS REALEJOS,28.383097,-16.570669,371.0
ES1955A,CIUDAD DEPORTIVA-ARRECIFE,28.967871,-13.555856,22.0
ES1956A,SAN ANTONIO-BREÑA BAJA,28.645395,-17.771555,208.0
ES1957A,TORRE DE HÉRCULES,43.382801,-8.409200,25.0
ES1958A,MACIÑEIRA,43.445400,-7.918100,418.0
ES1959A,ES1959A,43.470798,-7.839800,
ES1960A,A CABANA,43.491600,-8.252200,33.0
ES1961A,ES1961A,43.669399,-7.378900,
ES1963A,ESTACIÓN DE LA SAGRA (ILLESCAS),40.119221,-3.832790,548.0
ES1964A,ES1964A,41.386639,2.057393,
ES1967A,SEGOVIA 2,40.955555,-4.110556,952.0
ES1968A,ALACANT - RABASSA,38.351112,-0.513889,20.0
ES1969A,LA VALL D'UIXÓ,39.823612,-0.244444,250.0
ES1970A,VALÈNCIA - BULEVARD SUD,39.450279,-0.396389,15.0
ES1971A,ES1971A,38.137932,-4.903970,
ES1972A,ES1972A,38.132462,-4.801730,
ES1973A,CIUDAD DEPORTIVA,37.135559,-3.619250,684.0
ES1974A,MONTEVIL,43.516602,-5.670700,51.0
ES1975A,DEPÓSITO TRISTÁN-STA CRUZ DE TF,28.458160,-16.278776,200.0
ES1976A,VUELTA LOS PÁJAROS-STA CRUZ DE TF,28.461788,-16.276621,158.0
ES1977A,ES1977A,27.898331,-15.488330,
ES1978A,CASA PALACIO-PUERTO DEL ROSARIO,28.498381,-13.860830,23.0
ES1979A,LA GRAMA-BREÑA ALTA,28.667711,-17.775553,245.0
ES1980A,EL PILAR-STA CRUZ DE LA PALMA,28.685984,-17.764587,52.0
ES1982A,MONTSEC (OAM),42.051342,0.729556,1570.0
ES1983A,EL PRAT DE LLOBREGAT (CEM SAGNIER),41.321770,2.082141,7.0
ES1986A,ARANDA DE DUERO 2,41.665554,-3.688889,801.0
ES1987A,MEDINA DE POMAR,42.951946,-3.475278,613.0
ES1988A,LEÓN 4,42.575279,-5.566389,814.0
ES1989A,LARIO,43.041389,-5.089722,1140.0
ES1990A,EL MAILLO,40.569721,-6.223889,985.0
ES1991A,MURIEL DE LA FUENTE,41.723610,-2.856944,1017.0
ES1992A,BARCELONA (PALAU REIAL),41.387486,2.115150,81.0
ES1995A,SANT JOAN DE DÉU,39.545898,2.699700,2.0
ES1996A,BÉDAR,37.193420,-1.985400,380.0
ES1997A,PLASENCIA,40.077782,-6.147220,181.0
ES1999A,GIRONA (ESCOLA DE MÚSICA),41.976387,2.816547,73.0
ES2000A,PISCINA MUNICIPAL-STA CRUZ DE TF,28.457954,-16.263330,68.0
ES2001A,CORTES DE PALLÁS,39.260834,-0.934444,493.0
ES2002A,TEFÍA-PUERTO DEL ROSARIO,28.527220,-14.004440,160.0
ES2003A,TENA ARTIGAS-STA CRUZ DE TENERIFE,28.455376,-16.276751,169.0
ES2004A,LA LOMA-TELDE,28.026318,-15.414657,115.0
ES2005A,CEE,42.953602,-9.186100,29.0
ES2006A,DUMBRIA,43.008900,-9.118900,198.0
ES2007A,VALLE DE ESCOMBRERAS,37.574444,-0.926667,10.0
ES2008A,ES2008A,37.991112,-0.690000,
ES2010A,LA RUBIA II,41.630001,-4.740556,683.0
ES2011A,SANT VICENÇ DELS HORTS (ÀLABA),41.400772,1.999635,65.0
ES2012A,PALLEJÀ (ROCA DE VILANA),41.415318,1.990521,82.0
ES2014A,LAZA,42.061600,-7.408900,760.0
ES2015A,PONTEAREAS,42.181400,-8.523900,42.0
ES2017A,ALCANAR (LLAR DE JUBILATS),40.552818,0.529983,7.0
ES2018A,ALGAR DE PALÀNCIA,39.782223,-0.359167,200.0
ES2019A,VILAMARXANT,39.564724,-0.625556,510.0
ES2020A,GARCÍA ESCÁMEZ-STA CRUZ DE TF,28.456659,-16.271835,119.0
ES2021A,PARQUE LA GRANJA-STA CRUZ DE TF,28.463011,-16.264879,78.0
ES2022A,DEPÓSITO LA GUANCHA-CANDELARIA ,28.380159,-16.368330,128.0
ES2023A,ES2023A,28.805099,-17.782551,
ES2024A,ECHEDO-VALVERDE,27.831766,-17.921671,375.0
ES2025A,EL CHARCO-PTO DEL ROSARIO,28.506161,-13.848980,15.0
ES2026A,ES2026A,36.895100,-2.046720,
ES2028A,GETAFE,40.314518,-3.716868,622.0
ES2029A,ÁVILA 2,40.664719,-4.700830,1150.0
ES2030A,MARBELLA ARCO,36.511002,-4.863000,39.0
ES2031A,AVENIDA JUAN XXIII,36.707298,-4.446000,380.0
ES2034A,JUNEDA (PLA DEL MOLÍ),41.544106,0.829933,255.0
ES2038A,TIO PINO-STA CRUZ DE TENERIFE,28.459314,-16.270206,104.0
ES2039A,ES2039A,43.519699,-8.150200,
ES2040A,ES2040A,37.138802,-1.842200,
ES2041A,MONZÓN CENTRO,41.916142,0.191101,308.0
ES2042A,VALLADOLID SUR,41.614170,-4.772220,690.0
ES2044A,RESIDENCIA ESCOLAR-SS GOMERA,28.099051,-17.120510,20.0
ES2047A,AVDA. AL-NASIR,37.892601,-4.780100,120.0
ES2048A,SAN PEDRO (AIR LIQUIDE),43.377399,-8.436900,130.0
ES2049A,BUSCÁS,43.116001,-8.351300,408.0
ES2050A,ES2050A,43.147800,-8.545000,
ES2051A,LUGONES INSTITUTO,43.401501,-5.802800,170.0
ES2053A,LAS GALANAS -SS GOMERA,28.090120,-17.118099,49.0
ES2054A,SALINAS,43.570499,-5.958300,8.0
ES2055A,TORRENT-EL VEDAT,39.425282,-0.482500,100.0
ES2058A,CASTREJANA,43.258110,-2.973440,175.0
ES2061A,CAMPOLONGO,42.425934,-8.643995,15.0
ES2063A,LOPE DE VEGA,42.222401,-8.711100,30.0
ES2064A,AVENIDA SORIA,41.659168,-0.906800,208.0
ES2065A,MENUT,39.830235,2.900719,584.0
ES2066A,LA GRANATILLA,36.958099,-2.159200,200.0
ES2067A,ES2067A,37.004700,-1.934400,
ES2068A,LEITZA,43.081902,-1.912700,473.0
ES2069A,SANTA BÁRBARA,43.522900,-5.689500,40.0
ES2074A,PALMETUM,28.475439,-16.258530,2.0
ES2075A,TRUBIA PISCINAS,43.345699,-5.969700,89.0
ES2080A,LAS CALETAS-TEGUISE,28.982870,-13.514030,10.0
ES2082A,OLITE,42.489601,-1.655830,389.0
ES2083A,SOMIEDO,43.069599,-6.192600,1253.0
ES2084A,LALÍN,42.656281,-8.107117,600.0
ES2085A,XINZO DE LIMIA,42.060699,-7.729900,620.0
ES2089A,ACTUR,41.675201,-0.886900,200.0
ES2090A,BARCELONA (OBSERVATORI FABRA),41.418400,2.123900,411.0
ES2092A,PORT DE MAO,39.892601,4.257000,42.0
ES2093A,PUERTO DE COTOS,40.825100,-3.961200,1200.0
ES2094A,TUDELA - CENTRO,42.061501,-1.599300,262.0
ES2095A,VALÈNCIA-CENTRE,39.448330,-0.376470,2.0
ES2097A,SAN NICOLÁS,28.060858,-15.251635,115.0
FI00027,FI00027,64.994728,25.479259,
FI00066,FI00066,60.987808,25.649540,
FI00067,FI00067,60.983891,25.662180,
FI00080,Rautionkylä,61.238071,28.873690,101.0
FI00179,Pirkkala,61.331692,22.143299,39.0
FI00184,Kaleva,61.314499,22.136900,38.0
FI00186,FI00186,60.451950,22.267679,
FI00208,Luukki,60.314388,24.684860,55.0
FI00273,Pelkolan tulliasema Raja,61.128380,28.837761,60.0
FI00280,Tirilä Pekkasenkatu,61.057480,28.245850,91.0
FI00283,FI00283,61.040821,28.176500,
FI00301,Pyykösjärvi,65.043381,25.497900,18.0
FI00339,Mustijoki,60.360050,25.566050,13.0
FI00349,Utö,59.779228,21.373949,7.0
FI00352,Oulanka,66.321701,29.401569,310.0
FI00356,Sammaltunturi,67.967148,24.112329,566.0
FI00357,FI00357,68.477013,28.303101,
FI00363,FI00363,62.893600,27.669519,
FI00370,FI00370,60.289951,25.039530,
FI00378,FI00378,61.071941,28.264090,
FI00397,Bottenviksvägen,63.679119,22.718370,8.0
FI00404,FI00404,63.837639,23.131599,
FI00424,Mansikkala,61.188919,28.770121,75.0
FI00425,Kallio 2,60.187389,24.950600,18.0
FI00428,FI00428,63.143101,31.046949,
FI00431,FI00431,62.289989,25.709169,
FI00433,Teppanala,61.153042,28.810141,62.0
FI00434,FI00434,61.117088,28.498489,
FI00438,FI00438,60.513161,26.946211,
FI00446,Oulun keskusta 2,65.009972,25.471319,5.0
FI00455,Laune,60.967041,25.654890,85.0
FI00460,Ruissalo Saaronniemi,60.425320,22.096109,6.0
FI00464,FI00464,62.243050,25.743210,
FI00465,Vaasan keskusta,63.095150,21.618320,15.0
FI00511,Koskikatu 1,62.599091,29.763399,80.0
FI00544,Sodankylä 2,67.361847,26.637810,180.0
FI00549,Pirkankatu,61.498730,23.735689,120.0
FI00558,Maaherrankatu,62.893501,27.688299,87.0
FI00564,Mannerheimintie,60.169640,24.939240,7.0
FI00570,Raahen keskusta 2,64.683372,24.481621,3.0
FI00586,FI00586,63.093510,21.612671,
FI00603,FI00603,62.300869,27.158001,
FI00606,Lappeenrannan keskusta 4,61.055759,28.184311,106.0
FI00621,Hyytiälä,61.861111,24.283331,170.0
FI00761,FI00761,60.251450,24.062870,
FI00781,Vartiokylä Huivipolku,60.223930,25.102440,14.0
FI00801,Kaleva,61.499100,23.802210,109.0
FI00830,FI00830,60.632729,24.861240,
FI00838,Epila 2,61.508541,23.675831,100.0
FI00839,Tasavallankatu,62.882050,27.661970,107.0
FI00841,Leppävaara 4,60.220242,24.811331,9.0
FI00867,Satulakatu,60.979069,25.591089,155.0
FI00889,Saimaankatu,60.991291,25.665791,85.0
FI00892,Kankaan Koulu,60.870449,26.701000,75.0
FI00893,FI00893,60.530022,27.675400,
FI00902,FI00902,60.196442,24.951981,
FI00928,Pori Paanakedonkatu,61.482262,21.813290,2.0
FR01005,FR01005,49.324722,6.076108,
FR01009,FR01009,49.271393,6.132500,
FR01011,Metz-Centre,49.119442,6.180833,192.0
FR01012,FR01012,49.110283,6.223336,
FR01014,FR01014,48.915001,6.058336,
FR01015,FR01015,48.884724,6.051392,
FR01016,FR01016,48.886387,6.093611,
FR01018,Scy-Chazelles,49.107502,6.122775,170.0
FR01019,FR01019,49.368610,6.160831,
FR01020,FR01020,49.358337,6.156942,
FR01021,FR01021,49.394444,6.201392,
FR01022,FR01022,49.131115,6.207225,
FR01059,FR01059,49.337399,6.082070,
FR01060,FR01060,49.168850,6.212669,
FR01064,FR01064,49.125080,6.181219,
FR01065,Belleville sur Meuse,49.167782,5.387461,195.0
FR02001,FR02001,43.486233,5.171939,
FR02003,FR02003,43.386814,5.160060,
FR02004,Martigues P. Central,43.416660,5.042731,107.0
FR02005,FR02005,43.405201,5.051500,
FR02006,FR02006,43.358982,5.023388,
FR02007,FR02007,43.360691,5.058139,
FR02008,Port de Bouc Leque,43.401951,4.981919,3.0
FR02009,FR02009,43.400276,4.796389,
FR02011,Fos sur Mer,43.437500,4.943611,21.0
FR02012,FR02012,43.509445,4.982778,
FR02013,Fos Les Carabins,43.458927,4.934572,4.0
FR02019,FR02019,43.446030,5.254136,
FR02020,FR02020,43.510555,5.219722,
FR02021,FR02021,43.331245,5.117696,
FR02022,FR02022,43.675556,4.628611,
FR02024,FR02024,43.457222,4.426667,
FR02026,FR02026,43.585003,5.006389,
FR02028,Martigues Lavera,43.386562,5.026868,49.0
FR02029,FR02029,43.399548,5.113214,
FR02033,FR02033,43.340557,5.058611,
FR02041,FR02041,43.638935,5.100000,
FR02043,FR02043,43.416531,5.222281,
FR03006,MARSEILLE RABATAU,43.276451,5.397360,17.0
FR03014,FR03014,43.348049,5.360119,
FR03021,FR03021,43.524075,5.448164,
FR03027,PLAN AUPS/STE  BAUME,43.335194,5.727364,682.0
FR03029,FR03029,43.530285,5.440912,
FR03030,FR03030,43.453583,5.466672,
FR03032,FR03032,43.294785,5.571736,
FR03037,VALLEE HUVEAUNE,43.283340,5.511384,74.0
FR03043,MARSEILLE 5 AVENUES,43.305286,5.394716,73.0
FR03048,AIX PLATANES,43.555779,5.461232,296.0
FR03060,FR03060,43.101593,5.875383,
FR03067,FR03067,43.398731,6.075611,
FR03068,FR03068,43.126820,5.921605,
FR03069,FR03069,43.119736,6.131319,
FR03070,ESTEREL,43.437859,6.768366,5.0
FR03071,TOULON CLARET,43.131111,5.924184,26.0
FR03080,FR03080,43.949673,4.804341,
FR03084,FR03084,43.960144,4.856731,
FR03086,FR03086,43.880119,5.362038,
FR03087,FR03087,43.937061,4.824909,
FR03088,CARPENTRAS,44.060349,5.067413,115.0
FR04002,GENNEVILLIERS,48.929722,2.294722,28.0
FR04004,FR04004,48.891666,2.346667,
FR04012,FR04012,48.827778,2.327500,
FR04014,PARIS 12eme,48.837223,2.393900,40.0
FR04017,FR04017,48.881390,2.278056,
FR04018,FR04018,48.903900,2.384700,
FR04023,CERGY-PONTOISE,49.046391,2.043056,85.0
FR04024,GONESSE,48.990829,2.444722,65.0
FR04029,VERSAILLES,48.799168,2.130556,125.0
FR04031,Av Champs Elysees,48.868889,2.311944,34.0
FR04034,FR04034,48.775799,2.375800,
FR04037,PARIS 13eme,48.828609,2.360278,57.0
FR04038,Zone Rurale SO,48.581944,1.883333,152.0
FR04048,Zone Rurale Nord,49.100277,2.343889,140.0
FR04049,LES ULIS,48.679443,2.165556,159.0
FR04051,ARGENTEUIL,48.951389,2.223611,56.0
FR04058,FR04058,48.925278,2.356667,
FR04059,SAINT-DENIS,48.937222,2.361667,31.0
FR04060,PARIS 7eme,48.857201,2.293300,31.0
FR04063,MANTES-LA-JOLIE,48.996399,1.703300,32.0
FR04066,Zone rurale Sud,48.364166,2.236944,134.0
FR04069,MELUN,48.541389,2.661389,56.0
FR04071,FR04071,48.856388,2.335278,
FR04098,LOGNES,48.840279,2.635278,80.0
FR04099,NOGENT-SUR-MARNE,48.840557,2.484444,88.0
FR04100,VILLEMOMBLE,48.881947,2.507222,85.0
FR04101,CHAMPIGNY-SUR-MARNE,48.816387,2.517500,74.0
FR04118,Place de l'Opéra,48.870274,2.332500,45.0
FR04122,FR04122,48.528057,2.653611,
FR04123,RN2-PANTIN,48.902222,2.390833,44.0
FR04131,FR04131,48.873333,2.330278,
FR04135,FR04135,48.837959,2.408061,
FR04141,Quai des Celestins,48.852779,2.360556,35.0
FR04142,Zone Rurale Nord-Est,49.028057,2.750278,162.0
FR04143,FR04143,48.859444,2.351111,
FR04146,FR04146,48.817501,2.395000,
FR04149,MONTGERON,48.706699,2.457200,68.0
FR04150,LA DEFENSE,48.891388,2.240556,58.0
FR04156,BOBIGNY,48.902504,2.452500,51.0
FR04158,Zone Rurale NO,49.063087,1.866381,122.0
FR04173,RD934 Coulommiers,48.805901,3.084158,73.0
FR04179,PARIS Stade Lenglen,48.830387,2.269889,32.0
FR04180,RN20 - MONTLHERY,48.640930,2.268720,81.0
FR04181,RAMBOUILLET,48.633732,1.830529,164.0
FR04319,TREMBLAY-EN-FRANCE,48.955551,2.575278,65.0
FR04323,EVRY,48.627220,2.429167,81.0
FR04324,Zone Rurale Est,48.761665,3.058333,120.0
FR04328,FR04328,48.354698,2.645300,
FR04329,FR04329,48.838615,2.412781,
FR05010,FR05010,49.528927,0.358733,
FR05037,Caucriauville,49.503906,0.175731,70.0
FR05054,FR05054,49.481087,0.165289,
FR05056,Quillebeuf Phare,49.473721,0.526158,5.0
FR05069,Tancarville Mairie,49.487682,0.451756,96.0
FR05070,Harfleur Ecole Coty,49.505001,0.201694,15.0
FR05072,FR05072,49.503860,0.084614,
FR05074,Le Havre Ec. Herriot,49.489632,0.100703,5.0
FR05078,FR05078,49.498299,0.142706,
FR05080,Rogerville Mairie,49.503620,0.266872,92.0
FR05081,La Cerlangue,49.504036,0.411594,120.0
FR05082,Touques,49.348000,0.109253,45.0
FR05083,Gonfreville l Orcher,49.502731,0.232486,80.0
FR05084,NDGravenchon Pasteur,49.493332,0.571853,35.0
FR05085,Lillebonne,49.512146,0.539036,18.0
FR05087,Maison Parc Brotonne,49.498295,0.758833,10.0
FR05088,FR05088,49.750000,0.415900,
FR05089,FR05089,49.500187,0.110903,
FR05090,Le Havre ville-haute,49.514687,0.100645,92.0
FR06001,FR06001,50.358559,3.507930,
FR06003,Douai Theuriet,50.378220,3.065860,28.0
FR06006,FR06006,50.364250,3.522730,
FR06007,FR06007,50.278336,3.973611,
FR06009,FR06009,50.175278,3.234167,
FR06011,FR06011,50.322762,3.395930,
FR06133,Cartignies,50.092251,3.850030,151.0
FR06134,FR06134,50.456470,3.427940,
FR07004,Montferrand,45.797279,3.113833,340.0
FR07009,FR07009,45.772167,3.087500,
FR07020,FR07020,46.060280,3.515139,
FR07022,Paray le Fresil,46.652668,3.600667,235.0
FR07028,FR07028,45.929333,2.829806,
FR07031,Rageade,45.104721,3.277361,1040.0
FR07032,FR07032,45.894196,3.115056,
FR07034,FR07034,45.775696,3.096250,
FR07039,FR07039,45.774776,3.062972,
FR07048,FR07048,46.659061,3.249311,
FR07051,Beaulieu,45.769001,3.155000,344.0
FR07052,Aurillac-Lagarde,44.920078,2.441082,640.0
FR07053,Edouard Michelin,45.780434,3.111592,354.0
FR07054,Le Puy-Causans,45.039001,3.887001,629.0
FR07056,FR07056,44.983768,4.226006,
FR07057,Moulins Centre,46.561974,3.340639,221.0
FR07058,Montluçon,46.340721,2.593945,203.0
FR07059,Vichy,46.130432,3.425694,257.0
FR07060,Royat Périurbaine,45.764111,3.046111,519.0
FR08003,Montpellier Chaptal,43.611668,3.864722,42.0
FR08004,FR08004,43.605000,3.874600,
FR08016,Montpellier Prés d'Arènes,43.591526,3.886894,23.0
FR08017,Montpellier Périurbaine Sud (Lattes),43.570606,3.911556,6.0
FR08018,FR08018,43.695366,3.800817,
FR08020,Lunel Viel,43.675762,4.088422,15.0
FR08022,Agathois-piscénois,43.287758,3.504831,19.0
FR08023,Biterrois-Narbonnais,43.406792,3.188806,76.0
FR08025,FR08025,43.594780,2.802367,
FR08030,FR08030,43.609974,3.898611,
FR08204,FR08204,43.829151,4.642950,
FR08209,FR08209,43.942886,4.679686,
FR08252,FR08252,44.053562,4.697364,
FR08614,FR08614,43.834404,4.374219,
FR08616,FR08616,43.829887,4.361989,
FR08617,FR08617,43.925392,4.265814,
FR08712,Perpignan St Esteve,42.719833,2.839872,60.0
FR08713,FR08713,42.684025,2.903453,
FR08714,Perpignan Les Carmes,42.695801,2.899700,48.0
FR09003,FR09003,46.162556,-1.153603,
FR09008,Aytré,46.135155,-1.117042,10.0
FR09015,Les Couronneries,46.586918,0.358583,119.0
FR09016,FR09016,45.608822,0.099722,
FR09017,FR09017,45.694725,-0.323361,
FR09019,FR09019,46.329586,-0.458889,
FR09103,FR09103,45.647415,0.167167,
FR09106,FR09106,45.651451,0.162367,
FR09203,FR09203,46.161610,-1.211203,
FR09301,FR09301,46.824368,-0.135461,
FR09302,Zoodyssée Chizé,46.143173,-0.396042,93.0
FR09399,FR09399,46.321747,-0.465972,
FR09402,FR09402,46.570004,0.323575,
FR09403,Poitiers-Le Nain,46.590900,0.340400,77.0
FR09404,Poitiers Centre  Augouard,46.583889,0.345556,110.0
FR10004,FR10004,51.048580,2.420040,
FR10012,Mardyck,51.019165,2.250833,1.0
FR10016,FR10016,50.947102,1.842760,
FR10017,St Pol mer - cheminots,51.032761,2.332358,4.0
FR10025,FR10025,50.949902,1.768940,
FR10026,FR10026,50.950832,1.842500,
FR10028,FR10028,50.981663,2.143056,
FR10029,FR10029,50.995907,2.365994,
FR10030,Boulogne Diderot,50.717030,1.605913,7.0
FR10032,FR10032,50.693893,1.576389,
FR10034,Grande-synthe,51.011208,2.293056,3.0
FR10041,FR10041,50.748333,2.254722,
FR10132,Campagne les B.,50.610481,1.991450,170.0
FR11007,FR11007,50.640793,3.074772,
FR11016,FR11016,50.670029,3.076560,
FR11025,FR11025,50.628052,3.090310,
FR11026,Halluin stade,50.775482,3.125680,24.0
FR11027,FR11027,50.724201,3.159060,
FR11030,FR11030,50.532032,2.839000,
FR11034,FR11034,50.706535,3.180650,
FR11114,Wattignies,50.597740,3.049460,51.0
FR12004,Toulouse école m. Jacquier,43.575558,1.418611,144.0
FR12015,Saint Gaudens Miramont,43.094440,0.744722,355.0
FR12016,Saint Gaudens Daurat,43.106388,0.718889,408.0
FR12020,Peyrusse Vieille,43.630280,0.179722,230.0
FR12021,FR12021,43.623615,1.438611,
FR12026,FR12026,43.928055,2.146111,
FR12029,Gaudonville,43.883610,0.845000,217.0
FR12030,FR12030,43.587219,1.443889,
FR12031,Belesta en Lauragais,43.441391,1.821944,250.0
FR12039,Toulouse-SETMI Eisenhower,43.561581,1.393260,159.0
FR12040,Toulouse SETMI Chapitre,43.556946,1.406389,147.0
FR12041,Montgiscard SICOVAL,43.457497,1.571111,194.0
FR12042,Lourdes Lapaca,43.096943,-0.038889,403.0
FR12044,FR12044,43.634003,1.376000,
FR12045,FR12045,43.094997,-0.051944,
FR12047,Bessières-ECONOTRE,43.803890,1.595833,106.0
FR12052,FR12052,43.230278,0.062222,
FR12053,Castres stadeTravet,43.610558,2.230000,183.0
FR12054,Toulouse Rte Albi,43.643055,1.467650,149.0
FR12056,FR12056,44.106178,3.072178,
FR12057,FR12057,43.114422,1.622587,
FR12085,Toulouse Port de l'Embouchure,43.610386,1.415200,147.0
FR14004,FR14004,49.258610,4.031111,
FR14008,REVIN,49.907780,4.630000,394.0
FR14010,BETHENY,49.282219,4.051111,91.0
FR14011,DOUMER,49.250732,4.023064,80.0
FR14012,Jean d Aulan,49.224167,4.020556,96.0
FR14022,FR14022,48.962223,4.360000,
FR14028,Rempart Perrier,49.046101,3.955911,74.0
FR14029,FR14029,48.726601,4.594781,
FR14031,FR14031,48.301666,4.076944,
FR14032,ST PARRES AUX TERTRE,48.299168,4.117222,122.0
FR14033,STE SAVINE,48.295002,4.050278,119.0
FR14042,FR14042,48.645836,4.966111,
FR14051,FR14051,49.745277,4.719167,
FR15013,FR15013,45.079540,5.728653,
FR15017,FR15017,45.190437,5.686964,
FR15018,Voiron Urbain,45.360176,5.589419,286.0
FR15031,Le Casset2,44.997002,6.469400,1750.0
FR15038,FR15038,45.182800,5.753100,
FR15039,FR15039,45.158363,5.703764,
FR15043,Grenoble Les Frenes,45.161900,5.735600,219.0
FR15045,Grenoble PeriurbSud,45.057800,5.676700,310.0
FR15046,FR15046,45.180691,5.720056,
FR15048,Gresivaudan Periurb,45.279701,5.882200,260.0
FR16001,FR16001,48.608818,7.708917,
FR16017,FR16017,48.919357,8.158458,
FR16029,Strasbourg Nord,48.610363,7.781631,114.0
FR16031,FR16031,48.857311,7.314175,
FR16034,FR16034,48.590431,7.744983,
FR16038,FR16038,48.570374,7.766331,
FR16040,FR16040,48.575985,7.727478,
FR16041,Strasbourg Sud 2,48.515701,7.687819,144.0
FR16052,FR16052,47.810928,7.105553,
FR16054,FR16054,48.074642,7.350667,
FR16057,FR16057,47.757435,7.347294,
FR16059,FR16059,47.820248,7.538683,
FR16060,C.C.3 Frontières,47.594913,7.568175,247.0
FR16064,Colmar Sud,48.065414,7.333139,200.0
FR16065,Mulhouse Est,47.723106,7.341603,355.0
FR16066,Mulhouse Sud 2,47.737415,7.309075,267.0
FR16067,Vieux Thann 3,47.802212,7.122844,327.0
FR16069,Mulhouse-Briand,47.747684,7.321364,255.0
FR16302,Donon Vosges Moyennes 2,48.492992,7.129800,770.0
FR18019,FR18019,49.276386,2.482167,
FR18035,Salouel,49.868889,2.239806,30.0
FR18039,Arrest,50.129448,1.610833,33.0
FR18042,FR18042,49.851334,3.284000,
FR18043,FR18043,49.259552,2.474397,
FR18045,FR18045,49.696697,2.801139,
FR18053,St Pierre Amiens,49.902500,2.304600,26.0
FR18080,TRAF Saint Quent 14,49.842819,3.281439,78.0
FR18089,FR18089,49.435932,2.084292,
FR19002,Rennes Laennec,48.108608,-1.665860,28.0
FR19007,FR19007,48.107502,-1.679167,
FR19008,FR19008,47.831921,-1.836330,
FR19010,FR19010,48.110748,-1.682920,
FR19012,FR19012,48.386181,-4.486600,
FR19014,FR19014,48.399647,-4.467236,
FR19015,FR19015,48.411930,-4.475060,
FR19017,FR19017,48.089649,-1.659110,
FR19018,MORDELLES BELLAIS,48.082882,-1.834583,45.0
FR19021,FR19021,47.751709,-3.375010,
FR19032,FR19032,47.742500,-3.394808,
FR19033,FR19033,47.648918,-2.763990,
FR19052,FR19052,47.995831,-4.099440,
FR19053,Quimper Zola,47.986607,-4.097658,61.0
FR19061,FR19061,48.513512,-2.749530,
FR19081,FR19081,48.654999,-1.994167,
FR19082,StMalo Rocabey,48.653061,-2.002680,5.0
FR20013,FR20013,45.720024,4.818156,
FR20017,FR20017,45.735291,4.829794,
FR20019,FR20019,45.758362,4.886214,
FR20029,FEYZIN STADE,45.663898,4.845900,160.0
FR20031,FR20031,45.707802,4.864400,
FR20037,TERNAY,45.601898,4.802200,235.0
FR20045,FR20045,45.731701,4.980300,
FR20046,FR20046,45.778900,4.924700,
FR20047,FR20047,45.823223,4.953958,
FR20048,SAINT EXUPERY,45.753300,5.072200,217.0
FR20049,FR20049,45.961411,4.465711,
FR20062,FR20062,45.757732,4.854214,
FR20069,Lyon Périphérique,45.774818,4.898572,170.0
FR20070,LYON TRAFIC JAURES,45.749695,4.844389,167.0
FR20077,Villefranche Centre,45.990112,4.715566,184.0
FR21001,FR21001,49.192219,-0.391183,
FR21016,FR21016,49.175278,-0.353611,
FR21017,FR21017,49.289444,-0.257778,
FR21019,IFS Caen sud,49.151669,-0.352778,22.0
FR21021,FR21021,49.147224,0.227222,
FR21031,FR21031,48.445553,0.110833,
FR21035,FR21035,49.636391,-1.626667,
FR21037,FR21037,49.646950,-1.593420,
FR21038,Cherbourg Hotel de Ville,49.642250,-1.624361,6.0
FR21040,FR21040,49.116390,-1.084722,
FR21050,La Coulonche MERA,48.645000,-0.458333,309.0
FR21060,FR21060,49.117195,-0.169666,
FR22009,Ecole de Carling(9),49.165726,6.716886,210.0
FR22011,FR22011,49.158413,6.731664,
FR22014,FR22014,49.195389,6.957444,
FR22019,FR22019,49.220364,6.925833,
FR22022,FR22022,49.118343,7.083539,
FR22054,FR22054,49.187420,6.910867,
FR23001,AMPERE,47.324097,-2.081567,17.0
FR23003,LA MEGRETAIS,47.322826,-2.039853,7.0
FR23004,PASTEUR,47.317284,-2.073306,10.0
FR23068,FROSSAY,47.247471,-1.936619,26.0
FR23069,SAVENAY,47.360748,-1.954750,20.0
FR23070,S ETIENNE DE MONTLUC,47.283180,-1.783164,63.0
FR23075,JULES VERNE,47.315727,-2.190764,7.0
FR23078,SAINT EXUPERY,47.054443,-0.886111,83.0
FR23107,FR23107,47.252777,-1.573333,
FR23110,LEON BLUM,47.264118,-2.249858,26.0
FR23120,FR23120,47.468513,-0.556053,
FR23123,MAZAGRAN,48.069431,-0.767692,48.0
FR23124,LA TARDIERE,46.656685,-0.743681,142.0
FR23140,FR23140,47.204395,-1.552828,
FR23149,CUTULLIC2,47.286114,-2.032289,7.0
FR23150,APPENTIS,47.447392,-0.550067,31.0
FR23152,DELACROIX,46.660702,-1.436831,68.0
FR23153,FR23153,47.331524,-2.151625,
FR23157,EPINETTES,47.146088,-1.690269,22.0
FR23163,Fillé,47.921921,0.151825,43.0
FR23174,GUEDOU,47.988918,0.195983,45.0
FR23175,CLOS DES BEAUVAIS,47.430164,-0.610064,51.0
FR23177,SAINT-DENIS D'ANJOU,47.787731,-0.444044,54.0
FR23178,PARSCAU DU PLESSIS,47.319157,-2.066953,9.0
FR23181,PARC PAYSAGER,47.273056,-2.223056,5.0
FR23182,SOURCES,47.971066,0.221422,84.0
FR23188,CIM BOUTEILLERIE,47.222500,-1.537500,13.0
FR23230,GASPARD,47.253056,-2.332067,7.0
FR23238,FR23238,47.194149,-1.581678,
FR23239,FR23239,47.185921,-1.591497,
FR24007,ANTIBES JEAN MOULIN,43.598804,7.093153,81.0
FR24009,FR24009,43.558388,7.005919,
FR24011,NICE OUEST BOTANIQUE,43.685188,7.211174,118.0
FR24014,CIANS,44.094688,6.988978,1454.0
FR24015,FR24015,43.657768,6.920878,
FR24018,FR24018,43.835274,5.785831,
FR24021,PEILLON,43.786598,7.373280,196.0
FR24023,FR24023,43.793331,7.331392,
FR24033,FR24033,44.555195,6.073015,
FR24035,FR24035,43.689289,7.242074,
FR24036,FR24036,43.702076,7.286256,
FR24038,FR24038,44.548649,6.067237,
FR24039,FR24039,43.933498,5.711700,
FR24040,FR24040,43.791912,7.048276,
FR25011,FR25011,49.383133,1.025758,
FR25035,FR25035,49.358215,1.007853,
FR25036,Espace du Palais,49.442459,1.093694,17.0
FR25039,FR25039,49.021339,1.148319,
FR25040,Mesnil Esnard,49.406189,1.155150,160.0
FR25043,FR25043,49.400520,1.098825,
FR25045,FR25045,49.916363,0.957178,
FR25048,FR25048,49.428055,1.057778,
FR25049,Base loisirs Poses,49.304871,1.214367,21.0
FR25050,Bures-en-bray,49.781219,1.345083,65.0
FR25051,FR25051,49.918007,1.073972,
FR25053,Rouen Proxi Quai de Paris,49.436699,1.098838,9.0
FR25054,FR25054,49.434162,1.067053,
FR26002,FR26002,47.304165,5.020000,
FR26005,Dijon Péjoces,47.307369,5.065881,238.0
FR26010,FR26010,47.345554,5.002222,
FR26012,Morvan,47.275002,4.098333,638.0
FR26014,FR26014,47.325745,5.041056,
FR26016,Sens,48.200558,3.277222,70.0
FR26017,Nevers,46.996670,3.170833,190.0
FR26019,FR26019,47.800575,3.576189,
FR26035,FR26035,47.137230,4.950573,
FR26043,FR26043,47.315460,5.040202,
FR27002,FR27002,45.367821,4.805147,
FR27003,ROCHES DE CONDRIEU,45.454517,4.766528,152.0
FR27005,Sablons,45.321846,4.770702,136.0
FR27007,Bourgoin-Jallieu,45.608219,5.270872,227.0
FR27008,FR27008,45.353188,4.804822,
FR27010,Plateau de Bonnevaux,45.460899,5.181081,520.0
FR28010,FR28010,50.449139,2.900000,
FR28022,FR28022,50.308861,2.807369,
FR28028,FR28028,50.535385,2.635692,
FR28033,FR28033,50.489719,2.666420,
FR28034,FR28034,50.625759,2.473228,
FR29423,FR29423,46.041111,4.074656,
FR29424,FR29424,45.420090,4.395422,
FR29426,FR29426,45.475327,4.515003,
FR29428,FR29428,45.421200,4.411978,
FR29429,FR29429,45.533424,4.623939,
FR29439,LA TALAUDIERE,45.481777,4.429667,520.0
FR29441,ST ETIENNE BD URBAIN,45.447979,4.388764,498.0
FR30016,FR30016,48.685856,6.175111,
FR30018,FR30018,48.024605,6.585836,
FR30019,FR30019,48.172779,6.452811,
FR30020,FR30020,48.775860,5.162789,
FR30021,FR30021,48.621502,6.194922,
FR30023,FR30023,48.633339,6.304828,
FR30026,FR30026,48.584824,6.483900,
FR30027,Frolois,48.565445,6.129578,285.0
FR30028,FR30028,48.051117,7.011114,
FR30029,FR30029,48.193611,5.937222,
FR30030,FR30030,48.614914,6.107672,
FR30032,Heming,48.694725,6.965275,280.0
FR30033,Jonville en Woevre,49.065830,5.785556,213.0
FR30034,Nancy-Charles III,48.688171,6.190431,200.0
FR30036,FR30036,48.696331,6.146119,
FR30037,FR30037,48.656944,6.136022,
FR31001,FR31001,44.861389,-0.579444,
FR31002,TALENCE,44.800556,-0.588056,20.0
FR31003,FR31003,44.849724,-0.543889,
FR31006,Mérignac - Yser,44.841389,-0.650000,36.0
FR31007,BASSENS,44.900276,-0.514722,36.0
FR31008,LE TEMPLE,44.865555,-0.939444,43.0
FR31010,FR31010,45.012222,-0.528333,
FR31013,FR31013,43.310833,-0.391111,
FR31014,FR31014,43.307777,-0.322778,
FR31016,FR31016,43.479721,-1.488056,
FR31017,FR31017,43.494167,-1.527778,
FR31020,LACQ,43.410557,-0.616944,107.0
FR31021,LABASTIDE CEZERACQ,43.376110,-0.536944,123.0
FR31022,LAGOR,43.409721,-0.671667,202.0
FR31023,MASLACQ,43.434166,-0.691944,76.0
FR31024,MOURENX,43.376945,-0.609444,106.0
FR31026,TARTAS Pelletrin,43.838333,-0.810833,22.0
FR31030,FR31030,44.722500,-0.576111,
FR31031,FR31031,44.913055,-0.384444,
FR31032,FR31032,44.192223,0.623889,
FR31033,PERIGUEUX,45.189720,0.727222,142.0
FR31034,FR31034,45.012222,-0.529722,
FR31036,FR31036,43.704723,-1.038611,
FR31039,PAU TOURASSE,43.311089,-0.352119,218.0
FR31040,MARMANDE,44.508656,0.142503,17.0
FR31041,FR31041,43.896076,-0.490617,
FR31043,Biarritz-hippodrome,43.470242,-1.553843,70.0
FR31045,Bordeaux GAUTIER,44.833832,-0.598530,15.0
FR32001,FR32001,46.782501,4.847266,
FR32002,FR32002,46.821056,4.835083,
FR32005,FR32005,46.666668,4.366667,
FR32006,Macon Paul Bert,46.316174,4.839994,172.0
FR32007,FR32007,46.802376,4.417486,
FR32014,FR32014,46.797363,4.853842,
FR33101,PASTEUR,45.564720,5.928333,280.0
FR33102,FR33102,45.596668,5.918611,
FR33105,Chambéry Trafic,45.569431,5.932986,277.0
FR33111,FR33111,45.274723,6.349722,
FR33120,CHAMONIX,45.922501,6.870000,1038.0
FR33121,Albertville,45.674999,6.389722,352.0
FR33122,La Léchère,45.535831,6.471111,423.0
FR33201,LOVERCHY,45.895279,6.118333,453.0
FR33202,NOVEL,45.916943,6.135556,461.0
FR33203,ANNECY Rocade,45.909698,6.118250,452.0
FR33211,ANNEMASSE,46.195831,6.240556,441.0
FR33212,FR33212,46.193691,6.214858,
FR33213,FR33213,46.190811,6.235536,
FR33220,FR33220,45.923611,6.713611,
FR33232,BOSSONS,45.907223,6.845833,1044.0
FR33302,St Germain/Rhône,46.072224,5.820833,477.0
FR33305,Bourg-en-Bresse,46.211666,5.226389,220.0
FR34013,FR34013,47.905983,1.900361,
FR34014,FR34014,47.917393,1.966255,
FR34017,Marigny-les-usages,47.958973,2.009286,123.0
FR34018,FR34018,47.997902,2.719514,
FR34024,Joué lès Tours,47.344501,0.653322,90.0
FR34025,La Bruyère,47.419079,0.682941,100.0
FR34026,Tours péri-urbaine,47.469444,0.716944,108.0
FR34028,FR34028,47.394642,0.704873,
FR34029,La Source-CNRS,47.837765,1.944658,109.0
FR34030,FR34030,47.075043,2.407183,
FR34032,Leblanc,47.082649,2.404492,133.0
FR34038,Verneuil,46.814693,2.610068,182.0
FR34041,Fulbert,48.444836,1.509281,145.0
FR34042,FR34042,48.439308,1.468774,
FR34043,Oysonville,48.391140,1.955625,150.0
FR34046,Dreux Centre,48.729698,1.358463,90.0
FR34047,Saint-Remy,48.760891,1.233650,99.0
FR34051,Chateauroux Sud,46.798267,1.693130,156.0
FR34054,Faverolles,47.169998,1.409444,130.0
FR34056,Montierchaume,46.864536,1.771953,161.0
FR34057,FR34057,46.942940,2.003258,
FR34061,Blois nord,47.594250,1.302662,118.0
FR35002,ST JUNIEN - Fontaine,45.889999,0.900000,227.0
FR35003,FR35003,45.831100,1.256875,
FR35004,BRIVE - Dalton,45.158745,1.537222,121.0
FR35005,FR35005,46.169998,1.870000,
FR35006,TULLE - Hugo,45.259998,1.760000,264.0
FR35007,FR35007,45.869995,1.310000,
FR35010,FR35010,45.833332,1.216803,
FR35012,LA NOUAILLE - MERA,45.809998,2.060000,810.0
FR35019,SAILLAT - Ipaper,45.875832,0.823889,187.0
FR35023,FR35023,45.263615,1.763889,
FR36001,Valence Périurb. Sud,44.870243,4.876289,125.0
FR36002,FR36002,44.933514,4.893481,
FR36007,Saint Bauzile CEC,44.675938,4.673586,460.0
FR36019,FR36019,45.042500,5.044300,
FR36021,Drôme Rurale Sud-SND,44.569443,5.278972,605.0
FR36032,A7 Valence Est,44.949200,4.890133,113.0
FR37001,ST de Baie mahault,16.256113,-61.590267,18.0
FR37006,PTP-VICTOIRE,16.236740,-61.534100,7.0
FR37007,FR37007,16.250660,-61.527794,
FR38001,LYC. LISLET GEOFFROY,-20.889893,55.468842,20.0
FR38002,MONTGAILLARD,-20.903294,55.468334,150.0
FR38008,FR38008,-20.884708,55.453823,
FR38009,Ecole La Marine,-20.910585,55.618977,5.0
FR38011,Station Luther King,-21.334406,55.459061,10.0
FR38014,Ligne Paradis,-21.312895,55.474194,142.0
FR38016,Station Bourg-Murat,-21.204815,55.582619,1601.0
FR38017,Grand Coude,-21.294331,55.627930,1141.0
FR38018,Centre Penitencier,-20.949800,55.313828,147.0
FR38020,Plateau Caillou,-21.009739,55.272675,165.0
FR38021,Grand Fond,-21.032139,55.232563,253.0
FR38023,FR38023,-21.331703,55.478951,
FR38091,Terrain de Sel,-20.928686,55.332581,19.0
FR38098,Sarda Garriga,-21.277075,55.403065,65.0
FR39003,Etang Zabricot,14.603500,-61.041199,25.0
FR39008,Ville de Schoelcher,14.616389,-61.100800,20.0
FR39009,Lamentin,14.610700,-61.002602,5.0
FR39010,Concorde,14.613800,-61.063499,80.0
FR39011,Reneville,14.614200,-61.053101,15.0
FR39014,Sainte Luce,14.468865,-60.927383,46.0
FR39015,FR39015,14.607315,-61.069801,
FR39016,FR39016,14.678064,-60.939064,
FR39017,FR39017,14.601709,-61.084694,
FR40006,Kourou Gaston Monnerville Brady,5.164248,-52.646488,6.0
FR40007,Kalou,4.848160,-52.323799,12.0
FR40008,Caiena3,4.937847,-52.320930,5.0
FR41001,FR41001,41.924686,8.735692,
FR41002,FR41002,42.697918,9.446419,
FR41003,FR41003,41.964443,8.820278,
FR41004,FR41004,42.535824,9.475978,
FR41007,FR41007,41.949230,8.757586,
FR41017,BASTIA MONTESORO,42.671337,9.434644,15.0
FR41020,FR41020,42.700096,9.451769,
FR41022,FR41022,41.918171,8.736500,
FR41024,FR41024,42.236099,9.190019,
FR41059,FR41059,41.925751,8.738278,
FR41060,FR41060,42.702782,9.446389,
FR82001,FR82001,47.235973,6.023611,
FR82004,FR82004,47.297306,6.051917,
FR82005,Montfaucon,47.234612,6.076472,490.0
FR82006,Besançon Prévoyance,47.247398,6.015419,321.0
FR82010,Montbéliard centre,47.510307,6.794000,331.0
FR82012,Dambenois Citoyen,47.538193,6.868361,365.0
FR82020,FR82020,47.640667,6.859278,
FR82021,Belfort centre,47.630749,6.859028,357.0
FR82030,Montandon Baresans,47.294640,6.825861,746.0
FR82040,Dole centre,47.096722,5.496389,223.0
FR82041,Tavaux,47.042610,5.400897,192.0
FR82042,Damparis,47.065639,5.415028,210.0
FR82043,Chatenois,47.147251,5.556117,213.0
FR82050,FR82050,46.671307,5.556806,
FR82060,Vesoul Pres Caillet,47.619999,6.157611,217.0
FR82070,Baume-les-Dames,47.351288,6.359722,273.0
GB0002R,Eskdalemuir - UKA00130,55.315311,-3.206111,255.0
GB0006R,Lough Navar - UKA00166,54.439510,-7.900328,130.0
GB0013R,Yarner Wood - UKA00168,50.597599,-3.716510,119.0
GB0014R,High Muffles - UKA00169,54.334946,-0.808550,267.0
GB0015R,Strathvaich - UKA00162,57.734455,-4.776583,270.0
GB0031R,Aston Hill - UKA00137,52.503849,-3.034178,370.0
GB0033R,Bush Estate - UKA00128,55.862282,-3.205782,180.0
GB0034R,Glazebury - UKA00170,53.460079,-2.472056,21.0
GB0037R,Ladybower - UKA00171,53.403370,-1.752006,420.0
GB0038R,Lullington Heath - UKA00152,50.793701,0.181250,125.0
GB0039R,Sibton - UKA00012,52.294399,1.463497,46.0
GB0043R,Narberth - UKA00323,51.781784,-4.691462,160.0
GB0045R,Wicken Fen - UKA00362,52.298500,0.290917,5.0
GB0048R,Auchencorth Moss - UKA00451,55.792160,-3.242900,260.0
GB0050A,Rosia Road,36.133316,-5.353175,12.5
GB0051A,Bleak House,36.112823,-5.350188,20.3
GB0421A,Billingham - UKA00153,54.605370,-1.275039,10.0
GB0538A,Sheffield Tinsley - UKA00181,53.410580,-1.396139,90.0
GB0566A,London Bloomsbury - UKA00211,51.522289,-0.125889,20.0
GB0567A,Belfast Centre - UKA00212,54.599651,-5.928833,10.0
GB0568A,Newcastle Centre - UKA00213,54.978249,-1.610528,45.0
GB0580A,Cardiff Centre - UKA00217,51.481781,-3.176250,12.0
GB0583A,Middlesbrough - UKA00220,54.569298,-1.220874,10.0
GB0584A,Leeds Centre - UKA00222,53.803780,-1.546472,78.0
GB0586A,London Eltham - UKA00230,51.452579,0.070766,60.0
GB0598A,Southampton Centre - UKA00235,50.908138,-1.395778,7.0
GB0608A,London Bexley - UKA00238,51.466030,0.184806,13.0
GB0613A,Manchester Piccadilly - UKA00248,53.481522,-2.237881,57.0
GB0617A,Rochester Stoke - UKA00251,51.456169,0.634889,14.0
GB0620A,London N. Kensington - UKA00253,51.521049,-0.213492,5.0
GB0624A,Tower Hamlets Roadside - UKA00257,51.522530,-0.042155,20.0
GB0633A,Oxford Centre Roadside - UKA00258,51.751743,-1.257463,60.0
GB0636A,Camden Kerbside - UKA00259,51.544209,-0.175269,50.0
GB0637A,Haringey Roadside - UKA00260,51.599300,-0.068218,10.0
GB0640A,Exeter Roadside - UKA00263,50.725082,-3.532465,43.0
GB0642A,London Hillingdon - UKA00266,51.496330,-0.460861,34.0
GB0643A,Leamington Spa - UKA00265,52.288811,-1.533119,55.0
GB0645A,Thurrock - UKA00272,51.477070,0.317969,8.0
GB0646A,Nottingham Centre - UKA00274,52.954731,-1.146447,41.0
GB0647A,GB0647A,51.391129,-2.354155,
GB0657A,Glasgow Kerbside - UKA00336,55.859169,-4.258889,10.0
GB0658A,Stoke-on-Trent Centre - UKA00337,53.028210,-2.175133,172.0
GB0660A,Salford Eccles - UKA00339,53.484810,-2.334139,30.0
GB0681A,Barnsley Gawber - UKA00353,53.562920,-1.510436,100.0
GB0682A,London Marylebone Road - UKA00315,51.522530,-0.154611,35.0
GB0687A,Plymouth Centre - UKA00360,50.371670,-4.142361,18.0
GB0726A,Cambridge Roadside - UKA00396,52.202370,0.124456,19.0
GB0728A,Southend-on-Sea - UKA00409,51.544205,0.678408,37.0
GB0729A,Aberdeen - UKA00399,57.157360,-2.094278,20.0
GB0730A,Wirral Tranmere - UKA00406,53.372871,-3.022722,38.0
GB0731A,Preston - UKA00408,53.765591,-2.680353,40.0
GB0733A,Portsmouth - UKA00421,50.828812,-1.068583,5.0
GB0735A,Grangemouth - UKA00420,56.010319,-3.704399,4.0
GB0737A,Canterbury - UKA00424,51.273991,1.098061,35.0
GB0740A,Dumfries - UKA00428,55.070034,-3.614233,10.0
GB0741A,Bournemouth - UKA00429,50.739571,-1.826744,30.0
GB0742A,Inverness - UKA00434,57.481308,-4.241451,6.0
GB0743A,London Westminster - UKA00435,51.494671,-0.131931,5.0
GB0744A,GB0744A,51.653801,-3.006953,
GB0745A,Weybourne - UKA00433,52.950489,1.122017,16.0
GB0754A,St Osyth - UKA00445,51.777981,1.049031,8.0
GB0755A,GB0755A,53.042221,-3.002778,
GB0776A,Hull Freetown - UKA00450,53.748779,-0.341222,4.0
GB0777A,Liverpool Speke - UKA00247,53.346329,-2.844333,26.0
GB0837A,London Harlington - UKA00472,51.488789,-0.441614,35.0
GB0838A,GB0838A,52.554443,-0.772222,
GB0839A,Edinburgh St Leonards - UKA00454,55.945587,-3.182186,81.0
GB0840A,Reading New Town - UKA00462,51.453091,-0.944067,58.0
GB0841A,Scunthorpe Town - UKA00381,53.586342,-0.636811,36.0
GB0860A,Brighton Preston Park - UKA00483,50.840836,-0.147572,10.0
GB0861A,Leominster - UKA00489,52.221741,-2.736665,75.0
GB0863A,Sunderland Silksworth - UKA00484,54.883610,-1.406878,110.0
GB0864A,Wigan Centre - UKA00482,53.549141,-2.638139,45.0
GB0881A,Lerwick - UKA00486,60.139221,-1.185319,80.0
GB0882A,Blackpool Marton - UKA00488,53.804890,-3.007175,16.0
GB0884A,Bristol St Pauls - UKA00494,51.462837,-2.584482,15.0
GB0885A,Fort William - UKA00495,56.822659,-5.101102,5.0
GB0896A,Swansea Roadside - UKA00497,51.632694,-3.947374,61.0
GB0906A,Port Talbot Margam - UKA00501,51.583950,-3.770822,5.0
GB0916A,Horley - UKA00511,51.165867,-0.167734,40.0
GB0918A,York Bootham - UKA00523,53.967514,-1.086514,15.0
GB0919A,York Fishergate - UKA00524,53.951889,-1.075861,16.0
GB0920A,Oxford St Ebbes - UKA00518,51.744804,-1.260278,58.0
GB0921A,Chepstow A48 - UKA00515,51.638096,-2.678731,67.0
GB0923A,Aberdeen Union Street Roadside - UKA00513,57.144554,-2.106472,27.0
GB0924A,Stanford-le-Hope Roadside - UKA00525,51.518166,0.439548,18.0
GB0925A,Carlisle Roadside - UKA00526,54.894833,-2.945307,11.0
GB0926A,Leeds Headingley Kerbside - UKA00527,53.819973,-1.576361,85.0
GB0927A,Newcastle Cradlewell Roadside - UKA00528,54.986404,-1.595362,42.0
GB0928A,Chesterfield Roadside - UKA00529,53.231724,-1.456944,96.0
GB0934A,Ballymena Ballykeel - UKA00503,54.861595,-6.250873,59.0
GB0951A,Withams Road,36.128067,-5.351246,29.6
GB0954A,Sandy Roadside - UKA00533,52.132416,-0.300306,22.0
GB0956A,Stockton-on-Tees Eaglescliffe - UKA00535,54.516666,-1.358547,29.0
GB0957A,Charlton Mackrell - UKA00537,51.056252,-2.683450,54.0
GB0958A,Warrington - UKA00538,53.389278,-2.615358,11.0
GB0962A,Newport - UKA00380,51.601204,-2.977281,24.0
GB0995A,Norwich Lakenfields - UKA00549,52.614193,1.301976,36.0
GB0996A,Armagh Roadside - UKA00541,54.353729,-6.654558,41.0
GB0997A,Grangemouth Moray - UKA00544,56.013142,-3.710833,4.0
GB0998A,Peebles - UKA00551,55.657471,-3.196527,167.0
GB1005A,Eastbourne - UKA00546,50.805779,0.271611,7.0
GB1006A,GB1006A,50.916931,-0.449548,
GB1007A,Chatham Roadside - UKA00553,51.374264,0.547970,80.0
GB1008A,Dumbarton Roadside - UKA00555,55.943195,-4.559730,3.0
GB1012A,Southwark A2 Old Kent Road - UKA00558,51.480499,-0.059550,10.0
GB1013A,Birmingham Acocks Green - UKA00559,52.437164,-1.829999,134.0
GB1014A,Lincoln Canwick Road - UKA00561,53.221375,-0.534189,7.0
GB1017A,Honiton - UKA00566,50.792286,-3.196702,122.0
GB1018A,Leamington Spa Rugby Road - UKA00564,52.294884,-1.542911,66.0
GB1020A,Walsall Woodlands - UKA00565,52.605621,-2.030523,149.0
GB1022A,Saltash Callington Road - UKA00569,50.411465,-4.227678,65.0
GB1024A,London Haringey Priory Park South - UKA00568,51.584129,-0.125254,37.0
GB1025A,London Teddington Bushy Park - UKA00572,51.425285,-0.345606,11.0
GB1026A,Leicester University - UKA00573,52.619823,-1.127311,83.0
GB1027A,Sheffield Devonshire Green - UKA00575,53.378620,-1.478096,89.0
GB1028A,Glasgow Townhead - UKA00576,55.865784,-4.243631,40.0
GB1029A,Barnstaple A39 - UKA00574,51.074795,-4.041924,13.0
GB1031A,Shaw Crompton Way - UKA00579,53.579285,-2.093786,193.0
GB1032A,Blackburn Accrington Road - UKA00590,53.747749,-2.452724,142.0
GB1033A,Ealing Horn Lane - UKA00591,51.518951,-0.265617,30.0
GB1034A,Coventry Allesley - UKA00592,52.411564,-1.560228,98.0
GB1035A,Glasgow Great Western Road - UKA00593,55.872040,-4.270936,27.0
GB1036A,Belfast Stockmans Lane - UKA00594,54.572586,-5.974944,9.0
GB1037A,Oldbury Birmingham Road - UKA00595,52.502438,-2.003497,151.0
GB1038A,Hafod-yr-ynys Roadside - UKA00596,51.680580,-3.133508,153.0
GB1040A,Bury Whitefield Roadside - UKA00598,53.559029,-2.293772,102.0
GB1041A,Stockton-on-Tees A1305 Roadside - UKA00599,54.565819,-1.315900,15.0
GB1042A,Hull Holderness Road - UKA00600,53.758972,-0.305749,4.0
GB1043A,Sunderland Wessington Way - UKA00601,54.918388,-1.408391,29.0
GB1044A,Glasgow High Street - UKA00602,55.860935,-4.238214,35.0
GB1045A,Widnes Milton Road - UKA00603,53.365391,-2.731680,13.0
GB1046A,Chesterfield Loundsley Green - UKA00604,53.244129,-1.454946,98.0
GB1047A,Luton A505 Roadside - UKA00605,51.892292,-0.462110,136.0
GB1051A,Leicester A594 Roadside - UKA00609,52.638676,-1.124228,59.0
GB1052A,Stoke-on-Trent A50 Roadside - UKA00610,52.980434,-2.111898,179.0
GB1053A,Bradford Mayo Avenue - UKA00611,53.771244,-1.759774,187.0
GB1054A,Doncaster A630 Cleveland Street - UKA00612,53.518242,-1.138057,15.0
GB1055R,Chilbolton Observatory - UKA00614,51.149616,-1.438228,78.0
GB1056A,Southampton A33 - UKA00613,50.920265,-1.463484,5.0
GB1057A,Aberdeen Wellington Road - UKA00615,57.133888,-2.094198,19.0
GB1058A,Manchester Sharston - UKA00617,53.371307,-2.239218,67.0
GB1059A,Nottingham Western Boulevard - UKA00618,52.969376,-1.188851,43.0
GB1060A,Derry Rosemount - UKA00619,55.002819,-7.331179,54.0
GB1061A,Reading London Road - UKA00620,51.454895,-0.940382,45.0
GB1062A,Greenock A8 Roadside - UKA00621,55.944080,-4.734421,9.0
GB1063A,Sheffield Barnsley Road - UKA00622,53.404949,-1.455815,82.0
GB1064A,Cannock A5190 Roadside - UKA00623,52.687298,-1.980821,182.0
GB1065A,Christchurch Barrack Road - UKA00624,50.735455,-1.780888,3.0
GB1066A,Birkenhead Borough Road - UKA00625,53.388512,-3.025014,7.0
GB1067A,Birmingham A4540 Roadside - UKA00626,52.476089,-1.875024,109.0
GB1068A,St Helens Linkway - UKA00627,53.451824,-2.742134,32.0
GB1069A,Worthing A27 Roadside - UKA00628,50.832947,-0.379916,14.0
GB1070A,Plymouth Tavistock Road - UKA00629,50.411057,-4.130288,107.0
GB1071A,Derby St Alkmunds Way - UKA00630,52.922981,-1.469507,51.0
GB1072A,Bristol Temple Way - UKA00631,51.457970,-2.583975,13.0
GB1073A,Northampton Spring Park - UKA00632,52.272259,-0.916605,88.0
GB1074A,Ballymena Antrim Road - UKA00633,54.851490,-6.274961,53.0
GB1075A,Coventry Binley Road - UKA00634,52.407707,-1.490082,82.0
GB1085A,Dundee Mains Loan - UKA00643,56.475433,-2.959861,84.0
GB1086A,Borehamwood Meadow Park - UKA00644,51.661228,-0.270671,85.0
GB1087A,Hartlepool St Abbs Walk - UKA00645,54.683243,-1.203838,7.0
GB1089A,Immingham Woodlands Avenue - UKA00647,53.619240,-0.213324,3.0
GB1090A,Telford Hollinswood - UKA00648,52.673470,-2.436692,134.0
GB1091A,Edinburgh Nicolson Street - UKA00649,55.944759,-3.183991,85.0
GB1092A,Swindon Walcot - UKA00650,51.558060,-1.765678,104.0
GB1093A,Portsmouth Anglesea Road - UKA00651,50.798340,-1.095558,6.0
GB1094A,Burton-on-Trent Horninglow - UKA00652,52.821049,-1.635718,46.0
GB1095A,Cardiff Newport Road - UKA00653,51.490959,-3.152305,8.0
GB1096A,Dewsbury Ashworth Grove - UKA00654,53.693104,-1.637111,69.0
GB1097A,Birmingham Ladywood - UKA00655,52.481346,-1.918235,134.0
GE0001A,BTUM,41.643414,41.639900,9.0
GE0002A,TBL01,41.750290,44.769291,558.0
GE0003A,RST18,41.546200,45.014500,332.0
GE0004A,VRKT,41.701698,44.875641,518.0
GE0005A,KZBG,41.724899,44.754261,451.0
GE0006A,TSRT,41.741901,44.779308,412.0
GE0007A,KUTS,42.267910,42.694592,142.0
GR0001A,GR0001A,39.366386,22.943064,
GR0002A,ATHINAS,37.978207,23.726843,100.0
GR0003A,GR0003A,37.988029,23.727629,
GR0008A,PATRA-1,38.253098,21.738430,16.0
GR0010A,GR0010A,39.667500,22.453337,
GR0018A,GR0018A,40.633774,22.945288,
GR0020A,GR0020A,40.673550,22.893438,
GR0022A,GR0022A,38.030838,23.787357,
GR0027A,GR0027A,38.076813,23.697842,
GR0028A,GR0028A,38.020805,23.688354,
GR0029A,GR0029A,37.983627,23.706789,
GR0030A,GR0030A,37.943287,23.647511,
GR0031A,GR0031A,37.931995,23.713009,
GR0032A,GR0032A,37.999458,23.733047,
GR0035A,GR0035A,38.069633,23.776886,
GR0037A,GR0037A,38.143524,23.758183,
GR0038A,GR0038A,38.051350,23.538446,
GR0039A,GR0039A,37.995106,23.819418,
GR0044A,GR0044A,40.633575,22.956703,
GR0045A,NEOCHOROUDA,40.739841,22.876230,229.0
GR0046A,GR0046A,40.657845,22.802366,
GR0047A,GR0047A,40.588932,23.031681,
GR0048A,GR0048A,38.245975,21.735897,
GR0110R,GR0110R,38.375248,23.110268,
GR0120A,GR0120A,37.901306,23.879023,
GR0401A,LIVADIA,38.438007,22.875841,140.0
GR0402A,LAMIA,38.899563,22.430027,105.0
GR0403A,HALKIDA,38.467285,23.610323,12.0
GR0404A,KARPENISI,38.913971,21.790161,960.0
GR0405A,AMFISSA,38.525757,22.378748,180.0
HR0002A,KUTINA-1,45.479057,16.780666,
HR0003A,OSIJEK-1,45.558792,18.698769,
HR0005A,RIJEKA-2,45.320793,14.483511,
HR0006A,SISAK-1,45.458126,16.388355,
HR0007A,ZAGREB-1,45.800339,15.974072,
HR0009A,ZAGREB-3,45.764946,16.006470,
HR0010A,SLAVONSKI BROD-1,45.159473,17.995100,
HR0011A,KOPAČKI RIT,45.698029,18.834639,
HR0012A,DESINIĆ,46.169056,15.660639,
HR0013A,HR0013A,44.899334,15.609777,
HR0014A,PARG,45.593479,14.630464,
HR0015A,VIŠNJAN,45.291203,13.749778,
HR0018A,HUM (otok Vis),43.031334,16.115973,
HR0020A,HR0020A,42.644699,18.122612,
HR0022A,Split-1,43.510654,16.449341,
HR0023A,AMS1 Kaštel Sućurac,43.548119,16.434961,
HR0025A,HR0025A,44.862469,13.816858,
HR0026A,HR0026A,45.714848,16.068289,
HR0027A,VARAŽDIN-1,46.282909,16.363802,
HR0028A,KARLOVAC-1,45.493526,15.565130,
HR0034A,PULA FIŽELA,44.862469,13.816858,
HU0002R,"""K-puszta""",46.966667,19.549999,125.0
HU0022A,"""Budapest Gilice""",47.430832,19.184175,153.0
HU0023A,"""Debrecen Kalotaszeg""",47.513332,21.624443,111.0
HU0024A,"""Gyor Szent Istvan""",47.685280,17.639444,101.0
HU0025A,"""Gyor Ifjusag""",47.676109,17.649736,101.0
HU0026A,"""Kazincbarcika""",48.247223,20.616404,155.0
HU0027A,"""Miskolc Buza""",48.106945,20.790007,125.0
HU0028A,"""Nyiregyhaza""",47.961109,21.705839,115.0
HU0029A,"""Pecs Boszorkany""",46.080276,18.211123,200.0
HU0030A,"""Pecs Szabadsag""",46.071110,18.225286,120.0
HU0031A,"""Tatabanya Sagvari""",47.557220,18.420835,199.0
HU0032A,"""Szazhalombatta""",47.306667,18.920004,99.0
HU0033A,"""Dunaujvaros""",46.976112,18.936113,215.0
HU0034A,"""Veszprem""",47.091110,17.901121,274.0
HU0035A,"""Sopron""",47.691944,16.575008,241.0
HU0036A,"""Budapest Pesthidegkut""",47.561943,18.960009,265.0
HU0037A,"""Ajka""",47.105278,17.556667,248.0
HU0038A,"""Sajoszentpeter""",48.218056,20.703058,135.0
HU0039A,"""Esztergom""",47.790001,18.746122,122.0
HU0040A,"""Sarrod""",47.671944,16.838894,113.0
HU0041A,"""Budapest Szena""",47.508057,19.028067,123.0
HU0042A,"""Budapest Korakas""",47.541943,19.146122,122.0
HU0044A,"""Hernadszurdok""",48.473888,21.211678,162.0
HU0045A,"""Budapest Teleki""",47.491943,19.087782,90.0
HU0057A,"""Szeged2""",46.266613,20.153053,79.0
IE0001R,Kerry Valentia Observatory,51.938057,-10.240833,10.0
IE001AP,Dublin Inchicore Davitt Road,53.336296,-6.309020,10.0
IE001BP,Cork South Link Road Landfill,51.911110,-8.475000,12.0
IE001CM,Laois Portlaoise Dublin Road,53.036125,-7.288675,107.0
IE001DM,Wexford Enniscorthy Parnell Road,52.498501,-6.570750,30.0
IE001DP,Donegal Malin Head,55.372200,-7.338900,25.0
IE0028A,Dublin Rathmines Wynnefield Road,53.353889,-6.278056,27.0
IE002AP,Dublin Raheny Saint Anne's Park,53.368793,-6.172637,10.0
IE002BP,Cork Bishopstown MTU,51.884090,-8.533045,21.0
IE002CM,Louth Dundalk Meadow Grove,54.003132,-6.392628,1.0
IE0031R,Galway Mace Head,54.326668,-9.904444,8.0
IE0036A,Dublin Ballyfermot Library,53.340485,-6.352256,43.0
IE003AP,Dublin Finglas Mellowes Road,53.390251,-6.305266,64.0
IE003DP,Wexford Carnsore Point,52.193333,-6.376667,5.0
IE004AP,Dublin Ringsend recycling Centre,53.341873,-6.214075,4.0
IE004BP,Cork UCC Distillery Fields,51.900120,-8.486370,7.0
IE005AP,Dublin Kilmainham St. John's Road West,53.345840,-6.294795,7.0
IE0090A,Monaghan Kilkitt Waterworks,54.066113,-6.883056,170.0
IE0095A,Dublin Phoenix Park Ordnance Survey Road,53.364429,-6.348980,35.0
IE0098A,Dublin Winetavern Street,53.341667,-6.288889,9.0
IE0110A,Cork Ballinlough Heatherton Park,51.881943,-8.456667,4.0
IE0111A,Laois Emo Court,53.106945,-7.196389,103.0
IE0118A,Mayo Castlebar John Moore Road,53.851112,-9.299722,41.0
IE0127A,Dublin Clonskeagh Road Richview,53.311840,-6.235316,25.0
IE0131A,Dublin Blanchardstown River Road,53.385635,-6.369934,51.0
IE0132A,Dublin Dun Laoghaire The Glen,53.285831,-6.131944,29.0
IE0136A,Dublin Tallaght Old Bawn Road,53.280540,-6.358842,102.0
IE0137A,Clare Ennis Drumbiggle Road,52.503490,-8.591935,5.0
IE0140A,Dublin Swords Watery Lane,53.274811,-6.222367,21.0
IE0141A,Wicklow Bray Wurzburg Road,53.187222,-6.121667,47.0
IE0147A,Kilkenny Seville Lodge,52.638798,-7.268114,68.0
IS0002A,IS0002A,64.058868,-21.990732,
IS0005A,IS0005A,64.130096,-21.874649,
IS0006A,IS0006A,64.138863,-21.873411,
IS0025A,Grundartangi Kríuvarða,64.373581,-21.759138,10.0
IS0027A,Reyðarfjörður Hjallaleyra stöð 1,65.030403,-14.241917,3.0
IS0028A,Reyðarfjörður Ljósá stöð 2,65.030319,-14.162462,20.0
IS0029A,Reyðarfjörður Hólmar stöð 3,65.040070,-14.047610,20.0
IS0030A,Reyðarfjörður Miðstrandareyri stöð 4,65.012543,-14.130437,20.0
IS0037A,Kópavogur Dalsmári,64.104950,-21.889000,10.0
IS0041A,Grundartangi Gröf,64.334167,-21.835686,55.0
IS0046A,Hafnarfjörður Norðurhella,64.044167,-21.985350,19.0
IS0048A,Grundartangi Melahverfi,64.381653,-21.840000,20.0
IS0049A,PCC norður,66.079277,-17.342173,6.0
IS0050A,PCC suður,66.054855,-17.347549,47.0
IS0052A,Akureyri Strandgata (við Hof),65.684090,-18.088205,8.0
IS0053A,"Eyjavellir, Reykjanesbær",64.004211,-22.583994,319.0
IT0063A,LI-COTONE,42.939167,10.534167,37.0
IT0187A,IT0187A,44.842499,11.613060,
IT0267A,TAVAZZANO,45.329445,9.414722,80.0
IT0448A,VE - Sacca Fisola,45.429443,12.313889,1.0
IT0459A,CHIARAVALLE2,43.598888,13.341940,15.0
IT0460A,JESI,43.526939,13.245000,100.0
IT0461A,FALCONARA SCUOLA,43.633331,13.387500,10.0
IT0462A,FALCONARA ACQUEDOTTO,43.636108,13.370560,5.0
IT0463A,FALCONARA ALTA,43.620560,13.390000,90.0
IT0469A,Torino - Consolata,45.075802,7.678200,243.0
IT0470A,Torino - Rebaudengo,45.104069,7.695340,233.0
IT0477A,MILANO - V.LE MARCHE,45.495556,9.191389,122.0
IT0480A,SESTO S.GIOVANNI,45.533890,9.236389,137.0
IT0499A,IT0499A,46.619469,10.859060,
IT0502A,BZ4 Bolzano,46.482311,11.341830,247.0
IT0505A,RE1 Renon,46.589668,11.433170,1770.0
IT0507A,BX1 Bressanone,46.714920,11.654080,564.0
IT0508A,BR1 Brunico,46.797352,11.944030,830.0
IT0544A,LUGAGNANO,44.823891,9.830280,210.0
IT0591A,ROVERETO LGP,45.892441,11.039410,200.0
IT0592A,IT0592A,45.522499,9.044720,
IT0594A,IT0594A,45.540829,10.223610,
IT0611A,Melilli,37.182373,15.128831,300.0
IT0614A,Priolo,37.156120,15.190867,35.0
IT0618A,Augusta,37.218399,15.220500,15.0
IT0620A,SR - Via Gela,37.102470,15.265639,60.0
IT0643A,Alessandria - D'Annunzio,44.906601,8.612000,95.0
IT0663A,IT0663A,45.714443,11.368611,
IT0689A,MEZZANA BIGLI - CASONI BORRONI,45.068329,8.868890,73.0
IT0692A,SANNAZZARO,45.101669,8.905560,87.0
IT0694A,CINISELLO B.,45.551392,9.228060,154.0
IT0703A,BORGO VAL,46.051842,11.453890,380.0
IT0705A,MILANO - VERZIERE,45.462776,9.195833,122.0
IT0706A,IT0706A,45.482777,9.327500,
IT0707A,IT0707A,45.690277,9.643889,
IT0709A,MANTOVA - VIA ARIOSTO,45.144444,10.803333,18.0
IT0721A,IT0721A,44.636051,10.904730,
IT0732A,VARESE - VIA VIDOLETTI,45.836109,8.804170,382.0
IT0737A,TAVERNOLA,45.713612,10.041110,291.0
IT0740A,IT0740A,45.654999,10.200830,
IT0741A,GAMBARA,45.248890,10.299444,51.0
IT0742A,ODOLO,45.639439,10.385830,345.0
IT0743A,LONATO,45.463333,10.480833,188.0
IT0753A,RIVA GAR,45.891472,10.844490,73.0
IT0755A,IT0755A,44.215000,12.056389,
IT0761A,IT0761A,45.449169,9.182500,
IT0771A,COMO - VIALE CATTANEO,45.804440,9.083610,201.0
IT0775A,IT0775A,46.137222,9.385000,
IT0776A,LECCO VIA AMENDOLA,45.849445,9.395833,214.0
IT0777A,IT0777A,45.697960,9.406192,
IT0778A,IT0778A,45.518333,9.591389,
IT0792A,Santa Lucia del Mela,38.160496,15.275031,70.0
IT0794A,a2a - Pace del Mela,38.183006,15.301496,100.0
IT0804A,CITTADELLA,44.793610,10.331670,60.0
IT0813A,IT0813A,37.068691,14.258953,
IT0815A,Gela - Enimed,37.062218,14.284218,13.0
IT0817A,IT0817A,37.147350,14.390705,
IT0825A,C.SO FRANCIA,41.947498,12.469720,35.0
IT0828A,L.GO MAGNA GRECIA,41.883060,12.508890,37.0
IT0832A,AR-REPUBBLICA,43.462502,11.876670,256.0
IT0837A,FILAGO,45.633060,9.556390,190.0
IT0839A,IT0839A,45.367222,9.705000,
IT0840A,SORESINA,45.284721,9.864167,70.0
IT0842A,CORTE DEI CORTESI,45.279167,10.007222,61.0
IT0846A,IT0846A,45.504723,10.313056,
IT0852A,IT0852A,44.425560,8.826110,
IT0854A,CORSO FIRENZE - GENOVA,44.418056,8.927370,105.0
IT0856A,IT0856A,44.407501,8.941111,
IT0858A,QUARTO - GENOVA,44.396389,8.992222,85.0
IT0860A,FI-MOSSE,43.785831,11.231390,41.0
IT0861A,FI-GRAMSCI,43.773060,11.272220,49.0
IT0862A,FI-BASSI,43.786671,11.287500,61.0
IT0863A,IT0863A,42.421940,12.109170,
IT0865A,APRILIA 2,41.595280,12.653611,81.0
IT0867A,RIETI,42.404171,12.858330,392.0
IT0869A,LT TASSO,41.463890,12.913056,18.0
IT0870A,IT0870A,41.750000,13.149722,
IT0871A,IT0871A,41.768188,12.237048,
IT0872A,CECCANO,41.570000,13.337220,134.0
IT0883A,FI-SETTIGNANO,43.789165,11.323889,195.0
IT0884A,ALLUMIERE,42.157780,11.908611,532.0
IT0885A,IT0885A,42.091667,11.802500,
IT0887A,GUIDONIA,41.995560,12.726390,89.0
IT0888A,COLLEFERRO OBERDAN,41.730831,13.004444,217.0
IT0889A,COLLEFERRO EUROPA,41.724998,13.009444,220.0
IT0892A,GIARDINI MARGHERITA,44.483330,11.355000,43.0
IT0895A,ZALAMELLA,44.428612,12.186670,4.0
IT0898A,NA06 MUSEO NAZIONALE,40.854191,14.251330,46.0
IT0903A,CASTELLARANO,44.516109,10.733889,150.0
IT0906A,SONDRIO - VIA MAZZINI,46.167221,9.870556,307.0
IT0908A,BORMIO,46.470280,10.372500,1225.0
IT0912A,PAVIA - VIA FOLPERTI,45.193890,9.164722,77.0
IT0934A,IT0934A,41.131458,14.789380,
IT0936A,IT0936A,40.914169,14.785560,
IT0940A,S. LAZZARO,44.690834,10.664722,50.0
IT0945A,PO-FERRUCCI,43.874722,11.105280,62.0
IT0950A,AR-ACROPOLI,43.461109,11.888890,260.0
IT0952A,CASTEL DI GUIDO,41.889442,12.266389,66.0
IT0953A,VILLA ADA,41.932777,12.506944,50.0
IT0956A,CINECITTA,41.857777,12.568611,48.0
IT0957A,TENUTA DEL CAVALIERE,41.931389,12.659167,56.0
IT0963A,VE - Parco Bissuola,45.499168,12.262222,1.0
IT0966A,Udine - via Cairoli,46.066113,13.240556,100.0
IT0977A,LA THUILE,45.729172,6.977780,1640.0
IT0980A,IT0980A,45.730282,7.298890,
IT0983A,IT0983A,45.735828,7.324170,
IT0988A,DONNAS,45.596600,7.766430,371.0
IT0989A,LEONESSA,42.572498,12.961944,948.0
IT0991A,IT0991A,41.730000,13.338330,
IT0992A,FONTECHIARI,41.669998,13.674444,388.0
IT0997A,BERGAMO - VIA GARIBALDI,45.695686,9.661667,249.0
IT1001A,IT1001A,43.843891,10.512220,
IT1010A,IT1010A,45.467499,8.892500,
IT1011A,CARRARA,42.560001,12.650830,128.0
IT1016A,MILANO - SENATO,45.469723,9.198056,122.0
IT1026A,IT1026A,44.572777,8.946389,
IT1029A,IT1029A,44.355560,11.720280,
IT1034A,IT1034A,45.660831,9.156940,
IT1037A,TRENTO PSC,46.062931,11.126200,203.0
IT1041A,IT1041A,40.695358,14.777510,
IT1043A,MARECCHIA,44.062500,12.553333,6.0
IT1044A,FLAMINIA,44.052219,12.575560,3.0
IT1048A,PARCO RESISTENZA,44.219166,12.048889,29.0
IT1065A,BASSANO DEL GRAPPA,45.760834,11.736667,114.0
IT1071A,PI-SANTA-CROCE-COOP,43.713055,10.771667,16.0
IT1076A,IT1076A,38.120541,13.302198,
IT1078A,IT1078A,38.111034,13.350252,
IT1079A,IT1079A,38.124382,13.354215,
IT1090A,IT1090A,45.623192,13.787457,
IT1097A,Brugnera - via Villa Varda,45.898609,12.536390,21.0
IT1104A,PAVIA - P.ZZA MINERVA,45.185555,9.146944,77.0
IT1105A,IT1105A,44.788330,10.336670,
IT1110A,PI-PASSI,43.738888,10.401667,5.0
IT1112A,IT1112A,45.957779,12.618611,
IT1114A,Susa - Repubblica,45.139099,7.050100,499.0
IT1120A,Orbassano - Gozzano,45.006901,7.549600,268.0
IT1121A,Druento - La Mandria,45.175800,7.560200,335.0
IT1125A,Vinovo - Volontari,44.951302,7.636200,231.0
IT1128A,Borgaro T. - Caduti,45.154598,7.658000,257.0
IT1130A,Settimo T. - Vivaldi,45.143200,7.778200,202.0
IT1143A,VIA AURELIA - VIA FERRARIS - VADO L.,44.272530,8.438889,
IT1144A,IT1144A,44.293888,8.411389,
IT1145A,CORSO RICCI - SAVONA,44.312778,8.473056,12.0
IT1149A,PI-MONTECERBOLI,43.247780,10.881667,353.0
IT1152A,REMESINA,44.799431,10.883650,25.0
IT1153A,CREMONA - P.ZZA CADORNA,45.132778,10.016667,45.0
IT1159A,PORTA SAN FELICE,44.499722,11.328330,54.0
IT1163A,SAN LAZZARO,44.472221,11.416390,64.0
IT1166A,Tolmezzo - IFS,46.401871,13.010983,316.0
IT1168A,IT1168A,45.973331,13.393333,
IT1170A,IT1170A,46.035000,13.225278,
IT1172A,IT1172A,45.466389,11.387222,
IT1174A,MOTTA VISCONTI,45.282780,8.989444,100.0
IT1176A,L.GO PERESTRELLO,41.886112,12.541667,28.0
IT1177A,VI - Quartiere Italia,45.560555,11.539722,36.0
IT1179A,GHERARDI,44.839722,11.961111,-2.0
IT1180A,CORTONESE,43.103062,12.366110,290.0
IT1182A,P.S.GIOVANNI,43.088890,12.441940,197.0
IT1183A,IT1183A,41.490002,13.830560,
IT1184A,LATINA SCALO,41.531387,12.946111,15.0
IT1186A,LU-VIAREGGIO,43.883888,10.245000,3.0
IT1187A,LU-CAPANNORI,43.840832,10.573889,10.0
IT1190A,IT1190A,46.131672,9.566390,
IT1191A,MONTE GAZA,46.082531,10.958040,1601.0
IT1192A,CARCARE,44.365276,8.290110,350.0
IT1193A,MELFI,40.984100,15.639965,561.0
IT1200A,FROSINONE SCALO,41.619999,13.330830,162.0
IT1203A,ARCONATE,45.546669,8.848610,184.0
IT1204A,CAORLE,44.419998,12.225556,4.0
IT1208A,PE - VIA SACCO,42.451939,14.197500,8.0
IT1213A,ADRIA,45.046669,12.061940,4.0
IT1214A,RO - Borsea,45.039722,11.791111,3.0
IT1215A,RO - Largo Martiri,45.074718,11.783330,7.0
IT1220A,IT1220A,39.080559,8.454720,
IT1222A,SAN DONA' DI PIAVE,45.630280,12.591667,3.0
IT1232A,IT1232A,44.382408,8.280556,
IT1243A,CENS12,40.710281,8.551390,192.0
IT1246A,IT1246A,45.569000,8.187600,
IT1247A,IT1247A,45.558800,8.056400,
IT1251A,BRESCIA - VIA TURATI,45.538609,10.231940,170.0
IT1259A,IT1259A,46.220833,13.066667,
IT1264A,PE - VIA FIRENZE,42.466389,14.213060,9.0
IT1269A,CENSA2,39.070000,9.016667,22.0
IT1270A,IT1270A,39.081669,9.012222,
IT1273A,CENPS4,39.208611,8.390000,18.0
IT1277A,CENSN1,40.575001,9.694440,39.0
IT1278A,IT1278A,39.238335,8.983889,
IT1280A,IT1280A,39.929443,9.680556,
IT1286A,LODI Vignati,45.305279,9.485556,80.0
IT1287A,IT1287A,45.158611,9.698333,
IT1288A,ABBADIA CERRETO,45.308609,9.586110,64.0
IT1290A,S. GIULIANO,45.395279,9.282780,97.0
IT1294A,IT1294A,45.525829,8.736670,
IT1307A,IT1307A,39.383331,8.941390,
IT1309A,CENS10,40.928333,9.501667,15.0
IT1328A,CONEGLIANO,45.890556,12.308056,72.0
IT1334A,BZ5 Bolzano,46.495468,11.339969,260.0
IT1335A,IT1335A,46.661999,11.161630,
IT1336A,VR - Borgo Milano,45.445278,10.963890,62.0
IT1340A,SAN BONIFACIO,45.400002,11.286110,30.0
IT1346A,IT1346A,37.091251,15.286222,
IT1347A,CENSS3,40.814999,8.360278,15.0
IT1348A,IT1348A,37.067768,15.285331,
IT1350A,IT1350A,40.729721,8.553610,
IT1361A,VIA MONTEGRAPPA,43.839722,13.018610,20.0
IT1365A,BORGO RIVO,42.581940,12.623610,156.0
IT1375A,CENNM1,39.443611,9.015278,124.0
IT1377A,IT1377A,39.909168,8.594720,
IT1378A,IT1378A,39.898891,8.597780,
IT1383A,CENSS4,40.831944,8.393889,18.0
IT1385A,IT1385A,45.873890,10.177500,
IT1388A,PONTI SUL MINCIO,45.410831,10.691940,113.0
IT1392A,IT1392A,45.051392,11.204440,
IT1396A,IT1396A,39.208611,8.386111,
IT1397A,CENAS8,39.226944,8.995833,9.0
IT1407A,CENOT3,40.237221,9.032500,181.0
IT1409A,PI-BORGHETTO,43.713890,10.410560,5.0
IT1420A,ATESSA,42.141670,14.441110,61.0
IT1423A,PE - TEATRO D'ANNUNZIO,42.456390,14.234720,4.0
IT1427A,IT1427A,40.318890,9.328890,
IT1428A,IT1428A,40.320557,9.321667,
IT1440A,SR - Belvedere,37.093971,15.208712,150.0
IT1449A,a2a - San Filippo del Mela,38.174625,15.271443,50.0
IT1451A,SAN PIETRO CAPOFIUME,44.662224,11.639444,11.0
IT1453A,IT1453A,45.371944,11.841944,
IT1456A,SAN CIPRIANO - LIBERTA - LA SPEZIA,44.112778,9.832778,2.0
IT1457A,IT1457A,44.101665,9.818611,
IT1459A,BUSTO ARSIZIO - ACCAM,45.582886,8.834493,206.0
IT1463A,OSIO SOTTO,45.620583,9.611544,182.0
IT1464A,CASIRATE D'ADDA,45.497501,9.556389,115.0
IT1475A,IT1475A,45.624207,13.780260,
IT1486A,CE51 ISTITUTO MANZONI,41.084438,14.344720,68.0
IT1487A,IT1487A,41.077950,14.331220,
IT1488A,CE54 SCUOLA SETTEMBRINI,41.045921,14.378090,71.0
IT1491A,NA07 ENTE FERROVIE,40.853611,14.271670,13.0
IT1493A,NA09 I.T.I.S. ARGINE,40.864269,14.341080,33.0
IT1495A,NA08 OSPEDALE NUOVO PELLEGRINI,40.872341,14.275470,143.0
IT1496A,NA02 OSPEDALE SANTOBONO,40.849361,14.231110,173.0
IT1497A,NA01 OSSERVATORIO ASTRONOMICO,40.863689,14.254510,145.0
IT1504A,SA22 Ospedale via Vernieri,40.683891,14.769720,35.0
IT1509A,Cerano - Bagno,45.409698,8.786100,124.0
IT1510A,Verbania - Gabardi,45.930302,8.565500,203.0
IT1518A,IT1518A,45.438301,8.620600,
IT1519A,Saliceto - Moizo,44.412201,8.169500,392.0
IT1523A,Asti - D'Acquisto,44.908901,8.205500,150.0
IT1524A,Alba - Tanaro,44.703701,8.033300,164.0
IT1529A,IT1529A,44.381802,7.538200,
IT1532A,Borgosesia - Tonella,45.713200,8.283500,344.0
IT1533A,Vercelli - Gastaldi,45.328400,8.415100,130.0
IT1535A,LEGNAGO,45.183613,11.311389,25.0
IT1536A,MAGGIOLINA - LA SPEZIA,44.117779,9.842778,6.0
IT1538A,IT1538A,45.810009,13.528861,
IT1544A,FOSSAMASTRA - LA SPEZIA,44.106667,9.857778,3.0
IT1546A,IT1546A,44.064720,9.838889,
IT1547A,IT1547A,44.128613,9.865833,
IT1548A,IT1548A,0.000397,0.000089,
IT1549A,CAMPORA - CAMPOMORONE,44.518608,8.873890,120.0
IT1551A,FI-SCANDICCI,43.756939,11.192780,45.0
IT1552A,IT1552A,38.121681,13.329306,
IT1553A,PT-MONTALE,43.916111,11.006940,48.0
IT1557A,LI-CAPPIELLO,43.520000,10.321667,13.0
IT1560A,LI-CARDUCCI,43.554722,10.329720,9.0
IT1571A,PT-SIGNORELLI,43.940830,10.905280,80.0
IT1575A,CENPS6,39.177219,8.430280,16.0
IT1576A,CENPS7,39.203335,8.386111,25.0
IT1578A,VIA SCARPELLINI,43.893330,12.918890,20.0
IT1583A,POTENZA - VIALE FIRENZE,40.649208,15.795198,742.0
IT1585A,POTENZA - VIALE UNICEF,40.627876,15.796423,673.0
IT1586A,POTENZA - C.DA ROSSELLINO,40.625408,15.811729,705.0
IT1587A,IT1587A,45.937012,13.616333,
IT1588A,VARESE - VIA COPELLI,45.816944,8.820278,388.0
IT1590A,IT1590A,45.672501,12.238611,
IT1592A,GR-SONNINO,42.762501,11.110000,10.0
IT1593A,GR-URSS,42.778610,11.119170,10.0
IT1594A,IT1594A,46.141388,12.216944,
IT1596A,MANSUE',45.836945,12.510278,14.0
IT1598A,Manfredonia VIA DEI MANDORLI,41.628330,15.909440,20.0
IT1601A,Monte S. Angelo SUOLO CIUFFREDA,41.665279,15.945000,30.0
IT1603A,molfetta VERDI,41.200279,16.605000,10.0
IT1606A,Caldarola,41.113609,16.888056,10.0
IT1607A,taranto WIND,40.526112,17.173611,10.0
IT1608A,STATTE,40.562500,17.203329,10.0
IT1609A,Taranto CISI,40.521111,17.253599,10.0
IT1610A,taranto SAN VITO,40.423328,17.225281,10.0
IT1611A,taranto MACHIAVELLI,40.488609,17.225830,10.0
IT1613A,taranto ADIGE,40.460556,17.263330,10.0
IT1614A,TALSANO,40.411942,17.283890,10.0
IT1617A,IT1617A,40.423328,17.846390,
IT1618A,Brindisi VIA TARANTO,40.634167,17.947769,10.0
IT1619A,AREA FELTRINA,46.030834,11.905833,263.0
IT1621A,CAVOUR,41.123333,16.873333,10.0
IT1624A,KENNEDY,41.100555,16.859722,10.0
IT1644A,LU-CARIGNANO,43.868889,10.453610,120.0
IT1646A,IT1646A,45.081993,9.713890,
IT1648A,IT1648A,45.727219,9.125830,
IT1650A,SARONNO - SANTUARIO,45.626945,9.024167,212.0
IT1654A,PO-ROMA,43.872780,11.091940,54.0
IT1657A,IT1657A,40.485561,18.005560,
IT1658A,TORCHIAROLO,40.488060,18.053610,10.0
IT1660A,Taranto ARCHIMEDE,40.494438,17.233061,10.0
IT1661A,IT1661A,44.154720,9.918611,
IT1662A,CHIAPPA - LA SPEZIA,44.123611,9.798611,20.0
IT1663A,Mesagne,40.565559,17.808331,10.0
IT1664A,GUAGNANO - villa baldassarri,40.418522,17.964470,10.0
IT1665A,LECCE - S. M. Cerrate,40.458889,18.116110,10.0
IT1666A,Campi Salentina,40.404442,18.029720,10.0
IT1670A,FRANCHINI ANGELONI,44.139168,12.239167,37.0
IT1672A,FEBBIO,44.299721,10.430278,1120.0
IT1674A,Potenza - S.L.Branca,40.643894,15.872893,720.0
IT1676A,Novara - Roma,45.440300,8.619700,157.0
IT1679A,IT1679A,40.537781,17.423889,
IT1680A,Martina Franca,40.700829,17.331940,400.0
IT1681A,AR-CASA-STABBI,43.660278,11.901670,650.0
IT1687A,ARNESANO - Riesci,40.346272,18.095070,10.0
IT1692A,MILANO PASCAL CITT� STUDI,45.478329,9.235830,122.0
IT1694A,IT1694A,43.343891,12.909440,
IT1696A,LS1 Laives,46.434830,11.340140,230.0
IT1698A,CORSO EUROPA - VIA S. MARTINO - GENOVA,44.404919,8.968056,50.0
IT1701A,brindisi VIA DEI MILLE,40.638062,17.938330,10.0
IT1702A,IT1702A,40.650829,17.943609,
IT1704A,brindisi SISRI,40.620281,17.978060,10.0
IT1718A,IT1718A,37.515808,15.097211,
IT1728A,IT1728A,42.552219,12.651670,
IT1734A,VALMADRERA,45.840832,9.348890,237.0
IT1735A,VOGHERA - VIA POZZONI,45.000278,9.009444,90.0
IT1736A,CORNALE,45.040833,8.915000,74.0
IT1737A,BRESCIA VILLAGGIO SERENO,45.515278,10.219444,70.0
IT1739A,IT1739A,45.142223,10.045833,
IT1740A,San Nicola di Melfi,41.067055,15.722746,187.0
IT1741A,Ferrandina,40.485847,16.496208,63.0
IT1742A,Viggiano,40.314068,15.904580,604.0
IT1743A,MONZA - VIA  MACHIAVELLI,45.581108,9.274440,162.0
IT1744A,La Martella,40.686653,16.547146,245.0
IT1745A,IT1745A,42.744720,12.713330,
IT1746A,FERRERA ERBOGNONE - Eni,45.114445,8.875000,88.0
IT1751A,SARISSOLA - BUSALLA,44.573891,8.951111,400.0
IT1753A,CAMPOBASSO1,41.557777,14.663333,686.0
IT1766A,Firmo,39.713760,16.193970,325.0
IT1771A,PARCO FERRARI,44.650612,10.906330,34.0
IT1773A,Genga -Parco Gola della Rossa,43.468060,12.952220,550.0
IT1788A,Ivrea - Liberazione,45.451199,7.878000,240.0
IT1790A,PIEVE D'ALPAGO,46.162498,12.360833,615.0
IT1791A,ASIAGO - CIMA EKAR,45.848331,11.569167,1366.0
IT1792A,CASSANO VIA MILANO,45.528057,9.503333,133.0
IT1794A,Pace del Mela,38.205555,15.310064,10.0
IT1795A,Macerata COLLEVARIO,43.285000,13.428610,225.0
IT1796A,IT1796A,43.335560,13.674720,
IT1798A,CAMPOBASSO3,41.554169,14.674722,650.0
IT1799A,IT1799A,41.566944,14.672778,
IT1800A,TERMOLI1,42.001110,14.993610,24.0
IT1801A,IT1801A,41.998055,14.993333,
IT1802A,ISERNIA1,41.597221,14.233610,472.0
IT1804A,VENAFRO1,41.484169,14.047220,182.0
IT1806A,GUARDIAREGIA,41.418888,14.525556,884.0
IT1812A,MOGGIO,45.913055,9.496944,1192.0
IT1817A,MONOPOLI,40.956669,17.290279,10.0
IT1818A,IT1818A,40.827782,16.560280,
IT1819A,MS-COLOMBAROTTO,44.078335,10.097222,98.0
IT1822A,ANDRIA,41.231670,16.291670,10.0
IT1823A,IT1823A,40.953331,16.919720,
IT1826A,LECCO VIA SORA,45.849445,9.395833,267.0
IT1827A,Ancona Cittadella,43.611671,13.508610,100.0
IT1829A,IT1829A,38.198257,15.552935,
IT1830A,Alessandria - Volta,44.920300,8.623200,91.0
IT1833A,CHIAMPO,45.536362,11.293281,200.0
IT1834A,TIBURTINA,41.910278,12.548890,26.0
IT1835A,IT1835A,41.947777,12.533611,
IT1836A,CIPRO,41.906387,12.447500,24.0
IT1837A,FERMI,41.864170,12.469440,17.0
IT1838A,VI - San Felice,45.545830,11.534170,35.0
IT1841A,CIAMPINO,41.797779,12.606940,134.0
IT1842A,IT1842A,42.900558,13.336670,
IT1843A,MONTICELLI,42.848610,13.619440,150.0
IT1847A,Oulx - Roma,45.034801,6.835900,1077.0
IT1848A,BOSCOCHIESANUOVA,45.590000,11.037780,824.0
IT1850A,IT1850A,44.462776,8.901389,
IT1852A,IT1852A,46.267330,11.227110,
IT1856A,AQ - Amiternum,42.364170,13.383060,673.0
IT1857A,TE - Porta Madonna,42.657219,13.709440,257.0
IT1859A,TRENTO VBZ,46.104340,11.110230,197.0
IT1860A,Piazza Vittoria,42.739719,12.737220,319.0
IT1862A,IT1862A,45.490280,12.218330,
IT1863A,VASTOGIRARDI,41.759445,14.208889,954.0
IT1865A,SCHIVENOGLIA,44.996941,11.070830,16.0
IT1868A,MANTOVA SANT'AGNESE,45.160557,10.795556,22.0
IT1869A,MANTOVA - piazza GRAMSCI,45.164440,10.781940,19.0
IT1870A,PARCO COLLI EUGANEI,45.290001,11.643056,18.0
IT1871A,IT1871A,45.226665,11.665833,
IT1873A,IT1873A,45.616669,8.750000,
IT1874A,PARONA,45.281109,8.754720,6.0
IT1876A,CALUSCO,45.683334,9.466667,273.0
IT1877A,Torino - Rubino,45.041901,7.625900,260.0
IT1878A,Vercelli - CONI,45.318901,8.402400,131.0
IT1880A,PD - Arcella,45.433331,11.890560,11.0
IT1883A,VARALDO - SAVONA,44.315277,8.485556,55.0
IT1884A,CORSO BUENOS AIRES - GENOVA,44.403057,8.950130,7.0
IT1886A,IT1886A,44.110130,9.815833,
IT1887A,IT1887A,44.413891,8.911944,
IT1888A,Partinico,38.050163,13.118590,187.0
IT1889A,Termini Imerese,37.977913,13.687987,101.0
IT1890A,Enna,37.564125,14.281463,925.0
IT1894A,RIPATRANSONE,42.992222,13.784720,412.0
IT1895A,Pisticci,40.420376,16.548431,55.0
IT1897A,Lavello,41.046001,15.787626,319.0
IT1898A,Trapani,38.012363,12.546894,40.0
IT1899A,IT1899A,37.515713,15.010788,
IT1900A,IT1900A,42.951672,12.707780,
IT1901A,IT1901A,43.352779,12.576390,
IT1902A,BRUFA,43.066940,12.468060,209.0
IT1903A,Asti - Baussano,44.894199,8.197500,119.0
IT1904A,Dernice - Costa,44.763302,9.052400,620.0
IT1905A,VI - Ferrovieri,45.531944,11.521944,33.0
IT1906A,ARENULA,41.893890,12.475278,17.0
IT1908A,SAVIGNANO,44.095833,12.402500,32.0
IT1910A,SARAGAT,44.926109,10.370833,30.0
IT1911A,BADIA,44.657501,10.288889,202.0
IT1914A,SAN ROCCO,44.873055,10.663889,22.0
IT1915A,SAN CLEMENTE,43.932777,12.627500,165.0
IT1916A,VERUCCHIO,44.013058,12.420000,78.0
IT1917A,CENTO,44.738335,11.299722,16.0
IT1918A,VILLA FULVIA,44.825001,11.649722,9.0
IT1919A,OSTELLATO,44.741669,11.942222,
IT1920A,IT1920A,44.541210,10.818900,
IT1921A,GAVELLO,44.927841,11.177950,4.0
IT1923A,GIORDANI FARNESE,45.048889,9.693330,61.0
IT1924A,BESENZONE,44.989445,10.019167,48.0
IT1927A,BALLIRANA,44.526485,11.981381,1.0
IT1928A,DELTA CERVIA,44.283890,12.332222,
IT1930A,PIANA ROTALIANA,46.196838,11.113430,227.0
IT1932A,GARIGLIANO,40.364441,18.173059,58.0
IT1934A,VE - Via Beccaria,45.475559,12.220830,2.0
IT1936A,VE - Malcontenta,45.438332,12.205556,1.0
IT1938A,Città dei ragazzi,39.313400,16.245171,230.0
IT1940A,Locri,38.229759,16.255180,11.0
IT1942A,GR-MAREMMA,42.670559,11.094170,40.0
IT1943A,IT1943A,44.314941,9.323611,
IT1947A,CENSA3,39.066666,9.008889,56.0
IT1948A,Vinchio - San Michele,44.807999,8.310300,258.0
IT1953A,La Porta,40.168049,18.173611,50.0
IT1961A,Baceno - Alpe Devero,46.314800,8.255900,1639.0
IT1962A,VENAFRO2,41.478889,14.033333,170.0
IT1963A,Ceresole Reale - Diga,45.430199,7.245400,1576.0
IT1964A,BERTONICO,45.235001,9.666940,63.0
IT1965A,LODI S.ALBERTO,45.302788,9.495286,76.0
IT1967A,SONDRIO - VIA PARIBELLI,46.168610,9.880280,290.0
IT1975A,PARCO MONTECUCCO,45.038334,9.669167,61.0
IT1977A,MONTESILVANO,42.517502,14.148330,5.0
IT1989A,Piazza Castello,38.105911,15.645240,40.0
IT1992A,IT1992A,39.311111,8.541389,
IT1993A,CENMO1,39.260555,9.136389,15.0
IT1994A,IT1994A,39.546669,8.794170,
IT1996A,CENMA1,40.256390,8.773056,532.0
IT1997A,Milazzo - Termica,38.190609,15.249112,28.0
IT1998A,IT1998A,39.224167,8.432500,
IT1999A,IT1999A,44.427509,8.830278,
IT2003A,stadio casardi,41.316669,16.286110,15.0
IT2004A,FONTIVEGGE1,43.104439,12.374720,305.0
IT2005A,CEOLB1,40.927502,9.491667,17.0
IT2006A,CENCB2,39.165558,8.521389,96.0
IT2007A,IT2007A,45.809444,9.222778,
IT2008A,CESGI1,39.885277,8.605278,4.0
IT2009A,CENS16,40.724442,8.576110,275.0
IT2010A,CENPT1,40.831390,8.405278,16.0
IT2011A,CENSE0,39.842499,9.216389,736.0
IT2012A,MALAGROTTA,41.875557,12.345000,62.0
IT2013A,FROSINONE MAZZINI,41.638889,13.323333,242.0
IT2014A,PERLEDO,46.015835,9.286111,211.0
IT2018A,Filzi,40.527500,17.587500,139.0
IT2019A,Rosati,41.453892,15.547780,76.0
IT2021A,Massafra,40.591942,17.115829,118.0
IT2022A,PROPATA,44.564720,9.184870,965.0
IT2023A,ACQUAPENDENTE,42.744720,11.865000,436.0
IT2026A,Polistena,38.399860,16.070221,224.0
IT2027A,SAVIGNANO DI RIGO,43.927502,12.224722,615.0
IT2028A,Villa Comunale,38.104950,15.638790,20.0
IT2031A,Gioacchino da Fiore (via),39.068081,17.114170,37.0
IT2032A,SI-POGGIBONSI,43.472778,11.141940,105.0
IT2033A,RG - Campo Atletica,36.917118,14.734022,501.0
IT2036A,IT2036A,36.926331,14.714509,
IT2038A,IT2038A,44.051945,8.206944,
IT2039A,CAMPO SPORTIVO MACERA - RAPALLO,44.351665,9.222610,2.8
IT2040A,CENQU1,39.232777,9.188056,8.0
IT2044A,LIBERTINI,40.351940,18.176670,50.0
IT2049A,CENAS9,39.286388,9.011389,5.0
IT2051A,Carbonara,41.076942,16.865833,130.0
IT2052A,CT - Parco Gioeni,37.529259,15.081122,135.0
IT2055A,IT2055A,40.716667,8.569167,
IT2056A,CENCA1,39.235832,9.115000,33.0
IT2058A,CUS,41.134701,16.845261,5.0
IT2059A,CEALG1,40.553333,8.324722,25.0
IT2060A,IT2060A,40.809166,8.275278,
IT2061A,URBINO - LOC.PIANSEVERO - Via Neruda,43.730560,12.636390,380.0
IT2062A,DALMiNE - Via Verdi,45.643890,9.614720,207.0
IT2063A,SPINADESCO,45.148335,9.940278,48.0
IT2064A,Ghigiano,43.273888,12.611667,516.0
IT2066A,Leonardo da Vinci,43.358334,12.557222,475.0
IT2067A,Padule,43.317780,12.618611,498.0
IT2071A,ALTA PADOVANA,45.600277,11.902222,25.0
IT2072A,BADIA POLESINE,45.103889,11.553333,6.0
IT2073A,PARCO EDILCARANI,44.539440,10.791390,118.0
IT2074A,CORTE BRUGNATELLA,44.734730,9.366930,765.0
IT2075A,VIA CHIARINI,44.500000,11.286111,56.0
IT2078A,Pietropaolo,38.870499,16.669210,82.0
IT2079A,VIGEVANO - VIA VALLETTA,45.304443,8.845833,109.0
IT2086A,Università,39.338928,16.243340,223.0
IT2087A,Municipio,38.959549,16.295170,140.0
IT2088A,Tribunale,39.079731,17.122850,15.0
IT2089A,Parco della biodiversità mediterranea,38.918289,16.579250,370.0
IT2090A,IT2090A,39.651760,16.546770,
IT2091A,Santa Maria,38.868980,16.608320,87.0
IT2092A,Via Argentaria,38.675800,16.098249,479.0
IT2093A,Parco Urbano,38.664581,16.080240,467.0
IT2094A,Mammola,38.390919,16.234520,660.0
IT2096A,BZ6 Bolzano,46.499168,11.341970,260.0
IT2097A,CASTELLUCCIO,44.150002,10.926111,811.0
IT2098A,MONZA PARCO,45.602219,9.276110,181.0
IT2100A,Magione,43.133057,12.205833,242.0
IT2101A,Chieri - Bersezio,45.002800,7.837500,271.0
IT2102A,IT2102A,45.898800,8.415700,
IT2104A,Trivero - Ronco,45.664200,8.159800,666.0
IT2105A,C Castello,43.456944,12.245833,284.0
IT2107A,LOCALITA' MAZZUCCA - CAIRO MONTENOTTE,44.383331,8.283889,343.0
IT2108A,LOCALITA' BRAGNO - CAIRO MONTENOTTE,44.375000,8.298611,344.0
IT2109A,IT2109A,42.551945,12.419722,
IT2110A,Acri,39.489632,16.386801,758.0
IT2111A,Martirano Lombardo,39.074970,16.231449,518.0
IT2112A,Rocca di Neto,39.187519,17.010340,71.0
IT2113A,IT2113A,42.737221,12.136667,
IT2114A,Semonte Alta,43.367500,12.546944,623.0
IT2115A,IT2115A,45.856926,12.925898,
IT2116A,Cigliano-Autostrada,45.294800,8.043400,211.0
IT2117A,Leinì (ACEA) - Grande Torino,45.176300,7.711600,246.0
IT2118A,Mondovì Aragno,44.401798,7.814600,409.0
IT2119A,Revello - Staffarda,44.719700,7.426200,268.0
IT2121A,Borgomanero - Molli,45.689400,8.458400,301.0
IT2128A,Domodossola - Curotti,46.127602,8.292100,281.0
IT2129A,Monfalcone - via Natisone,45.805279,13.521940,5.0
IT2130A,Doberd? d.L. - via Vallone,45.842991,13.543060,114.0
IT2131A,Fossalon - via Eraclea,45.739719,13.476390,
IT2132A,Vermegliano - via Mostegane,45.840561,13.498330,10.0
IT2133A,Fiumicello - via Brancolo,45.799477,13.423286,4.0
IT2134A,Narni Scalo,42.534168,12.521940,95.0
IT2137A,PERRINO,40.631390,17.954720,20.0
IT2139A,TERMINAL PASSEGGERI,40.645828,17.960550,20.0
IT2140A,IT2140A,46.070831,13.229720,
IT2142A,Azienda Russo,41.546661,15.440830,150.0
IT2143A,Monopoli Italgreen,40.961391,17.284170,15.0
IT2144A,EN02 - ass. ecologia,41.107777,16.766111,40.0
IT2145A,EN03 - VIGILI URBANI,41.087219,16.781670,55.0
IT2146A,EN04 - SAN PAOLO,41.114441,16.787781,35.0
IT2148A,Ceglie Messapica,40.649170,17.512501,100.0
IT2149A,Cisternino,40.742779,17.415831,200.0
IT2150A,Surbo ENEL,40.403332,18.125000,100.0
IT2151A,Torchiarolo ENEL,40.489441,18.047220,50.0
IT2152A,IT2152A,45.821991,13.271396,
IT2153A,FI-SIGNA,43.793060,11.097780,41.0
IT2154A,IT2154A,42.931938,10.524170,
IT2155A,IT2155A,44.397263,8.206478,
IT2156A,TIMAVO,44.700279,10.622778,59.0
IT2158A,SAN LEO,43.908054,12.401667,540.0
IT2159A,San Gregorio,42.330002,13.489440,584.0
IT2160A,Arischia,42.412781,13.350830,794.0
IT2161A,Castel di Sangro,41.779442,14.103610,803.0
IT2162A,Gammarana,42.665562,13.726110,228.0
IT2163A,Parco Nazionale Maiella,42.119438,14.028890,913.0
IT2164A,ASL CEPAGATTI,42.358059,14.067780,132.0
IT2165A,Villa Caldari,42.293060,14.355830,201.0
IT2166A,Scuola Antonelli,42.346111,14.137780,50.0
IT2167A,Francavilla,42.421391,14.279170,6.0
IT2168A,Torino Lingotto,0.000404,0.000069,243.0
IT2169A,IT2169A,45.842075,13.301966,
IT2170A,IT2170A,45.810783,13.262128,
IT2171A,Civitavecchia- via Roma,42.094170,11.795560,20.0
IT2172A,Civitavecchia- Villa Albani,42.099442,11.798060,33.0
IT2173A,Gaeta Porto,41.223061,13.570280,3.0
IT2174A,Latina De Chirico,41.451122,12.891711,21.0
IT2175A,Civita Castellana via Petrarca,42.301811,12.413190,145.0
IT2177A,San Benedetto del Tronto,42.944439,13.879440,7.0
IT2182A,IT2182A,46.510075,13.474728,
IT2183A,LI-LA-PIRA,43.568901,10.332700,8.0
IT2184A,SI-BRACCI,43.337799,11.325000,316.0
IT2200A,IT2200A,45.950920,12.501680,
IT2201A,IT2201A,45.962624,12.655944,
IT2202A,GRUMENTO 3,40.288391,15.891430,735.0
IT2203A,VIGGIANO 1,40.334862,15.900698,820.0
IT2204A,VIGGIANO - MASSERIA DE BLASIIS,40.324234,15.867364,603.0
IT2205A,VIGGIANO - COSTA MOLINA SUD 1,40.315620,15.954800,690.0
IT2206A,Gela - Biviere,37.022488,14.344965,
IT2207A,Gela - Capo Soprano,37.075691,14.223844,
IT2209A,PARCO BERTOZZI,44.285610,11.873396,35.0
IT2210A,Solofra Zona Industriale,40.835548,14.824590,303.0
IT2211A,Acerra Zona Industriale,40.979710,14.401000,29.0
IT2212A,San Vitaliano Scuola Elementare Marconi,40.924309,14.481330,31.0
IT2213A,Cava de' Tirreni Stadio,40.710991,14.702440,191.0
IT2214A,Nocera Inferiore scuola Solimene,40.740398,14.643450,48.0
IT2215A,Benevento Zona Industriale,41.146912,14.836140,128.0
IT2216A,Casoria Scuola Palizzi (CAM),40.914631,14.298660,57.0
IT2217A,Torre Annunziata Scuola Media Pascoli,40.760601,14.438150,45.0
IT2218A,San Felice a Cancello Complesso scolastico,40.990520,14.423970,39.0
IT2219A,Acerra scuola Caporale,40.941078,14.369810,27.0
IT2220A,Pignataro,41.168571,14.150790,45.0
IT2221A,Tirrenopower Via Epomeo,40.844952,14.205670,83.0
IT2222A,Sparanise,41.185291,14.092150,59.0
IT2223A,Tirrenopower Volla,40.886398,14.349980,20.0
IT2224A,Teverola SET,40.990959,14.202750,29.0
IT2225A,Marcianise SET,40.995129,14.287040,21.0
IT2226A,Pomigliano d'Arco Area ASI,40.920872,14.389460,29.0
IT2227A,Avellino Scuola Alighieri,40.918819,14.785530,357.0
IT2228A,Benevento Campo Sportivo,41.115749,14.779980,125.0
IT2229A,LARGO PERTINI - SARZANA,44.110939,9.955030,25.0
IT2230A,VIADANA,44.924671,10.517200,26.0
IT2231A,TV - Strada S. Agnese,45.658772,12.216100,15.0
IT2232A,IT2232A,45.547600,9.166980,
IT2233A,Aosta Liconi,45.734306,7.329645,583.0
IT2234A,IT2234A,45.730659,7.329645,
IT2239A,LU-FORNOLI,44.005550,10.559880,130.0
IT2240A,LU-SAN-CONCORDIO,43.832809,10.500480,13.0
IT2241A,MS-MARINA-VECCHIA,44.031101,10.132760,42.0
IT2242A,FI-FIGLINE,43.623032,11.466940,121.0
IT2243A,VR- Giarol Grande,45.433010,11.030096,48.0
IT2245A,IT2245A,46.143757,12.212780,
IT2246A,Fiumicino Porto,41.774849,12.223413,3.0
IT2247A,Villa Guglielmi,41.768188,12.237048,2.0
IT2248A,IT2248A,42.137341,11.793160,
IT2249A,S. Agostino,42.159950,11.742630,11.0
IT2250A,Fiumaretta,42.102161,11.784360,3.0
IT2251A,Faro,42.098900,11.817690,124.0
IT2252A,Campo dell'Oro,42.081825,11.809336,19.0
IT2253A,IT2253A,42.073608,11.815920,
IT2254A,Allumiere Aldo Moro,42.160969,11.900020,465.0
IT2255A,IT2255A,42.152229,11.935830,
IT2257A,IT2257A,42.268559,11.910910,
IT2259A,VIA UNGARETTI - PEGLI - GENOVA,44.428398,8.797680,50.0
IT2260A,Trieste - Sincrotrone,45.647305,13.854972,366.0
IT2261A,Trieste - P.zza Volontari Giuliani,45.654388,13.788947,24.0
IT2262A,Trieste - P.zza Carlo Alberto,45.642319,13.756047,26.0
IT2263A,IT2263A,45.620621,13.783761,
IT2264A,Civitavecchia Porto,42.097050,11.788350,9.0
IT2265A,Civitavecchia via Morandi,42.086803,11.806498,22.0
IT2268A,Battipaglia parco fiume,40.611069,14.975840,70.0
IT2269A,Parco Mercatello,40.661419,14.804490,11.0
IT2270A,Portici parco reggia,40.815880,14.349270,75.0
IT2271A,Aversa scuola Cirillo,40.975479,14.211400,38.0
IT2272A,Pozzuoli Villa Avellino,40.822910,14.122540,39.0
IT2273A,Polla Area tritovagliatore,40.487011,15.528250,445.0
IT2274A,Porto Empedocle,37.291893,13.532537,
IT2275A,ME - Villa Dante,38.174339,15.546512,
IT2276A,Villa Comunale,41.156040,15.096750,792.0
IT2277A,Parco Virgiliano,40.798889,14.179410,150.0
IT2278A,IT2278A,44.332920,8.511960,
IT2279A,AB3 Autostrada del Brennero A22,46.687561,11.633310,570.0
IT2280A,IT2280A,45.640488,13.766081,
IT2281A,IT2281A,37.299286,13.600361,
IT2284A,AOSTA I maggio,45.733059,7.323060,583.0
IT2286A,VIA DE LITTA - VADO LIGURE,44.261799,8.445650,10.0
IT2287A,IT2287A,38.130695,13.346531,
IT2288A,a2a - Milazzo,38.231468,15.247567,10.0
IT2289A,LABORATORIO MOBILE,43.605900,13.492300,5.0
IT2290A,GuardiaPerticara 1,40.364037,16.097536,720.0
IT2291A,IT2291A,40.620464,16.147442,
LT00001,LT00001,54.677624,25.285187,
LT00002,"""Vilnius - Lazdynai""",54.686111,25.210835,170.0
LT00003,LT00003,54.715279,25.289444,
LT00004,"""Vilnius - Savanoriu""",54.673332,25.248903,124.0
LT00012,"""Panevezys - Centras""",55.724998,24.365570,52.0
LT00021,LT00021,56.319439,22.870840,
LT00022,LT00022,55.937836,23.308027,
LT00023,LT00023,56.309723,22.331390,
LT00031,"""Klaipeda - Centras""",55.707779,21.141111,6.0
LT00033,"""Klaipeda - Silutes""",55.689999,21.179461,12.0
LT00041,"""Kaunas - Petrasiunai""",54.895126,23.986221,31.0
LT00042,LT00042,55.072224,24.283894,
LT00043,LT00043,55.279999,23.957781,
LT00044,"""Kaunas - Noreikiskes""",54.883614,23.835835,73.0
LT00051,"""Aukstaitija""",55.463333,26.004169,180.0
LT00052,"""Dzukija N""",54.092499,24.289728,130.0
LT00053,LT00053,56.008335,21.886948,
LT00054,"""Preila""",55.376389,21.030848,5.0
LU0101A,LU0101A,49.597691,6.137590,
LU0102A,LU0102A,49.505039,5.976940,
LU0103A,LU0103A,49.943958,6.175910,
LU0104A,LU0104A,49.731812,5.847140,
LU0105A,LU0105A,49.722260,6.305330,
LU0108A,LU0108A,49.606861,6.128110,
LU0109A,Luxembourg Pl. Winston Churchill,49.611568,6.118470,303.0
LU0110A,Esch Gare,49.494160,5.984760,289.0
LU0111A,Bascharage,49.567101,5.910950,284.0
LU0112A,LU0112A,49.545631,6.367020,
LV0003A,LV0003A,56.935928,24.156507,
LV0007A,LV0007A,57.404633,21.591990,
LV0008A,LV0008A,56.510204,27.333368,
LV0010R,Rucava,56.162350,21.173330,18.0
LV0012A,LV0012A,56.523174,21.004694,
LV0016R,LV0016R,57.134853,25.905617,
LV0019A,LV0019A,56.950607,24.115871,
LV0024A,LV0024A,56.523174,21.004694,
LV0025A,LV0025A,56.510204,27.333368,
ME0001A,Pljevlja,43.355034,19.358101,777.0
ME0002A,ME0002A,42.440971,19.256617,
ME0008A,ME0008A,42.100349,19.103481,
ME0009A,Niksic2,42.781212,18.942911,629.0
MK0030A,Gazi Baba,42.003609,21.463619,250.0
MK0031A,Lisice,41.978329,21.469999,235.0
MK0034A,Kocani,41.913891,22.415850,349.0
MK0035A,Kicevo,41.514450,20.958620,620.0
MK0036A,Kumanovo,42.135559,21.714741,337.0
MK0037A,Bitola 1 UHMR,41.040001,21.356400,586.0
MK0038A,Bitola 2 Strezevo,41.030281,21.336670,600.0
MK0040A,Veles 2 Gradinka,41.705830,21.765289,191.0
MK0041A,Tetovo,41.997589,20.965179,84.0
MK0042A,Lazaropole,41.535831,20.698900,1333.0
MK0043A,Rektorat,41.999168,21.440840,270.0
MK0044A,Kavadarci,41.440559,22.007231,269.0
MK0045A,Miladinovci,41.987438,21.652500,268.0
MK0047A,Centar,41.992001,21.423000,246.0
MK0048A,Karpos,42.006001,21.386999,255.0
MT00004,Zejtun Station,35.852291,14.538986,56.0
MT00005,MT00005,35.895836,14.489986,
MT00007,Gharb Station,36.067070,14.197153,114.0
MT00008,Attard Station,35.890018,14.434464,86.0
NL00002,Amsterdam-Haarlemmerweg,52.385002,4.876120,1.0
NL00003,Amsterdam-Nieuwendammerdijk,52.388889,4.943897,4.0
NL00007,Amsterdam-Einsteinweg,52.381111,4.845011,2.0
NL00012,Amsterdam-Van Diemenstraat,52.390003,4.888058,3.0
NL00014,Amsterdam-Vondelpark,52.359715,4.866208,2.0
NL00016,Amsterdam-Westerpark,52.393059,4.870003,3.0
NL00017,Amsterdam-Stadhouderskade,52.358055,4.900000,5.0
NL00019,Amsterdam-Oude Schans,52.373055,4.905003,6.0
NL00020,Amsterdam-Jan van Galenstraat,52.375832,4.860842,1.0
NL00021,Amsterdam-Kantershof (Zuid Oost),52.321388,4.988894,
NL00022,Amsterdam-Sportpark Ookmeer (Osdorp),52.378887,4.793620,2.0
NL00107,NL00107,51.120277,6.043064,
NL00131,NL00131,51.541111,5.853614,
NL00133,Wijnandsrade-Opfergeltstraat,50.903057,5.882236,91.0
NL00136,NL00136,50.888058,5.971114,
NL00138,Heerlen-Jamboreepad,50.900318,5.986853,99.0
NL00230,NL00230,51.519444,5.148903,
NL00235,NL00235,51.435001,4.360286,
NL00236,Eindhoven-Genovevalaan,51.469723,5.472783,20.0
NL00237,NL00237,51.445278,5.428900,
NL00240,Breda-Tilburgseweg,51.593609,4.825008,8.0
NL00241,Breda-Bastenakenstraat,51.603333,4.780847,1.0
NL00246,Fijnaart-Zwingelspaansedijk,51.652779,4.513889,2.0
NL00247,Veldhoven-Europalaan,51.407501,5.393333,26.0
NL00301,NL00301,51.635555,3.916947,
NL00318,Philippine-Stelleweg,51.295277,3.749458,5.0
NL00404,NL00404,52.078056,4.289172,
NL00418,NL00418,51.915001,4.480289,
NL00433,NL00433,51.911388,4.326953,
NL00437,NL00437,51.787498,4.450841,
NL00442,Dordrecht-Bamendaweg,51.800659,4.708214,1.0
NL00444,De Zilk-Vogelaarsdreef,52.298058,4.510286,4.0
NL00445,Den Haag-Veerkade,52.075001,4.316125,
NL00446,Den Haag-Bleriotlaan,52.039722,4.360564,
NL00448,NL00448,51.926945,4.461678,
NL00484,Botlek-Oude Maasweg,51.888889,4.312500,5.0
NL00485,Hoogvliet-Leemkuil,51.866108,4.355278,3.0
NL00487,Rotterdam Zuid-Pleinweg,51.891113,4.481111,3.0
NL00488,Rotterdam Zuid-Zwartewaalstraat,51.893890,4.487500,2.0
NL00489,Ridderkerk-Hogeweg,51.868889,4.574722,2.0
NL00491,Rotterdam-Oost Sidelinge A13,51.938057,4.431111,-1.0
NL00493,Rotterdam Noord-Statenweg,51.926945,4.461667,2.0
NL00494,NL00494,51.921112,4.401389,
NL00495,Maassluis-Kwartellaan,51.931946,4.227778,4.0
NL00496,Hoek v. Holland-Berghaven,51.978058,4.121389,6.0
NL00538,NL00538,52.804722,5.050842,
NL00546,Zaanstad-Hemkade,52.420219,4.832064,4.0
NL00550,Haarlem-Schipholweg,52.370510,4.642319,2.0
NL00551,IJmuiden-Kanaaldijk,52.463013,4.601922,10.0
NL00553,Wijk aan Zee-Burgemeester Rothestraat,52.493889,4.603333,11.0
NL00556,De Rijp-Oostdijkje,52.563587,4.861700,3.0
NL00561,Badhoevedorp-Sloterweg,52.333561,4.773589,-2.0
NL00564,Hoofddorp-Hoofdweg,52.287430,4.766678,-4.0
NL00565,Oude Meer-Aalsmeerderdijk,52.327450,4.715072,2.0
NL00570,Beverwijk West-Creutzberglaan,52.486599,4.638642,6.0
NL00572,Velsen-Staalstraat,52.474400,4.628800,4.0
NL00573,Velsen-Reijndersweg,52.479279,4.584709,11.0
NL00617,NL00617,52.423210,5.593378,
NL00633,NL00633,52.138889,4.838336,
NL00636,NL00636,52.106110,5.125286,
NL00639,Utrecht-Constant Erzeijstraat,52.068890,5.121114,4.0
NL00641,NL00641,52.203056,4.988614,
NL00643,Utrecht-Griftpark,52.102222,5.128333,5.0
NL00644,Cabauw-Wielsekade,51.974640,4.923431,
NL00701,Zaandam-Wagenschotpad,52.450001,4.816667,2.0
NL00703,Amsterdam-Spaarnwoude,52.400002,4.730000,-1.0
NL00704,Amsterdam-Hoogtij,52.430000,4.770000,1.0
NL00722,Eibergen-Lintveldseweg,52.092499,6.605839,20.0
NL00738,NL00738,52.112499,5.708619,
NL00741,Nijmegen-Graafseweg,51.848888,5.858061,31.0
NL00742,NL00742,51.838890,5.858061,
NL00807,NL00807,52.389168,6.403614,
NL00818,NL00818,52.654999,6.018069,
NL00821,Enschede-Winkelhorst.,52.234501,6.919494,58.0
NL00918,NL00918,52.916916,5.573492,
NL00929,NL00929,52.876667,6.933333,
NL00934,Kollumerwaard-Hooge Zuidwal,53.331669,6.277508,1.0
NL00937,Groningen-Europaweg,53.218056,6.578900,5.0
NL00938,Groningen-Nijensteinheerd,53.246944,6.608897,
NO0002R,Birkenesobservatoriet,58.388458,8.251900,200.0
NO0011A,NO0011A,59.932331,10.724470,
NO0015R,Tustervatn,65.830887,13.906550,440.0
NO0039R,Kårvatn,62.782459,8.876580,210.0
NO0042R,Zeppelinfjellet,78.906693,11.888990,290.0
NO0043R,Prestebakke,58.996769,11.527690,180.0
NO0047R,NO0047R,69.455048,30.040751,
NO0052R,Sandve,59.197220,5.201480,30.0
NO0056R,Hurdal25,60.372879,11.074070,280.0
NO0057A,Alnabru,59.927731,10.846330,95.0
NO0059A,NO0059A,60.374081,5.340420,
NO0060A,Elgeseter,63.417450,10.396770,20.0
NO0061A,Lensmannsdalen,59.159271,9.635650,14.0
NO0062A,Haukenes,59.202400,9.487080,25.0
NO0063A,Stener Heyerdahl,58.148880,7.991830,12.0
NO0065A,NO0065A,58.961731,5.731470,
NO0067A,NO0067A,59.733250,10.211870,
NO0068A,NO0068A,63.432930,10.410670,
NO0070A,Grimmerhaugen,62.472172,6.156820,25.0
NO0071A,NO0071A,59.898689,10.814950,
NO0072A,Skøyen,59.919750,10.689730,5.0
NO0073A,Sofienbergparken,59.922951,10.765730,24.0
NO0074A,NO0074A,61.112881,10.464970,
NO0075A,Lillehammer barnehage,61.120869,10.465630,212.0
NO0076A,NO0076A,58.964149,5.727850,
NO0079A,Hansjordnesbukta,69.656250,18.963720,11.0
NO0081A,NO0081A,59.952400,10.487777,
NO0083A,Bygdøy Alle,59.918980,10.697070,17.0
NO0084A,St.Croix,59.210300,10.945400,5.0
NO0088A,NO0088A,59.914871,10.763000,
NO0089A,NO0089A,63.430382,10.393550,
NO0092A,NO0092A,58.147030,7.986620,
NO0093A,Hjortnes,59.911320,10.704070,8.0
NO0094A,NO0094A,69.656174,30.421471,
NO0095A,Smestad,59.932549,10.669840,60.0
NO0098A,Vollgata,59.278969,11.122280,52.0
NO0099A,NO0099A,59.906078,10.611950,
NO0100A,Holta,58.256020,8.359350,20.0
NO0101A,NO0101A,59.941029,10.798030,
NO0102A,E6-Tiller,63.357601,10.371900,153.0
NO0103A,"Minnesundvegen, Gjøvik",60.790890,10.696700,130.0
NO0104A,NO0104A,60.796459,11.097770,
NO0105A,NO0105A,59.210190,10.940097,
NO0106A,Sverresgate,59.138119,9.652120,15.0
NO0108A,"Rolland, Åsane",60.462666,5.332447,95.0
NO0109A,Loddefjord,60.361134,5.236860,7.0
NO0110A,Alvim,59.273777,11.089190,25.0
NO0111A,NO0111A,59.955479,11.073983,
NO0112A,NO0112A,59.433472,10.661762,
NO0113A,NO0113A,68.435394,17.424891,
NO0114A,Bekkestua,59.918098,10.583900,62.0
NO0115A,Furulund,59.057304,9.695568,35.0
NO0116A,Karl Eriksens plass,62.470623,6.153501,5.0
NO0118A,Knarrdalstranda,59.133541,9.621900,5.0
NO0119A,Leiret,60.883644,11.559300,187.0
NO0120A,Klosterhaugen,60.395927,5.312674,35.0
NO0121A,Rådal,60.294270,5.324619,35.0
NO0122A,E6 Alna senter,59.925560,10.850367,95.0
NO0123A,NO0123A,66.312057,14.149358,
NO0124A,Rambergan,69.654282,18.956360,34.0
NO0125A,Schancheholen,58.951878,5.721875,4.5
NO0126A,NO0126A,67.275497,14.419057,
NO0127A,NO0127A,68.792229,16.537424,
NO0128A,Nedre Langgate,59.263725,10.411165,100.0
NO0129A,Solheim,59.928612,10.953203,100.0
NO0130A,NO0130A,60.885929,10.937850,
NO0131A,NO0131A,59.123314,11.391136,
NO0132A,NO0132A,59.914104,10.822630,
PL0002R,"Jarczew, IMGW",51.814365,21.972376,177.0
PL0003R,PL0003R,50.736389,15.739722,
PL0004R,"Łeba, IMGW",54.754139,17.534529,2.0
PL0005R,PL0005R,54.124821,22.038055,
PL0008A,"Katowice, ul. Kossutha",50.264610,18.975027,273.0
PL0012A,PL0012A,50.057678,19.926189,
PL0014A,"Belsk Duży, IGF PAN",51.835121,20.791555,176.0
PL0028A,PL0028A,50.912476,15.312190,
PL0031A,PL0031A,52.225632,18.269035,
PL0039A,"Kraków, ul. Bulwarowa",50.069309,20.053492,195.0
PL0044A,PL0044A,52.280937,20.962156,
PL0045A,"Gdańsk, ul. Powstańców Warszawskich",54.353336,18.635283,25.0
PL0046A,PL0046A,54.367779,18.701111,
PL0047A,"Gdańsk, ul. Wyzwolenia",54.400833,18.657497,3.0
PL0048A,"Gdynia, ul. Porębskiego",54.560837,18.493332,78.0
PL0049A,PL0049A,54.328335,18.557781,
PL0050A,PL0050A,54.431667,18.579721,
PL0052A,"Gdańsk, ul. Leczkowa",54.380280,18.620274,7.0
PL0054A,PL0054A,50.972168,14.941319,
PL0064A,"Bydgoszcz, ul. Warszawska",53.134083,17.995708,49.0
PL0066A,PL0066A,52.888420,18.780909,
PL0068A,PL0068A,53.080647,18.684258,
PL0071A,"Toruń, ul. Dziewulskiego",53.028648,18.666103,64.0
PL0072A,PL0072A,53.017628,18.612808,
PL0077A,"Zielonka, Bory Tucholskie",53.662117,17.934017,121.0
PL0079A,PL0079A,52.029194,23.149389,
PL0091A,"Zamość, ul. Hrubieszowska",50.716629,23.290247,226.0
PL0094A,"Gajew, Ujęcie Wody",52.143250,19.233225,177.0
PL0096A,PL0096A,51.758049,19.529785,
PL0104A,PL0104A,51.667980,19.368683,
PL0105A,"Parzniewice, Ujęcie Wody",51.291176,19.517555,166.0
PL0115A,"Zgierz, ul. Mielczarskiego",51.856693,19.421230,189.0
PL0121A,Szymbark,49.633713,21.116833,327.0
PL0126A,PL0126A,49.293564,19.960083,
PL0128A,"Granica, KPN",52.285858,20.454653,72.0
PL0129A,"Legionowo, ul. Zegrzyńska",52.407578,20.955929,91.0
PL0134A,"Piastów, ul. Pułaskiego",52.191727,20.837488,99.0
PL0136A,"Płock, ul. Reja",52.550938,19.709791,101.0
PL0138A,"Radom, ul. Tochtermana",51.399082,21.147474,159.0
PL0140A,"Warszawa, al. Niepodległości",52.219299,21.004725,103.0
PL0141A,PL0141A,52.160770,21.033819,
PL0143A,PL0143A,52.290863,21.042458,
PL0144A,PL0144A,52.053810,20.429892,
PL0148A,PL0148A,53.126690,23.155869,
PL0150A,"Borsukowizna, Szkółka Leśna",53.215492,23.642153,180.0
PL0151A,"Łomża, ul. Sikorskiego",53.181393,22.054380,128.0
PL0171A,PL0171A,54.463612,17.046722,
PL0175A,"Olsztyn, ul. Puszkina",53.789234,20.486074,120.0
PL0182A,Widuchowa,53.122326,14.382222,2.0
PL0184A,"Częstochowa, ul. Baczyńskiego",50.836388,19.130112,265.0
PL0187A,PL0187A,50.732819,16.648050,
PL0190A,"Legnica, al. Rzeczypospolitej",51.204502,16.180513,122.0
PL0191A,PL0191A,50.579914,16.514421,
PL0192A,"Wałbrzych, ul. Wysockiego",50.768730,16.269676,424.0
PL0193A,"Wrocław, ul. Bartnicza",51.115932,17.141125,118.0
PL0194A,"Wrocław, wyb. Conrada-Korzeniowskiego",51.129379,17.029249,114.0
PL0197A,PL0197A,51.086224,17.012690,
PL0198A,PL0198A,51.150391,15.008175,
PL0205A,PL0205A,52.658466,19.059315,
PL0209A,Gorzów Wlkp. ul. Kosynierów Gdyńskich,52.738213,15.228667,22.0
PL0211A,Smolary Bytnickie,52.172222,15.206667,77.0
PL0212A,PL0212A,51.799721,16.317499,
PL0213A,Zielona Góra ul. Krótka,51.939781,15.518861,150.0
PL0218A,"Kędzierzyn-Koźle, ul. Śmiałego",50.349609,18.236574,181.0
PL0222A,PL0222A,50.423534,18.120739,
PL0234A,"Bielsko-Biała, ul. Kossak-Szczuckiej",49.813465,19.027317,365.0
PL0236A,PL0236A,49.738136,18.639069,
PL0237A,"Dąbrowa Górnicza, ul. Tysiąclecia",50.329109,19.231222,293.0
PL0238A,PL0238A,50.279331,18.655764,
PL0239A,"Rybnik, ul. Borki",50.111179,18.516138,245.0
PL0240A,"Tychy, ul. Tołstoja",50.099903,18.990236,252.0
PL0241A,"Wodzisław Śląski, ul. Gałczyńskiego",50.007629,18.455547,271.0
PL0242A,PL0242A,50.316502,18.772375,
PL0243A,"Złoty Potok, Leśniczówka",50.710888,19.458797,291.0
PL0244A,PL0244A,52.398174,16.959518,
PL0245A,PL0245A,52.420319,16.877289,
PL0247A,"Piaski, Krzyżówka",52.501389,17.773464,122.0
PL0248A,PL0248A,53.380974,14.663347,
PL0249A,"Szczecin, ul. Piłsudskiego",53.432171,14.553900,26.0
PL0251A,"Szczecin, ul. Łączna",53.470890,14.556250,94.0
PL0252A,PL0252A,53.121765,17.987906,
PL0273A,"Skawina, os. Ogrody",49.971046,19.830421,225.0
PL0276A,PL0276A,50.529892,22.112467,
PL0283A,PL0283A,50.872547,20.604998,
PL0294A,"Żywiec, ul. Kopernika",49.671600,19.234446,368.0
PL0295A,"Elbląg, ul. Bażyńskiego",54.167847,19.410942,15.0
PL0298A,PL0298A,54.193985,16.172544,
PL0308A,PL0308A,52.285072,20.933018,
PL0310A,PL0310A,54.525272,18.536383,
PL0312A,PL0312A,54.305908,22.307680,
PL0317A,PL0317A,50.942074,17.291332,
PL0321A,PL0321A,50.592323,16.819786,
PL0398A,"Płock, ul. Królowej Jadwigi",52.556278,19.687672,97.0
PL0443A,PL0443A,50.862251,21.053005,
PL0468A,"Pila, ul. Kusocińskiego",53.154408,16.759571,63.0
PL0488A,Wilczopole,51.163544,22.598608,202.0
PL0494A,"Opole, os. Armii Krajowej",50.676857,17.950277,173.0
PL0495A,"Rzeszów, ul. Rejtana",50.024242,22.010574,203.0
PL0496A,"Białystok, ul. Warszawska",53.129307,23.181744,145.0
PL0501A,"Kraków, ul. Bujaka",50.010574,19.949188,223.0
PL0502A,"Tarnów, ul. Bitwy pod Studziankami",50.020168,21.004168,228.0
PL0503A,"Kalisz, ul. Wyszyńskiego",51.749054,18.048389,140.0
PL0504A,PL0504A,50.433495,16.653660,
PL0505A,Osieczów,51.317631,15.431719,179.0
PL0507A,"Lublin, ul. Obywatelska",51.259430,22.569134,191.0
PL0509A,PL0509A,51.404408,19.696957,
PL0518A,PL0518A,49.744884,21.454617,
PL0520A,PL0520A,54.465759,18.464911,
PL0526A,PL0526A,50.817677,19.117426,
PL0529A,PL0529A,50.285957,19.184399,
PL0538A,PL0538A,52.172146,22.282001,
PL0539A,"Otwock, ul. Brzozowa",52.115726,21.237297,95.0
PL0543A,"Łódź, ul. Gdańska",51.775410,19.450899,206.0
PL0544A,"Radomsko, ul. Rolna",51.067440,19.448694,223.0
PL0550A,"Nowy Sącz, ul. Nadbrzeżna",49.619282,20.714403,305.0
PL0552A,"Trzebinia, os. Związku Walki Młodych",50.159405,19.477465,340.0
PL0553A,PL0553A,50.876984,18.416878,
PL0554A,"Jarosław, ul. Pruchnicka",50.012081,22.674772,216.0
PL0558A,PL0558A,54.120693,17.975861,
PL0559A,PL0559A,54.031246,19.032900,
PL0560A,PL0560A,54.546165,17.746195,
PL0561A,Liniewko Kościerskie,54.104111,18.182972,192.0
PL0563A,PL0563A,50.823109,20.533506,
PL0565A,"Połaniec, ul. Ruszczańska",50.429012,21.277367,188.0
PL0566A,"Starachowice, ul. Złota",51.050610,21.084175,264.0
PL0567A,PL0567A,50.246796,19.019468,
PL0568A,"Ustroń, ul. Sanatoryjna",49.719730,18.826721,411.0
PL0573A,PL0573A,52.276794,17.074114,
PL0574A,"Szczecinek, ul. Przemysłowa",53.698898,16.704573,141.0
PL0575A,PL0575A,52.437721,15.122444,
PL0580A,PL0580A,53.493549,18.762138,
PL0581A,PL0581A,52.793121,18.241043,
PL0582A,PL0582A,53.012260,18.606203,
PL0585A,"Jelenia Góra, ul. Ogińskiego",50.913433,15.765608,345.0
PL0591A,"Żary, ul. Szymanowskiego ",51.642654,15.127808,160.0
PL0594A,"Przemyśl, ul. Grunwaldzka",49.784340,22.756239,201.0
PL0618A,PL0618A,50.007500,20.259167,
PL0621A,"Dębica, ul.Grottgera",50.054787,21.416256,195.0
PL0622A,"Krempna, Ośrodek edukacyjno-muzealny MPN",49.511295,21.498606,371.0
PL0624A,"Pleszew, Al. Mickiewicza",51.884922,17.791105,117.0
PL0635A,"Łódź, al. Jana Pawła II",51.754612,19.434925,197.0
PL0640A,Kaszów,50.025028,19.726833,260.0
PL0641A,PL0641A,50.057446,19.946009,
PL0642A,"Kraków, os. Piastów",50.098507,20.018269,239.0
PL0643A,"Kraków, ul. Złoty Róg",50.081196,19.895357,218.0
PL0646A,"Sucha Beskidzka, ul. Nieszczyńskiej",49.743130,19.600340,333.0
PL0647A,"Tarnów, ul. Ks. Romana Sitko",50.018253,20.992579,216.0
PL0649A,Guty Duże,52.943172,21.288168,134.0
PL0657A,PL0657A,51.419048,21.961088,
PL0664A,"Włocławek, ul. Kaliska",52.637394,19.044485,60.0
PL0669A,PL0669A,50.019035,20.016823,
PL0670A,"Kraków, os. Wadów",50.100571,20.122561,218.0
PL0671A,PL0671A,49.483597,20.028992,
PL0673A,PL0673A,52.080624,21.111185,
PL0674A,"Opole, ul. Koszyka",50.666737,17.899137,153.0
PL0675A,PL0675A,53.859528,23.000750,
PL0677A,PL0677A,50.299129,21.440943,
PL0678A,"Rymanów Zdrój, ul. Parkowa",49.546539,21.851006,367.0
PL0681A,"Ełk, ul. Piłsudskiego",53.828457,22.348450,133.0
PL0682A,PL0682A,53.694630,19.968891,
PL0684A,PL0684A,50.029415,18.689528,
PL0686A,PL0686A,50.341866,16.889898,
PL0687A,PL0687A,51.118412,15.285835,
PL0688A,PL0688A,53.041946,18.595036,
PL0691A,"Florianka, RPN",50.551895,22.982861,270.0
PL0697A,PL0697A,51.189526,20.408892,
PL0698A,"Małogoszcz, ul. Słoneczna",50.809563,20.266100,285.0
PL0700A,"Koziegłowy, os.Leśne",52.449329,16.999683,93.0
PL0704A,"Kielce, ul. Targowa",50.878998,20.633692,269.0
PL0705A,"Bielsko-Biała, ul.Partyzantów",49.802074,19.048611,333.0
PL0706A,"Suwałki, ul. Pułaskiego 26",54.116055,22.938749,169.0
PL0707A,"Lubliniec, ul. ks. Szymały",50.675694,18.682064,259.0
PL0710A,PL0710A,51.284931,22.210241,
PL0712A,"Biała, ul. Kmicica",52.602535,19.645100,99.0
PL0713A,PL0713A,52.391727,16.998577,
PL0715A,PL0715A,53.446999,14.508000,
PL0716A,PL0716A,50.192101,23.361425,
PL0717A,"Warszawa, ul. Bajkowa",52.188473,21.176233,90.0
PL0718A,PL0718A,52.656864,18.987368,
PL0719A,PL0719A,50.320858,17.591909,
PL0728A,"Zabierzów, ul. Wapienna",50.116028,19.800638,238.0
PL0731A,PL0731A,51.121101,20.880630,
PL0733A,PL0733A,50.402645,16.393318,
PL0734A,PL0734A,51.049213,16.202316,
PL0735A,"Kraków, os. Swoszowice",49.991444,19.936792,236.0
PL0736A,"Rzeszów, ul. Piłsudskiego",50.040676,22.004656,202.0
PL0739A,"Warszawa, ul. Chrościckiego",52.207741,20.906073,110.0
PL0742A,"Goczałkowice Zdrój, ul. Parkowa",49.937851,18.975594,248.0
PL0743A,PL0743A,49.416977,20.956146,
PL0744A,"Chełm, ul. Połaniecka",51.122189,23.472870,192.0
PL0745A,"Nowa Ruda, ul. Jeziorna",50.581493,16.498245,383.0
PL0746A,"Zawiercie, ul. K.I.Gałczyńskiego",50.493046,19.439013,335.0
PL0747A,PL0747A,51.119011,15.275539,
PL0750A,PL0750A,54.328175,22.332172,
PL0751A,PL0751A,52.656841,17.949566,
PL0752A,PL0752A,51.808662,15.708193,
PL0753A,PL0753A,52.178764,21.560968,
PL0756A,"Koszalin, ul. Chopina",54.194118,16.211660,44.0
PL0759A,"Racibórz, Wojska Polskiego",50.091141,18.216261,193.0
PT01021,Custóias-Matosinhos,41.199722,-8.644722,100.0
PT01023,Ermesinde-Valongo,41.206669,-8.552778,140.0
PT01024,D.Manuel II-Vermoim,41.235558,-8.618611,90.0
PT01025,PT01025,41.232224,-8.713056,
PT01028,Francisco Sá Carneiro-Campanha,41.164444,-8.589444,146.0
PT01030,João Gomes Laranjo-S.Hora,41.186111,-8.663056,72.0
PT01031,VNTelha-Maia,41.252220,-8.660556,88.0
PT01034,Leça do Balio-Matosinhos,41.218056,-8.632222,40.0
PT01041,Fr Bartolomeu Mártires-S.Vitor,41.549721,-8.405833,175.0
PT01042,PT01042,41.569443,-8.456944,
PT01043,Pe Moreira Neves-Castelões de Cepeda,41.207500,-8.338056,184.0
PT01044,Paços de Ferreira,41.274166,-8.376111,300.0
PT01046,Cónego Dr. Manuel Faria-Azurém,41.449722,-8.296389,185.0
PT01047,Minho-Lima,41.802223,-8.693889,777.0
PT01048,PT01048,41.371387,-7.790833,
PT01050,Sobreiras-Lordelo do Ouro,41.147499,-8.658889,17.0
PT01051,Mindelo-Vila do Conde,41.308613,-8.720833,25.0
PT01052,Burgães-Santo Tirso,41.353889,-8.460833,47.0
PT01053,Avintes,41.096668,-8.555833,88.0
PT01054,Anta-Espinho,40.999443,-8.623333,
PT01055,Seara-Matosinhos,41.187778,-8.671944,
PT01100,Santa Combinha,41.571945,-6.887222,661.0
PT02004,Estarreja,40.758610,-8.567222,14.0
PT02006,Coimbra/ Avenida Fernão Magalhães,40.214722,-8.401667,20.0
PT02016,PT02016,40.206944,-8.410833,
PT02017,Aveiro,40.635555,-8.646667,16.0
PT02018,Ílhavo,40.589722,-8.670556,14.0
PT02019,Ervedeira,39.923889,-8.891667,68.0
PT02020,PT02020,40.233055,-7.301944,
PT02021,PT02021,40.641109,-8.100556,
PT02022,PT02022,40.182777,-8.676667,
PT03055,Lavradio,38.666668,-9.047778,31.0
PT03063,Paio Pires,38.619446,-9.081111,47.0
PT03070,Beato,38.894722,-9.117500,56.0
PT03071,Olivais,38.768890,-9.108056,32.0
PT03072,Entrecampos,38.748611,-9.148889,86.0
PT03075,Avenida da Liberdade,38.720280,-9.145833,44.0
PT03082,Alfragide/Amadora,38.738888,-9.207500,109.0
PT03083,Laranjeiro,38.663612,-9.157778,63.0
PT03084,Reboleira,38.754166,-9.230833,132.0
PT03085,Loures-Centro,38.829723,-9.164444,10.0
PT03087,PT03087,38.705002,-9.210278,
PT03089,Mem Martins,38.785000,-9.347222,173.0
PT03091,Quinta do Marquês,38.697498,-9.323333,48.0
PT03093,Arcos,38.529167,-8.894167,2.0
PT03094,Quebedo,38.524166,-8.894167,16.0
PT03095,Escavadeira,38.658611,-9.066944,30.0
PT03096,Chamusca,39.352501,-8.466111,143.0
PT03097,Odivelas-Ramada,38.802223,-9.182222,124.0
PT03099,Fernando Pó,38.635555,-8.690556,57.0
PT03100,Santa Cruz de Benfica,38.748055,-9.202500,76.0
PT03101,Alverca,38.896111,-9.040278,22.0
PT03102,Lourinhã,39.278332,-9.245556,143.0
PT03103,PT03103,38.650002,-9.048611,
PT03104,Cascais - Escola da Cidadela,38.701389,-9.429444,41.0
PT04001,Monte Chãos,37.954166,-8.838056,129.0
PT04002,Monte Velho,38.076942,-8.798611,53.0
PT04003,Sonega,37.871113,-8.723889,235.0
PT04004,Santiago do Cacém,38.020000,-8.697500,261.0
PT04006,Terena,38.615002,-7.397500,187.0
PT05007,Joaquim Magalhães,37.014999,-7.926667,4.0
PT05008,Malpique,37.091667,-8.249722,45.0
PT05011,David Neto,37.138332,-8.542222,6.0
PT05012,Cerro,37.312500,-7.678611,300.0
PT06004,São João,32.648888,-16.883057,
PT06005,São Gonçalo,32.649723,-16.918333,
PT06008,Santana,32.807777,-16.886389,
PT07001,Faial,38.605000,-28.631390,310.0
RO0008R,EM-3,47.324688,25.134838,912.0
RO0009R,EM-2 (Semenic),45.181137,22.055649,1420.0
RO0065A,B-1,44.447273,26.036694,91.0
RO0066A,B-2,44.417965,26.160786,71.0
RO0067A,B-3,44.444923,26.127289,81.0
RO0068A,B-4,44.383907,26.125017,80.0
RO0069A,B-5,44.419495,26.033642,87.0
RO0070A,B-6,44.435043,26.098297,79.0
RO0071A,B-7,44.349224,26.030827,80.0
RO0072A,B-8,44.649033,26.144474,93.0
RO0073A,CJ-1,46.778255,23.615620,336.0
RO0074A,CJ-2,46.775032,23.596619,336.0
RO0075A,CJ-3,46.765423,23.550259,346.0
RO0076A,CJ-4,46.782181,23.630594,323.0
RO0077A,CJ-5,47.145012,23.877388,234.0
RO0078A,DJ-1,44.318569,23.806238,118.0
RO0079A,DJ-2,44.319138,23.796707,120.0
RO0080A,DJ-3,44.326771,23.778688,83.0
RO0081A,RO0081A,44.386559,23.733658,
RO0082A,DJ-5,44.342220,23.719723,123.0
RO0083A,IS-1,47.156837,27.574909,40.0
RO0084A,IS-2,47.150951,27.581921,42.0
RO0085A,IS-3,47.157787,27.612686,64.0
RO0086A,IS-4,47.213306,27.611074,186.0
RO0087A,IS-5,47.135735,27.693089,37.0
RO0092A,AB-1,46.064274,23.563517,242.0
RO0093A,AB-2,45.966415,23.559895,249.0
RO0094A,AB-3,46.109642,23.226395,410.0
RO0095A,AR-1,46.181137,21.335020,107.0
RO0096A,AR-2,46.190464,21.302534,106.0
RO0097A,AR-3,46.166851,20.736601,83.0
RO0098A,AG-1,44.870136,24.854586,283.0
RO0099A,AG-2,44.858166,24.871523,280.0
RO0100A,AG-3,44.863422,25.007381,292.0
RO0101A,AG-4,44.978828,24.761259,321.0
RO0102A,AG-5,44.755657,24.975533,266.0
RO0103A,AG-6,45.285648,25.079657,688.0
RO0104A,BC-1,46.564369,26.910666,169.0
RO0105A,BC-2,46.555843,26.926941,158.0
RO0106A,BC-3,46.256615,26.792892,201.0
RO0107A,BH-1,47.068718,21.927233,128.0
RO0108A,BH-2,47.097603,21.901165,113.0
RO0109A,BH-3,47.032475,21.950495,136.0
RO0110A,BH-4,47.043793,22.331905,213.0
RO0111A,BN-1,47.127377,24.495495,357.0
RO0112A,BT-1,47.739922,26.658518,167.0
RO0113A,BR-1,45.283756,27.971102,21.0
RO0114A,BR-2,45.263142,27.969505,19.0
RO0115A,BR-3,45.270866,27.889210,13.0
RO0116A,BR-4,45.297325,27.949461,22.0
RO0117A,RO0117A,45.168476,27.922636,
RO0118A,BV-1,45.637665,25.630747,600.0
RO0119A,BV-2,45.649578,25.603649,570.0
RO0120A,BV-3,45.659405,25.615992,565.0
RO0121A,BV-4,45.718075,25.624195,518.0
RO0122A,BV-5,45.651596,25.625654,580.0
RO0123A,BZ-1,45.154076,26.818619,98.0
RO0124A,BZ-2,45.392124,27.044619,141.0
RO0125A,CL-1,44.204182,27.313671,18.0
RO0126A,CL-2,44.201763,27.327957,20.0
RO0127A,RO0127A,45.299339,21.872124,
RO0128A,CS-2,45.518578,22.352699,261.0
RO0129A,CS-3,44.723312,21.633480,80.0
RO0130A,CS-4,45.363125,22.243187,226.0
RO0131A,CT-1,44.177990,28.636213,45.0
RO0132A,CT-2,44.176483,28.649679,36.0
RO0133A,CT-3,44.312263,28.622940,8.0
RO0134A,CT-4,43.815125,28.582640,16.0
RO0135A,CT-5,44.149376,28.623816,39.0
RO0136A,CT-6,44.319637,28.610292,20.0
RO0137A,CT-7,44.245663,28.271692,19.0
RO0138A,CV-1,45.875092,25.804417,526.0
RO0139A,RO0139A,44.915188,25.466551,
RO0140A,DB-2,45.131359,25.421791,463.0
RO0141A,GL-1,45.420410,28.018595,51.0
RO0142A,GL-2,45.431538,28.054741,33.0
RO0143A,GL-3,45.474155,28.034407,68.0
RO0144A,GL-4,45.411865,28.005966,45.0
RO0145A,RO0145A,45.818260,27.439590,
RO0150A,RO0150A,45.050194,23.273977,
RO0151A,GJ-2,44.897182,23.170872,154.0
RO0152A,GJ-3,44.680626,23.373579,124.0
RO0153A,HR-1,46.326721,25.811255,697.0
RO0154A,HD-1,45.871407,22.908596,191.0
RO0155A,HD-2,45.895931,22.898672,183.0
RO0157A,RO0157A,45.734741,22.991711,
RO0158A,HD-5,45.372795,23.277958,617.0
RO0159A,IL-1,44.564972,27.366079,24.0
RO0160A,IL-2,44.723042,26.651464,56.0
RO0161A,MM-1,47.652115,23.554882,211.0
RO0162A,MM-2,47.651726,23.570509,223.0
RO0163A,MM-3,47.751476,23.605326,387.0
RO0164A,RO0164A,47.670654,23.614231,
RO0165A,RO0165A,47.704437,23.628366,
RO0166A,MH-1,44.626633,22.661980,53.0
RO0167A,MS-1,46.541046,24.559643,329.0
RO0168A,MS-2,46.533569,24.534321,303.0
RO0169A,RO0169A,46.477505,24.101402,
RO0170A,MS-4,46.333824,24.307730,283.0
RO0171A,NT-1,46.934128,26.389250,357.0
RO0172A,NT-2,46.948803,26.918030,208.0
RO0173A,NT-3,46.898682,26.034134,491.0
RO0174A,OT-1,44.429489,24.351389,160.0
RO0175A,PH-1,44.937988,25.995096,167.0
RO0176A,PH-2,44.939240,26.025833,158.0
RO0177A,PH-3,44.983749,26.015215,183.0
RO0178A,PH-4,44.849480,26.023500,126.0
RO0179A,PH-5,44.922035,26.033989,145.0
RO0180A,PH-6,44.938126,26.044994,144.0
RO0181A,RO0181A,47.195145,23.047049,
RO0182A,SM-1,47.797531,22.876169,125.0
RO0183A,SM-2,47.689728,22.458502,129.0
RO0184A,SB-1,45.785046,24.153505,432.0
RO0185A,RO0185A,45.797222,24.182943,
RO0186A,SB-3,46.112774,24.228050,286.0
RO0187A,SB-4,46.158703,24.338514,291.0
RO0188A,SV-1,47.649258,26.249010,375.0
RO0189A,SV-2,47.668827,26.281404,289.0
RO0190A,SV-3,47.953186,26.068075,316.0
RO0191A,TR-1,43.980373,25.312475,49.0
RO0192A,RO0192A,43.758007,24.901752,
RO0193A,TM-1,45.727871,21.204838,88.0
RO0194A,TM-2,45.754730,21.234884,92.0
RO0195A,TM-3,45.913429,21.151781,117.0
RO0196A,TM-4,45.736694,21.250807,86.0
RO0197A,TM-5,45.777637,21.220522,89.0
RO0198A,TM-6,45.257931,21.267099,86.0
RO0199A,RO0199A,45.694546,21.893084,
RO0200A,TL-1,45.179539,28.786894,7.0
RO0201A,TL-2,45.175236,28.774393,35.0
RO0202A,TL-3,45.271038,28.424456,4.0
RO0203A,VL-1,45.082729,24.369789,226.0
RO0204A,VL-2,45.038830,24.298632,219.0
RO0205A,VS-1,46.632141,27.730886,110.0
RO0206A,VN-1,45.696735,27.211620,45.0
RO0207A,GR-1,43.911465,25.972071,24.0
RO0208A,GR-2,43.895550,25.956575,22.0
RO0209A,GR-3,43.875458,25.931675,24.0
RO0210A,GR-4,43.963417,26.036932,20.0
RO0211A,IS-6,47.215637,27.768726,34.0
RO0213A,CL-3,44.196808,27.391342,22.0
RO0214A,DJ-6,43.997128,22.953606,58.0
RO0215A,TR-3,43.745575,24.869982,37.0
RO0216A,TR-4,43.712124,24.859886,25.0
RO0217A,TR-5,43.650723,25.363583,35.0
RS0005R,Kamenicki vis,43.404011,21.947746,804.0
RS0009A,Bor-Gradski park,44.075787,22.099508,377.0
RS0028A,Belgrade-Mostar,44.798744,20.450184,83.0
RS0030A,Nis-IZJZ,43.316551,21.913548,200.0
RS0031A,RS0031A,45.238644,19.835705,
RS0032A,Belgrade-Stari grad,44.821121,20.459112,103.0
RS0033A,Nis-Osnovna skola Sveti Sava,43.322556,21.919025,198.0
RS0034A,Kikinda,45.821484,20.454008,78.0
RS0035A,Pancevo-Sodara,44.862976,20.644291,80.0
RS0036A,RS0036A,44.803181,20.400152,
RS0037A,Belgrade-Vracar,44.796959,20.475288,141.0
RS0038A,Kostolac,44.717491,21.173399,75.0
RS0039A,Smederevo-Carina,44.652336,20.931675,147.0
RS0041A,Valjevo,44.273048,19.899006,181.0
RS0042A,Bor-Institut,44.059937,22.101435,389.0
RS0043A,Kragujevac,44.011574,20.925032,175.0
RS0044A,Zajecar,43.902073,22.273254,133.0
RS0045A,Cacak-Institut,43.893162,20.345512,242.0
RS0046A,Krusevac,43.585468,21.307667,152.0
RS0048A,Vranje,42.551125,21.896557,473.0
SE0001A,Malmö Rådhuset,55.606388,13.001964,25.0
SE0003A,Stockholm Hornsgatan 108 Gata,59.317249,18.048889,24.0
SE0004A,SE0004A,57.709019,11.970241,
SE0005R,Bredkälen,63.845497,15.319730,380.0
SE0013R,Esrange,67.878586,21.062962,524.0
SE0014R,Råö,57.393612,11.914180,2.0
SE0021A,SE0021A,57.700935,11.994604,
SE0022A,Stockholm Torkel Knutssongatan,59.316006,18.057808,58.0
SE0027A,Stockholm Sveavägen 59 Gata,59.340828,18.058254,8.0
SE0032R,Norra Kvill,57.810799,15.564600,263.0
SE0035R,Vindeln,64.244225,19.767239,271.0
SE0039R,Grimsö,59.728149,15.471994,132.0
SE0053A,Helsingborg Norr,56.047272,12.691271,25.0
SE0054A,Lund Spyken,55.700832,13.200842,60.0
SE0058A,Malmö Dalaplan,55.584747,13.006230,11.0
SE0059A,Umeå Västra Esplanaden,63.828857,20.258492,15.0
SE0066A,Norr Malma,59.832382,18.631313,24.0
SE0067A,Göteborg Haga,57.697857,11.960547,9.0
SE0071A,Sollentuna E4 Häggvik,59.443535,17.922358,34.0
SE0072A,Södertälje Turingegatan 26,59.198116,17.621084,28.0
SE0081A,SE0081A,58.588963,16.177916,
SE0085A,SE0085A,56.047199,12.691472,
SE0087A,Stockholm E4/E20 Lilla Essingen,59.325527,18.004391,16.0
SE0091A,SE0091A,64.750504,20.960501,
SE0092A,SE0092A,58.410965,15.630535,
SE0093A,Halmstad Viktoriagatan,56.672012,12.863328,6.0
SE0094A,SE0094A,55.584366,13.006024,
SE0095A,Sundsvall Köpmangatan,62.388561,17.308889,7.0
SE0096A,SE0096A,55.594090,13.007998,
SE0100A,Luleå Sandviksgatan,65.580612,22.140417,4.1
SE0101A,SE0101A,65.583183,22.143827,
SE0102A,Falun Östra Falan,60.608299,15.629400,130.0
SE0103A,SE0103A,58.591686,16.198027,
SE0104A,SE0104A,59.860111,17.635658,
SE0106A,SE0106A,63.291374,18.716063,
SE0107A,Asa,57.164501,14.782500,185.0
SE0108A,Djursholm Vasaskolan,59.399357,18.077415,11.0
SE0109A,Rödeby,56.263901,15.621000,60.0
SE0110A,Staffanstorp,55.648701,13.223500,17.0
SE0111A,Ytterby,57.863400,11.921600,13.0
SE0112A,Östad,57.952499,12.403000,67.0
SE0113A,Borås Kungsgatan,57.720791,12.944741,143.0
SE0114A,SE0114A,59.201340,17.634752,
SE0116A,Hallahus,56.042427,13.148551,187.0
SE07111,SE07111,56.672901,12.857600,
SE09346,SE09346,57.658028,12.015075,
SE09569,Sundsvall Bergsgatan,62.386463,17.303234,20.0
SE18638,SE18638,59.317223,18.048660,
SE18639,SE18639,59.317089,18.049046,
SE18640,SE18640,59.340828,18.058254,
SE18641,SE18641,59.341076,18.058495,
SE20484,Landskrona Storgatan 24,55.868500,12.828300,6.6
SE30310,Helsingborg M1 Södra Stenbocksgatan,56.043064,12.709379,24.8
SE30312,SE30312,58.595974,16.192314,
SE32082,SE32082,56.878632,14.786143,
SE32288,SE32288,56.164009,15.588941,
SE32426,SE32426,57.658028,12.015075,
SE34399,SE34399,59.410175,17.957651,
SE36244,SE36244,59.237061,17.838331,
SE36245,SE36245,60.671551,17.147120,
SE37479,Sollentuna Ekmans Väg 11,59.488998,17.919924,39.0
SE38350,Lund Trollebergsvägen,55.703335,13.180275,40.0
SI0001A,Celje,46.234482,15.262440,240.0
SI0002A,SI0002A,46.558842,15.651240,
SI0003A,SI0003A,46.065498,14.512700,
SI0008R,SI0008R,45.561069,14.858060,
SI0032R,Krvavec,46.297722,14.533580,1740.0
SI0033A,SI0033A,46.651482,16.191750,
SI0034A,SI0034A,45.955509,13.652400,
SI0036A,Zagorje,46.131069,14.996080,241.0
SI0037A,SI0037A,46.143871,15.083260,
SI0038A,SI0038A,45.542969,13.713540,
SI0053A,Otlica,45.937618,13.911570,918.0
SI0054A,SI0054A,46.138741,15.035200,
SI0059A,Maribor Vrbanski plato,46.568722,15.627231,280.0
SK0001A,"""Bratislava - Mamateyova""",48.125019,17.125610,138.0
SK0002A,SK0002A,48.158428,17.128677,
SK0002R,"""Chopok - EMEP/O3""",48.942223,19.592232,2008.0
SK0004A,SK0004A,48.144733,17.113619,
SK0004R,"""Stara Lesna - AU SAV EMEP/O3""",49.152779,20.291117,808.0
SK0006R,"""Starina - Vodna nadr. EMEP/O3""",49.042221,22.259731,345.0
SK0007R,"""Topolniky - Aszod/EMEP""",47.959999,17.860563,113.0
SK0008A,"""Ruzomberok - Riadok""",49.079166,19.302525,475.0
SK0013A,"""Bystricany - Rozvodna SSE""",48.666946,18.530848,261.0
SK0016A,SK0016A,48.755001,21.246122,
SK0018A,SK0018A,48.592220,21.175285,
SK0020A,SK0020A,49.211945,18.771114,
SK0021A,"""Senica - Hviezdoslavova""",48.680557,17.363344,212.0
SK0022A,SK0022A,48.583611,19.951685,
SK0025A,SK0025A,48.631111,20.240284,
SK0027A,"""Handlova - Morovianska cesta""",48.733055,18.756395,448.0
SK0030A,SK0030A,48.874165,21.837503,
SK0031A,"""Vranov nad Toplou - M. R. Stefanika""",48.886391,21.687502,133.0
SK0037A,SK0037A,48.930836,21.913622,
SK0039A,SK0039A,49.066944,18.921947,
SK0041A,SK0041A,49.066666,20.250000,
SK0042A,SK0042A,48.783333,20.992231,
SK0045A,SK0045A,48.371109,17.585018,
SK0047A,"""Trencin - Hasicska""",48.896389,18.041393,214.0
SK0048A,"""Bratislava - Jeseniova""",48.166668,17.116667,287.0
SK0050A,"""Prievidza - Malonecpalska""",48.782654,18.628080,276.0
SK0134A,SK0134A,48.283051,18.141121,
SK0214A,"""Banska Bystrica - Stefanikovo nabrezie""",48.735001,19.154999,346.0
SK0262A,"""Zvolen - Janka Alexyho""",48.558056,19.156668,321.0
SK0263A,"""Banska Bystrica - Zelena""",48.733334,19.115278,425.0
SK0264A,"""Kosice - Amurska""",48.691113,21.286388,201.0
SK0265A,"""Krompachy - SNP""",48.915657,20.873901,372.0
SK0266A,"""Presov - arm.gen. L. Svobodu""",48.993332,21.267500,252.0
SK0267A,"""Kosice - Stefanikova""",48.726269,21.258837,209.0
SK0268A,"""Ziar nad Hronom - Jilemnickeho""",48.599560,18.842461,296.0
SK0269A,"""Nitra - Sturova""",48.309456,18.076832,143.0
SK0406A,"""Kolonicke sedlo""",48.935001,22.273609,431.0
SK0407A,SK0407A,48.436668,17.019722,
T010113,T010113,37.186401,35.261951,
T010213,T010213,36.854530,35.349140,
T010341,T010341,37.004108,35.344040,
T010441,T010441,36.999168,35.312431,
T020141,T020141,37.760571,38.278309,
T030141,T030141,38.751831,30.542910,
T040141,T040141,39.721371,43.039650,
T040241,T040241,39.547600,44.083595,
T040341,T040341,39.236576,42.853008,
T050141,T050141,40.667549,35.835541,
T050241,T050241,40.874329,35.457470,
T050341,T050341,40.836830,35.651829,
T050431,T050431,40.657219,35.837959,
T060141,T060141,39.918320,32.822899,
T060313,T060313,40.290749,33.017262,
T060441,T060441,39.967731,32.795658,
T060641,T060641,39.925381,32.926762,
T060831,T060831,39.927269,32.859409,
T060941,T060941,39.972031,32.585159,
T070141,T070141,36.887562,30.702841,
T080141,T080141,41.175282,41.818291,
T080213,T080213,41.466797,41.490730,
T090141,T090141,37.854389,27.818010,
T100141,T100141,39.633881,27.895849,
T100241,T100241,40.347950,27.974960,
T100313,T100313,40.489719,27.978609,
T100411,T100411,39.599621,27.003962,
T100531,T100531,39.648674,27.890472,
T110141,T110141,40.141102,29.977760,
T110241,T110241,39.903950,30.052950,
T120141,T120141,38.883881,40.503639,
T130141,T130141,38.411930,42.112259,
T140441,T140441,40.726223,31.604889,
T150141,T150141,37.723019,30.294451,
T160141,T160141,40.234428,29.038059,
T160231,T160231,40.185650,29.080490,
T160341,T160341,40.080891,29.500240,
T160421,T160421,40.195419,29.205400,
T160512,T160512,40.195721,29.045879,
T160613,T160613,40.223370,28.871540,
T170141,T170141,40.136940,26.405830,
T170221,T170221,40.029251,27.049801,
T170313,T170313,40.403069,26.770630,
T170541,T170541,40.215069,27.242718,
T180141,T180141,40.599720,33.616940,
T190141,T190141,40.554169,34.963089,
T190231,T190231,40.546551,34.967289,
T190321,T190321,40.531429,34.944302,
T200141,T200141,37.766392,29.097059,
T200241,T200241,37.781559,29.087191,
T210141,T210141,37.915298,40.224972,
T220141,T220141,41.659210,26.585030,
T220213,T220213,41.659142,26.537319,
T220341,T220341,40.851212,26.635290,
T230141,T230141,38.674591,39.211658,
T240141,T240141,39.743038,39.495022,
T240231,T240231,39.746445,39.497066,
T250141,T250141,39.898159,41.272652,
T250241,T250241,39.918365,41.270340,
T250311,T250311,39.867691,41.275272,
T250413,T250413,40.033451,41.572121,
T250531,T250531,39.908333,41.273228,
T260441,T260441,39.757767,30.563957,
T270141,T270141,37.058590,37.350868,
T280141,T280141,40.907211,38.361969,
T280241,T280241,40.914440,38.398560,
T290141,T290141,40.460831,39.480862,
T300141,T300141,37.574390,43.738731,
T310141,T310141,36.207890,36.152390,
T310222,T310222,36.714142,36.223911,
T320141,T320141,37.776958,30.547100,
T330141,T330141,36.806099,34.635010,
T340141,T340141,41.095520,28.789860,
T340241,T340241,41.020279,28.669550,
T340341,T340341,41.092331,28.974779,
T340411,T340411,41.074600,29.058990,
T340531,T340531,41.065960,28.994459,
T340611,T340611,41.073181,28.255541,
T340741,T340741,40.984470,29.268810,
T340841,T340841,41.101971,28.872021,
T340913,T340913,41.170460,29.563360,
T341031,T341031,41.002449,28.838659,
T341131,T341131,41.024422,29.099730,
T341231,T341231,41.027050,29.024891,
T341431,T341431,41.014721,28.954720,
T341541,T341541,41.057671,28.945681,
T341641,T341641,41.053879,29.010000,
T341713,T341713,40.857868,29.120991,
T341841,T341841,41.038330,28.888050,
T341931,T341931,40.994308,29.069450,
T342041,T342041,40.991940,29.033609,
T342141,T342141,41.087730,28.982771,
T342213,T342213,41.063061,29.064449,
T342341,T342341,40.889999,29.207500,
T342441,T342441,41.128880,29.049721,
T342541,T342541,41.013611,29.162220,
T342641,T342641,41.015270,29.025000,
T342741,T342741,40.998878,28.826660,
T350141,T350141,38.314449,27.137300,
T350213,T350213,38.203442,26.832850,
T350341,T350341,38.432220,27.144440,
T350441,T350441,38.462219,27.166660,
T350541,T350541,38.469158,27.221380,
T350641,T350641,38.498051,27.067770,
T350741,T350741,38.395828,27.082769,
T350841,T350841,38.454170,27.109730,
T350941,T350941,38.382500,27.148331,
T360141,T360141,40.605042,43.104481,
T360231,T360231,40.600960,43.096821,
T370141,T370141,41.367401,33.764992,
T380131,T380131,38.723549,35.469608,
T380241,T380241,38.724892,35.515610,
T380321,T380321,38.740269,35.375271,
T390141,T390141,41.724461,27.214500,
T390213,T390213,41.563450,27.777500,
T390313,T390313,41.885151,28.055990,
T390441,T390441,41.398411,27.345881,
T400141,T400141,39.148411,34.159248,
T410141,T410141,40.765820,29.951250,
T410221,T410221,40.788719,29.537180,
T410521,T410521,40.788132,29.524630,
T410641,T410641,40.771011,30.007700,
T410741,T410741,40.725971,29.794630,
T410831,T410831,40.768108,29.938120,
T410913,T410913,41.130749,30.006580,
T411021,T411021,40.746040,29.788799,
T411122,T411122,40.704170,29.884480,
T420141,T420141,37.860088,32.475262,
T420241,T420241,37.944721,32.508049,
T420341,T420341,37.868191,32.516312,
T420441,T420441,37.915901,32.500160,
T430341,T430341,39.428043,29.969711,
T440141,T440141,38.350040,38.341881,
T450141,T450141,38.615349,27.404779,
T450241,T450241,39.181412,27.612909,
T460141,T460141,37.584919,36.898491,
T460241,T460241,38.203838,37.198341,
T470141,T470141,37.320889,40.724098,
T480141,T480141,37.215832,28.357220,
T490141,T490141,38.748589,41.509480,
T500141,T500141,38.616020,34.702492,
T510141,T510141,37.966660,34.683338,
T520141,T520141,40.983398,37.878429,
T520241,T520241,41.027130,37.500050,
T520341,T520341,40.973751,37.907520,
T520441,T520441,41.121441,37.280270,
T530141,T530141,41.021709,40.532841,
T530213,T530213,41.127373,41.047585,
T540141,T540141,40.766842,30.393850,
T540231,T540231,40.769299,30.409901,
T540331,T540331,40.790722,30.396919,
T540422,T540422,40.754971,30.650229,
T550141,T550141,41.277950,36.338112,
T550241,T550241,41.325378,36.296589,
T550341,T550341,41.562450,35.907410,
T550441,T550441,41.263210,36.352360,
T550521,T550521,41.223511,36.455078,
T550631,T550631,41.287460,36.329239,
T560141,T560141,37.931931,41.935059,
T570141,T570141,42.029560,35.154919,
T570241,T570241,41.461208,34.777012,
T570313,T570313,42.073761,34.995640,
T580141,T580141,39.748718,37.025650,
T580231,T580231,39.747292,37.013149,
T580341,T580341,39.743771,37.001781,
T590141,T590141,40.976452,27.512730,
T590231,T590231,40.977268,27.503241,
T590341,T590341,41.318352,27.980181,
T590441,T590441,41.156044,27.811142,
T590522,T590522,41.180698,27.815413,
T600141,T600141,40.326351,36.555191,
T600241,T600241,40.671780,36.561630,
T600331,T600331,40.318661,36.552101,
T600441,T600441,40.385601,36.082790,
T610141,T610141,41.005981,39.712318,
T610241,T610241,41.004581,39.731670,
T610341,T610341,41.014339,39.592319,
T610431,T610431,40.994499,39.667885,
T610541,T610541,40.999172,39.693092,
T610613,T610613,40.617348,40.298058,
T620141,T620141,39.101109,39.546661,
T630141,T630141,37.160439,38.786968,
T650141,T650141,38.507278,43.370602,
T660141,T660141,39.818859,34.805721,
T670941,T670941,41.452221,31.787186,
T680141,T680141,38.368050,34.013329,
T690141,T690141,40.259548,40.226509,
T700141,T700141,37.116379,33.132500,
T710141,T710141,39.843128,33.518169,
T720141,T720141,37.900612,41.128941,
T730141,T730141,37.519989,42.459969,
T740141,T740141,41.630531,32.335091,
T750141,T750141,41.110809,42.701050,
T760141,T760141,39.926109,44.053612,
T760213,T760213,39.786839,44.620979,
T770141,T770141,40.653332,29.260000,
T770212,T770212,40.700581,29.507851,
T770313,T770313,40.529350,28.784590,
T780141,T780141,41.196659,32.622768,
T790141,T790141,36.715248,37.127090,
T800141,T800141,37.073311,36.241268,
T810141,T810141,40.845551,31.148050,
XK0001A,AQMS Prishtine - IHMK,42.385586,21.081350,573.0
XK0002A,AQMS Prishtine Rilindje,42.393471,21.092636,583.0
XK0003A,Drenas-Municipality,42.625568,20.896210,580.0
XK0004A,Mitrovice,42.891666,20.868889,500.0
XK0005A,AQMS Peje,42.659443,20.284445,500.0
XK0006A,AQMS Prizren,42.215801,20.741501,410.0
XK0008A,AQMS Hani i Elezit,42.153961,21.290112,399.0
XK0009A,AQMS Gjilan,42.461143,21.467199,510.0
